ISO-10303-21;
HEADER;
FILE_DESCRIPTION(('Open CASCADE Model'),'2;1');
FILE_NAME('Open CASCADE Shape Model','2026-09-13T11:40:41',('Author'),(
    'Open CASCADE'),'Open CASCADE STEP processor 7.8','Open CASCADE 7.8'
  ,'Unknown');
FILE_SCHEMA(('AUTOMOTIVE_DESIGN { 1 0 10303 214 1 1 1 1 }'));
ENDSEC;
DATA;
#1 = APPLICATION_PROTOCOL_DEFINITION('international standard',
  'automotive_design',2000,#2);
#2 = APPLICATION_CONTEXT(
  'core data for automotive mechanical design processes');
#3 = SHAPE_DEFINITION_REPRESENTATION(#4,#10);
#4 = PRODUCT_DEFINITION_SHAPE('','',#5);
#5 = PRODUCT_DEFINITION('design','',#6,#9);
#6 = PRODUCT_DEFINITION_FORMATION('','',#7);
#7 = PRODUCT('Open CASCADE STEP translator 7.8 1',
  'Open CASCADE STEP translator 7.8 1','',(#8));
#8 = PRODUCT_CONTEXT('',#2,'mechanical');
#9 = PRODUCT_DEFINITION_CONTEXT('part definition',#2,'design');
#10 = ADVANCED_BREP_SHAPE_REPRESENTATION('',(#11,#15),#17745);
#11 = AXIS2_PLACEMENT_3D('',#12,#13,#14);
#12 = CARTESIAN_POINT('',(0.,0.,0.));
#13 = DIRECTION('',(0.,0.,1.));
#14 = DIRECTION('',(1.,0.,-0.));
#15 = MANIFOLD_SOLID_BREP('',#16);
#16 = CLOSED_SHELL('',(#17,#137,#395,#449,#499,#5882,#5909,#5936,#5963,
    #5990,#5997,#6056,#6115,#6191,#6240,#6289,#6338,#6387,#6436,#6485,
    #6534,#6583,#6632,#6681,#6730,#6779,#6828,#6877,#6926,#6975,#7024,
    #7073,#7122,#7171,#7198,#7274,#7323,#7372,#7421,#7470,#7519,#7568,
    #7595,#7671,#7720,#7769,#7818,#7867,#7916,#7965,#8014,#8063,#8112,
    #8161,#8210,#8259,#8308,#8357,#8406,#8455,#8504,#8553,#8602,#8651,
    #8678,#8754,#8803,#8852,#8879,#8955,#9004,#9053,#9102,#9151,#9200,
    #9249,#9298,#9347,#9396,#9423,#9499,#9548,#9597,#9646,#9695,#9744,
    #9793,#9820,#9896,#9945,#9994,#10043,#10092,#10141,#10190,#10239,
    #10288,#10337,#10386,#10435,#10484,#10533,#10582,#10609,#10685,
    #10734,#10783,#10832,#10881,#10930,#10979,#11028,#11077,#11126,
    #11175,#11202,#11278,#11327,#11376,#11425,#11474,#11523,#11572,
    #11621,#11670,#11697,#11773,#11822,#11871,#11920,#11969,#12018,
    #12067,#12116,#12165,#12214,#12263,#12312,#12361,#12410,#12459,
    #12508,#12557,#12606,#12655,#12704,#12753,#12780,#12856,#12905,
    #12954,#12981,#13057,#13106,#13155,#13204,#13253,#13302,#13351,
    #13400,#13449,#13498,#13547,#13596,#13645,#13694,#13743,#13792,
    #13841,#13890,#13939,#13988,#14015,#14091,#14140,#14189,#14238,
    #14287,#14336,#14385,#14412,#14483,#14532,#14581,#14630,#14679,
    #14706,#14777,#14826,#14875,#14924,#14973,#15000,#15012,#15024,
    #15049,#15302,#15327,#15334,#15348,#15601,#15826,#15841,#15854,
    #15879,#15886,#15910,#16163,#16239,#16288,#16337,#16386,#16435,
    #16484,#16533,#16560,#16636,#16685,#16734,#16783,#16832,#16881,
    #16930,#16957,#17033,#17082,#17131,#17180,#17229,#17278,#17305,
    #17381,#17430,#17479,#17528,#17577,#17626,#17675,#17702,#17713,
    #17724,#17734));
#17 = ADVANCED_FACE('',(#18),#32,.F.);
#18 = FACE_BOUND('',#19,.F.);
#19 = EDGE_LOOP('',(#20,#55,#83,#111));
#20 = ORIENTED_EDGE('',*,*,#21,.F.);
#21 = EDGE_CURVE('',#22,#24,#26,.T.);
#22 = VERTEX_POINT('',#23);
#23 = CARTESIAN_POINT('',(-11.,-6.,0.));
#24 = VERTEX_POINT('',#25);
#25 = CARTESIAN_POINT('',(11.,-6.,0.));
#26 = SURFACE_CURVE('',#27,(#31,#43),.PCURVE_S1.);
#27 = LINE('',#28,#29);
#28 = CARTESIAN_POINT('',(-12.,-6.,0.));
#29 = VECTOR('',#30,1.);
#30 = DIRECTION('',(1.,0.,0.));
#31 = PCURVE('',#32,#37);
#32 = PLANE('',#33);
#33 = AXIS2_PLACEMENT_3D('',#34,#35,#36);
#34 = CARTESIAN_POINT('',(-12.,-6.,0.));
#35 = DIRECTION('',(0.,1.,0.));
#36 = DIRECTION('',(1.,0.,0.));
#37 = DEFINITIONAL_REPRESENTATION('',(#38),#42);
#38 = LINE('',#39,#40);
#39 = CARTESIAN_POINT('',(0.,0.));
#40 = VECTOR('',#41,1.);
#41 = DIRECTION('',(1.,0.));
#42 = ( GEOMETRIC_REPRESENTATION_CONTEXT(2) 
PARAMETRIC_REPRESENTATION_CONTEXT() REPRESENTATION_CONTEXT('2D SPACE',''
  ) );
#43 = PCURVE('',#44,#49);
#44 = PLANE('',#45);
#45 = AXIS2_PLACEMENT_3D('',#46,#47,#48);
#46 = CARTESIAN_POINT('',(0.,0.,0.));
#47 = DIRECTION('',(0.,0.,1.));
#48 = DIRECTION('',(1.,0.,-0.));
#49 = DEFINITIONAL_REPRESENTATION('',(#50),#54);
#50 = LINE('',#51,#52);
#51 = CARTESIAN_POINT('',(-12.,-6.));
#52 = VECTOR('',#53,1.);
#53 = DIRECTION('',(1.,0.));
#54 = ( GEOMETRIC_REPRESENTATION_CONTEXT(2) 
PARAMETRIC_REPRESENTATION_CONTEXT() REPRESENTATION_CONTEXT('2D SPACE',''
  ) );
#55 = ORIENTED_EDGE('',*,*,#56,.T.);
#56 = EDGE_CURVE('',#22,#57,#59,.T.);
#57 = VERTEX_POINT('',#58);
#58 = CARTESIAN_POINT('',(-11.,-6.,3.));
#59 = SURFACE_CURVE('',#60,(#64,#71),.PCURVE_S1.);
#60 = LINE('',#61,#62);
#61 = CARTESIAN_POINT('',(-11.,-6.,0.));
#62 = VECTOR('',#63,1.);
#63 = DIRECTION('',(0.,0.,1.));
#64 = PCURVE('',#32,#65);
#65 = DEFINITIONAL_REPRESENTATION('',(#66),#70);
#66 = LINE('',#67,#68);
#67 = CARTESIAN_POINT('',(1.,0.));
#68 = VECTOR('',#69,1.);
#69 = DIRECTION('',(0.,-1.));
#70 = ( GEOMETRIC_REPRESENTATION_CONTEXT(2) 
PARAMETRIC_REPRESENTATION_CONTEXT() REPRESENTATION_CONTEXT('2D SPACE',''
  ) );
#71 = PCURVE('',#72,#77);
#72 = CYLINDRICAL_SURFACE('',#73,1.);
#73 = AXIS2_PLACEMENT_3D('',#74,#75,#76);
#74 = CARTESIAN_POINT('',(-11.,-5.,0.));
#75 = DIRECTION('',(0.,0.,1.));
#76 = DIRECTION('',(0.,-1.,0.));
#77 = DEFINITIONAL_REPRESENTATION('',(#78),#82);
#78 = LINE('',#79,#80);
#79 = CARTESIAN_POINT('',(-0.,0.));
#80 = VECTOR('',#81,1.);
#81 = DIRECTION('',(-0.,1.));
#82 = ( GEOMETRIC_REPRESENTATION_CONTEXT(2) 
PARAMETRIC_REPRESENTATION_CONTEXT() REPRESENTATION_CONTEXT('2D SPACE',''
  ) );
#83 = ORIENTED_EDGE('',*,*,#84,.T.);
#84 = EDGE_CURVE('',#57,#85,#87,.T.);
#85 = VERTEX_POINT('',#86);
#86 = CARTESIAN_POINT('',(11.,-6.,3.));
#87 = SURFACE_CURVE('',#88,(#92,#99),.PCURVE_S1.);
#88 = LINE('',#89,#90);
#89 = CARTESIAN_POINT('',(-12.,-6.,3.));
#90 = VECTOR('',#91,1.);
#91 = DIRECTION('',(1.,0.,0.));
#92 = PCURVE('',#32,#93);
#93 = DEFINITIONAL_REPRESENTATION('',(#94),#98);
#94 = LINE('',#95,#96);
#95 = CARTESIAN_POINT('',(0.,-3.));
#96 = VECTOR('',#97,1.);
#97 = DIRECTION('',(1.,0.));
#98 = ( GEOMETRIC_REPRESENTATION_CONTEXT(2) 
PARAMETRIC_REPRESENTATION_CONTEXT() REPRESENTATION_CONTEXT('2D SPACE',''
  ) );
#99 = PCURVE('',#100,#105);
#100 = PLANE('',#101);
#101 = AXIS2_PLACEMENT_3D('',#102,#103,#104);
#102 = CARTESIAN_POINT('',(0.,0.,3.));
#103 = DIRECTION('',(0.,0.,1.));
#104 = DIRECTION('',(1.,0.,-0.));
#105 = DEFINITIONAL_REPRESENTATION('',(#106),#110);
#106 = LINE('',#107,#108);
#107 = CARTESIAN_POINT('',(-12.,-6.));
#108 = VECTOR('',#109,1.);
#109 = DIRECTION('',(1.,0.));
#110 = ( GEOMETRIC_REPRESENTATION_CONTEXT(2) 
PARAMETRIC_REPRESENTATION_CONTEXT() REPRESENTATION_CONTEXT('2D SPACE',''
  ) );
#111 = ORIENTED_EDGE('',*,*,#112,.F.);
#112 = EDGE_CURVE('',#24,#85,#113,.T.);
#113 = SURFACE_CURVE('',#114,(#118,#125),.PCURVE_S1.);
#114 = LINE('',#115,#116);
#115 = CARTESIAN_POINT('',(11.,-6.,0.));
#116 = VECTOR('',#117,1.);
#117 = DIRECTION('',(0.,0.,1.));
#118 = PCURVE('',#32,#119);
#119 = DEFINITIONAL_REPRESENTATION('',(#120),#124);
#120 = LINE('',#121,#122);
#121 = CARTESIAN_POINT('',(23.,0.));
#122 = VECTOR('',#123,1.);
#123 = DIRECTION('',(0.,-1.));
#124 = ( GEOMETRIC_REPRESENTATION_CONTEXT(2) 
PARAMETRIC_REPRESENTATION_CONTEXT() REPRESENTATION_CONTEXT('2D SPACE',''
  ) );
#125 = PCURVE('',#126,#131);
#126 = CYLINDRICAL_SURFACE('',#127,1.);
#127 = AXIS2_PLACEMENT_3D('',#128,#129,#130);
#128 = CARTESIAN_POINT('',(11.,-5.,0.));
#129 = DIRECTION('',(0.,0.,1.));
#130 = DIRECTION('',(0.,-1.,0.));
#131 = DEFINITIONAL_REPRESENTATION('',(#132),#136);
#132 = LINE('',#133,#134);
#133 = CARTESIAN_POINT('',(0.,0.));
#134 = VECTOR('',#135,1.);
#135 = DIRECTION('',(0.,1.));
#136 = ( GEOMETRIC_REPRESENTATION_CONTEXT(2) 
PARAMETRIC_REPRESENTATION_CONTEXT() REPRESENTATION_CONTEXT('2D SPACE',''
  ) );
#137 = ADVANCED_FACE('',(#138,#333,#364),#44,.F.);
#138 = FACE_BOUND('',#139,.F.);
#139 = EDGE_LOOP('',(#140,#141,#165,#193,#222,#250,#279,#307));
#140 = ORIENTED_EDGE('',*,*,#21,.T.);
#141 = ORIENTED_EDGE('',*,*,#142,.T.);
#142 = EDGE_CURVE('',#24,#143,#145,.T.);
#143 = VERTEX_POINT('',#144);
#144 = CARTESIAN_POINT('',(12.,-5.,0.));
#145 = SURFACE_CURVE('',#146,(#151,#158),.PCURVE_S1.);
#146 = CIRCLE('',#147,1.);
#147 = AXIS2_PLACEMENT_3D('',#148,#149,#150);
#148 = CARTESIAN_POINT('',(11.,-5.,0.));
#149 = DIRECTION('',(0.,0.,1.));
#150 = DIRECTION('',(0.,-1.,0.));
#151 = PCURVE('',#44,#152);
#152 = DEFINITIONAL_REPRESENTATION('',(#153),#157);
#153 = CIRCLE('',#154,1.);
#154 = AXIS2_PLACEMENT_2D('',#155,#156);
#155 = CARTESIAN_POINT('',(11.,-5.));
#156 = DIRECTION('',(0.,-1.));
#157 = ( GEOMETRIC_REPRESENTATION_CONTEXT(2) 
PARAMETRIC_REPRESENTATION_CONTEXT() REPRESENTATION_CONTEXT('2D SPACE',''
  ) );
#158 = PCURVE('',#126,#159);
#159 = DEFINITIONAL_REPRESENTATION('',(#160),#164);
#160 = LINE('',#161,#162);
#161 = CARTESIAN_POINT('',(0.,0.));
#162 = VECTOR('',#163,1.);
#163 = DIRECTION('',(1.,0.));
#164 = ( GEOMETRIC_REPRESENTATION_CONTEXT(2) 
PARAMETRIC_REPRESENTATION_CONTEXT() REPRESENTATION_CONTEXT('2D SPACE',''
  ) );
#165 = ORIENTED_EDGE('',*,*,#166,.T.);
#166 = EDGE_CURVE('',#143,#167,#169,.T.);
#167 = VERTEX_POINT('',#168);
#168 = CARTESIAN_POINT('',(12.,5.,0.));
#169 = SURFACE_CURVE('',#170,(#174,#181),.PCURVE_S1.);
#170 = LINE('',#171,#172);
#171 = CARTESIAN_POINT('',(12.,-6.,0.));
#172 = VECTOR('',#173,1.);
#173 = DIRECTION('',(0.,1.,0.));
#174 = PCURVE('',#44,#175);
#175 = DEFINITIONAL_REPRESENTATION('',(#176),#180);
#176 = LINE('',#177,#178);
#177 = CARTESIAN_POINT('',(12.,-6.));
#178 = VECTOR('',#179,1.);
#179 = DIRECTION('',(0.,1.));
#180 = ( GEOMETRIC_REPRESENTATION_CONTEXT(2) 
PARAMETRIC_REPRESENTATION_CONTEXT() REPRESENTATION_CONTEXT('2D SPACE',''
  ) );
#181 = PCURVE('',#182,#187);
#182 = PLANE('',#183);
#183 = AXIS2_PLACEMENT_3D('',#184,#185,#186);
#184 = CARTESIAN_POINT('',(12.,-6.,0.));
#185 = DIRECTION('',(-1.,0.,0.));
#186 = DIRECTION('',(0.,1.,0.));
#187 = DEFINITIONAL_REPRESENTATION('',(#188),#192);
#188 = LINE('',#189,#190);
#189 = CARTESIAN_POINT('',(0.,0.));
#190 = VECTOR('',#191,1.);
#191 = DIRECTION('',(1.,0.));
#192 = ( GEOMETRIC_REPRESENTATION_CONTEXT(2) 
PARAMETRIC_REPRESENTATION_CONTEXT() REPRESENTATION_CONTEXT('2D SPACE',''
  ) );
#193 = ORIENTED_EDGE('',*,*,#194,.T.);
#194 = EDGE_CURVE('',#167,#195,#197,.T.);
#195 = VERTEX_POINT('',#196);
#196 = CARTESIAN_POINT('',(11.,6.,0.));
#197 = SURFACE_CURVE('',#198,(#203,#210),.PCURVE_S1.);
#198 = CIRCLE('',#199,1.);
#199 = AXIS2_PLACEMENT_3D('',#200,#201,#202);
#200 = CARTESIAN_POINT('',(11.,5.,0.));
#201 = DIRECTION('',(0.,0.,1.));
#202 = DIRECTION('',(0.,-1.,0.));
#203 = PCURVE('',#44,#204);
#204 = DEFINITIONAL_REPRESENTATION('',(#205),#209);
#205 = CIRCLE('',#206,1.);
#206 = AXIS2_PLACEMENT_2D('',#207,#208);
#207 = CARTESIAN_POINT('',(11.,5.));
#208 = DIRECTION('',(0.,-1.));
#209 = ( GEOMETRIC_REPRESENTATION_CONTEXT(2) 
PARAMETRIC_REPRESENTATION_CONTEXT() REPRESENTATION_CONTEXT('2D SPACE',''
  ) );
#210 = PCURVE('',#211,#216);
#211 = CYLINDRICAL_SURFACE('',#212,1.);
#212 = AXIS2_PLACEMENT_3D('',#213,#214,#215);
#213 = CARTESIAN_POINT('',(11.,5.,0.));
#214 = DIRECTION('',(0.,0.,1.));
#215 = DIRECTION('',(1.,0.,-0.));
#216 = DEFINITIONAL_REPRESENTATION('',(#217),#221);
#217 = LINE('',#218,#219);
#218 = CARTESIAN_POINT('',(-1.570796326795,0.));
#219 = VECTOR('',#220,1.);
#220 = DIRECTION('',(1.,0.));
#221 = ( GEOMETRIC_REPRESENTATION_CONTEXT(2) 
PARAMETRIC_REPRESENTATION_CONTEXT() REPRESENTATION_CONTEXT('2D SPACE',''
  ) );
#222 = ORIENTED_EDGE('',*,*,#223,.T.);
#223 = EDGE_CURVE('',#195,#224,#226,.T.);
#224 = VERTEX_POINT('',#225);
#225 = CARTESIAN_POINT('',(-11.,6.,0.));
#226 = SURFACE_CURVE('',#227,(#231,#238),.PCURVE_S1.);
#227 = LINE('',#228,#229);
#228 = CARTESIAN_POINT('',(12.,6.,0.));
#229 = VECTOR('',#230,1.);
#230 = DIRECTION('',(-1.,0.,0.));
#231 = PCURVE('',#44,#232);
#232 = DEFINITIONAL_REPRESENTATION('',(#233),#237);
#233 = LINE('',#234,#235);
#234 = CARTESIAN_POINT('',(12.,6.));
#235 = VECTOR('',#236,1.);
#236 = DIRECTION('',(-1.,0.));
#237 = ( GEOMETRIC_REPRESENTATION_CONTEXT(2) 
PARAMETRIC_REPRESENTATION_CONTEXT() REPRESENTATION_CONTEXT('2D SPACE',''
  ) );
#238 = PCURVE('',#239,#244);
#239 = PLANE('',#240);
#240 = AXIS2_PLACEMENT_3D('',#241,#242,#243);
#241 = CARTESIAN_POINT('',(12.,6.,0.));
#242 = DIRECTION('',(0.,-1.,0.));
#243 = DIRECTION('',(-1.,0.,0.));
#244 = DEFINITIONAL_REPRESENTATION('',(#245),#249);
#245 = LINE('',#246,#247);
#246 = CARTESIAN_POINT('',(0.,-0.));
#247 = VECTOR('',#248,1.);
#248 = DIRECTION('',(1.,0.));
#249 = ( GEOMETRIC_REPRESENTATION_CONTEXT(2) 
PARAMETRIC_REPRESENTATION_CONTEXT() REPRESENTATION_CONTEXT('2D SPACE',''
  ) );
#250 = ORIENTED_EDGE('',*,*,#251,.T.);
#251 = EDGE_CURVE('',#224,#252,#254,.T.);
#252 = VERTEX_POINT('',#253);
#253 = CARTESIAN_POINT('',(-12.,5.,0.));
#254 = SURFACE_CURVE('',#255,(#260,#267),.PCURVE_S1.);
#255 = CIRCLE('',#256,1.);
#256 = AXIS2_PLACEMENT_3D('',#257,#258,#259);
#257 = CARTESIAN_POINT('',(-11.,5.,0.));
#258 = DIRECTION('',(0.,0.,1.));
#259 = DIRECTION('',(0.,-1.,0.));
#260 = PCURVE('',#44,#261);
#261 = DEFINITIONAL_REPRESENTATION('',(#262),#266);
#262 = CIRCLE('',#263,1.);
#263 = AXIS2_PLACEMENT_2D('',#264,#265);
#264 = CARTESIAN_POINT('',(-11.,5.));
#265 = DIRECTION('',(0.,-1.));
#266 = ( GEOMETRIC_REPRESENTATION_CONTEXT(2) 
PARAMETRIC_REPRESENTATION_CONTEXT() REPRESENTATION_CONTEXT('2D SPACE',''
  ) );
#267 = PCURVE('',#268,#273);
#268 = CYLINDRICAL_SURFACE('',#269,1.);
#269 = AXIS2_PLACEMENT_3D('',#270,#271,#272);
#270 = CARTESIAN_POINT('',(-11.,5.,0.));
#271 = DIRECTION('',(0.,0.,1.));
#272 = DIRECTION('',(-0.,1.,0.));
#273 = DEFINITIONAL_REPRESENTATION('',(#274),#278);
#274 = LINE('',#275,#276);
#275 = CARTESIAN_POINT('',(-3.14159265359,0.));
#276 = VECTOR('',#277,1.);
#277 = DIRECTION('',(1.,0.));
#278 = ( GEOMETRIC_REPRESENTATION_CONTEXT(2) 
PARAMETRIC_REPRESENTATION_CONTEXT() REPRESENTATION_CONTEXT('2D SPACE',''
  ) );
#279 = ORIENTED_EDGE('',*,*,#280,.T.);
#280 = EDGE_CURVE('',#252,#281,#283,.T.);
#281 = VERTEX_POINT('',#282);
#282 = CARTESIAN_POINT('',(-12.,-5.,0.));
#283 = SURFACE_CURVE('',#284,(#288,#295),.PCURVE_S1.);
#284 = LINE('',#285,#286);
#285 = CARTESIAN_POINT('',(-12.,6.,0.));
#286 = VECTOR('',#287,1.);
#287 = DIRECTION('',(0.,-1.,0.));
#288 = PCURVE('',#44,#289);
#289 = DEFINITIONAL_REPRESENTATION('',(#290),#294);
#290 = LINE('',#291,#292);
#291 = CARTESIAN_POINT('',(-12.,6.));
#292 = VECTOR('',#293,1.);
#293 = DIRECTION('',(0.,-1.));
#294 = ( GEOMETRIC_REPRESENTATION_CONTEXT(2) 
PARAMETRIC_REPRESENTATION_CONTEXT() REPRESENTATION_CONTEXT('2D SPACE',''
  ) );
#295 = PCURVE('',#296,#301);
#296 = PLANE('',#297);
#297 = AXIS2_PLACEMENT_3D('',#298,#299,#300);
#298 = CARTESIAN_POINT('',(-12.,6.,0.));
#299 = DIRECTION('',(1.,0.,-0.));
#300 = DIRECTION('',(0.,-1.,0.));
#301 = DEFINITIONAL_REPRESENTATION('',(#302),#306);
#302 = LINE('',#303,#304);
#303 = CARTESIAN_POINT('',(0.,0.));
#304 = VECTOR('',#305,1.);
#305 = DIRECTION('',(1.,0.));
#306 = ( GEOMETRIC_REPRESENTATION_CONTEXT(2) 
PARAMETRIC_REPRESENTATION_CONTEXT() REPRESENTATION_CONTEXT('2D SPACE',''
  ) );
#307 = ORIENTED_EDGE('',*,*,#308,.F.);
#308 = EDGE_CURVE('',#22,#281,#309,.T.);
#309 = SURFACE_CURVE('',#310,(#315,#326),.PCURVE_S1.);
#310 = CIRCLE('',#311,1.);
#311 = AXIS2_PLACEMENT_3D('',#312,#313,#314);
#312 = CARTESIAN_POINT('',(-11.,-5.,0.));
#313 = DIRECTION('',(-0.,-0.,-1.));
#314 = DIRECTION('',(0.,-1.,0.));
#315 = PCURVE('',#44,#316);
#316 = DEFINITIONAL_REPRESENTATION('',(#317),#325);
#317 = ( BOUNDED_CURVE() B_SPLINE_CURVE(2,(#318,#319,#320,#321,#322,#323
,#324),.UNSPECIFIED.,.T.,.F.) B_SPLINE_CURVE_WITH_KNOTS((1,2,2,2,2,1),(
    -2.094395102393,0.,2.094395102393,4.188790204786,6.28318530718,
8.377580409573),.UNSPECIFIED.) CURVE() GEOMETRIC_REPRESENTATION_ITEM() 
RATIONAL_B_SPLINE_CURVE((1.,0.5,1.,0.5,1.,0.5,1.)) REPRESENTATION_ITEM(
  '') );
#318 = CARTESIAN_POINT('',(-11.,-6.));
#319 = CARTESIAN_POINT('',(-12.73205080756,-6.));
#320 = CARTESIAN_POINT('',(-11.86602540378,-4.5));
#321 = CARTESIAN_POINT('',(-11.,-3.));
#322 = CARTESIAN_POINT('',(-10.13397459621,-4.5));
#323 = CARTESIAN_POINT('',(-9.267949192431,-6.));
#324 = CARTESIAN_POINT('',(-11.,-6.));
#325 = ( GEOMETRIC_REPRESENTATION_CONTEXT(2) 
PARAMETRIC_REPRESENTATION_CONTEXT() REPRESENTATION_CONTEXT('2D SPACE',''
  ) );
#326 = PCURVE('',#72,#327);
#327 = DEFINITIONAL_REPRESENTATION('',(#328),#332);
#328 = LINE('',#329,#330);
#329 = CARTESIAN_POINT('',(-0.,0.));
#330 = VECTOR('',#331,1.);
#331 = DIRECTION('',(-1.,0.));
#332 = ( GEOMETRIC_REPRESENTATION_CONTEXT(2) 
PARAMETRIC_REPRESENTATION_CONTEXT() REPRESENTATION_CONTEXT('2D SPACE',''
  ) );
#333 = FACE_BOUND('',#334,.F.);
#334 = EDGE_LOOP('',(#335));
#335 = ORIENTED_EDGE('',*,*,#336,.F.);
#336 = EDGE_CURVE('',#337,#337,#339,.T.);
#337 = VERTEX_POINT('',#338);
#338 = CARTESIAN_POINT('',(-4.5,0.,0.));
#339 = SURFACE_CURVE('',#340,(#345,#352),.PCURVE_S1.);
#340 = CIRCLE('',#341,1.5);
#341 = AXIS2_PLACEMENT_3D('',#342,#343,#344);
#342 = CARTESIAN_POINT('',(-6.,0.,0.));
#343 = DIRECTION('',(0.,0.,1.));
#344 = DIRECTION('',(1.,0.,0.));
#345 = PCURVE('',#44,#346);
#346 = DEFINITIONAL_REPRESENTATION('',(#347),#351);
#347 = CIRCLE('',#348,1.5);
#348 = AXIS2_PLACEMENT_2D('',#349,#350);
#349 = CARTESIAN_POINT('',(-6.,0.));
#350 = DIRECTION('',(1.,0.));
#351 = ( GEOMETRIC_REPRESENTATION_CONTEXT(2) 
PARAMETRIC_REPRESENTATION_CONTEXT() REPRESENTATION_CONTEXT('2D SPACE',''
  ) );
#352 = PCURVE('',#353,#358);
#353 = CYLINDRICAL_SURFACE('',#354,1.5);
#354 = AXIS2_PLACEMENT_3D('',#355,#356,#357);
#355 = CARTESIAN_POINT('',(-6.,0.,0.));
#356 = DIRECTION('',(-0.,-0.,-1.));
#357 = DIRECTION('',(1.,0.,0.));
#358 = DEFINITIONAL_REPRESENTATION('',(#359),#363);
#359 = LINE('',#360,#361);
#360 = CARTESIAN_POINT('',(-0.,0.));
#361 = VECTOR('',#362,1.);
#362 = DIRECTION('',(-1.,0.));
#363 = ( GEOMETRIC_REPRESENTATION_CONTEXT(2) 
PARAMETRIC_REPRESENTATION_CONTEXT() REPRESENTATION_CONTEXT('2D SPACE',''
  ) );
#364 = FACE_BOUND('',#365,.F.);
#365 = EDGE_LOOP('',(#366));
#366 = ORIENTED_EDGE('',*,*,#367,.F.);
#367 = EDGE_CURVE('',#368,#368,#370,.T.);
#368 = VERTEX_POINT('',#369);
#369 = CARTESIAN_POINT('',(7.5,0.,0.));
#370 = SURFACE_CURVE('',#371,(#376,#383),.PCURVE_S1.);
#371 = CIRCLE('',#372,1.5);
#372 = AXIS2_PLACEMENT_3D('',#373,#374,#375);
#373 = CARTESIAN_POINT('',(6.,0.,0.));
#374 = DIRECTION('',(0.,0.,1.));
#375 = DIRECTION('',(1.,0.,0.));
#376 = PCURVE('',#44,#377);
#377 = DEFINITIONAL_REPRESENTATION('',(#378),#382);
#378 = CIRCLE('',#379,1.5);
#379 = AXIS2_PLACEMENT_2D('',#380,#381);
#380 = CARTESIAN_POINT('',(6.,0.));
#381 = DIRECTION('',(1.,0.));
#382 = ( GEOMETRIC_REPRESENTATION_CONTEXT(2) 
PARAMETRIC_REPRESENTATION_CONTEXT() REPRESENTATION_CONTEXT('2D SPACE',''
  ) );
#383 = PCURVE('',#384,#389);
#384 = CYLINDRICAL_SURFACE('',#385,1.5);
#385 = AXIS2_PLACEMENT_3D('',#386,#387,#388);
#386 = CARTESIAN_POINT('',(6.,0.,0.));
#387 = DIRECTION('',(-0.,-0.,-1.));
#388 = DIRECTION('',(1.,0.,0.));
#389 = DEFINITIONAL_REPRESENTATION('',(#390),#394);
#390 = LINE('',#391,#392);
#391 = CARTESIAN_POINT('',(-0.,0.));
#392 = VECTOR('',#393,1.);
#393 = DIRECTION('',(-1.,0.));
#394 = ( GEOMETRIC_REPRESENTATION_CONTEXT(2) 
PARAMETRIC_REPRESENTATION_CONTEXT() REPRESENTATION_CONTEXT('2D SPACE',''
  ) );
#395 = ADVANCED_FACE('',(#396),#72,.T.);
#396 = FACE_BOUND('',#397,.F.);
#397 = EDGE_LOOP('',(#398,#399,#422,#448));
#398 = ORIENTED_EDGE('',*,*,#308,.T.);
#399 = ORIENTED_EDGE('',*,*,#400,.T.);
#400 = EDGE_CURVE('',#281,#401,#403,.T.);
#401 = VERTEX_POINT('',#402);
#402 = CARTESIAN_POINT('',(-12.,-5.,3.));
#403 = SURFACE_CURVE('',#404,(#408,#415),.PCURVE_S1.);
#404 = LINE('',#405,#406);
#405 = CARTESIAN_POINT('',(-12.,-5.,0.));
#406 = VECTOR('',#407,1.);
#407 = DIRECTION('',(0.,0.,1.));
#408 = PCURVE('',#72,#409);
#409 = DEFINITIONAL_REPRESENTATION('',(#410),#414);
#410 = LINE('',#411,#412);
#411 = CARTESIAN_POINT('',(-1.570796326795,0.));
#412 = VECTOR('',#413,1.);
#413 = DIRECTION('',(-0.,1.));
#414 = ( GEOMETRIC_REPRESENTATION_CONTEXT(2) 
PARAMETRIC_REPRESENTATION_CONTEXT() REPRESENTATION_CONTEXT('2D SPACE',''
  ) );
#415 = PCURVE('',#296,#416);
#416 = DEFINITIONAL_REPRESENTATION('',(#417),#421);
#417 = LINE('',#418,#419);
#418 = CARTESIAN_POINT('',(11.,0.));
#419 = VECTOR('',#420,1.);
#420 = DIRECTION('',(0.,-1.));
#421 = ( GEOMETRIC_REPRESENTATION_CONTEXT(2) 
PARAMETRIC_REPRESENTATION_CONTEXT() REPRESENTATION_CONTEXT('2D SPACE',''
  ) );
#422 = ORIENTED_EDGE('',*,*,#423,.F.);
#423 = EDGE_CURVE('',#57,#401,#424,.T.);
#424 = SURFACE_CURVE('',#425,(#430,#437),.PCURVE_S1.);
#425 = CIRCLE('',#426,1.);
#426 = AXIS2_PLACEMENT_3D('',#427,#428,#429);
#427 = CARTESIAN_POINT('',(-11.,-5.,3.));
#428 = DIRECTION('',(-0.,-0.,-1.));
#429 = DIRECTION('',(0.,-1.,0.));
#430 = PCURVE('',#72,#431);
#431 = DEFINITIONAL_REPRESENTATION('',(#432),#436);
#432 = LINE('',#433,#434);
#433 = CARTESIAN_POINT('',(-0.,3.));
#434 = VECTOR('',#435,1.);
#435 = DIRECTION('',(-1.,0.));
#436 = ( GEOMETRIC_REPRESENTATION_CONTEXT(2) 
PARAMETRIC_REPRESENTATION_CONTEXT() REPRESENTATION_CONTEXT('2D SPACE',''
  ) );
#437 = PCURVE('',#100,#438);
#438 = DEFINITIONAL_REPRESENTATION('',(#439),#447);
#439 = ( BOUNDED_CURVE() B_SPLINE_CURVE(2,(#440,#441,#442,#443,#444,#445
,#446),.UNSPECIFIED.,.T.,.F.) B_SPLINE_CURVE_WITH_KNOTS((1,2,2,2,2,1),(
    -2.094395102393,0.,2.094395102393,4.188790204786,6.28318530718,
8.377580409573),.UNSPECIFIED.) CURVE() GEOMETRIC_REPRESENTATION_ITEM() 
RATIONAL_B_SPLINE_CURVE((1.,0.5,1.,0.5,1.,0.5,1.)) REPRESENTATION_ITEM(
  '') );
#440 = CARTESIAN_POINT('',(-11.,-6.));
#441 = CARTESIAN_POINT('',(-12.73205080756,-6.));
#442 = CARTESIAN_POINT('',(-11.86602540378,-4.5));
#443 = CARTESIAN_POINT('',(-11.,-3.));
#444 = CARTESIAN_POINT('',(-10.13397459621,-4.5));
#445 = CARTESIAN_POINT('',(-9.267949192431,-6.));
#446 = CARTESIAN_POINT('',(-11.,-6.));
#447 = ( GEOMETRIC_REPRESENTATION_CONTEXT(2) 
PARAMETRIC_REPRESENTATION_CONTEXT() REPRESENTATION_CONTEXT('2D SPACE',''
  ) );
#448 = ORIENTED_EDGE('',*,*,#56,.F.);
#449 = ADVANCED_FACE('',(#450),#126,.T.);
#450 = FACE_BOUND('',#451,.T.);
#451 = EDGE_LOOP('',(#452,#453,#476,#498));
#452 = ORIENTED_EDGE('',*,*,#142,.T.);
#453 = ORIENTED_EDGE('',*,*,#454,.T.);
#454 = EDGE_CURVE('',#143,#455,#457,.T.);
#455 = VERTEX_POINT('',#456);
#456 = CARTESIAN_POINT('',(12.,-5.,3.));
#457 = SURFACE_CURVE('',#458,(#462,#469),.PCURVE_S1.);
#458 = LINE('',#459,#460);
#459 = CARTESIAN_POINT('',(12.,-5.,0.));
#460 = VECTOR('',#461,1.);
#461 = DIRECTION('',(0.,0.,1.));
#462 = PCURVE('',#126,#463);
#463 = DEFINITIONAL_REPRESENTATION('',(#464),#468);
#464 = LINE('',#465,#466);
#465 = CARTESIAN_POINT('',(1.570796326795,0.));
#466 = VECTOR('',#467,1.);
#467 = DIRECTION('',(0.,1.));
#468 = ( GEOMETRIC_REPRESENTATION_CONTEXT(2) 
PARAMETRIC_REPRESENTATION_CONTEXT() REPRESENTATION_CONTEXT('2D SPACE',''
  ) );
#469 = PCURVE('',#182,#470);
#470 = DEFINITIONAL_REPRESENTATION('',(#471),#475);
#471 = LINE('',#472,#473);
#472 = CARTESIAN_POINT('',(1.,0.));
#473 = VECTOR('',#474,1.);
#474 = DIRECTION('',(0.,-1.));
#475 = ( GEOMETRIC_REPRESENTATION_CONTEXT(2) 
PARAMETRIC_REPRESENTATION_CONTEXT() REPRESENTATION_CONTEXT('2D SPACE',''
  ) );
#476 = ORIENTED_EDGE('',*,*,#477,.F.);
#477 = EDGE_CURVE('',#85,#455,#478,.T.);
#478 = SURFACE_CURVE('',#479,(#484,#491),.PCURVE_S1.);
#479 = CIRCLE('',#480,1.);
#480 = AXIS2_PLACEMENT_3D('',#481,#482,#483);
#481 = CARTESIAN_POINT('',(11.,-5.,3.));
#482 = DIRECTION('',(0.,0.,1.));
#483 = DIRECTION('',(0.,-1.,0.));
#484 = PCURVE('',#126,#485);
#485 = DEFINITIONAL_REPRESENTATION('',(#486),#490);
#486 = LINE('',#487,#488);
#487 = CARTESIAN_POINT('',(0.,3.));
#488 = VECTOR('',#489,1.);
#489 = DIRECTION('',(1.,0.));
#490 = ( GEOMETRIC_REPRESENTATION_CONTEXT(2) 
PARAMETRIC_REPRESENTATION_CONTEXT() REPRESENTATION_CONTEXT('2D SPACE',''
  ) );
#491 = PCURVE('',#100,#492);
#492 = DEFINITIONAL_REPRESENTATION('',(#493),#497);
#493 = CIRCLE('',#494,1.);
#494 = AXIS2_PLACEMENT_2D('',#495,#496);
#495 = CARTESIAN_POINT('',(11.,-5.));
#496 = DIRECTION('',(0.,-1.));
#497 = ( GEOMETRIC_REPRESENTATION_CONTEXT(2) 
PARAMETRIC_REPRESENTATION_CONTEXT() REPRESENTATION_CONTEXT('2D SPACE',''
  ) );
#498 = ORIENTED_EDGE('',*,*,#112,.F.);
#499 = ADVANCED_FACE('',(#500,#620,#1270,#1512,#2162,#2276,#2586,#2828,
    #3294,#3632,#3914,#4564,#4678,#5300,#5542,#5712),#100,.T.);
#500 = FACE_BOUND('',#501,.T.);
#501 = EDGE_LOOP('',(#502,#503,#504,#527,#551,#574,#598,#619));
#502 = ORIENTED_EDGE('',*,*,#84,.T.);
#503 = ORIENTED_EDGE('',*,*,#477,.T.);
#504 = ORIENTED_EDGE('',*,*,#505,.T.);
#505 = EDGE_CURVE('',#455,#506,#508,.T.);
#506 = VERTEX_POINT('',#507);
#507 = CARTESIAN_POINT('',(12.,5.,3.));
#508 = SURFACE_CURVE('',#509,(#513,#520),.PCURVE_S1.);
#509 = LINE('',#510,#511);
#510 = CARTESIAN_POINT('',(12.,-6.,3.));
#511 = VECTOR('',#512,1.);
#512 = DIRECTION('',(0.,1.,0.));
#513 = PCURVE('',#100,#514);
#514 = DEFINITIONAL_REPRESENTATION('',(#515),#519);
#515 = LINE('',#516,#517);
#516 = CARTESIAN_POINT('',(12.,-6.));
#517 = VECTOR('',#518,1.);
#518 = DIRECTION('',(0.,1.));
#519 = ( GEOMETRIC_REPRESENTATION_CONTEXT(2) 
PARAMETRIC_REPRESENTATION_CONTEXT() REPRESENTATION_CONTEXT('2D SPACE',''
  ) );
#520 = PCURVE('',#182,#521);
#521 = DEFINITIONAL_REPRESENTATION('',(#522),#526);
#522 = LINE('',#523,#524);
#523 = CARTESIAN_POINT('',(0.,-3.));
#524 = VECTOR('',#525,1.);
#525 = DIRECTION('',(1.,0.));
#526 = ( GEOMETRIC_REPRESENTATION_CONTEXT(2) 
PARAMETRIC_REPRESENTATION_CONTEXT() REPRESENTATION_CONTEXT('2D SPACE',''
  ) );
#527 = ORIENTED_EDGE('',*,*,#528,.T.);
#528 = EDGE_CURVE('',#506,#529,#531,.T.);
#529 = VERTEX_POINT('',#530);
#530 = CARTESIAN_POINT('',(11.,6.,3.));
#531 = SURFACE_CURVE('',#532,(#537,#544),.PCURVE_S1.);
#532 = CIRCLE('',#533,1.);
#533 = AXIS2_PLACEMENT_3D('',#534,#535,#536);
#534 = CARTESIAN_POINT('',(11.,5.,3.));
#535 = DIRECTION('',(0.,0.,1.));
#536 = DIRECTION('',(0.,-1.,0.));
#537 = PCURVE('',#100,#538);
#538 = DEFINITIONAL_REPRESENTATION('',(#539),#543);
#539 = CIRCLE('',#540,1.);
#540 = AXIS2_PLACEMENT_2D('',#541,#542);
#541 = CARTESIAN_POINT('',(11.,5.));
#542 = DIRECTION('',(0.,-1.));
#543 = ( GEOMETRIC_REPRESENTATION_CONTEXT(2) 
PARAMETRIC_REPRESENTATION_CONTEXT() REPRESENTATION_CONTEXT('2D SPACE',''
  ) );
#544 = PCURVE('',#211,#545);
#545 = DEFINITIONAL_REPRESENTATION('',(#546),#550);
#546 = LINE('',#547,#548);
#547 = CARTESIAN_POINT('',(-1.570796326795,3.));
#548 = VECTOR('',#549,1.);
#549 = DIRECTION('',(1.,0.));
#550 = ( GEOMETRIC_REPRESENTATION_CONTEXT(2) 
PARAMETRIC_REPRESENTATION_CONTEXT() REPRESENTATION_CONTEXT('2D SPACE',''
  ) );
#551 = ORIENTED_EDGE('',*,*,#552,.T.);
#552 = EDGE_CURVE('',#529,#553,#555,.T.);
#553 = VERTEX_POINT('',#554);
#554 = CARTESIAN_POINT('',(-11.,6.,3.));
#555 = SURFACE_CURVE('',#556,(#560,#567),.PCURVE_S1.);
#556 = LINE('',#557,#558);
#557 = CARTESIAN_POINT('',(12.,6.,3.));
#558 = VECTOR('',#559,1.);
#559 = DIRECTION('',(-1.,0.,0.));
#560 = PCURVE('',#100,#561);
#561 = DEFINITIONAL_REPRESENTATION('',(#562),#566);
#562 = LINE('',#563,#564);
#563 = CARTESIAN_POINT('',(12.,6.));
#564 = VECTOR('',#565,1.);
#565 = DIRECTION('',(-1.,0.));
#566 = ( GEOMETRIC_REPRESENTATION_CONTEXT(2) 
PARAMETRIC_REPRESENTATION_CONTEXT() REPRESENTATION_CONTEXT('2D SPACE',''
  ) );
#567 = PCURVE('',#239,#568);
#568 = DEFINITIONAL_REPRESENTATION('',(#569),#573);
#569 = LINE('',#570,#571);
#570 = CARTESIAN_POINT('',(0.,-3.));
#571 = VECTOR('',#572,1.);
#572 = DIRECTION('',(1.,0.));
#573 = ( GEOMETRIC_REPRESENTATION_CONTEXT(2) 
PARAMETRIC_REPRESENTATION_CONTEXT() REPRESENTATION_CONTEXT('2D SPACE',''
  ) );
#574 = ORIENTED_EDGE('',*,*,#575,.T.);
#575 = EDGE_CURVE('',#553,#576,#578,.T.);
#576 = VERTEX_POINT('',#577);
#577 = CARTESIAN_POINT('',(-12.,5.,3.));
#578 = SURFACE_CURVE('',#579,(#584,#591),.PCURVE_S1.);
#579 = CIRCLE('',#580,1.);
#580 = AXIS2_PLACEMENT_3D('',#581,#582,#583);
#581 = CARTESIAN_POINT('',(-11.,5.,3.));
#582 = DIRECTION('',(0.,0.,1.));
#583 = DIRECTION('',(0.,-1.,0.));
#584 = PCURVE('',#100,#585);
#585 = DEFINITIONAL_REPRESENTATION('',(#586),#590);
#586 = CIRCLE('',#587,1.);
#587 = AXIS2_PLACEMENT_2D('',#588,#589);
#588 = CARTESIAN_POINT('',(-11.,5.));
#589 = DIRECTION('',(0.,-1.));
#590 = ( GEOMETRIC_REPRESENTATION_CONTEXT(2) 
PARAMETRIC_REPRESENTATION_CONTEXT() REPRESENTATION_CONTEXT('2D SPACE',''
  ) );
#591 = PCURVE('',#268,#592);
#592 = DEFINITIONAL_REPRESENTATION('',(#593),#597);
#593 = LINE('',#594,#595);
#594 = CARTESIAN_POINT('',(-3.14159265359,3.));
#595 = VECTOR('',#596,1.);
#596 = DIRECTION('',(1.,0.));
#597 = ( GEOMETRIC_REPRESENTATION_CONTEXT(2) 
PARAMETRIC_REPRESENTATION_CONTEXT() REPRESENTATION_CONTEXT('2D SPACE',''
  ) );
#598 = ORIENTED_EDGE('',*,*,#599,.T.);
#599 = EDGE_CURVE('',#576,#401,#600,.T.);
#600 = SURFACE_CURVE('',#601,(#605,#612),.PCURVE_S1.);
#601 = LINE('',#602,#603);
#602 = CARTESIAN_POINT('',(-12.,6.,3.));
#603 = VECTOR('',#604,1.);
#604 = DIRECTION('',(0.,-1.,0.));
#605 = PCURVE('',#100,#606);
#606 = DEFINITIONAL_REPRESENTATION('',(#607),#611);
#607 = LINE('',#608,#609);
#608 = CARTESIAN_POINT('',(-12.,6.));
#609 = VECTOR('',#610,1.);
#610 = DIRECTION('',(0.,-1.));
#611 = ( GEOMETRIC_REPRESENTATION_CONTEXT(2) 
PARAMETRIC_REPRESENTATION_CONTEXT() REPRESENTATION_CONTEXT('2D SPACE',''
  ) );
#612 = PCURVE('',#296,#613);
#613 = DEFINITIONAL_REPRESENTATION('',(#614),#618);
#614 = LINE('',#615,#616);
#615 = CARTESIAN_POINT('',(0.,-3.));
#616 = VECTOR('',#617,1.);
#617 = DIRECTION('',(1.,0.));
#618 = ( GEOMETRIC_REPRESENTATION_CONTEXT(2) 
PARAMETRIC_REPRESENTATION_CONTEXT() REPRESENTATION_CONTEXT('2D SPACE',''
  ) );
#619 = ORIENTED_EDGE('',*,*,#423,.F.);
#620 = FACE_BOUND('',#621,.T.);
#621 = EDGE_LOOP('',(#622,#654,#682,#710,#738,#766,#794,#824,#854,#884,
    #914,#944,#974,#1004,#1034,#1062,#1092,#1122,#1152,#1182,#1212,#1242
    ));
#622 = ORIENTED_EDGE('',*,*,#623,.T.);
#623 = EDGE_CURVE('',#624,#626,#628,.T.);
#624 = VERTEX_POINT('',#625);
#625 = CARTESIAN_POINT('',(-7.8380859375,-4.92431640625,3.));
#626 = VERTEX_POINT('',#627);
#627 = CARTESIAN_POINT('',(-7.749609375,-4.890625,3.));
#628 = SURFACE_CURVE('',#629,(#633,#640),.PCURVE_S1.);
#629 = B_SPLINE_CURVE_WITH_KNOTS('',2,(#630,#631,#632),.UNSPECIFIED.,.F.
  ,.F.,(3,3),(0.,1.),.PIECEWISE_BEZIER_KNOTS.);
#630 = CARTESIAN_POINT('',(-7.8380859375,-4.92431640625,3.));
#631 = CARTESIAN_POINT('',(-7.7888671875,-4.9134765625,3.));
#632 = CARTESIAN_POINT('',(-7.749609375,-4.890625,3.));
#633 = PCURVE('',#100,#634);
#634 = DEFINITIONAL_REPRESENTATION('',(#635),#639);
#635 = B_SPLINE_CURVE_WITH_KNOTS('',2,(#636,#637,#638),.UNSPECIFIED.,.F.
  ,.F.,(3,3),(0.,1.),.PIECEWISE_BEZIER_KNOTS.);
#636 = CARTESIAN_POINT('',(-7.8380859375,-4.92431640625));
#637 = CARTESIAN_POINT('',(-7.7888671875,-4.9134765625));
#638 = CARTESIAN_POINT('',(-7.749609375,-4.890625));
#639 = ( GEOMETRIC_REPRESENTATION_CONTEXT(2) 
PARAMETRIC_REPRESENTATION_CONTEXT() REPRESENTATION_CONTEXT('2D SPACE',''
  ) );
#640 = PCURVE('',#641,#648);
#641 = SURFACE_OF_LINEAR_EXTRUSION('',#642,#646);
#642 = B_SPLINE_CURVE_WITH_KNOTS('',2,(#643,#644,#645),.UNSPECIFIED.,.F.
  ,.F.,(3,3),(0.,1.),.PIECEWISE_BEZIER_KNOTS.);
#643 = CARTESIAN_POINT('',(-7.8380859375,-4.92431640625,2.7));
#644 = CARTESIAN_POINT('',(-7.7888671875,-4.9134765625,2.7));
#645 = CARTESIAN_POINT('',(-7.749609375,-4.890625,2.7));
#646 = VECTOR('',#647,1.);
#647 = DIRECTION('',(-0.,-0.,-1.));
#648 = DEFINITIONAL_REPRESENTATION('',(#649),#653);
#649 = LINE('',#650,#651);
#650 = CARTESIAN_POINT('',(0.,-0.3));
#651 = VECTOR('',#652,1.);
#652 = DIRECTION('',(1.,0.));
#653 = ( GEOMETRIC_REPRESENTATION_CONTEXT(2) 
PARAMETRIC_REPRESENTATION_CONTEXT() REPRESENTATION_CONTEXT('2D SPACE',''
  ) );
#654 = ORIENTED_EDGE('',*,*,#655,.T.);
#655 = EDGE_CURVE('',#626,#656,#658,.T.);
#656 = VERTEX_POINT('',#657);
#657 = CARTESIAN_POINT('',(-7.749609375,-4.6556640625,3.));
#658 = SURFACE_CURVE('',#659,(#663,#670),.PCURVE_S1.);
#659 = LINE('',#660,#661);
#660 = CARTESIAN_POINT('',(-7.749609375,-4.890625,3.));
#661 = VECTOR('',#662,1.);
#662 = DIRECTION('',(0.,1.,0.));
#663 = PCURVE('',#100,#664);
#664 = DEFINITIONAL_REPRESENTATION('',(#665),#669);
#665 = LINE('',#666,#667);
#666 = CARTESIAN_POINT('',(-7.749609375,-4.890625));
#667 = VECTOR('',#668,1.);
#668 = DIRECTION('',(0.,1.));
#669 = ( GEOMETRIC_REPRESENTATION_CONTEXT(2) 
PARAMETRIC_REPRESENTATION_CONTEXT() REPRESENTATION_CONTEXT('2D SPACE',''
  ) );
#670 = PCURVE('',#671,#676);
#671 = PLANE('',#672);
#672 = AXIS2_PLACEMENT_3D('',#673,#674,#675);
#673 = CARTESIAN_POINT('',(-7.749609375,-4.890625,2.7));
#674 = DIRECTION('',(-1.,0.,0.));
#675 = DIRECTION('',(0.,1.,0.));
#676 = DEFINITIONAL_REPRESENTATION('',(#677),#681);
#677 = LINE('',#678,#679);
#678 = CARTESIAN_POINT('',(8.881784197001E-16,-0.3));
#679 = VECTOR('',#680,1.);
#680 = DIRECTION('',(1.,0.));
#681 = ( GEOMETRIC_REPRESENTATION_CONTEXT(2) 
PARAMETRIC_REPRESENTATION_CONTEXT() REPRESENTATION_CONTEXT('2D SPACE',''
  ) );
#682 = ORIENTED_EDGE('',*,*,#683,.T.);
#683 = EDGE_CURVE('',#656,#684,#686,.T.);
#684 = VERTEX_POINT('',#685);
#685 = CARTESIAN_POINT('',(-7.94296875,-4.6556640625,3.));
#686 = SURFACE_CURVE('',#687,(#691,#698),.PCURVE_S1.);
#687 = LINE('',#688,#689);
#688 = CARTESIAN_POINT('',(-7.749609375,-4.6556640625,3.));
#689 = VECTOR('',#690,1.);
#690 = DIRECTION('',(-1.,0.,0.));
#691 = PCURVE('',#100,#692);
#692 = DEFINITIONAL_REPRESENTATION('',(#693),#697);
#693 = LINE('',#694,#695);
#694 = CARTESIAN_POINT('',(-7.749609375,-4.6556640625));
#695 = VECTOR('',#696,1.);
#696 = DIRECTION('',(-1.,0.));
#697 = ( GEOMETRIC_REPRESENTATION_CONTEXT(2) 
PARAMETRIC_REPRESENTATION_CONTEXT() REPRESENTATION_CONTEXT('2D SPACE',''
  ) );
#698 = PCURVE('',#699,#704);
#699 = PLANE('',#700);
#700 = AXIS2_PLACEMENT_3D('',#701,#702,#703);
#701 = CARTESIAN_POINT('',(-7.749609375,-4.6556640625,2.7));
#702 = DIRECTION('',(0.,-1.,0.));
#703 = DIRECTION('',(-1.,0.,0.));
#704 = DEFINITIONAL_REPRESENTATION('',(#705),#709);
#705 = LINE('',#706,#707);
#706 = CARTESIAN_POINT('',(0.,-0.3));
#707 = VECTOR('',#708,1.);
#708 = DIRECTION('',(1.,0.));
#709 = ( GEOMETRIC_REPRESENTATION_CONTEXT(2) 
PARAMETRIC_REPRESENTATION_CONTEXT() REPRESENTATION_CONTEXT('2D SPACE',''
  ) );
#710 = ORIENTED_EDGE('',*,*,#711,.T.);
#711 = EDGE_CURVE('',#684,#712,#714,.T.);
#712 = VERTEX_POINT('',#713);
#713 = CARTESIAN_POINT('',(-7.94296875,-4.5583984375,3.));
#714 = SURFACE_CURVE('',#715,(#719,#726),.PCURVE_S1.);
#715 = LINE('',#716,#717);
#716 = CARTESIAN_POINT('',(-7.94296875,-4.6556640625,3.));
#717 = VECTOR('',#718,1.);
#718 = DIRECTION('',(0.,1.,0.));
#719 = PCURVE('',#100,#720);
#720 = DEFINITIONAL_REPRESENTATION('',(#721),#725);
#721 = LINE('',#722,#723);
#722 = CARTESIAN_POINT('',(-7.94296875,-4.6556640625));
#723 = VECTOR('',#724,1.);
#724 = DIRECTION('',(0.,1.));
#725 = ( GEOMETRIC_REPRESENTATION_CONTEXT(2) 
PARAMETRIC_REPRESENTATION_CONTEXT() REPRESENTATION_CONTEXT('2D SPACE',''
  ) );
#726 = PCURVE('',#727,#732);
#727 = PLANE('',#728);
#728 = AXIS2_PLACEMENT_3D('',#729,#730,#731);
#729 = CARTESIAN_POINT('',(-7.94296875,-4.6556640625,2.7));
#730 = DIRECTION('',(-1.,0.,0.));
#731 = DIRECTION('',(0.,1.,0.));
#732 = DEFINITIONAL_REPRESENTATION('',(#733),#737);
#733 = LINE('',#734,#735);
#734 = CARTESIAN_POINT('',(0.,-0.3));
#735 = VECTOR('',#736,1.);
#736 = DIRECTION('',(1.,0.));
#737 = ( GEOMETRIC_REPRESENTATION_CONTEXT(2) 
PARAMETRIC_REPRESENTATION_CONTEXT() REPRESENTATION_CONTEXT('2D SPACE',''
  ) );
#738 = ORIENTED_EDGE('',*,*,#739,.T.);
#739 = EDGE_CURVE('',#712,#740,#742,.T.);
#740 = VERTEX_POINT('',#741);
#741 = CARTESIAN_POINT('',(-7.632421875,-4.5583984375,3.));
#742 = SURFACE_CURVE('',#743,(#747,#754),.PCURVE_S1.);
#743 = LINE('',#744,#745);
#744 = CARTESIAN_POINT('',(-7.94296875,-4.5583984375,3.));
#745 = VECTOR('',#746,1.);
#746 = DIRECTION('',(1.,0.,0.));
#747 = PCURVE('',#100,#748);
#748 = DEFINITIONAL_REPRESENTATION('',(#749),#753);
#749 = LINE('',#750,#751);
#750 = CARTESIAN_POINT('',(-7.94296875,-4.5583984375));
#751 = VECTOR('',#752,1.);
#752 = DIRECTION('',(1.,0.));
#753 = ( GEOMETRIC_REPRESENTATION_CONTEXT(2) 
PARAMETRIC_REPRESENTATION_CONTEXT() REPRESENTATION_CONTEXT('2D SPACE',''
  ) );
#754 = PCURVE('',#755,#760);
#755 = PLANE('',#756);
#756 = AXIS2_PLACEMENT_3D('',#757,#758,#759);
#757 = CARTESIAN_POINT('',(-7.94296875,-4.5583984375,2.7));
#758 = DIRECTION('',(0.,1.,0.));
#759 = DIRECTION('',(1.,0.,0.));
#760 = DEFINITIONAL_REPRESENTATION('',(#761),#765);
#761 = LINE('',#762,#763);
#762 = CARTESIAN_POINT('',(0.,-0.3));
#763 = VECTOR('',#764,1.);
#764 = DIRECTION('',(1.,0.));
#765 = ( GEOMETRIC_REPRESENTATION_CONTEXT(2) 
PARAMETRIC_REPRESENTATION_CONTEXT() REPRESENTATION_CONTEXT('2D SPACE',''
  ) );
#766 = ORIENTED_EDGE('',*,*,#767,.T.);
#767 = EDGE_CURVE('',#740,#768,#770,.T.);
#768 = VERTEX_POINT('',#769);
#769 = CARTESIAN_POINT('',(-7.632421875,-4.933984375,3.));
#770 = SURFACE_CURVE('',#771,(#775,#782),.PCURVE_S1.);
#771 = LINE('',#772,#773);
#772 = CARTESIAN_POINT('',(-7.632421875,-4.5583984375,3.));
#773 = VECTOR('',#774,1.);
#774 = DIRECTION('',(0.,-1.,0.));
#775 = PCURVE('',#100,#776);
#776 = DEFINITIONAL_REPRESENTATION('',(#777),#781);
#777 = LINE('',#778,#779);
#778 = CARTESIAN_POINT('',(-7.632421875,-4.5583984375));
#779 = VECTOR('',#780,1.);
#780 = DIRECTION('',(0.,-1.));
#781 = ( GEOMETRIC_REPRESENTATION_CONTEXT(2) 
PARAMETRIC_REPRESENTATION_CONTEXT() REPRESENTATION_CONTEXT('2D SPACE',''
  ) );
#782 = PCURVE('',#783,#788);
#783 = PLANE('',#784);
#784 = AXIS2_PLACEMENT_3D('',#785,#786,#787);
#785 = CARTESIAN_POINT('',(-7.632421875,-4.5583984375,2.7));
#786 = DIRECTION('',(1.,0.,0.));
#787 = DIRECTION('',(0.,-1.,0.));
#788 = DEFINITIONAL_REPRESENTATION('',(#789),#793);
#789 = LINE('',#790,#791);
#790 = CARTESIAN_POINT('',(0.,-0.3));
#791 = VECTOR('',#792,1.);
#792 = DIRECTION('',(1.,0.));
#793 = ( GEOMETRIC_REPRESENTATION_CONTEXT(2) 
PARAMETRIC_REPRESENTATION_CONTEXT() REPRESENTATION_CONTEXT('2D SPACE',''
  ) );
#794 = ORIENTED_EDGE('',*,*,#795,.T.);
#795 = EDGE_CURVE('',#768,#796,#798,.T.);
#796 = VERTEX_POINT('',#797);
#797 = CARTESIAN_POINT('',(-7.78359375,-5.00751953125,3.));
#798 = SURFACE_CURVE('',#799,(#803,#810),.PCURVE_S1.);
#799 = B_SPLINE_CURVE_WITH_KNOTS('',2,(#800,#801,#802),.UNSPECIFIED.,.F.
  ,.F.,(3,3),(0.,1.),.PIECEWISE_BEZIER_KNOTS.);
#800 = CARTESIAN_POINT('',(-7.632421875,-4.933984375,3.));
#801 = CARTESIAN_POINT('',(-7.7009765625,-4.9826171875,3.));
#802 = CARTESIAN_POINT('',(-7.78359375,-5.00751953125,3.));
#803 = PCURVE('',#100,#804);
#804 = DEFINITIONAL_REPRESENTATION('',(#805),#809);
#805 = B_SPLINE_CURVE_WITH_KNOTS('',2,(#806,#807,#808),.UNSPECIFIED.,.F.
  ,.F.,(3,3),(0.,1.),.PIECEWISE_BEZIER_KNOTS.);
#806 = CARTESIAN_POINT('',(-7.632421875,-4.933984375));
#807 = CARTESIAN_POINT('',(-7.7009765625,-4.9826171875));
#808 = CARTESIAN_POINT('',(-7.78359375,-5.00751953125));
#809 = ( GEOMETRIC_REPRESENTATION_CONTEXT(2) 
PARAMETRIC_REPRESENTATION_CONTEXT() REPRESENTATION_CONTEXT('2D SPACE',''
  ) );
#810 = PCURVE('',#811,#818);
#811 = SURFACE_OF_LINEAR_EXTRUSION('',#812,#816);
#812 = B_SPLINE_CURVE_WITH_KNOTS('',2,(#813,#814,#815),.UNSPECIFIED.,.F.
  ,.F.,(3,3),(0.,1.),.PIECEWISE_BEZIER_KNOTS.);
#813 = CARTESIAN_POINT('',(-7.632421875,-4.933984375,2.7));
#814 = CARTESIAN_POINT('',(-7.7009765625,-4.9826171875,2.7));
#815 = CARTESIAN_POINT('',(-7.78359375,-5.00751953125,2.7));
#816 = VECTOR('',#817,1.);
#817 = DIRECTION('',(-0.,-0.,-1.));
#818 = DEFINITIONAL_REPRESENTATION('',(#819),#823);
#819 = LINE('',#820,#821);
#820 = CARTESIAN_POINT('',(0.,-0.3));
#821 = VECTOR('',#822,1.);
#822 = DIRECTION('',(1.,0.));
#823 = ( GEOMETRIC_REPRESENTATION_CONTEXT(2) 
PARAMETRIC_REPRESENTATION_CONTEXT() REPRESENTATION_CONTEXT('2D SPACE',''
  ) );
#824 = ORIENTED_EDGE('',*,*,#825,.T.);
#825 = EDGE_CURVE('',#796,#826,#828,.T.);
#826 = VERTEX_POINT('',#827);
#827 = CARTESIAN_POINT('',(-7.9599609375,-5.032421875,3.));
#828 = SURFACE_CURVE('',#829,(#833,#840),.PCURVE_S1.);
#829 = B_SPLINE_CURVE_WITH_KNOTS('',2,(#830,#831,#832),.UNSPECIFIED.,.F.
  ,.F.,(3,3),(0.,1.),.PIECEWISE_BEZIER_KNOTS.);
#830 = CARTESIAN_POINT('',(-7.78359375,-5.00751953125,3.));
#831 = CARTESIAN_POINT('',(-7.8662109375,-5.032421875,3.));
#832 = CARTESIAN_POINT('',(-7.9599609375,-5.032421875,3.));
#833 = PCURVE('',#100,#834);
#834 = DEFINITIONAL_REPRESENTATION('',(#835),#839);
#835 = B_SPLINE_CURVE_WITH_KNOTS('',2,(#836,#837,#838),.UNSPECIFIED.,.F.
  ,.F.,(3,3),(0.,1.),.PIECEWISE_BEZIER_KNOTS.);
#836 = CARTESIAN_POINT('',(-7.78359375,-5.00751953125));
#837 = CARTESIAN_POINT('',(-7.8662109375,-5.032421875));
#838 = CARTESIAN_POINT('',(-7.9599609375,-5.032421875));
#839 = ( GEOMETRIC_REPRESENTATION_CONTEXT(2) 
PARAMETRIC_REPRESENTATION_CONTEXT() REPRESENTATION_CONTEXT('2D SPACE',''
  ) );
#840 = PCURVE('',#841,#848);
#841 = SURFACE_OF_LINEAR_EXTRUSION('',#842,#846);
#842 = B_SPLINE_CURVE_WITH_KNOTS('',2,(#843,#844,#845),.UNSPECIFIED.,.F.
  ,.F.,(3,3),(0.,1.),.PIECEWISE_BEZIER_KNOTS.);
#843 = CARTESIAN_POINT('',(-7.78359375,-5.00751953125,2.7));
#844 = CARTESIAN_POINT('',(-7.8662109375,-5.032421875,2.7));
#845 = CARTESIAN_POINT('',(-7.9599609375,-5.032421875,2.7));
#846 = VECTOR('',#847,1.);
#847 = DIRECTION('',(-0.,-0.,-1.));
#848 = DEFINITIONAL_REPRESENTATION('',(#849),#853);
#849 = LINE('',#850,#851);
#850 = CARTESIAN_POINT('',(0.,-0.3));
#851 = VECTOR('',#852,1.);
#852 = DIRECTION('',(1.,0.));
#853 = ( GEOMETRIC_REPRESENTATION_CONTEXT(2) 
PARAMETRIC_REPRESENTATION_CONTEXT() REPRESENTATION_CONTEXT('2D SPACE',''
  ) );
#854 = ORIENTED_EDGE('',*,*,#855,.T.);
#855 = EDGE_CURVE('',#826,#856,#858,.T.);
#856 = VERTEX_POINT('',#857);
#857 = CARTESIAN_POINT('',(-8.28076171875,-4.91259765625,3.));
#858 = SURFACE_CURVE('',#859,(#863,#870),.PCURVE_S1.);
#859 = B_SPLINE_CURVE_WITH_KNOTS('',2,(#860,#861,#862),.UNSPECIFIED.,.F.
  ,.F.,(3,3),(0.,1.),.PIECEWISE_BEZIER_KNOTS.);
#860 = CARTESIAN_POINT('',(-7.9599609375,-5.032421875,3.));
#861 = CARTESIAN_POINT('',(-8.1650390625,-5.032421875,3.));
#862 = CARTESIAN_POINT('',(-8.28076171875,-4.91259765625,3.));
#863 = PCURVE('',#100,#864);
#864 = DEFINITIONAL_REPRESENTATION('',(#865),#869);
#865 = B_SPLINE_CURVE_WITH_KNOTS('',2,(#866,#867,#868),.UNSPECIFIED.,.F.
  ,.F.,(3,3),(0.,1.),.PIECEWISE_BEZIER_KNOTS.);
#866 = CARTESIAN_POINT('',(-7.9599609375,-5.032421875));
#867 = CARTESIAN_POINT('',(-8.1650390625,-5.032421875));
#868 = CARTESIAN_POINT('',(-8.28076171875,-4.91259765625));
#869 = ( GEOMETRIC_REPRESENTATION_CONTEXT(2) 
PARAMETRIC_REPRESENTATION_CONTEXT() REPRESENTATION_CONTEXT('2D SPACE',''
  ) );
#870 = PCURVE('',#871,#878);
#871 = SURFACE_OF_LINEAR_EXTRUSION('',#872,#876);
#872 = B_SPLINE_CURVE_WITH_KNOTS('',2,(#873,#874,#875),.UNSPECIFIED.,.F.
  ,.F.,(3,3),(0.,1.),.PIECEWISE_BEZIER_KNOTS.);
#873 = CARTESIAN_POINT('',(-7.9599609375,-5.032421875,2.7));
#874 = CARTESIAN_POINT('',(-8.1650390625,-5.032421875,2.7));
#875 = CARTESIAN_POINT('',(-8.28076171875,-4.91259765625,2.7));
#876 = VECTOR('',#877,1.);
#877 = DIRECTION('',(-0.,-0.,-1.));
#878 = DEFINITIONAL_REPRESENTATION('',(#879),#883);
#879 = LINE('',#880,#881);
#880 = CARTESIAN_POINT('',(0.,-0.3));
#881 = VECTOR('',#882,1.);
#882 = DIRECTION('',(1.,0.));
#883 = ( GEOMETRIC_REPRESENTATION_CONTEXT(2) 
PARAMETRIC_REPRESENTATION_CONTEXT() REPRESENTATION_CONTEXT('2D SPACE',''
  ) );
#884 = ORIENTED_EDGE('',*,*,#885,.T.);
#885 = EDGE_CURVE('',#856,#886,#888,.T.);
#886 = VERTEX_POINT('',#887);
#887 = CARTESIAN_POINT('',(-8.396484375,-4.57890625,3.));
#888 = SURFACE_CURVE('',#889,(#893,#900),.PCURVE_S1.);
#889 = B_SPLINE_CURVE_WITH_KNOTS('',2,(#890,#891,#892),.UNSPECIFIED.,.F.
  ,.F.,(3,3),(0.,1.),.PIECEWISE_BEZIER_KNOTS.);
#890 = CARTESIAN_POINT('',(-8.28076171875,-4.91259765625,3.));
#891 = CARTESIAN_POINT('',(-8.396484375,-4.7927734375,3.));
#892 = CARTESIAN_POINT('',(-8.396484375,-4.57890625,3.));
#893 = PCURVE('',#100,#894);
#894 = DEFINITIONAL_REPRESENTATION('',(#895),#899);
#895 = B_SPLINE_CURVE_WITH_KNOTS('',2,(#896,#897,#898),.UNSPECIFIED.,.F.
  ,.F.,(3,3),(0.,1.),.PIECEWISE_BEZIER_KNOTS.);
#896 = CARTESIAN_POINT('',(-8.28076171875,-4.91259765625));
#897 = CARTESIAN_POINT('',(-8.396484375,-4.7927734375));
#898 = CARTESIAN_POINT('',(-8.396484375,-4.57890625));
#899 = ( GEOMETRIC_REPRESENTATION_CONTEXT(2) 
PARAMETRIC_REPRESENTATION_CONTEXT() REPRESENTATION_CONTEXT('2D SPACE',''
  ) );
#900 = PCURVE('',#901,#908);
#901 = SURFACE_OF_LINEAR_EXTRUSION('',#902,#906);
#902 = B_SPLINE_CURVE_WITH_KNOTS('',2,(#903,#904,#905),.UNSPECIFIED.,.F.
  ,.F.,(3,3),(0.,1.),.PIECEWISE_BEZIER_KNOTS.);
#903 = CARTESIAN_POINT('',(-8.28076171875,-4.91259765625,2.7));
#904 = CARTESIAN_POINT('',(-8.396484375,-4.7927734375,2.7));
#905 = CARTESIAN_POINT('',(-8.396484375,-4.57890625,2.7));
#906 = VECTOR('',#907,1.);
#907 = DIRECTION('',(-0.,-0.,-1.));
#908 = DEFINITIONAL_REPRESENTATION('',(#909),#913);
#909 = LINE('',#910,#911);
#910 = CARTESIAN_POINT('',(0.,-0.3));
#911 = VECTOR('',#912,1.);
#912 = DIRECTION('',(1.,0.));
#913 = ( GEOMETRIC_REPRESENTATION_CONTEXT(2) 
PARAMETRIC_REPRESENTATION_CONTEXT() REPRESENTATION_CONTEXT('2D SPACE',''
  ) );
#914 = ORIENTED_EDGE('',*,*,#915,.T.);
#915 = EDGE_CURVE('',#886,#916,#918,.T.);
#916 = VERTEX_POINT('',#917);
#917 = CARTESIAN_POINT('',(-8.28076171875,-4.24462890625,3.));
#918 = SURFACE_CURVE('',#919,(#923,#930),.PCURVE_S1.);
#919 = B_SPLINE_CURVE_WITH_KNOTS('',2,(#920,#921,#922),.UNSPECIFIED.,.F.
  ,.F.,(3,3),(0.,1.),.PIECEWISE_BEZIER_KNOTS.);
#920 = CARTESIAN_POINT('',(-8.396484375,-4.57890625,3.));
#921 = CARTESIAN_POINT('',(-8.396484375,-4.364453125,3.));
#922 = CARTESIAN_POINT('',(-8.28076171875,-4.24462890625,3.));
#923 = PCURVE('',#100,#924);
#924 = DEFINITIONAL_REPRESENTATION('',(#925),#929);
#925 = B_SPLINE_CURVE_WITH_KNOTS('',2,(#926,#927,#928),.UNSPECIFIED.,.F.
  ,.F.,(3,3),(0.,1.),.PIECEWISE_BEZIER_KNOTS.);
#926 = CARTESIAN_POINT('',(-8.396484375,-4.57890625));
#927 = CARTESIAN_POINT('',(-8.396484375,-4.364453125));
#928 = CARTESIAN_POINT('',(-8.28076171875,-4.24462890625));
#929 = ( GEOMETRIC_REPRESENTATION_CONTEXT(2) 
PARAMETRIC_REPRESENTATION_CONTEXT() REPRESENTATION_CONTEXT('2D SPACE',''
  ) );
#930 = PCURVE('',#931,#938);
#931 = SURFACE_OF_LINEAR_EXTRUSION('',#932,#936);
#932 = B_SPLINE_CURVE_WITH_KNOTS('',2,(#933,#934,#935),.UNSPECIFIED.,.F.
  ,.F.,(3,3),(0.,1.),.PIECEWISE_BEZIER_KNOTS.);
#933 = CARTESIAN_POINT('',(-8.396484375,-4.57890625,2.7));
#934 = CARTESIAN_POINT('',(-8.396484375,-4.364453125,2.7));
#935 = CARTESIAN_POINT('',(-8.28076171875,-4.24462890625,2.7));
#936 = VECTOR('',#937,1.);
#937 = DIRECTION('',(-0.,-0.,-1.));
#938 = DEFINITIONAL_REPRESENTATION('',(#939),#943);
#939 = LINE('',#940,#941);
#940 = CARTESIAN_POINT('',(0.,-0.3));
#941 = VECTOR('',#942,1.);
#942 = DIRECTION('',(1.,0.));
#943 = ( GEOMETRIC_REPRESENTATION_CONTEXT(2) 
PARAMETRIC_REPRESENTATION_CONTEXT() REPRESENTATION_CONTEXT('2D SPACE',''
  ) );
#944 = ORIENTED_EDGE('',*,*,#945,.T.);
#945 = EDGE_CURVE('',#916,#946,#948,.T.);
#946 = VERTEX_POINT('',#947);
#947 = CARTESIAN_POINT('',(-7.9599609375,-4.1248046875,3.));
#948 = SURFACE_CURVE('',#949,(#953,#960),.PCURVE_S1.);
#949 = B_SPLINE_CURVE_WITH_KNOTS('',2,(#950,#951,#952),.UNSPECIFIED.,.F.
  ,.F.,(3,3),(0.,1.),.PIECEWISE_BEZIER_KNOTS.);
#950 = CARTESIAN_POINT('',(-8.28076171875,-4.24462890625,3.));
#951 = CARTESIAN_POINT('',(-8.1650390625,-4.1248046875,3.));
#952 = CARTESIAN_POINT('',(-7.9599609375,-4.1248046875,3.));
#953 = PCURVE('',#100,#954);
#954 = DEFINITIONAL_REPRESENTATION('',(#955),#959);
#955 = B_SPLINE_CURVE_WITH_KNOTS('',2,(#956,#957,#958),.UNSPECIFIED.,.F.
  ,.F.,(3,3),(0.,1.),.PIECEWISE_BEZIER_KNOTS.);
#956 = CARTESIAN_POINT('',(-8.28076171875,-4.24462890625));
#957 = CARTESIAN_POINT('',(-8.1650390625,-4.1248046875));
#958 = CARTESIAN_POINT('',(-7.9599609375,-4.1248046875));
#959 = ( GEOMETRIC_REPRESENTATION_CONTEXT(2) 
PARAMETRIC_REPRESENTATION_CONTEXT() REPRESENTATION_CONTEXT('2D SPACE',''
  ) );
#960 = PCURVE('',#961,#968);
#961 = SURFACE_OF_LINEAR_EXTRUSION('',#962,#966);
#962 = B_SPLINE_CURVE_WITH_KNOTS('',2,(#963,#964,#965),.UNSPECIFIED.,.F.
  ,.F.,(3,3),(0.,1.),.PIECEWISE_BEZIER_KNOTS.);
#963 = CARTESIAN_POINT('',(-8.28076171875,-4.24462890625,2.7));
#964 = CARTESIAN_POINT('',(-8.1650390625,-4.1248046875,2.7));
#965 = CARTESIAN_POINT('',(-7.9599609375,-4.1248046875,2.7));
#966 = VECTOR('',#967,1.);
#967 = DIRECTION('',(-0.,-0.,-1.));
#968 = DEFINITIONAL_REPRESENTATION('',(#969),#973);
#969 = LINE('',#970,#971);
#970 = CARTESIAN_POINT('',(0.,-0.3));
#971 = VECTOR('',#972,1.);
#972 = DIRECTION('',(1.,0.));
#973 = ( GEOMETRIC_REPRESENTATION_CONTEXT(2) 
PARAMETRIC_REPRESENTATION_CONTEXT() REPRESENTATION_CONTEXT('2D SPACE',''
  ) );
#974 = ORIENTED_EDGE('',*,*,#975,.T.);
#975 = EDGE_CURVE('',#946,#976,#978,.T.);
#976 = VERTEX_POINT('',#977);
#977 = CARTESIAN_POINT('',(-7.79736328125,-4.1458984375,3.));
#978 = SURFACE_CURVE('',#979,(#983,#990),.PCURVE_S1.);
#979 = B_SPLINE_CURVE_WITH_KNOTS('',2,(#980,#981,#982),.UNSPECIFIED.,.F.
  ,.F.,(3,3),(0.,1.),.PIECEWISE_BEZIER_KNOTS.);
#980 = CARTESIAN_POINT('',(-7.9599609375,-4.1248046875,3.));
#981 = CARTESIAN_POINT('',(-7.8744140625,-4.1248046875,3.));
#982 = CARTESIAN_POINT('',(-7.79736328125,-4.1458984375,3.));
#983 = PCURVE('',#100,#984);
#984 = DEFINITIONAL_REPRESENTATION('',(#985),#989);
#985 = B_SPLINE_CURVE_WITH_KNOTS('',2,(#986,#987,#988),.UNSPECIFIED.,.F.
  ,.F.,(3,3),(0.,1.),.PIECEWISE_BEZIER_KNOTS.);
#986 = CARTESIAN_POINT('',(-7.9599609375,-4.1248046875));
#987 = CARTESIAN_POINT('',(-7.8744140625,-4.1248046875));
#988 = CARTESIAN_POINT('',(-7.79736328125,-4.1458984375));
#989 = ( GEOMETRIC_REPRESENTATION_CONTEXT(2) 
PARAMETRIC_REPRESENTATION_CONTEXT() REPRESENTATION_CONTEXT('2D SPACE',''
  ) );
#990 = PCURVE('',#991,#998);
#991 = SURFACE_OF_LINEAR_EXTRUSION('',#992,#996);
#992 = B_SPLINE_CURVE_WITH_KNOTS('',2,(#993,#994,#995),.UNSPECIFIED.,.F.
  ,.F.,(3,3),(0.,1.),.PIECEWISE_BEZIER_KNOTS.);
#993 = CARTESIAN_POINT('',(-7.9599609375,-4.1248046875,2.7));
#994 = CARTESIAN_POINT('',(-7.8744140625,-4.1248046875,2.7));
#995 = CARTESIAN_POINT('',(-7.79736328125,-4.1458984375,2.7));
#996 = VECTOR('',#997,1.);
#997 = DIRECTION('',(-0.,-0.,-1.));
#998 = DEFINITIONAL_REPRESENTATION('',(#999),#1003);
#999 = LINE('',#1000,#1001);
#1000 = CARTESIAN_POINT('',(0.,-0.3));
#1001 = VECTOR('',#1002,1.);
#1002 = DIRECTION('',(1.,0.));
#1003 = ( GEOMETRIC_REPRESENTATION_CONTEXT(2) 
PARAMETRIC_REPRESENTATION_CONTEXT() REPRESENTATION_CONTEXT('2D SPACE',''
  ) );
#1004 = ORIENTED_EDGE('',*,*,#1005,.T.);
#1005 = EDGE_CURVE('',#976,#1006,#1008,.T.);
#1006 = VERTEX_POINT('',#1007);
#1007 = CARTESIAN_POINT('',(-7.6552734375,-4.2080078125,3.));
#1008 = SURFACE_CURVE('',#1009,(#1013,#1020),.PCURVE_S1.);
#1009 = B_SPLINE_CURVE_WITH_KNOTS('',2,(#1010,#1011,#1012),
  .UNSPECIFIED.,.F.,.F.,(3,3),(0.,1.),.PIECEWISE_BEZIER_KNOTS.);
#1010 = CARTESIAN_POINT('',(-7.79736328125,-4.1458984375,3.));
#1011 = CARTESIAN_POINT('',(-7.7203125,-4.1669921875,3.));
#1012 = CARTESIAN_POINT('',(-7.6552734375,-4.2080078125,3.));
#1013 = PCURVE('',#100,#1014);
#1014 = DEFINITIONAL_REPRESENTATION('',(#1015),#1019);
#1015 = B_SPLINE_CURVE_WITH_KNOTS('',2,(#1016,#1017,#1018),
  .UNSPECIFIED.,.F.,.F.,(3,3),(0.,1.),.PIECEWISE_BEZIER_KNOTS.);
#1016 = CARTESIAN_POINT('',(-7.79736328125,-4.1458984375));
#1017 = CARTESIAN_POINT('',(-7.7203125,-4.1669921875));
#1018 = CARTESIAN_POINT('',(-7.6552734375,-4.2080078125));
#1019 = ( GEOMETRIC_REPRESENTATION_CONTEXT(2) 
PARAMETRIC_REPRESENTATION_CONTEXT() REPRESENTATION_CONTEXT('2D SPACE',''
  ) );
#1020 = PCURVE('',#1021,#1028);
#1021 = SURFACE_OF_LINEAR_EXTRUSION('',#1022,#1026);
#1022 = B_SPLINE_CURVE_WITH_KNOTS('',2,(#1023,#1024,#1025),
  .UNSPECIFIED.,.F.,.F.,(3,3),(0.,1.),.PIECEWISE_BEZIER_KNOTS.);
#1023 = CARTESIAN_POINT('',(-7.79736328125,-4.1458984375,2.7));
#1024 = CARTESIAN_POINT('',(-7.7203125,-4.1669921875,2.7));
#1025 = CARTESIAN_POINT('',(-7.6552734375,-4.2080078125,2.7));
#1026 = VECTOR('',#1027,1.);
#1027 = DIRECTION('',(-0.,-0.,-1.));
#1028 = DEFINITIONAL_REPRESENTATION('',(#1029),#1033);
#1029 = LINE('',#1030,#1031);
#1030 = CARTESIAN_POINT('',(0.,-0.3));
#1031 = VECTOR('',#1032,1.);
#1032 = DIRECTION('',(1.,0.));
#1033 = ( GEOMETRIC_REPRESENTATION_CONTEXT(2) 
PARAMETRIC_REPRESENTATION_CONTEXT() REPRESENTATION_CONTEXT('2D SPACE',''
  ) );
#1034 = ORIENTED_EDGE('',*,*,#1035,.T.);
#1035 = EDGE_CURVE('',#1006,#1036,#1038,.T.);
#1036 = VERTEX_POINT('',#1037);
#1037 = CARTESIAN_POINT('',(-7.6552734375,-4.333984375,3.));
#1038 = SURFACE_CURVE('',#1039,(#1043,#1050),.PCURVE_S1.);
#1039 = LINE('',#1040,#1041);
#1040 = CARTESIAN_POINT('',(-7.6552734375,-4.2080078125,3.));
#1041 = VECTOR('',#1042,1.);
#1042 = DIRECTION('',(0.,-1.,0.));
#1043 = PCURVE('',#100,#1044);
#1044 = DEFINITIONAL_REPRESENTATION('',(#1045),#1049);
#1045 = LINE('',#1046,#1047);
#1046 = CARTESIAN_POINT('',(-7.6552734375,-4.2080078125));
#1047 = VECTOR('',#1048,1.);
#1048 = DIRECTION('',(0.,-1.));
#1049 = ( GEOMETRIC_REPRESENTATION_CONTEXT(2) 
PARAMETRIC_REPRESENTATION_CONTEXT() REPRESENTATION_CONTEXT('2D SPACE',''
  ) );
#1050 = PCURVE('',#1051,#1056);
#1051 = PLANE('',#1052);
#1052 = AXIS2_PLACEMENT_3D('',#1053,#1054,#1055);
#1053 = CARTESIAN_POINT('',(-7.6552734375,-4.2080078125,2.7));
#1054 = DIRECTION('',(1.,0.,0.));
#1055 = DIRECTION('',(0.,-1.,0.));
#1056 = DEFINITIONAL_REPRESENTATION('',(#1057),#1061);
#1057 = LINE('',#1058,#1059);
#1058 = CARTESIAN_POINT('',(-8.881784197001E-16,-0.3));
#1059 = VECTOR('',#1060,1.);
#1060 = DIRECTION('',(1.,0.));
#1061 = ( GEOMETRIC_REPRESENTATION_CONTEXT(2) 
PARAMETRIC_REPRESENTATION_CONTEXT() REPRESENTATION_CONTEXT('2D SPACE',''
  ) );
#1062 = ORIENTED_EDGE('',*,*,#1063,.T.);
#1063 = EDGE_CURVE('',#1036,#1064,#1066,.T.);
#1064 = VERTEX_POINT('',#1065);
#1065 = CARTESIAN_POINT('',(-7.7947265625,-4.2501953125,3.));
#1066 = SURFACE_CURVE('',#1067,(#1071,#1078),.PCURVE_S1.);
#1067 = B_SPLINE_CURVE_WITH_KNOTS('',2,(#1068,#1069,#1070),
  .UNSPECIFIED.,.F.,.F.,(3,3),(0.,1.),.PIECEWISE_BEZIER_KNOTS.);
#1068 = CARTESIAN_POINT('',(-7.6552734375,-4.333984375,3.));
#1069 = CARTESIAN_POINT('',(-7.7208984375,-4.2783203125,3.));
#1070 = CARTESIAN_POINT('',(-7.7947265625,-4.2501953125,3.));
#1071 = PCURVE('',#100,#1072);
#1072 = DEFINITIONAL_REPRESENTATION('',(#1073),#1077);
#1073 = B_SPLINE_CURVE_WITH_KNOTS('',2,(#1074,#1075,#1076),
  .UNSPECIFIED.,.F.,.F.,(3,3),(0.,1.),.PIECEWISE_BEZIER_KNOTS.);
#1074 = CARTESIAN_POINT('',(-7.6552734375,-4.333984375));
#1075 = CARTESIAN_POINT('',(-7.7208984375,-4.2783203125));
#1076 = CARTESIAN_POINT('',(-7.7947265625,-4.2501953125));
#1077 = ( GEOMETRIC_REPRESENTATION_CONTEXT(2) 
PARAMETRIC_REPRESENTATION_CONTEXT() REPRESENTATION_CONTEXT('2D SPACE',''
  ) );
#1078 = PCURVE('',#1079,#1086);
#1079 = SURFACE_OF_LINEAR_EXTRUSION('',#1080,#1084);
#1080 = B_SPLINE_CURVE_WITH_KNOTS('',2,(#1081,#1082,#1083),
  .UNSPECIFIED.,.F.,.F.,(3,3),(0.,1.),.PIECEWISE_BEZIER_KNOTS.);
#1081 = CARTESIAN_POINT('',(-7.6552734375,-4.333984375,2.7));
#1082 = CARTESIAN_POINT('',(-7.7208984375,-4.2783203125,2.7));
#1083 = CARTESIAN_POINT('',(-7.7947265625,-4.2501953125,2.7));
#1084 = VECTOR('',#1085,1.);
#1085 = DIRECTION('',(-0.,-0.,-1.));
#1086 = DEFINITIONAL_REPRESENTATION('',(#1087),#1091);
#1087 = LINE('',#1088,#1089);
#1088 = CARTESIAN_POINT('',(0.,-0.3));
#1089 = VECTOR('',#1090,1.);
#1090 = DIRECTION('',(1.,0.));
#1091 = ( GEOMETRIC_REPRESENTATION_CONTEXT(2) 
PARAMETRIC_REPRESENTATION_CONTEXT() REPRESENTATION_CONTEXT('2D SPACE',''
  ) );
#1092 = ORIENTED_EDGE('',*,*,#1093,.T.);
#1093 = EDGE_CURVE('',#1064,#1094,#1096,.T.);
#1094 = VERTEX_POINT('',#1095);
#1095 = CARTESIAN_POINT('',(-7.95,-4.2220703125,3.));
#1096 = SURFACE_CURVE('',#1097,(#1101,#1108),.PCURVE_S1.);
#1097 = B_SPLINE_CURVE_WITH_KNOTS('',2,(#1098,#1099,#1100),
  .UNSPECIFIED.,.F.,.F.,(3,3),(0.,1.),.PIECEWISE_BEZIER_KNOTS.);
#1098 = CARTESIAN_POINT('',(-7.7947265625,-4.2501953125,3.));
#1099 = CARTESIAN_POINT('',(-7.8685546875,-4.2220703125,3.));
#1100 = CARTESIAN_POINT('',(-7.95,-4.2220703125,3.));
#1101 = PCURVE('',#100,#1102);
#1102 = DEFINITIONAL_REPRESENTATION('',(#1103),#1107);
#1103 = B_SPLINE_CURVE_WITH_KNOTS('',2,(#1104,#1105,#1106),
  .UNSPECIFIED.,.F.,.F.,(3,3),(0.,1.),.PIECEWISE_BEZIER_KNOTS.);
#1104 = CARTESIAN_POINT('',(-7.7947265625,-4.2501953125));
#1105 = CARTESIAN_POINT('',(-7.8685546875,-4.2220703125));
#1106 = CARTESIAN_POINT('',(-7.95,-4.2220703125));
#1107 = ( GEOMETRIC_REPRESENTATION_CONTEXT(2) 
PARAMETRIC_REPRESENTATION_CONTEXT() REPRESENTATION_CONTEXT('2D SPACE',''
  ) );
#1108 = PCURVE('',#1109,#1116);
#1109 = SURFACE_OF_LINEAR_EXTRUSION('',#1110,#1114);
#1110 = B_SPLINE_CURVE_WITH_KNOTS('',2,(#1111,#1112,#1113),
  .UNSPECIFIED.,.F.,.F.,(3,3),(0.,1.),.PIECEWISE_BEZIER_KNOTS.);
#1111 = CARTESIAN_POINT('',(-7.7947265625,-4.2501953125,2.7));
#1112 = CARTESIAN_POINT('',(-7.8685546875,-4.2220703125,2.7));
#1113 = CARTESIAN_POINT('',(-7.95,-4.2220703125,2.7));
#1114 = VECTOR('',#1115,1.);
#1115 = DIRECTION('',(-0.,-0.,-1.));
#1116 = DEFINITIONAL_REPRESENTATION('',(#1117),#1121);
#1117 = LINE('',#1118,#1119);
#1118 = CARTESIAN_POINT('',(0.,-0.3));
#1119 = VECTOR('',#1120,1.);
#1120 = DIRECTION('',(1.,0.));
#1121 = ( GEOMETRIC_REPRESENTATION_CONTEXT(2) 
PARAMETRIC_REPRESENTATION_CONTEXT() REPRESENTATION_CONTEXT('2D SPACE',''
  ) );
#1122 = ORIENTED_EDGE('',*,*,#1123,.T.);
#1123 = EDGE_CURVE('',#1094,#1124,#1126,.T.);
#1124 = VERTEX_POINT('',#1125);
#1125 = CARTESIAN_POINT('',(-8.19111328125,-4.31171875,3.));
#1126 = SURFACE_CURVE('',#1127,(#1131,#1138),.PCURVE_S1.);
#1127 = B_SPLINE_CURVE_WITH_KNOTS('',2,(#1128,#1129,#1130),
  .UNSPECIFIED.,.F.,.F.,(3,3),(0.,1.),.PIECEWISE_BEZIER_KNOTS.);
#1128 = CARTESIAN_POINT('',(-7.95,-4.2220703125,3.));
#1129 = CARTESIAN_POINT('',(-8.110546875,-4.2220703125,3.));
#1130 = CARTESIAN_POINT('',(-8.19111328125,-4.31171875,3.));
#1131 = PCURVE('',#100,#1132);
#1132 = DEFINITIONAL_REPRESENTATION('',(#1133),#1137);
#1133 = B_SPLINE_CURVE_WITH_KNOTS('',2,(#1134,#1135,#1136),
  .UNSPECIFIED.,.F.,.F.,(3,3),(0.,1.),.PIECEWISE_BEZIER_KNOTS.);
#1134 = CARTESIAN_POINT('',(-7.95,-4.2220703125));
#1135 = CARTESIAN_POINT('',(-8.110546875,-4.2220703125));
#1136 = CARTESIAN_POINT('',(-8.19111328125,-4.31171875));
#1137 = ( GEOMETRIC_REPRESENTATION_CONTEXT(2) 
PARAMETRIC_REPRESENTATION_CONTEXT() REPRESENTATION_CONTEXT('2D SPACE',''
  ) );
#1138 = PCURVE('',#1139,#1146);
#1139 = SURFACE_OF_LINEAR_EXTRUSION('',#1140,#1144);
#1140 = B_SPLINE_CURVE_WITH_KNOTS('',2,(#1141,#1142,#1143),
  .UNSPECIFIED.,.F.,.F.,(3,3),(0.,1.),.PIECEWISE_BEZIER_KNOTS.);
#1141 = CARTESIAN_POINT('',(-7.95,-4.2220703125,2.7));
#1142 = CARTESIAN_POINT('',(-8.110546875,-4.2220703125,2.7));
#1143 = CARTESIAN_POINT('',(-8.19111328125,-4.31171875,2.7));
#1144 = VECTOR('',#1145,1.);
#1145 = DIRECTION('',(-0.,-0.,-1.));
#1146 = DEFINITIONAL_REPRESENTATION('',(#1147),#1151);
#1147 = LINE('',#1148,#1149);
#1148 = CARTESIAN_POINT('',(0.,-0.3));
#1149 = VECTOR('',#1150,1.);
#1150 = DIRECTION('',(1.,0.));
#1151 = ( GEOMETRIC_REPRESENTATION_CONTEXT(2) 
PARAMETRIC_REPRESENTATION_CONTEXT() REPRESENTATION_CONTEXT('2D SPACE',''
  ) );
#1152 = ORIENTED_EDGE('',*,*,#1153,.T.);
#1153 = EDGE_CURVE('',#1124,#1154,#1156,.T.);
#1154 = VERTEX_POINT('',#1155);
#1155 = CARTESIAN_POINT('',(-8.2716796875,-4.57890625,3.));
#1156 = SURFACE_CURVE('',#1157,(#1161,#1168),.PCURVE_S1.);
#1157 = B_SPLINE_CURVE_WITH_KNOTS('',2,(#1158,#1159,#1160),
  .UNSPECIFIED.,.F.,.F.,(3,3),(0.,1.),.PIECEWISE_BEZIER_KNOTS.);
#1158 = CARTESIAN_POINT('',(-8.19111328125,-4.31171875,3.));
#1159 = CARTESIAN_POINT('',(-8.2716796875,-4.4013671875,3.));
#1160 = CARTESIAN_POINT('',(-8.2716796875,-4.57890625,3.));
#1161 = PCURVE('',#100,#1162);
#1162 = DEFINITIONAL_REPRESENTATION('',(#1163),#1167);
#1163 = B_SPLINE_CURVE_WITH_KNOTS('',2,(#1164,#1165,#1166),
  .UNSPECIFIED.,.F.,.F.,(3,3),(0.,1.),.PIECEWISE_BEZIER_KNOTS.);
#1164 = CARTESIAN_POINT('',(-8.19111328125,-4.31171875));
#1165 = CARTESIAN_POINT('',(-8.2716796875,-4.4013671875));
#1166 = CARTESIAN_POINT('',(-8.2716796875,-4.57890625));
#1167 = ( GEOMETRIC_REPRESENTATION_CONTEXT(2) 
PARAMETRIC_REPRESENTATION_CONTEXT() REPRESENTATION_CONTEXT('2D SPACE',''
  ) );
#1168 = PCURVE('',#1169,#1176);
#1169 = SURFACE_OF_LINEAR_EXTRUSION('',#1170,#1174);
#1170 = B_SPLINE_CURVE_WITH_KNOTS('',2,(#1171,#1172,#1173),
  .UNSPECIFIED.,.F.,.F.,(3,3),(0.,1.),.PIECEWISE_BEZIER_KNOTS.);
#1171 = CARTESIAN_POINT('',(-8.19111328125,-4.31171875,2.7));
#1172 = CARTESIAN_POINT('',(-8.2716796875,-4.4013671875,2.7));
#1173 = CARTESIAN_POINT('',(-8.2716796875,-4.57890625,2.7));
#1174 = VECTOR('',#1175,1.);
#1175 = DIRECTION('',(-0.,-0.,-1.));
#1176 = DEFINITIONAL_REPRESENTATION('',(#1177),#1181);
#1177 = LINE('',#1178,#1179);
#1178 = CARTESIAN_POINT('',(0.,-0.3));
#1179 = VECTOR('',#1180,1.);
#1180 = DIRECTION('',(1.,0.));
#1181 = ( GEOMETRIC_REPRESENTATION_CONTEXT(2) 
PARAMETRIC_REPRESENTATION_CONTEXT() REPRESENTATION_CONTEXT('2D SPACE',''
  ) );
#1182 = ORIENTED_EDGE('',*,*,#1183,.T.);
#1183 = EDGE_CURVE('',#1154,#1184,#1186,.T.);
#1184 = VERTEX_POINT('',#1185);
#1185 = CARTESIAN_POINT('',(-8.19111328125,-4.8455078125,3.));
#1186 = SURFACE_CURVE('',#1187,(#1191,#1198),.PCURVE_S1.);
#1187 = B_SPLINE_CURVE_WITH_KNOTS('',2,(#1188,#1189,#1190),
  .UNSPECIFIED.,.F.,.F.,(3,3),(0.,1.),.PIECEWISE_BEZIER_KNOTS.);
#1188 = CARTESIAN_POINT('',(-8.2716796875,-4.57890625,3.));
#1189 = CARTESIAN_POINT('',(-8.2716796875,-4.755859375,3.));
#1190 = CARTESIAN_POINT('',(-8.19111328125,-4.8455078125,3.));
#1191 = PCURVE('',#100,#1192);
#1192 = DEFINITIONAL_REPRESENTATION('',(#1193),#1197);
#1193 = B_SPLINE_CURVE_WITH_KNOTS('',2,(#1194,#1195,#1196),
  .UNSPECIFIED.,.F.,.F.,(3,3),(0.,1.),.PIECEWISE_BEZIER_KNOTS.);
#1194 = CARTESIAN_POINT('',(-8.2716796875,-4.57890625));
#1195 = CARTESIAN_POINT('',(-8.2716796875,-4.755859375));
#1196 = CARTESIAN_POINT('',(-8.19111328125,-4.8455078125));
#1197 = ( GEOMETRIC_REPRESENTATION_CONTEXT(2) 
PARAMETRIC_REPRESENTATION_CONTEXT() REPRESENTATION_CONTEXT('2D SPACE',''
  ) );
#1198 = PCURVE('',#1199,#1206);
#1199 = SURFACE_OF_LINEAR_EXTRUSION('',#1200,#1204);
#1200 = B_SPLINE_CURVE_WITH_KNOTS('',2,(#1201,#1202,#1203),
  .UNSPECIFIED.,.F.,.F.,(3,3),(0.,1.),.PIECEWISE_BEZIER_KNOTS.);
#1201 = CARTESIAN_POINT('',(-8.2716796875,-4.57890625,2.7));
#1202 = CARTESIAN_POINT('',(-8.2716796875,-4.755859375,2.7));
#1203 = CARTESIAN_POINT('',(-8.19111328125,-4.8455078125,2.7));
#1204 = VECTOR('',#1205,1.);
#1205 = DIRECTION('',(-0.,-0.,-1.));
#1206 = DEFINITIONAL_REPRESENTATION('',(#1207),#1211);
#1207 = LINE('',#1208,#1209);
#1208 = CARTESIAN_POINT('',(0.,-0.3));
#1209 = VECTOR('',#1210,1.);
#1210 = DIRECTION('',(1.,0.));
#1211 = ( GEOMETRIC_REPRESENTATION_CONTEXT(2) 
PARAMETRIC_REPRESENTATION_CONTEXT() REPRESENTATION_CONTEXT('2D SPACE',''
  ) );
#1212 = ORIENTED_EDGE('',*,*,#1213,.T.);
#1213 = EDGE_CURVE('',#1184,#1214,#1216,.T.);
#1214 = VERTEX_POINT('',#1215);
#1215 = CARTESIAN_POINT('',(-7.95,-4.93515625,3.));
#1216 = SURFACE_CURVE('',#1217,(#1221,#1228),.PCURVE_S1.);
#1217 = B_SPLINE_CURVE_WITH_KNOTS('',2,(#1218,#1219,#1220),
  .UNSPECIFIED.,.F.,.F.,(3,3),(0.,1.),.PIECEWISE_BEZIER_KNOTS.);
#1218 = CARTESIAN_POINT('',(-8.19111328125,-4.8455078125,3.));
#1219 = CARTESIAN_POINT('',(-8.110546875,-4.93515625,3.));
#1220 = CARTESIAN_POINT('',(-7.95,-4.93515625,3.));
#1221 = PCURVE('',#100,#1222);
#1222 = DEFINITIONAL_REPRESENTATION('',(#1223),#1227);
#1223 = B_SPLINE_CURVE_WITH_KNOTS('',2,(#1224,#1225,#1226),
  .UNSPECIFIED.,.F.,.F.,(3,3),(0.,1.),.PIECEWISE_BEZIER_KNOTS.);
#1224 = CARTESIAN_POINT('',(-8.19111328125,-4.8455078125));
#1225 = CARTESIAN_POINT('',(-8.110546875,-4.93515625));
#1226 = CARTESIAN_POINT('',(-7.95,-4.93515625));
#1227 = ( GEOMETRIC_REPRESENTATION_CONTEXT(2) 
PARAMETRIC_REPRESENTATION_CONTEXT() REPRESENTATION_CONTEXT('2D SPACE',''
  ) );
#1228 = PCURVE('',#1229,#1236);
#1229 = SURFACE_OF_LINEAR_EXTRUSION('',#1230,#1234);
#1230 = B_SPLINE_CURVE_WITH_KNOTS('',2,(#1231,#1232,#1233),
  .UNSPECIFIED.,.F.,.F.,(3,3),(0.,1.),.PIECEWISE_BEZIER_KNOTS.);
#1231 = CARTESIAN_POINT('',(-8.19111328125,-4.8455078125,2.7));
#1232 = CARTESIAN_POINT('',(-8.110546875,-4.93515625,2.7));
#1233 = CARTESIAN_POINT('',(-7.95,-4.93515625,2.7));
#1234 = VECTOR('',#1235,1.);
#1235 = DIRECTION('',(-0.,-0.,-1.));
#1236 = DEFINITIONAL_REPRESENTATION('',(#1237),#1241);
#1237 = LINE('',#1238,#1239);
#1238 = CARTESIAN_POINT('',(0.,-0.3));
#1239 = VECTOR('',#1240,1.);
#1240 = DIRECTION('',(1.,0.));
#1241 = ( GEOMETRIC_REPRESENTATION_CONTEXT(2) 
PARAMETRIC_REPRESENTATION_CONTEXT() REPRESENTATION_CONTEXT('2D SPACE',''
  ) );
#1242 = ORIENTED_EDGE('',*,*,#1243,.T.);
#1243 = EDGE_CURVE('',#1214,#624,#1244,.T.);
#1244 = SURFACE_CURVE('',#1245,(#1249,#1256),.PCURVE_S1.);
#1245 = B_SPLINE_CURVE_WITH_KNOTS('',2,(#1246,#1247,#1248),
  .UNSPECIFIED.,.F.,.F.,(3,3),(0.,1.),.PIECEWISE_BEZIER_KNOTS.);
#1246 = CARTESIAN_POINT('',(-7.95,-4.93515625,3.));
#1247 = CARTESIAN_POINT('',(-7.8873046875,-4.93515625,3.));
#1248 = CARTESIAN_POINT('',(-7.8380859375,-4.92431640625,3.));
#1249 = PCURVE('',#100,#1250);
#1250 = DEFINITIONAL_REPRESENTATION('',(#1251),#1255);
#1251 = B_SPLINE_CURVE_WITH_KNOTS('',2,(#1252,#1253,#1254),
  .UNSPECIFIED.,.F.,.F.,(3,3),(0.,1.),.PIECEWISE_BEZIER_KNOTS.);
#1252 = CARTESIAN_POINT('',(-7.95,-4.93515625));
#1253 = CARTESIAN_POINT('',(-7.8873046875,-4.93515625));
#1254 = CARTESIAN_POINT('',(-7.8380859375,-4.92431640625));
#1255 = ( GEOMETRIC_REPRESENTATION_CONTEXT(2) 
PARAMETRIC_REPRESENTATION_CONTEXT() REPRESENTATION_CONTEXT('2D SPACE',''
  ) );
#1256 = PCURVE('',#1257,#1264);
#1257 = SURFACE_OF_LINEAR_EXTRUSION('',#1258,#1262);
#1258 = B_SPLINE_CURVE_WITH_KNOTS('',2,(#1259,#1260,#1261),
  .UNSPECIFIED.,.F.,.F.,(3,3),(0.,1.),.PIECEWISE_BEZIER_KNOTS.);
#1259 = CARTESIAN_POINT('',(-7.95,-4.93515625,2.7));
#1260 = CARTESIAN_POINT('',(-7.8873046875,-4.93515625,2.7));
#1261 = CARTESIAN_POINT('',(-7.8380859375,-4.92431640625,2.7));
#1262 = VECTOR('',#1263,1.);
#1263 = DIRECTION('',(-0.,-0.,-1.));
#1264 = DEFINITIONAL_REPRESENTATION('',(#1265),#1269);
#1265 = LINE('',#1266,#1267);
#1266 = CARTESIAN_POINT('',(0.,-0.3));
#1267 = VECTOR('',#1268,1.);
#1268 = DIRECTION('',(1.,0.));
#1269 = ( GEOMETRIC_REPRESENTATION_CONTEXT(2) 
PARAMETRIC_REPRESENTATION_CONTEXT() REPRESENTATION_CONTEXT('2D SPACE',''
  ) );
#1270 = FACE_BOUND('',#1271,.T.);
#1271 = EDGE_LOOP('',(#1272,#1304,#1334,#1364,#1394,#1424,#1454,#1484));
#1272 = ORIENTED_EDGE('',*,*,#1273,.T.);
#1273 = EDGE_CURVE('',#1274,#1276,#1278,.T.);
#1274 = VERTEX_POINT('',#1275);
#1275 = CARTESIAN_POINT('',(-7.35615234375,-4.24814453125,3.));
#1276 = VERTEX_POINT('',#1277);
#1277 = CARTESIAN_POINT('',(-7.0611328125,-4.1248046875,3.));
#1278 = SURFACE_CURVE('',#1279,(#1283,#1290),.PCURVE_S1.);
#1279 = B_SPLINE_CURVE_WITH_KNOTS('',2,(#1280,#1281,#1282),
  .UNSPECIFIED.,.F.,.F.,(3,3),(0.,1.),.PIECEWISE_BEZIER_KNOTS.);
#1280 = CARTESIAN_POINT('',(-7.35615234375,-4.24814453125,3.));
#1281 = CARTESIAN_POINT('',(-7.245703125,-4.1248046875,3.));
#1282 = CARTESIAN_POINT('',(-7.0611328125,-4.1248046875,3.));
#1283 = PCURVE('',#100,#1284);
#1284 = DEFINITIONAL_REPRESENTATION('',(#1285),#1289);
#1285 = B_SPLINE_CURVE_WITH_KNOTS('',2,(#1286,#1287,#1288),
  .UNSPECIFIED.,.F.,.F.,(3,3),(0.,1.),.PIECEWISE_BEZIER_KNOTS.);
#1286 = CARTESIAN_POINT('',(-7.35615234375,-4.24814453125));
#1287 = CARTESIAN_POINT('',(-7.245703125,-4.1248046875));
#1288 = CARTESIAN_POINT('',(-7.0611328125,-4.1248046875));
#1289 = ( GEOMETRIC_REPRESENTATION_CONTEXT(2) 
PARAMETRIC_REPRESENTATION_CONTEXT() REPRESENTATION_CONTEXT('2D SPACE',''
  ) );
#1290 = PCURVE('',#1291,#1298);
#1291 = SURFACE_OF_LINEAR_EXTRUSION('',#1292,#1296);
#1292 = B_SPLINE_CURVE_WITH_KNOTS('',2,(#1293,#1294,#1295),
  .UNSPECIFIED.,.F.,.F.,(3,3),(0.,1.),.PIECEWISE_BEZIER_KNOTS.);
#1293 = CARTESIAN_POINT('',(-7.35615234375,-4.24814453125,2.7));
#1294 = CARTESIAN_POINT('',(-7.245703125,-4.1248046875,2.7));
#1295 = CARTESIAN_POINT('',(-7.0611328125,-4.1248046875,2.7));
#1296 = VECTOR('',#1297,1.);
#1297 = DIRECTION('',(-0.,-0.,-1.));
#1298 = DEFINITIONAL_REPRESENTATION('',(#1299),#1303);
#1299 = LINE('',#1300,#1301);
#1300 = CARTESIAN_POINT('',(0.,-0.3));
#1301 = VECTOR('',#1302,1.);
#1302 = DIRECTION('',(1.,0.));
#1303 = ( GEOMETRIC_REPRESENTATION_CONTEXT(2) 
PARAMETRIC_REPRESENTATION_CONTEXT() REPRESENTATION_CONTEXT('2D SPACE',''
  ) );
#1304 = ORIENTED_EDGE('',*,*,#1305,.T.);
#1305 = EDGE_CURVE('',#1276,#1306,#1308,.T.);
#1306 = VERTEX_POINT('',#1307);
#1307 = CARTESIAN_POINT('',(-6.7669921875,-4.24814453125,3.));
#1308 = SURFACE_CURVE('',#1309,(#1313,#1320),.PCURVE_S1.);
#1309 = B_SPLINE_CURVE_WITH_KNOTS('',2,(#1310,#1311,#1312),
  .UNSPECIFIED.,.F.,.F.,(3,3),(0.,1.),.PIECEWISE_BEZIER_KNOTS.);
#1310 = CARTESIAN_POINT('',(-7.0611328125,-4.1248046875,3.));
#1311 = CARTESIAN_POINT('',(-6.8771484375,-4.1248046875,3.));
#1312 = CARTESIAN_POINT('',(-6.7669921875,-4.24814453125,3.));
#1313 = PCURVE('',#100,#1314);
#1314 = DEFINITIONAL_REPRESENTATION('',(#1315),#1319);
#1315 = B_SPLINE_CURVE_WITH_KNOTS('',2,(#1316,#1317,#1318),
  .UNSPECIFIED.,.F.,.F.,(3,3),(0.,1.),.PIECEWISE_BEZIER_KNOTS.);
#1316 = CARTESIAN_POINT('',(-7.0611328125,-4.1248046875));
#1317 = CARTESIAN_POINT('',(-6.8771484375,-4.1248046875));
#1318 = CARTESIAN_POINT('',(-6.7669921875,-4.24814453125));
#1319 = ( GEOMETRIC_REPRESENTATION_CONTEXT(2) 
PARAMETRIC_REPRESENTATION_CONTEXT() REPRESENTATION_CONTEXT('2D SPACE',''
  ) );
#1320 = PCURVE('',#1321,#1328);
#1321 = SURFACE_OF_LINEAR_EXTRUSION('',#1322,#1326);
#1322 = B_SPLINE_CURVE_WITH_KNOTS('',2,(#1323,#1324,#1325),
  .UNSPECIFIED.,.F.,.F.,(3,3),(0.,1.),.PIECEWISE_BEZIER_KNOTS.);
#1323 = CARTESIAN_POINT('',(-7.0611328125,-4.1248046875,2.7));
#1324 = CARTESIAN_POINT('',(-6.8771484375,-4.1248046875,2.7));
#1325 = CARTESIAN_POINT('',(-6.7669921875,-4.24814453125,2.7));
#1326 = VECTOR('',#1327,1.);
#1327 = DIRECTION('',(-0.,-0.,-1.));
#1328 = DEFINITIONAL_REPRESENTATION('',(#1329),#1333);
#1329 = LINE('',#1330,#1331);
#1330 = CARTESIAN_POINT('',(0.,-0.3));
#1331 = VECTOR('',#1332,1.);
#1332 = DIRECTION('',(1.,0.));
#1333 = ( GEOMETRIC_REPRESENTATION_CONTEXT(2) 
PARAMETRIC_REPRESENTATION_CONTEXT() REPRESENTATION_CONTEXT('2D SPACE',''
  ) );
#1334 = ORIENTED_EDGE('',*,*,#1335,.T.);
#1335 = EDGE_CURVE('',#1306,#1336,#1338,.T.);
#1336 = VERTEX_POINT('',#1337);
#1337 = CARTESIAN_POINT('',(-6.6568359375,-4.57890625,3.));
#1338 = SURFACE_CURVE('',#1339,(#1343,#1350),.PCURVE_S1.);
#1339 = B_SPLINE_CURVE_WITH_KNOTS('',2,(#1340,#1341,#1342),
  .UNSPECIFIED.,.F.,.F.,(3,3),(0.,1.),.PIECEWISE_BEZIER_KNOTS.);
#1340 = CARTESIAN_POINT('',(-6.7669921875,-4.24814453125,3.));
#1341 = CARTESIAN_POINT('',(-6.6568359375,-4.371484375,3.));
#1342 = CARTESIAN_POINT('',(-6.6568359375,-4.57890625,3.));
#1343 = PCURVE('',#100,#1344);
#1344 = DEFINITIONAL_REPRESENTATION('',(#1345),#1349);
#1345 = B_SPLINE_CURVE_WITH_KNOTS('',2,(#1346,#1347,#1348),
  .UNSPECIFIED.,.F.,.F.,(3,3),(0.,1.),.PIECEWISE_BEZIER_KNOTS.);
#1346 = CARTESIAN_POINT('',(-6.7669921875,-4.24814453125));
#1347 = CARTESIAN_POINT('',(-6.6568359375,-4.371484375));
#1348 = CARTESIAN_POINT('',(-6.6568359375,-4.57890625));
#1349 = ( GEOMETRIC_REPRESENTATION_CONTEXT(2) 
PARAMETRIC_REPRESENTATION_CONTEXT() REPRESENTATION_CONTEXT('2D SPACE',''
  ) );
#1350 = PCURVE('',#1351,#1358);
#1351 = SURFACE_OF_LINEAR_EXTRUSION('',#1352,#1356);
#1352 = B_SPLINE_CURVE_WITH_KNOTS('',2,(#1353,#1354,#1355),
  .UNSPECIFIED.,.F.,.F.,(3,3),(0.,1.),.PIECEWISE_BEZIER_KNOTS.);
#1353 = CARTESIAN_POINT('',(-6.7669921875,-4.24814453125,2.7));
#1354 = CARTESIAN_POINT('',(-6.6568359375,-4.371484375,2.7));
#1355 = CARTESIAN_POINT('',(-6.6568359375,-4.57890625,2.7));
#1356 = VECTOR('',#1357,1.);
#1357 = DIRECTION('',(-0.,-0.,-1.));
#1358 = DEFINITIONAL_REPRESENTATION('',(#1359),#1363);
#1359 = LINE('',#1360,#1361);
#1360 = CARTESIAN_POINT('',(0.,-0.3));
#1361 = VECTOR('',#1362,1.);
#1362 = DIRECTION('',(1.,0.));
#1363 = ( GEOMETRIC_REPRESENTATION_CONTEXT(2) 
PARAMETRIC_REPRESENTATION_CONTEXT() REPRESENTATION_CONTEXT('2D SPACE',''
  ) );
#1364 = ORIENTED_EDGE('',*,*,#1365,.T.);
#1365 = EDGE_CURVE('',#1336,#1366,#1368,.T.);
#1366 = VERTEX_POINT('',#1367);
#1367 = CARTESIAN_POINT('',(-6.7669921875,-4.90908203125,3.));
#1368 = SURFACE_CURVE('',#1369,(#1373,#1380),.PCURVE_S1.);
#1369 = B_SPLINE_CURVE_WITH_KNOTS('',2,(#1370,#1371,#1372),
  .UNSPECIFIED.,.F.,.F.,(3,3),(0.,1.),.PIECEWISE_BEZIER_KNOTS.);
#1370 = CARTESIAN_POINT('',(-6.6568359375,-4.57890625,3.));
#1371 = CARTESIAN_POINT('',(-6.6568359375,-4.7857421875,3.));
#1372 = CARTESIAN_POINT('',(-6.7669921875,-4.90908203125,3.));
#1373 = PCURVE('',#100,#1374);
#1374 = DEFINITIONAL_REPRESENTATION('',(#1375),#1379);
#1375 = B_SPLINE_CURVE_WITH_KNOTS('',2,(#1376,#1377,#1378),
  .UNSPECIFIED.,.F.,.F.,(3,3),(0.,1.),.PIECEWISE_BEZIER_KNOTS.);
#1376 = CARTESIAN_POINT('',(-6.6568359375,-4.57890625));
#1377 = CARTESIAN_POINT('',(-6.6568359375,-4.7857421875));
#1378 = CARTESIAN_POINT('',(-6.7669921875,-4.90908203125));
#1379 = ( GEOMETRIC_REPRESENTATION_CONTEXT(2) 
PARAMETRIC_REPRESENTATION_CONTEXT() REPRESENTATION_CONTEXT('2D SPACE',''
  ) );
#1380 = PCURVE('',#1381,#1388);
#1381 = SURFACE_OF_LINEAR_EXTRUSION('',#1382,#1386);
#1382 = B_SPLINE_CURVE_WITH_KNOTS('',2,(#1383,#1384,#1385),
  .UNSPECIFIED.,.F.,.F.,(3,3),(0.,1.),.PIECEWISE_BEZIER_KNOTS.);
#1383 = CARTESIAN_POINT('',(-6.6568359375,-4.57890625,2.7));
#1384 = CARTESIAN_POINT('',(-6.6568359375,-4.7857421875,2.7));
#1385 = CARTESIAN_POINT('',(-6.7669921875,-4.90908203125,2.7));
#1386 = VECTOR('',#1387,1.);
#1387 = DIRECTION('',(-0.,-0.,-1.));
#1388 = DEFINITIONAL_REPRESENTATION('',(#1389),#1393);
#1389 = LINE('',#1390,#1391);
#1390 = CARTESIAN_POINT('',(0.,-0.3));
#1391 = VECTOR('',#1392,1.);
#1392 = DIRECTION('',(1.,0.));
#1393 = ( GEOMETRIC_REPRESENTATION_CONTEXT(2) 
PARAMETRIC_REPRESENTATION_CONTEXT() REPRESENTATION_CONTEXT('2D SPACE',''
  ) );
#1394 = ORIENTED_EDGE('',*,*,#1395,.T.);
#1395 = EDGE_CURVE('',#1366,#1396,#1398,.T.);
#1396 = VERTEX_POINT('',#1397);
#1397 = CARTESIAN_POINT('',(-7.0611328125,-5.032421875,3.));
#1398 = SURFACE_CURVE('',#1399,(#1403,#1410),.PCURVE_S1.);
#1399 = B_SPLINE_CURVE_WITH_KNOTS('',2,(#1400,#1401,#1402),
  .UNSPECIFIED.,.F.,.F.,(3,3),(0.,1.),.PIECEWISE_BEZIER_KNOTS.);
#1400 = CARTESIAN_POINT('',(-6.7669921875,-4.90908203125,3.));
#1401 = CARTESIAN_POINT('',(-6.8771484375,-5.032421875,3.));
#1402 = CARTESIAN_POINT('',(-7.0611328125,-5.032421875,3.));
#1403 = PCURVE('',#100,#1404);
#1404 = DEFINITIONAL_REPRESENTATION('',(#1405),#1409);
#1405 = B_SPLINE_CURVE_WITH_KNOTS('',2,(#1406,#1407,#1408),
  .UNSPECIFIED.,.F.,.F.,(3,3),(0.,1.),.PIECEWISE_BEZIER_KNOTS.);
#1406 = CARTESIAN_POINT('',(-6.7669921875,-4.90908203125));
#1407 = CARTESIAN_POINT('',(-6.8771484375,-5.032421875));
#1408 = CARTESIAN_POINT('',(-7.0611328125,-5.032421875));
#1409 = ( GEOMETRIC_REPRESENTATION_CONTEXT(2) 
PARAMETRIC_REPRESENTATION_CONTEXT() REPRESENTATION_CONTEXT('2D SPACE',''
  ) );
#1410 = PCURVE('',#1411,#1418);
#1411 = SURFACE_OF_LINEAR_EXTRUSION('',#1412,#1416);
#1412 = B_SPLINE_CURVE_WITH_KNOTS('',2,(#1413,#1414,#1415),
  .UNSPECIFIED.,.F.,.F.,(3,3),(0.,1.),.PIECEWISE_BEZIER_KNOTS.);
#1413 = CARTESIAN_POINT('',(-6.7669921875,-4.90908203125,2.7));
#1414 = CARTESIAN_POINT('',(-6.8771484375,-5.032421875,2.7));
#1415 = CARTESIAN_POINT('',(-7.0611328125,-5.032421875,2.7));
#1416 = VECTOR('',#1417,1.);
#1417 = DIRECTION('',(-0.,-0.,-1.));
#1418 = DEFINITIONAL_REPRESENTATION('',(#1419),#1423);
#1419 = LINE('',#1420,#1421);
#1420 = CARTESIAN_POINT('',(0.,-0.3));
#1421 = VECTOR('',#1422,1.);
#1422 = DIRECTION('',(1.,0.));
#1423 = ( GEOMETRIC_REPRESENTATION_CONTEXT(2) 
PARAMETRIC_REPRESENTATION_CONTEXT() REPRESENTATION_CONTEXT('2D SPACE',''
  ) );
#1424 = ORIENTED_EDGE('',*,*,#1425,.T.);
#1425 = EDGE_CURVE('',#1396,#1426,#1428,.T.);
#1426 = VERTEX_POINT('',#1427);
#1427 = CARTESIAN_POINT('',(-7.35615234375,-4.909375,3.));
#1428 = SURFACE_CURVE('',#1429,(#1433,#1440),.PCURVE_S1.);
#1429 = B_SPLINE_CURVE_WITH_KNOTS('',2,(#1430,#1431,#1432),
  .UNSPECIFIED.,.F.,.F.,(3,3),(0.,1.),.PIECEWISE_BEZIER_KNOTS.);
#1430 = CARTESIAN_POINT('',(-7.0611328125,-5.032421875,3.));
#1431 = CARTESIAN_POINT('',(-7.245703125,-5.032421875,3.));
#1432 = CARTESIAN_POINT('',(-7.35615234375,-4.909375,3.));
#1433 = PCURVE('',#100,#1434);
#1434 = DEFINITIONAL_REPRESENTATION('',(#1435),#1439);
#1435 = B_SPLINE_CURVE_WITH_KNOTS('',2,(#1436,#1437,#1438),
  .UNSPECIFIED.,.F.,.F.,(3,3),(0.,1.),.PIECEWISE_BEZIER_KNOTS.);
#1436 = CARTESIAN_POINT('',(-7.0611328125,-5.032421875));
#1437 = CARTESIAN_POINT('',(-7.245703125,-5.032421875));
#1438 = CARTESIAN_POINT('',(-7.35615234375,-4.909375));
#1439 = ( GEOMETRIC_REPRESENTATION_CONTEXT(2) 
PARAMETRIC_REPRESENTATION_CONTEXT() REPRESENTATION_CONTEXT('2D SPACE',''
  ) );
#1440 = PCURVE('',#1441,#1448);
#1441 = SURFACE_OF_LINEAR_EXTRUSION('',#1442,#1446);
#1442 = B_SPLINE_CURVE_WITH_KNOTS('',2,(#1443,#1444,#1445),
  .UNSPECIFIED.,.F.,.F.,(3,3),(0.,1.),.PIECEWISE_BEZIER_KNOTS.);
#1443 = CARTESIAN_POINT('',(-7.0611328125,-5.032421875,2.7));
#1444 = CARTESIAN_POINT('',(-7.245703125,-5.032421875,2.7));
#1445 = CARTESIAN_POINT('',(-7.35615234375,-4.909375,2.7));
#1446 = VECTOR('',#1447,1.);
#1447 = DIRECTION('',(-0.,-0.,-1.));
#1448 = DEFINITIONAL_REPRESENTATION('',(#1449),#1453);
#1449 = LINE('',#1450,#1451);
#1450 = CARTESIAN_POINT('',(0.,-0.3));
#1451 = VECTOR('',#1452,1.);
#1452 = DIRECTION('',(1.,0.));
#1453 = ( GEOMETRIC_REPRESENTATION_CONTEXT(2) 
PARAMETRIC_REPRESENTATION_CONTEXT() REPRESENTATION_CONTEXT('2D SPACE',''
  ) );
#1454 = ORIENTED_EDGE('',*,*,#1455,.T.);
#1455 = EDGE_CURVE('',#1426,#1456,#1458,.T.);
#1456 = VERTEX_POINT('',#1457);
#1457 = CARTESIAN_POINT('',(-7.4666015625,-4.57890625,3.));
#1458 = SURFACE_CURVE('',#1459,(#1463,#1470),.PCURVE_S1.);
#1459 = B_SPLINE_CURVE_WITH_KNOTS('',2,(#1460,#1461,#1462),
  .UNSPECIFIED.,.F.,.F.,(3,3),(0.,1.),.PIECEWISE_BEZIER_KNOTS.);
#1460 = CARTESIAN_POINT('',(-7.35615234375,-4.909375,3.));
#1461 = CARTESIAN_POINT('',(-7.4666015625,-4.786328125,3.));
#1462 = CARTESIAN_POINT('',(-7.4666015625,-4.57890625,3.));
#1463 = PCURVE('',#100,#1464);
#1464 = DEFINITIONAL_REPRESENTATION('',(#1465),#1469);
#1465 = B_SPLINE_CURVE_WITH_KNOTS('',2,(#1466,#1467,#1468),
  .UNSPECIFIED.,.F.,.F.,(3,3),(0.,1.),.PIECEWISE_BEZIER_KNOTS.);
#1466 = CARTESIAN_POINT('',(-7.35615234375,-4.909375));
#1467 = CARTESIAN_POINT('',(-7.4666015625,-4.786328125));
#1468 = CARTESIAN_POINT('',(-7.4666015625,-4.57890625));
#1469 = ( GEOMETRIC_REPRESENTATION_CONTEXT(2) 
PARAMETRIC_REPRESENTATION_CONTEXT() REPRESENTATION_CONTEXT('2D SPACE',''
  ) );
#1470 = PCURVE('',#1471,#1478);
#1471 = SURFACE_OF_LINEAR_EXTRUSION('',#1472,#1476);
#1472 = B_SPLINE_CURVE_WITH_KNOTS('',2,(#1473,#1474,#1475),
  .UNSPECIFIED.,.F.,.F.,(3,3),(0.,1.),.PIECEWISE_BEZIER_KNOTS.);
#1473 = CARTESIAN_POINT('',(-7.35615234375,-4.909375,2.7));
#1474 = CARTESIAN_POINT('',(-7.4666015625,-4.786328125,2.7));
#1475 = CARTESIAN_POINT('',(-7.4666015625,-4.57890625,2.7));
#1476 = VECTOR('',#1477,1.);
#1477 = DIRECTION('',(-0.,-0.,-1.));
#1478 = DEFINITIONAL_REPRESENTATION('',(#1479),#1483);
#1479 = LINE('',#1480,#1481);
#1480 = CARTESIAN_POINT('',(0.,-0.3));
#1481 = VECTOR('',#1482,1.);
#1482 = DIRECTION('',(1.,0.));
#1483 = ( GEOMETRIC_REPRESENTATION_CONTEXT(2) 
PARAMETRIC_REPRESENTATION_CONTEXT() REPRESENTATION_CONTEXT('2D SPACE',''
  ) );
#1484 = ORIENTED_EDGE('',*,*,#1485,.T.);
#1485 = EDGE_CURVE('',#1456,#1274,#1486,.T.);
#1486 = SURFACE_CURVE('',#1487,(#1491,#1498),.PCURVE_S1.);
#1487 = B_SPLINE_CURVE_WITH_KNOTS('',2,(#1488,#1489,#1490),
  .UNSPECIFIED.,.F.,.F.,(3,3),(0.,1.),.PIECEWISE_BEZIER_KNOTS.);
#1488 = CARTESIAN_POINT('',(-7.4666015625,-4.57890625,3.));
#1489 = CARTESIAN_POINT('',(-7.4666015625,-4.371484375,3.));
#1490 = CARTESIAN_POINT('',(-7.35615234375,-4.24814453125,3.));
#1491 = PCURVE('',#100,#1492);
#1492 = DEFINITIONAL_REPRESENTATION('',(#1493),#1497);
#1493 = B_SPLINE_CURVE_WITH_KNOTS('',2,(#1494,#1495,#1496),
  .UNSPECIFIED.,.F.,.F.,(3,3),(0.,1.),.PIECEWISE_BEZIER_KNOTS.);
#1494 = CARTESIAN_POINT('',(-7.4666015625,-4.57890625));
#1495 = CARTESIAN_POINT('',(-7.4666015625,-4.371484375));
#1496 = CARTESIAN_POINT('',(-7.35615234375,-4.24814453125));
#1497 = ( GEOMETRIC_REPRESENTATION_CONTEXT(2) 
PARAMETRIC_REPRESENTATION_CONTEXT() REPRESENTATION_CONTEXT('2D SPACE',''
  ) );
#1498 = PCURVE('',#1499,#1506);
#1499 = SURFACE_OF_LINEAR_EXTRUSION('',#1500,#1504);
#1500 = B_SPLINE_CURVE_WITH_KNOTS('',2,(#1501,#1502,#1503),
  .UNSPECIFIED.,.F.,.F.,(3,3),(0.,1.),.PIECEWISE_BEZIER_KNOTS.);
#1501 = CARTESIAN_POINT('',(-7.4666015625,-4.57890625,2.7));
#1502 = CARTESIAN_POINT('',(-7.4666015625,-4.371484375,2.7));
#1503 = CARTESIAN_POINT('',(-7.35615234375,-4.24814453125,2.7));
#1504 = VECTOR('',#1505,1.);
#1505 = DIRECTION('',(-0.,-0.,-1.));
#1506 = DEFINITIONAL_REPRESENTATION('',(#1507),#1511);
#1507 = LINE('',#1508,#1509);
#1508 = CARTESIAN_POINT('',(0.,-0.3));
#1509 = VECTOR('',#1510,1.);
#1510 = DIRECTION('',(1.,0.));
#1511 = ( GEOMETRIC_REPRESENTATION_CONTEXT(2) 
PARAMETRIC_REPRESENTATION_CONTEXT() REPRESENTATION_CONTEXT('2D SPACE',''
  ) );
#1512 = FACE_BOUND('',#1513,.T.);
#1513 = EDGE_LOOP('',(#1514,#1546,#1574,#1602,#1630,#1658,#1686,#1716,
    #1746,#1776,#1806,#1836,#1866,#1896,#1926,#1954,#1984,#2014,#2044,
    #2074,#2104,#2134));
#1514 = ORIENTED_EDGE('',*,*,#1515,.T.);
#1515 = EDGE_CURVE('',#1516,#1518,#1520,.T.);
#1516 = VERTEX_POINT('',#1517);
#1517 = CARTESIAN_POINT('',(-5.98212890625,-4.547265625,3.));
#1518 = VERTEX_POINT('',#1519);
#1519 = CARTESIAN_POINT('',(-6.078515625,-4.580078125,3.));
#1520 = SURFACE_CURVE('',#1521,(#1525,#1532),.PCURVE_S1.);
#1521 = B_SPLINE_CURVE_WITH_KNOTS('',2,(#1522,#1523,#1524),
  .UNSPECIFIED.,.F.,.F.,(3,3),(0.,1.),.PIECEWISE_BEZIER_KNOTS.);
#1522 = CARTESIAN_POINT('',(-5.98212890625,-4.547265625,3.));
#1523 = CARTESIAN_POINT('',(-6.029296875,-4.5578125,3.));
#1524 = CARTESIAN_POINT('',(-6.078515625,-4.580078125,3.));
#1525 = PCURVE('',#100,#1526);
#1526 = DEFINITIONAL_REPRESENTATION('',(#1527),#1531);
#1527 = B_SPLINE_CURVE_WITH_KNOTS('',2,(#1528,#1529,#1530),
  .UNSPECIFIED.,.F.,.F.,(3,3),(0.,1.),.PIECEWISE_BEZIER_KNOTS.);
#1528 = CARTESIAN_POINT('',(-5.98212890625,-4.547265625));
#1529 = CARTESIAN_POINT('',(-6.029296875,-4.5578125));
#1530 = CARTESIAN_POINT('',(-6.078515625,-4.580078125));
#1531 = ( GEOMETRIC_REPRESENTATION_CONTEXT(2) 
PARAMETRIC_REPRESENTATION_CONTEXT() REPRESENTATION_CONTEXT('2D SPACE',''
  ) );
#1532 = PCURVE('',#1533,#1540);
#1533 = SURFACE_OF_LINEAR_EXTRUSION('',#1534,#1538);
#1534 = B_SPLINE_CURVE_WITH_KNOTS('',2,(#1535,#1536,#1537),
  .UNSPECIFIED.,.F.,.F.,(3,3),(0.,1.),.PIECEWISE_BEZIER_KNOTS.);
#1535 = CARTESIAN_POINT('',(-5.98212890625,-4.547265625,2.7));
#1536 = CARTESIAN_POINT('',(-6.029296875,-4.5578125,2.7));
#1537 = CARTESIAN_POINT('',(-6.078515625,-4.580078125,2.7));
#1538 = VECTOR('',#1539,1.);
#1539 = DIRECTION('',(-0.,-0.,-1.));
#1540 = DEFINITIONAL_REPRESENTATION('',(#1541),#1545);
#1541 = LINE('',#1542,#1543);
#1542 = CARTESIAN_POINT('',(0.,-0.3));
#1543 = VECTOR('',#1544,1.);
#1544 = DIRECTION('',(1.,0.));
#1545 = ( GEOMETRIC_REPRESENTATION_CONTEXT(2) 
PARAMETRIC_REPRESENTATION_CONTEXT() REPRESENTATION_CONTEXT('2D SPACE',''
  ) );
#1546 = ORIENTED_EDGE('',*,*,#1547,.T.);
#1547 = EDGE_CURVE('',#1518,#1548,#1550,.T.);
#1548 = VERTEX_POINT('',#1549);
#1549 = CARTESIAN_POINT('',(-6.078515625,-4.140625,3.));
#1550 = SURFACE_CURVE('',#1551,(#1555,#1562),.PCURVE_S1.);
#1551 = LINE('',#1552,#1553);
#1552 = CARTESIAN_POINT('',(-6.078515625,-4.580078125,3.));
#1553 = VECTOR('',#1554,1.);
#1554 = DIRECTION('',(0.,1.,0.));
#1555 = PCURVE('',#100,#1556);
#1556 = DEFINITIONAL_REPRESENTATION('',(#1557),#1561);
#1557 = LINE('',#1558,#1559);
#1558 = CARTESIAN_POINT('',(-6.078515625,-4.580078125));
#1559 = VECTOR('',#1560,1.);
#1560 = DIRECTION('',(0.,1.));
#1561 = ( GEOMETRIC_REPRESENTATION_CONTEXT(2) 
PARAMETRIC_REPRESENTATION_CONTEXT() REPRESENTATION_CONTEXT('2D SPACE',''
  ) );
#1562 = PCURVE('',#1563,#1568);
#1563 = PLANE('',#1564);
#1564 = AXIS2_PLACEMENT_3D('',#1565,#1566,#1567);
#1565 = CARTESIAN_POINT('',(-6.078515625,-4.580078125,2.7));
#1566 = DIRECTION('',(-1.,0.,0.));
#1567 = DIRECTION('',(0.,1.,0.));
#1568 = DEFINITIONAL_REPRESENTATION('',(#1569),#1573);
#1569 = LINE('',#1570,#1571);
#1570 = CARTESIAN_POINT('',(8.881784197001E-16,-0.3));
#1571 = VECTOR('',#1572,1.);
#1572 = DIRECTION('',(1.,0.));
#1573 = ( GEOMETRIC_REPRESENTATION_CONTEXT(2) 
PARAMETRIC_REPRESENTATION_CONTEXT() REPRESENTATION_CONTEXT('2D SPACE',''
  ) );
#1574 = ORIENTED_EDGE('',*,*,#1575,.T.);
#1575 = EDGE_CURVE('',#1548,#1576,#1578,.T.);
#1576 = VERTEX_POINT('',#1577);
#1577 = CARTESIAN_POINT('',(-5.6138671875,-4.140625,3.));
#1578 = SURFACE_CURVE('',#1579,(#1583,#1590),.PCURVE_S1.);
#1579 = LINE('',#1580,#1581);
#1580 = CARTESIAN_POINT('',(-6.078515625,-4.140625,3.));
#1581 = VECTOR('',#1582,1.);
#1582 = DIRECTION('',(1.,0.,0.));
#1583 = PCURVE('',#100,#1584);
#1584 = DEFINITIONAL_REPRESENTATION('',(#1585),#1589);
#1585 = LINE('',#1586,#1587);
#1586 = CARTESIAN_POINT('',(-6.078515625,-4.140625));
#1587 = VECTOR('',#1588,1.);
#1588 = DIRECTION('',(1.,0.));
#1589 = ( GEOMETRIC_REPRESENTATION_CONTEXT(2) 
PARAMETRIC_REPRESENTATION_CONTEXT() REPRESENTATION_CONTEXT('2D SPACE',''
  ) );
#1590 = PCURVE('',#1591,#1596);
#1591 = PLANE('',#1592);
#1592 = AXIS2_PLACEMENT_3D('',#1593,#1594,#1595);
#1593 = CARTESIAN_POINT('',(-6.078515625,-4.140625,2.7));
#1594 = DIRECTION('',(0.,1.,0.));
#1595 = DIRECTION('',(1.,0.,0.));
#1596 = DEFINITIONAL_REPRESENTATION('',(#1597),#1601);
#1597 = LINE('',#1598,#1599);
#1598 = CARTESIAN_POINT('',(0.,-0.3));
#1599 = VECTOR('',#1600,1.);
#1600 = DIRECTION('',(1.,0.));
#1601 = ( GEOMETRIC_REPRESENTATION_CONTEXT(2) 
PARAMETRIC_REPRESENTATION_CONTEXT() REPRESENTATION_CONTEXT('2D SPACE',''
  ) );
#1602 = ORIENTED_EDGE('',*,*,#1603,.T.);
#1603 = EDGE_CURVE('',#1576,#1604,#1606,.T.);
#1604 = VERTEX_POINT('',#1605);
#1605 = CARTESIAN_POINT('',(-5.6138671875,-4.240234375,3.));
#1606 = SURFACE_CURVE('',#1607,(#1611,#1618),.PCURVE_S1.);
#1607 = LINE('',#1608,#1609);
#1608 = CARTESIAN_POINT('',(-5.6138671875,-4.140625,3.));
#1609 = VECTOR('',#1610,1.);
#1610 = DIRECTION('',(0.,-1.,0.));
#1611 = PCURVE('',#100,#1612);
#1612 = DEFINITIONAL_REPRESENTATION('',(#1613),#1617);
#1613 = LINE('',#1614,#1615);
#1614 = CARTESIAN_POINT('',(-5.6138671875,-4.140625));
#1615 = VECTOR('',#1616,1.);
#1616 = DIRECTION('',(0.,-1.));
#1617 = ( GEOMETRIC_REPRESENTATION_CONTEXT(2) 
PARAMETRIC_REPRESENTATION_CONTEXT() REPRESENTATION_CONTEXT('2D SPACE',''
  ) );
#1618 = PCURVE('',#1619,#1624);
#1619 = PLANE('',#1620);
#1620 = AXIS2_PLACEMENT_3D('',#1621,#1622,#1623);
#1621 = CARTESIAN_POINT('',(-5.6138671875,-4.140625,2.7));
#1622 = DIRECTION('',(1.,0.,0.));
#1623 = DIRECTION('',(0.,-1.,0.));
#1624 = DEFINITIONAL_REPRESENTATION('',(#1625),#1629);
#1625 = LINE('',#1626,#1627);
#1626 = CARTESIAN_POINT('',(-8.881784197001E-16,-0.3));
#1627 = VECTOR('',#1628,1.);
#1628 = DIRECTION('',(1.,0.));
#1629 = ( GEOMETRIC_REPRESENTATION_CONTEXT(2) 
PARAMETRIC_REPRESENTATION_CONTEXT() REPRESENTATION_CONTEXT('2D SPACE',''
  ) );
#1630 = ORIENTED_EDGE('',*,*,#1631,.T.);
#1631 = EDGE_CURVE('',#1604,#1632,#1634,.T.);
#1632 = VERTEX_POINT('',#1633);
#1633 = CARTESIAN_POINT('',(-5.9701171875,-4.240234375,3.));
#1634 = SURFACE_CURVE('',#1635,(#1639,#1646),.PCURVE_S1.);
#1635 = LINE('',#1636,#1637);
#1636 = CARTESIAN_POINT('',(-5.6138671875,-4.240234375,3.));
#1637 = VECTOR('',#1638,1.);
#1638 = DIRECTION('',(-1.,0.,0.));
#1639 = PCURVE('',#100,#1640);
#1640 = DEFINITIONAL_REPRESENTATION('',(#1641),#1645);
#1641 = LINE('',#1642,#1643);
#1642 = CARTESIAN_POINT('',(-5.6138671875,-4.240234375));
#1643 = VECTOR('',#1644,1.);
#1644 = DIRECTION('',(-1.,0.));
#1645 = ( GEOMETRIC_REPRESENTATION_CONTEXT(2) 
PARAMETRIC_REPRESENTATION_CONTEXT() REPRESENTATION_CONTEXT('2D SPACE',''
  ) );
#1646 = PCURVE('',#1647,#1652);
#1647 = PLANE('',#1648);
#1648 = AXIS2_PLACEMENT_3D('',#1649,#1650,#1651);
#1649 = CARTESIAN_POINT('',(-5.6138671875,-4.240234375,2.7));
#1650 = DIRECTION('',(0.,-1.,0.));
#1651 = DIRECTION('',(-1.,0.,0.));
#1652 = DEFINITIONAL_REPRESENTATION('',(#1653),#1657);
#1653 = LINE('',#1654,#1655);
#1654 = CARTESIAN_POINT('',(0.,-0.3));
#1655 = VECTOR('',#1656,1.);
#1656 = DIRECTION('',(1.,0.));
#1657 = ( GEOMETRIC_REPRESENTATION_CONTEXT(2) 
PARAMETRIC_REPRESENTATION_CONTEXT() REPRESENTATION_CONTEXT('2D SPACE',''
  ) );
#1658 = ORIENTED_EDGE('',*,*,#1659,.T.);
#1659 = EDGE_CURVE('',#1632,#1660,#1662,.T.);
#1660 = VERTEX_POINT('',#1661);
#1661 = CARTESIAN_POINT('',(-5.9701171875,-4.4546875,3.));
#1662 = SURFACE_CURVE('',#1663,(#1667,#1674),.PCURVE_S1.);
#1663 = LINE('',#1664,#1665);
#1664 = CARTESIAN_POINT('',(-5.9701171875,-4.240234375,3.));
#1665 = VECTOR('',#1666,1.);
#1666 = DIRECTION('',(0.,-1.,0.));
#1667 = PCURVE('',#100,#1668);
#1668 = DEFINITIONAL_REPRESENTATION('',(#1669),#1673);
#1669 = LINE('',#1670,#1671);
#1670 = CARTESIAN_POINT('',(-5.9701171875,-4.240234375));
#1671 = VECTOR('',#1672,1.);
#1672 = DIRECTION('',(0.,-1.));
#1673 = ( GEOMETRIC_REPRESENTATION_CONTEXT(2) 
PARAMETRIC_REPRESENTATION_CONTEXT() REPRESENTATION_CONTEXT('2D SPACE',''
  ) );
#1674 = PCURVE('',#1675,#1680);
#1675 = PLANE('',#1676);
#1676 = AXIS2_PLACEMENT_3D('',#1677,#1678,#1679);
#1677 = CARTESIAN_POINT('',(-5.9701171875,-4.240234375,2.7));
#1678 = DIRECTION('',(1.,0.,0.));
#1679 = DIRECTION('',(0.,-1.,0.));
#1680 = DEFINITIONAL_REPRESENTATION('',(#1681),#1685);
#1681 = LINE('',#1682,#1683);
#1682 = CARTESIAN_POINT('',(-8.881784197001E-16,-0.3));
#1683 = VECTOR('',#1684,1.);
#1684 = DIRECTION('',(1.,0.));
#1685 = ( GEOMETRIC_REPRESENTATION_CONTEXT(2) 
PARAMETRIC_REPRESENTATION_CONTEXT() REPRESENTATION_CONTEXT('2D SPACE',''
  ) );
#1686 = ORIENTED_EDGE('',*,*,#1687,.T.);
#1687 = EDGE_CURVE('',#1660,#1688,#1690,.T.);
#1688 = VERTEX_POINT('',#1689);
#1689 = CARTESIAN_POINT('',(-5.9185546875,-4.44150390625,3.));
#1690 = SURFACE_CURVE('',#1691,(#1695,#1702),.PCURVE_S1.);
#1691 = B_SPLINE_CURVE_WITH_KNOTS('',2,(#1692,#1693,#1694),
  .UNSPECIFIED.,.F.,.F.,(3,3),(0.,1.),.PIECEWISE_BEZIER_KNOTS.);
#1692 = CARTESIAN_POINT('',(-5.9701171875,-4.4546875,3.));
#1693 = CARTESIAN_POINT('',(-5.9443359375,-4.4458984375,3.));
#1694 = CARTESIAN_POINT('',(-5.9185546875,-4.44150390625,3.));
#1695 = PCURVE('',#100,#1696);
#1696 = DEFINITIONAL_REPRESENTATION('',(#1697),#1701);
#1697 = B_SPLINE_CURVE_WITH_KNOTS('',2,(#1698,#1699,#1700),
  .UNSPECIFIED.,.F.,.F.,(3,3),(0.,1.),.PIECEWISE_BEZIER_KNOTS.);
#1698 = CARTESIAN_POINT('',(-5.9701171875,-4.4546875));
#1699 = CARTESIAN_POINT('',(-5.9443359375,-4.4458984375));
#1700 = CARTESIAN_POINT('',(-5.9185546875,-4.44150390625));
#1701 = ( GEOMETRIC_REPRESENTATION_CONTEXT(2) 
PARAMETRIC_REPRESENTATION_CONTEXT() REPRESENTATION_CONTEXT('2D SPACE',''
  ) );
#1702 = PCURVE('',#1703,#1710);
#1703 = SURFACE_OF_LINEAR_EXTRUSION('',#1704,#1708);
#1704 = B_SPLINE_CURVE_WITH_KNOTS('',2,(#1705,#1706,#1707),
  .UNSPECIFIED.,.F.,.F.,(3,3),(0.,1.),.PIECEWISE_BEZIER_KNOTS.);
#1705 = CARTESIAN_POINT('',(-5.9701171875,-4.4546875,2.7));
#1706 = CARTESIAN_POINT('',(-5.9443359375,-4.4458984375,2.7));
#1707 = CARTESIAN_POINT('',(-5.9185546875,-4.44150390625,2.7));
#1708 = VECTOR('',#1709,1.);
#1709 = DIRECTION('',(-0.,-0.,-1.));
#1710 = DEFINITIONAL_REPRESENTATION('',(#1711),#1715);
#1711 = LINE('',#1712,#1713);
#1712 = CARTESIAN_POINT('',(0.,-0.3));
#1713 = VECTOR('',#1714,1.);
#1714 = DIRECTION('',(1.,0.));
#1715 = ( GEOMETRIC_REPRESENTATION_CONTEXT(2) 
PARAMETRIC_REPRESENTATION_CONTEXT() REPRESENTATION_CONTEXT('2D SPACE',''
  ) );
#1716 = ORIENTED_EDGE('',*,*,#1717,.T.);
#1717 = EDGE_CURVE('',#1688,#1718,#1720,.T.);
#1718 = VERTEX_POINT('',#1719);
#1719 = CARTESIAN_POINT('',(-5.8669921875,-4.437109375,3.));
#1720 = SURFACE_CURVE('',#1721,(#1725,#1732),.PCURVE_S1.);
#1721 = B_SPLINE_CURVE_WITH_KNOTS('',2,(#1722,#1723,#1724),
  .UNSPECIFIED.,.F.,.F.,(3,3),(0.,1.),.PIECEWISE_BEZIER_KNOTS.);
#1722 = CARTESIAN_POINT('',(-5.9185546875,-4.44150390625,3.));
#1723 = CARTESIAN_POINT('',(-5.8927734375,-4.437109375,3.));
#1724 = CARTESIAN_POINT('',(-5.8669921875,-4.437109375,3.));
#1725 = PCURVE('',#100,#1726);
#1726 = DEFINITIONAL_REPRESENTATION('',(#1727),#1731);
#1727 = B_SPLINE_CURVE_WITH_KNOTS('',2,(#1728,#1729,#1730),
  .UNSPECIFIED.,.F.,.F.,(3,3),(0.,1.),.PIECEWISE_BEZIER_KNOTS.);
#1728 = CARTESIAN_POINT('',(-5.9185546875,-4.44150390625));
#1729 = CARTESIAN_POINT('',(-5.8927734375,-4.437109375));
#1730 = CARTESIAN_POINT('',(-5.8669921875,-4.437109375));
#1731 = ( GEOMETRIC_REPRESENTATION_CONTEXT(2) 
PARAMETRIC_REPRESENTATION_CONTEXT() REPRESENTATION_CONTEXT('2D SPACE',''
  ) );
#1732 = PCURVE('',#1733,#1740);
#1733 = SURFACE_OF_LINEAR_EXTRUSION('',#1734,#1738);
#1734 = B_SPLINE_CURVE_WITH_KNOTS('',2,(#1735,#1736,#1737),
  .UNSPECIFIED.,.F.,.F.,(3,3),(0.,1.),.PIECEWISE_BEZIER_KNOTS.);
#1735 = CARTESIAN_POINT('',(-5.9185546875,-4.44150390625,2.7));
#1736 = CARTESIAN_POINT('',(-5.8927734375,-4.437109375,2.7));
#1737 = CARTESIAN_POINT('',(-5.8669921875,-4.437109375,2.7));
#1738 = VECTOR('',#1739,1.);
#1739 = DIRECTION('',(-0.,-0.,-1.));
#1740 = DEFINITIONAL_REPRESENTATION('',(#1741),#1745);
#1741 = LINE('',#1742,#1743);
#1742 = CARTESIAN_POINT('',(0.,-0.3));
#1743 = VECTOR('',#1744,1.);
#1744 = DIRECTION('',(1.,0.));
#1745 = ( GEOMETRIC_REPRESENTATION_CONTEXT(2) 
PARAMETRIC_REPRESENTATION_CONTEXT() REPRESENTATION_CONTEXT('2D SPACE',''
  ) );
#1746 = ORIENTED_EDGE('',*,*,#1747,.T.);
#1747 = EDGE_CURVE('',#1718,#1748,#1750,.T.);
#1748 = VERTEX_POINT('',#1749);
#1749 = CARTESIAN_POINT('',(-5.6349609375,-4.5173828125,3.));
#1750 = SURFACE_CURVE('',#1751,(#1755,#1762),.PCURVE_S1.);
#1751 = B_SPLINE_CURVE_WITH_KNOTS('',2,(#1752,#1753,#1754),
  .UNSPECIFIED.,.F.,.F.,(3,3),(0.,1.),.PIECEWISE_BEZIER_KNOTS.);
#1752 = CARTESIAN_POINT('',(-5.8669921875,-4.437109375,3.));
#1753 = CARTESIAN_POINT('',(-5.7205078125,-4.437109375,3.));
#1754 = CARTESIAN_POINT('',(-5.6349609375,-4.5173828125,3.));
#1755 = PCURVE('',#100,#1756);
#1756 = DEFINITIONAL_REPRESENTATION('',(#1757),#1761);
#1757 = B_SPLINE_CURVE_WITH_KNOTS('',2,(#1758,#1759,#1760),
  .UNSPECIFIED.,.F.,.F.,(3,3),(0.,1.),.PIECEWISE_BEZIER_KNOTS.);
#1758 = CARTESIAN_POINT('',(-5.8669921875,-4.437109375));
#1759 = CARTESIAN_POINT('',(-5.7205078125,-4.437109375));
#1760 = CARTESIAN_POINT('',(-5.6349609375,-4.5173828125));
#1761 = ( GEOMETRIC_REPRESENTATION_CONTEXT(2) 
PARAMETRIC_REPRESENTATION_CONTEXT() REPRESENTATION_CONTEXT('2D SPACE',''
  ) );
#1762 = PCURVE('',#1763,#1770);
#1763 = SURFACE_OF_LINEAR_EXTRUSION('',#1764,#1768);
#1764 = B_SPLINE_CURVE_WITH_KNOTS('',2,(#1765,#1766,#1767),
  .UNSPECIFIED.,.F.,.F.,(3,3),(0.,1.),.PIECEWISE_BEZIER_KNOTS.);
#1765 = CARTESIAN_POINT('',(-5.8669921875,-4.437109375,2.7));
#1766 = CARTESIAN_POINT('',(-5.7205078125,-4.437109375,2.7));
#1767 = CARTESIAN_POINT('',(-5.6349609375,-4.5173828125,2.7));
#1768 = VECTOR('',#1769,1.);
#1769 = DIRECTION('',(-0.,-0.,-1.));
#1770 = DEFINITIONAL_REPRESENTATION('',(#1771),#1775);
#1771 = LINE('',#1772,#1773);
#1772 = CARTESIAN_POINT('',(0.,-0.3));
#1773 = VECTOR('',#1774,1.);
#1774 = DIRECTION('',(1.,0.));
#1775 = ( GEOMETRIC_REPRESENTATION_CONTEXT(2) 
PARAMETRIC_REPRESENTATION_CONTEXT() REPRESENTATION_CONTEXT('2D SPACE',''
  ) );
#1776 = ORIENTED_EDGE('',*,*,#1777,.T.);
#1777 = EDGE_CURVE('',#1748,#1778,#1780,.T.);
#1778 = VERTEX_POINT('',#1779);
#1779 = CARTESIAN_POINT('',(-5.5494140625,-4.734765625,3.));
#1780 = SURFACE_CURVE('',#1781,(#1785,#1792),.PCURVE_S1.);
#1781 = B_SPLINE_CURVE_WITH_KNOTS('',2,(#1782,#1783,#1784),
  .UNSPECIFIED.,.F.,.F.,(3,3),(0.,1.),.PIECEWISE_BEZIER_KNOTS.);
#1782 = CARTESIAN_POINT('',(-5.6349609375,-4.5173828125,3.));
#1783 = CARTESIAN_POINT('',(-5.5494140625,-4.59765625,3.));
#1784 = CARTESIAN_POINT('',(-5.5494140625,-4.734765625,3.));
#1785 = PCURVE('',#100,#1786);
#1786 = DEFINITIONAL_REPRESENTATION('',(#1787),#1791);
#1787 = B_SPLINE_CURVE_WITH_KNOTS('',2,(#1788,#1789,#1790),
  .UNSPECIFIED.,.F.,.F.,(3,3),(0.,1.),.PIECEWISE_BEZIER_KNOTS.);
#1788 = CARTESIAN_POINT('',(-5.6349609375,-4.5173828125));
#1789 = CARTESIAN_POINT('',(-5.5494140625,-4.59765625));
#1790 = CARTESIAN_POINT('',(-5.5494140625,-4.734765625));
#1791 = ( GEOMETRIC_REPRESENTATION_CONTEXT(2) 
PARAMETRIC_REPRESENTATION_CONTEXT() REPRESENTATION_CONTEXT('2D SPACE',''
  ) );
#1792 = PCURVE('',#1793,#1800);
#1793 = SURFACE_OF_LINEAR_EXTRUSION('',#1794,#1798);
#1794 = B_SPLINE_CURVE_WITH_KNOTS('',2,(#1795,#1796,#1797),
  .UNSPECIFIED.,.F.,.F.,(3,3),(0.,1.),.PIECEWISE_BEZIER_KNOTS.);
#1795 = CARTESIAN_POINT('',(-5.6349609375,-4.5173828125,2.7));
#1796 = CARTESIAN_POINT('',(-5.5494140625,-4.59765625,2.7));
#1797 = CARTESIAN_POINT('',(-5.5494140625,-4.734765625,2.7));
#1798 = VECTOR('',#1799,1.);
#1799 = DIRECTION('',(-0.,-0.,-1.));
#1800 = DEFINITIONAL_REPRESENTATION('',(#1801),#1805);
#1801 = LINE('',#1802,#1803);
#1802 = CARTESIAN_POINT('',(0.,-0.3));
#1803 = VECTOR('',#1804,1.);
#1804 = DIRECTION('',(1.,0.));
#1805 = ( GEOMETRIC_REPRESENTATION_CONTEXT(2) 
PARAMETRIC_REPRESENTATION_CONTEXT() REPRESENTATION_CONTEXT('2D SPACE',''
  ) );
#1806 = ORIENTED_EDGE('',*,*,#1807,.T.);
#1807 = EDGE_CURVE('',#1778,#1808,#1810,.T.);
#1808 = VERTEX_POINT('',#1809);
#1809 = CARTESIAN_POINT('',(-5.6373046875,-4.95419921875,3.));
#1810 = SURFACE_CURVE('',#1811,(#1815,#1822),.PCURVE_S1.);
#1811 = B_SPLINE_CURVE_WITH_KNOTS('',2,(#1812,#1813,#1814),
  .UNSPECIFIED.,.F.,.F.,(3,3),(0.,1.),.PIECEWISE_BEZIER_KNOTS.);
#1812 = CARTESIAN_POINT('',(-5.5494140625,-4.734765625,3.));
#1813 = CARTESIAN_POINT('',(-5.5494140625,-4.8759765625,3.));
#1814 = CARTESIAN_POINT('',(-5.6373046875,-4.95419921875,3.));
#1815 = PCURVE('',#100,#1816);
#1816 = DEFINITIONAL_REPRESENTATION('',(#1817),#1821);
#1817 = B_SPLINE_CURVE_WITH_KNOTS('',2,(#1818,#1819,#1820),
  .UNSPECIFIED.,.F.,.F.,(3,3),(0.,1.),.PIECEWISE_BEZIER_KNOTS.);
#1818 = CARTESIAN_POINT('',(-5.5494140625,-4.734765625));
#1819 = CARTESIAN_POINT('',(-5.5494140625,-4.8759765625));
#1820 = CARTESIAN_POINT('',(-5.6373046875,-4.95419921875));
#1821 = ( GEOMETRIC_REPRESENTATION_CONTEXT(2) 
PARAMETRIC_REPRESENTATION_CONTEXT() REPRESENTATION_CONTEXT('2D SPACE',''
  ) );
#1822 = PCURVE('',#1823,#1830);
#1823 = SURFACE_OF_LINEAR_EXTRUSION('',#1824,#1828);
#1824 = B_SPLINE_CURVE_WITH_KNOTS('',2,(#1825,#1826,#1827),
  .UNSPECIFIED.,.F.,.F.,(3,3),(0.,1.),.PIECEWISE_BEZIER_KNOTS.);
#1825 = CARTESIAN_POINT('',(-5.5494140625,-4.734765625,2.7));
#1826 = CARTESIAN_POINT('',(-5.5494140625,-4.8759765625,2.7));
#1827 = CARTESIAN_POINT('',(-5.6373046875,-4.95419921875,2.7));
#1828 = VECTOR('',#1829,1.);
#1829 = DIRECTION('',(-0.,-0.,-1.));
#1830 = DEFINITIONAL_REPRESENTATION('',(#1831),#1835);
#1831 = LINE('',#1832,#1833);
#1832 = CARTESIAN_POINT('',(0.,-0.3));
#1833 = VECTOR('',#1834,1.);
#1834 = DIRECTION('',(1.,0.));
#1835 = ( GEOMETRIC_REPRESENTATION_CONTEXT(2) 
PARAMETRIC_REPRESENTATION_CONTEXT() REPRESENTATION_CONTEXT('2D SPACE',''
  ) );
#1836 = ORIENTED_EDGE('',*,*,#1837,.T.);
#1837 = EDGE_CURVE('',#1808,#1838,#1840,.T.);
#1838 = VERTEX_POINT('',#1839);
#1839 = CARTESIAN_POINT('',(-5.88515625,-5.032421875,3.));
#1840 = SURFACE_CURVE('',#1841,(#1845,#1852),.PCURVE_S1.);
#1841 = B_SPLINE_CURVE_WITH_KNOTS('',2,(#1842,#1843,#1844),
  .UNSPECIFIED.,.F.,.F.,(3,3),(0.,1.),.PIECEWISE_BEZIER_KNOTS.);
#1842 = CARTESIAN_POINT('',(-5.6373046875,-4.95419921875,3.));
#1843 = CARTESIAN_POINT('',(-5.7251953125,-5.032421875,3.));
#1844 = CARTESIAN_POINT('',(-5.88515625,-5.032421875,3.));
#1845 = PCURVE('',#100,#1846);
#1846 = DEFINITIONAL_REPRESENTATION('',(#1847),#1851);
#1847 = B_SPLINE_CURVE_WITH_KNOTS('',2,(#1848,#1849,#1850),
  .UNSPECIFIED.,.F.,.F.,(3,3),(0.,1.),.PIECEWISE_BEZIER_KNOTS.);
#1848 = CARTESIAN_POINT('',(-5.6373046875,-4.95419921875));
#1849 = CARTESIAN_POINT('',(-5.7251953125,-5.032421875));
#1850 = CARTESIAN_POINT('',(-5.88515625,-5.032421875));
#1851 = ( GEOMETRIC_REPRESENTATION_CONTEXT(2) 
PARAMETRIC_REPRESENTATION_CONTEXT() REPRESENTATION_CONTEXT('2D SPACE',''
  ) );
#1852 = PCURVE('',#1853,#1860);
#1853 = SURFACE_OF_LINEAR_EXTRUSION('',#1854,#1858);
#1854 = B_SPLINE_CURVE_WITH_KNOTS('',2,(#1855,#1856,#1857),
  .UNSPECIFIED.,.F.,.F.,(3,3),(0.,1.),.PIECEWISE_BEZIER_KNOTS.);
#1855 = CARTESIAN_POINT('',(-5.6373046875,-4.95419921875,2.7));
#1856 = CARTESIAN_POINT('',(-5.7251953125,-5.032421875,2.7));
#1857 = CARTESIAN_POINT('',(-5.88515625,-5.032421875,2.7));
#1858 = VECTOR('',#1859,1.);
#1859 = DIRECTION('',(-0.,-0.,-1.));
#1860 = DEFINITIONAL_REPRESENTATION('',(#1861),#1865);
#1861 = LINE('',#1862,#1863);
#1862 = CARTESIAN_POINT('',(0.,-0.3));
#1863 = VECTOR('',#1864,1.);
#1864 = DIRECTION('',(1.,0.));
#1865 = ( GEOMETRIC_REPRESENTATION_CONTEXT(2) 
PARAMETRIC_REPRESENTATION_CONTEXT() REPRESENTATION_CONTEXT('2D SPACE',''
  ) );
#1866 = ORIENTED_EDGE('',*,*,#1867,.T.);
#1867 = EDGE_CURVE('',#1838,#1868,#1870,.T.);
#1868 = VERTEX_POINT('',#1869);
#1869 = CARTESIAN_POINT('',(-5.99736328125,-5.023046875,3.));
#1870 = SURFACE_CURVE('',#1871,(#1875,#1882),.PCURVE_S1.);
#1871 = B_SPLINE_CURVE_WITH_KNOTS('',2,(#1872,#1873,#1874),
  .UNSPECIFIED.,.F.,.F.,(3,3),(0.,1.),.PIECEWISE_BEZIER_KNOTS.);
#1872 = CARTESIAN_POINT('',(-5.88515625,-5.032421875,3.));
#1873 = CARTESIAN_POINT('',(-5.940234375,-5.032421875,3.));
#1874 = CARTESIAN_POINT('',(-5.99736328125,-5.023046875,3.));
#1875 = PCURVE('',#100,#1876);
#1876 = DEFINITIONAL_REPRESENTATION('',(#1877),#1881);
#1877 = B_SPLINE_CURVE_WITH_KNOTS('',2,(#1878,#1879,#1880),
  .UNSPECIFIED.,.F.,.F.,(3,3),(0.,1.),.PIECEWISE_BEZIER_KNOTS.);
#1878 = CARTESIAN_POINT('',(-5.88515625,-5.032421875));
#1879 = CARTESIAN_POINT('',(-5.940234375,-5.032421875));
#1880 = CARTESIAN_POINT('',(-5.99736328125,-5.023046875));
#1881 = ( GEOMETRIC_REPRESENTATION_CONTEXT(2) 
PARAMETRIC_REPRESENTATION_CONTEXT() REPRESENTATION_CONTEXT('2D SPACE',''
  ) );
#1882 = PCURVE('',#1883,#1890);
#1883 = SURFACE_OF_LINEAR_EXTRUSION('',#1884,#1888);
#1884 = B_SPLINE_CURVE_WITH_KNOTS('',2,(#1885,#1886,#1887),
  .UNSPECIFIED.,.F.,.F.,(3,3),(0.,1.),.PIECEWISE_BEZIER_KNOTS.);
#1885 = CARTESIAN_POINT('',(-5.88515625,-5.032421875,2.7));
#1886 = CARTESIAN_POINT('',(-5.940234375,-5.032421875,2.7));
#1887 = CARTESIAN_POINT('',(-5.99736328125,-5.023046875,2.7));
#1888 = VECTOR('',#1889,1.);
#1889 = DIRECTION('',(-0.,-0.,-1.));
#1890 = DEFINITIONAL_REPRESENTATION('',(#1891),#1895);
#1891 = LINE('',#1892,#1893);
#1892 = CARTESIAN_POINT('',(0.,-0.3));
#1893 = VECTOR('',#1894,1.);
#1894 = DIRECTION('',(1.,0.));
#1895 = ( GEOMETRIC_REPRESENTATION_CONTEXT(2) 
PARAMETRIC_REPRESENTATION_CONTEXT() REPRESENTATION_CONTEXT('2D SPACE',''
  ) );
#1896 = ORIENTED_EDGE('',*,*,#1897,.T.);
#1897 = EDGE_CURVE('',#1868,#1898,#1900,.T.);
#1898 = VERTEX_POINT('',#1899);
#1899 = CARTESIAN_POINT('',(-6.1154296875,-4.994921875,3.));
#1900 = SURFACE_CURVE('',#1901,(#1905,#1912),.PCURVE_S1.);
#1901 = B_SPLINE_CURVE_WITH_KNOTS('',2,(#1902,#1903,#1904),
  .UNSPECIFIED.,.F.,.F.,(3,3),(0.,1.),.PIECEWISE_BEZIER_KNOTS.);
#1902 = CARTESIAN_POINT('',(-5.99736328125,-5.023046875,3.));
#1903 = CARTESIAN_POINT('',(-6.0544921875,-5.013671875,3.));
#1904 = CARTESIAN_POINT('',(-6.1154296875,-4.994921875,3.));
#1905 = PCURVE('',#100,#1906);
#1906 = DEFINITIONAL_REPRESENTATION('',(#1907),#1911);
#1907 = B_SPLINE_CURVE_WITH_KNOTS('',2,(#1908,#1909,#1910),
  .UNSPECIFIED.,.F.,.F.,(3,3),(0.,1.),.PIECEWISE_BEZIER_KNOTS.);
#1908 = CARTESIAN_POINT('',(-5.99736328125,-5.023046875));
#1909 = CARTESIAN_POINT('',(-6.0544921875,-5.013671875));
#1910 = CARTESIAN_POINT('',(-6.1154296875,-4.994921875));
#1911 = ( GEOMETRIC_REPRESENTATION_CONTEXT(2) 
PARAMETRIC_REPRESENTATION_CONTEXT() REPRESENTATION_CONTEXT('2D SPACE',''
  ) );
#1912 = PCURVE('',#1913,#1920);
#1913 = SURFACE_OF_LINEAR_EXTRUSION('',#1914,#1918);
#1914 = B_SPLINE_CURVE_WITH_KNOTS('',2,(#1915,#1916,#1917),
  .UNSPECIFIED.,.F.,.F.,(3,3),(0.,1.),.PIECEWISE_BEZIER_KNOTS.);
#1915 = CARTESIAN_POINT('',(-5.99736328125,-5.023046875,2.7));
#1916 = CARTESIAN_POINT('',(-6.0544921875,-5.013671875,2.7));
#1917 = CARTESIAN_POINT('',(-6.1154296875,-4.994921875,2.7));
#1918 = VECTOR('',#1919,1.);
#1919 = DIRECTION('',(-0.,-0.,-1.));
#1920 = DEFINITIONAL_REPRESENTATION('',(#1921),#1925);
#1921 = LINE('',#1922,#1923);
#1922 = CARTESIAN_POINT('',(0.,-0.3));
#1923 = VECTOR('',#1924,1.);
#1924 = DIRECTION('',(1.,0.));
#1925 = ( GEOMETRIC_REPRESENTATION_CONTEXT(2) 
PARAMETRIC_REPRESENTATION_CONTEXT() REPRESENTATION_CONTEXT('2D SPACE',''
  ) );
#1926 = ORIENTED_EDGE('',*,*,#1927,.T.);
#1927 = EDGE_CURVE('',#1898,#1928,#1930,.T.);
#1928 = VERTEX_POINT('',#1929);
#1929 = CARTESIAN_POINT('',(-6.1154296875,-4.8759765625,3.));
#1930 = SURFACE_CURVE('',#1931,(#1935,#1942),.PCURVE_S1.);
#1931 = LINE('',#1932,#1933);
#1932 = CARTESIAN_POINT('',(-6.1154296875,-4.994921875,3.));
#1933 = VECTOR('',#1934,1.);
#1934 = DIRECTION('',(0.,1.,0.));
#1935 = PCURVE('',#100,#1936);
#1936 = DEFINITIONAL_REPRESENTATION('',(#1937),#1941);
#1937 = LINE('',#1938,#1939);
#1938 = CARTESIAN_POINT('',(-6.1154296875,-4.994921875));
#1939 = VECTOR('',#1940,1.);
#1940 = DIRECTION('',(0.,1.));
#1941 = ( GEOMETRIC_REPRESENTATION_CONTEXT(2) 
PARAMETRIC_REPRESENTATION_CONTEXT() REPRESENTATION_CONTEXT('2D SPACE',''
  ) );
#1942 = PCURVE('',#1943,#1948);
#1943 = PLANE('',#1944);
#1944 = AXIS2_PLACEMENT_3D('',#1945,#1946,#1947);
#1945 = CARTESIAN_POINT('',(-6.1154296875,-4.994921875,2.7));
#1946 = DIRECTION('',(-1.,0.,0.));
#1947 = DIRECTION('',(0.,1.,0.));
#1948 = DEFINITIONAL_REPRESENTATION('',(#1949),#1953);
#1949 = LINE('',#1950,#1951);
#1950 = CARTESIAN_POINT('',(0.,-0.3));
#1951 = VECTOR('',#1952,1.);
#1952 = DIRECTION('',(1.,0.));
#1953 = ( GEOMETRIC_REPRESENTATION_CONTEXT(2) 
PARAMETRIC_REPRESENTATION_CONTEXT() REPRESENTATION_CONTEXT('2D SPACE',''
  ) );
#1954 = ORIENTED_EDGE('',*,*,#1955,.T.);
#1955 = EDGE_CURVE('',#1928,#1956,#1958,.T.);
#1956 = VERTEX_POINT('',#1957);
#1957 = CARTESIAN_POINT('',(-6.0064453125,-4.91875,3.));
#1958 = SURFACE_CURVE('',#1959,(#1963,#1970),.PCURVE_S1.);
#1959 = B_SPLINE_CURVE_WITH_KNOTS('',2,(#1960,#1961,#1962),
  .UNSPECIFIED.,.F.,.F.,(3,3),(0.,1.),.PIECEWISE_BEZIER_KNOTS.);
#1960 = CARTESIAN_POINT('',(-6.1154296875,-4.8759765625,3.));
#1961 = CARTESIAN_POINT('',(-6.0626953125,-4.9046875,3.));
#1962 = CARTESIAN_POINT('',(-6.0064453125,-4.91875,3.));
#1963 = PCURVE('',#100,#1964);
#1964 = DEFINITIONAL_REPRESENTATION('',(#1965),#1969);
#1965 = B_SPLINE_CURVE_WITH_KNOTS('',2,(#1966,#1967,#1968),
  .UNSPECIFIED.,.F.,.F.,(3,3),(0.,1.),.PIECEWISE_BEZIER_KNOTS.);
#1966 = CARTESIAN_POINT('',(-6.1154296875,-4.8759765625));
#1967 = CARTESIAN_POINT('',(-6.0626953125,-4.9046875));
#1968 = CARTESIAN_POINT('',(-6.0064453125,-4.91875));
#1969 = ( GEOMETRIC_REPRESENTATION_CONTEXT(2) 
PARAMETRIC_REPRESENTATION_CONTEXT() REPRESENTATION_CONTEXT('2D SPACE',''
  ) );
#1970 = PCURVE('',#1971,#1978);
#1971 = SURFACE_OF_LINEAR_EXTRUSION('',#1972,#1976);
#1972 = B_SPLINE_CURVE_WITH_KNOTS('',2,(#1973,#1974,#1975),
  .UNSPECIFIED.,.F.,.F.,(3,3),(0.,1.),.PIECEWISE_BEZIER_KNOTS.);
#1973 = CARTESIAN_POINT('',(-6.1154296875,-4.8759765625,2.7));
#1974 = CARTESIAN_POINT('',(-6.0626953125,-4.9046875,2.7));
#1975 = CARTESIAN_POINT('',(-6.0064453125,-4.91875,2.7));
#1976 = VECTOR('',#1977,1.);
#1977 = DIRECTION('',(-0.,-0.,-1.));
#1978 = DEFINITIONAL_REPRESENTATION('',(#1979),#1983);
#1979 = LINE('',#1980,#1981);
#1980 = CARTESIAN_POINT('',(0.,-0.3));
#1981 = VECTOR('',#1982,1.);
#1982 = DIRECTION('',(1.,0.));
#1983 = ( GEOMETRIC_REPRESENTATION_CONTEXT(2) 
PARAMETRIC_REPRESENTATION_CONTEXT() REPRESENTATION_CONTEXT('2D SPACE',''
  ) );
#1984 = ORIENTED_EDGE('',*,*,#1985,.T.);
#1985 = EDGE_CURVE('',#1956,#1986,#1988,.T.);
#1986 = VERTEX_POINT('',#1987);
#1987 = CARTESIAN_POINT('',(-5.8875,-4.9328125,3.));
#1988 = SURFACE_CURVE('',#1989,(#1993,#2000),.PCURVE_S1.);
#1989 = B_SPLINE_CURVE_WITH_KNOTS('',2,(#1990,#1991,#1992),
  .UNSPECIFIED.,.F.,.F.,(3,3),(0.,1.),.PIECEWISE_BEZIER_KNOTS.);
#1990 = CARTESIAN_POINT('',(-6.0064453125,-4.91875,3.));
#1991 = CARTESIAN_POINT('',(-5.9501953125,-4.9328125,3.));
#1992 = CARTESIAN_POINT('',(-5.8875,-4.9328125,3.));
#1993 = PCURVE('',#100,#1994);
#1994 = DEFINITIONAL_REPRESENTATION('',(#1995),#1999);
#1995 = B_SPLINE_CURVE_WITH_KNOTS('',2,(#1996,#1997,#1998),
  .UNSPECIFIED.,.F.,.F.,(3,3),(0.,1.),.PIECEWISE_BEZIER_KNOTS.);
#1996 = CARTESIAN_POINT('',(-6.0064453125,-4.91875));
#1997 = CARTESIAN_POINT('',(-5.9501953125,-4.9328125));
#1998 = CARTESIAN_POINT('',(-5.8875,-4.9328125));
#1999 = ( GEOMETRIC_REPRESENTATION_CONTEXT(2) 
PARAMETRIC_REPRESENTATION_CONTEXT() REPRESENTATION_CONTEXT('2D SPACE',''
  ) );
#2000 = PCURVE('',#2001,#2008);
#2001 = SURFACE_OF_LINEAR_EXTRUSION('',#2002,#2006);
#2002 = B_SPLINE_CURVE_WITH_KNOTS('',2,(#2003,#2004,#2005),
  .UNSPECIFIED.,.F.,.F.,(3,3),(0.,1.),.PIECEWISE_BEZIER_KNOTS.);
#2003 = CARTESIAN_POINT('',(-6.0064453125,-4.91875,2.7));
#2004 = CARTESIAN_POINT('',(-5.9501953125,-4.9328125,2.7));
#2005 = CARTESIAN_POINT('',(-5.8875,-4.9328125,2.7));
#2006 = VECTOR('',#2007,1.);
#2007 = DIRECTION('',(-0.,-0.,-1.));
#2008 = DEFINITIONAL_REPRESENTATION('',(#2009),#2013);
#2009 = LINE('',#2010,#2011);
#2010 = CARTESIAN_POINT('',(0.,-0.3));
#2011 = VECTOR('',#2012,1.);
#2012 = DIRECTION('',(1.,0.));
#2013 = ( GEOMETRIC_REPRESENTATION_CONTEXT(2) 
PARAMETRIC_REPRESENTATION_CONTEXT() REPRESENTATION_CONTEXT('2D SPACE',''
  ) );
#2014 = ORIENTED_EDGE('',*,*,#2015,.T.);
#2015 = EDGE_CURVE('',#1986,#2016,#2018,.T.);
#2016 = VERTEX_POINT('',#2017);
#2017 = CARTESIAN_POINT('',(-5.726953125,-4.8794921875,3.));
#2018 = SURFACE_CURVE('',#2019,(#2023,#2030),.PCURVE_S1.);
#2019 = B_SPLINE_CURVE_WITH_KNOTS('',2,(#2020,#2021,#2022),
  .UNSPECIFIED.,.F.,.F.,(3,3),(0.,1.),.PIECEWISE_BEZIER_KNOTS.);
#2020 = CARTESIAN_POINT('',(-5.8875,-4.9328125,3.));
#2021 = CARTESIAN_POINT('',(-5.7861328125,-4.9328125,3.));
#2022 = CARTESIAN_POINT('',(-5.726953125,-4.8794921875,3.));
#2023 = PCURVE('',#100,#2024);
#2024 = DEFINITIONAL_REPRESENTATION('',(#2025),#2029);
#2025 = B_SPLINE_CURVE_WITH_KNOTS('',2,(#2026,#2027,#2028),
  .UNSPECIFIED.,.F.,.F.,(3,3),(0.,1.),.PIECEWISE_BEZIER_KNOTS.);
#2026 = CARTESIAN_POINT('',(-5.8875,-4.9328125));
#2027 = CARTESIAN_POINT('',(-5.7861328125,-4.9328125));
#2028 = CARTESIAN_POINT('',(-5.726953125,-4.8794921875));
#2029 = ( GEOMETRIC_REPRESENTATION_CONTEXT(2) 
PARAMETRIC_REPRESENTATION_CONTEXT() REPRESENTATION_CONTEXT('2D SPACE',''
  ) );
#2030 = PCURVE('',#2031,#2038);
#2031 = SURFACE_OF_LINEAR_EXTRUSION('',#2032,#2036);
#2032 = B_SPLINE_CURVE_WITH_KNOTS('',2,(#2033,#2034,#2035),
  .UNSPECIFIED.,.F.,.F.,(3,3),(0.,1.),.PIECEWISE_BEZIER_KNOTS.);
#2033 = CARTESIAN_POINT('',(-5.8875,-4.9328125,2.7));
#2034 = CARTESIAN_POINT('',(-5.7861328125,-4.9328125,2.7));
#2035 = CARTESIAN_POINT('',(-5.726953125,-4.8794921875,2.7));
#2036 = VECTOR('',#2037,1.);
#2037 = DIRECTION('',(-0.,-0.,-1.));
#2038 = DEFINITIONAL_REPRESENTATION('',(#2039),#2043);
#2039 = LINE('',#2040,#2041);
#2040 = CARTESIAN_POINT('',(0.,-0.3));
#2041 = VECTOR('',#2042,1.);
#2042 = DIRECTION('',(1.,0.));
#2043 = ( GEOMETRIC_REPRESENTATION_CONTEXT(2) 
PARAMETRIC_REPRESENTATION_CONTEXT() REPRESENTATION_CONTEXT('2D SPACE',''
  ) );
#2044 = ORIENTED_EDGE('',*,*,#2045,.T.);
#2045 = EDGE_CURVE('',#2016,#2046,#2048,.T.);
#2046 = VERTEX_POINT('',#2047);
#2047 = CARTESIAN_POINT('',(-5.6677734375,-4.734765625,3.));
#2048 = SURFACE_CURVE('',#2049,(#2053,#2060),.PCURVE_S1.);
#2049 = B_SPLINE_CURVE_WITH_KNOTS('',2,(#2050,#2051,#2052),
  .UNSPECIFIED.,.F.,.F.,(3,3),(0.,1.),.PIECEWISE_BEZIER_KNOTS.);
#2050 = CARTESIAN_POINT('',(-5.726953125,-4.8794921875,3.));
#2051 = CARTESIAN_POINT('',(-5.6677734375,-4.826171875,3.));
#2052 = CARTESIAN_POINT('',(-5.6677734375,-4.734765625,3.));
#2053 = PCURVE('',#100,#2054);
#2054 = DEFINITIONAL_REPRESENTATION('',(#2055),#2059);
#2055 = B_SPLINE_CURVE_WITH_KNOTS('',2,(#2056,#2057,#2058),
  .UNSPECIFIED.,.F.,.F.,(3,3),(0.,1.),.PIECEWISE_BEZIER_KNOTS.);
#2056 = CARTESIAN_POINT('',(-5.726953125,-4.8794921875));
#2057 = CARTESIAN_POINT('',(-5.6677734375,-4.826171875));
#2058 = CARTESIAN_POINT('',(-5.6677734375,-4.734765625));
#2059 = ( GEOMETRIC_REPRESENTATION_CONTEXT(2) 
PARAMETRIC_REPRESENTATION_CONTEXT() REPRESENTATION_CONTEXT('2D SPACE',''
  ) );
#2060 = PCURVE('',#2061,#2068);
#2061 = SURFACE_OF_LINEAR_EXTRUSION('',#2062,#2066);
#2062 = B_SPLINE_CURVE_WITH_KNOTS('',2,(#2063,#2064,#2065),
  .UNSPECIFIED.,.F.,.F.,(3,3),(0.,1.),.PIECEWISE_BEZIER_KNOTS.);
#2063 = CARTESIAN_POINT('',(-5.726953125,-4.8794921875,2.7));
#2064 = CARTESIAN_POINT('',(-5.6677734375,-4.826171875,2.7));
#2065 = CARTESIAN_POINT('',(-5.6677734375,-4.734765625,2.7));
#2066 = VECTOR('',#2067,1.);
#2067 = DIRECTION('',(-0.,-0.,-1.));
#2068 = DEFINITIONAL_REPRESENTATION('',(#2069),#2073);
#2069 = LINE('',#2070,#2071);
#2070 = CARTESIAN_POINT('',(0.,-0.3));
#2071 = VECTOR('',#2072,1.);
#2072 = DIRECTION('',(1.,0.));
#2073 = ( GEOMETRIC_REPRESENTATION_CONTEXT(2) 
PARAMETRIC_REPRESENTATION_CONTEXT() REPRESENTATION_CONTEXT('2D SPACE',''
  ) );
#2074 = ORIENTED_EDGE('',*,*,#2075,.T.);
#2075 = EDGE_CURVE('',#2046,#2076,#2078,.T.);
#2076 = VERTEX_POINT('',#2077);
#2077 = CARTESIAN_POINT('',(-5.726953125,-4.5900390625,3.));
#2078 = SURFACE_CURVE('',#2079,(#2083,#2090),.PCURVE_S1.);
#2079 = B_SPLINE_CURVE_WITH_KNOTS('',2,(#2080,#2081,#2082),
  .UNSPECIFIED.,.F.,.F.,(3,3),(0.,1.),.PIECEWISE_BEZIER_KNOTS.);
#2080 = CARTESIAN_POINT('',(-5.6677734375,-4.734765625,3.));
#2081 = CARTESIAN_POINT('',(-5.6677734375,-4.643359375,3.));
#2082 = CARTESIAN_POINT('',(-5.726953125,-4.5900390625,3.));
#2083 = PCURVE('',#100,#2084);
#2084 = DEFINITIONAL_REPRESENTATION('',(#2085),#2089);
#2085 = B_SPLINE_CURVE_WITH_KNOTS('',2,(#2086,#2087,#2088),
  .UNSPECIFIED.,.F.,.F.,(3,3),(0.,1.),.PIECEWISE_BEZIER_KNOTS.);
#2086 = CARTESIAN_POINT('',(-5.6677734375,-4.734765625));
#2087 = CARTESIAN_POINT('',(-5.6677734375,-4.643359375));
#2088 = CARTESIAN_POINT('',(-5.726953125,-4.5900390625));
#2089 = ( GEOMETRIC_REPRESENTATION_CONTEXT(2) 
PARAMETRIC_REPRESENTATION_CONTEXT() REPRESENTATION_CONTEXT('2D SPACE',''
  ) );
#2090 = PCURVE('',#2091,#2098);
#2091 = SURFACE_OF_LINEAR_EXTRUSION('',#2092,#2096);
#2092 = B_SPLINE_CURVE_WITH_KNOTS('',2,(#2093,#2094,#2095),
  .UNSPECIFIED.,.F.,.F.,(3,3),(0.,1.),.PIECEWISE_BEZIER_KNOTS.);
#2093 = CARTESIAN_POINT('',(-5.6677734375,-4.734765625,2.7));
#2094 = CARTESIAN_POINT('',(-5.6677734375,-4.643359375,2.7));
#2095 = CARTESIAN_POINT('',(-5.726953125,-4.5900390625,2.7));
#2096 = VECTOR('',#2097,1.);
#2097 = DIRECTION('',(-0.,-0.,-1.));
#2098 = DEFINITIONAL_REPRESENTATION('',(#2099),#2103);
#2099 = LINE('',#2100,#2101);
#2100 = CARTESIAN_POINT('',(0.,-0.3));
#2101 = VECTOR('',#2102,1.);
#2102 = DIRECTION('',(1.,0.));
#2103 = ( GEOMETRIC_REPRESENTATION_CONTEXT(2) 
PARAMETRIC_REPRESENTATION_CONTEXT() REPRESENTATION_CONTEXT('2D SPACE',''
  ) );
#2104 = ORIENTED_EDGE('',*,*,#2105,.T.);
#2105 = EDGE_CURVE('',#2076,#2106,#2108,.T.);
#2106 = VERTEX_POINT('',#2107);
#2107 = CARTESIAN_POINT('',(-5.8875,-4.53671875,3.));
#2108 = SURFACE_CURVE('',#2109,(#2113,#2120),.PCURVE_S1.);
#2109 = B_SPLINE_CURVE_WITH_KNOTS('',2,(#2110,#2111,#2112),
  .UNSPECIFIED.,.F.,.F.,(3,3),(0.,1.),.PIECEWISE_BEZIER_KNOTS.);
#2110 = CARTESIAN_POINT('',(-5.726953125,-4.5900390625,3.));
#2111 = CARTESIAN_POINT('',(-5.7861328125,-4.53671875,3.));
#2112 = CARTESIAN_POINT('',(-5.8875,-4.53671875,3.));
#2113 = PCURVE('',#100,#2114);
#2114 = DEFINITIONAL_REPRESENTATION('',(#2115),#2119);
#2115 = B_SPLINE_CURVE_WITH_KNOTS('',2,(#2116,#2117,#2118),
  .UNSPECIFIED.,.F.,.F.,(3,3),(0.,1.),.PIECEWISE_BEZIER_KNOTS.);
#2116 = CARTESIAN_POINT('',(-5.726953125,-4.5900390625));
#2117 = CARTESIAN_POINT('',(-5.7861328125,-4.53671875));
#2118 = CARTESIAN_POINT('',(-5.8875,-4.53671875));
#2119 = ( GEOMETRIC_REPRESENTATION_CONTEXT(2) 
PARAMETRIC_REPRESENTATION_CONTEXT() REPRESENTATION_CONTEXT('2D SPACE',''
  ) );
#2120 = PCURVE('',#2121,#2128);
#2121 = SURFACE_OF_LINEAR_EXTRUSION('',#2122,#2126);
#2122 = B_SPLINE_CURVE_WITH_KNOTS('',2,(#2123,#2124,#2125),
  .UNSPECIFIED.,.F.,.F.,(3,3),(0.,1.),.PIECEWISE_BEZIER_KNOTS.);
#2123 = CARTESIAN_POINT('',(-5.726953125,-4.5900390625,2.7));
#2124 = CARTESIAN_POINT('',(-5.7861328125,-4.53671875,2.7));
#2125 = CARTESIAN_POINT('',(-5.8875,-4.53671875,2.7));
#2126 = VECTOR('',#2127,1.);
#2127 = DIRECTION('',(-0.,-0.,-1.));
#2128 = DEFINITIONAL_REPRESENTATION('',(#2129),#2133);
#2129 = LINE('',#2130,#2131);
#2130 = CARTESIAN_POINT('',(0.,-0.3));
#2131 = VECTOR('',#2132,1.);
#2132 = DIRECTION('',(1.,0.));
#2133 = ( GEOMETRIC_REPRESENTATION_CONTEXT(2) 
PARAMETRIC_REPRESENTATION_CONTEXT() REPRESENTATION_CONTEXT('2D SPACE',''
  ) );
#2134 = ORIENTED_EDGE('',*,*,#2135,.T.);
#2135 = EDGE_CURVE('',#2106,#1516,#2136,.T.);
#2136 = SURFACE_CURVE('',#2137,(#2141,#2148),.PCURVE_S1.);
#2137 = B_SPLINE_CURVE_WITH_KNOTS('',2,(#2138,#2139,#2140),
  .UNSPECIFIED.,.F.,.F.,(3,3),(0.,1.),.PIECEWISE_BEZIER_KNOTS.);
#2138 = CARTESIAN_POINT('',(-5.8875,-4.53671875,3.));
#2139 = CARTESIAN_POINT('',(-5.9349609375,-4.53671875,3.));
#2140 = CARTESIAN_POINT('',(-5.98212890625,-4.547265625,3.));
#2141 = PCURVE('',#100,#2142);
#2142 = DEFINITIONAL_REPRESENTATION('',(#2143),#2147);
#2143 = B_SPLINE_CURVE_WITH_KNOTS('',2,(#2144,#2145,#2146),
  .UNSPECIFIED.,.F.,.F.,(3,3),(0.,1.),.PIECEWISE_BEZIER_KNOTS.);
#2144 = CARTESIAN_POINT('',(-5.8875,-4.53671875));
#2145 = CARTESIAN_POINT('',(-5.9349609375,-4.53671875));
#2146 = CARTESIAN_POINT('',(-5.98212890625,-4.547265625));
#2147 = ( GEOMETRIC_REPRESENTATION_CONTEXT(2) 
PARAMETRIC_REPRESENTATION_CONTEXT() REPRESENTATION_CONTEXT('2D SPACE',''
  ) );
#2148 = PCURVE('',#2149,#2156);
#2149 = SURFACE_OF_LINEAR_EXTRUSION('',#2150,#2154);
#2150 = B_SPLINE_CURVE_WITH_KNOTS('',2,(#2151,#2152,#2153),
  .UNSPECIFIED.,.F.,.F.,(3,3),(0.,1.),.PIECEWISE_BEZIER_KNOTS.);
#2151 = CARTESIAN_POINT('',(-5.8875,-4.53671875,2.7));
#2152 = CARTESIAN_POINT('',(-5.9349609375,-4.53671875,2.7));
#2153 = CARTESIAN_POINT('',(-5.98212890625,-4.547265625,2.7));
#2154 = VECTOR('',#2155,1.);
#2155 = DIRECTION('',(-0.,-0.,-1.));
#2156 = DEFINITIONAL_REPRESENTATION('',(#2157),#2161);
#2157 = LINE('',#2158,#2159);
#2158 = CARTESIAN_POINT('',(0.,-0.3));
#2159 = VECTOR('',#2160,1.);
#2160 = DIRECTION('',(1.,0.));
#2161 = ( GEOMETRIC_REPRESENTATION_CONTEXT(2) 
PARAMETRIC_REPRESENTATION_CONTEXT() REPRESENTATION_CONTEXT('2D SPACE',''
  ) );
#2162 = FACE_BOUND('',#2163,.T.);
#2163 = EDGE_LOOP('',(#2164,#2194,#2222,#2250));
#2164 = ORIENTED_EDGE('',*,*,#2165,.T.);
#2165 = EDGE_CURVE('',#2166,#2168,#2170,.T.);
#2166 = VERTEX_POINT('',#2167);
#2167 = CARTESIAN_POINT('',(-5.192578125,-5.0154296875,3.));
#2168 = VERTEX_POINT('',#2169);
#2169 = CARTESIAN_POINT('',(-5.3162109375,-5.0154296875,3.));
#2170 = SURFACE_CURVE('',#2171,(#2175,#2182),.PCURVE_S1.);
#2171 = LINE('',#2172,#2173);
#2172 = CARTESIAN_POINT('',(-5.192578125,-5.0154296875,3.));
#2173 = VECTOR('',#2174,1.);
#2174 = DIRECTION('',(-1.,0.,0.));
#2175 = PCURVE('',#100,#2176);
#2176 = DEFINITIONAL_REPRESENTATION('',(#2177),#2181);
#2177 = LINE('',#2178,#2179);
#2178 = CARTESIAN_POINT('',(-5.192578125,-5.0154296875));
#2179 = VECTOR('',#2180,1.);
#2180 = DIRECTION('',(-1.,0.));
#2181 = ( GEOMETRIC_REPRESENTATION_CONTEXT(2) 
PARAMETRIC_REPRESENTATION_CONTEXT() REPRESENTATION_CONTEXT('2D SPACE',''
  ) );
#2182 = PCURVE('',#2183,#2188);
#2183 = PLANE('',#2184);
#2184 = AXIS2_PLACEMENT_3D('',#2185,#2186,#2187);
#2185 = CARTESIAN_POINT('',(-5.192578125,-5.0154296875,2.7));
#2186 = DIRECTION('',(0.,-1.,0.));
#2187 = DIRECTION('',(-1.,0.,0.));
#2188 = DEFINITIONAL_REPRESENTATION('',(#2189),#2193);
#2189 = LINE('',#2190,#2191);
#2190 = CARTESIAN_POINT('',(0.,-0.3));
#2191 = VECTOR('',#2192,1.);
#2192 = DIRECTION('',(1.,0.));
#2193 = ( GEOMETRIC_REPRESENTATION_CONTEXT(2) 
PARAMETRIC_REPRESENTATION_CONTEXT() REPRESENTATION_CONTEXT('2D SPACE',''
  ) );
#2194 = ORIENTED_EDGE('',*,*,#2195,.T.);
#2195 = EDGE_CURVE('',#2168,#2196,#2198,.T.);
#2196 = VERTEX_POINT('',#2197);
#2197 = CARTESIAN_POINT('',(-5.3162109375,-4.8666015625,3.));
#2198 = SURFACE_CURVE('',#2199,(#2203,#2210),.PCURVE_S1.);
#2199 = LINE('',#2200,#2201);
#2200 = CARTESIAN_POINT('',(-5.3162109375,-5.0154296875,3.));
#2201 = VECTOR('',#2202,1.);
#2202 = DIRECTION('',(0.,1.,0.));
#2203 = PCURVE('',#100,#2204);
#2204 = DEFINITIONAL_REPRESENTATION('',(#2205),#2209);
#2205 = LINE('',#2206,#2207);
#2206 = CARTESIAN_POINT('',(-5.3162109375,-5.0154296875));
#2207 = VECTOR('',#2208,1.);
#2208 = DIRECTION('',(0.,1.));
#2209 = ( GEOMETRIC_REPRESENTATION_CONTEXT(2) 
PARAMETRIC_REPRESENTATION_CONTEXT() REPRESENTATION_CONTEXT('2D SPACE',''
  ) );
#2210 = PCURVE('',#2211,#2216);
#2211 = PLANE('',#2212);
#2212 = AXIS2_PLACEMENT_3D('',#2213,#2214,#2215);
#2213 = CARTESIAN_POINT('',(-5.3162109375,-5.0154296875,2.7));
#2214 = DIRECTION('',(-1.,0.,0.));
#2215 = DIRECTION('',(0.,1.,0.));
#2216 = DEFINITIONAL_REPRESENTATION('',(#2217),#2221);
#2217 = LINE('',#2218,#2219);
#2218 = CARTESIAN_POINT('',(0.,-0.3));
#2219 = VECTOR('',#2220,1.);
#2220 = DIRECTION('',(1.,0.));
#2221 = ( GEOMETRIC_REPRESENTATION_CONTEXT(2) 
PARAMETRIC_REPRESENTATION_CONTEXT() REPRESENTATION_CONTEXT('2D SPACE',''
  ) );
#2222 = ORIENTED_EDGE('',*,*,#2223,.T.);
#2223 = EDGE_CURVE('',#2196,#2224,#2226,.T.);
#2224 = VERTEX_POINT('',#2225);
#2225 = CARTESIAN_POINT('',(-5.192578125,-4.8666015625,3.));
#2226 = SURFACE_CURVE('',#2227,(#2231,#2238),.PCURVE_S1.);
#2227 = LINE('',#2228,#2229);
#2228 = CARTESIAN_POINT('',(-5.3162109375,-4.8666015625,3.));
#2229 = VECTOR('',#2230,1.);
#2230 = DIRECTION('',(1.,0.,0.));
#2231 = PCURVE('',#100,#2232);
#2232 = DEFINITIONAL_REPRESENTATION('',(#2233),#2237);
#2233 = LINE('',#2234,#2235);
#2234 = CARTESIAN_POINT('',(-5.3162109375,-4.8666015625));
#2235 = VECTOR('',#2236,1.);
#2236 = DIRECTION('',(1.,0.));
#2237 = ( GEOMETRIC_REPRESENTATION_CONTEXT(2) 
PARAMETRIC_REPRESENTATION_CONTEXT() REPRESENTATION_CONTEXT('2D SPACE',''
  ) );
#2238 = PCURVE('',#2239,#2244);
#2239 = PLANE('',#2240);
#2240 = AXIS2_PLACEMENT_3D('',#2241,#2242,#2243);
#2241 = CARTESIAN_POINT('',(-5.3162109375,-4.8666015625,2.7));
#2242 = DIRECTION('',(0.,1.,0.));
#2243 = DIRECTION('',(1.,0.,0.));
#2244 = DEFINITIONAL_REPRESENTATION('',(#2245),#2249);
#2245 = LINE('',#2246,#2247);
#2246 = CARTESIAN_POINT('',(0.,-0.3));
#2247 = VECTOR('',#2248,1.);
#2248 = DIRECTION('',(1.,0.));
#2249 = ( GEOMETRIC_REPRESENTATION_CONTEXT(2) 
PARAMETRIC_REPRESENTATION_CONTEXT() REPRESENTATION_CONTEXT('2D SPACE',''
  ) );
#2250 = ORIENTED_EDGE('',*,*,#2251,.T.);
#2251 = EDGE_CURVE('',#2224,#2166,#2252,.T.);
#2252 = SURFACE_CURVE('',#2253,(#2257,#2264),.PCURVE_S1.);
#2253 = LINE('',#2254,#2255);
#2254 = CARTESIAN_POINT('',(-5.192578125,-4.8666015625,3.));
#2255 = VECTOR('',#2256,1.);
#2256 = DIRECTION('',(0.,-1.,0.));
#2257 = PCURVE('',#100,#2258);
#2258 = DEFINITIONAL_REPRESENTATION('',(#2259),#2263);
#2259 = LINE('',#2260,#2261);
#2260 = CARTESIAN_POINT('',(-5.192578125,-4.8666015625));
#2261 = VECTOR('',#2262,1.);
#2262 = DIRECTION('',(0.,-1.));
#2263 = ( GEOMETRIC_REPRESENTATION_CONTEXT(2) 
PARAMETRIC_REPRESENTATION_CONTEXT() REPRESENTATION_CONTEXT('2D SPACE',''
  ) );
#2264 = PCURVE('',#2265,#2270);
#2265 = PLANE('',#2266);
#2266 = AXIS2_PLACEMENT_3D('',#2267,#2268,#2269);
#2267 = CARTESIAN_POINT('',(-5.192578125,-4.8666015625,2.7));
#2268 = DIRECTION('',(1.,0.,0.));
#2269 = DIRECTION('',(0.,-1.,0.));
#2270 = DEFINITIONAL_REPRESENTATION('',(#2271),#2275);
#2271 = LINE('',#2272,#2273);
#2272 = CARTESIAN_POINT('',(0.,-0.3));
#2273 = VECTOR('',#2274,1.);
#2274 = DIRECTION('',(1.,0.));
#2275 = ( GEOMETRIC_REPRESENTATION_CONTEXT(2) 
PARAMETRIC_REPRESENTATION_CONTEXT() REPRESENTATION_CONTEXT('2D SPACE',''
  ) );
#2276 = FACE_BOUND('',#2277,.T.);
#2277 = EDGE_LOOP('',(#2278,#2308,#2336,#2364,#2392,#2420,#2448,#2476,
    #2504,#2532,#2560));
#2278 = ORIENTED_EDGE('',*,*,#2279,.T.);
#2279 = EDGE_CURVE('',#2280,#2282,#2284,.T.);
#2280 = VERTEX_POINT('',#2281);
#2281 = CARTESIAN_POINT('',(-4.4103515625,-5.0154296875,3.));
#2282 = VERTEX_POINT('',#2283);
#2283 = CARTESIAN_POINT('',(-4.9142578125,-5.0154296875,3.));
#2284 = SURFACE_CURVE('',#2285,(#2289,#2296),.PCURVE_S1.);
#2285 = LINE('',#2286,#2287);
#2286 = CARTESIAN_POINT('',(-4.4103515625,-5.0154296875,3.));
#2287 = VECTOR('',#2288,1.);
#2288 = DIRECTION('',(-1.,0.,0.));
#2289 = PCURVE('',#100,#2290);
#2290 = DEFINITIONAL_REPRESENTATION('',(#2291),#2295);
#2291 = LINE('',#2292,#2293);
#2292 = CARTESIAN_POINT('',(-4.4103515625,-5.0154296875));
#2293 = VECTOR('',#2294,1.);
#2294 = DIRECTION('',(-1.,0.));
#2295 = ( GEOMETRIC_REPRESENTATION_CONTEXT(2) 
PARAMETRIC_REPRESENTATION_CONTEXT() REPRESENTATION_CONTEXT('2D SPACE',''
  ) );
#2296 = PCURVE('',#2297,#2302);
#2297 = PLANE('',#2298);
#2298 = AXIS2_PLACEMENT_3D('',#2299,#2300,#2301);
#2299 = CARTESIAN_POINT('',(-4.4103515625,-5.0154296875,2.7));
#2300 = DIRECTION('',(0.,-1.,0.));
#2301 = DIRECTION('',(-1.,0.,0.));
#2302 = DEFINITIONAL_REPRESENTATION('',(#2303),#2307);
#2303 = LINE('',#2304,#2305);
#2304 = CARTESIAN_POINT('',(8.881784197001E-16,-0.3));
#2305 = VECTOR('',#2306,1.);
#2306 = DIRECTION('',(1.,0.));
#2307 = ( GEOMETRIC_REPRESENTATION_CONTEXT(2) 
PARAMETRIC_REPRESENTATION_CONTEXT() REPRESENTATION_CONTEXT('2D SPACE',''
  ) );
#2308 = ORIENTED_EDGE('',*,*,#2309,.T.);
#2309 = EDGE_CURVE('',#2282,#2310,#2312,.T.);
#2310 = VERTEX_POINT('',#2311);
#2311 = CARTESIAN_POINT('',(-4.9142578125,-4.9158203125,3.));
#2312 = SURFACE_CURVE('',#2313,(#2317,#2324),.PCURVE_S1.);
#2313 = LINE('',#2314,#2315);
#2314 = CARTESIAN_POINT('',(-4.9142578125,-5.0154296875,3.));
#2315 = VECTOR('',#2316,1.);
#2316 = DIRECTION('',(0.,1.,0.));
#2317 = PCURVE('',#100,#2318);
#2318 = DEFINITIONAL_REPRESENTATION('',(#2319),#2323);
#2319 = LINE('',#2320,#2321);
#2320 = CARTESIAN_POINT('',(-4.9142578125,-5.0154296875));
#2321 = VECTOR('',#2322,1.);
#2322 = DIRECTION('',(0.,1.));
#2323 = ( GEOMETRIC_REPRESENTATION_CONTEXT(2) 
PARAMETRIC_REPRESENTATION_CONTEXT() REPRESENTATION_CONTEXT('2D SPACE',''
  ) );
#2324 = PCURVE('',#2325,#2330);
#2325 = PLANE('',#2326);
#2326 = AXIS2_PLACEMENT_3D('',#2327,#2328,#2329);
#2327 = CARTESIAN_POINT('',(-4.9142578125,-5.0154296875,2.7));
#2328 = DIRECTION('',(-1.,0.,0.));
#2329 = DIRECTION('',(0.,1.,0.));
#2330 = DEFINITIONAL_REPRESENTATION('',(#2331),#2335);
#2331 = LINE('',#2332,#2333);
#2332 = CARTESIAN_POINT('',(0.,-0.3));
#2333 = VECTOR('',#2334,1.);
#2334 = DIRECTION('',(1.,0.));
#2335 = ( GEOMETRIC_REPRESENTATION_CONTEXT(2) 
PARAMETRIC_REPRESENTATION_CONTEXT() REPRESENTATION_CONTEXT('2D SPACE',''
  ) );
#2336 = ORIENTED_EDGE('',*,*,#2337,.T.);
#2337 = EDGE_CURVE('',#2310,#2338,#2340,.T.);
#2338 = VERTEX_POINT('',#2339);
#2339 = CARTESIAN_POINT('',(-4.7208984375,-4.9158203125,3.));
#2340 = SURFACE_CURVE('',#2341,(#2345,#2352),.PCURVE_S1.);
#2341 = LINE('',#2342,#2343);
#2342 = CARTESIAN_POINT('',(-4.9142578125,-4.9158203125,3.));
#2343 = VECTOR('',#2344,1.);
#2344 = DIRECTION('',(1.,0.,0.));
#2345 = PCURVE('',#100,#2346);
#2346 = DEFINITIONAL_REPRESENTATION('',(#2347),#2351);
#2347 = LINE('',#2348,#2349);
#2348 = CARTESIAN_POINT('',(-4.9142578125,-4.9158203125));
#2349 = VECTOR('',#2350,1.);
#2350 = DIRECTION('',(1.,0.));
#2351 = ( GEOMETRIC_REPRESENTATION_CONTEXT(2) 
PARAMETRIC_REPRESENTATION_CONTEXT() REPRESENTATION_CONTEXT('2D SPACE',''
  ) );
#2352 = PCURVE('',#2353,#2358);
#2353 = PLANE('',#2354);
#2354 = AXIS2_PLACEMENT_3D('',#2355,#2356,#2357);
#2355 = CARTESIAN_POINT('',(-4.9142578125,-4.9158203125,2.7));
#2356 = DIRECTION('',(0.,1.,0.));
#2357 = DIRECTION('',(1.,0.,0.));
#2358 = DEFINITIONAL_REPRESENTATION('',(#2359),#2363);
#2359 = LINE('',#2360,#2361);
#2360 = CARTESIAN_POINT('',(-8.881784197001E-16,-0.3));
#2361 = VECTOR('',#2362,1.);
#2362 = DIRECTION('',(1.,0.));
#2363 = ( GEOMETRIC_REPRESENTATION_CONTEXT(2) 
PARAMETRIC_REPRESENTATION_CONTEXT() REPRESENTATION_CONTEXT('2D SPACE',''
  ) );
#2364 = ORIENTED_EDGE('',*,*,#2365,.T.);
#2365 = EDGE_CURVE('',#2338,#2366,#2368,.T.);
#2366 = VERTEX_POINT('',#2367);
#2367 = CARTESIAN_POINT('',(-4.7208984375,-4.2484375,3.));
#2368 = SURFACE_CURVE('',#2369,(#2373,#2380),.PCURVE_S1.);
#2369 = LINE('',#2370,#2371);
#2370 = CARTESIAN_POINT('',(-4.7208984375,-4.9158203125,3.));
#2371 = VECTOR('',#2372,1.);
#2372 = DIRECTION('',(0.,1.,0.));
#2373 = PCURVE('',#100,#2374);
#2374 = DEFINITIONAL_REPRESENTATION('',(#2375),#2379);
#2375 = LINE('',#2376,#2377);
#2376 = CARTESIAN_POINT('',(-4.7208984375,-4.9158203125));
#2377 = VECTOR('',#2378,1.);
#2378 = DIRECTION('',(0.,1.));
#2379 = ( GEOMETRIC_REPRESENTATION_CONTEXT(2) 
PARAMETRIC_REPRESENTATION_CONTEXT() REPRESENTATION_CONTEXT('2D SPACE',''
  ) );
#2380 = PCURVE('',#2381,#2386);
#2381 = PLANE('',#2382);
#2382 = AXIS2_PLACEMENT_3D('',#2383,#2384,#2385);
#2383 = CARTESIAN_POINT('',(-4.7208984375,-4.9158203125,2.7));
#2384 = DIRECTION('',(-1.,0.,0.));
#2385 = DIRECTION('',(0.,1.,0.));
#2386 = DEFINITIONAL_REPRESENTATION('',(#2387),#2391);
#2387 = LINE('',#2388,#2389);
#2388 = CARTESIAN_POINT('',(0.,-0.3));
#2389 = VECTOR('',#2390,1.);
#2390 = DIRECTION('',(1.,0.));
#2391 = ( GEOMETRIC_REPRESENTATION_CONTEXT(2) 
PARAMETRIC_REPRESENTATION_CONTEXT() REPRESENTATION_CONTEXT('2D SPACE',''
  ) );
#2392 = ORIENTED_EDGE('',*,*,#2393,.T.);
#2393 = EDGE_CURVE('',#2366,#2394,#2396,.T.);
#2394 = VERTEX_POINT('',#2395);
#2395 = CARTESIAN_POINT('',(-4.93125,-4.290625,3.));
#2396 = SURFACE_CURVE('',#2397,(#2401,#2408),.PCURVE_S1.);
#2397 = LINE('',#2398,#2399);
#2398 = CARTESIAN_POINT('',(-4.7208984375,-4.2484375,3.));
#2399 = VECTOR('',#2400,1.);
#2400 = DIRECTION('',(-0.98047549159,-0.196641324219,0.));
#2401 = PCURVE('',#100,#2402);
#2402 = DEFINITIONAL_REPRESENTATION('',(#2403),#2407);
#2403 = LINE('',#2404,#2405);
#2404 = CARTESIAN_POINT('',(-4.7208984375,-4.2484375));
#2405 = VECTOR('',#2406,1.);
#2406 = DIRECTION('',(-0.98047549159,-0.196641324219));
#2407 = ( GEOMETRIC_REPRESENTATION_CONTEXT(2) 
PARAMETRIC_REPRESENTATION_CONTEXT() REPRESENTATION_CONTEXT('2D SPACE',''
  ) );
#2408 = PCURVE('',#2409,#2414);
#2409 = PLANE('',#2410);
#2410 = AXIS2_PLACEMENT_3D('',#2411,#2412,#2413);
#2411 = CARTESIAN_POINT('',(-4.7208984375,-4.2484375,2.7));
#2412 = DIRECTION('',(0.196641324219,-0.98047549159,0.));
#2413 = DIRECTION('',(-0.98047549159,-0.196641324219,0.));
#2414 = DEFINITIONAL_REPRESENTATION('',(#2415),#2419);
#2415 = LINE('',#2416,#2417);
#2416 = CARTESIAN_POINT('',(8.708371726755E-16,-0.3));
#2417 = VECTOR('',#2418,1.);
#2418 = DIRECTION('',(1.,-0.));
#2419 = ( GEOMETRIC_REPRESENTATION_CONTEXT(2) 
PARAMETRIC_REPRESENTATION_CONTEXT() REPRESENTATION_CONTEXT('2D SPACE',''
  ) );
#2420 = ORIENTED_EDGE('',*,*,#2421,.T.);
#2421 = EDGE_CURVE('',#2394,#2422,#2424,.T.);
#2422 = VERTEX_POINT('',#2423);
#2423 = CARTESIAN_POINT('',(-4.93125,-4.1828125,3.));
#2424 = SURFACE_CURVE('',#2425,(#2429,#2436),.PCURVE_S1.);
#2425 = LINE('',#2426,#2427);
#2426 = CARTESIAN_POINT('',(-4.93125,-4.290625,3.));
#2427 = VECTOR('',#2428,1.);
#2428 = DIRECTION('',(0.,1.,0.));
#2429 = PCURVE('',#100,#2430);
#2430 = DEFINITIONAL_REPRESENTATION('',(#2431),#2435);
#2431 = LINE('',#2432,#2433);
#2432 = CARTESIAN_POINT('',(-4.93125,-4.290625));
#2433 = VECTOR('',#2434,1.);
#2434 = DIRECTION('',(0.,1.));
#2435 = ( GEOMETRIC_REPRESENTATION_CONTEXT(2) 
PARAMETRIC_REPRESENTATION_CONTEXT() REPRESENTATION_CONTEXT('2D SPACE',''
  ) );
#2436 = PCURVE('',#2437,#2442);
#2437 = PLANE('',#2438);
#2438 = AXIS2_PLACEMENT_3D('',#2439,#2440,#2441);
#2439 = CARTESIAN_POINT('',(-4.93125,-4.290625,2.7));
#2440 = DIRECTION('',(-1.,0.,0.));
#2441 = DIRECTION('',(0.,1.,0.));
#2442 = DEFINITIONAL_REPRESENTATION('',(#2443),#2447);
#2443 = LINE('',#2444,#2445);
#2444 = CARTESIAN_POINT('',(0.,-0.3));
#2445 = VECTOR('',#2446,1.);
#2446 = DIRECTION('',(1.,0.));
#2447 = ( GEOMETRIC_REPRESENTATION_CONTEXT(2) 
PARAMETRIC_REPRESENTATION_CONTEXT() REPRESENTATION_CONTEXT('2D SPACE',''
  ) );
#2448 = ORIENTED_EDGE('',*,*,#2449,.T.);
#2449 = EDGE_CURVE('',#2422,#2450,#2452,.T.);
#2450 = VERTEX_POINT('',#2451);
#2451 = CARTESIAN_POINT('',(-4.7220703125,-4.140625,3.));
#2452 = SURFACE_CURVE('',#2453,(#2457,#2464),.PCURVE_S1.);
#2453 = LINE('',#2454,#2455);
#2454 = CARTESIAN_POINT('',(-4.93125,-4.1828125,3.));
#2455 = VECTOR('',#2456,1.);
#2456 = DIRECTION('',(0.980262569154,0.197700013947,0.));
#2457 = PCURVE('',#100,#2458);
#2458 = DEFINITIONAL_REPRESENTATION('',(#2459),#2463);
#2459 = LINE('',#2460,#2461);
#2460 = CARTESIAN_POINT('',(-4.93125,-4.1828125));
#2461 = VECTOR('',#2462,1.);
#2462 = DIRECTION('',(0.980262569154,0.197700013947));
#2463 = ( GEOMETRIC_REPRESENTATION_CONTEXT(2) 
PARAMETRIC_REPRESENTATION_CONTEXT() REPRESENTATION_CONTEXT('2D SPACE',''
  ) );
#2464 = PCURVE('',#2465,#2470);
#2465 = PLANE('',#2466);
#2466 = AXIS2_PLACEMENT_3D('',#2467,#2468,#2469);
#2467 = CARTESIAN_POINT('',(-4.93125,-4.1828125,2.7));
#2468 = DIRECTION('',(-0.197700013947,0.980262569154,0.));
#2469 = DIRECTION('',(0.980262569154,0.197700013947,0.));
#2470 = DEFINITIONAL_REPRESENTATION('',(#2471),#2475);
#2471 = LINE('',#2472,#2473);
#2472 = CARTESIAN_POINT('',(0.,-0.3));
#2473 = VECTOR('',#2474,1.);
#2474 = DIRECTION('',(1.,0.));
#2475 = ( GEOMETRIC_REPRESENTATION_CONTEXT(2) 
PARAMETRIC_REPRESENTATION_CONTEXT() REPRESENTATION_CONTEXT('2D SPACE',''
  ) );
#2476 = ORIENTED_EDGE('',*,*,#2477,.T.);
#2477 = EDGE_CURVE('',#2450,#2478,#2480,.T.);
#2478 = VERTEX_POINT('',#2479);
#2479 = CARTESIAN_POINT('',(-4.6037109375,-4.140625,3.));
#2480 = SURFACE_CURVE('',#2481,(#2485,#2492),.PCURVE_S1.);
#2481 = LINE('',#2482,#2483);
#2482 = CARTESIAN_POINT('',(-4.7220703125,-4.140625,3.));
#2483 = VECTOR('',#2484,1.);
#2484 = DIRECTION('',(1.,0.,0.));
#2485 = PCURVE('',#100,#2486);
#2486 = DEFINITIONAL_REPRESENTATION('',(#2487),#2491);
#2487 = LINE('',#2488,#2489);
#2488 = CARTESIAN_POINT('',(-4.7220703125,-4.140625));
#2489 = VECTOR('',#2490,1.);
#2490 = DIRECTION('',(1.,0.));
#2491 = ( GEOMETRIC_REPRESENTATION_CONTEXT(2) 
PARAMETRIC_REPRESENTATION_CONTEXT() REPRESENTATION_CONTEXT('2D SPACE',''
  ) );
#2492 = PCURVE('',#2493,#2498);
#2493 = PLANE('',#2494);
#2494 = AXIS2_PLACEMENT_3D('',#2495,#2496,#2497);
#2495 = CARTESIAN_POINT('',(-4.7220703125,-4.140625,2.7));
#2496 = DIRECTION('',(0.,1.,0.));
#2497 = DIRECTION('',(1.,0.,0.));
#2498 = DEFINITIONAL_REPRESENTATION('',(#2499),#2503);
#2499 = LINE('',#2500,#2501);
#2500 = CARTESIAN_POINT('',(-8.881784197001E-16,-0.3));
#2501 = VECTOR('',#2502,1.);
#2502 = DIRECTION('',(1.,0.));
#2503 = ( GEOMETRIC_REPRESENTATION_CONTEXT(2) 
PARAMETRIC_REPRESENTATION_CONTEXT() REPRESENTATION_CONTEXT('2D SPACE',''
  ) );
#2504 = ORIENTED_EDGE('',*,*,#2505,.T.);
#2505 = EDGE_CURVE('',#2478,#2506,#2508,.T.);
#2506 = VERTEX_POINT('',#2507);
#2507 = CARTESIAN_POINT('',(-4.6037109375,-4.9158203125,3.));
#2508 = SURFACE_CURVE('',#2509,(#2513,#2520),.PCURVE_S1.);
#2509 = LINE('',#2510,#2511);
#2510 = CARTESIAN_POINT('',(-4.6037109375,-4.140625,3.));
#2511 = VECTOR('',#2512,1.);
#2512 = DIRECTION('',(0.,-1.,0.));
#2513 = PCURVE('',#100,#2514);
#2514 = DEFINITIONAL_REPRESENTATION('',(#2515),#2519);
#2515 = LINE('',#2516,#2517);
#2516 = CARTESIAN_POINT('',(-4.6037109375,-4.140625));
#2517 = VECTOR('',#2518,1.);
#2518 = DIRECTION('',(0.,-1.));
#2519 = ( GEOMETRIC_REPRESENTATION_CONTEXT(2) 
PARAMETRIC_REPRESENTATION_CONTEXT() REPRESENTATION_CONTEXT('2D SPACE',''
  ) );
#2520 = PCURVE('',#2521,#2526);
#2521 = PLANE('',#2522);
#2522 = AXIS2_PLACEMENT_3D('',#2523,#2524,#2525);
#2523 = CARTESIAN_POINT('',(-4.6037109375,-4.140625,2.7));
#2524 = DIRECTION('',(1.,0.,0.));
#2525 = DIRECTION('',(0.,-1.,0.));
#2526 = DEFINITIONAL_REPRESENTATION('',(#2527),#2531);
#2527 = LINE('',#2528,#2529);
#2528 = CARTESIAN_POINT('',(-8.881784197001E-16,-0.3));
#2529 = VECTOR('',#2530,1.);
#2530 = DIRECTION('',(1.,0.));
#2531 = ( GEOMETRIC_REPRESENTATION_CONTEXT(2) 
PARAMETRIC_REPRESENTATION_CONTEXT() REPRESENTATION_CONTEXT('2D SPACE',''
  ) );
#2532 = ORIENTED_EDGE('',*,*,#2533,.T.);
#2533 = EDGE_CURVE('',#2506,#2534,#2536,.T.);
#2534 = VERTEX_POINT('',#2535);
#2535 = CARTESIAN_POINT('',(-4.4103515625,-4.9158203125,3.));
#2536 = SURFACE_CURVE('',#2537,(#2541,#2548),.PCURVE_S1.);
#2537 = LINE('',#2538,#2539);
#2538 = CARTESIAN_POINT('',(-4.6037109375,-4.9158203125,3.));
#2539 = VECTOR('',#2540,1.);
#2540 = DIRECTION('',(1.,0.,0.));
#2541 = PCURVE('',#100,#2542);
#2542 = DEFINITIONAL_REPRESENTATION('',(#2543),#2547);
#2543 = LINE('',#2544,#2545);
#2544 = CARTESIAN_POINT('',(-4.6037109375,-4.9158203125));
#2545 = VECTOR('',#2546,1.);
#2546 = DIRECTION('',(1.,0.));
#2547 = ( GEOMETRIC_REPRESENTATION_CONTEXT(2) 
PARAMETRIC_REPRESENTATION_CONTEXT() REPRESENTATION_CONTEXT('2D SPACE',''
  ) );
#2548 = PCURVE('',#2549,#2554);
#2549 = PLANE('',#2550);
#2550 = AXIS2_PLACEMENT_3D('',#2551,#2552,#2553);
#2551 = CARTESIAN_POINT('',(-4.6037109375,-4.9158203125,2.7));
#2552 = DIRECTION('',(0.,1.,0.));
#2553 = DIRECTION('',(1.,0.,0.));
#2554 = DEFINITIONAL_REPRESENTATION('',(#2555),#2559);
#2555 = LINE('',#2556,#2557);
#2556 = CARTESIAN_POINT('',(-8.881784197001E-16,-0.3));
#2557 = VECTOR('',#2558,1.);
#2558 = DIRECTION('',(1.,0.));
#2559 = ( GEOMETRIC_REPRESENTATION_CONTEXT(2) 
PARAMETRIC_REPRESENTATION_CONTEXT() REPRESENTATION_CONTEXT('2D SPACE',''
  ) );
#2560 = ORIENTED_EDGE('',*,*,#2561,.T.);
#2561 = EDGE_CURVE('',#2534,#2280,#2562,.T.);
#2562 = SURFACE_CURVE('',#2563,(#2567,#2574),.PCURVE_S1.);
#2563 = LINE('',#2564,#2565);
#2564 = CARTESIAN_POINT('',(-4.4103515625,-4.9158203125,3.));
#2565 = VECTOR('',#2566,1.);
#2566 = DIRECTION('',(0.,-1.,0.));
#2567 = PCURVE('',#100,#2568);
#2568 = DEFINITIONAL_REPRESENTATION('',(#2569),#2573);
#2569 = LINE('',#2570,#2571);
#2570 = CARTESIAN_POINT('',(-4.4103515625,-4.9158203125));
#2571 = VECTOR('',#2572,1.);
#2572 = DIRECTION('',(0.,-1.));
#2573 = ( GEOMETRIC_REPRESENTATION_CONTEXT(2) 
PARAMETRIC_REPRESENTATION_CONTEXT() REPRESENTATION_CONTEXT('2D SPACE',''
  ) );
#2574 = PCURVE('',#2575,#2580);
#2575 = PLANE('',#2576);
#2576 = AXIS2_PLACEMENT_3D('',#2577,#2578,#2579);
#2577 = CARTESIAN_POINT('',(-4.4103515625,-4.9158203125,2.7));
#2578 = DIRECTION('',(1.,0.,0.));
#2579 = DIRECTION('',(0.,-1.,0.));
#2580 = DEFINITIONAL_REPRESENTATION('',(#2581),#2585);
#2581 = LINE('',#2582,#2583);
#2582 = CARTESIAN_POINT('',(0.,-0.3));
#2583 = VECTOR('',#2584,1.);
#2584 = DIRECTION('',(1.,0.));
#2585 = ( GEOMETRIC_REPRESENTATION_CONTEXT(2) 
PARAMETRIC_REPRESENTATION_CONTEXT() REPRESENTATION_CONTEXT('2D SPACE',''
  ) );
#2586 = FACE_BOUND('',#2587,.T.);
#2587 = EDGE_LOOP('',(#2588,#2620,#2650,#2680,#2710,#2740,#2770,#2800));
#2588 = ORIENTED_EDGE('',*,*,#2589,.T.);
#2589 = EDGE_CURVE('',#2590,#2592,#2594,.T.);
#2590 = VERTEX_POINT('',#2591);
#2591 = CARTESIAN_POINT('',(-4.14287109375,-4.24111328125,3.));
#2592 = VERTEX_POINT('',#2593);
#2593 = CARTESIAN_POINT('',(-3.9181640625,-4.1248046875,3.));
#2594 = SURFACE_CURVE('',#2595,(#2599,#2606),.PCURVE_S1.);
#2595 = B_SPLINE_CURVE_WITH_KNOTS('',2,(#2596,#2597,#2598),
  .UNSPECIFIED.,.F.,.F.,(3,3),(0.,1.),.PIECEWISE_BEZIER_KNOTS.);
#2596 = CARTESIAN_POINT('',(-4.14287109375,-4.24111328125,3.));
#2597 = CARTESIAN_POINT('',(-4.065234375,-4.1248046875,3.));
#2598 = CARTESIAN_POINT('',(-3.9181640625,-4.1248046875,3.));
#2599 = PCURVE('',#100,#2600);
#2600 = DEFINITIONAL_REPRESENTATION('',(#2601),#2605);
#2601 = B_SPLINE_CURVE_WITH_KNOTS('',2,(#2602,#2603,#2604),
  .UNSPECIFIED.,.F.,.F.,(3,3),(0.,1.),.PIECEWISE_BEZIER_KNOTS.);
#2602 = CARTESIAN_POINT('',(-4.14287109375,-4.24111328125));
#2603 = CARTESIAN_POINT('',(-4.065234375,-4.1248046875));
#2604 = CARTESIAN_POINT('',(-3.9181640625,-4.1248046875));
#2605 = ( GEOMETRIC_REPRESENTATION_CONTEXT(2) 
PARAMETRIC_REPRESENTATION_CONTEXT() REPRESENTATION_CONTEXT('2D SPACE',''
  ) );
#2606 = PCURVE('',#2607,#2614);
#2607 = SURFACE_OF_LINEAR_EXTRUSION('',#2608,#2612);
#2608 = B_SPLINE_CURVE_WITH_KNOTS('',2,(#2609,#2610,#2611),
  .UNSPECIFIED.,.F.,.F.,(3,3),(0.,1.),.PIECEWISE_BEZIER_KNOTS.);
#2609 = CARTESIAN_POINT('',(-4.14287109375,-4.24111328125,2.7));
#2610 = CARTESIAN_POINT('',(-4.065234375,-4.1248046875,2.7));
#2611 = CARTESIAN_POINT('',(-3.9181640625,-4.1248046875,2.7));
#2612 = VECTOR('',#2613,1.);
#2613 = DIRECTION('',(-0.,-0.,-1.));
#2614 = DEFINITIONAL_REPRESENTATION('',(#2615),#2619);
#2615 = LINE('',#2616,#2617);
#2616 = CARTESIAN_POINT('',(0.,-0.3));
#2617 = VECTOR('',#2618,1.);
#2618 = DIRECTION('',(1.,0.));
#2619 = ( GEOMETRIC_REPRESENTATION_CONTEXT(2) 
PARAMETRIC_REPRESENTATION_CONTEXT() REPRESENTATION_CONTEXT('2D SPACE',''
  ) );
#2620 = ORIENTED_EDGE('',*,*,#2621,.T.);
#2621 = EDGE_CURVE('',#2592,#2622,#2624,.T.);
#2622 = VERTEX_POINT('',#2623);
#2623 = CARTESIAN_POINT('',(-3.69345703125,-4.24111328125,3.));
#2624 = SURFACE_CURVE('',#2625,(#2629,#2636),.PCURVE_S1.);
#2625 = B_SPLINE_CURVE_WITH_KNOTS('',2,(#2626,#2627,#2628),
  .UNSPECIFIED.,.F.,.F.,(3,3),(0.,1.),.PIECEWISE_BEZIER_KNOTS.);
#2626 = CARTESIAN_POINT('',(-3.9181640625,-4.1248046875,3.));
#2627 = CARTESIAN_POINT('',(-3.77109375,-4.1248046875,3.));
#2628 = CARTESIAN_POINT('',(-3.69345703125,-4.24111328125,3.));
#2629 = PCURVE('',#100,#2630);
#2630 = DEFINITIONAL_REPRESENTATION('',(#2631),#2635);
#2631 = B_SPLINE_CURVE_WITH_KNOTS('',2,(#2632,#2633,#2634),
  .UNSPECIFIED.,.F.,.F.,(3,3),(0.,1.),.PIECEWISE_BEZIER_KNOTS.);
#2632 = CARTESIAN_POINT('',(-3.9181640625,-4.1248046875));
#2633 = CARTESIAN_POINT('',(-3.77109375,-4.1248046875));
#2634 = CARTESIAN_POINT('',(-3.69345703125,-4.24111328125));
#2635 = ( GEOMETRIC_REPRESENTATION_CONTEXT(2) 
PARAMETRIC_REPRESENTATION_CONTEXT() REPRESENTATION_CONTEXT('2D SPACE',''
  ) );
#2636 = PCURVE('',#2637,#2644);
#2637 = SURFACE_OF_LINEAR_EXTRUSION('',#2638,#2642);
#2638 = B_SPLINE_CURVE_WITH_KNOTS('',2,(#2639,#2640,#2641),
  .UNSPECIFIED.,.F.,.F.,(3,3),(0.,1.),.PIECEWISE_BEZIER_KNOTS.);
#2639 = CARTESIAN_POINT('',(-3.9181640625,-4.1248046875,2.7));
#2640 = CARTESIAN_POINT('',(-3.77109375,-4.1248046875,2.7));
#2641 = CARTESIAN_POINT('',(-3.69345703125,-4.24111328125,2.7));
#2642 = VECTOR('',#2643,1.);
#2643 = DIRECTION('',(-0.,-0.,-1.));
#2644 = DEFINITIONAL_REPRESENTATION('',(#2645),#2649);
#2645 = LINE('',#2646,#2647);
#2646 = CARTESIAN_POINT('',(0.,-0.3));
#2647 = VECTOR('',#2648,1.);
#2648 = DIRECTION('',(1.,0.));
#2649 = ( GEOMETRIC_REPRESENTATION_CONTEXT(2) 
PARAMETRIC_REPRESENTATION_CONTEXT() REPRESENTATION_CONTEXT('2D SPACE',''
  ) );
#2650 = ORIENTED_EDGE('',*,*,#2651,.T.);
#2651 = EDGE_CURVE('',#2622,#2652,#2654,.T.);
#2652 = VERTEX_POINT('',#2653);
#2653 = CARTESIAN_POINT('',(-3.6158203125,-4.57890625,3.));
#2654 = SURFACE_CURVE('',#2655,(#2659,#2666),.PCURVE_S1.);
#2655 = B_SPLINE_CURVE_WITH_KNOTS('',2,(#2656,#2657,#2658),
  .UNSPECIFIED.,.F.,.F.,(3,3),(0.,1.),.PIECEWISE_BEZIER_KNOTS.);
#2656 = CARTESIAN_POINT('',(-3.69345703125,-4.24111328125,3.));
#2657 = CARTESIAN_POINT('',(-3.6158203125,-4.357421875,3.));
#2658 = CARTESIAN_POINT('',(-3.6158203125,-4.57890625,3.));
#2659 = PCURVE('',#100,#2660);
#2660 = DEFINITIONAL_REPRESENTATION('',(#2661),#2665);
#2661 = B_SPLINE_CURVE_WITH_KNOTS('',2,(#2662,#2663,#2664),
  .UNSPECIFIED.,.F.,.F.,(3,3),(0.,1.),.PIECEWISE_BEZIER_KNOTS.);
#2662 = CARTESIAN_POINT('',(-3.69345703125,-4.24111328125));
#2663 = CARTESIAN_POINT('',(-3.6158203125,-4.357421875));
#2664 = CARTESIAN_POINT('',(-3.6158203125,-4.57890625));
#2665 = ( GEOMETRIC_REPRESENTATION_CONTEXT(2) 
PARAMETRIC_REPRESENTATION_CONTEXT() REPRESENTATION_CONTEXT('2D SPACE',''
  ) );
#2666 = PCURVE('',#2667,#2674);
#2667 = SURFACE_OF_LINEAR_EXTRUSION('',#2668,#2672);
#2668 = B_SPLINE_CURVE_WITH_KNOTS('',2,(#2669,#2670,#2671),
  .UNSPECIFIED.,.F.,.F.,(3,3),(0.,1.),.PIECEWISE_BEZIER_KNOTS.);
#2669 = CARTESIAN_POINT('',(-3.69345703125,-4.24111328125,2.7));
#2670 = CARTESIAN_POINT('',(-3.6158203125,-4.357421875,2.7));
#2671 = CARTESIAN_POINT('',(-3.6158203125,-4.57890625,2.7));
#2672 = VECTOR('',#2673,1.);
#2673 = DIRECTION('',(-0.,-0.,-1.));
#2674 = DEFINITIONAL_REPRESENTATION('',(#2675),#2679);
#2675 = LINE('',#2676,#2677);
#2676 = CARTESIAN_POINT('',(0.,-0.3));
#2677 = VECTOR('',#2678,1.);
#2678 = DIRECTION('',(1.,0.));
#2679 = ( GEOMETRIC_REPRESENTATION_CONTEXT(2) 
PARAMETRIC_REPRESENTATION_CONTEXT() REPRESENTATION_CONTEXT('2D SPACE',''
  ) );
#2680 = ORIENTED_EDGE('',*,*,#2681,.T.);
#2681 = EDGE_CURVE('',#2652,#2682,#2684,.T.);
#2682 = VERTEX_POINT('',#2683);
#2683 = CARTESIAN_POINT('',(-3.69345703125,-4.91611328125,3.));
#2684 = SURFACE_CURVE('',#2685,(#2689,#2696),.PCURVE_S1.);
#2685 = B_SPLINE_CURVE_WITH_KNOTS('',2,(#2686,#2687,#2688),
  .UNSPECIFIED.,.F.,.F.,(3,3),(0.,1.),.PIECEWISE_BEZIER_KNOTS.);
#2686 = CARTESIAN_POINT('',(-3.6158203125,-4.57890625,3.));
#2687 = CARTESIAN_POINT('',(-3.6158203125,-4.7998046875,3.));
#2688 = CARTESIAN_POINT('',(-3.69345703125,-4.91611328125,3.));
#2689 = PCURVE('',#100,#2690);
#2690 = DEFINITIONAL_REPRESENTATION('',(#2691),#2695);
#2691 = B_SPLINE_CURVE_WITH_KNOTS('',2,(#2692,#2693,#2694),
  .UNSPECIFIED.,.F.,.F.,(3,3),(0.,1.),.PIECEWISE_BEZIER_KNOTS.);
#2692 = CARTESIAN_POINT('',(-3.6158203125,-4.57890625));
#2693 = CARTESIAN_POINT('',(-3.6158203125,-4.7998046875));
#2694 = CARTESIAN_POINT('',(-3.69345703125,-4.91611328125));
#2695 = ( GEOMETRIC_REPRESENTATION_CONTEXT(2) 
PARAMETRIC_REPRESENTATION_CONTEXT() REPRESENTATION_CONTEXT('2D SPACE',''
  ) );
#2696 = PCURVE('',#2697,#2704);
#2697 = SURFACE_OF_LINEAR_EXTRUSION('',#2698,#2702);
#2698 = B_SPLINE_CURVE_WITH_KNOTS('',2,(#2699,#2700,#2701),
  .UNSPECIFIED.,.F.,.F.,(3,3),(0.,1.),.PIECEWISE_BEZIER_KNOTS.);
#2699 = CARTESIAN_POINT('',(-3.6158203125,-4.57890625,2.7));
#2700 = CARTESIAN_POINT('',(-3.6158203125,-4.7998046875,2.7));
#2701 = CARTESIAN_POINT('',(-3.69345703125,-4.91611328125,2.7));
#2702 = VECTOR('',#2703,1.);
#2703 = DIRECTION('',(-0.,-0.,-1.));
#2704 = DEFINITIONAL_REPRESENTATION('',(#2705),#2709);
#2705 = LINE('',#2706,#2707);
#2706 = CARTESIAN_POINT('',(0.,-0.3));
#2707 = VECTOR('',#2708,1.);
#2708 = DIRECTION('',(1.,0.));
#2709 = ( GEOMETRIC_REPRESENTATION_CONTEXT(2) 
PARAMETRIC_REPRESENTATION_CONTEXT() REPRESENTATION_CONTEXT('2D SPACE',''
  ) );
#2710 = ORIENTED_EDGE('',*,*,#2711,.T.);
#2711 = EDGE_CURVE('',#2682,#2712,#2714,.T.);
#2712 = VERTEX_POINT('',#2713);
#2713 = CARTESIAN_POINT('',(-3.9181640625,-5.032421875,3.));
#2714 = SURFACE_CURVE('',#2715,(#2719,#2726),.PCURVE_S1.);
#2715 = B_SPLINE_CURVE_WITH_KNOTS('',2,(#2716,#2717,#2718),
  .UNSPECIFIED.,.F.,.F.,(3,3),(0.,1.),.PIECEWISE_BEZIER_KNOTS.);
#2716 = CARTESIAN_POINT('',(-3.69345703125,-4.91611328125,3.));
#2717 = CARTESIAN_POINT('',(-3.77109375,-5.032421875,3.));
#2718 = CARTESIAN_POINT('',(-3.9181640625,-5.032421875,3.));
#2719 = PCURVE('',#100,#2720);
#2720 = DEFINITIONAL_REPRESENTATION('',(#2721),#2725);
#2721 = B_SPLINE_CURVE_WITH_KNOTS('',2,(#2722,#2723,#2724),
  .UNSPECIFIED.,.F.,.F.,(3,3),(0.,1.),.PIECEWISE_BEZIER_KNOTS.);
#2722 = CARTESIAN_POINT('',(-3.69345703125,-4.91611328125));
#2723 = CARTESIAN_POINT('',(-3.77109375,-5.032421875));
#2724 = CARTESIAN_POINT('',(-3.9181640625,-5.032421875));
#2725 = ( GEOMETRIC_REPRESENTATION_CONTEXT(2) 
PARAMETRIC_REPRESENTATION_CONTEXT() REPRESENTATION_CONTEXT('2D SPACE',''
  ) );
#2726 = PCURVE('',#2727,#2734);
#2727 = SURFACE_OF_LINEAR_EXTRUSION('',#2728,#2732);
#2728 = B_SPLINE_CURVE_WITH_KNOTS('',2,(#2729,#2730,#2731),
  .UNSPECIFIED.,.F.,.F.,(3,3),(0.,1.),.PIECEWISE_BEZIER_KNOTS.);
#2729 = CARTESIAN_POINT('',(-3.69345703125,-4.91611328125,2.7));
#2730 = CARTESIAN_POINT('',(-3.77109375,-5.032421875,2.7));
#2731 = CARTESIAN_POINT('',(-3.9181640625,-5.032421875,2.7));
#2732 = VECTOR('',#2733,1.);
#2733 = DIRECTION('',(-0.,-0.,-1.));
#2734 = DEFINITIONAL_REPRESENTATION('',(#2735),#2739);
#2735 = LINE('',#2736,#2737);
#2736 = CARTESIAN_POINT('',(0.,-0.3));
#2737 = VECTOR('',#2738,1.);
#2738 = DIRECTION('',(1.,0.));
#2739 = ( GEOMETRIC_REPRESENTATION_CONTEXT(2) 
PARAMETRIC_REPRESENTATION_CONTEXT() REPRESENTATION_CONTEXT('2D SPACE',''
  ) );
#2740 = ORIENTED_EDGE('',*,*,#2741,.T.);
#2741 = EDGE_CURVE('',#2712,#2742,#2744,.T.);
#2742 = VERTEX_POINT('',#2743);
#2743 = CARTESIAN_POINT('',(-4.14287109375,-4.91611328125,3.));
#2744 = SURFACE_CURVE('',#2745,(#2749,#2756),.PCURVE_S1.);
#2745 = B_SPLINE_CURVE_WITH_KNOTS('',2,(#2746,#2747,#2748),
  .UNSPECIFIED.,.F.,.F.,(3,3),(0.,1.),.PIECEWISE_BEZIER_KNOTS.);
#2746 = CARTESIAN_POINT('',(-3.9181640625,-5.032421875,3.));
#2747 = CARTESIAN_POINT('',(-4.065234375,-5.032421875,3.));
#2748 = CARTESIAN_POINT('',(-4.14287109375,-4.91611328125,3.));
#2749 = PCURVE('',#100,#2750);
#2750 = DEFINITIONAL_REPRESENTATION('',(#2751),#2755);
#2751 = B_SPLINE_CURVE_WITH_KNOTS('',2,(#2752,#2753,#2754),
  .UNSPECIFIED.,.F.,.F.,(3,3),(0.,1.),.PIECEWISE_BEZIER_KNOTS.);
#2752 = CARTESIAN_POINT('',(-3.9181640625,-5.032421875));
#2753 = CARTESIAN_POINT('',(-4.065234375,-5.032421875));
#2754 = CARTESIAN_POINT('',(-4.14287109375,-4.91611328125));
#2755 = ( GEOMETRIC_REPRESENTATION_CONTEXT(2) 
PARAMETRIC_REPRESENTATION_CONTEXT() REPRESENTATION_CONTEXT('2D SPACE',''
  ) );
#2756 = PCURVE('',#2757,#2764);
#2757 = SURFACE_OF_LINEAR_EXTRUSION('',#2758,#2762);
#2758 = B_SPLINE_CURVE_WITH_KNOTS('',2,(#2759,#2760,#2761),
  .UNSPECIFIED.,.F.,.F.,(3,3),(0.,1.),.PIECEWISE_BEZIER_KNOTS.);
#2759 = CARTESIAN_POINT('',(-3.9181640625,-5.032421875,2.7));
#2760 = CARTESIAN_POINT('',(-4.065234375,-5.032421875,2.7));
#2761 = CARTESIAN_POINT('',(-4.14287109375,-4.91611328125,2.7));
#2762 = VECTOR('',#2763,1.);
#2763 = DIRECTION('',(-0.,-0.,-1.));
#2764 = DEFINITIONAL_REPRESENTATION('',(#2765),#2769);
#2765 = LINE('',#2766,#2767);
#2766 = CARTESIAN_POINT('',(0.,-0.3));
#2767 = VECTOR('',#2768,1.);
#2768 = DIRECTION('',(1.,0.));
#2769 = ( GEOMETRIC_REPRESENTATION_CONTEXT(2) 
PARAMETRIC_REPRESENTATION_CONTEXT() REPRESENTATION_CONTEXT('2D SPACE',''
  ) );
#2770 = ORIENTED_EDGE('',*,*,#2771,.T.);
#2771 = EDGE_CURVE('',#2742,#2772,#2774,.T.);
#2772 = VERTEX_POINT('',#2773);
#2773 = CARTESIAN_POINT('',(-4.2205078125,-4.57890625,3.));
#2774 = SURFACE_CURVE('',#2775,(#2779,#2786),.PCURVE_S1.);
#2775 = B_SPLINE_CURVE_WITH_KNOTS('',2,(#2776,#2777,#2778),
  .UNSPECIFIED.,.F.,.F.,(3,3),(0.,1.),.PIECEWISE_BEZIER_KNOTS.);
#2776 = CARTESIAN_POINT('',(-4.14287109375,-4.91611328125,3.));
#2777 = CARTESIAN_POINT('',(-4.2205078125,-4.7998046875,3.));
#2778 = CARTESIAN_POINT('',(-4.2205078125,-4.57890625,3.));
#2779 = PCURVE('',#100,#2780);
#2780 = DEFINITIONAL_REPRESENTATION('',(#2781),#2785);
#2781 = B_SPLINE_CURVE_WITH_KNOTS('',2,(#2782,#2783,#2784),
  .UNSPECIFIED.,.F.,.F.,(3,3),(0.,1.),.PIECEWISE_BEZIER_KNOTS.);
#2782 = CARTESIAN_POINT('',(-4.14287109375,-4.91611328125));
#2783 = CARTESIAN_POINT('',(-4.2205078125,-4.7998046875));
#2784 = CARTESIAN_POINT('',(-4.2205078125,-4.57890625));
#2785 = ( GEOMETRIC_REPRESENTATION_CONTEXT(2) 
PARAMETRIC_REPRESENTATION_CONTEXT() REPRESENTATION_CONTEXT('2D SPACE',''
  ) );
#2786 = PCURVE('',#2787,#2794);
#2787 = SURFACE_OF_LINEAR_EXTRUSION('',#2788,#2792);
#2788 = B_SPLINE_CURVE_WITH_KNOTS('',2,(#2789,#2790,#2791),
  .UNSPECIFIED.,.F.,.F.,(3,3),(0.,1.),.PIECEWISE_BEZIER_KNOTS.);
#2789 = CARTESIAN_POINT('',(-4.14287109375,-4.91611328125,2.7));
#2790 = CARTESIAN_POINT('',(-4.2205078125,-4.7998046875,2.7));
#2791 = CARTESIAN_POINT('',(-4.2205078125,-4.57890625,2.7));
#2792 = VECTOR('',#2793,1.);
#2793 = DIRECTION('',(-0.,-0.,-1.));
#2794 = DEFINITIONAL_REPRESENTATION('',(#2795),#2799);
#2795 = LINE('',#2796,#2797);
#2796 = CARTESIAN_POINT('',(0.,-0.3));
#2797 = VECTOR('',#2798,1.);
#2798 = DIRECTION('',(1.,0.));
#2799 = ( GEOMETRIC_REPRESENTATION_CONTEXT(2) 
PARAMETRIC_REPRESENTATION_CONTEXT() REPRESENTATION_CONTEXT('2D SPACE',''
  ) );
#2800 = ORIENTED_EDGE('',*,*,#2801,.T.);
#2801 = EDGE_CURVE('',#2772,#2590,#2802,.T.);
#2802 = SURFACE_CURVE('',#2803,(#2807,#2814),.PCURVE_S1.);
#2803 = B_SPLINE_CURVE_WITH_KNOTS('',2,(#2804,#2805,#2806),
  .UNSPECIFIED.,.F.,.F.,(3,3),(0.,1.),.PIECEWISE_BEZIER_KNOTS.);
#2804 = CARTESIAN_POINT('',(-4.2205078125,-4.57890625,3.));
#2805 = CARTESIAN_POINT('',(-4.2205078125,-4.357421875,3.));
#2806 = CARTESIAN_POINT('',(-4.14287109375,-4.24111328125,3.));
#2807 = PCURVE('',#100,#2808);
#2808 = DEFINITIONAL_REPRESENTATION('',(#2809),#2813);
#2809 = B_SPLINE_CURVE_WITH_KNOTS('',2,(#2810,#2811,#2812),
  .UNSPECIFIED.,.F.,.F.,(3,3),(0.,1.),.PIECEWISE_BEZIER_KNOTS.);
#2810 = CARTESIAN_POINT('',(-4.2205078125,-4.57890625));
#2811 = CARTESIAN_POINT('',(-4.2205078125,-4.357421875));
#2812 = CARTESIAN_POINT('',(-4.14287109375,-4.24111328125));
#2813 = ( GEOMETRIC_REPRESENTATION_CONTEXT(2) 
PARAMETRIC_REPRESENTATION_CONTEXT() REPRESENTATION_CONTEXT('2D SPACE',''
  ) );
#2814 = PCURVE('',#2815,#2822);
#2815 = SURFACE_OF_LINEAR_EXTRUSION('',#2816,#2820);
#2816 = B_SPLINE_CURVE_WITH_KNOTS('',2,(#2817,#2818,#2819),
  .UNSPECIFIED.,.F.,.F.,(3,3),(0.,1.),.PIECEWISE_BEZIER_KNOTS.);
#2817 = CARTESIAN_POINT('',(-4.2205078125,-4.57890625,2.7));
#2818 = CARTESIAN_POINT('',(-4.2205078125,-4.357421875,2.7));
#2819 = CARTESIAN_POINT('',(-4.14287109375,-4.24111328125,2.7));
#2820 = VECTOR('',#2821,1.);
#2821 = DIRECTION('',(-0.,-0.,-1.));
#2822 = DEFINITIONAL_REPRESENTATION('',(#2823),#2827);
#2823 = LINE('',#2824,#2825);
#2824 = CARTESIAN_POINT('',(0.,-0.3));
#2825 = VECTOR('',#2826,1.);
#2826 = DIRECTION('',(1.,0.));
#2827 = ( GEOMETRIC_REPRESENTATION_CONTEXT(2) 
PARAMETRIC_REPRESENTATION_CONTEXT() REPRESENTATION_CONTEXT('2D SPACE',''
  ) );
#2828 = FACE_BOUND('',#2829,.T.);
#2829 = EDGE_LOOP('',(#2830,#2862,#2892,#2922,#2950,#2978,#3006,#3036,
    #3066,#3094,#3122,#3150,#3178,#3206,#3236,#3266));
#2830 = ORIENTED_EDGE('',*,*,#2831,.T.);
#2831 = EDGE_CURVE('',#2832,#2834,#2836,.T.);
#2832 = VERTEX_POINT('',#2833);
#2833 = CARTESIAN_POINT('',(3.97646484375,-4.5296875,3.));
#2834 = VERTEX_POINT('',#2835);
#2835 = CARTESIAN_POINT('',(3.86484375,-4.6052734375,3.));
#2836 = SURFACE_CURVE('',#2837,(#2841,#2848),.PCURVE_S1.);
#2837 = B_SPLINE_CURVE_WITH_KNOTS('',2,(#2838,#2839,#2840),
  .UNSPECIFIED.,.F.,.F.,(3,3),(0.,1.),.PIECEWISE_BEZIER_KNOTS.);
#2838 = CARTESIAN_POINT('',(3.97646484375,-4.5296875,3.));
#2839 = CARTESIAN_POINT('',(3.9380859375,-4.5841796875,3.));
#2840 = CARTESIAN_POINT('',(3.86484375,-4.6052734375,3.));
#2841 = PCURVE('',#100,#2842);
#2842 = DEFINITIONAL_REPRESENTATION('',(#2843),#2847);
#2843 = B_SPLINE_CURVE_WITH_KNOTS('',2,(#2844,#2845,#2846),
  .UNSPECIFIED.,.F.,.F.,(3,3),(0.,1.),.PIECEWISE_BEZIER_KNOTS.);
#2844 = CARTESIAN_POINT('',(3.97646484375,-4.5296875));
#2845 = CARTESIAN_POINT('',(3.9380859375,-4.5841796875));
#2846 = CARTESIAN_POINT('',(3.86484375,-4.6052734375));
#2847 = ( GEOMETRIC_REPRESENTATION_CONTEXT(2) 
PARAMETRIC_REPRESENTATION_CONTEXT() REPRESENTATION_CONTEXT('2D SPACE',''
  ) );
#2848 = PCURVE('',#2849,#2856);
#2849 = SURFACE_OF_LINEAR_EXTRUSION('',#2850,#2854);
#2850 = B_SPLINE_CURVE_WITH_KNOTS('',2,(#2851,#2852,#2853),
  .UNSPECIFIED.,.F.,.F.,(3,3),(0.,1.),.PIECEWISE_BEZIER_KNOTS.);
#2851 = CARTESIAN_POINT('',(3.97646484375,-4.5296875,2.7));
#2852 = CARTESIAN_POINT('',(3.9380859375,-4.5841796875,2.7));
#2853 = CARTESIAN_POINT('',(3.86484375,-4.6052734375,2.7));
#2854 = VECTOR('',#2855,1.);
#2855 = DIRECTION('',(-0.,-0.,-1.));
#2856 = DEFINITIONAL_REPRESENTATION('',(#2857),#2861);
#2857 = LINE('',#2858,#2859);
#2858 = CARTESIAN_POINT('',(0.,-0.3));
#2859 = VECTOR('',#2860,1.);
#2860 = DIRECTION('',(1.,0.));
#2861 = ( GEOMETRIC_REPRESENTATION_CONTEXT(2) 
PARAMETRIC_REPRESENTATION_CONTEXT() REPRESENTATION_CONTEXT('2D SPACE',''
  ) );
#2862 = ORIENTED_EDGE('',*,*,#2863,.T.);
#2863 = EDGE_CURVE('',#2834,#2864,#2866,.T.);
#2864 = VERTEX_POINT('',#2865);
#2865 = CARTESIAN_POINT('',(3.93896484375,-4.6603515625,3.));
#2866 = SURFACE_CURVE('',#2867,(#2871,#2878),.PCURVE_S1.);
#2867 = B_SPLINE_CURVE_WITH_KNOTS('',2,(#2868,#2869,#2870),
  .UNSPECIFIED.,.F.,.F.,(3,3),(0.,1.),.PIECEWISE_BEZIER_KNOTS.);
#2868 = CARTESIAN_POINT('',(3.86484375,-4.6052734375,3.));
#2869 = CARTESIAN_POINT('',(3.9029296875,-4.6181640625,3.));
#2870 = CARTESIAN_POINT('',(3.93896484375,-4.6603515625,3.));
#2871 = PCURVE('',#100,#2872);
#2872 = DEFINITIONAL_REPRESENTATION('',(#2873),#2877);
#2873 = B_SPLINE_CURVE_WITH_KNOTS('',2,(#2874,#2875,#2876),
  .UNSPECIFIED.,.F.,.F.,(3,3),(0.,1.),.PIECEWISE_BEZIER_KNOTS.);
#2874 = CARTESIAN_POINT('',(3.86484375,-4.6052734375));
#2875 = CARTESIAN_POINT('',(3.9029296875,-4.6181640625));
#2876 = CARTESIAN_POINT('',(3.93896484375,-4.6603515625));
#2877 = ( GEOMETRIC_REPRESENTATION_CONTEXT(2) 
PARAMETRIC_REPRESENTATION_CONTEXT() REPRESENTATION_CONTEXT('2D SPACE',''
  ) );
#2878 = PCURVE('',#2879,#2886);
#2879 = SURFACE_OF_LINEAR_EXTRUSION('',#2880,#2884);
#2880 = B_SPLINE_CURVE_WITH_KNOTS('',2,(#2881,#2882,#2883),
  .UNSPECIFIED.,.F.,.F.,(3,3),(0.,1.),.PIECEWISE_BEZIER_KNOTS.);
#2881 = CARTESIAN_POINT('',(3.86484375,-4.6052734375,2.7));
#2882 = CARTESIAN_POINT('',(3.9029296875,-4.6181640625,2.7));
#2883 = CARTESIAN_POINT('',(3.93896484375,-4.6603515625,2.7));
#2884 = VECTOR('',#2885,1.);
#2885 = DIRECTION('',(-0.,-0.,-1.));
#2886 = DEFINITIONAL_REPRESENTATION('',(#2887),#2891);
#2887 = LINE('',#2888,#2889);
#2888 = CARTESIAN_POINT('',(0.,-0.3));
#2889 = VECTOR('',#2890,1.);
#2890 = DIRECTION('',(1.,0.));
#2891 = ( GEOMETRIC_REPRESENTATION_CONTEXT(2) 
PARAMETRIC_REPRESENTATION_CONTEXT() REPRESENTATION_CONTEXT('2D SPACE',''
  ) );
#2892 = ORIENTED_EDGE('',*,*,#2893,.T.);
#2893 = EDGE_CURVE('',#2864,#2894,#2896,.T.);
#2894 = VERTEX_POINT('',#2895);
#2895 = CARTESIAN_POINT('',(4.011328125,-4.7763671875,3.));
#2896 = SURFACE_CURVE('',#2897,(#2901,#2908),.PCURVE_S1.);
#2897 = B_SPLINE_CURVE_WITH_KNOTS('',2,(#2898,#2899,#2900),
  .UNSPECIFIED.,.F.,.F.,(3,3),(0.,1.),.PIECEWISE_BEZIER_KNOTS.);
#2898 = CARTESIAN_POINT('',(3.93896484375,-4.6603515625,3.));
#2899 = CARTESIAN_POINT('',(3.975,-4.7025390625,3.));
#2900 = CARTESIAN_POINT('',(4.011328125,-4.7763671875,3.));
#2901 = PCURVE('',#100,#2902);
#2902 = DEFINITIONAL_REPRESENTATION('',(#2903),#2907);
#2903 = B_SPLINE_CURVE_WITH_KNOTS('',2,(#2904,#2905,#2906),
  .UNSPECIFIED.,.F.,.F.,(3,3),(0.,1.),.PIECEWISE_BEZIER_KNOTS.);
#2904 = CARTESIAN_POINT('',(3.93896484375,-4.6603515625));
#2905 = CARTESIAN_POINT('',(3.975,-4.7025390625));
#2906 = CARTESIAN_POINT('',(4.011328125,-4.7763671875));
#2907 = ( GEOMETRIC_REPRESENTATION_CONTEXT(2) 
PARAMETRIC_REPRESENTATION_CONTEXT() REPRESENTATION_CONTEXT('2D SPACE',''
  ) );
#2908 = PCURVE('',#2909,#2916);
#2909 = SURFACE_OF_LINEAR_EXTRUSION('',#2910,#2914);
#2910 = B_SPLINE_CURVE_WITH_KNOTS('',2,(#2911,#2912,#2913),
  .UNSPECIFIED.,.F.,.F.,(3,3),(0.,1.),.PIECEWISE_BEZIER_KNOTS.);
#2911 = CARTESIAN_POINT('',(3.93896484375,-4.6603515625,2.7));
#2912 = CARTESIAN_POINT('',(3.975,-4.7025390625,2.7));
#2913 = CARTESIAN_POINT('',(4.011328125,-4.7763671875,2.7));
#2914 = VECTOR('',#2915,1.);
#2915 = DIRECTION('',(-0.,-0.,-1.));
#2916 = DEFINITIONAL_REPRESENTATION('',(#2917),#2921);
#2917 = LINE('',#2918,#2919);
#2918 = CARTESIAN_POINT('',(0.,-0.3));
#2919 = VECTOR('',#2920,1.);
#2920 = DIRECTION('',(1.,0.));
#2921 = ( GEOMETRIC_REPRESENTATION_CONTEXT(2) 
PARAMETRIC_REPRESENTATION_CONTEXT() REPRESENTATION_CONTEXT('2D SPACE',''
  ) );
#2922 = ORIENTED_EDGE('',*,*,#2923,.T.);
#2923 = EDGE_CURVE('',#2894,#2924,#2926,.T.);
#2924 = VERTEX_POINT('',#2925);
#2925 = CARTESIAN_POINT('',(4.1314453125,-5.0154296875,3.));
#2926 = SURFACE_CURVE('',#2927,(#2931,#2938),.PCURVE_S1.);
#2927 = LINE('',#2928,#2929);
#2928 = CARTESIAN_POINT('',(4.011328125,-4.7763671875,3.));
#2929 = VECTOR('',#2930,1.);
#2930 = DIRECTION('',(0.448964795228,-0.893549446112,0.));
#2931 = PCURVE('',#100,#2932);
#2932 = DEFINITIONAL_REPRESENTATION('',(#2933),#2937);
#2933 = LINE('',#2934,#2935);
#2934 = CARTESIAN_POINT('',(4.011328125,-4.7763671875));
#2935 = VECTOR('',#2936,1.);
#2936 = DIRECTION('',(0.448964795228,-0.893549446112));
#2937 = ( GEOMETRIC_REPRESENTATION_CONTEXT(2) 
PARAMETRIC_REPRESENTATION_CONTEXT() REPRESENTATION_CONTEXT('2D SPACE',''
  ) );
#2938 = PCURVE('',#2939,#2944);
#2939 = PLANE('',#2940);
#2940 = AXIS2_PLACEMENT_3D('',#2941,#2942,#2943);
#2941 = CARTESIAN_POINT('',(4.011328125,-4.7763671875,2.7));
#2942 = DIRECTION('',(0.893549446112,0.448964795228,0.));
#2943 = DIRECTION('',(0.448964795228,-0.893549446112,0.));
#2944 = DEFINITIONAL_REPRESENTATION('',(#2945),#2949);
#2945 = LINE('',#2946,#2947);
#2946 = CARTESIAN_POINT('',(-1.986023512269E-15,-0.3));
#2947 = VECTOR('',#2948,1.);
#2948 = DIRECTION('',(1.,0.));
#2949 = ( GEOMETRIC_REPRESENTATION_CONTEXT(2) 
PARAMETRIC_REPRESENTATION_CONTEXT() REPRESENTATION_CONTEXT('2D SPACE',''
  ) );
#2950 = ORIENTED_EDGE('',*,*,#2951,.T.);
#2951 = EDGE_CURVE('',#2924,#2952,#2954,.T.);
#2952 = VERTEX_POINT('',#2953);
#2953 = CARTESIAN_POINT('',(4.004296875,-5.0154296875,3.));
#2954 = SURFACE_CURVE('',#2955,(#2959,#2966),.PCURVE_S1.);
#2955 = LINE('',#2956,#2957);
#2956 = CARTESIAN_POINT('',(4.1314453125,-5.0154296875,3.));
#2957 = VECTOR('',#2958,1.);
#2958 = DIRECTION('',(-1.,0.,0.));
#2959 = PCURVE('',#100,#2960);
#2960 = DEFINITIONAL_REPRESENTATION('',(#2961),#2965);
#2961 = LINE('',#2962,#2963);
#2962 = CARTESIAN_POINT('',(4.1314453125,-5.0154296875));
#2963 = VECTOR('',#2964,1.);
#2964 = DIRECTION('',(-1.,0.));
#2965 = ( GEOMETRIC_REPRESENTATION_CONTEXT(2) 
PARAMETRIC_REPRESENTATION_CONTEXT() REPRESENTATION_CONTEXT('2D SPACE',''
  ) );
#2966 = PCURVE('',#2967,#2972);
#2967 = PLANE('',#2968);
#2968 = AXIS2_PLACEMENT_3D('',#2969,#2970,#2971);
#2969 = CARTESIAN_POINT('',(4.1314453125,-5.0154296875,2.7));
#2970 = DIRECTION('',(0.,-1.,0.));
#2971 = DIRECTION('',(-1.,0.,0.));
#2972 = DEFINITIONAL_REPRESENTATION('',(#2973),#2977);
#2973 = LINE('',#2974,#2975);
#2974 = CARTESIAN_POINT('',(1.7763568394E-15,-0.3));
#2975 = VECTOR('',#2976,1.);
#2976 = DIRECTION('',(1.,0.));
#2977 = ( GEOMETRIC_REPRESENTATION_CONTEXT(2) 
PARAMETRIC_REPRESENTATION_CONTEXT() REPRESENTATION_CONTEXT('2D SPACE',''
  ) );
#2978 = ORIENTED_EDGE('',*,*,#2979,.T.);
#2979 = EDGE_CURVE('',#2952,#2980,#2982,.T.);
#2980 = VERTEX_POINT('',#2981);
#2981 = CARTESIAN_POINT('',(3.8923828125,-4.791015625,3.));
#2982 = SURFACE_CURVE('',#2983,(#2987,#2994),.PCURVE_S1.);
#2983 = LINE('',#2984,#2985);
#2984 = CARTESIAN_POINT('',(4.004296875,-5.0154296875,3.));
#2985 = VECTOR('',#2986,1.);
#2986 = DIRECTION('',(-0.446278736193,0.894894010273,0.));
#2987 = PCURVE('',#100,#2988);
#2988 = DEFINITIONAL_REPRESENTATION('',(#2989),#2993);
#2989 = LINE('',#2990,#2991);
#2990 = CARTESIAN_POINT('',(4.004296875,-5.0154296875));
#2991 = VECTOR('',#2992,1.);
#2992 = DIRECTION('',(-0.446278736193,0.894894010273));
#2993 = ( GEOMETRIC_REPRESENTATION_CONTEXT(2) 
PARAMETRIC_REPRESENTATION_CONTEXT() REPRESENTATION_CONTEXT('2D SPACE',''
  ) );
#2994 = PCURVE('',#2995,#3000);
#2995 = PLANE('',#2996);
#2996 = AXIS2_PLACEMENT_3D('',#2997,#2998,#2999);
#2997 = CARTESIAN_POINT('',(4.004296875,-5.0154296875,2.7));
#2998 = DIRECTION('',(-0.894894010273,-0.446278736193,0.));
#2999 = DIRECTION('',(-0.446278736193,0.894894010273,0.));
#3000 = DEFINITIONAL_REPRESENTATION('',(#3001),#3005);
#3001 = LINE('',#3002,#3003);
#3002 = CARTESIAN_POINT('',(0.,-0.3));
#3003 = VECTOR('',#3004,1.);
#3004 = DIRECTION('',(1.,0.));
#3005 = ( GEOMETRIC_REPRESENTATION_CONTEXT(2) 
PARAMETRIC_REPRESENTATION_CONTEXT() REPRESENTATION_CONTEXT('2D SPACE',''
  ) );
#3006 = ORIENTED_EDGE('',*,*,#3007,.T.);
#3007 = EDGE_CURVE('',#2980,#3008,#3010,.T.);
#3008 = VERTEX_POINT('',#3009);
#3009 = CARTESIAN_POINT('',(3.80830078125,-4.6744140625,3.));
#3010 = SURFACE_CURVE('',#3011,(#3015,#3022),.PCURVE_S1.);
#3011 = B_SPLINE_CURVE_WITH_KNOTS('',2,(#3012,#3013,#3014),
  .UNSPECIFIED.,.F.,.F.,(3,3),(0.,1.),.PIECEWISE_BEZIER_KNOTS.);
#3012 = CARTESIAN_POINT('',(3.8923828125,-4.791015625,3.));
#3013 = CARTESIAN_POINT('',(3.8490234375,-4.703125,3.));
#3014 = CARTESIAN_POINT('',(3.80830078125,-4.6744140625,3.));
#3015 = PCURVE('',#100,#3016);
#3016 = DEFINITIONAL_REPRESENTATION('',(#3017),#3021);
#3017 = B_SPLINE_CURVE_WITH_KNOTS('',2,(#3018,#3019,#3020),
  .UNSPECIFIED.,.F.,.F.,(3,3),(0.,1.),.PIECEWISE_BEZIER_KNOTS.);
#3018 = CARTESIAN_POINT('',(3.8923828125,-4.791015625));
#3019 = CARTESIAN_POINT('',(3.8490234375,-4.703125));
#3020 = CARTESIAN_POINT('',(3.80830078125,-4.6744140625));
#3021 = ( GEOMETRIC_REPRESENTATION_CONTEXT(2) 
PARAMETRIC_REPRESENTATION_CONTEXT() REPRESENTATION_CONTEXT('2D SPACE',''
  ) );
#3022 = PCURVE('',#3023,#3030);
#3023 = SURFACE_OF_LINEAR_EXTRUSION('',#3024,#3028);
#3024 = B_SPLINE_CURVE_WITH_KNOTS('',2,(#3025,#3026,#3027),
  .UNSPECIFIED.,.F.,.F.,(3,3),(0.,1.),.PIECEWISE_BEZIER_KNOTS.);
#3025 = CARTESIAN_POINT('',(3.8923828125,-4.791015625,2.7));
#3026 = CARTESIAN_POINT('',(3.8490234375,-4.703125,2.7));
#3027 = CARTESIAN_POINT('',(3.80830078125,-4.6744140625,2.7));
#3028 = VECTOR('',#3029,1.);
#3029 = DIRECTION('',(-0.,-0.,-1.));
#3030 = DEFINITIONAL_REPRESENTATION('',(#3031),#3035);
#3031 = LINE('',#3032,#3033);
#3032 = CARTESIAN_POINT('',(0.,-0.3));
#3033 = VECTOR('',#3034,1.);
#3034 = DIRECTION('',(1.,0.));
#3035 = ( GEOMETRIC_REPRESENTATION_CONTEXT(2) 
PARAMETRIC_REPRESENTATION_CONTEXT() REPRESENTATION_CONTEXT('2D SPACE',''
  ) );
#3036 = ORIENTED_EDGE('',*,*,#3037,.T.);
#3037 = EDGE_CURVE('',#3008,#3038,#3040,.T.);
#3038 = VERTEX_POINT('',#3039);
#3039 = CARTESIAN_POINT('',(3.697265625,-4.645703125,3.));
#3040 = SURFACE_CURVE('',#3041,(#3045,#3052),.PCURVE_S1.);
#3041 = B_SPLINE_CURVE_WITH_KNOTS('',2,(#3042,#3043,#3044),
  .UNSPECIFIED.,.F.,.F.,(3,3),(0.,1.),.PIECEWISE_BEZIER_KNOTS.);
#3042 = CARTESIAN_POINT('',(3.80830078125,-4.6744140625,3.));
#3043 = CARTESIAN_POINT('',(3.767578125,-4.645703125,3.));
#3044 = CARTESIAN_POINT('',(3.697265625,-4.645703125,3.));
#3045 = PCURVE('',#100,#3046);
#3046 = DEFINITIONAL_REPRESENTATION('',(#3047),#3051);
#3047 = B_SPLINE_CURVE_WITH_KNOTS('',2,(#3048,#3049,#3050),
  .UNSPECIFIED.,.F.,.F.,(3,3),(0.,1.),.PIECEWISE_BEZIER_KNOTS.);
#3048 = CARTESIAN_POINT('',(3.80830078125,-4.6744140625));
#3049 = CARTESIAN_POINT('',(3.767578125,-4.645703125));
#3050 = CARTESIAN_POINT('',(3.697265625,-4.645703125));
#3051 = ( GEOMETRIC_REPRESENTATION_CONTEXT(2) 
PARAMETRIC_REPRESENTATION_CONTEXT() REPRESENTATION_CONTEXT('2D SPACE',''
  ) );
#3052 = PCURVE('',#3053,#3060);
#3053 = SURFACE_OF_LINEAR_EXTRUSION('',#3054,#3058);
#3054 = B_SPLINE_CURVE_WITH_KNOTS('',2,(#3055,#3056,#3057),
  .UNSPECIFIED.,.F.,.F.,(3,3),(0.,1.),.PIECEWISE_BEZIER_KNOTS.);
#3055 = CARTESIAN_POINT('',(3.80830078125,-4.6744140625,2.7));
#3056 = CARTESIAN_POINT('',(3.767578125,-4.645703125,2.7));
#3057 = CARTESIAN_POINT('',(3.697265625,-4.645703125,2.7));
#3058 = VECTOR('',#3059,1.);
#3059 = DIRECTION('',(-0.,-0.,-1.));
#3060 = DEFINITIONAL_REPRESENTATION('',(#3061),#3065);
#3061 = LINE('',#3062,#3063);
#3062 = CARTESIAN_POINT('',(0.,-0.3));
#3063 = VECTOR('',#3064,1.);
#3064 = DIRECTION('',(1.,0.));
#3065 = ( GEOMETRIC_REPRESENTATION_CONTEXT(2) 
PARAMETRIC_REPRESENTATION_CONTEXT() REPRESENTATION_CONTEXT('2D SPACE',''
  ) );
#3066 = ORIENTED_EDGE('',*,*,#3067,.T.);
#3067 = EDGE_CURVE('',#3038,#3068,#3070,.T.);
#3068 = VERTEX_POINT('',#3069);
#3069 = CARTESIAN_POINT('',(3.568359375,-4.645703125,3.));
#3070 = SURFACE_CURVE('',#3071,(#3075,#3082),.PCURVE_S1.);
#3071 = LINE('',#3072,#3073);
#3072 = CARTESIAN_POINT('',(3.697265625,-4.645703125,3.));
#3073 = VECTOR('',#3074,1.);
#3074 = DIRECTION('',(-1.,0.,0.));
#3075 = PCURVE('',#100,#3076);
#3076 = DEFINITIONAL_REPRESENTATION('',(#3077),#3081);
#3077 = LINE('',#3078,#3079);
#3078 = CARTESIAN_POINT('',(3.697265625,-4.645703125));
#3079 = VECTOR('',#3080,1.);
#3080 = DIRECTION('',(-1.,0.));
#3081 = ( GEOMETRIC_REPRESENTATION_CONTEXT(2) 
PARAMETRIC_REPRESENTATION_CONTEXT() REPRESENTATION_CONTEXT('2D SPACE',''
  ) );
#3082 = PCURVE('',#3083,#3088);
#3083 = PLANE('',#3084);
#3084 = AXIS2_PLACEMENT_3D('',#3085,#3086,#3087);
#3085 = CARTESIAN_POINT('',(3.697265625,-4.645703125,2.7));
#3086 = DIRECTION('',(0.,-1.,0.));
#3087 = DIRECTION('',(-1.,0.,0.));
#3088 = DEFINITIONAL_REPRESENTATION('',(#3089),#3093);
#3089 = LINE('',#3090,#3091);
#3090 = CARTESIAN_POINT('',(8.881784197001E-16,-0.3));
#3091 = VECTOR('',#3092,1.);
#3092 = DIRECTION('',(1.,0.));
#3093 = ( GEOMETRIC_REPRESENTATION_CONTEXT(2) 
PARAMETRIC_REPRESENTATION_CONTEXT() REPRESENTATION_CONTEXT('2D SPACE',''
  ) );
#3094 = ORIENTED_EDGE('',*,*,#3095,.T.);
#3095 = EDGE_CURVE('',#3068,#3096,#3098,.T.);
#3096 = VERTEX_POINT('',#3097);
#3097 = CARTESIAN_POINT('',(3.568359375,-5.0154296875,3.));
#3098 = SURFACE_CURVE('',#3099,(#3103,#3110),.PCURVE_S1.);
#3099 = LINE('',#3100,#3101);
#3100 = CARTESIAN_POINT('',(3.568359375,-4.645703125,3.));
#3101 = VECTOR('',#3102,1.);
#3102 = DIRECTION('',(0.,-1.,0.));
#3103 = PCURVE('',#100,#3104);
#3104 = DEFINITIONAL_REPRESENTATION('',(#3105),#3109);
#3105 = LINE('',#3106,#3107);
#3106 = CARTESIAN_POINT('',(3.568359375,-4.645703125));
#3107 = VECTOR('',#3108,1.);
#3108 = DIRECTION('',(0.,-1.));
#3109 = ( GEOMETRIC_REPRESENTATION_CONTEXT(2) 
PARAMETRIC_REPRESENTATION_CONTEXT() REPRESENTATION_CONTEXT('2D SPACE',''
  ) );
#3110 = PCURVE('',#3111,#3116);
#3111 = PLANE('',#3112);
#3112 = AXIS2_PLACEMENT_3D('',#3113,#3114,#3115);
#3113 = CARTESIAN_POINT('',(3.568359375,-4.645703125,2.7));
#3114 = DIRECTION('',(1.,0.,0.));
#3115 = DIRECTION('',(0.,-1.,0.));
#3116 = DEFINITIONAL_REPRESENTATION('',(#3117),#3121);
#3117 = LINE('',#3118,#3119);
#3118 = CARTESIAN_POINT('',(-8.881784197001E-16,-0.3));
#3119 = VECTOR('',#3120,1.);
#3120 = DIRECTION('',(1.,0.));
#3121 = ( GEOMETRIC_REPRESENTATION_CONTEXT(2) 
PARAMETRIC_REPRESENTATION_CONTEXT() REPRESENTATION_CONTEXT('2D SPACE',''
  ) );
#3122 = ORIENTED_EDGE('',*,*,#3123,.T.);
#3123 = EDGE_CURVE('',#3096,#3124,#3126,.T.);
#3124 = VERTEX_POINT('',#3125);
#3125 = CARTESIAN_POINT('',(3.45,-5.0154296875,3.));
#3126 = SURFACE_CURVE('',#3127,(#3131,#3138),.PCURVE_S1.);
#3127 = LINE('',#3128,#3129);
#3128 = CARTESIAN_POINT('',(3.568359375,-5.0154296875,3.));
#3129 = VECTOR('',#3130,1.);
#3130 = DIRECTION('',(-1.,0.,0.));
#3131 = PCURVE('',#100,#3132);
#3132 = DEFINITIONAL_REPRESENTATION('',(#3133),#3137);
#3133 = LINE('',#3134,#3135);
#3134 = CARTESIAN_POINT('',(3.568359375,-5.0154296875));
#3135 = VECTOR('',#3136,1.);
#3136 = DIRECTION('',(-1.,0.));
#3137 = ( GEOMETRIC_REPRESENTATION_CONTEXT(2) 
PARAMETRIC_REPRESENTATION_CONTEXT() REPRESENTATION_CONTEXT('2D SPACE',''
  ) );
#3138 = PCURVE('',#3139,#3144);
#3139 = PLANE('',#3140);
#3140 = AXIS2_PLACEMENT_3D('',#3141,#3142,#3143);
#3141 = CARTESIAN_POINT('',(3.568359375,-5.0154296875,2.7));
#3142 = DIRECTION('',(0.,-1.,0.));
#3143 = DIRECTION('',(-1.,0.,0.));
#3144 = DEFINITIONAL_REPRESENTATION('',(#3145),#3149);
#3145 = LINE('',#3146,#3147);
#3146 = CARTESIAN_POINT('',(8.881784197001E-16,-0.3));
#3147 = VECTOR('',#3148,1.);
#3148 = DIRECTION('',(1.,0.));
#3149 = ( GEOMETRIC_REPRESENTATION_CONTEXT(2) 
PARAMETRIC_REPRESENTATION_CONTEXT() REPRESENTATION_CONTEXT('2D SPACE',''
  ) );
#3150 = ORIENTED_EDGE('',*,*,#3151,.T.);
#3151 = EDGE_CURVE('',#3124,#3152,#3154,.T.);
#3152 = VERTEX_POINT('',#3153);
#3153 = CARTESIAN_POINT('',(3.45,-4.140625,3.));
#3154 = SURFACE_CURVE('',#3155,(#3159,#3166),.PCURVE_S1.);
#3155 = LINE('',#3156,#3157);
#3156 = CARTESIAN_POINT('',(3.45,-5.0154296875,3.));
#3157 = VECTOR('',#3158,1.);
#3158 = DIRECTION('',(0.,1.,0.));
#3159 = PCURVE('',#100,#3160);
#3160 = DEFINITIONAL_REPRESENTATION('',(#3161),#3165);
#3161 = LINE('',#3162,#3163);
#3162 = CARTESIAN_POINT('',(3.45,-5.0154296875));
#3163 = VECTOR('',#3164,1.);
#3164 = DIRECTION('',(0.,1.));
#3165 = ( GEOMETRIC_REPRESENTATION_CONTEXT(2) 
PARAMETRIC_REPRESENTATION_CONTEXT() REPRESENTATION_CONTEXT('2D SPACE',''
  ) );
#3166 = PCURVE('',#3167,#3172);
#3167 = PLANE('',#3168);
#3168 = AXIS2_PLACEMENT_3D('',#3169,#3170,#3171);
#3169 = CARTESIAN_POINT('',(3.45,-5.0154296875,2.7));
#3170 = DIRECTION('',(-1.,0.,0.));
#3171 = DIRECTION('',(0.,1.,0.));
#3172 = DEFINITIONAL_REPRESENTATION('',(#3173),#3177);
#3173 = LINE('',#3174,#3175);
#3174 = CARTESIAN_POINT('',(0.,-0.3));
#3175 = VECTOR('',#3176,1.);
#3176 = DIRECTION('',(1.,0.));
#3177 = ( GEOMETRIC_REPRESENTATION_CONTEXT(2) 
PARAMETRIC_REPRESENTATION_CONTEXT() REPRESENTATION_CONTEXT('2D SPACE',''
  ) );
#3178 = ORIENTED_EDGE('',*,*,#3179,.T.);
#3179 = EDGE_CURVE('',#3152,#3180,#3182,.T.);
#3180 = VERTEX_POINT('',#3181);
#3181 = CARTESIAN_POINT('',(3.7171875,-4.140625,3.));
#3182 = SURFACE_CURVE('',#3183,(#3187,#3194),.PCURVE_S1.);
#3183 = LINE('',#3184,#3185);
#3184 = CARTESIAN_POINT('',(3.45,-4.140625,3.));
#3185 = VECTOR('',#3186,1.);
#3186 = DIRECTION('',(1.,0.,0.));
#3187 = PCURVE('',#100,#3188);
#3188 = DEFINITIONAL_REPRESENTATION('',(#3189),#3193);
#3189 = LINE('',#3190,#3191);
#3190 = CARTESIAN_POINT('',(3.45,-4.140625));
#3191 = VECTOR('',#3192,1.);
#3192 = DIRECTION('',(1.,0.));
#3193 = ( GEOMETRIC_REPRESENTATION_CONTEXT(2) 
PARAMETRIC_REPRESENTATION_CONTEXT() REPRESENTATION_CONTEXT('2D SPACE',''
  ) );
#3194 = PCURVE('',#3195,#3200);
#3195 = PLANE('',#3196);
#3196 = AXIS2_PLACEMENT_3D('',#3197,#3198,#3199);
#3197 = CARTESIAN_POINT('',(3.45,-4.140625,2.7));
#3198 = DIRECTION('',(0.,1.,0.));
#3199 = DIRECTION('',(1.,0.,0.));
#3200 = DEFINITIONAL_REPRESENTATION('',(#3201),#3205);
#3201 = LINE('',#3202,#3203);
#3202 = CARTESIAN_POINT('',(-4.440892098501E-16,-0.3));
#3203 = VECTOR('',#3204,1.);
#3204 = DIRECTION('',(1.,0.));
#3205 = ( GEOMETRIC_REPRESENTATION_CONTEXT(2) 
PARAMETRIC_REPRESENTATION_CONTEXT() REPRESENTATION_CONTEXT('2D SPACE',''
  ) );
#3206 = ORIENTED_EDGE('',*,*,#3207,.T.);
#3207 = EDGE_CURVE('',#3180,#3208,#3210,.T.);
#3208 = VERTEX_POINT('',#3209);
#3209 = CARTESIAN_POINT('',(3.941015625,-4.2033203125,3.));
#3210 = SURFACE_CURVE('',#3211,(#3215,#3222),.PCURVE_S1.);
#3211 = B_SPLINE_CURVE_WITH_KNOTS('',2,(#3212,#3213,#3214),
  .UNSPECIFIED.,.F.,.F.,(3,3),(0.,1.),.PIECEWISE_BEZIER_KNOTS.);
#3212 = CARTESIAN_POINT('',(3.7171875,-4.140625,3.));
#3213 = CARTESIAN_POINT('',(3.8671875,-4.140625,3.));
#3214 = CARTESIAN_POINT('',(3.941015625,-4.2033203125,3.));
#3215 = PCURVE('',#100,#3216);
#3216 = DEFINITIONAL_REPRESENTATION('',(#3217),#3221);
#3217 = B_SPLINE_CURVE_WITH_KNOTS('',2,(#3218,#3219,#3220),
  .UNSPECIFIED.,.F.,.F.,(3,3),(0.,1.),.PIECEWISE_BEZIER_KNOTS.);
#3218 = CARTESIAN_POINT('',(3.7171875,-4.140625));
#3219 = CARTESIAN_POINT('',(3.8671875,-4.140625));
#3220 = CARTESIAN_POINT('',(3.941015625,-4.2033203125));
#3221 = ( GEOMETRIC_REPRESENTATION_CONTEXT(2) 
PARAMETRIC_REPRESENTATION_CONTEXT() REPRESENTATION_CONTEXT('2D SPACE',''
  ) );
#3222 = PCURVE('',#3223,#3230);
#3223 = SURFACE_OF_LINEAR_EXTRUSION('',#3224,#3228);
#3224 = B_SPLINE_CURVE_WITH_KNOTS('',2,(#3225,#3226,#3227),
  .UNSPECIFIED.,.F.,.F.,(3,3),(0.,1.),.PIECEWISE_BEZIER_KNOTS.);
#3225 = CARTESIAN_POINT('',(3.7171875,-4.140625,2.7));
#3226 = CARTESIAN_POINT('',(3.8671875,-4.140625,2.7));
#3227 = CARTESIAN_POINT('',(3.941015625,-4.2033203125,2.7));
#3228 = VECTOR('',#3229,1.);
#3229 = DIRECTION('',(-0.,-0.,-1.));
#3230 = DEFINITIONAL_REPRESENTATION('',(#3231),#3235);
#3231 = LINE('',#3232,#3233);
#3232 = CARTESIAN_POINT('',(0.,-0.3));
#3233 = VECTOR('',#3234,1.);
#3234 = DIRECTION('',(1.,0.));
#3235 = ( GEOMETRIC_REPRESENTATION_CONTEXT(2) 
PARAMETRIC_REPRESENTATION_CONTEXT() REPRESENTATION_CONTEXT('2D SPACE',''
  ) );
#3236 = ORIENTED_EDGE('',*,*,#3237,.T.);
#3237 = EDGE_CURVE('',#3208,#3238,#3240,.T.);
#3238 = VERTEX_POINT('',#3239);
#3239 = CARTESIAN_POINT('',(4.01484375,-4.392578125,3.));
#3240 = SURFACE_CURVE('',#3241,(#3245,#3252),.PCURVE_S1.);
#3241 = B_SPLINE_CURVE_WITH_KNOTS('',2,(#3242,#3243,#3244),
  .UNSPECIFIED.,.F.,.F.,(3,3),(0.,1.),.PIECEWISE_BEZIER_KNOTS.);
#3242 = CARTESIAN_POINT('',(3.941015625,-4.2033203125,3.));
#3243 = CARTESIAN_POINT('',(4.01484375,-4.266015625,3.));
#3244 = CARTESIAN_POINT('',(4.01484375,-4.392578125,3.));
#3245 = PCURVE('',#100,#3246);
#3246 = DEFINITIONAL_REPRESENTATION('',(#3247),#3251);
#3247 = B_SPLINE_CURVE_WITH_KNOTS('',2,(#3248,#3249,#3250),
  .UNSPECIFIED.,.F.,.F.,(3,3),(0.,1.),.PIECEWISE_BEZIER_KNOTS.);
#3248 = CARTESIAN_POINT('',(3.941015625,-4.2033203125));
#3249 = CARTESIAN_POINT('',(4.01484375,-4.266015625));
#3250 = CARTESIAN_POINT('',(4.01484375,-4.392578125));
#3251 = ( GEOMETRIC_REPRESENTATION_CONTEXT(2) 
PARAMETRIC_REPRESENTATION_CONTEXT() REPRESENTATION_CONTEXT('2D SPACE',''
  ) );
#3252 = PCURVE('',#3253,#3260);
#3253 = SURFACE_OF_LINEAR_EXTRUSION('',#3254,#3258);
#3254 = B_SPLINE_CURVE_WITH_KNOTS('',2,(#3255,#3256,#3257),
  .UNSPECIFIED.,.F.,.F.,(3,3),(0.,1.),.PIECEWISE_BEZIER_KNOTS.);
#3255 = CARTESIAN_POINT('',(3.941015625,-4.2033203125,2.7));
#3256 = CARTESIAN_POINT('',(4.01484375,-4.266015625,2.7));
#3257 = CARTESIAN_POINT('',(4.01484375,-4.392578125,2.7));
#3258 = VECTOR('',#3259,1.);
#3259 = DIRECTION('',(-0.,-0.,-1.));
#3260 = DEFINITIONAL_REPRESENTATION('',(#3261),#3265);
#3261 = LINE('',#3262,#3263);
#3262 = CARTESIAN_POINT('',(0.,-0.3));
#3263 = VECTOR('',#3264,1.);
#3264 = DIRECTION('',(1.,0.));
#3265 = ( GEOMETRIC_REPRESENTATION_CONTEXT(2) 
PARAMETRIC_REPRESENTATION_CONTEXT() REPRESENTATION_CONTEXT('2D SPACE',''
  ) );
#3266 = ORIENTED_EDGE('',*,*,#3267,.T.);
#3267 = EDGE_CURVE('',#3238,#2832,#3268,.T.);
#3268 = SURFACE_CURVE('',#3269,(#3273,#3280),.PCURVE_S1.);
#3269 = B_SPLINE_CURVE_WITH_KNOTS('',2,(#3270,#3271,#3272),
  .UNSPECIFIED.,.F.,.F.,(3,3),(0.,1.),.PIECEWISE_BEZIER_KNOTS.);
#3270 = CARTESIAN_POINT('',(4.01484375,-4.392578125,3.));
#3271 = CARTESIAN_POINT('',(4.01484375,-4.4751953125,3.));
#3272 = CARTESIAN_POINT('',(3.97646484375,-4.5296875,3.));
#3273 = PCURVE('',#100,#3274);
#3274 = DEFINITIONAL_REPRESENTATION('',(#3275),#3279);
#3275 = B_SPLINE_CURVE_WITH_KNOTS('',2,(#3276,#3277,#3278),
  .UNSPECIFIED.,.F.,.F.,(3,3),(0.,1.),.PIECEWISE_BEZIER_KNOTS.);
#3276 = CARTESIAN_POINT('',(4.01484375,-4.392578125));
#3277 = CARTESIAN_POINT('',(4.01484375,-4.4751953125));
#3278 = CARTESIAN_POINT('',(3.97646484375,-4.5296875));
#3279 = ( GEOMETRIC_REPRESENTATION_CONTEXT(2) 
PARAMETRIC_REPRESENTATION_CONTEXT() REPRESENTATION_CONTEXT('2D SPACE',''
  ) );
#3280 = PCURVE('',#3281,#3288);
#3281 = SURFACE_OF_LINEAR_EXTRUSION('',#3282,#3286);
#3282 = B_SPLINE_CURVE_WITH_KNOTS('',2,(#3283,#3284,#3285),
  .UNSPECIFIED.,.F.,.F.,(3,3),(0.,1.),.PIECEWISE_BEZIER_KNOTS.);
#3283 = CARTESIAN_POINT('',(4.01484375,-4.392578125,2.7));
#3284 = CARTESIAN_POINT('',(4.01484375,-4.4751953125,2.7));
#3285 = CARTESIAN_POINT('',(3.97646484375,-4.5296875,2.7));
#3286 = VECTOR('',#3287,1.);
#3287 = DIRECTION('',(-0.,-0.,-1.));
#3288 = DEFINITIONAL_REPRESENTATION('',(#3289),#3293);
#3289 = LINE('',#3290,#3291);
#3290 = CARTESIAN_POINT('',(0.,-0.3));
#3291 = VECTOR('',#3292,1.);
#3292 = DIRECTION('',(1.,0.));
#3293 = ( GEOMETRIC_REPRESENTATION_CONTEXT(2) 
PARAMETRIC_REPRESENTATION_CONTEXT() REPRESENTATION_CONTEXT('2D SPACE',''
  ) );
#3294 = FACE_BOUND('',#3295,.T.);
#3295 = EDGE_LOOP('',(#3296,#3326,#3354,#3382,#3410,#3438,#3466,#3494,
    #3522,#3550,#3578,#3606));
#3296 = ORIENTED_EDGE('',*,*,#3297,.T.);
#3297 = EDGE_CURVE('',#3298,#3300,#3302,.T.);
#3298 = VERTEX_POINT('',#3299);
#3299 = CARTESIAN_POINT('',(4.8474609375,-5.0154296875,3.));
#3300 = VERTEX_POINT('',#3301);
#3301 = CARTESIAN_POINT('',(4.2837890625,-5.0154296875,3.));
#3302 = SURFACE_CURVE('',#3303,(#3307,#3314),.PCURVE_S1.);
#3303 = LINE('',#3304,#3305);
#3304 = CARTESIAN_POINT('',(4.8474609375,-5.0154296875,3.));
#3305 = VECTOR('',#3306,1.);
#3306 = DIRECTION('',(-1.,0.,0.));
#3307 = PCURVE('',#100,#3308);
#3308 = DEFINITIONAL_REPRESENTATION('',(#3309),#3313);
#3309 = LINE('',#3310,#3311);
#3310 = CARTESIAN_POINT('',(4.8474609375,-5.0154296875));
#3311 = VECTOR('',#3312,1.);
#3312 = DIRECTION('',(-1.,0.));
#3313 = ( GEOMETRIC_REPRESENTATION_CONTEXT(2) 
PARAMETRIC_REPRESENTATION_CONTEXT() REPRESENTATION_CONTEXT('2D SPACE',''
  ) );
#3314 = PCURVE('',#3315,#3320);
#3315 = PLANE('',#3316);
#3316 = AXIS2_PLACEMENT_3D('',#3317,#3318,#3319);
#3317 = CARTESIAN_POINT('',(4.8474609375,-5.0154296875,2.7));
#3318 = DIRECTION('',(0.,-1.,0.));
#3319 = DIRECTION('',(-1.,0.,0.));
#3320 = DEFINITIONAL_REPRESENTATION('',(#3321),#3325);
#3321 = LINE('',#3322,#3323);
#3322 = CARTESIAN_POINT('',(0.,-0.3));
#3323 = VECTOR('',#3324,1.);
#3324 = DIRECTION('',(1.,0.));
#3325 = ( GEOMETRIC_REPRESENTATION_CONTEXT(2) 
PARAMETRIC_REPRESENTATION_CONTEXT() REPRESENTATION_CONTEXT('2D SPACE',''
  ) );
#3326 = ORIENTED_EDGE('',*,*,#3327,.T.);
#3327 = EDGE_CURVE('',#3300,#3328,#3330,.T.);
#3328 = VERTEX_POINT('',#3329);
#3329 = CARTESIAN_POINT('',(4.2837890625,-4.140625,3.));
#3330 = SURFACE_CURVE('',#3331,(#3335,#3342),.PCURVE_S1.);
#3331 = LINE('',#3332,#3333);
#3332 = CARTESIAN_POINT('',(4.2837890625,-5.0154296875,3.));
#3333 = VECTOR('',#3334,1.);
#3334 = DIRECTION('',(0.,1.,0.));
#3335 = PCURVE('',#100,#3336);
#3336 = DEFINITIONAL_REPRESENTATION('',(#3337),#3341);
#3337 = LINE('',#3338,#3339);
#3338 = CARTESIAN_POINT('',(4.2837890625,-5.0154296875));
#3339 = VECTOR('',#3340,1.);
#3340 = DIRECTION('',(0.,1.));
#3341 = ( GEOMETRIC_REPRESENTATION_CONTEXT(2) 
PARAMETRIC_REPRESENTATION_CONTEXT() REPRESENTATION_CONTEXT('2D SPACE',''
  ) );
#3342 = PCURVE('',#3343,#3348);
#3343 = PLANE('',#3344);
#3344 = AXIS2_PLACEMENT_3D('',#3345,#3346,#3347);
#3345 = CARTESIAN_POINT('',(4.2837890625,-5.0154296875,2.7));
#3346 = DIRECTION('',(-1.,0.,0.));
#3347 = DIRECTION('',(0.,1.,0.));
#3348 = DEFINITIONAL_REPRESENTATION('',(#3349),#3353);
#3349 = LINE('',#3350,#3351);
#3350 = CARTESIAN_POINT('',(0.,-0.3));
#3351 = VECTOR('',#3352,1.);
#3352 = DIRECTION('',(1.,0.));
#3353 = ( GEOMETRIC_REPRESENTATION_CONTEXT(2) 
PARAMETRIC_REPRESENTATION_CONTEXT() REPRESENTATION_CONTEXT('2D SPACE',''
  ) );
#3354 = ORIENTED_EDGE('',*,*,#3355,.T.);
#3355 = EDGE_CURVE('',#3328,#3356,#3358,.T.);
#3356 = VERTEX_POINT('',#3357);
#3357 = CARTESIAN_POINT('',(4.8369140625,-4.140625,3.));
#3358 = SURFACE_CURVE('',#3359,(#3363,#3370),.PCURVE_S1.);
#3359 = LINE('',#3360,#3361);
#3360 = CARTESIAN_POINT('',(4.2837890625,-4.140625,3.));
#3361 = VECTOR('',#3362,1.);
#3362 = DIRECTION('',(1.,0.,0.));
#3363 = PCURVE('',#100,#3364);
#3364 = DEFINITIONAL_REPRESENTATION('',(#3365),#3369);
#3365 = LINE('',#3366,#3367);
#3366 = CARTESIAN_POINT('',(4.2837890625,-4.140625));
#3367 = VECTOR('',#3368,1.);
#3368 = DIRECTION('',(1.,0.));
#3369 = ( GEOMETRIC_REPRESENTATION_CONTEXT(2) 
PARAMETRIC_REPRESENTATION_CONTEXT() REPRESENTATION_CONTEXT('2D SPACE',''
  ) );
#3370 = PCURVE('',#3371,#3376);
#3371 = PLANE('',#3372);
#3372 = AXIS2_PLACEMENT_3D('',#3373,#3374,#3375);
#3373 = CARTESIAN_POINT('',(4.2837890625,-4.140625,2.7));
#3374 = DIRECTION('',(0.,1.,0.));
#3375 = DIRECTION('',(1.,0.,0.));
#3376 = DEFINITIONAL_REPRESENTATION('',(#3377),#3381);
#3377 = LINE('',#3378,#3379);
#3378 = CARTESIAN_POINT('',(0.,-0.3));
#3379 = VECTOR('',#3380,1.);
#3380 = DIRECTION('',(1.,0.));
#3381 = ( GEOMETRIC_REPRESENTATION_CONTEXT(2) 
PARAMETRIC_REPRESENTATION_CONTEXT() REPRESENTATION_CONTEXT('2D SPACE',''
  ) );
#3382 = ORIENTED_EDGE('',*,*,#3383,.T.);
#3383 = EDGE_CURVE('',#3356,#3384,#3386,.T.);
#3384 = VERTEX_POINT('',#3385);
#3385 = CARTESIAN_POINT('',(4.8369140625,-4.240234375,3.));
#3386 = SURFACE_CURVE('',#3387,(#3391,#3398),.PCURVE_S1.);
#3387 = LINE('',#3388,#3389);
#3388 = CARTESIAN_POINT('',(4.8369140625,-4.140625,3.));
#3389 = VECTOR('',#3390,1.);
#3390 = DIRECTION('',(0.,-1.,0.));
#3391 = PCURVE('',#100,#3392);
#3392 = DEFINITIONAL_REPRESENTATION('',(#3393),#3397);
#3393 = LINE('',#3394,#3395);
#3394 = CARTESIAN_POINT('',(4.8369140625,-4.140625));
#3395 = VECTOR('',#3396,1.);
#3396 = DIRECTION('',(0.,-1.));
#3397 = ( GEOMETRIC_REPRESENTATION_CONTEXT(2) 
PARAMETRIC_REPRESENTATION_CONTEXT() REPRESENTATION_CONTEXT('2D SPACE',''
  ) );
#3398 = PCURVE('',#3399,#3404);
#3399 = PLANE('',#3400);
#3400 = AXIS2_PLACEMENT_3D('',#3401,#3402,#3403);
#3401 = CARTESIAN_POINT('',(4.8369140625,-4.140625,2.7));
#3402 = DIRECTION('',(1.,0.,0.));
#3403 = DIRECTION('',(0.,-1.,0.));
#3404 = DEFINITIONAL_REPRESENTATION('',(#3405),#3409);
#3405 = LINE('',#3406,#3407);
#3406 = CARTESIAN_POINT('',(-8.881784197001E-16,-0.3));
#3407 = VECTOR('',#3408,1.);
#3408 = DIRECTION('',(1.,0.));
#3409 = ( GEOMETRIC_REPRESENTATION_CONTEXT(2) 
PARAMETRIC_REPRESENTATION_CONTEXT() REPRESENTATION_CONTEXT('2D SPACE',''
  ) );
#3410 = ORIENTED_EDGE('',*,*,#3411,.T.);
#3411 = EDGE_CURVE('',#3384,#3412,#3414,.T.);
#3412 = VERTEX_POINT('',#3413);
#3413 = CARTESIAN_POINT('',(4.4021484375,-4.240234375,3.));
#3414 = SURFACE_CURVE('',#3415,(#3419,#3426),.PCURVE_S1.);
#3415 = LINE('',#3416,#3417);
#3416 = CARTESIAN_POINT('',(4.8369140625,-4.240234375,3.));
#3417 = VECTOR('',#3418,1.);
#3418 = DIRECTION('',(-1.,0.,0.));
#3419 = PCURVE('',#100,#3420);
#3420 = DEFINITIONAL_REPRESENTATION('',(#3421),#3425);
#3421 = LINE('',#3422,#3423);
#3422 = CARTESIAN_POINT('',(4.8369140625,-4.240234375));
#3423 = VECTOR('',#3424,1.);
#3424 = DIRECTION('',(-1.,0.));
#3425 = ( GEOMETRIC_REPRESENTATION_CONTEXT(2) 
PARAMETRIC_REPRESENTATION_CONTEXT() REPRESENTATION_CONTEXT('2D SPACE',''
  ) );
#3426 = PCURVE('',#3427,#3432);
#3427 = PLANE('',#3428);
#3428 = AXIS2_PLACEMENT_3D('',#3429,#3430,#3431);
#3429 = CARTESIAN_POINT('',(4.8369140625,-4.240234375,2.7));
#3430 = DIRECTION('',(0.,-1.,0.));
#3431 = DIRECTION('',(-1.,0.,0.));
#3432 = DEFINITIONAL_REPRESENTATION('',(#3433),#3437);
#3433 = LINE('',#3434,#3435);
#3434 = CARTESIAN_POINT('',(0.,-0.3));
#3435 = VECTOR('',#3436,1.);
#3436 = DIRECTION('',(1.,0.));
#3437 = ( GEOMETRIC_REPRESENTATION_CONTEXT(2) 
PARAMETRIC_REPRESENTATION_CONTEXT() REPRESENTATION_CONTEXT('2D SPACE',''
  ) );
#3438 = ORIENTED_EDGE('',*,*,#3439,.T.);
#3439 = EDGE_CURVE('',#3412,#3440,#3442,.T.);
#3440 = VERTEX_POINT('',#3441);
#3441 = CARTESIAN_POINT('',(4.4021484375,-4.49921875,3.));
#3442 = SURFACE_CURVE('',#3443,(#3447,#3454),.PCURVE_S1.);
#3443 = LINE('',#3444,#3445);
#3444 = CARTESIAN_POINT('',(4.4021484375,-4.240234375,3.));
#3445 = VECTOR('',#3446,1.);
#3446 = DIRECTION('',(0.,-1.,0.));
#3447 = PCURVE('',#100,#3448);
#3448 = DEFINITIONAL_REPRESENTATION('',(#3449),#3453);
#3449 = LINE('',#3450,#3451);
#3450 = CARTESIAN_POINT('',(4.4021484375,-4.240234375));
#3451 = VECTOR('',#3452,1.);
#3452 = DIRECTION('',(0.,-1.));
#3453 = ( GEOMETRIC_REPRESENTATION_CONTEXT(2) 
PARAMETRIC_REPRESENTATION_CONTEXT() REPRESENTATION_CONTEXT('2D SPACE',''
  ) );
#3454 = PCURVE('',#3455,#3460);
#3455 = PLANE('',#3456);
#3456 = AXIS2_PLACEMENT_3D('',#3457,#3458,#3459);
#3457 = CARTESIAN_POINT('',(4.4021484375,-4.240234375,2.7));
#3458 = DIRECTION('',(1.,0.,0.));
#3459 = DIRECTION('',(0.,-1.,0.));
#3460 = DEFINITIONAL_REPRESENTATION('',(#3461),#3465);
#3461 = LINE('',#3462,#3463);
#3462 = CARTESIAN_POINT('',(-8.881784197001E-16,-0.3));
#3463 = VECTOR('',#3464,1.);
#3464 = DIRECTION('',(1.,0.));
#3465 = ( GEOMETRIC_REPRESENTATION_CONTEXT(2) 
PARAMETRIC_REPRESENTATION_CONTEXT() REPRESENTATION_CONTEXT('2D SPACE',''
  ) );
#3466 = ORIENTED_EDGE('',*,*,#3467,.T.);
#3467 = EDGE_CURVE('',#3440,#3468,#3470,.T.);
#3468 = VERTEX_POINT('',#3469);
#3469 = CARTESIAN_POINT('',(4.81875,-4.49921875,3.));
#3470 = SURFACE_CURVE('',#3471,(#3475,#3482),.PCURVE_S1.);
#3471 = LINE('',#3472,#3473);
#3472 = CARTESIAN_POINT('',(4.4021484375,-4.49921875,3.));
#3473 = VECTOR('',#3474,1.);
#3474 = DIRECTION('',(1.,0.,0.));
#3475 = PCURVE('',#100,#3476);
#3476 = DEFINITIONAL_REPRESENTATION('',(#3477),#3481);
#3477 = LINE('',#3478,#3479);
#3478 = CARTESIAN_POINT('',(4.4021484375,-4.49921875));
#3479 = VECTOR('',#3480,1.);
#3480 = DIRECTION('',(1.,0.));
#3481 = ( GEOMETRIC_REPRESENTATION_CONTEXT(2) 
PARAMETRIC_REPRESENTATION_CONTEXT() REPRESENTATION_CONTEXT('2D SPACE',''
  ) );
#3482 = PCURVE('',#3483,#3488);
#3483 = PLANE('',#3484);
#3484 = AXIS2_PLACEMENT_3D('',#3485,#3486,#3487);
#3485 = CARTESIAN_POINT('',(4.4021484375,-4.49921875,2.7));
#3486 = DIRECTION('',(0.,1.,0.));
#3487 = DIRECTION('',(1.,0.,0.));
#3488 = DEFINITIONAL_REPRESENTATION('',(#3489),#3493);
#3489 = LINE('',#3490,#3491);
#3490 = CARTESIAN_POINT('',(0.,-0.3));
#3491 = VECTOR('',#3492,1.);
#3492 = DIRECTION('',(1.,0.));
#3493 = ( GEOMETRIC_REPRESENTATION_CONTEXT(2) 
PARAMETRIC_REPRESENTATION_CONTEXT() REPRESENTATION_CONTEXT('2D SPACE',''
  ) );
#3494 = ORIENTED_EDGE('',*,*,#3495,.T.);
#3495 = EDGE_CURVE('',#3468,#3496,#3498,.T.);
#3496 = VERTEX_POINT('',#3497);
#3497 = CARTESIAN_POINT('',(4.81875,-4.598828125,3.));
#3498 = SURFACE_CURVE('',#3499,(#3503,#3510),.PCURVE_S1.);
#3499 = LINE('',#3500,#3501);
#3500 = CARTESIAN_POINT('',(4.81875,-4.49921875,3.));
#3501 = VECTOR('',#3502,1.);
#3502 = DIRECTION('',(0.,-1.,0.));
#3503 = PCURVE('',#100,#3504);
#3504 = DEFINITIONAL_REPRESENTATION('',(#3505),#3509);
#3505 = LINE('',#3506,#3507);
#3506 = CARTESIAN_POINT('',(4.81875,-4.49921875));
#3507 = VECTOR('',#3508,1.);
#3508 = DIRECTION('',(0.,-1.));
#3509 = ( GEOMETRIC_REPRESENTATION_CONTEXT(2) 
PARAMETRIC_REPRESENTATION_CONTEXT() REPRESENTATION_CONTEXT('2D SPACE',''
  ) );
#3510 = PCURVE('',#3511,#3516);
#3511 = PLANE('',#3512);
#3512 = AXIS2_PLACEMENT_3D('',#3513,#3514,#3515);
#3513 = CARTESIAN_POINT('',(4.81875,-4.49921875,2.7));
#3514 = DIRECTION('',(1.,0.,0.));
#3515 = DIRECTION('',(0.,-1.,0.));
#3516 = DEFINITIONAL_REPRESENTATION('',(#3517),#3521);
#3517 = LINE('',#3518,#3519);
#3518 = CARTESIAN_POINT('',(-8.881784197001E-16,-0.3));
#3519 = VECTOR('',#3520,1.);
#3520 = DIRECTION('',(1.,0.));
#3521 = ( GEOMETRIC_REPRESENTATION_CONTEXT(2) 
PARAMETRIC_REPRESENTATION_CONTEXT() REPRESENTATION_CONTEXT('2D SPACE',''
  ) );
#3522 = ORIENTED_EDGE('',*,*,#3523,.T.);
#3523 = EDGE_CURVE('',#3496,#3524,#3526,.T.);
#3524 = VERTEX_POINT('',#3525);
#3525 = CARTESIAN_POINT('',(4.4021484375,-4.598828125,3.));
#3526 = SURFACE_CURVE('',#3527,(#3531,#3538),.PCURVE_S1.);
#3527 = LINE('',#3528,#3529);
#3528 = CARTESIAN_POINT('',(4.81875,-4.598828125,3.));
#3529 = VECTOR('',#3530,1.);
#3530 = DIRECTION('',(-1.,0.,0.));
#3531 = PCURVE('',#100,#3532);
#3532 = DEFINITIONAL_REPRESENTATION('',(#3533),#3537);
#3533 = LINE('',#3534,#3535);
#3534 = CARTESIAN_POINT('',(4.81875,-4.598828125));
#3535 = VECTOR('',#3536,1.);
#3536 = DIRECTION('',(-1.,0.));
#3537 = ( GEOMETRIC_REPRESENTATION_CONTEXT(2) 
PARAMETRIC_REPRESENTATION_CONTEXT() REPRESENTATION_CONTEXT('2D SPACE',''
  ) );
#3538 = PCURVE('',#3539,#3544);
#3539 = PLANE('',#3540);
#3540 = AXIS2_PLACEMENT_3D('',#3541,#3542,#3543);
#3541 = CARTESIAN_POINT('',(4.81875,-4.598828125,2.7));
#3542 = DIRECTION('',(0.,-1.,0.));
#3543 = DIRECTION('',(-1.,0.,0.));
#3544 = DEFINITIONAL_REPRESENTATION('',(#3545),#3549);
#3545 = LINE('',#3546,#3547);
#3546 = CARTESIAN_POINT('',(0.,-0.3));
#3547 = VECTOR('',#3548,1.);
#3548 = DIRECTION('',(1.,0.));
#3549 = ( GEOMETRIC_REPRESENTATION_CONTEXT(2) 
PARAMETRIC_REPRESENTATION_CONTEXT() REPRESENTATION_CONTEXT('2D SPACE',''
  ) );
#3550 = ORIENTED_EDGE('',*,*,#3551,.T.);
#3551 = EDGE_CURVE('',#3524,#3552,#3554,.T.);
#3552 = VERTEX_POINT('',#3553);
#3553 = CARTESIAN_POINT('',(4.4021484375,-4.9158203125,3.));
#3554 = SURFACE_CURVE('',#3555,(#3559,#3566),.PCURVE_S1.);
#3555 = LINE('',#3556,#3557);
#3556 = CARTESIAN_POINT('',(4.4021484375,-4.598828125,3.));
#3557 = VECTOR('',#3558,1.);
#3558 = DIRECTION('',(0.,-1.,0.));
#3559 = PCURVE('',#100,#3560);
#3560 = DEFINITIONAL_REPRESENTATION('',(#3561),#3565);
#3561 = LINE('',#3562,#3563);
#3562 = CARTESIAN_POINT('',(4.4021484375,-4.598828125));
#3563 = VECTOR('',#3564,1.);
#3564 = DIRECTION('',(0.,-1.));
#3565 = ( GEOMETRIC_REPRESENTATION_CONTEXT(2) 
PARAMETRIC_REPRESENTATION_CONTEXT() REPRESENTATION_CONTEXT('2D SPACE',''
  ) );
#3566 = PCURVE('',#3567,#3572);
#3567 = PLANE('',#3568);
#3568 = AXIS2_PLACEMENT_3D('',#3569,#3570,#3571);
#3569 = CARTESIAN_POINT('',(4.4021484375,-4.598828125,2.7));
#3570 = DIRECTION('',(1.,0.,0.));
#3571 = DIRECTION('',(0.,-1.,0.));
#3572 = DEFINITIONAL_REPRESENTATION('',(#3573),#3577);
#3573 = LINE('',#3574,#3575);
#3574 = CARTESIAN_POINT('',(-8.881784197001E-16,-0.3));
#3575 = VECTOR('',#3576,1.);
#3576 = DIRECTION('',(1.,0.));
#3577 = ( GEOMETRIC_REPRESENTATION_CONTEXT(2) 
PARAMETRIC_REPRESENTATION_CONTEXT() REPRESENTATION_CONTEXT('2D SPACE',''
  ) );
#3578 = ORIENTED_EDGE('',*,*,#3579,.T.);
#3579 = EDGE_CURVE('',#3552,#3580,#3582,.T.);
#3580 = VERTEX_POINT('',#3581);
#3581 = CARTESIAN_POINT('',(4.8474609375,-4.9158203125,3.));
#3582 = SURFACE_CURVE('',#3583,(#3587,#3594),.PCURVE_S1.);
#3583 = LINE('',#3584,#3585);
#3584 = CARTESIAN_POINT('',(4.4021484375,-4.9158203125,3.));
#3585 = VECTOR('',#3586,1.);
#3586 = DIRECTION('',(1.,0.,0.));
#3587 = PCURVE('',#100,#3588);
#3588 = DEFINITIONAL_REPRESENTATION('',(#3589),#3593);
#3589 = LINE('',#3590,#3591);
#3590 = CARTESIAN_POINT('',(4.4021484375,-4.9158203125));
#3591 = VECTOR('',#3592,1.);
#3592 = DIRECTION('',(1.,0.));
#3593 = ( GEOMETRIC_REPRESENTATION_CONTEXT(2) 
PARAMETRIC_REPRESENTATION_CONTEXT() REPRESENTATION_CONTEXT('2D SPACE',''
  ) );
#3594 = PCURVE('',#3595,#3600);
#3595 = PLANE('',#3596);
#3596 = AXIS2_PLACEMENT_3D('',#3597,#3598,#3599);
#3597 = CARTESIAN_POINT('',(4.4021484375,-4.9158203125,2.7));
#3598 = DIRECTION('',(0.,1.,0.));
#3599 = DIRECTION('',(1.,0.,0.));
#3600 = DEFINITIONAL_REPRESENTATION('',(#3601),#3605);
#3601 = LINE('',#3602,#3603);
#3602 = CARTESIAN_POINT('',(0.,-0.3));
#3603 = VECTOR('',#3604,1.);
#3604 = DIRECTION('',(1.,0.));
#3605 = ( GEOMETRIC_REPRESENTATION_CONTEXT(2) 
PARAMETRIC_REPRESENTATION_CONTEXT() REPRESENTATION_CONTEXT('2D SPACE',''
  ) );
#3606 = ORIENTED_EDGE('',*,*,#3607,.T.);
#3607 = EDGE_CURVE('',#3580,#3298,#3608,.T.);
#3608 = SURFACE_CURVE('',#3609,(#3613,#3620),.PCURVE_S1.);
#3609 = LINE('',#3610,#3611);
#3610 = CARTESIAN_POINT('',(4.8474609375,-4.9158203125,3.));
#3611 = VECTOR('',#3612,1.);
#3612 = DIRECTION('',(0.,-1.,0.));
#3613 = PCURVE('',#100,#3614);
#3614 = DEFINITIONAL_REPRESENTATION('',(#3615),#3619);
#3615 = LINE('',#3616,#3617);
#3616 = CARTESIAN_POINT('',(4.8474609375,-4.9158203125));
#3617 = VECTOR('',#3618,1.);
#3618 = DIRECTION('',(0.,-1.));
#3619 = ( GEOMETRIC_REPRESENTATION_CONTEXT(2) 
PARAMETRIC_REPRESENTATION_CONTEXT() REPRESENTATION_CONTEXT('2D SPACE',''
  ) );
#3620 = PCURVE('',#3621,#3626);
#3621 = PLANE('',#3622);
#3622 = AXIS2_PLACEMENT_3D('',#3623,#3624,#3625);
#3623 = CARTESIAN_POINT('',(4.8474609375,-4.9158203125,2.7));
#3624 = DIRECTION('',(1.,0.,0.));
#3625 = DIRECTION('',(0.,-1.,0.));
#3626 = DEFINITIONAL_REPRESENTATION('',(#3627),#3631);
#3627 = LINE('',#3628,#3629);
#3628 = CARTESIAN_POINT('',(0.,-0.3));
#3629 = VECTOR('',#3630,1.);
#3630 = DIRECTION('',(1.,0.));
#3631 = ( GEOMETRIC_REPRESENTATION_CONTEXT(2) 
PARAMETRIC_REPRESENTATION_CONTEXT() REPRESENTATION_CONTEXT('2D SPACE',''
  ) );
#3632 = FACE_BOUND('',#3633,.T.);
#3633 = EDGE_LOOP('',(#3634,#3664,#3692,#3720,#3748,#3776,#3804,#3832,
    #3860,#3888));
#3634 = ORIENTED_EDGE('',*,*,#3635,.T.);
#3635 = EDGE_CURVE('',#3636,#3638,#3640,.T.);
#3636 = VERTEX_POINT('',#3637);
#3637 = CARTESIAN_POINT('',(5.1603515625,-5.0154296875,3.));
#3638 = VERTEX_POINT('',#3639);
#3639 = CARTESIAN_POINT('',(5.0419921875,-5.0154296875,3.));
#3640 = SURFACE_CURVE('',#3641,(#3645,#3652),.PCURVE_S1.);
#3641 = LINE('',#3642,#3643);
#3642 = CARTESIAN_POINT('',(5.1603515625,-5.0154296875,3.));
#3643 = VECTOR('',#3644,1.);
#3644 = DIRECTION('',(-1.,0.,0.));
#3645 = PCURVE('',#100,#3646);
#3646 = DEFINITIONAL_REPRESENTATION('',(#3647),#3651);
#3647 = LINE('',#3648,#3649);
#3648 = CARTESIAN_POINT('',(5.1603515625,-5.0154296875));
#3649 = VECTOR('',#3650,1.);
#3650 = DIRECTION('',(-1.,0.));
#3651 = ( GEOMETRIC_REPRESENTATION_CONTEXT(2) 
PARAMETRIC_REPRESENTATION_CONTEXT() REPRESENTATION_CONTEXT('2D SPACE',''
  ) );
#3652 = PCURVE('',#3653,#3658);
#3653 = PLANE('',#3654);
#3654 = AXIS2_PLACEMENT_3D('',#3655,#3656,#3657);
#3655 = CARTESIAN_POINT('',(5.1603515625,-5.0154296875,2.7));
#3656 = DIRECTION('',(0.,-1.,0.));
#3657 = DIRECTION('',(-1.,0.,0.));
#3658 = DEFINITIONAL_REPRESENTATION('',(#3659),#3663);
#3659 = LINE('',#3660,#3661);
#3660 = CARTESIAN_POINT('',(0.,-0.3));
#3661 = VECTOR('',#3662,1.);
#3662 = DIRECTION('',(1.,0.));
#3663 = ( GEOMETRIC_REPRESENTATION_CONTEXT(2) 
PARAMETRIC_REPRESENTATION_CONTEXT() REPRESENTATION_CONTEXT('2D SPACE',''
  ) );
#3664 = ORIENTED_EDGE('',*,*,#3665,.T.);
#3665 = EDGE_CURVE('',#3638,#3666,#3668,.T.);
#3666 = VERTEX_POINT('',#3667);
#3667 = CARTESIAN_POINT('',(5.0419921875,-4.140625,3.));
#3668 = SURFACE_CURVE('',#3669,(#3673,#3680),.PCURVE_S1.);
#3669 = LINE('',#3670,#3671);
#3670 = CARTESIAN_POINT('',(5.0419921875,-5.0154296875,3.));
#3671 = VECTOR('',#3672,1.);
#3672 = DIRECTION('',(0.,1.,0.));
#3673 = PCURVE('',#100,#3674);
#3674 = DEFINITIONAL_REPRESENTATION('',(#3675),#3679);
#3675 = LINE('',#3676,#3677);
#3676 = CARTESIAN_POINT('',(5.0419921875,-5.0154296875));
#3677 = VECTOR('',#3678,1.);
#3678 = DIRECTION('',(0.,1.));
#3679 = ( GEOMETRIC_REPRESENTATION_CONTEXT(2) 
PARAMETRIC_REPRESENTATION_CONTEXT() REPRESENTATION_CONTEXT('2D SPACE',''
  ) );
#3680 = PCURVE('',#3681,#3686);
#3681 = PLANE('',#3682);
#3682 = AXIS2_PLACEMENT_3D('',#3683,#3684,#3685);
#3683 = CARTESIAN_POINT('',(5.0419921875,-5.0154296875,2.7));
#3684 = DIRECTION('',(-1.,0.,0.));
#3685 = DIRECTION('',(0.,1.,0.));
#3686 = DEFINITIONAL_REPRESENTATION('',(#3687),#3691);
#3687 = LINE('',#3688,#3689);
#3688 = CARTESIAN_POINT('',(0.,-0.3));
#3689 = VECTOR('',#3690,1.);
#3690 = DIRECTION('',(1.,0.));
#3691 = ( GEOMETRIC_REPRESENTATION_CONTEXT(2) 
PARAMETRIC_REPRESENTATION_CONTEXT() REPRESENTATION_CONTEXT('2D SPACE',''
  ) );
#3692 = ORIENTED_EDGE('',*,*,#3693,.T.);
#3693 = EDGE_CURVE('',#3666,#3694,#3696,.T.);
#3694 = VERTEX_POINT('',#3695);
#3695 = CARTESIAN_POINT('',(5.5447265625,-4.140625,3.));
#3696 = SURFACE_CURVE('',#3697,(#3701,#3708),.PCURVE_S1.);
#3697 = LINE('',#3698,#3699);
#3698 = CARTESIAN_POINT('',(5.0419921875,-4.140625,3.));
#3699 = VECTOR('',#3700,1.);
#3700 = DIRECTION('',(1.,0.,0.));
#3701 = PCURVE('',#100,#3702);
#3702 = DEFINITIONAL_REPRESENTATION('',(#3703),#3707);
#3703 = LINE('',#3704,#3705);
#3704 = CARTESIAN_POINT('',(5.0419921875,-4.140625));
#3705 = VECTOR('',#3706,1.);
#3706 = DIRECTION('',(1.,0.));
#3707 = ( GEOMETRIC_REPRESENTATION_CONTEXT(2) 
PARAMETRIC_REPRESENTATION_CONTEXT() REPRESENTATION_CONTEXT('2D SPACE',''
  ) );
#3708 = PCURVE('',#3709,#3714);
#3709 = PLANE('',#3710);
#3710 = AXIS2_PLACEMENT_3D('',#3711,#3712,#3713);
#3711 = CARTESIAN_POINT('',(5.0419921875,-4.140625,2.7));
#3712 = DIRECTION('',(0.,1.,0.));
#3713 = DIRECTION('',(1.,0.,0.));
#3714 = DEFINITIONAL_REPRESENTATION('',(#3715),#3719);
#3715 = LINE('',#3716,#3717);
#3716 = CARTESIAN_POINT('',(0.,-0.3));
#3717 = VECTOR('',#3718,1.);
#3718 = DIRECTION('',(1.,0.));
#3719 = ( GEOMETRIC_REPRESENTATION_CONTEXT(2) 
PARAMETRIC_REPRESENTATION_CONTEXT() REPRESENTATION_CONTEXT('2D SPACE',''
  ) );
#3720 = ORIENTED_EDGE('',*,*,#3721,.T.);
#3721 = EDGE_CURVE('',#3694,#3722,#3724,.T.);
#3722 = VERTEX_POINT('',#3723);
#3723 = CARTESIAN_POINT('',(5.5447265625,-4.240234375,3.));
#3724 = SURFACE_CURVE('',#3725,(#3729,#3736),.PCURVE_S1.);
#3725 = LINE('',#3726,#3727);
#3726 = CARTESIAN_POINT('',(5.5447265625,-4.140625,3.));
#3727 = VECTOR('',#3728,1.);
#3728 = DIRECTION('',(0.,-1.,0.));
#3729 = PCURVE('',#100,#3730);
#3730 = DEFINITIONAL_REPRESENTATION('',(#3731),#3735);
#3731 = LINE('',#3732,#3733);
#3732 = CARTESIAN_POINT('',(5.5447265625,-4.140625));
#3733 = VECTOR('',#3734,1.);
#3734 = DIRECTION('',(0.,-1.));
#3735 = ( GEOMETRIC_REPRESENTATION_CONTEXT(2) 
PARAMETRIC_REPRESENTATION_CONTEXT() REPRESENTATION_CONTEXT('2D SPACE',''
  ) );
#3736 = PCURVE('',#3737,#3742);
#3737 = PLANE('',#3738);
#3738 = AXIS2_PLACEMENT_3D('',#3739,#3740,#3741);
#3739 = CARTESIAN_POINT('',(5.5447265625,-4.140625,2.7));
#3740 = DIRECTION('',(1.,0.,0.));
#3741 = DIRECTION('',(0.,-1.,0.));
#3742 = DEFINITIONAL_REPRESENTATION('',(#3743),#3747);
#3743 = LINE('',#3744,#3745);
#3744 = CARTESIAN_POINT('',(-8.881784197001E-16,-0.3));
#3745 = VECTOR('',#3746,1.);
#3746 = DIRECTION('',(1.,0.));
#3747 = ( GEOMETRIC_REPRESENTATION_CONTEXT(2) 
PARAMETRIC_REPRESENTATION_CONTEXT() REPRESENTATION_CONTEXT('2D SPACE',''
  ) );
#3748 = ORIENTED_EDGE('',*,*,#3749,.T.);
#3749 = EDGE_CURVE('',#3722,#3750,#3752,.T.);
#3750 = VERTEX_POINT('',#3751);
#3751 = CARTESIAN_POINT('',(5.1603515625,-4.240234375,3.));
#3752 = SURFACE_CURVE('',#3753,(#3757,#3764),.PCURVE_S1.);
#3753 = LINE('',#3754,#3755);
#3754 = CARTESIAN_POINT('',(5.5447265625,-4.240234375,3.));
#3755 = VECTOR('',#3756,1.);
#3756 = DIRECTION('',(-1.,0.,0.));
#3757 = PCURVE('',#100,#3758);
#3758 = DEFINITIONAL_REPRESENTATION('',(#3759),#3763);
#3759 = LINE('',#3760,#3761);
#3760 = CARTESIAN_POINT('',(5.5447265625,-4.240234375));
#3761 = VECTOR('',#3762,1.);
#3762 = DIRECTION('',(-1.,0.));
#3763 = ( GEOMETRIC_REPRESENTATION_CONTEXT(2) 
PARAMETRIC_REPRESENTATION_CONTEXT() REPRESENTATION_CONTEXT('2D SPACE',''
  ) );
#3764 = PCURVE('',#3765,#3770);
#3765 = PLANE('',#3766);
#3766 = AXIS2_PLACEMENT_3D('',#3767,#3768,#3769);
#3767 = CARTESIAN_POINT('',(5.5447265625,-4.240234375,2.7));
#3768 = DIRECTION('',(0.,-1.,0.));
#3769 = DIRECTION('',(-1.,0.,0.));
#3770 = DEFINITIONAL_REPRESENTATION('',(#3771),#3775);
#3771 = LINE('',#3772,#3773);
#3772 = CARTESIAN_POINT('',(8.881784197001E-16,-0.3));
#3773 = VECTOR('',#3774,1.);
#3774 = DIRECTION('',(1.,0.));
#3775 = ( GEOMETRIC_REPRESENTATION_CONTEXT(2) 
PARAMETRIC_REPRESENTATION_CONTEXT() REPRESENTATION_CONTEXT('2D SPACE',''
  ) );
#3776 = ORIENTED_EDGE('',*,*,#3777,.T.);
#3777 = EDGE_CURVE('',#3750,#3778,#3780,.T.);
#3778 = VERTEX_POINT('',#3779);
#3779 = CARTESIAN_POINT('',(5.1603515625,-4.498046875,3.));
#3780 = SURFACE_CURVE('',#3781,(#3785,#3792),.PCURVE_S1.);
#3781 = LINE('',#3782,#3783);
#3782 = CARTESIAN_POINT('',(5.1603515625,-4.240234375,3.));
#3783 = VECTOR('',#3784,1.);
#3784 = DIRECTION('',(0.,-1.,0.));
#3785 = PCURVE('',#100,#3786);
#3786 = DEFINITIONAL_REPRESENTATION('',(#3787),#3791);
#3787 = LINE('',#3788,#3789);
#3788 = CARTESIAN_POINT('',(5.1603515625,-4.240234375));
#3789 = VECTOR('',#3790,1.);
#3790 = DIRECTION('',(0.,-1.));
#3791 = ( GEOMETRIC_REPRESENTATION_CONTEXT(2) 
PARAMETRIC_REPRESENTATION_CONTEXT() REPRESENTATION_CONTEXT('2D SPACE',''
  ) );
#3792 = PCURVE('',#3793,#3798);
#3793 = PLANE('',#3794);
#3794 = AXIS2_PLACEMENT_3D('',#3795,#3796,#3797);
#3795 = CARTESIAN_POINT('',(5.1603515625,-4.240234375,2.7));
#3796 = DIRECTION('',(1.,0.,0.));
#3797 = DIRECTION('',(0.,-1.,0.));
#3798 = DEFINITIONAL_REPRESENTATION('',(#3799),#3803);
#3799 = LINE('',#3800,#3801);
#3800 = CARTESIAN_POINT('',(-8.881784197001E-16,-0.3));
#3801 = VECTOR('',#3802,1.);
#3802 = DIRECTION('',(1.,0.));
#3803 = ( GEOMETRIC_REPRESENTATION_CONTEXT(2) 
PARAMETRIC_REPRESENTATION_CONTEXT() REPRESENTATION_CONTEXT('2D SPACE',''
  ) );
#3804 = ORIENTED_EDGE('',*,*,#3805,.T.);
#3805 = EDGE_CURVE('',#3778,#3806,#3808,.T.);
#3806 = VERTEX_POINT('',#3807);
#3807 = CARTESIAN_POINT('',(5.5072265625,-4.498046875,3.));
#3808 = SURFACE_CURVE('',#3809,(#3813,#3820),.PCURVE_S1.);
#3809 = LINE('',#3810,#3811);
#3810 = CARTESIAN_POINT('',(5.1603515625,-4.498046875,3.));
#3811 = VECTOR('',#3812,1.);
#3812 = DIRECTION('',(1.,0.,0.));
#3813 = PCURVE('',#100,#3814);
#3814 = DEFINITIONAL_REPRESENTATION('',(#3815),#3819);
#3815 = LINE('',#3816,#3817);
#3816 = CARTESIAN_POINT('',(5.1603515625,-4.498046875));
#3817 = VECTOR('',#3818,1.);
#3818 = DIRECTION('',(1.,0.));
#3819 = ( GEOMETRIC_REPRESENTATION_CONTEXT(2) 
PARAMETRIC_REPRESENTATION_CONTEXT() REPRESENTATION_CONTEXT('2D SPACE',''
  ) );
#3820 = PCURVE('',#3821,#3826);
#3821 = PLANE('',#3822);
#3822 = AXIS2_PLACEMENT_3D('',#3823,#3824,#3825);
#3823 = CARTESIAN_POINT('',(5.1603515625,-4.498046875,2.7));
#3824 = DIRECTION('',(0.,1.,0.));
#3825 = DIRECTION('',(1.,0.,0.));
#3826 = DEFINITIONAL_REPRESENTATION('',(#3827),#3831);
#3827 = LINE('',#3828,#3829);
#3828 = CARTESIAN_POINT('',(0.,-0.3));
#3829 = VECTOR('',#3830,1.);
#3830 = DIRECTION('',(1.,0.));
#3831 = ( GEOMETRIC_REPRESENTATION_CONTEXT(2) 
PARAMETRIC_REPRESENTATION_CONTEXT() REPRESENTATION_CONTEXT('2D SPACE',''
  ) );
#3832 = ORIENTED_EDGE('',*,*,#3833,.T.);
#3833 = EDGE_CURVE('',#3806,#3834,#3836,.T.);
#3834 = VERTEX_POINT('',#3835);
#3835 = CARTESIAN_POINT('',(5.5072265625,-4.59765625,3.));
#3836 = SURFACE_CURVE('',#3837,(#3841,#3848),.PCURVE_S1.);
#3837 = LINE('',#3838,#3839);
#3838 = CARTESIAN_POINT('',(5.5072265625,-4.498046875,3.));
#3839 = VECTOR('',#3840,1.);
#3840 = DIRECTION('',(0.,-1.,0.));
#3841 = PCURVE('',#100,#3842);
#3842 = DEFINITIONAL_REPRESENTATION('',(#3843),#3847);
#3843 = LINE('',#3844,#3845);
#3844 = CARTESIAN_POINT('',(5.5072265625,-4.498046875));
#3845 = VECTOR('',#3846,1.);
#3846 = DIRECTION('',(0.,-1.));
#3847 = ( GEOMETRIC_REPRESENTATION_CONTEXT(2) 
PARAMETRIC_REPRESENTATION_CONTEXT() REPRESENTATION_CONTEXT('2D SPACE',''
  ) );
#3848 = PCURVE('',#3849,#3854);
#3849 = PLANE('',#3850);
#3850 = AXIS2_PLACEMENT_3D('',#3851,#3852,#3853);
#3851 = CARTESIAN_POINT('',(5.5072265625,-4.498046875,2.7));
#3852 = DIRECTION('',(1.,0.,0.));
#3853 = DIRECTION('',(0.,-1.,0.));
#3854 = DEFINITIONAL_REPRESENTATION('',(#3855),#3859);
#3855 = LINE('',#3856,#3857);
#3856 = CARTESIAN_POINT('',(-8.881784197001E-16,-0.3));
#3857 = VECTOR('',#3858,1.);
#3858 = DIRECTION('',(1.,0.));
#3859 = ( GEOMETRIC_REPRESENTATION_CONTEXT(2) 
PARAMETRIC_REPRESENTATION_CONTEXT() REPRESENTATION_CONTEXT('2D SPACE',''
  ) );
#3860 = ORIENTED_EDGE('',*,*,#3861,.T.);
#3861 = EDGE_CURVE('',#3834,#3862,#3864,.T.);
#3862 = VERTEX_POINT('',#3863);
#3863 = CARTESIAN_POINT('',(5.1603515625,-4.59765625,3.));
#3864 = SURFACE_CURVE('',#3865,(#3869,#3876),.PCURVE_S1.);
#3865 = LINE('',#3866,#3867);
#3866 = CARTESIAN_POINT('',(5.5072265625,-4.59765625,3.));
#3867 = VECTOR('',#3868,1.);
#3868 = DIRECTION('',(-1.,0.,0.));
#3869 = PCURVE('',#100,#3870);
#3870 = DEFINITIONAL_REPRESENTATION('',(#3871),#3875);
#3871 = LINE('',#3872,#3873);
#3872 = CARTESIAN_POINT('',(5.5072265625,-4.59765625));
#3873 = VECTOR('',#3874,1.);
#3874 = DIRECTION('',(-1.,0.));
#3875 = ( GEOMETRIC_REPRESENTATION_CONTEXT(2) 
PARAMETRIC_REPRESENTATION_CONTEXT() REPRESENTATION_CONTEXT('2D SPACE',''
  ) );
#3876 = PCURVE('',#3877,#3882);
#3877 = PLANE('',#3878);
#3878 = AXIS2_PLACEMENT_3D('',#3879,#3880,#3881);
#3879 = CARTESIAN_POINT('',(5.5072265625,-4.59765625,2.7));
#3880 = DIRECTION('',(0.,-1.,0.));
#3881 = DIRECTION('',(-1.,0.,0.));
#3882 = DEFINITIONAL_REPRESENTATION('',(#3883),#3887);
#3883 = LINE('',#3884,#3885);
#3884 = CARTESIAN_POINT('',(0.,-0.3));
#3885 = VECTOR('',#3886,1.);
#3886 = DIRECTION('',(1.,0.));
#3887 = ( GEOMETRIC_REPRESENTATION_CONTEXT(2) 
PARAMETRIC_REPRESENTATION_CONTEXT() REPRESENTATION_CONTEXT('2D SPACE',''
  ) );
#3888 = ORIENTED_EDGE('',*,*,#3889,.T.);
#3889 = EDGE_CURVE('',#3862,#3636,#3890,.T.);
#3890 = SURFACE_CURVE('',#3891,(#3895,#3902),.PCURVE_S1.);
#3891 = LINE('',#3892,#3893);
#3892 = CARTESIAN_POINT('',(5.1603515625,-4.59765625,3.));
#3893 = VECTOR('',#3894,1.);
#3894 = DIRECTION('',(0.,-1.,0.));
#3895 = PCURVE('',#100,#3896);
#3896 = DEFINITIONAL_REPRESENTATION('',(#3897),#3901);
#3897 = LINE('',#3898,#3899);
#3898 = CARTESIAN_POINT('',(5.1603515625,-4.59765625));
#3899 = VECTOR('',#3900,1.);
#3900 = DIRECTION('',(0.,-1.));
#3901 = ( GEOMETRIC_REPRESENTATION_CONTEXT(2) 
PARAMETRIC_REPRESENTATION_CONTEXT() REPRESENTATION_CONTEXT('2D SPACE',''
  ) );
#3902 = PCURVE('',#3903,#3908);
#3903 = PLANE('',#3904);
#3904 = AXIS2_PLACEMENT_3D('',#3905,#3906,#3907);
#3905 = CARTESIAN_POINT('',(5.1603515625,-4.59765625,2.7));
#3906 = DIRECTION('',(1.,0.,0.));
#3907 = DIRECTION('',(0.,-1.,0.));
#3908 = DEFINITIONAL_REPRESENTATION('',(#3909),#3913);
#3909 = LINE('',#3910,#3911);
#3910 = CARTESIAN_POINT('',(-8.881784197001E-16,-0.3));
#3911 = VECTOR('',#3912,1.);
#3912 = DIRECTION('',(1.,0.));
#3913 = ( GEOMETRIC_REPRESENTATION_CONTEXT(2) 
PARAMETRIC_REPRESENTATION_CONTEXT() REPRESENTATION_CONTEXT('2D SPACE',''
  ) );
#3914 = FACE_BOUND('',#3915,.T.);
#3915 = EDGE_LOOP('',(#3916,#3948,#3976,#4004,#4032,#4060,#4088,#4118,
    #4148,#4178,#4208,#4238,#4268,#4298,#4328,#4356,#4386,#4416,#4446,
    #4476,#4506,#4536));
#3916 = ORIENTED_EDGE('',*,*,#3917,.T.);
#3917 = EDGE_CURVE('',#3918,#3920,#3922,.T.);
#3918 = VERTEX_POINT('',#3919);
#3919 = CARTESIAN_POINT('',(6.22177734375,-4.547265625,3.));
#3920 = VERTEX_POINT('',#3921);
#3921 = CARTESIAN_POINT('',(6.125390625,-4.580078125,3.));
#3922 = SURFACE_CURVE('',#3923,(#3927,#3934),.PCURVE_S1.);
#3923 = B_SPLINE_CURVE_WITH_KNOTS('',2,(#3924,#3925,#3926),
  .UNSPECIFIED.,.F.,.F.,(3,3),(0.,1.),.PIECEWISE_BEZIER_KNOTS.);
#3924 = CARTESIAN_POINT('',(6.22177734375,-4.547265625,3.));
#3925 = CARTESIAN_POINT('',(6.174609375,-4.5578125,3.));
#3926 = CARTESIAN_POINT('',(6.125390625,-4.580078125,3.));
#3927 = PCURVE('',#100,#3928);
#3928 = DEFINITIONAL_REPRESENTATION('',(#3929),#3933);
#3929 = B_SPLINE_CURVE_WITH_KNOTS('',2,(#3930,#3931,#3932),
  .UNSPECIFIED.,.F.,.F.,(3,3),(0.,1.),.PIECEWISE_BEZIER_KNOTS.);
#3930 = CARTESIAN_POINT('',(6.22177734375,-4.547265625));
#3931 = CARTESIAN_POINT('',(6.174609375,-4.5578125));
#3932 = CARTESIAN_POINT('',(6.125390625,-4.580078125));
#3933 = ( GEOMETRIC_REPRESENTATION_CONTEXT(2) 
PARAMETRIC_REPRESENTATION_CONTEXT() REPRESENTATION_CONTEXT('2D SPACE',''
  ) );
#3934 = PCURVE('',#3935,#3942);
#3935 = SURFACE_OF_LINEAR_EXTRUSION('',#3936,#3940);
#3936 = B_SPLINE_CURVE_WITH_KNOTS('',2,(#3937,#3938,#3939),
  .UNSPECIFIED.,.F.,.F.,(3,3),(0.,1.),.PIECEWISE_BEZIER_KNOTS.);
#3937 = CARTESIAN_POINT('',(6.22177734375,-4.547265625,2.7));
#3938 = CARTESIAN_POINT('',(6.174609375,-4.5578125,2.7));
#3939 = CARTESIAN_POINT('',(6.125390625,-4.580078125,2.7));
#3940 = VECTOR('',#3941,1.);
#3941 = DIRECTION('',(-0.,-0.,-1.));
#3942 = DEFINITIONAL_REPRESENTATION('',(#3943),#3947);
#3943 = LINE('',#3944,#3945);
#3944 = CARTESIAN_POINT('',(0.,-0.3));
#3945 = VECTOR('',#3946,1.);
#3946 = DIRECTION('',(1.,0.));
#3947 = ( GEOMETRIC_REPRESENTATION_CONTEXT(2) 
PARAMETRIC_REPRESENTATION_CONTEXT() REPRESENTATION_CONTEXT('2D SPACE',''
  ) );
#3948 = ORIENTED_EDGE('',*,*,#3949,.T.);
#3949 = EDGE_CURVE('',#3920,#3950,#3952,.T.);
#3950 = VERTEX_POINT('',#3951);
#3951 = CARTESIAN_POINT('',(6.125390625,-4.140625,3.));
#3952 = SURFACE_CURVE('',#3953,(#3957,#3964),.PCURVE_S1.);
#3953 = LINE('',#3954,#3955);
#3954 = CARTESIAN_POINT('',(6.125390625,-4.580078125,3.));
#3955 = VECTOR('',#3956,1.);
#3956 = DIRECTION('',(0.,1.,0.));
#3957 = PCURVE('',#100,#3958);
#3958 = DEFINITIONAL_REPRESENTATION('',(#3959),#3963);
#3959 = LINE('',#3960,#3961);
#3960 = CARTESIAN_POINT('',(6.125390625,-4.580078125));
#3961 = VECTOR('',#3962,1.);
#3962 = DIRECTION('',(0.,1.));
#3963 = ( GEOMETRIC_REPRESENTATION_CONTEXT(2) 
PARAMETRIC_REPRESENTATION_CONTEXT() REPRESENTATION_CONTEXT('2D SPACE',''
  ) );
#3964 = PCURVE('',#3965,#3970);
#3965 = PLANE('',#3966);
#3966 = AXIS2_PLACEMENT_3D('',#3967,#3968,#3969);
#3967 = CARTESIAN_POINT('',(6.125390625,-4.580078125,2.7));
#3968 = DIRECTION('',(-1.,0.,0.));
#3969 = DIRECTION('',(0.,1.,0.));
#3970 = DEFINITIONAL_REPRESENTATION('',(#3971),#3975);
#3971 = LINE('',#3972,#3973);
#3972 = CARTESIAN_POINT('',(8.881784197001E-16,-0.3));
#3973 = VECTOR('',#3974,1.);
#3974 = DIRECTION('',(1.,0.));
#3975 = ( GEOMETRIC_REPRESENTATION_CONTEXT(2) 
PARAMETRIC_REPRESENTATION_CONTEXT() REPRESENTATION_CONTEXT('2D SPACE',''
  ) );
#3976 = ORIENTED_EDGE('',*,*,#3977,.T.);
#3977 = EDGE_CURVE('',#3950,#3978,#3980,.T.);
#3978 = VERTEX_POINT('',#3979);
#3979 = CARTESIAN_POINT('',(6.5900390625,-4.140625,3.));
#3980 = SURFACE_CURVE('',#3981,(#3985,#3992),.PCURVE_S1.);
#3981 = LINE('',#3982,#3983);
#3982 = CARTESIAN_POINT('',(6.125390625,-4.140625,3.));
#3983 = VECTOR('',#3984,1.);
#3984 = DIRECTION('',(1.,0.,0.));
#3985 = PCURVE('',#100,#3986);
#3986 = DEFINITIONAL_REPRESENTATION('',(#3987),#3991);
#3987 = LINE('',#3988,#3989);
#3988 = CARTESIAN_POINT('',(6.125390625,-4.140625));
#3989 = VECTOR('',#3990,1.);
#3990 = DIRECTION('',(1.,0.));
#3991 = ( GEOMETRIC_REPRESENTATION_CONTEXT(2) 
PARAMETRIC_REPRESENTATION_CONTEXT() REPRESENTATION_CONTEXT('2D SPACE',''
  ) );
#3992 = PCURVE('',#3993,#3998);
#3993 = PLANE('',#3994);
#3994 = AXIS2_PLACEMENT_3D('',#3995,#3996,#3997);
#3995 = CARTESIAN_POINT('',(6.125390625,-4.140625,2.7));
#3996 = DIRECTION('',(0.,1.,0.));
#3997 = DIRECTION('',(1.,0.,0.));
#3998 = DEFINITIONAL_REPRESENTATION('',(#3999),#4003);
#3999 = LINE('',#4000,#4001);
#4000 = CARTESIAN_POINT('',(8.881784197001E-16,-0.3));
#4001 = VECTOR('',#4002,1.);
#4002 = DIRECTION('',(1.,0.));
#4003 = ( GEOMETRIC_REPRESENTATION_CONTEXT(2) 
PARAMETRIC_REPRESENTATION_CONTEXT() REPRESENTATION_CONTEXT('2D SPACE',''
  ) );
#4004 = ORIENTED_EDGE('',*,*,#4005,.T.);
#4005 = EDGE_CURVE('',#3978,#4006,#4008,.T.);
#4006 = VERTEX_POINT('',#4007);
#4007 = CARTESIAN_POINT('',(6.5900390625,-4.240234375,3.));
#4008 = SURFACE_CURVE('',#4009,(#4013,#4020),.PCURVE_S1.);
#4009 = LINE('',#4010,#4011);
#4010 = CARTESIAN_POINT('',(6.5900390625,-4.140625,3.));
#4011 = VECTOR('',#4012,1.);
#4012 = DIRECTION('',(0.,-1.,0.));
#4013 = PCURVE('',#100,#4014);
#4014 = DEFINITIONAL_REPRESENTATION('',(#4015),#4019);
#4015 = LINE('',#4016,#4017);
#4016 = CARTESIAN_POINT('',(6.5900390625,-4.140625));
#4017 = VECTOR('',#4018,1.);
#4018 = DIRECTION('',(0.,-1.));
#4019 = ( GEOMETRIC_REPRESENTATION_CONTEXT(2) 
PARAMETRIC_REPRESENTATION_CONTEXT() REPRESENTATION_CONTEXT('2D SPACE',''
  ) );
#4020 = PCURVE('',#4021,#4026);
#4021 = PLANE('',#4022);
#4022 = AXIS2_PLACEMENT_3D('',#4023,#4024,#4025);
#4023 = CARTESIAN_POINT('',(6.5900390625,-4.140625,2.7));
#4024 = DIRECTION('',(1.,0.,0.));
#4025 = DIRECTION('',(0.,-1.,0.));
#4026 = DEFINITIONAL_REPRESENTATION('',(#4027),#4031);
#4027 = LINE('',#4028,#4029);
#4028 = CARTESIAN_POINT('',(-8.881784197001E-16,-0.3));
#4029 = VECTOR('',#4030,1.);
#4030 = DIRECTION('',(1.,0.));
#4031 = ( GEOMETRIC_REPRESENTATION_CONTEXT(2) 
PARAMETRIC_REPRESENTATION_CONTEXT() REPRESENTATION_CONTEXT('2D SPACE',''
  ) );
#4032 = ORIENTED_EDGE('',*,*,#4033,.T.);
#4033 = EDGE_CURVE('',#4006,#4034,#4036,.T.);
#4034 = VERTEX_POINT('',#4035);
#4035 = CARTESIAN_POINT('',(6.2337890625,-4.240234375,3.));
#4036 = SURFACE_CURVE('',#4037,(#4041,#4048),.PCURVE_S1.);
#4037 = LINE('',#4038,#4039);
#4038 = CARTESIAN_POINT('',(6.5900390625,-4.240234375,3.));
#4039 = VECTOR('',#4040,1.);
#4040 = DIRECTION('',(-1.,0.,0.));
#4041 = PCURVE('',#100,#4042);
#4042 = DEFINITIONAL_REPRESENTATION('',(#4043),#4047);
#4043 = LINE('',#4044,#4045);
#4044 = CARTESIAN_POINT('',(6.5900390625,-4.240234375));
#4045 = VECTOR('',#4046,1.);
#4046 = DIRECTION('',(-1.,0.));
#4047 = ( GEOMETRIC_REPRESENTATION_CONTEXT(2) 
PARAMETRIC_REPRESENTATION_CONTEXT() REPRESENTATION_CONTEXT('2D SPACE',''
  ) );
#4048 = PCURVE('',#4049,#4054);
#4049 = PLANE('',#4050);
#4050 = AXIS2_PLACEMENT_3D('',#4051,#4052,#4053);
#4051 = CARTESIAN_POINT('',(6.5900390625,-4.240234375,2.7));
#4052 = DIRECTION('',(0.,-1.,0.));
#4053 = DIRECTION('',(-1.,0.,0.));
#4054 = DEFINITIONAL_REPRESENTATION('',(#4055),#4059);
#4055 = LINE('',#4056,#4057);
#4056 = CARTESIAN_POINT('',(0.,-0.3));
#4057 = VECTOR('',#4058,1.);
#4058 = DIRECTION('',(1.,0.));
#4059 = ( GEOMETRIC_REPRESENTATION_CONTEXT(2) 
PARAMETRIC_REPRESENTATION_CONTEXT() REPRESENTATION_CONTEXT('2D SPACE',''
  ) );
#4060 = ORIENTED_EDGE('',*,*,#4061,.T.);
#4061 = EDGE_CURVE('',#4034,#4062,#4064,.T.);
#4062 = VERTEX_POINT('',#4063);
#4063 = CARTESIAN_POINT('',(6.2337890625,-4.4546875,3.));
#4064 = SURFACE_CURVE('',#4065,(#4069,#4076),.PCURVE_S1.);
#4065 = LINE('',#4066,#4067);
#4066 = CARTESIAN_POINT('',(6.2337890625,-4.240234375,3.));
#4067 = VECTOR('',#4068,1.);
#4068 = DIRECTION('',(0.,-1.,0.));
#4069 = PCURVE('',#100,#4070);
#4070 = DEFINITIONAL_REPRESENTATION('',(#4071),#4075);
#4071 = LINE('',#4072,#4073);
#4072 = CARTESIAN_POINT('',(6.2337890625,-4.240234375));
#4073 = VECTOR('',#4074,1.);
#4074 = DIRECTION('',(0.,-1.));
#4075 = ( GEOMETRIC_REPRESENTATION_CONTEXT(2) 
PARAMETRIC_REPRESENTATION_CONTEXT() REPRESENTATION_CONTEXT('2D SPACE',''
  ) );
#4076 = PCURVE('',#4077,#4082);
#4077 = PLANE('',#4078);
#4078 = AXIS2_PLACEMENT_3D('',#4079,#4080,#4081);
#4079 = CARTESIAN_POINT('',(6.2337890625,-4.240234375,2.7));
#4080 = DIRECTION('',(1.,0.,0.));
#4081 = DIRECTION('',(0.,-1.,0.));
#4082 = DEFINITIONAL_REPRESENTATION('',(#4083),#4087);
#4083 = LINE('',#4084,#4085);
#4084 = CARTESIAN_POINT('',(-8.881784197001E-16,-0.3));
#4085 = VECTOR('',#4086,1.);
#4086 = DIRECTION('',(1.,0.));
#4087 = ( GEOMETRIC_REPRESENTATION_CONTEXT(2) 
PARAMETRIC_REPRESENTATION_CONTEXT() REPRESENTATION_CONTEXT('2D SPACE',''
  ) );
#4088 = ORIENTED_EDGE('',*,*,#4089,.T.);
#4089 = EDGE_CURVE('',#4062,#4090,#4092,.T.);
#4090 = VERTEX_POINT('',#4091);
#4091 = CARTESIAN_POINT('',(6.2853515625,-4.44150390625,3.));
#4092 = SURFACE_CURVE('',#4093,(#4097,#4104),.PCURVE_S1.);
#4093 = B_SPLINE_CURVE_WITH_KNOTS('',2,(#4094,#4095,#4096),
  .UNSPECIFIED.,.F.,.F.,(3,3),(0.,1.),.PIECEWISE_BEZIER_KNOTS.);
#4094 = CARTESIAN_POINT('',(6.2337890625,-4.4546875,3.));
#4095 = CARTESIAN_POINT('',(6.2595703125,-4.4458984375,3.));
#4096 = CARTESIAN_POINT('',(6.2853515625,-4.44150390625,3.));
#4097 = PCURVE('',#100,#4098);
#4098 = DEFINITIONAL_REPRESENTATION('',(#4099),#4103);
#4099 = B_SPLINE_CURVE_WITH_KNOTS('',2,(#4100,#4101,#4102),
  .UNSPECIFIED.,.F.,.F.,(3,3),(0.,1.),.PIECEWISE_BEZIER_KNOTS.);
#4100 = CARTESIAN_POINT('',(6.2337890625,-4.4546875));
#4101 = CARTESIAN_POINT('',(6.2595703125,-4.4458984375));
#4102 = CARTESIAN_POINT('',(6.2853515625,-4.44150390625));
#4103 = ( GEOMETRIC_REPRESENTATION_CONTEXT(2) 
PARAMETRIC_REPRESENTATION_CONTEXT() REPRESENTATION_CONTEXT('2D SPACE',''
  ) );
#4104 = PCURVE('',#4105,#4112);
#4105 = SURFACE_OF_LINEAR_EXTRUSION('',#4106,#4110);
#4106 = B_SPLINE_CURVE_WITH_KNOTS('',2,(#4107,#4108,#4109),
  .UNSPECIFIED.,.F.,.F.,(3,3),(0.,1.),.PIECEWISE_BEZIER_KNOTS.);
#4107 = CARTESIAN_POINT('',(6.2337890625,-4.4546875,2.7));
#4108 = CARTESIAN_POINT('',(6.2595703125,-4.4458984375,2.7));
#4109 = CARTESIAN_POINT('',(6.2853515625,-4.44150390625,2.7));
#4110 = VECTOR('',#4111,1.);
#4111 = DIRECTION('',(-0.,-0.,-1.));
#4112 = DEFINITIONAL_REPRESENTATION('',(#4113),#4117);
#4113 = LINE('',#4114,#4115);
#4114 = CARTESIAN_POINT('',(0.,-0.3));
#4115 = VECTOR('',#4116,1.);
#4116 = DIRECTION('',(1.,0.));
#4117 = ( GEOMETRIC_REPRESENTATION_CONTEXT(2) 
PARAMETRIC_REPRESENTATION_CONTEXT() REPRESENTATION_CONTEXT('2D SPACE',''
  ) );
#4118 = ORIENTED_EDGE('',*,*,#4119,.T.);
#4119 = EDGE_CURVE('',#4090,#4120,#4122,.T.);
#4120 = VERTEX_POINT('',#4121);
#4121 = CARTESIAN_POINT('',(6.3369140625,-4.437109375,3.));
#4122 = SURFACE_CURVE('',#4123,(#4127,#4134),.PCURVE_S1.);
#4123 = B_SPLINE_CURVE_WITH_KNOTS('',2,(#4124,#4125,#4126),
  .UNSPECIFIED.,.F.,.F.,(3,3),(0.,1.),.PIECEWISE_BEZIER_KNOTS.);
#4124 = CARTESIAN_POINT('',(6.2853515625,-4.44150390625,3.));
#4125 = CARTESIAN_POINT('',(6.3111328125,-4.437109375,3.));
#4126 = CARTESIAN_POINT('',(6.3369140625,-4.437109375,3.));
#4127 = PCURVE('',#100,#4128);
#4128 = DEFINITIONAL_REPRESENTATION('',(#4129),#4133);
#4129 = B_SPLINE_CURVE_WITH_KNOTS('',2,(#4130,#4131,#4132),
  .UNSPECIFIED.,.F.,.F.,(3,3),(0.,1.),.PIECEWISE_BEZIER_KNOTS.);
#4130 = CARTESIAN_POINT('',(6.2853515625,-4.44150390625));
#4131 = CARTESIAN_POINT('',(6.3111328125,-4.437109375));
#4132 = CARTESIAN_POINT('',(6.3369140625,-4.437109375));
#4133 = ( GEOMETRIC_REPRESENTATION_CONTEXT(2) 
PARAMETRIC_REPRESENTATION_CONTEXT() REPRESENTATION_CONTEXT('2D SPACE',''
  ) );
#4134 = PCURVE('',#4135,#4142);
#4135 = SURFACE_OF_LINEAR_EXTRUSION('',#4136,#4140);
#4136 = B_SPLINE_CURVE_WITH_KNOTS('',2,(#4137,#4138,#4139),
  .UNSPECIFIED.,.F.,.F.,(3,3),(0.,1.),.PIECEWISE_BEZIER_KNOTS.);
#4137 = CARTESIAN_POINT('',(6.2853515625,-4.44150390625,2.7));
#4138 = CARTESIAN_POINT('',(6.3111328125,-4.437109375,2.7));
#4139 = CARTESIAN_POINT('',(6.3369140625,-4.437109375,2.7));
#4140 = VECTOR('',#4141,1.);
#4141 = DIRECTION('',(-0.,-0.,-1.));
#4142 = DEFINITIONAL_REPRESENTATION('',(#4143),#4147);
#4143 = LINE('',#4144,#4145);
#4144 = CARTESIAN_POINT('',(0.,-0.3));
#4145 = VECTOR('',#4146,1.);
#4146 = DIRECTION('',(1.,0.));
#4147 = ( GEOMETRIC_REPRESENTATION_CONTEXT(2) 
PARAMETRIC_REPRESENTATION_CONTEXT() REPRESENTATION_CONTEXT('2D SPACE',''
  ) );
#4148 = ORIENTED_EDGE('',*,*,#4149,.T.);
#4149 = EDGE_CURVE('',#4120,#4150,#4152,.T.);
#4150 = VERTEX_POINT('',#4151);
#4151 = CARTESIAN_POINT('',(6.5689453125,-4.5173828125,3.));
#4152 = SURFACE_CURVE('',#4153,(#4157,#4164),.PCURVE_S1.);
#4153 = B_SPLINE_CURVE_WITH_KNOTS('',2,(#4154,#4155,#4156),
  .UNSPECIFIED.,.F.,.F.,(3,3),(0.,1.),.PIECEWISE_BEZIER_KNOTS.);
#4154 = CARTESIAN_POINT('',(6.3369140625,-4.437109375,3.));
#4155 = CARTESIAN_POINT('',(6.4833984375,-4.437109375,3.));
#4156 = CARTESIAN_POINT('',(6.5689453125,-4.5173828125,3.));
#4157 = PCURVE('',#100,#4158);
#4158 = DEFINITIONAL_REPRESENTATION('',(#4159),#4163);
#4159 = B_SPLINE_CURVE_WITH_KNOTS('',2,(#4160,#4161,#4162),
  .UNSPECIFIED.,.F.,.F.,(3,3),(0.,1.),.PIECEWISE_BEZIER_KNOTS.);
#4160 = CARTESIAN_POINT('',(6.3369140625,-4.437109375));
#4161 = CARTESIAN_POINT('',(6.4833984375,-4.437109375));
#4162 = CARTESIAN_POINT('',(6.5689453125,-4.5173828125));
#4163 = ( GEOMETRIC_REPRESENTATION_CONTEXT(2) 
PARAMETRIC_REPRESENTATION_CONTEXT() REPRESENTATION_CONTEXT('2D SPACE',''
  ) );
#4164 = PCURVE('',#4165,#4172);
#4165 = SURFACE_OF_LINEAR_EXTRUSION('',#4166,#4170);
#4166 = B_SPLINE_CURVE_WITH_KNOTS('',2,(#4167,#4168,#4169),
  .UNSPECIFIED.,.F.,.F.,(3,3),(0.,1.),.PIECEWISE_BEZIER_KNOTS.);
#4167 = CARTESIAN_POINT('',(6.3369140625,-4.437109375,2.7));
#4168 = CARTESIAN_POINT('',(6.4833984375,-4.437109375,2.7));
#4169 = CARTESIAN_POINT('',(6.5689453125,-4.5173828125,2.7));
#4170 = VECTOR('',#4171,1.);
#4171 = DIRECTION('',(-0.,-0.,-1.));
#4172 = DEFINITIONAL_REPRESENTATION('',(#4173),#4177);
#4173 = LINE('',#4174,#4175);
#4174 = CARTESIAN_POINT('',(0.,-0.3));
#4175 = VECTOR('',#4176,1.);
#4176 = DIRECTION('',(1.,0.));
#4177 = ( GEOMETRIC_REPRESENTATION_CONTEXT(2) 
PARAMETRIC_REPRESENTATION_CONTEXT() REPRESENTATION_CONTEXT('2D SPACE',''
  ) );
#4178 = ORIENTED_EDGE('',*,*,#4179,.T.);
#4179 = EDGE_CURVE('',#4150,#4180,#4182,.T.);
#4180 = VERTEX_POINT('',#4181);
#4181 = CARTESIAN_POINT('',(6.6544921875,-4.734765625,3.));
#4182 = SURFACE_CURVE('',#4183,(#4187,#4194),.PCURVE_S1.);
#4183 = B_SPLINE_CURVE_WITH_KNOTS('',2,(#4184,#4185,#4186),
  .UNSPECIFIED.,.F.,.F.,(3,3),(0.,1.),.PIECEWISE_BEZIER_KNOTS.);
#4184 = CARTESIAN_POINT('',(6.5689453125,-4.5173828125,3.));
#4185 = CARTESIAN_POINT('',(6.6544921875,-4.59765625,3.));
#4186 = CARTESIAN_POINT('',(6.6544921875,-4.734765625,3.));
#4187 = PCURVE('',#100,#4188);
#4188 = DEFINITIONAL_REPRESENTATION('',(#4189),#4193);
#4189 = B_SPLINE_CURVE_WITH_KNOTS('',2,(#4190,#4191,#4192),
  .UNSPECIFIED.,.F.,.F.,(3,3),(0.,1.),.PIECEWISE_BEZIER_KNOTS.);
#4190 = CARTESIAN_POINT('',(6.5689453125,-4.5173828125));
#4191 = CARTESIAN_POINT('',(6.6544921875,-4.59765625));
#4192 = CARTESIAN_POINT('',(6.6544921875,-4.734765625));
#4193 = ( GEOMETRIC_REPRESENTATION_CONTEXT(2) 
PARAMETRIC_REPRESENTATION_CONTEXT() REPRESENTATION_CONTEXT('2D SPACE',''
  ) );
#4194 = PCURVE('',#4195,#4202);
#4195 = SURFACE_OF_LINEAR_EXTRUSION('',#4196,#4200);
#4196 = B_SPLINE_CURVE_WITH_KNOTS('',2,(#4197,#4198,#4199),
  .UNSPECIFIED.,.F.,.F.,(3,3),(0.,1.),.PIECEWISE_BEZIER_KNOTS.);
#4197 = CARTESIAN_POINT('',(6.5689453125,-4.5173828125,2.7));
#4198 = CARTESIAN_POINT('',(6.6544921875,-4.59765625,2.7));
#4199 = CARTESIAN_POINT('',(6.6544921875,-4.734765625,2.7));
#4200 = VECTOR('',#4201,1.);
#4201 = DIRECTION('',(-0.,-0.,-1.));
#4202 = DEFINITIONAL_REPRESENTATION('',(#4203),#4207);
#4203 = LINE('',#4204,#4205);
#4204 = CARTESIAN_POINT('',(0.,-0.3));
#4205 = VECTOR('',#4206,1.);
#4206 = DIRECTION('',(1.,0.));
#4207 = ( GEOMETRIC_REPRESENTATION_CONTEXT(2) 
PARAMETRIC_REPRESENTATION_CONTEXT() REPRESENTATION_CONTEXT('2D SPACE',''
  ) );
#4208 = ORIENTED_EDGE('',*,*,#4209,.T.);
#4209 = EDGE_CURVE('',#4180,#4210,#4212,.T.);
#4210 = VERTEX_POINT('',#4211);
#4211 = CARTESIAN_POINT('',(6.5666015625,-4.95419921875,3.));
#4212 = SURFACE_CURVE('',#4213,(#4217,#4224),.PCURVE_S1.);
#4213 = B_SPLINE_CURVE_WITH_KNOTS('',2,(#4214,#4215,#4216),
  .UNSPECIFIED.,.F.,.F.,(3,3),(0.,1.),.PIECEWISE_BEZIER_KNOTS.);
#4214 = CARTESIAN_POINT('',(6.6544921875,-4.734765625,3.));
#4215 = CARTESIAN_POINT('',(6.6544921875,-4.8759765625,3.));
#4216 = CARTESIAN_POINT('',(6.5666015625,-4.95419921875,3.));
#4217 = PCURVE('',#100,#4218);
#4218 = DEFINITIONAL_REPRESENTATION('',(#4219),#4223);
#4219 = B_SPLINE_CURVE_WITH_KNOTS('',2,(#4220,#4221,#4222),
  .UNSPECIFIED.,.F.,.F.,(3,3),(0.,1.),.PIECEWISE_BEZIER_KNOTS.);
#4220 = CARTESIAN_POINT('',(6.6544921875,-4.734765625));
#4221 = CARTESIAN_POINT('',(6.6544921875,-4.8759765625));
#4222 = CARTESIAN_POINT('',(6.5666015625,-4.95419921875));
#4223 = ( GEOMETRIC_REPRESENTATION_CONTEXT(2) 
PARAMETRIC_REPRESENTATION_CONTEXT() REPRESENTATION_CONTEXT('2D SPACE',''
  ) );
#4224 = PCURVE('',#4225,#4232);
#4225 = SURFACE_OF_LINEAR_EXTRUSION('',#4226,#4230);
#4226 = B_SPLINE_CURVE_WITH_KNOTS('',2,(#4227,#4228,#4229),
  .UNSPECIFIED.,.F.,.F.,(3,3),(0.,1.),.PIECEWISE_BEZIER_KNOTS.);
#4227 = CARTESIAN_POINT('',(6.6544921875,-4.734765625,2.7));
#4228 = CARTESIAN_POINT('',(6.6544921875,-4.8759765625,2.7));
#4229 = CARTESIAN_POINT('',(6.5666015625,-4.95419921875,2.7));
#4230 = VECTOR('',#4231,1.);
#4231 = DIRECTION('',(-0.,-0.,-1.));
#4232 = DEFINITIONAL_REPRESENTATION('',(#4233),#4237);
#4233 = LINE('',#4234,#4235);
#4234 = CARTESIAN_POINT('',(0.,-0.3));
#4235 = VECTOR('',#4236,1.);
#4236 = DIRECTION('',(1.,0.));
#4237 = ( GEOMETRIC_REPRESENTATION_CONTEXT(2) 
PARAMETRIC_REPRESENTATION_CONTEXT() REPRESENTATION_CONTEXT('2D SPACE',''
  ) );
#4238 = ORIENTED_EDGE('',*,*,#4239,.T.);
#4239 = EDGE_CURVE('',#4210,#4240,#4242,.T.);
#4240 = VERTEX_POINT('',#4241);
#4241 = CARTESIAN_POINT('',(6.31875,-5.032421875,3.));
#4242 = SURFACE_CURVE('',#4243,(#4247,#4254),.PCURVE_S1.);
#4243 = B_SPLINE_CURVE_WITH_KNOTS('',2,(#4244,#4245,#4246),
  .UNSPECIFIED.,.F.,.F.,(3,3),(0.,1.),.PIECEWISE_BEZIER_KNOTS.);
#4244 = CARTESIAN_POINT('',(6.5666015625,-4.95419921875,3.));
#4245 = CARTESIAN_POINT('',(6.4787109375,-5.032421875,3.));
#4246 = CARTESIAN_POINT('',(6.31875,-5.032421875,3.));
#4247 = PCURVE('',#100,#4248);
#4248 = DEFINITIONAL_REPRESENTATION('',(#4249),#4253);
#4249 = B_SPLINE_CURVE_WITH_KNOTS('',2,(#4250,#4251,#4252),
  .UNSPECIFIED.,.F.,.F.,(3,3),(0.,1.),.PIECEWISE_BEZIER_KNOTS.);
#4250 = CARTESIAN_POINT('',(6.5666015625,-4.95419921875));
#4251 = CARTESIAN_POINT('',(6.4787109375,-5.032421875));
#4252 = CARTESIAN_POINT('',(6.31875,-5.032421875));
#4253 = ( GEOMETRIC_REPRESENTATION_CONTEXT(2) 
PARAMETRIC_REPRESENTATION_CONTEXT() REPRESENTATION_CONTEXT('2D SPACE',''
  ) );
#4254 = PCURVE('',#4255,#4262);
#4255 = SURFACE_OF_LINEAR_EXTRUSION('',#4256,#4260);
#4256 = B_SPLINE_CURVE_WITH_KNOTS('',2,(#4257,#4258,#4259),
  .UNSPECIFIED.,.F.,.F.,(3,3),(0.,1.),.PIECEWISE_BEZIER_KNOTS.);
#4257 = CARTESIAN_POINT('',(6.5666015625,-4.95419921875,2.7));
#4258 = CARTESIAN_POINT('',(6.4787109375,-5.032421875,2.7));
#4259 = CARTESIAN_POINT('',(6.31875,-5.032421875,2.7));
#4260 = VECTOR('',#4261,1.);
#4261 = DIRECTION('',(-0.,-0.,-1.));
#4262 = DEFINITIONAL_REPRESENTATION('',(#4263),#4267);
#4263 = LINE('',#4264,#4265);
#4264 = CARTESIAN_POINT('',(0.,-0.3));
#4265 = VECTOR('',#4266,1.);
#4266 = DIRECTION('',(1.,0.));
#4267 = ( GEOMETRIC_REPRESENTATION_CONTEXT(2) 
PARAMETRIC_REPRESENTATION_CONTEXT() REPRESENTATION_CONTEXT('2D SPACE',''
  ) );
#4268 = ORIENTED_EDGE('',*,*,#4269,.T.);
#4269 = EDGE_CURVE('',#4240,#4270,#4272,.T.);
#4270 = VERTEX_POINT('',#4271);
#4271 = CARTESIAN_POINT('',(6.20654296875,-5.023046875,3.));
#4272 = SURFACE_CURVE('',#4273,(#4277,#4284),.PCURVE_S1.);
#4273 = B_SPLINE_CURVE_WITH_KNOTS('',2,(#4274,#4275,#4276),
  .UNSPECIFIED.,.F.,.F.,(3,3),(0.,1.),.PIECEWISE_BEZIER_KNOTS.);
#4274 = CARTESIAN_POINT('',(6.31875,-5.032421875,3.));
#4275 = CARTESIAN_POINT('',(6.263671875,-5.032421875,3.));
#4276 = CARTESIAN_POINT('',(6.20654296875,-5.023046875,3.));
#4277 = PCURVE('',#100,#4278);
#4278 = DEFINITIONAL_REPRESENTATION('',(#4279),#4283);
#4279 = B_SPLINE_CURVE_WITH_KNOTS('',2,(#4280,#4281,#4282),
  .UNSPECIFIED.,.F.,.F.,(3,3),(0.,1.),.PIECEWISE_BEZIER_KNOTS.);
#4280 = CARTESIAN_POINT('',(6.31875,-5.032421875));
#4281 = CARTESIAN_POINT('',(6.263671875,-5.032421875));
#4282 = CARTESIAN_POINT('',(6.20654296875,-5.023046875));
#4283 = ( GEOMETRIC_REPRESENTATION_CONTEXT(2) 
PARAMETRIC_REPRESENTATION_CONTEXT() REPRESENTATION_CONTEXT('2D SPACE',''
  ) );
#4284 = PCURVE('',#4285,#4292);
#4285 = SURFACE_OF_LINEAR_EXTRUSION('',#4286,#4290);
#4286 = B_SPLINE_CURVE_WITH_KNOTS('',2,(#4287,#4288,#4289),
  .UNSPECIFIED.,.F.,.F.,(3,3),(0.,1.),.PIECEWISE_BEZIER_KNOTS.);
#4287 = CARTESIAN_POINT('',(6.31875,-5.032421875,2.7));
#4288 = CARTESIAN_POINT('',(6.263671875,-5.032421875,2.7));
#4289 = CARTESIAN_POINT('',(6.20654296875,-5.023046875,2.7));
#4290 = VECTOR('',#4291,1.);
#4291 = DIRECTION('',(-0.,-0.,-1.));
#4292 = DEFINITIONAL_REPRESENTATION('',(#4293),#4297);
#4293 = LINE('',#4294,#4295);
#4294 = CARTESIAN_POINT('',(0.,-0.3));
#4295 = VECTOR('',#4296,1.);
#4296 = DIRECTION('',(1.,0.));
#4297 = ( GEOMETRIC_REPRESENTATION_CONTEXT(2) 
PARAMETRIC_REPRESENTATION_CONTEXT() REPRESENTATION_CONTEXT('2D SPACE',''
  ) );
#4298 = ORIENTED_EDGE('',*,*,#4299,.T.);
#4299 = EDGE_CURVE('',#4270,#4300,#4302,.T.);
#4300 = VERTEX_POINT('',#4301);
#4301 = CARTESIAN_POINT('',(6.0884765625,-4.994921875,3.));
#4302 = SURFACE_CURVE('',#4303,(#4307,#4314),.PCURVE_S1.);
#4303 = B_SPLINE_CURVE_WITH_KNOTS('',2,(#4304,#4305,#4306),
  .UNSPECIFIED.,.F.,.F.,(3,3),(0.,1.),.PIECEWISE_BEZIER_KNOTS.);
#4304 = CARTESIAN_POINT('',(6.20654296875,-5.023046875,3.));
#4305 = CARTESIAN_POINT('',(6.1494140625,-5.013671875,3.));
#4306 = CARTESIAN_POINT('',(6.0884765625,-4.994921875,3.));
#4307 = PCURVE('',#100,#4308);
#4308 = DEFINITIONAL_REPRESENTATION('',(#4309),#4313);
#4309 = B_SPLINE_CURVE_WITH_KNOTS('',2,(#4310,#4311,#4312),
  .UNSPECIFIED.,.F.,.F.,(3,3),(0.,1.),.PIECEWISE_BEZIER_KNOTS.);
#4310 = CARTESIAN_POINT('',(6.20654296875,-5.023046875));
#4311 = CARTESIAN_POINT('',(6.1494140625,-5.013671875));
#4312 = CARTESIAN_POINT('',(6.0884765625,-4.994921875));
#4313 = ( GEOMETRIC_REPRESENTATION_CONTEXT(2) 
PARAMETRIC_REPRESENTATION_CONTEXT() REPRESENTATION_CONTEXT('2D SPACE',''
  ) );
#4314 = PCURVE('',#4315,#4322);
#4315 = SURFACE_OF_LINEAR_EXTRUSION('',#4316,#4320);
#4316 = B_SPLINE_CURVE_WITH_KNOTS('',2,(#4317,#4318,#4319),
  .UNSPECIFIED.,.F.,.F.,(3,3),(0.,1.),.PIECEWISE_BEZIER_KNOTS.);
#4317 = CARTESIAN_POINT('',(6.20654296875,-5.023046875,2.7));
#4318 = CARTESIAN_POINT('',(6.1494140625,-5.013671875,2.7));
#4319 = CARTESIAN_POINT('',(6.0884765625,-4.994921875,2.7));
#4320 = VECTOR('',#4321,1.);
#4321 = DIRECTION('',(-0.,-0.,-1.));
#4322 = DEFINITIONAL_REPRESENTATION('',(#4323),#4327);
#4323 = LINE('',#4324,#4325);
#4324 = CARTESIAN_POINT('',(0.,-0.3));
#4325 = VECTOR('',#4326,1.);
#4326 = DIRECTION('',(1.,0.));
#4327 = ( GEOMETRIC_REPRESENTATION_CONTEXT(2) 
PARAMETRIC_REPRESENTATION_CONTEXT() REPRESENTATION_CONTEXT('2D SPACE',''
  ) );
#4328 = ORIENTED_EDGE('',*,*,#4329,.T.);
#4329 = EDGE_CURVE('',#4300,#4330,#4332,.T.);
#4330 = VERTEX_POINT('',#4331);
#4331 = CARTESIAN_POINT('',(6.0884765625,-4.8759765625,3.));
#4332 = SURFACE_CURVE('',#4333,(#4337,#4344),.PCURVE_S1.);
#4333 = LINE('',#4334,#4335);
#4334 = CARTESIAN_POINT('',(6.0884765625,-4.994921875,3.));
#4335 = VECTOR('',#4336,1.);
#4336 = DIRECTION('',(0.,1.,0.));
#4337 = PCURVE('',#100,#4338);
#4338 = DEFINITIONAL_REPRESENTATION('',(#4339),#4343);
#4339 = LINE('',#4340,#4341);
#4340 = CARTESIAN_POINT('',(6.0884765625,-4.994921875));
#4341 = VECTOR('',#4342,1.);
#4342 = DIRECTION('',(0.,1.));
#4343 = ( GEOMETRIC_REPRESENTATION_CONTEXT(2) 
PARAMETRIC_REPRESENTATION_CONTEXT() REPRESENTATION_CONTEXT('2D SPACE',''
  ) );
#4344 = PCURVE('',#4345,#4350);
#4345 = PLANE('',#4346);
#4346 = AXIS2_PLACEMENT_3D('',#4347,#4348,#4349);
#4347 = CARTESIAN_POINT('',(6.0884765625,-4.994921875,2.7));
#4348 = DIRECTION('',(-1.,0.,0.));
#4349 = DIRECTION('',(0.,1.,0.));
#4350 = DEFINITIONAL_REPRESENTATION('',(#4351),#4355);
#4351 = LINE('',#4352,#4353);
#4352 = CARTESIAN_POINT('',(0.,-0.3));
#4353 = VECTOR('',#4354,1.);
#4354 = DIRECTION('',(1.,0.));
#4355 = ( GEOMETRIC_REPRESENTATION_CONTEXT(2) 
PARAMETRIC_REPRESENTATION_CONTEXT() REPRESENTATION_CONTEXT('2D SPACE',''
  ) );
#4356 = ORIENTED_EDGE('',*,*,#4357,.T.);
#4357 = EDGE_CURVE('',#4330,#4358,#4360,.T.);
#4358 = VERTEX_POINT('',#4359);
#4359 = CARTESIAN_POINT('',(6.1974609375,-4.91875,3.));
#4360 = SURFACE_CURVE('',#4361,(#4365,#4372),.PCURVE_S1.);
#4361 = B_SPLINE_CURVE_WITH_KNOTS('',2,(#4362,#4363,#4364),
  .UNSPECIFIED.,.F.,.F.,(3,3),(0.,1.),.PIECEWISE_BEZIER_KNOTS.);
#4362 = CARTESIAN_POINT('',(6.0884765625,-4.8759765625,3.));
#4363 = CARTESIAN_POINT('',(6.1412109375,-4.9046875,3.));
#4364 = CARTESIAN_POINT('',(6.1974609375,-4.91875,3.));
#4365 = PCURVE('',#100,#4366);
#4366 = DEFINITIONAL_REPRESENTATION('',(#4367),#4371);
#4367 = B_SPLINE_CURVE_WITH_KNOTS('',2,(#4368,#4369,#4370),
  .UNSPECIFIED.,.F.,.F.,(3,3),(0.,1.),.PIECEWISE_BEZIER_KNOTS.);
#4368 = CARTESIAN_POINT('',(6.0884765625,-4.8759765625));
#4369 = CARTESIAN_POINT('',(6.1412109375,-4.9046875));
#4370 = CARTESIAN_POINT('',(6.1974609375,-4.91875));
#4371 = ( GEOMETRIC_REPRESENTATION_CONTEXT(2) 
PARAMETRIC_REPRESENTATION_CONTEXT() REPRESENTATION_CONTEXT('2D SPACE',''
  ) );
#4372 = PCURVE('',#4373,#4380);
#4373 = SURFACE_OF_LINEAR_EXTRUSION('',#4374,#4378);
#4374 = B_SPLINE_CURVE_WITH_KNOTS('',2,(#4375,#4376,#4377),
  .UNSPECIFIED.,.F.,.F.,(3,3),(0.,1.),.PIECEWISE_BEZIER_KNOTS.);
#4375 = CARTESIAN_POINT('',(6.0884765625,-4.8759765625,2.7));
#4376 = CARTESIAN_POINT('',(6.1412109375,-4.9046875,2.7));
#4377 = CARTESIAN_POINT('',(6.1974609375,-4.91875,2.7));
#4378 = VECTOR('',#4379,1.);
#4379 = DIRECTION('',(-0.,-0.,-1.));
#4380 = DEFINITIONAL_REPRESENTATION('',(#4381),#4385);
#4381 = LINE('',#4382,#4383);
#4382 = CARTESIAN_POINT('',(0.,-0.3));
#4383 = VECTOR('',#4384,1.);
#4384 = DIRECTION('',(1.,0.));
#4385 = ( GEOMETRIC_REPRESENTATION_CONTEXT(2) 
PARAMETRIC_REPRESENTATION_CONTEXT() REPRESENTATION_CONTEXT('2D SPACE',''
  ) );
#4386 = ORIENTED_EDGE('',*,*,#4387,.T.);
#4387 = EDGE_CURVE('',#4358,#4388,#4390,.T.);
#4388 = VERTEX_POINT('',#4389);
#4389 = CARTESIAN_POINT('',(6.31640625,-4.9328125,3.));
#4390 = SURFACE_CURVE('',#4391,(#4395,#4402),.PCURVE_S1.);
#4391 = B_SPLINE_CURVE_WITH_KNOTS('',2,(#4392,#4393,#4394),
  .UNSPECIFIED.,.F.,.F.,(3,3),(0.,1.),.PIECEWISE_BEZIER_KNOTS.);
#4392 = CARTESIAN_POINT('',(6.1974609375,-4.91875,3.));
#4393 = CARTESIAN_POINT('',(6.2537109375,-4.9328125,3.));
#4394 = CARTESIAN_POINT('',(6.31640625,-4.9328125,3.));
#4395 = PCURVE('',#100,#4396);
#4396 = DEFINITIONAL_REPRESENTATION('',(#4397),#4401);
#4397 = B_SPLINE_CURVE_WITH_KNOTS('',2,(#4398,#4399,#4400),
  .UNSPECIFIED.,.F.,.F.,(3,3),(0.,1.),.PIECEWISE_BEZIER_KNOTS.);
#4398 = CARTESIAN_POINT('',(6.1974609375,-4.91875));
#4399 = CARTESIAN_POINT('',(6.2537109375,-4.9328125));
#4400 = CARTESIAN_POINT('',(6.31640625,-4.9328125));
#4401 = ( GEOMETRIC_REPRESENTATION_CONTEXT(2) 
PARAMETRIC_REPRESENTATION_CONTEXT() REPRESENTATION_CONTEXT('2D SPACE',''
  ) );
#4402 = PCURVE('',#4403,#4410);
#4403 = SURFACE_OF_LINEAR_EXTRUSION('',#4404,#4408);
#4404 = B_SPLINE_CURVE_WITH_KNOTS('',2,(#4405,#4406,#4407),
  .UNSPECIFIED.,.F.,.F.,(3,3),(0.,1.),.PIECEWISE_BEZIER_KNOTS.);
#4405 = CARTESIAN_POINT('',(6.1974609375,-4.91875,2.7));
#4406 = CARTESIAN_POINT('',(6.2537109375,-4.9328125,2.7));
#4407 = CARTESIAN_POINT('',(6.31640625,-4.9328125,2.7));
#4408 = VECTOR('',#4409,1.);
#4409 = DIRECTION('',(-0.,-0.,-1.));
#4410 = DEFINITIONAL_REPRESENTATION('',(#4411),#4415);
#4411 = LINE('',#4412,#4413);
#4412 = CARTESIAN_POINT('',(0.,-0.3));
#4413 = VECTOR('',#4414,1.);
#4414 = DIRECTION('',(1.,0.));
#4415 = ( GEOMETRIC_REPRESENTATION_CONTEXT(2) 
PARAMETRIC_REPRESENTATION_CONTEXT() REPRESENTATION_CONTEXT('2D SPACE',''
  ) );
#4416 = ORIENTED_EDGE('',*,*,#4417,.T.);
#4417 = EDGE_CURVE('',#4388,#4418,#4420,.T.);
#4418 = VERTEX_POINT('',#4419);
#4419 = CARTESIAN_POINT('',(6.476953125,-4.8794921875,3.));
#4420 = SURFACE_CURVE('',#4421,(#4425,#4432),.PCURVE_S1.);
#4421 = B_SPLINE_CURVE_WITH_KNOTS('',2,(#4422,#4423,#4424),
  .UNSPECIFIED.,.F.,.F.,(3,3),(0.,1.),.PIECEWISE_BEZIER_KNOTS.);
#4422 = CARTESIAN_POINT('',(6.31640625,-4.9328125,3.));
#4423 = CARTESIAN_POINT('',(6.4177734375,-4.9328125,3.));
#4424 = CARTESIAN_POINT('',(6.476953125,-4.8794921875,3.));
#4425 = PCURVE('',#100,#4426);
#4426 = DEFINITIONAL_REPRESENTATION('',(#4427),#4431);
#4427 = B_SPLINE_CURVE_WITH_KNOTS('',2,(#4428,#4429,#4430),
  .UNSPECIFIED.,.F.,.F.,(3,3),(0.,1.),.PIECEWISE_BEZIER_KNOTS.);
#4428 = CARTESIAN_POINT('',(6.31640625,-4.9328125));
#4429 = CARTESIAN_POINT('',(6.4177734375,-4.9328125));
#4430 = CARTESIAN_POINT('',(6.476953125,-4.8794921875));
#4431 = ( GEOMETRIC_REPRESENTATION_CONTEXT(2) 
PARAMETRIC_REPRESENTATION_CONTEXT() REPRESENTATION_CONTEXT('2D SPACE',''
  ) );
#4432 = PCURVE('',#4433,#4440);
#4433 = SURFACE_OF_LINEAR_EXTRUSION('',#4434,#4438);
#4434 = B_SPLINE_CURVE_WITH_KNOTS('',2,(#4435,#4436,#4437),
  .UNSPECIFIED.,.F.,.F.,(3,3),(0.,1.),.PIECEWISE_BEZIER_KNOTS.);
#4435 = CARTESIAN_POINT('',(6.31640625,-4.9328125,2.7));
#4436 = CARTESIAN_POINT('',(6.4177734375,-4.9328125,2.7));
#4437 = CARTESIAN_POINT('',(6.476953125,-4.8794921875,2.7));
#4438 = VECTOR('',#4439,1.);
#4439 = DIRECTION('',(-0.,-0.,-1.));
#4440 = DEFINITIONAL_REPRESENTATION('',(#4441),#4445);
#4441 = LINE('',#4442,#4443);
#4442 = CARTESIAN_POINT('',(0.,-0.3));
#4443 = VECTOR('',#4444,1.);
#4444 = DIRECTION('',(1.,0.));
#4445 = ( GEOMETRIC_REPRESENTATION_CONTEXT(2) 
PARAMETRIC_REPRESENTATION_CONTEXT() REPRESENTATION_CONTEXT('2D SPACE',''
  ) );
#4446 = ORIENTED_EDGE('',*,*,#4447,.T.);
#4447 = EDGE_CURVE('',#4418,#4448,#4450,.T.);
#4448 = VERTEX_POINT('',#4449);
#4449 = CARTESIAN_POINT('',(6.5361328125,-4.734765625,3.));
#4450 = SURFACE_CURVE('',#4451,(#4455,#4462),.PCURVE_S1.);
#4451 = B_SPLINE_CURVE_WITH_KNOTS('',2,(#4452,#4453,#4454),
  .UNSPECIFIED.,.F.,.F.,(3,3),(0.,1.),.PIECEWISE_BEZIER_KNOTS.);
#4452 = CARTESIAN_POINT('',(6.476953125,-4.8794921875,3.));
#4453 = CARTESIAN_POINT('',(6.5361328125,-4.826171875,3.));
#4454 = CARTESIAN_POINT('',(6.5361328125,-4.734765625,3.));
#4455 = PCURVE('',#100,#4456);
#4456 = DEFINITIONAL_REPRESENTATION('',(#4457),#4461);
#4457 = B_SPLINE_CURVE_WITH_KNOTS('',2,(#4458,#4459,#4460),
  .UNSPECIFIED.,.F.,.F.,(3,3),(0.,1.),.PIECEWISE_BEZIER_KNOTS.);
#4458 = CARTESIAN_POINT('',(6.476953125,-4.8794921875));
#4459 = CARTESIAN_POINT('',(6.5361328125,-4.826171875));
#4460 = CARTESIAN_POINT('',(6.5361328125,-4.734765625));
#4461 = ( GEOMETRIC_REPRESENTATION_CONTEXT(2) 
PARAMETRIC_REPRESENTATION_CONTEXT() REPRESENTATION_CONTEXT('2D SPACE',''
  ) );
#4462 = PCURVE('',#4463,#4470);
#4463 = SURFACE_OF_LINEAR_EXTRUSION('',#4464,#4468);
#4464 = B_SPLINE_CURVE_WITH_KNOTS('',2,(#4465,#4466,#4467),
  .UNSPECIFIED.,.F.,.F.,(3,3),(0.,1.),.PIECEWISE_BEZIER_KNOTS.);
#4465 = CARTESIAN_POINT('',(6.476953125,-4.8794921875,2.7));
#4466 = CARTESIAN_POINT('',(6.5361328125,-4.826171875,2.7));
#4467 = CARTESIAN_POINT('',(6.5361328125,-4.734765625,2.7));
#4468 = VECTOR('',#4469,1.);
#4469 = DIRECTION('',(-0.,-0.,-1.));
#4470 = DEFINITIONAL_REPRESENTATION('',(#4471),#4475);
#4471 = LINE('',#4472,#4473);
#4472 = CARTESIAN_POINT('',(0.,-0.3));
#4473 = VECTOR('',#4474,1.);
#4474 = DIRECTION('',(1.,0.));
#4475 = ( GEOMETRIC_REPRESENTATION_CONTEXT(2) 
PARAMETRIC_REPRESENTATION_CONTEXT() REPRESENTATION_CONTEXT('2D SPACE',''
  ) );
#4476 = ORIENTED_EDGE('',*,*,#4477,.T.);
#4477 = EDGE_CURVE('',#4448,#4478,#4480,.T.);
#4478 = VERTEX_POINT('',#4479);
#4479 = CARTESIAN_POINT('',(6.476953125,-4.5900390625,3.));
#4480 = SURFACE_CURVE('',#4481,(#4485,#4492),.PCURVE_S1.);
#4481 = B_SPLINE_CURVE_WITH_KNOTS('',2,(#4482,#4483,#4484),
  .UNSPECIFIED.,.F.,.F.,(3,3),(0.,1.),.PIECEWISE_BEZIER_KNOTS.);
#4482 = CARTESIAN_POINT('',(6.5361328125,-4.734765625,3.));
#4483 = CARTESIAN_POINT('',(6.5361328125,-4.643359375,3.));
#4484 = CARTESIAN_POINT('',(6.476953125,-4.5900390625,3.));
#4485 = PCURVE('',#100,#4486);
#4486 = DEFINITIONAL_REPRESENTATION('',(#4487),#4491);
#4487 = B_SPLINE_CURVE_WITH_KNOTS('',2,(#4488,#4489,#4490),
  .UNSPECIFIED.,.F.,.F.,(3,3),(0.,1.),.PIECEWISE_BEZIER_KNOTS.);
#4488 = CARTESIAN_POINT('',(6.5361328125,-4.734765625));
#4489 = CARTESIAN_POINT('',(6.5361328125,-4.643359375));
#4490 = CARTESIAN_POINT('',(6.476953125,-4.5900390625));
#4491 = ( GEOMETRIC_REPRESENTATION_CONTEXT(2) 
PARAMETRIC_REPRESENTATION_CONTEXT() REPRESENTATION_CONTEXT('2D SPACE',''
  ) );
#4492 = PCURVE('',#4493,#4500);
#4493 = SURFACE_OF_LINEAR_EXTRUSION('',#4494,#4498);
#4494 = B_SPLINE_CURVE_WITH_KNOTS('',2,(#4495,#4496,#4497),
  .UNSPECIFIED.,.F.,.F.,(3,3),(0.,1.),.PIECEWISE_BEZIER_KNOTS.);
#4495 = CARTESIAN_POINT('',(6.5361328125,-4.734765625,2.7));
#4496 = CARTESIAN_POINT('',(6.5361328125,-4.643359375,2.7));
#4497 = CARTESIAN_POINT('',(6.476953125,-4.5900390625,2.7));
#4498 = VECTOR('',#4499,1.);
#4499 = DIRECTION('',(-0.,-0.,-1.));
#4500 = DEFINITIONAL_REPRESENTATION('',(#4501),#4505);
#4501 = LINE('',#4502,#4503);
#4502 = CARTESIAN_POINT('',(0.,-0.3));
#4503 = VECTOR('',#4504,1.);
#4504 = DIRECTION('',(1.,0.));
#4505 = ( GEOMETRIC_REPRESENTATION_CONTEXT(2) 
PARAMETRIC_REPRESENTATION_CONTEXT() REPRESENTATION_CONTEXT('2D SPACE',''
  ) );
#4506 = ORIENTED_EDGE('',*,*,#4507,.T.);
#4507 = EDGE_CURVE('',#4478,#4508,#4510,.T.);
#4508 = VERTEX_POINT('',#4509);
#4509 = CARTESIAN_POINT('',(6.31640625,-4.53671875,3.));
#4510 = SURFACE_CURVE('',#4511,(#4515,#4522),.PCURVE_S1.);
#4511 = B_SPLINE_CURVE_WITH_KNOTS('',2,(#4512,#4513,#4514),
  .UNSPECIFIED.,.F.,.F.,(3,3),(0.,1.),.PIECEWISE_BEZIER_KNOTS.);
#4512 = CARTESIAN_POINT('',(6.476953125,-4.5900390625,3.));
#4513 = CARTESIAN_POINT('',(6.4177734375,-4.53671875,3.));
#4514 = CARTESIAN_POINT('',(6.31640625,-4.53671875,3.));
#4515 = PCURVE('',#100,#4516);
#4516 = DEFINITIONAL_REPRESENTATION('',(#4517),#4521);
#4517 = B_SPLINE_CURVE_WITH_KNOTS('',2,(#4518,#4519,#4520),
  .UNSPECIFIED.,.F.,.F.,(3,3),(0.,1.),.PIECEWISE_BEZIER_KNOTS.);
#4518 = CARTESIAN_POINT('',(6.476953125,-4.5900390625));
#4519 = CARTESIAN_POINT('',(6.4177734375,-4.53671875));
#4520 = CARTESIAN_POINT('',(6.31640625,-4.53671875));
#4521 = ( GEOMETRIC_REPRESENTATION_CONTEXT(2) 
PARAMETRIC_REPRESENTATION_CONTEXT() REPRESENTATION_CONTEXT('2D SPACE',''
  ) );
#4522 = PCURVE('',#4523,#4530);
#4523 = SURFACE_OF_LINEAR_EXTRUSION('',#4524,#4528);
#4524 = B_SPLINE_CURVE_WITH_KNOTS('',2,(#4525,#4526,#4527),
  .UNSPECIFIED.,.F.,.F.,(3,3),(0.,1.),.PIECEWISE_BEZIER_KNOTS.);
#4525 = CARTESIAN_POINT('',(6.476953125,-4.5900390625,2.7));
#4526 = CARTESIAN_POINT('',(6.4177734375,-4.53671875,2.7));
#4527 = CARTESIAN_POINT('',(6.31640625,-4.53671875,2.7));
#4528 = VECTOR('',#4529,1.);
#4529 = DIRECTION('',(-0.,-0.,-1.));
#4530 = DEFINITIONAL_REPRESENTATION('',(#4531),#4535);
#4531 = LINE('',#4532,#4533);
#4532 = CARTESIAN_POINT('',(0.,-0.3));
#4533 = VECTOR('',#4534,1.);
#4534 = DIRECTION('',(1.,0.));
#4535 = ( GEOMETRIC_REPRESENTATION_CONTEXT(2) 
PARAMETRIC_REPRESENTATION_CONTEXT() REPRESENTATION_CONTEXT('2D SPACE',''
  ) );
#4536 = ORIENTED_EDGE('',*,*,#4537,.T.);
#4537 = EDGE_CURVE('',#4508,#3918,#4538,.T.);
#4538 = SURFACE_CURVE('',#4539,(#4543,#4550),.PCURVE_S1.);
#4539 = B_SPLINE_CURVE_WITH_KNOTS('',2,(#4540,#4541,#4542),
  .UNSPECIFIED.,.F.,.F.,(3,3),(0.,1.),.PIECEWISE_BEZIER_KNOTS.);
#4540 = CARTESIAN_POINT('',(6.31640625,-4.53671875,3.));
#4541 = CARTESIAN_POINT('',(6.2689453125,-4.53671875,3.));
#4542 = CARTESIAN_POINT('',(6.22177734375,-4.547265625,3.));
#4543 = PCURVE('',#100,#4544);
#4544 = DEFINITIONAL_REPRESENTATION('',(#4545),#4549);
#4545 = B_SPLINE_CURVE_WITH_KNOTS('',2,(#4546,#4547,#4548),
  .UNSPECIFIED.,.F.,.F.,(3,3),(0.,1.),.PIECEWISE_BEZIER_KNOTS.);
#4546 = CARTESIAN_POINT('',(6.31640625,-4.53671875));
#4547 = CARTESIAN_POINT('',(6.2689453125,-4.53671875));
#4548 = CARTESIAN_POINT('',(6.22177734375,-4.547265625));
#4549 = ( GEOMETRIC_REPRESENTATION_CONTEXT(2) 
PARAMETRIC_REPRESENTATION_CONTEXT() REPRESENTATION_CONTEXT('2D SPACE',''
  ) );
#4550 = PCURVE('',#4551,#4558);
#4551 = SURFACE_OF_LINEAR_EXTRUSION('',#4552,#4556);
#4552 = B_SPLINE_CURVE_WITH_KNOTS('',2,(#4553,#4554,#4555),
  .UNSPECIFIED.,.F.,.F.,(3,3),(0.,1.),.PIECEWISE_BEZIER_KNOTS.);
#4553 = CARTESIAN_POINT('',(6.31640625,-4.53671875,2.7));
#4554 = CARTESIAN_POINT('',(6.2689453125,-4.53671875,2.7));
#4555 = CARTESIAN_POINT('',(6.22177734375,-4.547265625,2.7));
#4556 = VECTOR('',#4557,1.);
#4557 = DIRECTION('',(-0.,-0.,-1.));
#4558 = DEFINITIONAL_REPRESENTATION('',(#4559),#4563);
#4559 = LINE('',#4560,#4561);
#4560 = CARTESIAN_POINT('',(0.,-0.3));
#4561 = VECTOR('',#4562,1.);
#4562 = DIRECTION('',(1.,0.));
#4563 = ( GEOMETRIC_REPRESENTATION_CONTEXT(2) 
PARAMETRIC_REPRESENTATION_CONTEXT() REPRESENTATION_CONTEXT('2D SPACE',''
  ) );
#4564 = FACE_BOUND('',#4565,.T.);
#4565 = EDGE_LOOP('',(#4566,#4596,#4624,#4652));
#4566 = ORIENTED_EDGE('',*,*,#4567,.T.);
#4567 = EDGE_CURVE('',#4568,#4570,#4572,.T.);
#4568 = VERTEX_POINT('',#4569);
#4569 = CARTESIAN_POINT('',(7.011328125,-5.0154296875,3.));
#4570 = VERTEX_POINT('',#4571);
#4571 = CARTESIAN_POINT('',(6.8876953125,-5.0154296875,3.));
#4572 = SURFACE_CURVE('',#4573,(#4577,#4584),.PCURVE_S1.);
#4573 = LINE('',#4574,#4575);
#4574 = CARTESIAN_POINT('',(7.011328125,-5.0154296875,3.));
#4575 = VECTOR('',#4576,1.);
#4576 = DIRECTION('',(-1.,0.,0.));
#4577 = PCURVE('',#100,#4578);
#4578 = DEFINITIONAL_REPRESENTATION('',(#4579),#4583);
#4579 = LINE('',#4580,#4581);
#4580 = CARTESIAN_POINT('',(7.011328125,-5.0154296875));
#4581 = VECTOR('',#4582,1.);
#4582 = DIRECTION('',(-1.,0.));
#4583 = ( GEOMETRIC_REPRESENTATION_CONTEXT(2) 
PARAMETRIC_REPRESENTATION_CONTEXT() REPRESENTATION_CONTEXT('2D SPACE',''
  ) );
#4584 = PCURVE('',#4585,#4590);
#4585 = PLANE('',#4586);
#4586 = AXIS2_PLACEMENT_3D('',#4587,#4588,#4589);
#4587 = CARTESIAN_POINT('',(7.011328125,-5.0154296875,2.7));
#4588 = DIRECTION('',(0.,-1.,0.));
#4589 = DIRECTION('',(-1.,0.,0.));
#4590 = DEFINITIONAL_REPRESENTATION('',(#4591),#4595);
#4591 = LINE('',#4592,#4593);
#4592 = CARTESIAN_POINT('',(0.,-0.3));
#4593 = VECTOR('',#4594,1.);
#4594 = DIRECTION('',(1.,0.));
#4595 = ( GEOMETRIC_REPRESENTATION_CONTEXT(2) 
PARAMETRIC_REPRESENTATION_CONTEXT() REPRESENTATION_CONTEXT('2D SPACE',''
  ) );
#4596 = ORIENTED_EDGE('',*,*,#4597,.T.);
#4597 = EDGE_CURVE('',#4570,#4598,#4600,.T.);
#4598 = VERTEX_POINT('',#4599);
#4599 = CARTESIAN_POINT('',(6.8876953125,-4.8666015625,3.));
#4600 = SURFACE_CURVE('',#4601,(#4605,#4612),.PCURVE_S1.);
#4601 = LINE('',#4602,#4603);
#4602 = CARTESIAN_POINT('',(6.8876953125,-5.0154296875,3.));
#4603 = VECTOR('',#4604,1.);
#4604 = DIRECTION('',(0.,1.,0.));
#4605 = PCURVE('',#100,#4606);
#4606 = DEFINITIONAL_REPRESENTATION('',(#4607),#4611);
#4607 = LINE('',#4608,#4609);
#4608 = CARTESIAN_POINT('',(6.8876953125,-5.0154296875));
#4609 = VECTOR('',#4610,1.);
#4610 = DIRECTION('',(0.,1.));
#4611 = ( GEOMETRIC_REPRESENTATION_CONTEXT(2) 
PARAMETRIC_REPRESENTATION_CONTEXT() REPRESENTATION_CONTEXT('2D SPACE',''
  ) );
#4612 = PCURVE('',#4613,#4618);
#4613 = PLANE('',#4614);
#4614 = AXIS2_PLACEMENT_3D('',#4615,#4616,#4617);
#4615 = CARTESIAN_POINT('',(6.8876953125,-5.0154296875,2.7));
#4616 = DIRECTION('',(-1.,0.,0.));
#4617 = DIRECTION('',(0.,1.,0.));
#4618 = DEFINITIONAL_REPRESENTATION('',(#4619),#4623);
#4619 = LINE('',#4620,#4621);
#4620 = CARTESIAN_POINT('',(0.,-0.3));
#4621 = VECTOR('',#4622,1.);
#4622 = DIRECTION('',(1.,0.));
#4623 = ( GEOMETRIC_REPRESENTATION_CONTEXT(2) 
PARAMETRIC_REPRESENTATION_CONTEXT() REPRESENTATION_CONTEXT('2D SPACE',''
  ) );
#4624 = ORIENTED_EDGE('',*,*,#4625,.T.);
#4625 = EDGE_CURVE('',#4598,#4626,#4628,.T.);
#4626 = VERTEX_POINT('',#4627);
#4627 = CARTESIAN_POINT('',(7.011328125,-4.8666015625,3.));
#4628 = SURFACE_CURVE('',#4629,(#4633,#4640),.PCURVE_S1.);
#4629 = LINE('',#4630,#4631);
#4630 = CARTESIAN_POINT('',(6.8876953125,-4.8666015625,3.));
#4631 = VECTOR('',#4632,1.);
#4632 = DIRECTION('',(1.,0.,0.));
#4633 = PCURVE('',#100,#4634);
#4634 = DEFINITIONAL_REPRESENTATION('',(#4635),#4639);
#4635 = LINE('',#4636,#4637);
#4636 = CARTESIAN_POINT('',(6.8876953125,-4.8666015625));
#4637 = VECTOR('',#4638,1.);
#4638 = DIRECTION('',(1.,0.));
#4639 = ( GEOMETRIC_REPRESENTATION_CONTEXT(2) 
PARAMETRIC_REPRESENTATION_CONTEXT() REPRESENTATION_CONTEXT('2D SPACE',''
  ) );
#4640 = PCURVE('',#4641,#4646);
#4641 = PLANE('',#4642);
#4642 = AXIS2_PLACEMENT_3D('',#4643,#4644,#4645);
#4643 = CARTESIAN_POINT('',(6.8876953125,-4.8666015625,2.7));
#4644 = DIRECTION('',(0.,1.,0.));
#4645 = DIRECTION('',(1.,0.,0.));
#4646 = DEFINITIONAL_REPRESENTATION('',(#4647),#4651);
#4647 = LINE('',#4648,#4649);
#4648 = CARTESIAN_POINT('',(0.,-0.3));
#4649 = VECTOR('',#4650,1.);
#4650 = DIRECTION('',(1.,0.));
#4651 = ( GEOMETRIC_REPRESENTATION_CONTEXT(2) 
PARAMETRIC_REPRESENTATION_CONTEXT() REPRESENTATION_CONTEXT('2D SPACE',''
  ) );
#4652 = ORIENTED_EDGE('',*,*,#4653,.T.);
#4653 = EDGE_CURVE('',#4626,#4568,#4654,.T.);
#4654 = SURFACE_CURVE('',#4655,(#4659,#4666),.PCURVE_S1.);
#4655 = LINE('',#4656,#4657);
#4656 = CARTESIAN_POINT('',(7.011328125,-4.8666015625,3.));
#4657 = VECTOR('',#4658,1.);
#4658 = DIRECTION('',(0.,-1.,0.));
#4659 = PCURVE('',#100,#4660);
#4660 = DEFINITIONAL_REPRESENTATION('',(#4661),#4665);
#4661 = LINE('',#4662,#4663);
#4662 = CARTESIAN_POINT('',(7.011328125,-4.8666015625));
#4663 = VECTOR('',#4664,1.);
#4664 = DIRECTION('',(0.,-1.));
#4665 = ( GEOMETRIC_REPRESENTATION_CONTEXT(2) 
PARAMETRIC_REPRESENTATION_CONTEXT() REPRESENTATION_CONTEXT('2D SPACE',''
  ) );
#4666 = PCURVE('',#4667,#4672);
#4667 = PLANE('',#4668);
#4668 = AXIS2_PLACEMENT_3D('',#4669,#4670,#4671);
#4669 = CARTESIAN_POINT('',(7.011328125,-4.8666015625,2.7));
#4670 = DIRECTION('',(1.,0.,0.));
#4671 = DIRECTION('',(0.,-1.,0.));
#4672 = DEFINITIONAL_REPRESENTATION('',(#4673),#4677);
#4673 = LINE('',#4674,#4675);
#4674 = CARTESIAN_POINT('',(0.,-0.3));
#4675 = VECTOR('',#4676,1.);
#4676 = DIRECTION('',(1.,0.));
#4677 = ( GEOMETRIC_REPRESENTATION_CONTEXT(2) 
PARAMETRIC_REPRESENTATION_CONTEXT() REPRESENTATION_CONTEXT('2D SPACE',''
  ) );
#4678 = FACE_BOUND('',#4679,.T.);
#4679 = EDGE_LOOP('',(#4680,#4712,#4740,#4768,#4796,#4824,#4854,#4884,
    #4914,#4944,#4974,#5004,#5034,#5064,#5092,#5122,#5152,#5182,#5212,
    #5242,#5272));
#4680 = ORIENTED_EDGE('',*,*,#4681,.T.);
#4681 = EDGE_CURVE('',#4682,#4684,#4686,.T.);
#4682 = VERTEX_POINT('',#4683);
#4683 = CARTESIAN_POINT('',(7.592578125,-4.68876953125,3.));
#4684 = VERTEX_POINT('',#4685);
#4685 = CARTESIAN_POINT('',(7.37109375,-4.9158203125,3.));
#4686 = SURFACE_CURVE('',#4687,(#4691,#4698),.PCURVE_S1.);
#4687 = B_SPLINE_CURVE_WITH_KNOTS('',2,(#4688,#4689,#4690),
  .UNSPECIFIED.,.F.,.F.,(3,3),(0.,1.),.PIECEWISE_BEZIER_KNOTS.);
#4688 = CARTESIAN_POINT('',(7.592578125,-4.68876953125,3.));
#4689 = CARTESIAN_POINT('',(7.5140625,-4.769921875,3.));
#4690 = CARTESIAN_POINT('',(7.37109375,-4.9158203125,3.));
#4691 = PCURVE('',#100,#4692);
#4692 = DEFINITIONAL_REPRESENTATION('',(#4693),#4697);
#4693 = B_SPLINE_CURVE_WITH_KNOTS('',2,(#4694,#4695,#4696),
  .UNSPECIFIED.,.F.,.F.,(3,3),(0.,1.),.PIECEWISE_BEZIER_KNOTS.);
#4694 = CARTESIAN_POINT('',(7.592578125,-4.68876953125));
#4695 = CARTESIAN_POINT('',(7.5140625,-4.769921875));
#4696 = CARTESIAN_POINT('',(7.37109375,-4.9158203125));
#4697 = ( GEOMETRIC_REPRESENTATION_CONTEXT(2) 
PARAMETRIC_REPRESENTATION_CONTEXT() REPRESENTATION_CONTEXT('2D SPACE',''
  ) );
#4698 = PCURVE('',#4699,#4706);
#4699 = SURFACE_OF_LINEAR_EXTRUSION('',#4700,#4704);
#4700 = B_SPLINE_CURVE_WITH_KNOTS('',2,(#4701,#4702,#4703),
  .UNSPECIFIED.,.F.,.F.,(3,3),(0.,1.),.PIECEWISE_BEZIER_KNOTS.);
#4701 = CARTESIAN_POINT('',(7.592578125,-4.68876953125,2.7));
#4702 = CARTESIAN_POINT('',(7.5140625,-4.769921875,2.7));
#4703 = CARTESIAN_POINT('',(7.37109375,-4.9158203125,2.7));
#4704 = VECTOR('',#4705,1.);
#4705 = DIRECTION('',(-0.,-0.,-1.));
#4706 = DEFINITIONAL_REPRESENTATION('',(#4707),#4711);
#4707 = LINE('',#4708,#4709);
#4708 = CARTESIAN_POINT('',(0.,-0.3));
#4709 = VECTOR('',#4710,1.);
#4710 = DIRECTION('',(1.,0.));
#4711 = ( GEOMETRIC_REPRESENTATION_CONTEXT(2) 
PARAMETRIC_REPRESENTATION_CONTEXT() REPRESENTATION_CONTEXT('2D SPACE',''
  ) );
#4712 = ORIENTED_EDGE('',*,*,#4713,.T.);
#4713 = EDGE_CURVE('',#4684,#4714,#4716,.T.);
#4714 = VERTEX_POINT('',#4715);
#4715 = CARTESIAN_POINT('',(7.7841796875,-4.9158203125,3.));
#4716 = SURFACE_CURVE('',#4717,(#4721,#4728),.PCURVE_S1.);
#4717 = LINE('',#4718,#4719);
#4718 = CARTESIAN_POINT('',(7.37109375,-4.9158203125,3.));
#4719 = VECTOR('',#4720,1.);
#4720 = DIRECTION('',(1.,0.,0.));
#4721 = PCURVE('',#100,#4722);
#4722 = DEFINITIONAL_REPRESENTATION('',(#4723),#4727);
#4723 = LINE('',#4724,#4725);
#4724 = CARTESIAN_POINT('',(7.37109375,-4.9158203125));
#4725 = VECTOR('',#4726,1.);
#4726 = DIRECTION('',(1.,0.));
#4727 = ( GEOMETRIC_REPRESENTATION_CONTEXT(2) 
PARAMETRIC_REPRESENTATION_CONTEXT() REPRESENTATION_CONTEXT('2D SPACE',''
  ) );
#4728 = PCURVE('',#4729,#4734);
#4729 = PLANE('',#4730);
#4730 = AXIS2_PLACEMENT_3D('',#4731,#4732,#4733);
#4731 = CARTESIAN_POINT('',(7.37109375,-4.9158203125,2.7));
#4732 = DIRECTION('',(0.,1.,0.));
#4733 = DIRECTION('',(1.,0.,0.));
#4734 = DEFINITIONAL_REPRESENTATION('',(#4735),#4739);
#4735 = LINE('',#4736,#4737);
#4736 = CARTESIAN_POINT('',(0.,-0.3));
#4737 = VECTOR('',#4738,1.);
#4738 = DIRECTION('',(1.,0.));
#4739 = ( GEOMETRIC_REPRESENTATION_CONTEXT(2) 
PARAMETRIC_REPRESENTATION_CONTEXT() REPRESENTATION_CONTEXT('2D SPACE',''
  ) );
#4740 = ORIENTED_EDGE('',*,*,#4741,.T.);
#4741 = EDGE_CURVE('',#4714,#4742,#4744,.T.);
#4742 = VERTEX_POINT('',#4743);
#4743 = CARTESIAN_POINT('',(7.7841796875,-5.0154296875,3.));
#4744 = SURFACE_CURVE('',#4745,(#4749,#4756),.PCURVE_S1.);
#4745 = LINE('',#4746,#4747);
#4746 = CARTESIAN_POINT('',(7.7841796875,-4.9158203125,3.));
#4747 = VECTOR('',#4748,1.);
#4748 = DIRECTION('',(0.,-1.,0.));
#4749 = PCURVE('',#100,#4750);
#4750 = DEFINITIONAL_REPRESENTATION('',(#4751),#4755);
#4751 = LINE('',#4752,#4753);
#4752 = CARTESIAN_POINT('',(7.7841796875,-4.9158203125));
#4753 = VECTOR('',#4754,1.);
#4754 = DIRECTION('',(0.,-1.));
#4755 = ( GEOMETRIC_REPRESENTATION_CONTEXT(2) 
PARAMETRIC_REPRESENTATION_CONTEXT() REPRESENTATION_CONTEXT('2D SPACE',''
  ) );
#4756 = PCURVE('',#4757,#4762);
#4757 = PLANE('',#4758);
#4758 = AXIS2_PLACEMENT_3D('',#4759,#4760,#4761);
#4759 = CARTESIAN_POINT('',(7.7841796875,-4.9158203125,2.7));
#4760 = DIRECTION('',(1.,0.,0.));
#4761 = DIRECTION('',(0.,-1.,0.));
#4762 = DEFINITIONAL_REPRESENTATION('',(#4763),#4767);
#4763 = LINE('',#4764,#4765);
#4764 = CARTESIAN_POINT('',(0.,-0.3));
#4765 = VECTOR('',#4766,1.);
#4766 = DIRECTION('',(1.,0.));
#4767 = ( GEOMETRIC_REPRESENTATION_CONTEXT(2) 
PARAMETRIC_REPRESENTATION_CONTEXT() REPRESENTATION_CONTEXT('2D SPACE',''
  ) );
#4768 = ORIENTED_EDGE('',*,*,#4769,.T.);
#4769 = EDGE_CURVE('',#4742,#4770,#4772,.T.);
#4770 = VERTEX_POINT('',#4771);
#4771 = CARTESIAN_POINT('',(7.2287109375,-5.0154296875,3.));
#4772 = SURFACE_CURVE('',#4773,(#4777,#4784),.PCURVE_S1.);
#4773 = LINE('',#4774,#4775);
#4774 = CARTESIAN_POINT('',(7.7841796875,-5.0154296875,3.));
#4775 = VECTOR('',#4776,1.);
#4776 = DIRECTION('',(-1.,0.,0.));
#4777 = PCURVE('',#100,#4778);
#4778 = DEFINITIONAL_REPRESENTATION('',(#4779),#4783);
#4779 = LINE('',#4780,#4781);
#4780 = CARTESIAN_POINT('',(7.7841796875,-5.0154296875));
#4781 = VECTOR('',#4782,1.);
#4782 = DIRECTION('',(-1.,0.));
#4783 = ( GEOMETRIC_REPRESENTATION_CONTEXT(2) 
PARAMETRIC_REPRESENTATION_CONTEXT() REPRESENTATION_CONTEXT('2D SPACE',''
  ) );
#4784 = PCURVE('',#4785,#4790);
#4785 = PLANE('',#4786);
#4786 = AXIS2_PLACEMENT_3D('',#4787,#4788,#4789);
#4787 = CARTESIAN_POINT('',(7.7841796875,-5.0154296875,2.7));
#4788 = DIRECTION('',(0.,-1.,0.));
#4789 = DIRECTION('',(-1.,0.,0.));
#4790 = DEFINITIONAL_REPRESENTATION('',(#4791),#4795);
#4791 = LINE('',#4792,#4793);
#4792 = CARTESIAN_POINT('',(0.,-0.3));
#4793 = VECTOR('',#4794,1.);
#4794 = DIRECTION('',(1.,0.));
#4795 = ( GEOMETRIC_REPRESENTATION_CONTEXT(2) 
PARAMETRIC_REPRESENTATION_CONTEXT() REPRESENTATION_CONTEXT('2D SPACE',''
  ) );
#4796 = ORIENTED_EDGE('',*,*,#4797,.T.);
#4797 = EDGE_CURVE('',#4770,#4798,#4800,.T.);
#4798 = VERTEX_POINT('',#4799);
#4799 = CARTESIAN_POINT('',(7.2287109375,-4.9158203125,3.));
#4800 = SURFACE_CURVE('',#4801,(#4805,#4812),.PCURVE_S1.);
#4801 = LINE('',#4802,#4803);
#4802 = CARTESIAN_POINT('',(7.2287109375,-5.0154296875,3.));
#4803 = VECTOR('',#4804,1.);
#4804 = DIRECTION('',(0.,1.,0.));
#4805 = PCURVE('',#100,#4806);
#4806 = DEFINITIONAL_REPRESENTATION('',(#4807),#4811);
#4807 = LINE('',#4808,#4809);
#4808 = CARTESIAN_POINT('',(7.2287109375,-5.0154296875));
#4809 = VECTOR('',#4810,1.);
#4810 = DIRECTION('',(0.,1.));
#4811 = ( GEOMETRIC_REPRESENTATION_CONTEXT(2) 
PARAMETRIC_REPRESENTATION_CONTEXT() REPRESENTATION_CONTEXT('2D SPACE',''
  ) );
#4812 = PCURVE('',#4813,#4818);
#4813 = PLANE('',#4814);
#4814 = AXIS2_PLACEMENT_3D('',#4815,#4816,#4817);
#4815 = CARTESIAN_POINT('',(7.2287109375,-5.0154296875,2.7));
#4816 = DIRECTION('',(-1.,0.,0.));
#4817 = DIRECTION('',(0.,1.,0.));
#4818 = DEFINITIONAL_REPRESENTATION('',(#4819),#4823);
#4819 = LINE('',#4820,#4821);
#4820 = CARTESIAN_POINT('',(0.,-0.3));
#4821 = VECTOR('',#4822,1.);
#4822 = DIRECTION('',(1.,0.));
#4823 = ( GEOMETRIC_REPRESENTATION_CONTEXT(2) 
PARAMETRIC_REPRESENTATION_CONTEXT() REPRESENTATION_CONTEXT('2D SPACE',''
  ) );
#4824 = ORIENTED_EDGE('',*,*,#4825,.T.);
#4825 = EDGE_CURVE('',#4798,#4826,#4828,.T.);
#4826 = VERTEX_POINT('',#4827);
#4827 = CARTESIAN_POINT('',(7.41240234375,-4.72861328125,3.));
#4828 = SURFACE_CURVE('',#4829,(#4833,#4840),.PCURVE_S1.);
#4829 = B_SPLINE_CURVE_WITH_KNOTS('',2,(#4830,#4831,#4832),
  .UNSPECIFIED.,.F.,.F.,(3,3),(0.,1.),.PIECEWISE_BEZIER_KNOTS.);
#4830 = CARTESIAN_POINT('',(7.2287109375,-4.9158203125,3.));
#4831 = CARTESIAN_POINT('',(7.29609375,-4.84609375,3.));
#4832 = CARTESIAN_POINT('',(7.41240234375,-4.72861328125,3.));
#4833 = PCURVE('',#100,#4834);
#4834 = DEFINITIONAL_REPRESENTATION('',(#4835),#4839);
#4835 = B_SPLINE_CURVE_WITH_KNOTS('',2,(#4836,#4837,#4838),
  .UNSPECIFIED.,.F.,.F.,(3,3),(0.,1.),.PIECEWISE_BEZIER_KNOTS.);
#4836 = CARTESIAN_POINT('',(7.2287109375,-4.9158203125));
#4837 = CARTESIAN_POINT('',(7.29609375,-4.84609375));
#4838 = CARTESIAN_POINT('',(7.41240234375,-4.72861328125));
#4839 = ( GEOMETRIC_REPRESENTATION_CONTEXT(2) 
PARAMETRIC_REPRESENTATION_CONTEXT() REPRESENTATION_CONTEXT('2D SPACE',''
  ) );
#4840 = PCURVE('',#4841,#4848);
#4841 = SURFACE_OF_LINEAR_EXTRUSION('',#4842,#4846);
#4842 = B_SPLINE_CURVE_WITH_KNOTS('',2,(#4843,#4844,#4845),
  .UNSPECIFIED.,.F.,.F.,(3,3),(0.,1.),.PIECEWISE_BEZIER_KNOTS.);
#4843 = CARTESIAN_POINT('',(7.2287109375,-4.9158203125,2.7));
#4844 = CARTESIAN_POINT('',(7.29609375,-4.84609375,2.7));
#4845 = CARTESIAN_POINT('',(7.41240234375,-4.72861328125,2.7));
#4846 = VECTOR('',#4847,1.);
#4847 = DIRECTION('',(-0.,-0.,-1.));
#4848 = DEFINITIONAL_REPRESENTATION('',(#4849),#4853);
#4849 = LINE('',#4850,#4851);
#4850 = CARTESIAN_POINT('',(0.,-0.3));
#4851 = VECTOR('',#4852,1.);
#4852 = DIRECTION('',(1.,0.));
#4853 = ( GEOMETRIC_REPRESENTATION_CONTEXT(2) 
PARAMETRIC_REPRESENTATION_CONTEXT() REPRESENTATION_CONTEXT('2D SPACE',''
  ) );
#4854 = ORIENTED_EDGE('',*,*,#4855,.T.);
#4855 = EDGE_CURVE('',#4826,#4856,#4858,.T.);
#4856 = VERTEX_POINT('',#4857);
#4857 = CARTESIAN_POINT('',(7.55859375,-4.5771484375,3.));
#4858 = SURFACE_CURVE('',#4859,(#4863,#4870),.PCURVE_S1.);
#4859 = B_SPLINE_CURVE_WITH_KNOTS('',2,(#4860,#4861,#4862),
  .UNSPECIFIED.,.F.,.F.,(3,3),(0.,1.),.PIECEWISE_BEZIER_KNOTS.);
#4860 = CARTESIAN_POINT('',(7.41240234375,-4.72861328125,3.));
#4861 = CARTESIAN_POINT('',(7.5287109375,-4.6111328125,3.));
#4862 = CARTESIAN_POINT('',(7.55859375,-4.5771484375,3.));
#4863 = PCURVE('',#100,#4864);
#4864 = DEFINITIONAL_REPRESENTATION('',(#4865),#4869);
#4865 = B_SPLINE_CURVE_WITH_KNOTS('',2,(#4866,#4867,#4868),
  .UNSPECIFIED.,.F.,.F.,(3,3),(0.,1.),.PIECEWISE_BEZIER_KNOTS.);
#4866 = CARTESIAN_POINT('',(7.41240234375,-4.72861328125));
#4867 = CARTESIAN_POINT('',(7.5287109375,-4.6111328125));
#4868 = CARTESIAN_POINT('',(7.55859375,-4.5771484375));
#4869 = ( GEOMETRIC_REPRESENTATION_CONTEXT(2) 
PARAMETRIC_REPRESENTATION_CONTEXT() REPRESENTATION_CONTEXT('2D SPACE',''
  ) );
#4870 = PCURVE('',#4871,#4878);
#4871 = SURFACE_OF_LINEAR_EXTRUSION('',#4872,#4876);
#4872 = B_SPLINE_CURVE_WITH_KNOTS('',2,(#4873,#4874,#4875),
  .UNSPECIFIED.,.F.,.F.,(3,3),(0.,1.),.PIECEWISE_BEZIER_KNOTS.);
#4873 = CARTESIAN_POINT('',(7.41240234375,-4.72861328125,2.7));
#4874 = CARTESIAN_POINT('',(7.5287109375,-4.6111328125,2.7));
#4875 = CARTESIAN_POINT('',(7.55859375,-4.5771484375,2.7));
#4876 = VECTOR('',#4877,1.);
#4877 = DIRECTION('',(-0.,-0.,-1.));
#4878 = DEFINITIONAL_REPRESENTATION('',(#4879),#4883);
#4879 = LINE('',#4880,#4881);
#4880 = CARTESIAN_POINT('',(0.,-0.3));
#4881 = VECTOR('',#4882,1.);
#4882 = DIRECTION('',(1.,0.));
#4883 = ( GEOMETRIC_REPRESENTATION_CONTEXT(2) 
PARAMETRIC_REPRESENTATION_CONTEXT() REPRESENTATION_CONTEXT('2D SPACE',''
  ) );
#4884 = ORIENTED_EDGE('',*,*,#4885,.T.);
#4885 = EDGE_CURVE('',#4856,#4886,#4888,.T.);
#4886 = VERTEX_POINT('',#4887);
#4887 = CARTESIAN_POINT('',(7.63798828125,-4.46904296875,3.));
#4888 = SURFACE_CURVE('',#4889,(#4893,#4900),.PCURVE_S1.);
#4889 = B_SPLINE_CURVE_WITH_KNOTS('',2,(#4890,#4891,#4892),
  .UNSPECIFIED.,.F.,.F.,(3,3),(0.,1.),.PIECEWISE_BEZIER_KNOTS.);
#4890 = CARTESIAN_POINT('',(7.55859375,-4.5771484375,3.));
#4891 = CARTESIAN_POINT('',(7.6154296875,-4.51328125,3.));
#4892 = CARTESIAN_POINT('',(7.63798828125,-4.46904296875,3.));
#4893 = PCURVE('',#100,#4894);
#4894 = DEFINITIONAL_REPRESENTATION('',(#4895),#4899);
#4895 = B_SPLINE_CURVE_WITH_KNOTS('',2,(#4896,#4897,#4898),
  .UNSPECIFIED.,.F.,.F.,(3,3),(0.,1.),.PIECEWISE_BEZIER_KNOTS.);
#4896 = CARTESIAN_POINT('',(7.55859375,-4.5771484375));
#4897 = CARTESIAN_POINT('',(7.6154296875,-4.51328125));
#4898 = CARTESIAN_POINT('',(7.63798828125,-4.46904296875));
#4899 = ( GEOMETRIC_REPRESENTATION_CONTEXT(2) 
PARAMETRIC_REPRESENTATION_CONTEXT() REPRESENTATION_CONTEXT('2D SPACE',''
  ) );
#4900 = PCURVE('',#4901,#4908);
#4901 = SURFACE_OF_LINEAR_EXTRUSION('',#4902,#4906);
#4902 = B_SPLINE_CURVE_WITH_KNOTS('',2,(#4903,#4904,#4905),
  .UNSPECIFIED.,.F.,.F.,(3,3),(0.,1.),.PIECEWISE_BEZIER_KNOTS.);
#4903 = CARTESIAN_POINT('',(7.55859375,-4.5771484375,2.7));
#4904 = CARTESIAN_POINT('',(7.6154296875,-4.51328125,2.7));
#4905 = CARTESIAN_POINT('',(7.63798828125,-4.46904296875,2.7));
#4906 = VECTOR('',#4907,1.);
#4907 = DIRECTION('',(-0.,-0.,-1.));
#4908 = DEFINITIONAL_REPRESENTATION('',(#4909),#4913);
#4909 = LINE('',#4910,#4911);
#4910 = CARTESIAN_POINT('',(0.,-0.3));
#4911 = VECTOR('',#4912,1.);
#4912 = DIRECTION('',(1.,0.));
#4913 = ( GEOMETRIC_REPRESENTATION_CONTEXT(2) 
PARAMETRIC_REPRESENTATION_CONTEXT() REPRESENTATION_CONTEXT('2D SPACE',''
  ) );
#4914 = ORIENTED_EDGE('',*,*,#4915,.T.);
#4915 = EDGE_CURVE('',#4886,#4916,#4918,.T.);
#4916 = VERTEX_POINT('',#4917);
#4917 = CARTESIAN_POINT('',(7.660546875,-4.38203125,3.));
#4918 = SURFACE_CURVE('',#4919,(#4923,#4930),.PCURVE_S1.);
#4919 = B_SPLINE_CURVE_WITH_KNOTS('',2,(#4920,#4921,#4922),
  .UNSPECIFIED.,.F.,.F.,(3,3),(0.,1.),.PIECEWISE_BEZIER_KNOTS.);
#4920 = CARTESIAN_POINT('',(7.63798828125,-4.46904296875,3.));
#4921 = CARTESIAN_POINT('',(7.660546875,-4.4248046875,3.));
#4922 = CARTESIAN_POINT('',(7.660546875,-4.38203125,3.));
#4923 = PCURVE('',#100,#4924);
#4924 = DEFINITIONAL_REPRESENTATION('',(#4925),#4929);
#4925 = B_SPLINE_CURVE_WITH_KNOTS('',2,(#4926,#4927,#4928),
  .UNSPECIFIED.,.F.,.F.,(3,3),(0.,1.),.PIECEWISE_BEZIER_KNOTS.);
#4926 = CARTESIAN_POINT('',(7.63798828125,-4.46904296875));
#4927 = CARTESIAN_POINT('',(7.660546875,-4.4248046875));
#4928 = CARTESIAN_POINT('',(7.660546875,-4.38203125));
#4929 = ( GEOMETRIC_REPRESENTATION_CONTEXT(2) 
PARAMETRIC_REPRESENTATION_CONTEXT() REPRESENTATION_CONTEXT('2D SPACE',''
  ) );
#4930 = PCURVE('',#4931,#4938);
#4931 = SURFACE_OF_LINEAR_EXTRUSION('',#4932,#4936);
#4932 = B_SPLINE_CURVE_WITH_KNOTS('',2,(#4933,#4934,#4935),
  .UNSPECIFIED.,.F.,.F.,(3,3),(0.,1.),.PIECEWISE_BEZIER_KNOTS.);
#4933 = CARTESIAN_POINT('',(7.63798828125,-4.46904296875,2.7));
#4934 = CARTESIAN_POINT('',(7.660546875,-4.4248046875,2.7));
#4935 = CARTESIAN_POINT('',(7.660546875,-4.38203125,2.7));
#4936 = VECTOR('',#4937,1.);
#4937 = DIRECTION('',(-0.,-0.,-1.));
#4938 = DEFINITIONAL_REPRESENTATION('',(#4939),#4943);
#4939 = LINE('',#4940,#4941);
#4940 = CARTESIAN_POINT('',(0.,-0.3));
#4941 = VECTOR('',#4942,1.);
#4942 = DIRECTION('',(1.,0.));
#4943 = ( GEOMETRIC_REPRESENTATION_CONTEXT(2) 
PARAMETRIC_REPRESENTATION_CONTEXT() REPRESENTATION_CONTEXT('2D SPACE',''
  ) );
#4944 = ORIENTED_EDGE('',*,*,#4945,.T.);
#4945 = EDGE_CURVE('',#4916,#4946,#4948,.T.);
#4946 = VERTEX_POINT('',#4947);
#4947 = CARTESIAN_POINT('',(7.61162109375,-4.268359375,3.));
#4948 = SURFACE_CURVE('',#4949,(#4953,#4960),.PCURVE_S1.);
#4949 = B_SPLINE_CURVE_WITH_KNOTS('',2,(#4950,#4951,#4952),
  .UNSPECIFIED.,.F.,.F.,(3,3),(0.,1.),.PIECEWISE_BEZIER_KNOTS.);
#4950 = CARTESIAN_POINT('',(7.660546875,-4.38203125,3.));
#4951 = CARTESIAN_POINT('',(7.660546875,-4.3123046875,3.));
#4952 = CARTESIAN_POINT('',(7.61162109375,-4.268359375,3.));
#4953 = PCURVE('',#100,#4954);
#4954 = DEFINITIONAL_REPRESENTATION('',(#4955),#4959);
#4955 = B_SPLINE_CURVE_WITH_KNOTS('',2,(#4956,#4957,#4958),
  .UNSPECIFIED.,.F.,.F.,(3,3),(0.,1.),.PIECEWISE_BEZIER_KNOTS.);
#4956 = CARTESIAN_POINT('',(7.660546875,-4.38203125));
#4957 = CARTESIAN_POINT('',(7.660546875,-4.3123046875));
#4958 = CARTESIAN_POINT('',(7.61162109375,-4.268359375));
#4959 = ( GEOMETRIC_REPRESENTATION_CONTEXT(2) 
PARAMETRIC_REPRESENTATION_CONTEXT() REPRESENTATION_CONTEXT('2D SPACE',''
  ) );
#4960 = PCURVE('',#4961,#4968);
#4961 = SURFACE_OF_LINEAR_EXTRUSION('',#4962,#4966);
#4962 = B_SPLINE_CURVE_WITH_KNOTS('',2,(#4963,#4964,#4965),
  .UNSPECIFIED.,.F.,.F.,(3,3),(0.,1.),.PIECEWISE_BEZIER_KNOTS.);
#4963 = CARTESIAN_POINT('',(7.660546875,-4.38203125,2.7));
#4964 = CARTESIAN_POINT('',(7.660546875,-4.3123046875,2.7));
#4965 = CARTESIAN_POINT('',(7.61162109375,-4.268359375,2.7));
#4966 = VECTOR('',#4967,1.);
#4967 = DIRECTION('',(-0.,-0.,-1.));
#4968 = DEFINITIONAL_REPRESENTATION('',(#4969),#4973);
#4969 = LINE('',#4970,#4971);
#4970 = CARTESIAN_POINT('',(0.,-0.3));
#4971 = VECTOR('',#4972,1.);
#4972 = DIRECTION('',(1.,0.));
#4973 = ( GEOMETRIC_REPRESENTATION_CONTEXT(2) 
PARAMETRIC_REPRESENTATION_CONTEXT() REPRESENTATION_CONTEXT('2D SPACE',''
  ) );
#4974 = ORIENTED_EDGE('',*,*,#4975,.T.);
#4975 = EDGE_CURVE('',#4946,#4976,#4978,.T.);
#4976 = VERTEX_POINT('',#4977);
#4977 = CARTESIAN_POINT('',(7.4841796875,-4.2244140625,3.));
#4978 = SURFACE_CURVE('',#4979,(#4983,#4990),.PCURVE_S1.);
#4979 = B_SPLINE_CURVE_WITH_KNOTS('',2,(#4980,#4981,#4982),
  .UNSPECIFIED.,.F.,.F.,(3,3),(0.,1.),.PIECEWISE_BEZIER_KNOTS.);
#4980 = CARTESIAN_POINT('',(7.61162109375,-4.268359375,3.));
#4981 = CARTESIAN_POINT('',(7.5626953125,-4.2244140625,3.));
#4982 = CARTESIAN_POINT('',(7.4841796875,-4.2244140625,3.));
#4983 = PCURVE('',#100,#4984);
#4984 = DEFINITIONAL_REPRESENTATION('',(#4985),#4989);
#4985 = B_SPLINE_CURVE_WITH_KNOTS('',2,(#4986,#4987,#4988),
  .UNSPECIFIED.,.F.,.F.,(3,3),(0.,1.),.PIECEWISE_BEZIER_KNOTS.);
#4986 = CARTESIAN_POINT('',(7.61162109375,-4.268359375));
#4987 = CARTESIAN_POINT('',(7.5626953125,-4.2244140625));
#4988 = CARTESIAN_POINT('',(7.4841796875,-4.2244140625));
#4989 = ( GEOMETRIC_REPRESENTATION_CONTEXT(2) 
PARAMETRIC_REPRESENTATION_CONTEXT() REPRESENTATION_CONTEXT('2D SPACE',''
  ) );
#4990 = PCURVE('',#4991,#4998);
#4991 = SURFACE_OF_LINEAR_EXTRUSION('',#4992,#4996);
#4992 = B_SPLINE_CURVE_WITH_KNOTS('',2,(#4993,#4994,#4995),
  .UNSPECIFIED.,.F.,.F.,(3,3),(0.,1.),.PIECEWISE_BEZIER_KNOTS.);
#4993 = CARTESIAN_POINT('',(7.61162109375,-4.268359375,2.7));
#4994 = CARTESIAN_POINT('',(7.5626953125,-4.2244140625,2.7));
#4995 = CARTESIAN_POINT('',(7.4841796875,-4.2244140625,2.7));
#4996 = VECTOR('',#4997,1.);
#4997 = DIRECTION('',(-0.,-0.,-1.));
#4998 = DEFINITIONAL_REPRESENTATION('',(#4999),#5003);
#4999 = LINE('',#5000,#5001);
#5000 = CARTESIAN_POINT('',(0.,-0.3));
#5001 = VECTOR('',#5002,1.);
#5002 = DIRECTION('',(1.,0.));
#5003 = ( GEOMETRIC_REPRESENTATION_CONTEXT(2) 
PARAMETRIC_REPRESENTATION_CONTEXT() REPRESENTATION_CONTEXT('2D SPACE',''
  ) );
#5004 = ORIENTED_EDGE('',*,*,#5005,.T.);
#5005 = EDGE_CURVE('',#4976,#5006,#5008,.T.);
#5006 = VERTEX_POINT('',#5007);
#5007 = CARTESIAN_POINT('',(7.36669921875,-4.24375,3.));
#5008 = SURFACE_CURVE('',#5009,(#5013,#5020),.PCURVE_S1.);
#5009 = B_SPLINE_CURVE_WITH_KNOTS('',2,(#5010,#5011,#5012),
  .UNSPECIFIED.,.F.,.F.,(3,3),(0.,1.),.PIECEWISE_BEZIER_KNOTS.);
#5010 = CARTESIAN_POINT('',(7.4841796875,-4.2244140625,3.));
#5011 = CARTESIAN_POINT('',(7.428515625,-4.2244140625,3.));
#5012 = CARTESIAN_POINT('',(7.36669921875,-4.24375,3.));
#5013 = PCURVE('',#100,#5014);
#5014 = DEFINITIONAL_REPRESENTATION('',(#5015),#5019);
#5015 = B_SPLINE_CURVE_WITH_KNOTS('',2,(#5016,#5017,#5018),
  .UNSPECIFIED.,.F.,.F.,(3,3),(0.,1.),.PIECEWISE_BEZIER_KNOTS.);
#5016 = CARTESIAN_POINT('',(7.4841796875,-4.2244140625));
#5017 = CARTESIAN_POINT('',(7.428515625,-4.2244140625));
#5018 = CARTESIAN_POINT('',(7.36669921875,-4.24375));
#5019 = ( GEOMETRIC_REPRESENTATION_CONTEXT(2) 
PARAMETRIC_REPRESENTATION_CONTEXT() REPRESENTATION_CONTEXT('2D SPACE',''
  ) );
#5020 = PCURVE('',#5021,#5028);
#5021 = SURFACE_OF_LINEAR_EXTRUSION('',#5022,#5026);
#5022 = B_SPLINE_CURVE_WITH_KNOTS('',2,(#5023,#5024,#5025),
  .UNSPECIFIED.,.F.,.F.,(3,3),(0.,1.),.PIECEWISE_BEZIER_KNOTS.);
#5023 = CARTESIAN_POINT('',(7.4841796875,-4.2244140625,2.7));
#5024 = CARTESIAN_POINT('',(7.428515625,-4.2244140625,2.7));
#5025 = CARTESIAN_POINT('',(7.36669921875,-4.24375,2.7));
#5026 = VECTOR('',#5027,1.);
#5027 = DIRECTION('',(-0.,-0.,-1.));
#5028 = DEFINITIONAL_REPRESENTATION('',(#5029),#5033);
#5029 = LINE('',#5030,#5031);
#5030 = CARTESIAN_POINT('',(0.,-0.3));
#5031 = VECTOR('',#5032,1.);
#5032 = DIRECTION('',(1.,0.));
#5033 = ( GEOMETRIC_REPRESENTATION_CONTEXT(2) 
PARAMETRIC_REPRESENTATION_CONTEXT() REPRESENTATION_CONTEXT('2D SPACE',''
  ) );
#5034 = ORIENTED_EDGE('',*,*,#5035,.T.);
#5035 = EDGE_CURVE('',#5006,#5036,#5038,.T.);
#5036 = VERTEX_POINT('',#5037);
#5037 = CARTESIAN_POINT('',(7.2345703125,-4.30234375,3.));
#5038 = SURFACE_CURVE('',#5039,(#5043,#5050),.PCURVE_S1.);
#5039 = B_SPLINE_CURVE_WITH_KNOTS('',2,(#5040,#5041,#5042),
  .UNSPECIFIED.,.F.,.F.,(3,3),(0.,1.),.PIECEWISE_BEZIER_KNOTS.);
#5040 = CARTESIAN_POINT('',(7.36669921875,-4.24375,3.));
#5041 = CARTESIAN_POINT('',(7.3048828125,-4.2630859375,3.));
#5042 = CARTESIAN_POINT('',(7.2345703125,-4.30234375,3.));
#5043 = PCURVE('',#100,#5044);
#5044 = DEFINITIONAL_REPRESENTATION('',(#5045),#5049);
#5045 = B_SPLINE_CURVE_WITH_KNOTS('',2,(#5046,#5047,#5048),
  .UNSPECIFIED.,.F.,.F.,(3,3),(0.,1.),.PIECEWISE_BEZIER_KNOTS.);
#5046 = CARTESIAN_POINT('',(7.36669921875,-4.24375));
#5047 = CARTESIAN_POINT('',(7.3048828125,-4.2630859375));
#5048 = CARTESIAN_POINT('',(7.2345703125,-4.30234375));
#5049 = ( GEOMETRIC_REPRESENTATION_CONTEXT(2) 
PARAMETRIC_REPRESENTATION_CONTEXT() REPRESENTATION_CONTEXT('2D SPACE',''
  ) );
#5050 = PCURVE('',#5051,#5058);
#5051 = SURFACE_OF_LINEAR_EXTRUSION('',#5052,#5056);
#5052 = B_SPLINE_CURVE_WITH_KNOTS('',2,(#5053,#5054,#5055),
  .UNSPECIFIED.,.F.,.F.,(3,3),(0.,1.),.PIECEWISE_BEZIER_KNOTS.);
#5053 = CARTESIAN_POINT('',(7.36669921875,-4.24375,2.7));
#5054 = CARTESIAN_POINT('',(7.3048828125,-4.2630859375,2.7));
#5055 = CARTESIAN_POINT('',(7.2345703125,-4.30234375,2.7));
#5056 = VECTOR('',#5057,1.);
#5057 = DIRECTION('',(-0.,-0.,-1.));
#5058 = DEFINITIONAL_REPRESENTATION('',(#5059),#5063);
#5059 = LINE('',#5060,#5061);
#5060 = CARTESIAN_POINT('',(0.,-0.3));
#5061 = VECTOR('',#5062,1.);
#5062 = DIRECTION('',(1.,0.));
#5063 = ( GEOMETRIC_REPRESENTATION_CONTEXT(2) 
PARAMETRIC_REPRESENTATION_CONTEXT() REPRESENTATION_CONTEXT('2D SPACE',''
  ) );
#5064 = ORIENTED_EDGE('',*,*,#5065,.T.);
#5065 = EDGE_CURVE('',#5036,#5066,#5068,.T.);
#5066 = VERTEX_POINT('',#5067);
#5067 = CARTESIAN_POINT('',(7.2345703125,-4.1828125,3.));
#5068 = SURFACE_CURVE('',#5069,(#5073,#5080),.PCURVE_S1.);
#5069 = LINE('',#5070,#5071);
#5070 = CARTESIAN_POINT('',(7.2345703125,-4.30234375,3.));
#5071 = VECTOR('',#5072,1.);
#5072 = DIRECTION('',(0.,1.,0.));
#5073 = PCURVE('',#100,#5074);
#5074 = DEFINITIONAL_REPRESENTATION('',(#5075),#5079);
#5075 = LINE('',#5076,#5077);
#5076 = CARTESIAN_POINT('',(7.2345703125,-4.30234375));
#5077 = VECTOR('',#5078,1.);
#5078 = DIRECTION('',(0.,1.));
#5079 = ( GEOMETRIC_REPRESENTATION_CONTEXT(2) 
PARAMETRIC_REPRESENTATION_CONTEXT() REPRESENTATION_CONTEXT('2D SPACE',''
  ) );
#5080 = PCURVE('',#5081,#5086);
#5081 = PLANE('',#5082);
#5082 = AXIS2_PLACEMENT_3D('',#5083,#5084,#5085);
#5083 = CARTESIAN_POINT('',(7.2345703125,-4.30234375,2.7));
#5084 = DIRECTION('',(-1.,0.,0.));
#5085 = DIRECTION('',(0.,1.,0.));
#5086 = DEFINITIONAL_REPRESENTATION('',(#5087),#5091);
#5087 = LINE('',#5088,#5089);
#5088 = CARTESIAN_POINT('',(0.,-0.3));
#5089 = VECTOR('',#5090,1.);
#5090 = DIRECTION('',(1.,0.));
#5091 = ( GEOMETRIC_REPRESENTATION_CONTEXT(2) 
PARAMETRIC_REPRESENTATION_CONTEXT() REPRESENTATION_CONTEXT('2D SPACE',''
  ) );
#5092 = ORIENTED_EDGE('',*,*,#5093,.T.);
#5093 = EDGE_CURVE('',#5066,#5094,#5096,.T.);
#5094 = VERTEX_POINT('',#5095);
#5095 = CARTESIAN_POINT('',(7.3681640625,-4.139453125,3.));
#5096 = SURFACE_CURVE('',#5097,(#5101,#5108),.PCURVE_S1.);
#5097 = B_SPLINE_CURVE_WITH_KNOTS('',2,(#5098,#5099,#5100),
  .UNSPECIFIED.,.F.,.F.,(3,3),(0.,1.),.PIECEWISE_BEZIER_KNOTS.);
#5098 = CARTESIAN_POINT('',(7.2345703125,-4.1828125,3.));
#5099 = CARTESIAN_POINT('',(7.3060546875,-4.1541015625,3.));
#5100 = CARTESIAN_POINT('',(7.3681640625,-4.139453125,3.));
#5101 = PCURVE('',#100,#5102);
#5102 = DEFINITIONAL_REPRESENTATION('',(#5103),#5107);
#5103 = B_SPLINE_CURVE_WITH_KNOTS('',2,(#5104,#5105,#5106),
  .UNSPECIFIED.,.F.,.F.,(3,3),(0.,1.),.PIECEWISE_BEZIER_KNOTS.);
#5104 = CARTESIAN_POINT('',(7.2345703125,-4.1828125));
#5105 = CARTESIAN_POINT('',(7.3060546875,-4.1541015625));
#5106 = CARTESIAN_POINT('',(7.3681640625,-4.139453125));
#5107 = ( GEOMETRIC_REPRESENTATION_CONTEXT(2) 
PARAMETRIC_REPRESENTATION_CONTEXT() REPRESENTATION_CONTEXT('2D SPACE',''
  ) );
#5108 = PCURVE('',#5109,#5116);
#5109 = SURFACE_OF_LINEAR_EXTRUSION('',#5110,#5114);
#5110 = B_SPLINE_CURVE_WITH_KNOTS('',2,(#5111,#5112,#5113),
  .UNSPECIFIED.,.F.,.F.,(3,3),(0.,1.),.PIECEWISE_BEZIER_KNOTS.);
#5111 = CARTESIAN_POINT('',(7.2345703125,-4.1828125,2.7));
#5112 = CARTESIAN_POINT('',(7.3060546875,-4.1541015625,2.7));
#5113 = CARTESIAN_POINT('',(7.3681640625,-4.139453125,2.7));
#5114 = VECTOR('',#5115,1.);
#5115 = DIRECTION('',(-0.,-0.,-1.));
#5116 = DEFINITIONAL_REPRESENTATION('',(#5117),#5121);
#5117 = LINE('',#5118,#5119);
#5118 = CARTESIAN_POINT('',(0.,-0.3));
#5119 = VECTOR('',#5120,1.);
#5120 = DIRECTION('',(1.,0.));
#5121 = ( GEOMETRIC_REPRESENTATION_CONTEXT(2) 
PARAMETRIC_REPRESENTATION_CONTEXT() REPRESENTATION_CONTEXT('2D SPACE',''
  ) );
#5122 = ORIENTED_EDGE('',*,*,#5123,.T.);
#5123 = EDGE_CURVE('',#5094,#5124,#5126,.T.);
#5124 = VERTEX_POINT('',#5125);
#5125 = CARTESIAN_POINT('',(7.4818359375,-4.1248046875,3.));
#5126 = SURFACE_CURVE('',#5127,(#5131,#5138),.PCURVE_S1.);
#5127 = B_SPLINE_CURVE_WITH_KNOTS('',2,(#5128,#5129,#5130),
  .UNSPECIFIED.,.F.,.F.,(3,3),(0.,1.),.PIECEWISE_BEZIER_KNOTS.);
#5128 = CARTESIAN_POINT('',(7.3681640625,-4.139453125,3.));
#5129 = CARTESIAN_POINT('',(7.4302734375,-4.1248046875,3.));
#5130 = CARTESIAN_POINT('',(7.4818359375,-4.1248046875,3.));
#5131 = PCURVE('',#100,#5132);
#5132 = DEFINITIONAL_REPRESENTATION('',(#5133),#5137);
#5133 = B_SPLINE_CURVE_WITH_KNOTS('',2,(#5134,#5135,#5136),
  .UNSPECIFIED.,.F.,.F.,(3,3),(0.,1.),.PIECEWISE_BEZIER_KNOTS.);
#5134 = CARTESIAN_POINT('',(7.3681640625,-4.139453125));
#5135 = CARTESIAN_POINT('',(7.4302734375,-4.1248046875));
#5136 = CARTESIAN_POINT('',(7.4818359375,-4.1248046875));
#5137 = ( GEOMETRIC_REPRESENTATION_CONTEXT(2) 
PARAMETRIC_REPRESENTATION_CONTEXT() REPRESENTATION_CONTEXT('2D SPACE',''
  ) );
#5138 = PCURVE('',#5139,#5146);
#5139 = SURFACE_OF_LINEAR_EXTRUSION('',#5140,#5144);
#5140 = B_SPLINE_CURVE_WITH_KNOTS('',2,(#5141,#5142,#5143),
  .UNSPECIFIED.,.F.,.F.,(3,3),(0.,1.),.PIECEWISE_BEZIER_KNOTS.);
#5141 = CARTESIAN_POINT('',(7.3681640625,-4.139453125,2.7));
#5142 = CARTESIAN_POINT('',(7.4302734375,-4.1248046875,2.7));
#5143 = CARTESIAN_POINT('',(7.4818359375,-4.1248046875,2.7));
#5144 = VECTOR('',#5145,1.);
#5145 = DIRECTION('',(-0.,-0.,-1.));
#5146 = DEFINITIONAL_REPRESENTATION('',(#5147),#5151);
#5147 = LINE('',#5148,#5149);
#5148 = CARTESIAN_POINT('',(0.,-0.3));
#5149 = VECTOR('',#5150,1.);
#5150 = DIRECTION('',(1.,0.));
#5151 = ( GEOMETRIC_REPRESENTATION_CONTEXT(2) 
PARAMETRIC_REPRESENTATION_CONTEXT() REPRESENTATION_CONTEXT('2D SPACE',''
  ) );
#5152 = ORIENTED_EDGE('',*,*,#5153,.T.);
#5153 = EDGE_CURVE('',#5124,#5154,#5156,.T.);
#5154 = VERTEX_POINT('',#5155);
#5155 = CARTESIAN_POINT('',(7.6986328125,-4.1927734375,3.));
#5156 = SURFACE_CURVE('',#5157,(#5161,#5168),.PCURVE_S1.);
#5157 = B_SPLINE_CURVE_WITH_KNOTS('',2,(#5158,#5159,#5160),
  .UNSPECIFIED.,.F.,.F.,(3,3),(0.,1.),.PIECEWISE_BEZIER_KNOTS.);
#5158 = CARTESIAN_POINT('',(7.4818359375,-4.1248046875,3.));
#5159 = CARTESIAN_POINT('',(7.6177734375,-4.1248046875,3.));
#5160 = CARTESIAN_POINT('',(7.6986328125,-4.1927734375,3.));
#5161 = PCURVE('',#100,#5162);
#5162 = DEFINITIONAL_REPRESENTATION('',(#5163),#5167);
#5163 = B_SPLINE_CURVE_WITH_KNOTS('',2,(#5164,#5165,#5166),
  .UNSPECIFIED.,.F.,.F.,(3,3),(0.,1.),.PIECEWISE_BEZIER_KNOTS.);
#5164 = CARTESIAN_POINT('',(7.4818359375,-4.1248046875));
#5165 = CARTESIAN_POINT('',(7.6177734375,-4.1248046875));
#5166 = CARTESIAN_POINT('',(7.6986328125,-4.1927734375));
#5167 = ( GEOMETRIC_REPRESENTATION_CONTEXT(2) 
PARAMETRIC_REPRESENTATION_CONTEXT() REPRESENTATION_CONTEXT('2D SPACE',''
  ) );
#5168 = PCURVE('',#5169,#5176);
#5169 = SURFACE_OF_LINEAR_EXTRUSION('',#5170,#5174);
#5170 = B_SPLINE_CURVE_WITH_KNOTS('',2,(#5171,#5172,#5173),
  .UNSPECIFIED.,.F.,.F.,(3,3),(0.,1.),.PIECEWISE_BEZIER_KNOTS.);
#5171 = CARTESIAN_POINT('',(7.4818359375,-4.1248046875,2.7));
#5172 = CARTESIAN_POINT('',(7.6177734375,-4.1248046875,2.7));
#5173 = CARTESIAN_POINT('',(7.6986328125,-4.1927734375,2.7));
#5174 = VECTOR('',#5175,1.);
#5175 = DIRECTION('',(-0.,-0.,-1.));
#5176 = DEFINITIONAL_REPRESENTATION('',(#5177),#5181);
#5177 = LINE('',#5178,#5179);
#5178 = CARTESIAN_POINT('',(0.,-0.3));
#5179 = VECTOR('',#5180,1.);
#5180 = DIRECTION('',(1.,0.));
#5181 = ( GEOMETRIC_REPRESENTATION_CONTEXT(2) 
PARAMETRIC_REPRESENTATION_CONTEXT() REPRESENTATION_CONTEXT('2D SPACE',''
  ) );
#5182 = ORIENTED_EDGE('',*,*,#5183,.T.);
#5183 = EDGE_CURVE('',#5154,#5184,#5186,.T.);
#5184 = VERTEX_POINT('',#5185);
#5185 = CARTESIAN_POINT('',(7.7794921875,-4.3744140625,3.));
#5186 = SURFACE_CURVE('',#5187,(#5191,#5198),.PCURVE_S1.);
#5187 = B_SPLINE_CURVE_WITH_KNOTS('',2,(#5188,#5189,#5190),
  .UNSPECIFIED.,.F.,.F.,(3,3),(0.,1.),.PIECEWISE_BEZIER_KNOTS.);
#5188 = CARTESIAN_POINT('',(7.6986328125,-4.1927734375,3.));
#5189 = CARTESIAN_POINT('',(7.7794921875,-4.2607421875,3.));
#5190 = CARTESIAN_POINT('',(7.7794921875,-4.3744140625,3.));
#5191 = PCURVE('',#100,#5192);
#5192 = DEFINITIONAL_REPRESENTATION('',(#5193),#5197);
#5193 = B_SPLINE_CURVE_WITH_KNOTS('',2,(#5194,#5195,#5196),
  .UNSPECIFIED.,.F.,.F.,(3,3),(0.,1.),.PIECEWISE_BEZIER_KNOTS.);
#5194 = CARTESIAN_POINT('',(7.6986328125,-4.1927734375));
#5195 = CARTESIAN_POINT('',(7.7794921875,-4.2607421875));
#5196 = CARTESIAN_POINT('',(7.7794921875,-4.3744140625));
#5197 = ( GEOMETRIC_REPRESENTATION_CONTEXT(2) 
PARAMETRIC_REPRESENTATION_CONTEXT() REPRESENTATION_CONTEXT('2D SPACE',''
  ) );
#5198 = PCURVE('',#5199,#5206);
#5199 = SURFACE_OF_LINEAR_EXTRUSION('',#5200,#5204);
#5200 = B_SPLINE_CURVE_WITH_KNOTS('',2,(#5201,#5202,#5203),
  .UNSPECIFIED.,.F.,.F.,(3,3),(0.,1.),.PIECEWISE_BEZIER_KNOTS.);
#5201 = CARTESIAN_POINT('',(7.6986328125,-4.1927734375,2.7));
#5202 = CARTESIAN_POINT('',(7.7794921875,-4.2607421875,2.7));
#5203 = CARTESIAN_POINT('',(7.7794921875,-4.3744140625,2.7));
#5204 = VECTOR('',#5205,1.);
#5205 = DIRECTION('',(-0.,-0.,-1.));
#5206 = DEFINITIONAL_REPRESENTATION('',(#5207),#5211);
#5207 = LINE('',#5208,#5209);
#5208 = CARTESIAN_POINT('',(0.,-0.3));
#5209 = VECTOR('',#5210,1.);
#5210 = DIRECTION('',(1.,0.));
#5211 = ( GEOMETRIC_REPRESENTATION_CONTEXT(2) 
PARAMETRIC_REPRESENTATION_CONTEXT() REPRESENTATION_CONTEXT('2D SPACE',''
  ) );
#5212 = ORIENTED_EDGE('',*,*,#5213,.T.);
#5213 = EDGE_CURVE('',#5184,#5214,#5216,.T.);
#5214 = VERTEX_POINT('',#5215);
#5215 = CARTESIAN_POINT('',(7.75927734375,-4.47666015625,3.));
#5216 = SURFACE_CURVE('',#5217,(#5221,#5228),.PCURVE_S1.);
#5217 = B_SPLINE_CURVE_WITH_KNOTS('',2,(#5218,#5219,#5220),
  .UNSPECIFIED.,.F.,.F.,(3,3),(0.,1.),.PIECEWISE_BEZIER_KNOTS.);
#5218 = CARTESIAN_POINT('',(7.7794921875,-4.3744140625,3.));
#5219 = CARTESIAN_POINT('',(7.7794921875,-4.4283203125,3.));
#5220 = CARTESIAN_POINT('',(7.75927734375,-4.47666015625,3.));
#5221 = PCURVE('',#100,#5222);
#5222 = DEFINITIONAL_REPRESENTATION('',(#5223),#5227);
#5223 = B_SPLINE_CURVE_WITH_KNOTS('',2,(#5224,#5225,#5226),
  .UNSPECIFIED.,.F.,.F.,(3,3),(0.,1.),.PIECEWISE_BEZIER_KNOTS.);
#5224 = CARTESIAN_POINT('',(7.7794921875,-4.3744140625));
#5225 = CARTESIAN_POINT('',(7.7794921875,-4.4283203125));
#5226 = CARTESIAN_POINT('',(7.75927734375,-4.47666015625));
#5227 = ( GEOMETRIC_REPRESENTATION_CONTEXT(2) 
PARAMETRIC_REPRESENTATION_CONTEXT() REPRESENTATION_CONTEXT('2D SPACE',''
  ) );
#5228 = PCURVE('',#5229,#5236);
#5229 = SURFACE_OF_LINEAR_EXTRUSION('',#5230,#5234);
#5230 = B_SPLINE_CURVE_WITH_KNOTS('',2,(#5231,#5232,#5233),
  .UNSPECIFIED.,.F.,.F.,(3,3),(0.,1.),.PIECEWISE_BEZIER_KNOTS.);
#5231 = CARTESIAN_POINT('',(7.7794921875,-4.3744140625,2.7));
#5232 = CARTESIAN_POINT('',(7.7794921875,-4.4283203125,2.7));
#5233 = CARTESIAN_POINT('',(7.75927734375,-4.47666015625,2.7));
#5234 = VECTOR('',#5235,1.);
#5235 = DIRECTION('',(-0.,-0.,-1.));
#5236 = DEFINITIONAL_REPRESENTATION('',(#5237),#5241);
#5237 = LINE('',#5238,#5239);
#5238 = CARTESIAN_POINT('',(0.,-0.3));
#5239 = VECTOR('',#5240,1.);
#5240 = DIRECTION('',(1.,0.));
#5241 = ( GEOMETRIC_REPRESENTATION_CONTEXT(2) 
PARAMETRIC_REPRESENTATION_CONTEXT() REPRESENTATION_CONTEXT('2D SPACE',''
  ) );
#5242 = ORIENTED_EDGE('',*,*,#5243,.T.);
#5243 = EDGE_CURVE('',#5214,#5244,#5246,.T.);
#5244 = VERTEX_POINT('',#5245);
#5245 = CARTESIAN_POINT('',(7.6857421875,-4.590625,3.));
#5246 = SURFACE_CURVE('',#5247,(#5251,#5258),.PCURVE_S1.);
#5247 = B_SPLINE_CURVE_WITH_KNOTS('',2,(#5248,#5249,#5250),
  .UNSPECIFIED.,.F.,.F.,(3,3),(0.,1.),.PIECEWISE_BEZIER_KNOTS.);
#5248 = CARTESIAN_POINT('',(7.75927734375,-4.47666015625,3.));
#5249 = CARTESIAN_POINT('',(7.7390625,-4.525,3.));
#5250 = CARTESIAN_POINT('',(7.6857421875,-4.590625,3.));
#5251 = PCURVE('',#100,#5252);
#5252 = DEFINITIONAL_REPRESENTATION('',(#5253),#5257);
#5253 = B_SPLINE_CURVE_WITH_KNOTS('',2,(#5254,#5255,#5256),
  .UNSPECIFIED.,.F.,.F.,(3,3),(0.,1.),.PIECEWISE_BEZIER_KNOTS.);
#5254 = CARTESIAN_POINT('',(7.75927734375,-4.47666015625));
#5255 = CARTESIAN_POINT('',(7.7390625,-4.525));
#5256 = CARTESIAN_POINT('',(7.6857421875,-4.590625));
#5257 = ( GEOMETRIC_REPRESENTATION_CONTEXT(2) 
PARAMETRIC_REPRESENTATION_CONTEXT() REPRESENTATION_CONTEXT('2D SPACE',''
  ) );
#5258 = PCURVE('',#5259,#5266);
#5259 = SURFACE_OF_LINEAR_EXTRUSION('',#5260,#5264);
#5260 = B_SPLINE_CURVE_WITH_KNOTS('',2,(#5261,#5262,#5263),
  .UNSPECIFIED.,.F.,.F.,(3,3),(0.,1.),.PIECEWISE_BEZIER_KNOTS.);
#5261 = CARTESIAN_POINT('',(7.75927734375,-4.47666015625,2.7));
#5262 = CARTESIAN_POINT('',(7.7390625,-4.525,2.7));
#5263 = CARTESIAN_POINT('',(7.6857421875,-4.590625,2.7));
#5264 = VECTOR('',#5265,1.);
#5265 = DIRECTION('',(-0.,-0.,-1.));
#5266 = DEFINITIONAL_REPRESENTATION('',(#5267),#5271);
#5267 = LINE('',#5268,#5269);
#5268 = CARTESIAN_POINT('',(0.,-0.3));
#5269 = VECTOR('',#5270,1.);
#5270 = DIRECTION('',(1.,0.));
#5271 = ( GEOMETRIC_REPRESENTATION_CONTEXT(2) 
PARAMETRIC_REPRESENTATION_CONTEXT() REPRESENTATION_CONTEXT('2D SPACE',''
  ) );
#5272 = ORIENTED_EDGE('',*,*,#5273,.T.);
#5273 = EDGE_CURVE('',#5244,#4682,#5274,.T.);
#5274 = SURFACE_CURVE('',#5275,(#5279,#5286),.PCURVE_S1.);
#5275 = B_SPLINE_CURVE_WITH_KNOTS('',2,(#5276,#5277,#5278),
  .UNSPECIFIED.,.F.,.F.,(3,3),(0.,1.),.PIECEWISE_BEZIER_KNOTS.);
#5276 = CARTESIAN_POINT('',(7.6857421875,-4.590625,3.));
#5277 = CARTESIAN_POINT('',(7.67109375,-4.6076171875,3.));
#5278 = CARTESIAN_POINT('',(7.592578125,-4.68876953125,3.));
#5279 = PCURVE('',#100,#5280);
#5280 = DEFINITIONAL_REPRESENTATION('',(#5281),#5285);
#5281 = B_SPLINE_CURVE_WITH_KNOTS('',2,(#5282,#5283,#5284),
  .UNSPECIFIED.,.F.,.F.,(3,3),(0.,1.),.PIECEWISE_BEZIER_KNOTS.);
#5282 = CARTESIAN_POINT('',(7.6857421875,-4.590625));
#5283 = CARTESIAN_POINT('',(7.67109375,-4.6076171875));
#5284 = CARTESIAN_POINT('',(7.592578125,-4.68876953125));
#5285 = ( GEOMETRIC_REPRESENTATION_CONTEXT(2) 
PARAMETRIC_REPRESENTATION_CONTEXT() REPRESENTATION_CONTEXT('2D SPACE',''
  ) );
#5286 = PCURVE('',#5287,#5294);
#5287 = SURFACE_OF_LINEAR_EXTRUSION('',#5288,#5292);
#5288 = B_SPLINE_CURVE_WITH_KNOTS('',2,(#5289,#5290,#5291),
  .UNSPECIFIED.,.F.,.F.,(3,3),(0.,1.),.PIECEWISE_BEZIER_KNOTS.);
#5289 = CARTESIAN_POINT('',(7.6857421875,-4.590625,2.7));
#5290 = CARTESIAN_POINT('',(7.67109375,-4.6076171875,2.7));
#5291 = CARTESIAN_POINT('',(7.592578125,-4.68876953125,2.7));
#5292 = VECTOR('',#5293,1.);
#5293 = DIRECTION('',(-0.,-0.,-1.));
#5294 = DEFINITIONAL_REPRESENTATION('',(#5295),#5299);
#5295 = LINE('',#5296,#5297);
#5296 = CARTESIAN_POINT('',(0.,-0.3));
#5297 = VECTOR('',#5298,1.);
#5298 = DIRECTION('',(1.,0.));
#5299 = ( GEOMETRIC_REPRESENTATION_CONTEXT(2) 
PARAMETRIC_REPRESENTATION_CONTEXT() REPRESENTATION_CONTEXT('2D SPACE',''
  ) );
#5300 = FACE_BOUND('',#5301,.T.);
#5301 = EDGE_LOOP('',(#5302,#5334,#5364,#5394,#5424,#5454,#5484,#5514));
#5302 = ORIENTED_EDGE('',*,*,#5303,.T.);
#5303 = EDGE_CURVE('',#5304,#5306,#5308,.T.);
#5304 = VERTEX_POINT('',#5305);
#5305 = CARTESIAN_POINT('',(8.06103515625,-4.24111328125,3.));
#5306 = VERTEX_POINT('',#5307);
#5307 = CARTESIAN_POINT('',(8.2857421875,-4.1248046875,3.));
#5308 = SURFACE_CURVE('',#5309,(#5313,#5320),.PCURVE_S1.);
#5309 = B_SPLINE_CURVE_WITH_KNOTS('',2,(#5310,#5311,#5312),
  .UNSPECIFIED.,.F.,.F.,(3,3),(0.,1.),.PIECEWISE_BEZIER_KNOTS.);
#5310 = CARTESIAN_POINT('',(8.06103515625,-4.24111328125,3.));
#5311 = CARTESIAN_POINT('',(8.138671875,-4.1248046875,3.));
#5312 = CARTESIAN_POINT('',(8.2857421875,-4.1248046875,3.));
#5313 = PCURVE('',#100,#5314);
#5314 = DEFINITIONAL_REPRESENTATION('',(#5315),#5319);
#5315 = B_SPLINE_CURVE_WITH_KNOTS('',2,(#5316,#5317,#5318),
  .UNSPECIFIED.,.F.,.F.,(3,3),(0.,1.),.PIECEWISE_BEZIER_KNOTS.);
#5316 = CARTESIAN_POINT('',(8.06103515625,-4.24111328125));
#5317 = CARTESIAN_POINT('',(8.138671875,-4.1248046875));
#5318 = CARTESIAN_POINT('',(8.2857421875,-4.1248046875));
#5319 = ( GEOMETRIC_REPRESENTATION_CONTEXT(2) 
PARAMETRIC_REPRESENTATION_CONTEXT() REPRESENTATION_CONTEXT('2D SPACE',''
  ) );
#5320 = PCURVE('',#5321,#5328);
#5321 = SURFACE_OF_LINEAR_EXTRUSION('',#5322,#5326);
#5322 = B_SPLINE_CURVE_WITH_KNOTS('',2,(#5323,#5324,#5325),
  .UNSPECIFIED.,.F.,.F.,(3,3),(0.,1.),.PIECEWISE_BEZIER_KNOTS.);
#5323 = CARTESIAN_POINT('',(8.06103515625,-4.24111328125,2.7));
#5324 = CARTESIAN_POINT('',(8.138671875,-4.1248046875,2.7));
#5325 = CARTESIAN_POINT('',(8.2857421875,-4.1248046875,2.7));
#5326 = VECTOR('',#5327,1.);
#5327 = DIRECTION('',(-0.,-0.,-1.));
#5328 = DEFINITIONAL_REPRESENTATION('',(#5329),#5333);
#5329 = LINE('',#5330,#5331);
#5330 = CARTESIAN_POINT('',(0.,-0.3));
#5331 = VECTOR('',#5332,1.);
#5332 = DIRECTION('',(1.,0.));
#5333 = ( GEOMETRIC_REPRESENTATION_CONTEXT(2) 
PARAMETRIC_REPRESENTATION_CONTEXT() REPRESENTATION_CONTEXT('2D SPACE',''
  ) );
#5334 = ORIENTED_EDGE('',*,*,#5335,.T.);
#5335 = EDGE_CURVE('',#5306,#5336,#5338,.T.);
#5336 = VERTEX_POINT('',#5337);
#5337 = CARTESIAN_POINT('',(8.51044921875,-4.24111328125,3.));
#5338 = SURFACE_CURVE('',#5339,(#5343,#5350),.PCURVE_S1.);
#5339 = B_SPLINE_CURVE_WITH_KNOTS('',2,(#5340,#5341,#5342),
  .UNSPECIFIED.,.F.,.F.,(3,3),(0.,1.),.PIECEWISE_BEZIER_KNOTS.);
#5340 = CARTESIAN_POINT('',(8.2857421875,-4.1248046875,3.));
#5341 = CARTESIAN_POINT('',(8.4328125,-4.1248046875,3.));
#5342 = CARTESIAN_POINT('',(8.51044921875,-4.24111328125,3.));
#5343 = PCURVE('',#100,#5344);
#5344 = DEFINITIONAL_REPRESENTATION('',(#5345),#5349);
#5345 = B_SPLINE_CURVE_WITH_KNOTS('',2,(#5346,#5347,#5348),
  .UNSPECIFIED.,.F.,.F.,(3,3),(0.,1.),.PIECEWISE_BEZIER_KNOTS.);
#5346 = CARTESIAN_POINT('',(8.2857421875,-4.1248046875));
#5347 = CARTESIAN_POINT('',(8.4328125,-4.1248046875));
#5348 = CARTESIAN_POINT('',(8.51044921875,-4.24111328125));
#5349 = ( GEOMETRIC_REPRESENTATION_CONTEXT(2) 
PARAMETRIC_REPRESENTATION_CONTEXT() REPRESENTATION_CONTEXT('2D SPACE',''
  ) );
#5350 = PCURVE('',#5351,#5358);
#5351 = SURFACE_OF_LINEAR_EXTRUSION('',#5352,#5356);
#5352 = B_SPLINE_CURVE_WITH_KNOTS('',2,(#5353,#5354,#5355),
  .UNSPECIFIED.,.F.,.F.,(3,3),(0.,1.),.PIECEWISE_BEZIER_KNOTS.);
#5353 = CARTESIAN_POINT('',(8.2857421875,-4.1248046875,2.7));
#5354 = CARTESIAN_POINT('',(8.4328125,-4.1248046875,2.7));
#5355 = CARTESIAN_POINT('',(8.51044921875,-4.24111328125,2.7));
#5356 = VECTOR('',#5357,1.);
#5357 = DIRECTION('',(-0.,-0.,-1.));
#5358 = DEFINITIONAL_REPRESENTATION('',(#5359),#5363);
#5359 = LINE('',#5360,#5361);
#5360 = CARTESIAN_POINT('',(0.,-0.3));
#5361 = VECTOR('',#5362,1.);
#5362 = DIRECTION('',(1.,0.));
#5363 = ( GEOMETRIC_REPRESENTATION_CONTEXT(2) 
PARAMETRIC_REPRESENTATION_CONTEXT() REPRESENTATION_CONTEXT('2D SPACE',''
  ) );
#5364 = ORIENTED_EDGE('',*,*,#5365,.T.);
#5365 = EDGE_CURVE('',#5336,#5366,#5368,.T.);
#5366 = VERTEX_POINT('',#5367);
#5367 = CARTESIAN_POINT('',(8.5880859375,-4.57890625,3.));
#5368 = SURFACE_CURVE('',#5369,(#5373,#5380),.PCURVE_S1.);
#5369 = B_SPLINE_CURVE_WITH_KNOTS('',2,(#5370,#5371,#5372),
  .UNSPECIFIED.,.F.,.F.,(3,3),(0.,1.),.PIECEWISE_BEZIER_KNOTS.);
#5370 = CARTESIAN_POINT('',(8.51044921875,-4.24111328125,3.));
#5371 = CARTESIAN_POINT('',(8.5880859375,-4.357421875,3.));
#5372 = CARTESIAN_POINT('',(8.5880859375,-4.57890625,3.));
#5373 = PCURVE('',#100,#5374);
#5374 = DEFINITIONAL_REPRESENTATION('',(#5375),#5379);
#5375 = B_SPLINE_CURVE_WITH_KNOTS('',2,(#5376,#5377,#5378),
  .UNSPECIFIED.,.F.,.F.,(3,3),(0.,1.),.PIECEWISE_BEZIER_KNOTS.);
#5376 = CARTESIAN_POINT('',(8.51044921875,-4.24111328125));
#5377 = CARTESIAN_POINT('',(8.5880859375,-4.357421875));
#5378 = CARTESIAN_POINT('',(8.5880859375,-4.57890625));
#5379 = ( GEOMETRIC_REPRESENTATION_CONTEXT(2) 
PARAMETRIC_REPRESENTATION_CONTEXT() REPRESENTATION_CONTEXT('2D SPACE',''
  ) );
#5380 = PCURVE('',#5381,#5388);
#5381 = SURFACE_OF_LINEAR_EXTRUSION('',#5382,#5386);
#5382 = B_SPLINE_CURVE_WITH_KNOTS('',2,(#5383,#5384,#5385),
  .UNSPECIFIED.,.F.,.F.,(3,3),(0.,1.),.PIECEWISE_BEZIER_KNOTS.);
#5383 = CARTESIAN_POINT('',(8.51044921875,-4.24111328125,2.7));
#5384 = CARTESIAN_POINT('',(8.5880859375,-4.357421875,2.7));
#5385 = CARTESIAN_POINT('',(8.5880859375,-4.57890625,2.7));
#5386 = VECTOR('',#5387,1.);
#5387 = DIRECTION('',(-0.,-0.,-1.));
#5388 = DEFINITIONAL_REPRESENTATION('',(#5389),#5393);
#5389 = LINE('',#5390,#5391);
#5390 = CARTESIAN_POINT('',(0.,-0.3));
#5391 = VECTOR('',#5392,1.);
#5392 = DIRECTION('',(1.,0.));
#5393 = ( GEOMETRIC_REPRESENTATION_CONTEXT(2) 
PARAMETRIC_REPRESENTATION_CONTEXT() REPRESENTATION_CONTEXT('2D SPACE',''
  ) );
#5394 = ORIENTED_EDGE('',*,*,#5395,.T.);
#5395 = EDGE_CURVE('',#5366,#5396,#5398,.T.);
#5396 = VERTEX_POINT('',#5397);
#5397 = CARTESIAN_POINT('',(8.51044921875,-4.91611328125,3.));
#5398 = SURFACE_CURVE('',#5399,(#5403,#5410),.PCURVE_S1.);
#5399 = B_SPLINE_CURVE_WITH_KNOTS('',2,(#5400,#5401,#5402),
  .UNSPECIFIED.,.F.,.F.,(3,3),(0.,1.),.PIECEWISE_BEZIER_KNOTS.);
#5400 = CARTESIAN_POINT('',(8.5880859375,-4.57890625,3.));
#5401 = CARTESIAN_POINT('',(8.5880859375,-4.7998046875,3.));
#5402 = CARTESIAN_POINT('',(8.51044921875,-4.91611328125,3.));
#5403 = PCURVE('',#100,#5404);
#5404 = DEFINITIONAL_REPRESENTATION('',(#5405),#5409);
#5405 = B_SPLINE_CURVE_WITH_KNOTS('',2,(#5406,#5407,#5408),
  .UNSPECIFIED.,.F.,.F.,(3,3),(0.,1.),.PIECEWISE_BEZIER_KNOTS.);
#5406 = CARTESIAN_POINT('',(8.5880859375,-4.57890625));
#5407 = CARTESIAN_POINT('',(8.5880859375,-4.7998046875));
#5408 = CARTESIAN_POINT('',(8.51044921875,-4.91611328125));
#5409 = ( GEOMETRIC_REPRESENTATION_CONTEXT(2) 
PARAMETRIC_REPRESENTATION_CONTEXT() REPRESENTATION_CONTEXT('2D SPACE',''
  ) );
#5410 = PCURVE('',#5411,#5418);
#5411 = SURFACE_OF_LINEAR_EXTRUSION('',#5412,#5416);
#5412 = B_SPLINE_CURVE_WITH_KNOTS('',2,(#5413,#5414,#5415),
  .UNSPECIFIED.,.F.,.F.,(3,3),(0.,1.),.PIECEWISE_BEZIER_KNOTS.);
#5413 = CARTESIAN_POINT('',(8.5880859375,-4.57890625,2.7));
#5414 = CARTESIAN_POINT('',(8.5880859375,-4.7998046875,2.7));
#5415 = CARTESIAN_POINT('',(8.51044921875,-4.91611328125,2.7));
#5416 = VECTOR('',#5417,1.);
#5417 = DIRECTION('',(-0.,-0.,-1.));
#5418 = DEFINITIONAL_REPRESENTATION('',(#5419),#5423);
#5419 = LINE('',#5420,#5421);
#5420 = CARTESIAN_POINT('',(0.,-0.3));
#5421 = VECTOR('',#5422,1.);
#5422 = DIRECTION('',(1.,0.));
#5423 = ( GEOMETRIC_REPRESENTATION_CONTEXT(2) 
PARAMETRIC_REPRESENTATION_CONTEXT() REPRESENTATION_CONTEXT('2D SPACE',''
  ) );
#5424 = ORIENTED_EDGE('',*,*,#5425,.T.);
#5425 = EDGE_CURVE('',#5396,#5426,#5428,.T.);
#5426 = VERTEX_POINT('',#5427);
#5427 = CARTESIAN_POINT('',(8.2857421875,-5.032421875,3.));
#5428 = SURFACE_CURVE('',#5429,(#5433,#5440),.PCURVE_S1.);
#5429 = B_SPLINE_CURVE_WITH_KNOTS('',2,(#5430,#5431,#5432),
  .UNSPECIFIED.,.F.,.F.,(3,3),(0.,1.),.PIECEWISE_BEZIER_KNOTS.);
#5430 = CARTESIAN_POINT('',(8.51044921875,-4.91611328125,3.));
#5431 = CARTESIAN_POINT('',(8.4328125,-5.032421875,3.));
#5432 = CARTESIAN_POINT('',(8.2857421875,-5.032421875,3.));
#5433 = PCURVE('',#100,#5434);
#5434 = DEFINITIONAL_REPRESENTATION('',(#5435),#5439);
#5435 = B_SPLINE_CURVE_WITH_KNOTS('',2,(#5436,#5437,#5438),
  .UNSPECIFIED.,.F.,.F.,(3,3),(0.,1.),.PIECEWISE_BEZIER_KNOTS.);
#5436 = CARTESIAN_POINT('',(8.51044921875,-4.91611328125));
#5437 = CARTESIAN_POINT('',(8.4328125,-5.032421875));
#5438 = CARTESIAN_POINT('',(8.2857421875,-5.032421875));
#5439 = ( GEOMETRIC_REPRESENTATION_CONTEXT(2) 
PARAMETRIC_REPRESENTATION_CONTEXT() REPRESENTATION_CONTEXT('2D SPACE',''
  ) );
#5440 = PCURVE('',#5441,#5448);
#5441 = SURFACE_OF_LINEAR_EXTRUSION('',#5442,#5446);
#5442 = B_SPLINE_CURVE_WITH_KNOTS('',2,(#5443,#5444,#5445),
  .UNSPECIFIED.,.F.,.F.,(3,3),(0.,1.),.PIECEWISE_BEZIER_KNOTS.);
#5443 = CARTESIAN_POINT('',(8.51044921875,-4.91611328125,2.7));
#5444 = CARTESIAN_POINT('',(8.4328125,-5.032421875,2.7));
#5445 = CARTESIAN_POINT('',(8.2857421875,-5.032421875,2.7));
#5446 = VECTOR('',#5447,1.);
#5447 = DIRECTION('',(-0.,-0.,-1.));
#5448 = DEFINITIONAL_REPRESENTATION('',(#5449),#5453);
#5449 = LINE('',#5450,#5451);
#5450 = CARTESIAN_POINT('',(0.,-0.3));
#5451 = VECTOR('',#5452,1.);
#5452 = DIRECTION('',(1.,0.));
#5453 = ( GEOMETRIC_REPRESENTATION_CONTEXT(2) 
PARAMETRIC_REPRESENTATION_CONTEXT() REPRESENTATION_CONTEXT('2D SPACE',''
  ) );
#5454 = ORIENTED_EDGE('',*,*,#5455,.T.);
#5455 = EDGE_CURVE('',#5426,#5456,#5458,.T.);
#5456 = VERTEX_POINT('',#5457);
#5457 = CARTESIAN_POINT('',(8.06103515625,-4.91611328125,3.));
#5458 = SURFACE_CURVE('',#5459,(#5463,#5470),.PCURVE_S1.);
#5459 = B_SPLINE_CURVE_WITH_KNOTS('',2,(#5460,#5461,#5462),
  .UNSPECIFIED.,.F.,.F.,(3,3),(0.,1.),.PIECEWISE_BEZIER_KNOTS.);
#5460 = CARTESIAN_POINT('',(8.2857421875,-5.032421875,3.));
#5461 = CARTESIAN_POINT('',(8.138671875,-5.032421875,3.));
#5462 = CARTESIAN_POINT('',(8.06103515625,-4.91611328125,3.));
#5463 = PCURVE('',#100,#5464);
#5464 = DEFINITIONAL_REPRESENTATION('',(#5465),#5469);
#5465 = B_SPLINE_CURVE_WITH_KNOTS('',2,(#5466,#5467,#5468),
  .UNSPECIFIED.,.F.,.F.,(3,3),(0.,1.),.PIECEWISE_BEZIER_KNOTS.);
#5466 = CARTESIAN_POINT('',(8.2857421875,-5.032421875));
#5467 = CARTESIAN_POINT('',(8.138671875,-5.032421875));
#5468 = CARTESIAN_POINT('',(8.06103515625,-4.91611328125));
#5469 = ( GEOMETRIC_REPRESENTATION_CONTEXT(2) 
PARAMETRIC_REPRESENTATION_CONTEXT() REPRESENTATION_CONTEXT('2D SPACE',''
  ) );
#5470 = PCURVE('',#5471,#5478);
#5471 = SURFACE_OF_LINEAR_EXTRUSION('',#5472,#5476);
#5472 = B_SPLINE_CURVE_WITH_KNOTS('',2,(#5473,#5474,#5475),
  .UNSPECIFIED.,.F.,.F.,(3,3),(0.,1.),.PIECEWISE_BEZIER_KNOTS.);
#5473 = CARTESIAN_POINT('',(8.2857421875,-5.032421875,2.7));
#5474 = CARTESIAN_POINT('',(8.138671875,-5.032421875,2.7));
#5475 = CARTESIAN_POINT('',(8.06103515625,-4.91611328125,2.7));
#5476 = VECTOR('',#5477,1.);
#5477 = DIRECTION('',(-0.,-0.,-1.));
#5478 = DEFINITIONAL_REPRESENTATION('',(#5479),#5483);
#5479 = LINE('',#5480,#5481);
#5480 = CARTESIAN_POINT('',(0.,-0.3));
#5481 = VECTOR('',#5482,1.);
#5482 = DIRECTION('',(1.,0.));
#5483 = ( GEOMETRIC_REPRESENTATION_CONTEXT(2) 
PARAMETRIC_REPRESENTATION_CONTEXT() REPRESENTATION_CONTEXT('2D SPACE',''
  ) );
#5484 = ORIENTED_EDGE('',*,*,#5485,.T.);
#5485 = EDGE_CURVE('',#5456,#5486,#5488,.T.);
#5486 = VERTEX_POINT('',#5487);
#5487 = CARTESIAN_POINT('',(7.9833984375,-4.57890625,3.));
#5488 = SURFACE_CURVE('',#5489,(#5493,#5500),.PCURVE_S1.);
#5489 = B_SPLINE_CURVE_WITH_KNOTS('',2,(#5490,#5491,#5492),
  .UNSPECIFIED.,.F.,.F.,(3,3),(0.,1.),.PIECEWISE_BEZIER_KNOTS.);
#5490 = CARTESIAN_POINT('',(8.06103515625,-4.91611328125,3.));
#5491 = CARTESIAN_POINT('',(7.9833984375,-4.7998046875,3.));
#5492 = CARTESIAN_POINT('',(7.9833984375,-4.57890625,3.));
#5493 = PCURVE('',#100,#5494);
#5494 = DEFINITIONAL_REPRESENTATION('',(#5495),#5499);
#5495 = B_SPLINE_CURVE_WITH_KNOTS('',2,(#5496,#5497,#5498),
  .UNSPECIFIED.,.F.,.F.,(3,3),(0.,1.),.PIECEWISE_BEZIER_KNOTS.);
#5496 = CARTESIAN_POINT('',(8.06103515625,-4.91611328125));
#5497 = CARTESIAN_POINT('',(7.9833984375,-4.7998046875));
#5498 = CARTESIAN_POINT('',(7.9833984375,-4.57890625));
#5499 = ( GEOMETRIC_REPRESENTATION_CONTEXT(2) 
PARAMETRIC_REPRESENTATION_CONTEXT() REPRESENTATION_CONTEXT('2D SPACE',''
  ) );
#5500 = PCURVE('',#5501,#5508);
#5501 = SURFACE_OF_LINEAR_EXTRUSION('',#5502,#5506);
#5502 = B_SPLINE_CURVE_WITH_KNOTS('',2,(#5503,#5504,#5505),
  .UNSPECIFIED.,.F.,.F.,(3,3),(0.,1.),.PIECEWISE_BEZIER_KNOTS.);
#5503 = CARTESIAN_POINT('',(8.06103515625,-4.91611328125,2.7));
#5504 = CARTESIAN_POINT('',(7.9833984375,-4.7998046875,2.7));
#5505 = CARTESIAN_POINT('',(7.9833984375,-4.57890625,2.7));
#5506 = VECTOR('',#5507,1.);
#5507 = DIRECTION('',(-0.,-0.,-1.));
#5508 = DEFINITIONAL_REPRESENTATION('',(#5509),#5513);
#5509 = LINE('',#5510,#5511);
#5510 = CARTESIAN_POINT('',(0.,-0.3));
#5511 = VECTOR('',#5512,1.);
#5512 = DIRECTION('',(1.,0.));
#5513 = ( GEOMETRIC_REPRESENTATION_CONTEXT(2) 
PARAMETRIC_REPRESENTATION_CONTEXT() REPRESENTATION_CONTEXT('2D SPACE',''
  ) );
#5514 = ORIENTED_EDGE('',*,*,#5515,.T.);
#5515 = EDGE_CURVE('',#5486,#5304,#5516,.T.);
#5516 = SURFACE_CURVE('',#5517,(#5521,#5528),.PCURVE_S1.);
#5517 = B_SPLINE_CURVE_WITH_KNOTS('',2,(#5518,#5519,#5520),
  .UNSPECIFIED.,.F.,.F.,(3,3),(0.,1.),.PIECEWISE_BEZIER_KNOTS.);
#5518 = CARTESIAN_POINT('',(7.9833984375,-4.57890625,3.));
#5519 = CARTESIAN_POINT('',(7.9833984375,-4.357421875,3.));
#5520 = CARTESIAN_POINT('',(8.06103515625,-4.24111328125,3.));
#5521 = PCURVE('',#100,#5522);
#5522 = DEFINITIONAL_REPRESENTATION('',(#5523),#5527);
#5523 = B_SPLINE_CURVE_WITH_KNOTS('',2,(#5524,#5525,#5526),
  .UNSPECIFIED.,.F.,.F.,(3,3),(0.,1.),.PIECEWISE_BEZIER_KNOTS.);
#5524 = CARTESIAN_POINT('',(7.9833984375,-4.57890625));
#5525 = CARTESIAN_POINT('',(7.9833984375,-4.357421875));
#5526 = CARTESIAN_POINT('',(8.06103515625,-4.24111328125));
#5527 = ( GEOMETRIC_REPRESENTATION_CONTEXT(2) 
PARAMETRIC_REPRESENTATION_CONTEXT() REPRESENTATION_CONTEXT('2D SPACE',''
  ) );
#5528 = PCURVE('',#5529,#5536);
#5529 = SURFACE_OF_LINEAR_EXTRUSION('',#5530,#5534);
#5530 = B_SPLINE_CURVE_WITH_KNOTS('',2,(#5531,#5532,#5533),
  .UNSPECIFIED.,.F.,.F.,(3,3),(0.,1.),.PIECEWISE_BEZIER_KNOTS.);
#5531 = CARTESIAN_POINT('',(7.9833984375,-4.57890625,2.7));
#5532 = CARTESIAN_POINT('',(7.9833984375,-4.357421875,2.7));
#5533 = CARTESIAN_POINT('',(8.06103515625,-4.24111328125,2.7));
#5534 = VECTOR('',#5535,1.);
#5535 = DIRECTION('',(-0.,-0.,-1.));
#5536 = DEFINITIONAL_REPRESENTATION('',(#5537),#5541);
#5537 = LINE('',#5538,#5539);
#5538 = CARTESIAN_POINT('',(0.,-0.3));
#5539 = VECTOR('',#5540,1.);
#5540 = DIRECTION('',(1.,0.));
#5541 = ( GEOMETRIC_REPRESENTATION_CONTEXT(2) 
PARAMETRIC_REPRESENTATION_CONTEXT() REPRESENTATION_CONTEXT('2D SPACE',''
  ) );
#5542 = FACE_BOUND('',#5543,.T.);
#5543 = EDGE_LOOP('',(#5544,#5574,#5602,#5630,#5658,#5686));
#5544 = ORIENTED_EDGE('',*,*,#5545,.F.);
#5545 = EDGE_CURVE('',#5546,#5548,#5550,.T.);
#5546 = VERTEX_POINT('',#5547);
#5547 = CARTESIAN_POINT('',(-3.45,1.472243186434,3.));
#5548 = VERTEX_POINT('',#5549);
#5549 = CARTESIAN_POINT('',(-6.,2.944486372867,3.));
#5550 = SURFACE_CURVE('',#5551,(#5555,#5562),.PCURVE_S1.);
#5551 = LINE('',#5552,#5553);
#5552 = CARTESIAN_POINT('',(-3.45,1.472243186434,3.));
#5553 = VECTOR('',#5554,1.);
#5554 = DIRECTION('',(-0.866025403784,0.5,0.));
#5555 = PCURVE('',#100,#5556);
#5556 = DEFINITIONAL_REPRESENTATION('',(#5557),#5561);
#5557 = LINE('',#5558,#5559);
#5558 = CARTESIAN_POINT('',(-3.45,1.472243186434));
#5559 = VECTOR('',#5560,1.);
#5560 = DIRECTION('',(-0.866025403784,0.5));
#5561 = ( GEOMETRIC_REPRESENTATION_CONTEXT(2) 
PARAMETRIC_REPRESENTATION_CONTEXT() REPRESENTATION_CONTEXT('2D SPACE',''
  ) );
#5562 = PCURVE('',#5563,#5568);
#5563 = PLANE('',#5564);
#5564 = AXIS2_PLACEMENT_3D('',#5565,#5566,#5567);
#5565 = CARTESIAN_POINT('',(-3.45,1.472243186434,0.8));
#5566 = DIRECTION('',(-0.5,-0.866025403784,0.));
#5567 = DIRECTION('',(-0.866025403784,0.5,0.));
#5568 = DEFINITIONAL_REPRESENTATION('',(#5569),#5573);
#5569 = LINE('',#5570,#5571);
#5570 = CARTESIAN_POINT('',(0.,-2.2));
#5571 = VECTOR('',#5572,1.);
#5572 = DIRECTION('',(1.,0.));
#5573 = ( GEOMETRIC_REPRESENTATION_CONTEXT(2) 
PARAMETRIC_REPRESENTATION_CONTEXT() REPRESENTATION_CONTEXT('2D SPACE',''
  ) );
#5574 = ORIENTED_EDGE('',*,*,#5575,.F.);
#5575 = EDGE_CURVE('',#5576,#5546,#5578,.T.);
#5576 = VERTEX_POINT('',#5577);
#5577 = CARTESIAN_POINT('',(-3.45,-1.472243186434,3.));
#5578 = SURFACE_CURVE('',#5579,(#5583,#5590),.PCURVE_S1.);
#5579 = LINE('',#5580,#5581);
#5580 = CARTESIAN_POINT('',(-3.45,-1.472243186434,3.));
#5581 = VECTOR('',#5582,1.);
#5582 = DIRECTION('',(3.016412057072E-16,1.,0.));
#5583 = PCURVE('',#100,#5584);
#5584 = DEFINITIONAL_REPRESENTATION('',(#5585),#5589);
#5585 = LINE('',#5586,#5587);
#5586 = CARTESIAN_POINT('',(-3.45,-1.472243186434));
#5587 = VECTOR('',#5588,1.);
#5588 = DIRECTION('',(3.016412057072E-16,1.));
#5589 = ( GEOMETRIC_REPRESENTATION_CONTEXT(2) 
PARAMETRIC_REPRESENTATION_CONTEXT() REPRESENTATION_CONTEXT('2D SPACE',''
  ) );
#5590 = PCURVE('',#5591,#5596);
#5591 = PLANE('',#5592);
#5592 = AXIS2_PLACEMENT_3D('',#5593,#5594,#5595);
#5593 = CARTESIAN_POINT('',(-3.45,-1.472243186434,0.8));
#5594 = DIRECTION('',(-1.,3.016412057072E-16,0.));
#5595 = DIRECTION('',(3.016412057072E-16,1.,0.));
#5596 = DEFINITIONAL_REPRESENTATION('',(#5597),#5601);
#5597 = LINE('',#5598,#5599);
#5598 = CARTESIAN_POINT('',(0.,-2.2));
#5599 = VECTOR('',#5600,1.);
#5600 = DIRECTION('',(1.,0.));
#5601 = ( GEOMETRIC_REPRESENTATION_CONTEXT(2) 
PARAMETRIC_REPRESENTATION_CONTEXT() REPRESENTATION_CONTEXT('2D SPACE',''
  ) );
#5602 = ORIENTED_EDGE('',*,*,#5603,.F.);
#5603 = EDGE_CURVE('',#5604,#5576,#5606,.T.);
#5604 = VERTEX_POINT('',#5605);
#5605 = CARTESIAN_POINT('',(-6.,-2.944486372867,3.));
#5606 = SURFACE_CURVE('',#5607,(#5611,#5618),.PCURVE_S1.);
#5607 = LINE('',#5608,#5609);
#5608 = CARTESIAN_POINT('',(-6.,-2.944486372867,3.));
#5609 = VECTOR('',#5610,1.);
#5610 = DIRECTION('',(0.866025403784,0.5,0.));
#5611 = PCURVE('',#100,#5612);
#5612 = DEFINITIONAL_REPRESENTATION('',(#5613),#5617);
#5613 = LINE('',#5614,#5615);
#5614 = CARTESIAN_POINT('',(-6.,-2.944486372867));
#5615 = VECTOR('',#5616,1.);
#5616 = DIRECTION('',(0.866025403784,0.5));
#5617 = ( GEOMETRIC_REPRESENTATION_CONTEXT(2) 
PARAMETRIC_REPRESENTATION_CONTEXT() REPRESENTATION_CONTEXT('2D SPACE',''
  ) );
#5618 = PCURVE('',#5619,#5624);
#5619 = PLANE('',#5620);
#5620 = AXIS2_PLACEMENT_3D('',#5621,#5622,#5623);
#5621 = CARTESIAN_POINT('',(-6.,-2.944486372867,0.8));
#5622 = DIRECTION('',(-0.5,0.866025403784,0.));
#5623 = DIRECTION('',(0.866025403784,0.5,0.));
#5624 = DEFINITIONAL_REPRESENTATION('',(#5625),#5629);
#5625 = LINE('',#5626,#5627);
#5626 = CARTESIAN_POINT('',(0.,-2.2));
#5627 = VECTOR('',#5628,1.);
#5628 = DIRECTION('',(1.,0.));
#5629 = ( GEOMETRIC_REPRESENTATION_CONTEXT(2) 
PARAMETRIC_REPRESENTATION_CONTEXT() REPRESENTATION_CONTEXT('2D SPACE',''
  ) );
#5630 = ORIENTED_EDGE('',*,*,#5631,.F.);
#5631 = EDGE_CURVE('',#5632,#5604,#5634,.T.);
#5632 = VERTEX_POINT('',#5633);
#5633 = CARTESIAN_POINT('',(-8.55,-1.472243186434,3.));
#5634 = SURFACE_CURVE('',#5635,(#5639,#5646),.PCURVE_S1.);
#5635 = LINE('',#5636,#5637);
#5636 = CARTESIAN_POINT('',(-8.55,-1.472243186434,3.));
#5637 = VECTOR('',#5638,1.);
#5638 = DIRECTION('',(0.866025403784,-0.5,0.));
#5639 = PCURVE('',#100,#5640);
#5640 = DEFINITIONAL_REPRESENTATION('',(#5641),#5645);
#5641 = LINE('',#5642,#5643);
#5642 = CARTESIAN_POINT('',(-8.55,-1.472243186434));
#5643 = VECTOR('',#5644,1.);
#5644 = DIRECTION('',(0.866025403784,-0.5));
#5645 = ( GEOMETRIC_REPRESENTATION_CONTEXT(2) 
PARAMETRIC_REPRESENTATION_CONTEXT() REPRESENTATION_CONTEXT('2D SPACE',''
  ) );
#5646 = PCURVE('',#5647,#5652);
#5647 = PLANE('',#5648);
#5648 = AXIS2_PLACEMENT_3D('',#5649,#5650,#5651);
#5649 = CARTESIAN_POINT('',(-8.55,-1.472243186434,0.8));
#5650 = DIRECTION('',(0.5,0.866025403784,-0.));
#5651 = DIRECTION('',(0.866025403784,-0.5,0.));
#5652 = DEFINITIONAL_REPRESENTATION('',(#5653),#5657);
#5653 = LINE('',#5654,#5655);
#5654 = CARTESIAN_POINT('',(0.,-2.2));
#5655 = VECTOR('',#5656,1.);
#5656 = DIRECTION('',(1.,0.));
#5657 = ( GEOMETRIC_REPRESENTATION_CONTEXT(2) 
PARAMETRIC_REPRESENTATION_CONTEXT() REPRESENTATION_CONTEXT('2D SPACE',''
  ) );
#5658 = ORIENTED_EDGE('',*,*,#5659,.F.);
#5659 = EDGE_CURVE('',#5660,#5632,#5662,.T.);
#5660 = VERTEX_POINT('',#5661);
#5661 = CARTESIAN_POINT('',(-8.55,1.472243186434,3.));
#5662 = SURFACE_CURVE('',#5663,(#5667,#5674),.PCURVE_S1.);
#5663 = LINE('',#5664,#5665);
#5664 = CARTESIAN_POINT('',(-8.55,1.472243186434,3.));
#5665 = VECTOR('',#5666,1.);
#5666 = DIRECTION('',(0.,-1.,0.));
#5667 = PCURVE('',#100,#5668);
#5668 = DEFINITIONAL_REPRESENTATION('',(#5669),#5673);
#5669 = LINE('',#5670,#5671);
#5670 = CARTESIAN_POINT('',(-8.55,1.472243186434));
#5671 = VECTOR('',#5672,1.);
#5672 = DIRECTION('',(0.,-1.));
#5673 = ( GEOMETRIC_REPRESENTATION_CONTEXT(2) 
PARAMETRIC_REPRESENTATION_CONTEXT() REPRESENTATION_CONTEXT('2D SPACE',''
  ) );
#5674 = PCURVE('',#5675,#5680);
#5675 = PLANE('',#5676);
#5676 = AXIS2_PLACEMENT_3D('',#5677,#5678,#5679);
#5677 = CARTESIAN_POINT('',(-8.55,1.472243186434,0.8));
#5678 = DIRECTION('',(1.,0.,-0.));
#5679 = DIRECTION('',(0.,-1.,0.));
#5680 = DEFINITIONAL_REPRESENTATION('',(#5681),#5685);
#5681 = LINE('',#5682,#5683);
#5682 = CARTESIAN_POINT('',(0.,-2.2));
#5683 = VECTOR('',#5684,1.);
#5684 = DIRECTION('',(1.,0.));
#5685 = ( GEOMETRIC_REPRESENTATION_CONTEXT(2) 
PARAMETRIC_REPRESENTATION_CONTEXT() REPRESENTATION_CONTEXT('2D SPACE',''
  ) );
#5686 = ORIENTED_EDGE('',*,*,#5687,.F.);
#5687 = EDGE_CURVE('',#5548,#5660,#5688,.T.);
#5688 = SURFACE_CURVE('',#5689,(#5693,#5700),.PCURVE_S1.);
#5689 = LINE('',#5690,#5691);
#5690 = CARTESIAN_POINT('',(-6.,2.944486372867,3.));
#5691 = VECTOR('',#5692,1.);
#5692 = DIRECTION('',(-0.866025403784,-0.5,0.));
#5693 = PCURVE('',#100,#5694);
#5694 = DEFINITIONAL_REPRESENTATION('',(#5695),#5699);
#5695 = LINE('',#5696,#5697);
#5696 = CARTESIAN_POINT('',(-6.,2.944486372867));
#5697 = VECTOR('',#5698,1.);
#5698 = DIRECTION('',(-0.866025403784,-0.5));
#5699 = ( GEOMETRIC_REPRESENTATION_CONTEXT(2) 
PARAMETRIC_REPRESENTATION_CONTEXT() REPRESENTATION_CONTEXT('2D SPACE',''
  ) );
#5700 = PCURVE('',#5701,#5706);
#5701 = PLANE('',#5702);
#5702 = AXIS2_PLACEMENT_3D('',#5703,#5704,#5705);
#5703 = CARTESIAN_POINT('',(-6.,2.944486372867,0.8));
#5704 = DIRECTION('',(0.5,-0.866025403784,0.));
#5705 = DIRECTION('',(-0.866025403784,-0.5,0.));
#5706 = DEFINITIONAL_REPRESENTATION('',(#5707),#5711);
#5707 = LINE('',#5708,#5709);
#5708 = CARTESIAN_POINT('',(0.,-2.2));
#5709 = VECTOR('',#5710,1.);
#5710 = DIRECTION('',(1.,0.));
#5711 = ( GEOMETRIC_REPRESENTATION_CONTEXT(2) 
PARAMETRIC_REPRESENTATION_CONTEXT() REPRESENTATION_CONTEXT('2D SPACE',''
  ) );
#5712 = FACE_BOUND('',#5713,.T.);
#5713 = EDGE_LOOP('',(#5714,#5744,#5772,#5800,#5828,#5856));
#5714 = ORIENTED_EDGE('',*,*,#5715,.F.);
#5715 = EDGE_CURVE('',#5716,#5718,#5720,.T.);
#5716 = VERTEX_POINT('',#5717);
#5717 = CARTESIAN_POINT('',(8.6,1.501110699893,3.));
#5718 = VERTEX_POINT('',#5719);
#5719 = CARTESIAN_POINT('',(6.,3.002221399786,3.));
#5720 = SURFACE_CURVE('',#5721,(#5725,#5732),.PCURVE_S1.);
#5721 = LINE('',#5722,#5723);
#5722 = CARTESIAN_POINT('',(8.6,1.501110699893,3.));
#5723 = VECTOR('',#5724,1.);
#5724 = DIRECTION('',(-0.866025403784,0.5,0.));
#5725 = PCURVE('',#100,#5726);
#5726 = DEFINITIONAL_REPRESENTATION('',(#5727),#5731);
#5727 = LINE('',#5728,#5729);
#5728 = CARTESIAN_POINT('',(8.6,1.501110699893));
#5729 = VECTOR('',#5730,1.);
#5730 = DIRECTION('',(-0.866025403784,0.5));
#5731 = ( GEOMETRIC_REPRESENTATION_CONTEXT(2) 
PARAMETRIC_REPRESENTATION_CONTEXT() REPRESENTATION_CONTEXT('2D SPACE',''
  ) );
#5732 = PCURVE('',#5733,#5738);
#5733 = PLANE('',#5734);
#5734 = AXIS2_PLACEMENT_3D('',#5735,#5736,#5737);
#5735 = CARTESIAN_POINT('',(8.6,1.501110699893,0.8));
#5736 = DIRECTION('',(-0.5,-0.866025403784,0.));
#5737 = DIRECTION('',(-0.866025403784,0.5,0.));
#5738 = DEFINITIONAL_REPRESENTATION('',(#5739),#5743);
#5739 = LINE('',#5740,#5741);
#5740 = CARTESIAN_POINT('',(0.,-2.2));
#5741 = VECTOR('',#5742,1.);
#5742 = DIRECTION('',(1.,0.));
#5743 = ( GEOMETRIC_REPRESENTATION_CONTEXT(2) 
PARAMETRIC_REPRESENTATION_CONTEXT() REPRESENTATION_CONTEXT('2D SPACE',''
  ) );
#5744 = ORIENTED_EDGE('',*,*,#5745,.F.);
#5745 = EDGE_CURVE('',#5746,#5716,#5748,.T.);
#5746 = VERTEX_POINT('',#5747);
#5747 = CARTESIAN_POINT('',(8.6,-1.501110699893,3.));
#5748 = SURFACE_CURVE('',#5749,(#5753,#5760),.PCURVE_S1.);
#5749 = LINE('',#5750,#5751);
#5750 = CARTESIAN_POINT('',(8.6,-1.501110699893,3.));
#5751 = VECTOR('',#5752,1.);
#5752 = DIRECTION('',(0.,1.,0.));
#5753 = PCURVE('',#100,#5754);
#5754 = DEFINITIONAL_REPRESENTATION('',(#5755),#5759);
#5755 = LINE('',#5756,#5757);
#5756 = CARTESIAN_POINT('',(8.6,-1.501110699893));
#5757 = VECTOR('',#5758,1.);
#5758 = DIRECTION('',(0.,1.));
#5759 = ( GEOMETRIC_REPRESENTATION_CONTEXT(2) 
PARAMETRIC_REPRESENTATION_CONTEXT() REPRESENTATION_CONTEXT('2D SPACE',''
  ) );
#5760 = PCURVE('',#5761,#5766);
#5761 = PLANE('',#5762);
#5762 = AXIS2_PLACEMENT_3D('',#5763,#5764,#5765);
#5763 = CARTESIAN_POINT('',(8.6,-1.501110699893,0.8));
#5764 = DIRECTION('',(-1.,0.,0.));
#5765 = DIRECTION('',(0.,1.,0.));
#5766 = DEFINITIONAL_REPRESENTATION('',(#5767),#5771);
#5767 = LINE('',#5768,#5769);
#5768 = CARTESIAN_POINT('',(0.,-2.2));
#5769 = VECTOR('',#5770,1.);
#5770 = DIRECTION('',(1.,0.));
#5771 = ( GEOMETRIC_REPRESENTATION_CONTEXT(2) 
PARAMETRIC_REPRESENTATION_CONTEXT() REPRESENTATION_CONTEXT('2D SPACE',''
  ) );
#5772 = ORIENTED_EDGE('',*,*,#5773,.F.);
#5773 = EDGE_CURVE('',#5774,#5746,#5776,.T.);
#5774 = VERTEX_POINT('',#5775);
#5775 = CARTESIAN_POINT('',(6.,-3.002221399786,3.));
#5776 = SURFACE_CURVE('',#5777,(#5781,#5788),.PCURVE_S1.);
#5777 = LINE('',#5778,#5779);
#5778 = CARTESIAN_POINT('',(6.,-3.002221399786,3.));
#5779 = VECTOR('',#5780,1.);
#5780 = DIRECTION('',(0.866025403784,0.5,0.));
#5781 = PCURVE('',#100,#5782);
#5782 = DEFINITIONAL_REPRESENTATION('',(#5783),#5787);
#5783 = LINE('',#5784,#5785);
#5784 = CARTESIAN_POINT('',(6.,-3.002221399786));
#5785 = VECTOR('',#5786,1.);
#5786 = DIRECTION('',(0.866025403784,0.5));
#5787 = ( GEOMETRIC_REPRESENTATION_CONTEXT(2) 
PARAMETRIC_REPRESENTATION_CONTEXT() REPRESENTATION_CONTEXT('2D SPACE',''
  ) );
#5788 = PCURVE('',#5789,#5794);
#5789 = PLANE('',#5790);
#5790 = AXIS2_PLACEMENT_3D('',#5791,#5792,#5793);
#5791 = CARTESIAN_POINT('',(6.,-3.002221399786,0.8));
#5792 = DIRECTION('',(-0.5,0.866025403784,0.));
#5793 = DIRECTION('',(0.866025403784,0.5,0.));
#5794 = DEFINITIONAL_REPRESENTATION('',(#5795),#5799);
#5795 = LINE('',#5796,#5797);
#5796 = CARTESIAN_POINT('',(0.,-2.2));
#5797 = VECTOR('',#5798,1.);
#5798 = DIRECTION('',(1.,0.));
#5799 = ( GEOMETRIC_REPRESENTATION_CONTEXT(2) 
PARAMETRIC_REPRESENTATION_CONTEXT() REPRESENTATION_CONTEXT('2D SPACE',''
  ) );
#5800 = ORIENTED_EDGE('',*,*,#5801,.F.);
#5801 = EDGE_CURVE('',#5802,#5774,#5804,.T.);
#5802 = VERTEX_POINT('',#5803);
#5803 = CARTESIAN_POINT('',(3.4,-1.501110699893,3.));
#5804 = SURFACE_CURVE('',#5805,(#5809,#5816),.PCURVE_S1.);
#5805 = LINE('',#5806,#5807);
#5806 = CARTESIAN_POINT('',(3.4,-1.501110699893,3.));
#5807 = VECTOR('',#5808,1.);
#5808 = DIRECTION('',(0.866025403784,-0.5,0.));
#5809 = PCURVE('',#100,#5810);
#5810 = DEFINITIONAL_REPRESENTATION('',(#5811),#5815);
#5811 = LINE('',#5812,#5813);
#5812 = CARTESIAN_POINT('',(3.4,-1.501110699893));
#5813 = VECTOR('',#5814,1.);
#5814 = DIRECTION('',(0.866025403784,-0.5));
#5815 = ( GEOMETRIC_REPRESENTATION_CONTEXT(2) 
PARAMETRIC_REPRESENTATION_CONTEXT() REPRESENTATION_CONTEXT('2D SPACE',''
  ) );
#5816 = PCURVE('',#5817,#5822);
#5817 = PLANE('',#5818);
#5818 = AXIS2_PLACEMENT_3D('',#5819,#5820,#5821);
#5819 = CARTESIAN_POINT('',(3.4,-1.501110699893,0.8));
#5820 = DIRECTION('',(0.5,0.866025403784,-0.));
#5821 = DIRECTION('',(0.866025403784,-0.5,0.));
#5822 = DEFINITIONAL_REPRESENTATION('',(#5823),#5827);
#5823 = LINE('',#5824,#5825);
#5824 = CARTESIAN_POINT('',(0.,-2.2));
#5825 = VECTOR('',#5826,1.);
#5826 = DIRECTION('',(1.,0.));
#5827 = ( GEOMETRIC_REPRESENTATION_CONTEXT(2) 
PARAMETRIC_REPRESENTATION_CONTEXT() REPRESENTATION_CONTEXT('2D SPACE',''
  ) );
#5828 = ORIENTED_EDGE('',*,*,#5829,.F.);
#5829 = EDGE_CURVE('',#5830,#5802,#5832,.T.);
#5830 = VERTEX_POINT('',#5831);
#5831 = CARTESIAN_POINT('',(3.4,1.501110699893,3.));
#5832 = SURFACE_CURVE('',#5833,(#5837,#5844),.PCURVE_S1.);
#5833 = LINE('',#5834,#5835);
#5834 = CARTESIAN_POINT('',(3.4,1.501110699893,3.));
#5835 = VECTOR('',#5836,1.);
#5836 = DIRECTION('',(0.,-1.,0.));
#5837 = PCURVE('',#100,#5838);
#5838 = DEFINITIONAL_REPRESENTATION('',(#5839),#5843);
#5839 = LINE('',#5840,#5841);
#5840 = CARTESIAN_POINT('',(3.4,1.501110699893));
#5841 = VECTOR('',#5842,1.);
#5842 = DIRECTION('',(0.,-1.));
#5843 = ( GEOMETRIC_REPRESENTATION_CONTEXT(2) 
PARAMETRIC_REPRESENTATION_CONTEXT() REPRESENTATION_CONTEXT('2D SPACE',''
  ) );
#5844 = PCURVE('',#5845,#5850);
#5845 = PLANE('',#5846);
#5846 = AXIS2_PLACEMENT_3D('',#5847,#5848,#5849);
#5847 = CARTESIAN_POINT('',(3.4,1.501110699893,0.8));
#5848 = DIRECTION('',(1.,0.,-0.));
#5849 = DIRECTION('',(0.,-1.,0.));
#5850 = DEFINITIONAL_REPRESENTATION('',(#5851),#5855);
#5851 = LINE('',#5852,#5853);
#5852 = CARTESIAN_POINT('',(0.,-2.2));
#5853 = VECTOR('',#5854,1.);
#5854 = DIRECTION('',(1.,0.));
#5855 = ( GEOMETRIC_REPRESENTATION_CONTEXT(2) 
PARAMETRIC_REPRESENTATION_CONTEXT() REPRESENTATION_CONTEXT('2D SPACE',''
  ) );
#5856 = ORIENTED_EDGE('',*,*,#5857,.F.);
#5857 = EDGE_CURVE('',#5718,#5830,#5858,.T.);
#5858 = SURFACE_CURVE('',#5859,(#5863,#5870),.PCURVE_S1.);
#5859 = LINE('',#5860,#5861);
#5860 = CARTESIAN_POINT('',(6.,3.002221399786,3.));
#5861 = VECTOR('',#5862,1.);
#5862 = DIRECTION('',(-0.866025403784,-0.5,0.));
#5863 = PCURVE('',#100,#5864);
#5864 = DEFINITIONAL_REPRESENTATION('',(#5865),#5869);
#5865 = LINE('',#5866,#5867);
#5866 = CARTESIAN_POINT('',(6.,3.002221399786));
#5867 = VECTOR('',#5868,1.);
#5868 = DIRECTION('',(-0.866025403784,-0.5));
#5869 = ( GEOMETRIC_REPRESENTATION_CONTEXT(2) 
PARAMETRIC_REPRESENTATION_CONTEXT() REPRESENTATION_CONTEXT('2D SPACE',''
  ) );
#5870 = PCURVE('',#5871,#5876);
#5871 = PLANE('',#5872);
#5872 = AXIS2_PLACEMENT_3D('',#5873,#5874,#5875);
#5873 = CARTESIAN_POINT('',(6.,3.002221399786,0.8));
#5874 = DIRECTION('',(0.5,-0.866025403784,0.));
#5875 = DIRECTION('',(-0.866025403784,-0.5,0.));
#5876 = DEFINITIONAL_REPRESENTATION('',(#5877),#5881);
#5877 = LINE('',#5878,#5879);
#5878 = CARTESIAN_POINT('',(0.,-2.2));
#5879 = VECTOR('',#5880,1.);
#5880 = DIRECTION('',(1.,0.));
#5881 = ( GEOMETRIC_REPRESENTATION_CONTEXT(2) 
PARAMETRIC_REPRESENTATION_CONTEXT() REPRESENTATION_CONTEXT('2D SPACE',''
  ) );
#5882 = ADVANCED_FACE('',(#5883),#296,.F.);
#5883 = FACE_BOUND('',#5884,.F.);
#5884 = EDGE_LOOP('',(#5885,#5886,#5907,#5908));
#5885 = ORIENTED_EDGE('',*,*,#280,.F.);
#5886 = ORIENTED_EDGE('',*,*,#5887,.T.);
#5887 = EDGE_CURVE('',#252,#576,#5888,.T.);
#5888 = SURFACE_CURVE('',#5889,(#5893,#5900),.PCURVE_S1.);
#5889 = LINE('',#5890,#5891);
#5890 = CARTESIAN_POINT('',(-12.,5.,0.));
#5891 = VECTOR('',#5892,1.);
#5892 = DIRECTION('',(0.,0.,1.));
#5893 = PCURVE('',#296,#5894);
#5894 = DEFINITIONAL_REPRESENTATION('',(#5895),#5899);
#5895 = LINE('',#5896,#5897);
#5896 = CARTESIAN_POINT('',(1.,0.));
#5897 = VECTOR('',#5898,1.);
#5898 = DIRECTION('',(0.,-1.));
#5899 = ( GEOMETRIC_REPRESENTATION_CONTEXT(2) 
PARAMETRIC_REPRESENTATION_CONTEXT() REPRESENTATION_CONTEXT('2D SPACE',''
  ) );
#5900 = PCURVE('',#268,#5901);
#5901 = DEFINITIONAL_REPRESENTATION('',(#5902),#5906);
#5902 = LINE('',#5903,#5904);
#5903 = CARTESIAN_POINT('',(1.570796326795,0.));
#5904 = VECTOR('',#5905,1.);
#5905 = DIRECTION('',(0.,1.));
#5906 = ( GEOMETRIC_REPRESENTATION_CONTEXT(2) 
PARAMETRIC_REPRESENTATION_CONTEXT() REPRESENTATION_CONTEXT('2D SPACE',''
  ) );
#5907 = ORIENTED_EDGE('',*,*,#599,.T.);
#5908 = ORIENTED_EDGE('',*,*,#400,.F.);
#5909 = ADVANCED_FACE('',(#5910),#182,.F.);
#5910 = FACE_BOUND('',#5911,.F.);
#5911 = EDGE_LOOP('',(#5912,#5913,#5914,#5915));
#5912 = ORIENTED_EDGE('',*,*,#166,.F.);
#5913 = ORIENTED_EDGE('',*,*,#454,.T.);
#5914 = ORIENTED_EDGE('',*,*,#505,.T.);
#5915 = ORIENTED_EDGE('',*,*,#5916,.F.);
#5916 = EDGE_CURVE('',#167,#506,#5917,.T.);
#5917 = SURFACE_CURVE('',#5918,(#5922,#5929),.PCURVE_S1.);
#5918 = LINE('',#5919,#5920);
#5919 = CARTESIAN_POINT('',(12.,5.,0.));
#5920 = VECTOR('',#5921,1.);
#5921 = DIRECTION('',(0.,0.,1.));
#5922 = PCURVE('',#182,#5923);
#5923 = DEFINITIONAL_REPRESENTATION('',(#5924),#5928);
#5924 = LINE('',#5925,#5926);
#5925 = CARTESIAN_POINT('',(11.,0.));
#5926 = VECTOR('',#5927,1.);
#5927 = DIRECTION('',(0.,-1.));
#5928 = ( GEOMETRIC_REPRESENTATION_CONTEXT(2) 
PARAMETRIC_REPRESENTATION_CONTEXT() REPRESENTATION_CONTEXT('2D SPACE',''
  ) );
#5929 = PCURVE('',#211,#5930);
#5930 = DEFINITIONAL_REPRESENTATION('',(#5931),#5935);
#5931 = LINE('',#5932,#5933);
#5932 = CARTESIAN_POINT('',(0.,0.));
#5933 = VECTOR('',#5934,1.);
#5934 = DIRECTION('',(0.,1.));
#5935 = ( GEOMETRIC_REPRESENTATION_CONTEXT(2) 
PARAMETRIC_REPRESENTATION_CONTEXT() REPRESENTATION_CONTEXT('2D SPACE',''
  ) );
#5936 = ADVANCED_FACE('',(#5937),#268,.T.);
#5937 = FACE_BOUND('',#5938,.T.);
#5938 = EDGE_LOOP('',(#5939,#5940,#5941,#5942));
#5939 = ORIENTED_EDGE('',*,*,#251,.T.);
#5940 = ORIENTED_EDGE('',*,*,#5887,.T.);
#5941 = ORIENTED_EDGE('',*,*,#575,.F.);
#5942 = ORIENTED_EDGE('',*,*,#5943,.F.);
#5943 = EDGE_CURVE('',#224,#553,#5944,.T.);
#5944 = SURFACE_CURVE('',#5945,(#5949,#5956),.PCURVE_S1.);
#5945 = LINE('',#5946,#5947);
#5946 = CARTESIAN_POINT('',(-11.,6.,0.));
#5947 = VECTOR('',#5948,1.);
#5948 = DIRECTION('',(0.,0.,1.));
#5949 = PCURVE('',#268,#5950);
#5950 = DEFINITIONAL_REPRESENTATION('',(#5951),#5955);
#5951 = LINE('',#5952,#5953);
#5952 = CARTESIAN_POINT('',(0.,0.));
#5953 = VECTOR('',#5954,1.);
#5954 = DIRECTION('',(0.,1.));
#5955 = ( GEOMETRIC_REPRESENTATION_CONTEXT(2) 
PARAMETRIC_REPRESENTATION_CONTEXT() REPRESENTATION_CONTEXT('2D SPACE',''
  ) );
#5956 = PCURVE('',#239,#5957);
#5957 = DEFINITIONAL_REPRESENTATION('',(#5958),#5962);
#5958 = LINE('',#5959,#5960);
#5959 = CARTESIAN_POINT('',(23.,0.));
#5960 = VECTOR('',#5961,1.);
#5961 = DIRECTION('',(0.,-1.));
#5962 = ( GEOMETRIC_REPRESENTATION_CONTEXT(2) 
PARAMETRIC_REPRESENTATION_CONTEXT() REPRESENTATION_CONTEXT('2D SPACE',''
  ) );
#5963 = ADVANCED_FACE('',(#5964),#211,.T.);
#5964 = FACE_BOUND('',#5965,.T.);
#5965 = EDGE_LOOP('',(#5966,#5967,#5988,#5989));
#5966 = ORIENTED_EDGE('',*,*,#194,.T.);
#5967 = ORIENTED_EDGE('',*,*,#5968,.T.);
#5968 = EDGE_CURVE('',#195,#529,#5969,.T.);
#5969 = SURFACE_CURVE('',#5970,(#5974,#5981),.PCURVE_S1.);
#5970 = LINE('',#5971,#5972);
#5971 = CARTESIAN_POINT('',(11.,6.,0.));
#5972 = VECTOR('',#5973,1.);
#5973 = DIRECTION('',(0.,0.,1.));
#5974 = PCURVE('',#211,#5975);
#5975 = DEFINITIONAL_REPRESENTATION('',(#5976),#5980);
#5976 = LINE('',#5977,#5978);
#5977 = CARTESIAN_POINT('',(1.570796326795,0.));
#5978 = VECTOR('',#5979,1.);
#5979 = DIRECTION('',(0.,1.));
#5980 = ( GEOMETRIC_REPRESENTATION_CONTEXT(2) 
PARAMETRIC_REPRESENTATION_CONTEXT() REPRESENTATION_CONTEXT('2D SPACE',''
  ) );
#5981 = PCURVE('',#239,#5982);
#5982 = DEFINITIONAL_REPRESENTATION('',(#5983),#5987);
#5983 = LINE('',#5984,#5985);
#5984 = CARTESIAN_POINT('',(1.,0.));
#5985 = VECTOR('',#5986,1.);
#5986 = DIRECTION('',(0.,-1.));
#5987 = ( GEOMETRIC_REPRESENTATION_CONTEXT(2) 
PARAMETRIC_REPRESENTATION_CONTEXT() REPRESENTATION_CONTEXT('2D SPACE',''
  ) );
#5988 = ORIENTED_EDGE('',*,*,#528,.F.);
#5989 = ORIENTED_EDGE('',*,*,#5916,.F.);
#5990 = ADVANCED_FACE('',(#5991),#239,.F.);
#5991 = FACE_BOUND('',#5992,.F.);
#5992 = EDGE_LOOP('',(#5993,#5994,#5995,#5996));
#5993 = ORIENTED_EDGE('',*,*,#223,.F.);
#5994 = ORIENTED_EDGE('',*,*,#5968,.T.);
#5995 = ORIENTED_EDGE('',*,*,#552,.T.);
#5996 = ORIENTED_EDGE('',*,*,#5943,.F.);
#5997 = ADVANCED_FACE('',(#5998),#353,.F.);
#5998 = FACE_BOUND('',#5999,.T.);
#5999 = EDGE_LOOP('',(#6000,#6001,#6024,#6055));
#6000 = ORIENTED_EDGE('',*,*,#336,.F.);
#6001 = ORIENTED_EDGE('',*,*,#6002,.T.);
#6002 = EDGE_CURVE('',#337,#6003,#6005,.T.);
#6003 = VERTEX_POINT('',#6004);
#6004 = CARTESIAN_POINT('',(-4.5,0.,0.8));
#6005 = SEAM_CURVE('',#6006,(#6010,#6017),.PCURVE_S1.);
#6006 = LINE('',#6007,#6008);
#6007 = CARTESIAN_POINT('',(-4.5,0.,0.));
#6008 = VECTOR('',#6009,1.);
#6009 = DIRECTION('',(0.,0.,1.));
#6010 = PCURVE('',#353,#6011);
#6011 = DEFINITIONAL_REPRESENTATION('',(#6012),#6016);
#6012 = LINE('',#6013,#6014);
#6013 = CARTESIAN_POINT('',(-6.28318530718,0.));
#6014 = VECTOR('',#6015,1.);
#6015 = DIRECTION('',(-0.,-1.));
#6016 = ( GEOMETRIC_REPRESENTATION_CONTEXT(2) 
PARAMETRIC_REPRESENTATION_CONTEXT() REPRESENTATION_CONTEXT('2D SPACE',''
  ) );
#6017 = PCURVE('',#353,#6018);
#6018 = DEFINITIONAL_REPRESENTATION('',(#6019),#6023);
#6019 = LINE('',#6020,#6021);
#6020 = CARTESIAN_POINT('',(-0.,0.));
#6021 = VECTOR('',#6022,1.);
#6022 = DIRECTION('',(-0.,-1.));
#6023 = ( GEOMETRIC_REPRESENTATION_CONTEXT(2) 
PARAMETRIC_REPRESENTATION_CONTEXT() REPRESENTATION_CONTEXT('2D SPACE',''
  ) );
#6024 = ORIENTED_EDGE('',*,*,#6025,.F.);
#6025 = EDGE_CURVE('',#6003,#6003,#6026,.T.);
#6026 = SURFACE_CURVE('',#6027,(#6032,#6039),.PCURVE_S1.);
#6027 = CIRCLE('',#6028,1.5);
#6028 = AXIS2_PLACEMENT_3D('',#6029,#6030,#6031);
#6029 = CARTESIAN_POINT('',(-6.,0.,0.8));
#6030 = DIRECTION('',(0.,0.,-1.));
#6031 = DIRECTION('',(1.,0.,0.));
#6032 = PCURVE('',#353,#6033);
#6033 = DEFINITIONAL_REPRESENTATION('',(#6034),#6038);
#6034 = LINE('',#6035,#6036);
#6035 = CARTESIAN_POINT('',(-6.28318530718,-0.8));
#6036 = VECTOR('',#6037,1.);
#6037 = DIRECTION('',(1.,-0.));
#6038 = ( GEOMETRIC_REPRESENTATION_CONTEXT(2) 
PARAMETRIC_REPRESENTATION_CONTEXT() REPRESENTATION_CONTEXT('2D SPACE',''
  ) );
#6039 = PCURVE('',#6040,#6045);
#6040 = PLANE('',#6041);
#6041 = AXIS2_PLACEMENT_3D('',#6042,#6043,#6044);
#6042 = CARTESIAN_POINT('',(-6.,-2.513676714227E-17,0.8));
#6043 = DIRECTION('',(0.,0.,1.));
#6044 = DIRECTION('',(1.,0.,-0.));
#6045 = DEFINITIONAL_REPRESENTATION('',(#6046),#6054);
#6046 = ( BOUNDED_CURVE() B_SPLINE_CURVE(2,(#6047,#6048,#6049,#6050,
#6051,#6052,#6053),.UNSPECIFIED.,.T.,.F.) B_SPLINE_CURVE_WITH_KNOTS((1,2
    ,2,2,2,1),(-2.094395102393,0.,2.094395102393,4.188790204786,
6.28318530718,8.377580409573),.UNSPECIFIED.) CURVE() 
GEOMETRIC_REPRESENTATION_ITEM() RATIONAL_B_SPLINE_CURVE((1.,0.5,1.,0.5,
1.,0.5,1.)) REPRESENTATION_ITEM('') );
#6047 = CARTESIAN_POINT('',(1.5,2.513676714227E-17));
#6048 = CARTESIAN_POINT('',(1.5,-2.598076211353));
#6049 = CARTESIAN_POINT('',(-0.75,-1.299038105677));
#6050 = CARTESIAN_POINT('',(-3.,-3.422572726019E-16));
#6051 = CARTESIAN_POINT('',(-0.75,1.299038105677));
#6052 = CARTESIAN_POINT('',(1.5,2.598076211353));
#6053 = CARTESIAN_POINT('',(1.5,2.513676714227E-17));
#6054 = ( GEOMETRIC_REPRESENTATION_CONTEXT(2) 
PARAMETRIC_REPRESENTATION_CONTEXT() REPRESENTATION_CONTEXT('2D SPACE',''
  ) );
#6055 = ORIENTED_EDGE('',*,*,#6002,.F.);
#6056 = ADVANCED_FACE('',(#6057),#384,.F.);
#6057 = FACE_BOUND('',#6058,.T.);
#6058 = EDGE_LOOP('',(#6059,#6060,#6083,#6114));
#6059 = ORIENTED_EDGE('',*,*,#367,.F.);
#6060 = ORIENTED_EDGE('',*,*,#6061,.T.);
#6061 = EDGE_CURVE('',#368,#6062,#6064,.T.);
#6062 = VERTEX_POINT('',#6063);
#6063 = CARTESIAN_POINT('',(7.5,0.,0.8));
#6064 = SEAM_CURVE('',#6065,(#6069,#6076),.PCURVE_S1.);
#6065 = LINE('',#6066,#6067);
#6066 = CARTESIAN_POINT('',(7.5,0.,0.));
#6067 = VECTOR('',#6068,1.);
#6068 = DIRECTION('',(0.,0.,1.));
#6069 = PCURVE('',#384,#6070);
#6070 = DEFINITIONAL_REPRESENTATION('',(#6071),#6075);
#6071 = LINE('',#6072,#6073);
#6072 = CARTESIAN_POINT('',(-6.28318530718,0.));
#6073 = VECTOR('',#6074,1.);
#6074 = DIRECTION('',(-0.,-1.));
#6075 = ( GEOMETRIC_REPRESENTATION_CONTEXT(2) 
PARAMETRIC_REPRESENTATION_CONTEXT() REPRESENTATION_CONTEXT('2D SPACE',''
  ) );
#6076 = PCURVE('',#384,#6077);
#6077 = DEFINITIONAL_REPRESENTATION('',(#6078),#6082);
#6078 = LINE('',#6079,#6080);
#6079 = CARTESIAN_POINT('',(-0.,0.));
#6080 = VECTOR('',#6081,1.);
#6081 = DIRECTION('',(-0.,-1.));
#6082 = ( GEOMETRIC_REPRESENTATION_CONTEXT(2) 
PARAMETRIC_REPRESENTATION_CONTEXT() REPRESENTATION_CONTEXT('2D SPACE',''
  ) );
#6083 = ORIENTED_EDGE('',*,*,#6084,.F.);
#6084 = EDGE_CURVE('',#6062,#6062,#6085,.T.);
#6085 = SURFACE_CURVE('',#6086,(#6091,#6098),.PCURVE_S1.);
#6086 = CIRCLE('',#6087,1.5);
#6087 = AXIS2_PLACEMENT_3D('',#6088,#6089,#6090);
#6088 = CARTESIAN_POINT('',(6.,0.,0.8));
#6089 = DIRECTION('',(0.,0.,-1.));
#6090 = DIRECTION('',(1.,0.,0.));
#6091 = PCURVE('',#384,#6092);
#6092 = DEFINITIONAL_REPRESENTATION('',(#6093),#6097);
#6093 = LINE('',#6094,#6095);
#6094 = CARTESIAN_POINT('',(-6.28318530718,-0.8));
#6095 = VECTOR('',#6096,1.);
#6096 = DIRECTION('',(1.,-0.));
#6097 = ( GEOMETRIC_REPRESENTATION_CONTEXT(2) 
PARAMETRIC_REPRESENTATION_CONTEXT() REPRESENTATION_CONTEXT('2D SPACE',''
  ) );
#6098 = PCURVE('',#6099,#6104);
#6099 = PLANE('',#6100);
#6100 = AXIS2_PLACEMENT_3D('',#6101,#6102,#6103);
#6101 = CARTESIAN_POINT('',(6.,-1.972269421932E-16,0.8));
#6102 = DIRECTION('',(0.,0.,1.));
#6103 = DIRECTION('',(1.,0.,-0.));
#6104 = DEFINITIONAL_REPRESENTATION('',(#6105),#6113);
#6105 = ( BOUNDED_CURVE() B_SPLINE_CURVE(2,(#6106,#6107,#6108,#6109,
#6110,#6111,#6112),.UNSPECIFIED.,.T.,.F.) B_SPLINE_CURVE_WITH_KNOTS((1,2
    ,2,2,2,1),(-2.094395102393,0.,2.094395102393,4.188790204786,
6.28318530718,8.377580409573),.UNSPECIFIED.) CURVE() 
GEOMETRIC_REPRESENTATION_ITEM() RATIONAL_B_SPLINE_CURVE((1.,0.5,1.,0.5,
1.,0.5,1.)) REPRESENTATION_ITEM('') );
#6106 = CARTESIAN_POINT('',(1.5,1.972269421932E-16));
#6107 = CARTESIAN_POINT('',(1.5,-2.598076211353));
#6108 = CARTESIAN_POINT('',(-0.75,-1.299038105677));
#6109 = CARTESIAN_POINT('',(-3.,-1.70167097551E-16));
#6110 = CARTESIAN_POINT('',(-0.75,1.299038105677));
#6111 = CARTESIAN_POINT('',(1.5,2.598076211353));
#6112 = CARTESIAN_POINT('',(1.5,1.972269421932E-16));
#6113 = ( GEOMETRIC_REPRESENTATION_CONTEXT(2) 
PARAMETRIC_REPRESENTATION_CONTEXT() REPRESENTATION_CONTEXT('2D SPACE',''
  ) );
#6114 = ORIENTED_EDGE('',*,*,#6061,.F.);
#6115 = ADVANCED_FACE('',(#6116),#641,.F.);
#6116 = FACE_BOUND('',#6117,.F.);
#6117 = EDGE_LOOP('',(#6118,#6141,#6142,#6165));
#6118 = ORIENTED_EDGE('',*,*,#6119,.T.);
#6119 = EDGE_CURVE('',#6120,#624,#6122,.T.);
#6120 = VERTEX_POINT('',#6121);
#6121 = CARTESIAN_POINT('',(-7.8380859375,-4.92431640625,2.7));
#6122 = SURFACE_CURVE('',#6123,(#6127,#6134),.PCURVE_S1.);
#6123 = LINE('',#6124,#6125);
#6124 = CARTESIAN_POINT('',(-7.8380859375,-4.92431640625,2.7));
#6125 = VECTOR('',#6126,1.);
#6126 = DIRECTION('',(0.,0.,1.));
#6127 = PCURVE('',#641,#6128);
#6128 = DEFINITIONAL_REPRESENTATION('',(#6129),#6133);
#6129 = LINE('',#6130,#6131);
#6130 = CARTESIAN_POINT('',(0.,0.));
#6131 = VECTOR('',#6132,1.);
#6132 = DIRECTION('',(0.,-1.));
#6133 = ( GEOMETRIC_REPRESENTATION_CONTEXT(2) 
PARAMETRIC_REPRESENTATION_CONTEXT() REPRESENTATION_CONTEXT('2D SPACE',''
  ) );
#6134 = PCURVE('',#1257,#6135);
#6135 = DEFINITIONAL_REPRESENTATION('',(#6136),#6140);
#6136 = LINE('',#6137,#6138);
#6137 = CARTESIAN_POINT('',(1.,0.));
#6138 = VECTOR('',#6139,1.);
#6139 = DIRECTION('',(0.,-1.));
#6140 = ( GEOMETRIC_REPRESENTATION_CONTEXT(2) 
PARAMETRIC_REPRESENTATION_CONTEXT() REPRESENTATION_CONTEXT('2D SPACE',''
  ) );
#6141 = ORIENTED_EDGE('',*,*,#623,.T.);
#6142 = ORIENTED_EDGE('',*,*,#6143,.F.);
#6143 = EDGE_CURVE('',#6144,#626,#6146,.T.);
#6144 = VERTEX_POINT('',#6145);
#6145 = CARTESIAN_POINT('',(-7.749609375,-4.890625,2.7));
#6146 = SURFACE_CURVE('',#6147,(#6151,#6158),.PCURVE_S1.);
#6147 = LINE('',#6148,#6149);
#6148 = CARTESIAN_POINT('',(-7.749609375,-4.890625,2.7));
#6149 = VECTOR('',#6150,1.);
#6150 = DIRECTION('',(0.,0.,1.));
#6151 = PCURVE('',#641,#6152);
#6152 = DEFINITIONAL_REPRESENTATION('',(#6153),#6157);
#6153 = LINE('',#6154,#6155);
#6154 = CARTESIAN_POINT('',(1.,0.));
#6155 = VECTOR('',#6156,1.);
#6156 = DIRECTION('',(0.,-1.));
#6157 = ( GEOMETRIC_REPRESENTATION_CONTEXT(2) 
PARAMETRIC_REPRESENTATION_CONTEXT() REPRESENTATION_CONTEXT('2D SPACE',''
  ) );
#6158 = PCURVE('',#671,#6159);
#6159 = DEFINITIONAL_REPRESENTATION('',(#6160),#6164);
#6160 = LINE('',#6161,#6162);
#6161 = CARTESIAN_POINT('',(0.,0.));
#6162 = VECTOR('',#6163,1.);
#6163 = DIRECTION('',(0.,-1.));
#6164 = ( GEOMETRIC_REPRESENTATION_CONTEXT(2) 
PARAMETRIC_REPRESENTATION_CONTEXT() REPRESENTATION_CONTEXT('2D SPACE',''
  ) );
#6165 = ORIENTED_EDGE('',*,*,#6166,.F.);
#6166 = EDGE_CURVE('',#6120,#6144,#6167,.T.);
#6167 = SURFACE_CURVE('',#6168,(#6172,#6179),.PCURVE_S1.);
#6168 = B_SPLINE_CURVE_WITH_KNOTS('',2,(#6169,#6170,#6171),
  .UNSPECIFIED.,.F.,.F.,(3,3),(0.,1.),.PIECEWISE_BEZIER_KNOTS.);
#6169 = CARTESIAN_POINT('',(-7.8380859375,-4.92431640625,2.7));
#6170 = CARTESIAN_POINT('',(-7.7888671875,-4.9134765625,2.7));
#6171 = CARTESIAN_POINT('',(-7.749609375,-4.890625,2.7));
#6172 = PCURVE('',#641,#6173);
#6173 = DEFINITIONAL_REPRESENTATION('',(#6174),#6178);
#6174 = LINE('',#6175,#6176);
#6175 = CARTESIAN_POINT('',(0.,0.));
#6176 = VECTOR('',#6177,1.);
#6177 = DIRECTION('',(1.,0.));
#6178 = ( GEOMETRIC_REPRESENTATION_CONTEXT(2) 
PARAMETRIC_REPRESENTATION_CONTEXT() REPRESENTATION_CONTEXT('2D SPACE',''
  ) );
#6179 = PCURVE('',#6180,#6185);
#6180 = PLANE('',#6181);
#6181 = AXIS2_PLACEMENT_3D('',#6182,#6183,#6184);
#6182 = CARTESIAN_POINT('',(-8.4638671875,-5.0154296875,2.7));
#6183 = DIRECTION('',(0.,0.,1.));
#6184 = DIRECTION('',(1.,0.,0.));
#6185 = DEFINITIONAL_REPRESENTATION('',(#6186),#6190);
#6186 = B_SPLINE_CURVE_WITH_KNOTS('',2,(#6187,#6188,#6189),
  .UNSPECIFIED.,.F.,.F.,(3,3),(0.,1.),.PIECEWISE_BEZIER_KNOTS.);
#6187 = CARTESIAN_POINT('',(0.62578125,9.111328125E-02));
#6188 = CARTESIAN_POINT('',(0.675,0.101953125));
#6189 = CARTESIAN_POINT('',(0.7142578125,0.1248046875));
#6190 = ( GEOMETRIC_REPRESENTATION_CONTEXT(2) 
PARAMETRIC_REPRESENTATION_CONTEXT() REPRESENTATION_CONTEXT('2D SPACE',''
  ) );
#6191 = ADVANCED_FACE('',(#6192),#1257,.F.);
#6192 = FACE_BOUND('',#6193,.F.);
#6193 = EDGE_LOOP('',(#6194,#6217,#6218,#6219));
#6194 = ORIENTED_EDGE('',*,*,#6195,.T.);
#6195 = EDGE_CURVE('',#6196,#1214,#6198,.T.);
#6196 = VERTEX_POINT('',#6197);
#6197 = CARTESIAN_POINT('',(-7.95,-4.93515625,2.7));
#6198 = SURFACE_CURVE('',#6199,(#6203,#6210),.PCURVE_S1.);
#6199 = LINE('',#6200,#6201);
#6200 = CARTESIAN_POINT('',(-7.95,-4.93515625,2.7));
#6201 = VECTOR('',#6202,1.);
#6202 = DIRECTION('',(0.,0.,1.));
#6203 = PCURVE('',#1257,#6204);
#6204 = DEFINITIONAL_REPRESENTATION('',(#6205),#6209);
#6205 = LINE('',#6206,#6207);
#6206 = CARTESIAN_POINT('',(0.,0.));
#6207 = VECTOR('',#6208,1.);
#6208 = DIRECTION('',(0.,-1.));
#6209 = ( GEOMETRIC_REPRESENTATION_CONTEXT(2) 
PARAMETRIC_REPRESENTATION_CONTEXT() REPRESENTATION_CONTEXT('2D SPACE',''
  ) );
#6210 = PCURVE('',#1229,#6211);
#6211 = DEFINITIONAL_REPRESENTATION('',(#6212),#6216);
#6212 = LINE('',#6213,#6214);
#6213 = CARTESIAN_POINT('',(1.,0.));
#6214 = VECTOR('',#6215,1.);
#6215 = DIRECTION('',(0.,-1.));
#6216 = ( GEOMETRIC_REPRESENTATION_CONTEXT(2) 
PARAMETRIC_REPRESENTATION_CONTEXT() REPRESENTATION_CONTEXT('2D SPACE',''
  ) );
#6217 = ORIENTED_EDGE('',*,*,#1243,.T.);
#6218 = ORIENTED_EDGE('',*,*,#6119,.F.);
#6219 = ORIENTED_EDGE('',*,*,#6220,.F.);
#6220 = EDGE_CURVE('',#6196,#6120,#6221,.T.);
#6221 = SURFACE_CURVE('',#6222,(#6226,#6233),.PCURVE_S1.);
#6222 = B_SPLINE_CURVE_WITH_KNOTS('',2,(#6223,#6224,#6225),
  .UNSPECIFIED.,.F.,.F.,(3,3),(0.,1.),.PIECEWISE_BEZIER_KNOTS.);
#6223 = CARTESIAN_POINT('',(-7.95,-4.93515625,2.7));
#6224 = CARTESIAN_POINT('',(-7.8873046875,-4.93515625,2.7));
#6225 = CARTESIAN_POINT('',(-7.8380859375,-4.92431640625,2.7));
#6226 = PCURVE('',#1257,#6227);
#6227 = DEFINITIONAL_REPRESENTATION('',(#6228),#6232);
#6228 = LINE('',#6229,#6230);
#6229 = CARTESIAN_POINT('',(0.,0.));
#6230 = VECTOR('',#6231,1.);
#6231 = DIRECTION('',(1.,0.));
#6232 = ( GEOMETRIC_REPRESENTATION_CONTEXT(2) 
PARAMETRIC_REPRESENTATION_CONTEXT() REPRESENTATION_CONTEXT('2D SPACE',''
  ) );
#6233 = PCURVE('',#6180,#6234);
#6234 = DEFINITIONAL_REPRESENTATION('',(#6235),#6239);
#6235 = B_SPLINE_CURVE_WITH_KNOTS('',2,(#6236,#6237,#6238),
  .UNSPECIFIED.,.F.,.F.,(3,3),(0.,1.),.PIECEWISE_BEZIER_KNOTS.);
#6236 = CARTESIAN_POINT('',(0.5138671875,8.02734375E-02));
#6237 = CARTESIAN_POINT('',(0.5765625,8.02734375E-02));
#6238 = CARTESIAN_POINT('',(0.62578125,9.111328125E-02));
#6239 = ( GEOMETRIC_REPRESENTATION_CONTEXT(2) 
PARAMETRIC_REPRESENTATION_CONTEXT() REPRESENTATION_CONTEXT('2D SPACE',''
  ) );
#6240 = ADVANCED_FACE('',(#6241),#671,.F.);
#6241 = FACE_BOUND('',#6242,.F.);
#6242 = EDGE_LOOP('',(#6243,#6244,#6245,#6268));
#6243 = ORIENTED_EDGE('',*,*,#6143,.T.);
#6244 = ORIENTED_EDGE('',*,*,#655,.T.);
#6245 = ORIENTED_EDGE('',*,*,#6246,.F.);
#6246 = EDGE_CURVE('',#6247,#656,#6249,.T.);
#6247 = VERTEX_POINT('',#6248);
#6248 = CARTESIAN_POINT('',(-7.749609375,-4.6556640625,2.7));
#6249 = SURFACE_CURVE('',#6250,(#6254,#6261),.PCURVE_S1.);
#6250 = LINE('',#6251,#6252);
#6251 = CARTESIAN_POINT('',(-7.749609375,-4.6556640625,2.7));
#6252 = VECTOR('',#6253,1.);
#6253 = DIRECTION('',(0.,0.,1.));
#6254 = PCURVE('',#671,#6255);
#6255 = DEFINITIONAL_REPRESENTATION('',(#6256),#6260);
#6256 = LINE('',#6257,#6258);
#6257 = CARTESIAN_POINT('',(0.2349609375,0.));
#6258 = VECTOR('',#6259,1.);
#6259 = DIRECTION('',(0.,-1.));
#6260 = ( GEOMETRIC_REPRESENTATION_CONTEXT(2) 
PARAMETRIC_REPRESENTATION_CONTEXT() REPRESENTATION_CONTEXT('2D SPACE',''
  ) );
#6261 = PCURVE('',#699,#6262);
#6262 = DEFINITIONAL_REPRESENTATION('',(#6263),#6267);
#6263 = LINE('',#6264,#6265);
#6264 = CARTESIAN_POINT('',(0.,-0.));
#6265 = VECTOR('',#6266,1.);
#6266 = DIRECTION('',(0.,-1.));
#6267 = ( GEOMETRIC_REPRESENTATION_CONTEXT(2) 
PARAMETRIC_REPRESENTATION_CONTEXT() REPRESENTATION_CONTEXT('2D SPACE',''
  ) );
#6268 = ORIENTED_EDGE('',*,*,#6269,.F.);
#6269 = EDGE_CURVE('',#6144,#6247,#6270,.T.);
#6270 = SURFACE_CURVE('',#6271,(#6275,#6282),.PCURVE_S1.);
#6271 = LINE('',#6272,#6273);
#6272 = CARTESIAN_POINT('',(-7.749609375,-4.890625,2.7));
#6273 = VECTOR('',#6274,1.);
#6274 = DIRECTION('',(0.,1.,0.));
#6275 = PCURVE('',#671,#6276);
#6276 = DEFINITIONAL_REPRESENTATION('',(#6277),#6281);
#6277 = LINE('',#6278,#6279);
#6278 = CARTESIAN_POINT('',(8.881784197001E-16,0.));
#6279 = VECTOR('',#6280,1.);
#6280 = DIRECTION('',(1.,0.));
#6281 = ( GEOMETRIC_REPRESENTATION_CONTEXT(2) 
PARAMETRIC_REPRESENTATION_CONTEXT() REPRESENTATION_CONTEXT('2D SPACE',''
  ) );
#6282 = PCURVE('',#6180,#6283);
#6283 = DEFINITIONAL_REPRESENTATION('',(#6284),#6288);
#6284 = LINE('',#6285,#6286);
#6285 = CARTESIAN_POINT('',(0.7142578125,0.1248046875));
#6286 = VECTOR('',#6287,1.);
#6287 = DIRECTION('',(0.,1.));
#6288 = ( GEOMETRIC_REPRESENTATION_CONTEXT(2) 
PARAMETRIC_REPRESENTATION_CONTEXT() REPRESENTATION_CONTEXT('2D SPACE',''
  ) );
#6289 = ADVANCED_FACE('',(#6290),#1229,.F.);
#6290 = FACE_BOUND('',#6291,.F.);
#6291 = EDGE_LOOP('',(#6292,#6315,#6316,#6317));
#6292 = ORIENTED_EDGE('',*,*,#6293,.T.);
#6293 = EDGE_CURVE('',#6294,#1184,#6296,.T.);
#6294 = VERTEX_POINT('',#6295);
#6295 = CARTESIAN_POINT('',(-8.19111328125,-4.8455078125,2.7));
#6296 = SURFACE_CURVE('',#6297,(#6301,#6308),.PCURVE_S1.);
#6297 = LINE('',#6298,#6299);
#6298 = CARTESIAN_POINT('',(-8.19111328125,-4.8455078125,2.7));
#6299 = VECTOR('',#6300,1.);
#6300 = DIRECTION('',(0.,0.,1.));
#6301 = PCURVE('',#1229,#6302);
#6302 = DEFINITIONAL_REPRESENTATION('',(#6303),#6307);
#6303 = LINE('',#6304,#6305);
#6304 = CARTESIAN_POINT('',(0.,0.));
#6305 = VECTOR('',#6306,1.);
#6306 = DIRECTION('',(0.,-1.));
#6307 = ( GEOMETRIC_REPRESENTATION_CONTEXT(2) 
PARAMETRIC_REPRESENTATION_CONTEXT() REPRESENTATION_CONTEXT('2D SPACE',''
  ) );
#6308 = PCURVE('',#1199,#6309);
#6309 = DEFINITIONAL_REPRESENTATION('',(#6310),#6314);
#6310 = LINE('',#6311,#6312);
#6311 = CARTESIAN_POINT('',(1.,0.));
#6312 = VECTOR('',#6313,1.);
#6313 = DIRECTION('',(0.,-1.));
#6314 = ( GEOMETRIC_REPRESENTATION_CONTEXT(2) 
PARAMETRIC_REPRESENTATION_CONTEXT() REPRESENTATION_CONTEXT('2D SPACE',''
  ) );
#6315 = ORIENTED_EDGE('',*,*,#1213,.T.);
#6316 = ORIENTED_EDGE('',*,*,#6195,.F.);
#6317 = ORIENTED_EDGE('',*,*,#6318,.F.);
#6318 = EDGE_CURVE('',#6294,#6196,#6319,.T.);
#6319 = SURFACE_CURVE('',#6320,(#6324,#6331),.PCURVE_S1.);
#6320 = B_SPLINE_CURVE_WITH_KNOTS('',2,(#6321,#6322,#6323),
  .UNSPECIFIED.,.F.,.F.,(3,3),(0.,1.),.PIECEWISE_BEZIER_KNOTS.);
#6321 = CARTESIAN_POINT('',(-8.19111328125,-4.8455078125,2.7));
#6322 = CARTESIAN_POINT('',(-8.110546875,-4.93515625,2.7));
#6323 = CARTESIAN_POINT('',(-7.95,-4.93515625,2.7));
#6324 = PCURVE('',#1229,#6325);
#6325 = DEFINITIONAL_REPRESENTATION('',(#6326),#6330);
#6326 = LINE('',#6327,#6328);
#6327 = CARTESIAN_POINT('',(0.,0.));
#6328 = VECTOR('',#6329,1.);
#6329 = DIRECTION('',(1.,0.));
#6330 = ( GEOMETRIC_REPRESENTATION_CONTEXT(2) 
PARAMETRIC_REPRESENTATION_CONTEXT() REPRESENTATION_CONTEXT('2D SPACE',''
  ) );
#6331 = PCURVE('',#6180,#6332);
#6332 = DEFINITIONAL_REPRESENTATION('',(#6333),#6337);
#6333 = B_SPLINE_CURVE_WITH_KNOTS('',2,(#6334,#6335,#6336),
  .UNSPECIFIED.,.F.,.F.,(3,3),(0.,1.),.PIECEWISE_BEZIER_KNOTS.);
#6334 = CARTESIAN_POINT('',(0.27275390625,0.169921875));
#6335 = CARTESIAN_POINT('',(0.3533203125,8.02734375E-02));
#6336 = CARTESIAN_POINT('',(0.5138671875,8.02734375E-02));
#6337 = ( GEOMETRIC_REPRESENTATION_CONTEXT(2) 
PARAMETRIC_REPRESENTATION_CONTEXT() REPRESENTATION_CONTEXT('2D SPACE',''
  ) );
#6338 = ADVANCED_FACE('',(#6339),#699,.F.);
#6339 = FACE_BOUND('',#6340,.F.);
#6340 = EDGE_LOOP('',(#6341,#6342,#6343,#6366));
#6341 = ORIENTED_EDGE('',*,*,#6246,.T.);
#6342 = ORIENTED_EDGE('',*,*,#683,.T.);
#6343 = ORIENTED_EDGE('',*,*,#6344,.F.);
#6344 = EDGE_CURVE('',#6345,#684,#6347,.T.);
#6345 = VERTEX_POINT('',#6346);
#6346 = CARTESIAN_POINT('',(-7.94296875,-4.6556640625,2.7));
#6347 = SURFACE_CURVE('',#6348,(#6352,#6359),.PCURVE_S1.);
#6348 = LINE('',#6349,#6350);
#6349 = CARTESIAN_POINT('',(-7.94296875,-4.6556640625,2.7));
#6350 = VECTOR('',#6351,1.);
#6351 = DIRECTION('',(0.,0.,1.));
#6352 = PCURVE('',#699,#6353);
#6353 = DEFINITIONAL_REPRESENTATION('',(#6354),#6358);
#6354 = LINE('',#6355,#6356);
#6355 = CARTESIAN_POINT('',(0.193359375,0.));
#6356 = VECTOR('',#6357,1.);
#6357 = DIRECTION('',(0.,-1.));
#6358 = ( GEOMETRIC_REPRESENTATION_CONTEXT(2) 
PARAMETRIC_REPRESENTATION_CONTEXT() REPRESENTATION_CONTEXT('2D SPACE',''
  ) );
#6359 = PCURVE('',#727,#6360);
#6360 = DEFINITIONAL_REPRESENTATION('',(#6361),#6365);
#6361 = LINE('',#6362,#6363);
#6362 = CARTESIAN_POINT('',(0.,0.));
#6363 = VECTOR('',#6364,1.);
#6364 = DIRECTION('',(0.,-1.));
#6365 = ( GEOMETRIC_REPRESENTATION_CONTEXT(2) 
PARAMETRIC_REPRESENTATION_CONTEXT() REPRESENTATION_CONTEXT('2D SPACE',''
  ) );
#6366 = ORIENTED_EDGE('',*,*,#6367,.F.);
#6367 = EDGE_CURVE('',#6247,#6345,#6368,.T.);
#6368 = SURFACE_CURVE('',#6369,(#6373,#6380),.PCURVE_S1.);
#6369 = LINE('',#6370,#6371);
#6370 = CARTESIAN_POINT('',(-7.749609375,-4.6556640625,2.7));
#6371 = VECTOR('',#6372,1.);
#6372 = DIRECTION('',(-1.,0.,0.));
#6373 = PCURVE('',#699,#6374);
#6374 = DEFINITIONAL_REPRESENTATION('',(#6375),#6379);
#6375 = LINE('',#6376,#6377);
#6376 = CARTESIAN_POINT('',(0.,-0.));
#6377 = VECTOR('',#6378,1.);
#6378 = DIRECTION('',(1.,0.));
#6379 = ( GEOMETRIC_REPRESENTATION_CONTEXT(2) 
PARAMETRIC_REPRESENTATION_CONTEXT() REPRESENTATION_CONTEXT('2D SPACE',''
  ) );
#6380 = PCURVE('',#6180,#6381);
#6381 = DEFINITIONAL_REPRESENTATION('',(#6382),#6386);
#6382 = LINE('',#6383,#6384);
#6383 = CARTESIAN_POINT('',(0.7142578125,0.359765625));
#6384 = VECTOR('',#6385,1.);
#6385 = DIRECTION('',(-1.,0.));
#6386 = ( GEOMETRIC_REPRESENTATION_CONTEXT(2) 
PARAMETRIC_REPRESENTATION_CONTEXT() REPRESENTATION_CONTEXT('2D SPACE',''
  ) );
#6387 = ADVANCED_FACE('',(#6388),#1199,.F.);
#6388 = FACE_BOUND('',#6389,.F.);
#6389 = EDGE_LOOP('',(#6390,#6413,#6414,#6415));
#6390 = ORIENTED_EDGE('',*,*,#6391,.T.);
#6391 = EDGE_CURVE('',#6392,#1154,#6394,.T.);
#6392 = VERTEX_POINT('',#6393);
#6393 = CARTESIAN_POINT('',(-8.2716796875,-4.57890625,2.7));
#6394 = SURFACE_CURVE('',#6395,(#6399,#6406),.PCURVE_S1.);
#6395 = LINE('',#6396,#6397);
#6396 = CARTESIAN_POINT('',(-8.2716796875,-4.57890625,2.7));
#6397 = VECTOR('',#6398,1.);
#6398 = DIRECTION('',(0.,0.,1.));
#6399 = PCURVE('',#1199,#6400);
#6400 = DEFINITIONAL_REPRESENTATION('',(#6401),#6405);
#6401 = LINE('',#6402,#6403);
#6402 = CARTESIAN_POINT('',(0.,0.));
#6403 = VECTOR('',#6404,1.);
#6404 = DIRECTION('',(0.,-1.));
#6405 = ( GEOMETRIC_REPRESENTATION_CONTEXT(2) 
PARAMETRIC_REPRESENTATION_CONTEXT() REPRESENTATION_CONTEXT('2D SPACE',''
  ) );
#6406 = PCURVE('',#1169,#6407);
#6407 = DEFINITIONAL_REPRESENTATION('',(#6408),#6412);
#6408 = LINE('',#6409,#6410);
#6409 = CARTESIAN_POINT('',(1.,0.));
#6410 = VECTOR('',#6411,1.);
#6411 = DIRECTION('',(0.,-1.));
#6412 = ( GEOMETRIC_REPRESENTATION_CONTEXT(2) 
PARAMETRIC_REPRESENTATION_CONTEXT() REPRESENTATION_CONTEXT('2D SPACE',''
  ) );
#6413 = ORIENTED_EDGE('',*,*,#1183,.T.);
#6414 = ORIENTED_EDGE('',*,*,#6293,.F.);
#6415 = ORIENTED_EDGE('',*,*,#6416,.F.);
#6416 = EDGE_CURVE('',#6392,#6294,#6417,.T.);
#6417 = SURFACE_CURVE('',#6418,(#6422,#6429),.PCURVE_S1.);
#6418 = B_SPLINE_CURVE_WITH_KNOTS('',2,(#6419,#6420,#6421),
  .UNSPECIFIED.,.F.,.F.,(3,3),(0.,1.),.PIECEWISE_BEZIER_KNOTS.);
#6419 = CARTESIAN_POINT('',(-8.2716796875,-4.57890625,2.7));
#6420 = CARTESIAN_POINT('',(-8.2716796875,-4.755859375,2.7));
#6421 = CARTESIAN_POINT('',(-8.19111328125,-4.8455078125,2.7));
#6422 = PCURVE('',#1199,#6423);
#6423 = DEFINITIONAL_REPRESENTATION('',(#6424),#6428);
#6424 = LINE('',#6425,#6426);
#6425 = CARTESIAN_POINT('',(0.,0.));
#6426 = VECTOR('',#6427,1.);
#6427 = DIRECTION('',(1.,0.));
#6428 = ( GEOMETRIC_REPRESENTATION_CONTEXT(2) 
PARAMETRIC_REPRESENTATION_CONTEXT() REPRESENTATION_CONTEXT('2D SPACE',''
  ) );
#6429 = PCURVE('',#6180,#6430);
#6430 = DEFINITIONAL_REPRESENTATION('',(#6431),#6435);
#6431 = B_SPLINE_CURVE_WITH_KNOTS('',2,(#6432,#6433,#6434),
  .UNSPECIFIED.,.F.,.F.,(3,3),(0.,1.),.PIECEWISE_BEZIER_KNOTS.);
#6432 = CARTESIAN_POINT('',(0.1921875,0.4365234375));
#6433 = CARTESIAN_POINT('',(0.1921875,0.2595703125));
#6434 = CARTESIAN_POINT('',(0.27275390625,0.169921875));
#6435 = ( GEOMETRIC_REPRESENTATION_CONTEXT(2) 
PARAMETRIC_REPRESENTATION_CONTEXT() REPRESENTATION_CONTEXT('2D SPACE',''
  ) );
#6436 = ADVANCED_FACE('',(#6437),#727,.F.);
#6437 = FACE_BOUND('',#6438,.F.);
#6438 = EDGE_LOOP('',(#6439,#6440,#6441,#6464));
#6439 = ORIENTED_EDGE('',*,*,#6344,.T.);
#6440 = ORIENTED_EDGE('',*,*,#711,.T.);
#6441 = ORIENTED_EDGE('',*,*,#6442,.F.);
#6442 = EDGE_CURVE('',#6443,#712,#6445,.T.);
#6443 = VERTEX_POINT('',#6444);
#6444 = CARTESIAN_POINT('',(-7.94296875,-4.5583984375,2.7));
#6445 = SURFACE_CURVE('',#6446,(#6450,#6457),.PCURVE_S1.);
#6446 = LINE('',#6447,#6448);
#6447 = CARTESIAN_POINT('',(-7.94296875,-4.5583984375,2.7));
#6448 = VECTOR('',#6449,1.);
#6449 = DIRECTION('',(0.,0.,1.));
#6450 = PCURVE('',#727,#6451);
#6451 = DEFINITIONAL_REPRESENTATION('',(#6452),#6456);
#6452 = LINE('',#6453,#6454);
#6453 = CARTESIAN_POINT('',(9.7265625E-02,0.));
#6454 = VECTOR('',#6455,1.);
#6455 = DIRECTION('',(0.,-1.));
#6456 = ( GEOMETRIC_REPRESENTATION_CONTEXT(2) 
PARAMETRIC_REPRESENTATION_CONTEXT() REPRESENTATION_CONTEXT('2D SPACE',''
  ) );
#6457 = PCURVE('',#755,#6458);
#6458 = DEFINITIONAL_REPRESENTATION('',(#6459),#6463);
#6459 = LINE('',#6460,#6461);
#6460 = CARTESIAN_POINT('',(0.,0.));
#6461 = VECTOR('',#6462,1.);
#6462 = DIRECTION('',(0.,-1.));
#6463 = ( GEOMETRIC_REPRESENTATION_CONTEXT(2) 
PARAMETRIC_REPRESENTATION_CONTEXT() REPRESENTATION_CONTEXT('2D SPACE',''
  ) );
#6464 = ORIENTED_EDGE('',*,*,#6465,.F.);
#6465 = EDGE_CURVE('',#6345,#6443,#6466,.T.);
#6466 = SURFACE_CURVE('',#6467,(#6471,#6478),.PCURVE_S1.);
#6467 = LINE('',#6468,#6469);
#6468 = CARTESIAN_POINT('',(-7.94296875,-4.6556640625,2.7));
#6469 = VECTOR('',#6470,1.);
#6470 = DIRECTION('',(0.,1.,0.));
#6471 = PCURVE('',#727,#6472);
#6472 = DEFINITIONAL_REPRESENTATION('',(#6473),#6477);
#6473 = LINE('',#6474,#6475);
#6474 = CARTESIAN_POINT('',(0.,0.));
#6475 = VECTOR('',#6476,1.);
#6476 = DIRECTION('',(1.,0.));
#6477 = ( GEOMETRIC_REPRESENTATION_CONTEXT(2) 
PARAMETRIC_REPRESENTATION_CONTEXT() REPRESENTATION_CONTEXT('2D SPACE',''
  ) );
#6478 = PCURVE('',#6180,#6479);
#6479 = DEFINITIONAL_REPRESENTATION('',(#6480),#6484);
#6480 = LINE('',#6481,#6482);
#6481 = CARTESIAN_POINT('',(0.5208984375,0.359765625));
#6482 = VECTOR('',#6483,1.);
#6483 = DIRECTION('',(0.,1.));
#6484 = ( GEOMETRIC_REPRESENTATION_CONTEXT(2) 
PARAMETRIC_REPRESENTATION_CONTEXT() REPRESENTATION_CONTEXT('2D SPACE',''
  ) );
#6485 = ADVANCED_FACE('',(#6486),#1169,.F.);
#6486 = FACE_BOUND('',#6487,.F.);
#6487 = EDGE_LOOP('',(#6488,#6511,#6512,#6513));
#6488 = ORIENTED_EDGE('',*,*,#6489,.T.);
#6489 = EDGE_CURVE('',#6490,#1124,#6492,.T.);
#6490 = VERTEX_POINT('',#6491);
#6491 = CARTESIAN_POINT('',(-8.19111328125,-4.31171875,2.7));
#6492 = SURFACE_CURVE('',#6493,(#6497,#6504),.PCURVE_S1.);
#6493 = LINE('',#6494,#6495);
#6494 = CARTESIAN_POINT('',(-8.19111328125,-4.31171875,2.7));
#6495 = VECTOR('',#6496,1.);
#6496 = DIRECTION('',(0.,0.,1.));
#6497 = PCURVE('',#1169,#6498);
#6498 = DEFINITIONAL_REPRESENTATION('',(#6499),#6503);
#6499 = LINE('',#6500,#6501);
#6500 = CARTESIAN_POINT('',(0.,0.));
#6501 = VECTOR('',#6502,1.);
#6502 = DIRECTION('',(0.,-1.));
#6503 = ( GEOMETRIC_REPRESENTATION_CONTEXT(2) 
PARAMETRIC_REPRESENTATION_CONTEXT() REPRESENTATION_CONTEXT('2D SPACE',''
  ) );
#6504 = PCURVE('',#1139,#6505);
#6505 = DEFINITIONAL_REPRESENTATION('',(#6506),#6510);
#6506 = LINE('',#6507,#6508);
#6507 = CARTESIAN_POINT('',(1.,0.));
#6508 = VECTOR('',#6509,1.);
#6509 = DIRECTION('',(0.,-1.));
#6510 = ( GEOMETRIC_REPRESENTATION_CONTEXT(2) 
PARAMETRIC_REPRESENTATION_CONTEXT() REPRESENTATION_CONTEXT('2D SPACE',''
  ) );
#6511 = ORIENTED_EDGE('',*,*,#1153,.T.);
#6512 = ORIENTED_EDGE('',*,*,#6391,.F.);
#6513 = ORIENTED_EDGE('',*,*,#6514,.F.);
#6514 = EDGE_CURVE('',#6490,#6392,#6515,.T.);
#6515 = SURFACE_CURVE('',#6516,(#6520,#6527),.PCURVE_S1.);
#6516 = B_SPLINE_CURVE_WITH_KNOTS('',2,(#6517,#6518,#6519),
  .UNSPECIFIED.,.F.,.F.,(3,3),(0.,1.),.PIECEWISE_BEZIER_KNOTS.);
#6517 = CARTESIAN_POINT('',(-8.19111328125,-4.31171875,2.7));
#6518 = CARTESIAN_POINT('',(-8.2716796875,-4.4013671875,2.7));
#6519 = CARTESIAN_POINT('',(-8.2716796875,-4.57890625,2.7));
#6520 = PCURVE('',#1169,#6521);
#6521 = DEFINITIONAL_REPRESENTATION('',(#6522),#6526);
#6522 = LINE('',#6523,#6524);
#6523 = CARTESIAN_POINT('',(0.,0.));
#6524 = VECTOR('',#6525,1.);
#6525 = DIRECTION('',(1.,0.));
#6526 = ( GEOMETRIC_REPRESENTATION_CONTEXT(2) 
PARAMETRIC_REPRESENTATION_CONTEXT() REPRESENTATION_CONTEXT('2D SPACE',''
  ) );
#6527 = PCURVE('',#6180,#6528);
#6528 = DEFINITIONAL_REPRESENTATION('',(#6529),#6533);
#6529 = B_SPLINE_CURVE_WITH_KNOTS('',2,(#6530,#6531,#6532),
  .UNSPECIFIED.,.F.,.F.,(3,3),(0.,1.),.PIECEWISE_BEZIER_KNOTS.);
#6530 = CARTESIAN_POINT('',(0.27275390625,0.7037109375));
#6531 = CARTESIAN_POINT('',(0.1921875,0.6140625));
#6532 = CARTESIAN_POINT('',(0.1921875,0.4365234375));
#6533 = ( GEOMETRIC_REPRESENTATION_CONTEXT(2) 
PARAMETRIC_REPRESENTATION_CONTEXT() REPRESENTATION_CONTEXT('2D SPACE',''
  ) );
#6534 = ADVANCED_FACE('',(#6535),#755,.F.);
#6535 = FACE_BOUND('',#6536,.F.);
#6536 = EDGE_LOOP('',(#6537,#6538,#6539,#6562));
#6537 = ORIENTED_EDGE('',*,*,#6442,.T.);
#6538 = ORIENTED_EDGE('',*,*,#739,.T.);
#6539 = ORIENTED_EDGE('',*,*,#6540,.F.);
#6540 = EDGE_CURVE('',#6541,#740,#6543,.T.);
#6541 = VERTEX_POINT('',#6542);
#6542 = CARTESIAN_POINT('',(-7.632421875,-4.5583984375,2.7));
#6543 = SURFACE_CURVE('',#6544,(#6548,#6555),.PCURVE_S1.);
#6544 = LINE('',#6545,#6546);
#6545 = CARTESIAN_POINT('',(-7.632421875,-4.5583984375,2.7));
#6546 = VECTOR('',#6547,1.);
#6547 = DIRECTION('',(0.,0.,1.));
#6548 = PCURVE('',#755,#6549);
#6549 = DEFINITIONAL_REPRESENTATION('',(#6550),#6554);
#6550 = LINE('',#6551,#6552);
#6551 = CARTESIAN_POINT('',(0.310546875,0.));
#6552 = VECTOR('',#6553,1.);
#6553 = DIRECTION('',(0.,-1.));
#6554 = ( GEOMETRIC_REPRESENTATION_CONTEXT(2) 
PARAMETRIC_REPRESENTATION_CONTEXT() REPRESENTATION_CONTEXT('2D SPACE',''
  ) );
#6555 = PCURVE('',#783,#6556);
#6556 = DEFINITIONAL_REPRESENTATION('',(#6557),#6561);
#6557 = LINE('',#6558,#6559);
#6558 = CARTESIAN_POINT('',(0.,0.));
#6559 = VECTOR('',#6560,1.);
#6560 = DIRECTION('',(0.,-1.));
#6561 = ( GEOMETRIC_REPRESENTATION_CONTEXT(2) 
PARAMETRIC_REPRESENTATION_CONTEXT() REPRESENTATION_CONTEXT('2D SPACE',''
  ) );
#6562 = ORIENTED_EDGE('',*,*,#6563,.F.);
#6563 = EDGE_CURVE('',#6443,#6541,#6564,.T.);
#6564 = SURFACE_CURVE('',#6565,(#6569,#6576),.PCURVE_S1.);
#6565 = LINE('',#6566,#6567);
#6566 = CARTESIAN_POINT('',(-7.94296875,-4.5583984375,2.7));
#6567 = VECTOR('',#6568,1.);
#6568 = DIRECTION('',(1.,0.,0.));
#6569 = PCURVE('',#755,#6570);
#6570 = DEFINITIONAL_REPRESENTATION('',(#6571),#6575);
#6571 = LINE('',#6572,#6573);
#6572 = CARTESIAN_POINT('',(0.,0.));
#6573 = VECTOR('',#6574,1.);
#6574 = DIRECTION('',(1.,0.));
#6575 = ( GEOMETRIC_REPRESENTATION_CONTEXT(2) 
PARAMETRIC_REPRESENTATION_CONTEXT() REPRESENTATION_CONTEXT('2D SPACE',''
  ) );
#6576 = PCURVE('',#6180,#6577);
#6577 = DEFINITIONAL_REPRESENTATION('',(#6578),#6582);
#6578 = LINE('',#6579,#6580);
#6579 = CARTESIAN_POINT('',(0.5208984375,0.45703125));
#6580 = VECTOR('',#6581,1.);
#6581 = DIRECTION('',(1.,0.));
#6582 = ( GEOMETRIC_REPRESENTATION_CONTEXT(2) 
PARAMETRIC_REPRESENTATION_CONTEXT() REPRESENTATION_CONTEXT('2D SPACE',''
  ) );
#6583 = ADVANCED_FACE('',(#6584),#1139,.F.);
#6584 = FACE_BOUND('',#6585,.F.);
#6585 = EDGE_LOOP('',(#6586,#6609,#6610,#6611));
#6586 = ORIENTED_EDGE('',*,*,#6587,.T.);
#6587 = EDGE_CURVE('',#6588,#1094,#6590,.T.);
#6588 = VERTEX_POINT('',#6589);
#6589 = CARTESIAN_POINT('',(-7.95,-4.2220703125,2.7));
#6590 = SURFACE_CURVE('',#6591,(#6595,#6602),.PCURVE_S1.);
#6591 = LINE('',#6592,#6593);
#6592 = CARTESIAN_POINT('',(-7.95,-4.2220703125,2.7));
#6593 = VECTOR('',#6594,1.);
#6594 = DIRECTION('',(0.,0.,1.));
#6595 = PCURVE('',#1139,#6596);
#6596 = DEFINITIONAL_REPRESENTATION('',(#6597),#6601);
#6597 = LINE('',#6598,#6599);
#6598 = CARTESIAN_POINT('',(0.,0.));
#6599 = VECTOR('',#6600,1.);
#6600 = DIRECTION('',(0.,-1.));
#6601 = ( GEOMETRIC_REPRESENTATION_CONTEXT(2) 
PARAMETRIC_REPRESENTATION_CONTEXT() REPRESENTATION_CONTEXT('2D SPACE',''
  ) );
#6602 = PCURVE('',#1109,#6603);
#6603 = DEFINITIONAL_REPRESENTATION('',(#6604),#6608);
#6604 = LINE('',#6605,#6606);
#6605 = CARTESIAN_POINT('',(1.,0.));
#6606 = VECTOR('',#6607,1.);
#6607 = DIRECTION('',(0.,-1.));
#6608 = ( GEOMETRIC_REPRESENTATION_CONTEXT(2) 
PARAMETRIC_REPRESENTATION_CONTEXT() REPRESENTATION_CONTEXT('2D SPACE',''
  ) );
#6609 = ORIENTED_EDGE('',*,*,#1123,.T.);
#6610 = ORIENTED_EDGE('',*,*,#6489,.F.);
#6611 = ORIENTED_EDGE('',*,*,#6612,.F.);
#6612 = EDGE_CURVE('',#6588,#6490,#6613,.T.);
#6613 = SURFACE_CURVE('',#6614,(#6618,#6625),.PCURVE_S1.);
#6614 = B_SPLINE_CURVE_WITH_KNOTS('',2,(#6615,#6616,#6617),
  .UNSPECIFIED.,.F.,.F.,(3,3),(0.,1.),.PIECEWISE_BEZIER_KNOTS.);
#6615 = CARTESIAN_POINT('',(-7.95,-4.2220703125,2.7));
#6616 = CARTESIAN_POINT('',(-8.110546875,-4.2220703125,2.7));
#6617 = CARTESIAN_POINT('',(-8.19111328125,-4.31171875,2.7));
#6618 = PCURVE('',#1139,#6619);
#6619 = DEFINITIONAL_REPRESENTATION('',(#6620),#6624);
#6620 = LINE('',#6621,#6622);
#6621 = CARTESIAN_POINT('',(0.,0.));
#6622 = VECTOR('',#6623,1.);
#6623 = DIRECTION('',(1.,0.));
#6624 = ( GEOMETRIC_REPRESENTATION_CONTEXT(2) 
PARAMETRIC_REPRESENTATION_CONTEXT() REPRESENTATION_CONTEXT('2D SPACE',''
  ) );
#6625 = PCURVE('',#6180,#6626);
#6626 = DEFINITIONAL_REPRESENTATION('',(#6627),#6631);
#6627 = B_SPLINE_CURVE_WITH_KNOTS('',2,(#6628,#6629,#6630),
  .UNSPECIFIED.,.F.,.F.,(3,3),(0.,1.),.PIECEWISE_BEZIER_KNOTS.);
#6628 = CARTESIAN_POINT('',(0.5138671875,0.793359375));
#6629 = CARTESIAN_POINT('',(0.3533203125,0.793359375));
#6630 = CARTESIAN_POINT('',(0.27275390625,0.7037109375));
#6631 = ( GEOMETRIC_REPRESENTATION_CONTEXT(2) 
PARAMETRIC_REPRESENTATION_CONTEXT() REPRESENTATION_CONTEXT('2D SPACE',''
  ) );
#6632 = ADVANCED_FACE('',(#6633),#783,.F.);
#6633 = FACE_BOUND('',#6634,.F.);
#6634 = EDGE_LOOP('',(#6635,#6636,#6637,#6660));
#6635 = ORIENTED_EDGE('',*,*,#6540,.T.);
#6636 = ORIENTED_EDGE('',*,*,#767,.T.);
#6637 = ORIENTED_EDGE('',*,*,#6638,.F.);
#6638 = EDGE_CURVE('',#6639,#768,#6641,.T.);
#6639 = VERTEX_POINT('',#6640);
#6640 = CARTESIAN_POINT('',(-7.632421875,-4.933984375,2.7));
#6641 = SURFACE_CURVE('',#6642,(#6646,#6653),.PCURVE_S1.);
#6642 = LINE('',#6643,#6644);
#6643 = CARTESIAN_POINT('',(-7.632421875,-4.933984375,2.7));
#6644 = VECTOR('',#6645,1.);
#6645 = DIRECTION('',(0.,0.,1.));
#6646 = PCURVE('',#783,#6647);
#6647 = DEFINITIONAL_REPRESENTATION('',(#6648),#6652);
#6648 = LINE('',#6649,#6650);
#6649 = CARTESIAN_POINT('',(0.3755859375,0.));
#6650 = VECTOR('',#6651,1.);
#6651 = DIRECTION('',(0.,-1.));
#6652 = ( GEOMETRIC_REPRESENTATION_CONTEXT(2) 
PARAMETRIC_REPRESENTATION_CONTEXT() REPRESENTATION_CONTEXT('2D SPACE',''
  ) );
#6653 = PCURVE('',#811,#6654);
#6654 = DEFINITIONAL_REPRESENTATION('',(#6655),#6659);
#6655 = LINE('',#6656,#6657);
#6656 = CARTESIAN_POINT('',(0.,0.));
#6657 = VECTOR('',#6658,1.);
#6658 = DIRECTION('',(0.,-1.));
#6659 = ( GEOMETRIC_REPRESENTATION_CONTEXT(2) 
PARAMETRIC_REPRESENTATION_CONTEXT() REPRESENTATION_CONTEXT('2D SPACE',''
  ) );
#6660 = ORIENTED_EDGE('',*,*,#6661,.F.);
#6661 = EDGE_CURVE('',#6541,#6639,#6662,.T.);
#6662 = SURFACE_CURVE('',#6663,(#6667,#6674),.PCURVE_S1.);
#6663 = LINE('',#6664,#6665);
#6664 = CARTESIAN_POINT('',(-7.632421875,-4.5583984375,2.7));
#6665 = VECTOR('',#6666,1.);
#6666 = DIRECTION('',(0.,-1.,0.));
#6667 = PCURVE('',#783,#6668);
#6668 = DEFINITIONAL_REPRESENTATION('',(#6669),#6673);
#6669 = LINE('',#6670,#6671);
#6670 = CARTESIAN_POINT('',(0.,0.));
#6671 = VECTOR('',#6672,1.);
#6672 = DIRECTION('',(1.,0.));
#6673 = ( GEOMETRIC_REPRESENTATION_CONTEXT(2) 
PARAMETRIC_REPRESENTATION_CONTEXT() REPRESENTATION_CONTEXT('2D SPACE',''
  ) );
#6674 = PCURVE('',#6180,#6675);
#6675 = DEFINITIONAL_REPRESENTATION('',(#6676),#6680);
#6676 = LINE('',#6677,#6678);
#6677 = CARTESIAN_POINT('',(0.8314453125,0.45703125));
#6678 = VECTOR('',#6679,1.);
#6679 = DIRECTION('',(0.,-1.));
#6680 = ( GEOMETRIC_REPRESENTATION_CONTEXT(2) 
PARAMETRIC_REPRESENTATION_CONTEXT() REPRESENTATION_CONTEXT('2D SPACE',''
  ) );
#6681 = ADVANCED_FACE('',(#6682),#1109,.F.);
#6682 = FACE_BOUND('',#6683,.F.);
#6683 = EDGE_LOOP('',(#6684,#6707,#6708,#6709));
#6684 = ORIENTED_EDGE('',*,*,#6685,.T.);
#6685 = EDGE_CURVE('',#6686,#1064,#6688,.T.);
#6686 = VERTEX_POINT('',#6687);
#6687 = CARTESIAN_POINT('',(-7.7947265625,-4.2501953125,2.7));
#6688 = SURFACE_CURVE('',#6689,(#6693,#6700),.PCURVE_S1.);
#6689 = LINE('',#6690,#6691);
#6690 = CARTESIAN_POINT('',(-7.7947265625,-4.2501953125,2.7));
#6691 = VECTOR('',#6692,1.);
#6692 = DIRECTION('',(0.,0.,1.));
#6693 = PCURVE('',#1109,#6694);
#6694 = DEFINITIONAL_REPRESENTATION('',(#6695),#6699);
#6695 = LINE('',#6696,#6697);
#6696 = CARTESIAN_POINT('',(0.,0.));
#6697 = VECTOR('',#6698,1.);
#6698 = DIRECTION('',(0.,-1.));
#6699 = ( GEOMETRIC_REPRESENTATION_CONTEXT(2) 
PARAMETRIC_REPRESENTATION_CONTEXT() REPRESENTATION_CONTEXT('2D SPACE',''
  ) );
#6700 = PCURVE('',#1079,#6701);
#6701 = DEFINITIONAL_REPRESENTATION('',(#6702),#6706);
#6702 = LINE('',#6703,#6704);
#6703 = CARTESIAN_POINT('',(1.,0.));
#6704 = VECTOR('',#6705,1.);
#6705 = DIRECTION('',(0.,-1.));
#6706 = ( GEOMETRIC_REPRESENTATION_CONTEXT(2) 
PARAMETRIC_REPRESENTATION_CONTEXT() REPRESENTATION_CONTEXT('2D SPACE',''
  ) );
#6707 = ORIENTED_EDGE('',*,*,#1093,.T.);
#6708 = ORIENTED_EDGE('',*,*,#6587,.F.);
#6709 = ORIENTED_EDGE('',*,*,#6710,.F.);
#6710 = EDGE_CURVE('',#6686,#6588,#6711,.T.);
#6711 = SURFACE_CURVE('',#6712,(#6716,#6723),.PCURVE_S1.);
#6712 = B_SPLINE_CURVE_WITH_KNOTS('',2,(#6713,#6714,#6715),
  .UNSPECIFIED.,.F.,.F.,(3,3),(0.,1.),.PIECEWISE_BEZIER_KNOTS.);
#6713 = CARTESIAN_POINT('',(-7.7947265625,-4.2501953125,2.7));
#6714 = CARTESIAN_POINT('',(-7.8685546875,-4.2220703125,2.7));
#6715 = CARTESIAN_POINT('',(-7.95,-4.2220703125,2.7));
#6716 = PCURVE('',#1109,#6717);
#6717 = DEFINITIONAL_REPRESENTATION('',(#6718),#6722);
#6718 = LINE('',#6719,#6720);
#6719 = CARTESIAN_POINT('',(0.,0.));
#6720 = VECTOR('',#6721,1.);
#6721 = DIRECTION('',(1.,0.));
#6722 = ( GEOMETRIC_REPRESENTATION_CONTEXT(2) 
PARAMETRIC_REPRESENTATION_CONTEXT() REPRESENTATION_CONTEXT('2D SPACE',''
  ) );
#6723 = PCURVE('',#6180,#6724);
#6724 = DEFINITIONAL_REPRESENTATION('',(#6725),#6729);
#6725 = B_SPLINE_CURVE_WITH_KNOTS('',2,(#6726,#6727,#6728),
  .UNSPECIFIED.,.F.,.F.,(3,3),(0.,1.),.PIECEWISE_BEZIER_KNOTS.);
#6726 = CARTESIAN_POINT('',(0.669140625,0.765234375));
#6727 = CARTESIAN_POINT('',(0.5953125,0.793359375));
#6728 = CARTESIAN_POINT('',(0.5138671875,0.793359375));
#6729 = ( GEOMETRIC_REPRESENTATION_CONTEXT(2) 
PARAMETRIC_REPRESENTATION_CONTEXT() REPRESENTATION_CONTEXT('2D SPACE',''
  ) );
#6730 = ADVANCED_FACE('',(#6731),#811,.F.);
#6731 = FACE_BOUND('',#6732,.F.);
#6732 = EDGE_LOOP('',(#6733,#6734,#6735,#6758));
#6733 = ORIENTED_EDGE('',*,*,#6638,.T.);
#6734 = ORIENTED_EDGE('',*,*,#795,.T.);
#6735 = ORIENTED_EDGE('',*,*,#6736,.F.);
#6736 = EDGE_CURVE('',#6737,#796,#6739,.T.);
#6737 = VERTEX_POINT('',#6738);
#6738 = CARTESIAN_POINT('',(-7.78359375,-5.00751953125,2.7));
#6739 = SURFACE_CURVE('',#6740,(#6744,#6751),.PCURVE_S1.);
#6740 = LINE('',#6741,#6742);
#6741 = CARTESIAN_POINT('',(-7.78359375,-5.00751953125,2.7));
#6742 = VECTOR('',#6743,1.);
#6743 = DIRECTION('',(0.,0.,1.));
#6744 = PCURVE('',#811,#6745);
#6745 = DEFINITIONAL_REPRESENTATION('',(#6746),#6750);
#6746 = LINE('',#6747,#6748);
#6747 = CARTESIAN_POINT('',(1.,0.));
#6748 = VECTOR('',#6749,1.);
#6749 = DIRECTION('',(0.,-1.));
#6750 = ( GEOMETRIC_REPRESENTATION_CONTEXT(2) 
PARAMETRIC_REPRESENTATION_CONTEXT() REPRESENTATION_CONTEXT('2D SPACE',''
  ) );
#6751 = PCURVE('',#841,#6752);
#6752 = DEFINITIONAL_REPRESENTATION('',(#6753),#6757);
#6753 = LINE('',#6754,#6755);
#6754 = CARTESIAN_POINT('',(0.,0.));
#6755 = VECTOR('',#6756,1.);
#6756 = DIRECTION('',(0.,-1.));
#6757 = ( GEOMETRIC_REPRESENTATION_CONTEXT(2) 
PARAMETRIC_REPRESENTATION_CONTEXT() REPRESENTATION_CONTEXT('2D SPACE',''
  ) );
#6758 = ORIENTED_EDGE('',*,*,#6759,.F.);
#6759 = EDGE_CURVE('',#6639,#6737,#6760,.T.);
#6760 = SURFACE_CURVE('',#6761,(#6765,#6772),.PCURVE_S1.);
#6761 = B_SPLINE_CURVE_WITH_KNOTS('',2,(#6762,#6763,#6764),
  .UNSPECIFIED.,.F.,.F.,(3,3),(0.,1.),.PIECEWISE_BEZIER_KNOTS.);
#6762 = CARTESIAN_POINT('',(-7.632421875,-4.933984375,2.7));
#6763 = CARTESIAN_POINT('',(-7.7009765625,-4.9826171875,2.7));
#6764 = CARTESIAN_POINT('',(-7.78359375,-5.00751953125,2.7));
#6765 = PCURVE('',#811,#6766);
#6766 = DEFINITIONAL_REPRESENTATION('',(#6767),#6771);
#6767 = LINE('',#6768,#6769);
#6768 = CARTESIAN_POINT('',(0.,0.));
#6769 = VECTOR('',#6770,1.);
#6770 = DIRECTION('',(1.,0.));
#6771 = ( GEOMETRIC_REPRESENTATION_CONTEXT(2) 
PARAMETRIC_REPRESENTATION_CONTEXT() REPRESENTATION_CONTEXT('2D SPACE',''
  ) );
#6772 = PCURVE('',#6180,#6773);
#6773 = DEFINITIONAL_REPRESENTATION('',(#6774),#6778);
#6774 = B_SPLINE_CURVE_WITH_KNOTS('',2,(#6775,#6776,#6777),
  .UNSPECIFIED.,.F.,.F.,(3,3),(0.,1.),.PIECEWISE_BEZIER_KNOTS.);
#6775 = CARTESIAN_POINT('',(0.8314453125,8.14453125E-02));
#6776 = CARTESIAN_POINT('',(0.762890625,3.28125E-02));
#6777 = CARTESIAN_POINT('',(0.6802734375,7.91015625E-03));
#6778 = ( GEOMETRIC_REPRESENTATION_CONTEXT(2) 
PARAMETRIC_REPRESENTATION_CONTEXT() REPRESENTATION_CONTEXT('2D SPACE',''
  ) );
#6779 = ADVANCED_FACE('',(#6780),#1079,.F.);
#6780 = FACE_BOUND('',#6781,.F.);
#6781 = EDGE_LOOP('',(#6782,#6805,#6806,#6807));
#6782 = ORIENTED_EDGE('',*,*,#6783,.T.);
#6783 = EDGE_CURVE('',#6784,#1036,#6786,.T.);
#6784 = VERTEX_POINT('',#6785);
#6785 = CARTESIAN_POINT('',(-7.6552734375,-4.333984375,2.7));
#6786 = SURFACE_CURVE('',#6787,(#6791,#6798),.PCURVE_S1.);
#6787 = LINE('',#6788,#6789);
#6788 = CARTESIAN_POINT('',(-7.6552734375,-4.333984375,2.7));
#6789 = VECTOR('',#6790,1.);
#6790 = DIRECTION('',(0.,0.,1.));
#6791 = PCURVE('',#1079,#6792);
#6792 = DEFINITIONAL_REPRESENTATION('',(#6793),#6797);
#6793 = LINE('',#6794,#6795);
#6794 = CARTESIAN_POINT('',(0.,0.));
#6795 = VECTOR('',#6796,1.);
#6796 = DIRECTION('',(0.,-1.));
#6797 = ( GEOMETRIC_REPRESENTATION_CONTEXT(2) 
PARAMETRIC_REPRESENTATION_CONTEXT() REPRESENTATION_CONTEXT('2D SPACE',''
  ) );
#6798 = PCURVE('',#1051,#6799);
#6799 = DEFINITIONAL_REPRESENTATION('',(#6800),#6804);
#6800 = LINE('',#6801,#6802);
#6801 = CARTESIAN_POINT('',(0.1259765625,0.));
#6802 = VECTOR('',#6803,1.);
#6803 = DIRECTION('',(0.,-1.));
#6804 = ( GEOMETRIC_REPRESENTATION_CONTEXT(2) 
PARAMETRIC_REPRESENTATION_CONTEXT() REPRESENTATION_CONTEXT('2D SPACE',''
  ) );
#6805 = ORIENTED_EDGE('',*,*,#1063,.T.);
#6806 = ORIENTED_EDGE('',*,*,#6685,.F.);
#6807 = ORIENTED_EDGE('',*,*,#6808,.F.);
#6808 = EDGE_CURVE('',#6784,#6686,#6809,.T.);
#6809 = SURFACE_CURVE('',#6810,(#6814,#6821),.PCURVE_S1.);
#6810 = B_SPLINE_CURVE_WITH_KNOTS('',2,(#6811,#6812,#6813),
  .UNSPECIFIED.,.F.,.F.,(3,3),(0.,1.),.PIECEWISE_BEZIER_KNOTS.);
#6811 = CARTESIAN_POINT('',(-7.6552734375,-4.333984375,2.7));
#6812 = CARTESIAN_POINT('',(-7.7208984375,-4.2783203125,2.7));
#6813 = CARTESIAN_POINT('',(-7.7947265625,-4.2501953125,2.7));
#6814 = PCURVE('',#1079,#6815);
#6815 = DEFINITIONAL_REPRESENTATION('',(#6816),#6820);
#6816 = LINE('',#6817,#6818);
#6817 = CARTESIAN_POINT('',(0.,0.));
#6818 = VECTOR('',#6819,1.);
#6819 = DIRECTION('',(1.,0.));
#6820 = ( GEOMETRIC_REPRESENTATION_CONTEXT(2) 
PARAMETRIC_REPRESENTATION_CONTEXT() REPRESENTATION_CONTEXT('2D SPACE',''
  ) );
#6821 = PCURVE('',#6180,#6822);
#6822 = DEFINITIONAL_REPRESENTATION('',(#6823),#6827);
#6823 = B_SPLINE_CURVE_WITH_KNOTS('',2,(#6824,#6825,#6826),
  .UNSPECIFIED.,.F.,.F.,(3,3),(0.,1.),.PIECEWISE_BEZIER_KNOTS.);
#6824 = CARTESIAN_POINT('',(0.80859375,0.6814453125));
#6825 = CARTESIAN_POINT('',(0.74296875,0.737109375));
#6826 = CARTESIAN_POINT('',(0.669140625,0.765234375));
#6827 = ( GEOMETRIC_REPRESENTATION_CONTEXT(2) 
PARAMETRIC_REPRESENTATION_CONTEXT() REPRESENTATION_CONTEXT('2D SPACE',''
  ) );
#6828 = ADVANCED_FACE('',(#6829),#841,.F.);
#6829 = FACE_BOUND('',#6830,.F.);
#6830 = EDGE_LOOP('',(#6831,#6832,#6833,#6856));
#6831 = ORIENTED_EDGE('',*,*,#6736,.T.);
#6832 = ORIENTED_EDGE('',*,*,#825,.T.);
#6833 = ORIENTED_EDGE('',*,*,#6834,.F.);
#6834 = EDGE_CURVE('',#6835,#826,#6837,.T.);
#6835 = VERTEX_POINT('',#6836);
#6836 = CARTESIAN_POINT('',(-7.9599609375,-5.032421875,2.7));
#6837 = SURFACE_CURVE('',#6838,(#6842,#6849),.PCURVE_S1.);
#6838 = LINE('',#6839,#6840);
#6839 = CARTESIAN_POINT('',(-7.9599609375,-5.032421875,2.7));
#6840 = VECTOR('',#6841,1.);
#6841 = DIRECTION('',(0.,0.,1.));
#6842 = PCURVE('',#841,#6843);
#6843 = DEFINITIONAL_REPRESENTATION('',(#6844),#6848);
#6844 = LINE('',#6845,#6846);
#6845 = CARTESIAN_POINT('',(1.,0.));
#6846 = VECTOR('',#6847,1.);
#6847 = DIRECTION('',(0.,-1.));
#6848 = ( GEOMETRIC_REPRESENTATION_CONTEXT(2) 
PARAMETRIC_REPRESENTATION_CONTEXT() REPRESENTATION_CONTEXT('2D SPACE',''
  ) );
#6849 = PCURVE('',#871,#6850);
#6850 = DEFINITIONAL_REPRESENTATION('',(#6851),#6855);
#6851 = LINE('',#6852,#6853);
#6852 = CARTESIAN_POINT('',(0.,0.));
#6853 = VECTOR('',#6854,1.);
#6854 = DIRECTION('',(0.,-1.));
#6855 = ( GEOMETRIC_REPRESENTATION_CONTEXT(2) 
PARAMETRIC_REPRESENTATION_CONTEXT() REPRESENTATION_CONTEXT('2D SPACE',''
  ) );
#6856 = ORIENTED_EDGE('',*,*,#6857,.F.);
#6857 = EDGE_CURVE('',#6737,#6835,#6858,.T.);
#6858 = SURFACE_CURVE('',#6859,(#6863,#6870),.PCURVE_S1.);
#6859 = B_SPLINE_CURVE_WITH_KNOTS('',2,(#6860,#6861,#6862),
  .UNSPECIFIED.,.F.,.F.,(3,3),(0.,1.),.PIECEWISE_BEZIER_KNOTS.);
#6860 = CARTESIAN_POINT('',(-7.78359375,-5.00751953125,2.7));
#6861 = CARTESIAN_POINT('',(-7.8662109375,-5.032421875,2.7));
#6862 = CARTESIAN_POINT('',(-7.9599609375,-5.032421875,2.7));
#6863 = PCURVE('',#841,#6864);
#6864 = DEFINITIONAL_REPRESENTATION('',(#6865),#6869);
#6865 = LINE('',#6866,#6867);
#6866 = CARTESIAN_POINT('',(0.,0.));
#6867 = VECTOR('',#6868,1.);
#6868 = DIRECTION('',(1.,0.));
#6869 = ( GEOMETRIC_REPRESENTATION_CONTEXT(2) 
PARAMETRIC_REPRESENTATION_CONTEXT() REPRESENTATION_CONTEXT('2D SPACE',''
  ) );
#6870 = PCURVE('',#6180,#6871);
#6871 = DEFINITIONAL_REPRESENTATION('',(#6872),#6876);
#6872 = B_SPLINE_CURVE_WITH_KNOTS('',2,(#6873,#6874,#6875),
  .UNSPECIFIED.,.F.,.F.,(3,3),(0.,1.),.PIECEWISE_BEZIER_KNOTS.);
#6873 = CARTESIAN_POINT('',(0.6802734375,7.91015625E-03));
#6874 = CARTESIAN_POINT('',(0.59765625,-1.69921875E-02));
#6875 = CARTESIAN_POINT('',(0.50390625,-1.69921875E-02));
#6876 = ( GEOMETRIC_REPRESENTATION_CONTEXT(2) 
PARAMETRIC_REPRESENTATION_CONTEXT() REPRESENTATION_CONTEXT('2D SPACE',''
  ) );
#6877 = ADVANCED_FACE('',(#6878),#1051,.F.);
#6878 = FACE_BOUND('',#6879,.F.);
#6879 = EDGE_LOOP('',(#6880,#6903,#6904,#6905));
#6880 = ORIENTED_EDGE('',*,*,#6881,.T.);
#6881 = EDGE_CURVE('',#6882,#1006,#6884,.T.);
#6882 = VERTEX_POINT('',#6883);
#6883 = CARTESIAN_POINT('',(-7.6552734375,-4.2080078125,2.7));
#6884 = SURFACE_CURVE('',#6885,(#6889,#6896),.PCURVE_S1.);
#6885 = LINE('',#6886,#6887);
#6886 = CARTESIAN_POINT('',(-7.6552734375,-4.2080078125,2.7));
#6887 = VECTOR('',#6888,1.);
#6888 = DIRECTION('',(0.,0.,1.));
#6889 = PCURVE('',#1051,#6890);
#6890 = DEFINITIONAL_REPRESENTATION('',(#6891),#6895);
#6891 = LINE('',#6892,#6893);
#6892 = CARTESIAN_POINT('',(0.,0.));
#6893 = VECTOR('',#6894,1.);
#6894 = DIRECTION('',(0.,-1.));
#6895 = ( GEOMETRIC_REPRESENTATION_CONTEXT(2) 
PARAMETRIC_REPRESENTATION_CONTEXT() REPRESENTATION_CONTEXT('2D SPACE',''
  ) );
#6896 = PCURVE('',#1021,#6897);
#6897 = DEFINITIONAL_REPRESENTATION('',(#6898),#6902);
#6898 = LINE('',#6899,#6900);
#6899 = CARTESIAN_POINT('',(1.,0.));
#6900 = VECTOR('',#6901,1.);
#6901 = DIRECTION('',(0.,-1.));
#6902 = ( GEOMETRIC_REPRESENTATION_CONTEXT(2) 
PARAMETRIC_REPRESENTATION_CONTEXT() REPRESENTATION_CONTEXT('2D SPACE',''
  ) );
#6903 = ORIENTED_EDGE('',*,*,#1035,.T.);
#6904 = ORIENTED_EDGE('',*,*,#6783,.F.);
#6905 = ORIENTED_EDGE('',*,*,#6906,.F.);
#6906 = EDGE_CURVE('',#6882,#6784,#6907,.T.);
#6907 = SURFACE_CURVE('',#6908,(#6912,#6919),.PCURVE_S1.);
#6908 = LINE('',#6909,#6910);
#6909 = CARTESIAN_POINT('',(-7.6552734375,-4.2080078125,2.7));
#6910 = VECTOR('',#6911,1.);
#6911 = DIRECTION('',(0.,-1.,0.));
#6912 = PCURVE('',#1051,#6913);
#6913 = DEFINITIONAL_REPRESENTATION('',(#6914),#6918);
#6914 = LINE('',#6915,#6916);
#6915 = CARTESIAN_POINT('',(-8.881784197001E-16,0.));
#6916 = VECTOR('',#6917,1.);
#6917 = DIRECTION('',(1.,0.));
#6918 = ( GEOMETRIC_REPRESENTATION_CONTEXT(2) 
PARAMETRIC_REPRESENTATION_CONTEXT() REPRESENTATION_CONTEXT('2D SPACE',''
  ) );
#6919 = PCURVE('',#6180,#6920);
#6920 = DEFINITIONAL_REPRESENTATION('',(#6921),#6925);
#6921 = LINE('',#6922,#6923);
#6922 = CARTESIAN_POINT('',(0.80859375,0.807421875));
#6923 = VECTOR('',#6924,1.);
#6924 = DIRECTION('',(0.,-1.));
#6925 = ( GEOMETRIC_REPRESENTATION_CONTEXT(2) 
PARAMETRIC_REPRESENTATION_CONTEXT() REPRESENTATION_CONTEXT('2D SPACE',''
  ) );
#6926 = ADVANCED_FACE('',(#6927),#871,.F.);
#6927 = FACE_BOUND('',#6928,.F.);
#6928 = EDGE_LOOP('',(#6929,#6930,#6931,#6954));
#6929 = ORIENTED_EDGE('',*,*,#6834,.T.);
#6930 = ORIENTED_EDGE('',*,*,#855,.T.);
#6931 = ORIENTED_EDGE('',*,*,#6932,.F.);
#6932 = EDGE_CURVE('',#6933,#856,#6935,.T.);
#6933 = VERTEX_POINT('',#6934);
#6934 = CARTESIAN_POINT('',(-8.28076171875,-4.91259765625,2.7));
#6935 = SURFACE_CURVE('',#6936,(#6940,#6947),.PCURVE_S1.);
#6936 = LINE('',#6937,#6938);
#6937 = CARTESIAN_POINT('',(-8.28076171875,-4.91259765625,2.7));
#6938 = VECTOR('',#6939,1.);
#6939 = DIRECTION('',(0.,0.,1.));
#6940 = PCURVE('',#871,#6941);
#6941 = DEFINITIONAL_REPRESENTATION('',(#6942),#6946);
#6942 = LINE('',#6943,#6944);
#6943 = CARTESIAN_POINT('',(1.,0.));
#6944 = VECTOR('',#6945,1.);
#6945 = DIRECTION('',(0.,-1.));
#6946 = ( GEOMETRIC_REPRESENTATION_CONTEXT(2) 
PARAMETRIC_REPRESENTATION_CONTEXT() REPRESENTATION_CONTEXT('2D SPACE',''
  ) );
#6947 = PCURVE('',#901,#6948);
#6948 = DEFINITIONAL_REPRESENTATION('',(#6949),#6953);
#6949 = LINE('',#6950,#6951);
#6950 = CARTESIAN_POINT('',(0.,0.));
#6951 = VECTOR('',#6952,1.);
#6952 = DIRECTION('',(0.,-1.));
#6953 = ( GEOMETRIC_REPRESENTATION_CONTEXT(2) 
PARAMETRIC_REPRESENTATION_CONTEXT() REPRESENTATION_CONTEXT('2D SPACE',''
  ) );
#6954 = ORIENTED_EDGE('',*,*,#6955,.F.);
#6955 = EDGE_CURVE('',#6835,#6933,#6956,.T.);
#6956 = SURFACE_CURVE('',#6957,(#6961,#6968),.PCURVE_S1.);
#6957 = B_SPLINE_CURVE_WITH_KNOTS('',2,(#6958,#6959,#6960),
  .UNSPECIFIED.,.F.,.F.,(3,3),(0.,1.),.PIECEWISE_BEZIER_KNOTS.);
#6958 = CARTESIAN_POINT('',(-7.9599609375,-5.032421875,2.7));
#6959 = CARTESIAN_POINT('',(-8.1650390625,-5.032421875,2.7));
#6960 = CARTESIAN_POINT('',(-8.28076171875,-4.91259765625,2.7));
#6961 = PCURVE('',#871,#6962);
#6962 = DEFINITIONAL_REPRESENTATION('',(#6963),#6967);
#6963 = LINE('',#6964,#6965);
#6964 = CARTESIAN_POINT('',(0.,0.));
#6965 = VECTOR('',#6966,1.);
#6966 = DIRECTION('',(1.,0.));
#6967 = ( GEOMETRIC_REPRESENTATION_CONTEXT(2) 
PARAMETRIC_REPRESENTATION_CONTEXT() REPRESENTATION_CONTEXT('2D SPACE',''
  ) );
#6968 = PCURVE('',#6180,#6969);
#6969 = DEFINITIONAL_REPRESENTATION('',(#6970),#6974);
#6970 = B_SPLINE_CURVE_WITH_KNOTS('',2,(#6971,#6972,#6973),
  .UNSPECIFIED.,.F.,.F.,(3,3),(0.,1.),.PIECEWISE_BEZIER_KNOTS.);
#6971 = CARTESIAN_POINT('',(0.50390625,-1.69921875E-02));
#6972 = CARTESIAN_POINT('',(0.298828125,-1.69921875E-02));
#6973 = CARTESIAN_POINT('',(0.18310546875,0.10283203125));
#6974 = ( GEOMETRIC_REPRESENTATION_CONTEXT(2) 
PARAMETRIC_REPRESENTATION_CONTEXT() REPRESENTATION_CONTEXT('2D SPACE',''
  ) );
#6975 = ADVANCED_FACE('',(#6976),#1021,.F.);
#6976 = FACE_BOUND('',#6977,.F.);
#6977 = EDGE_LOOP('',(#6978,#7001,#7002,#7003));
#6978 = ORIENTED_EDGE('',*,*,#6979,.T.);
#6979 = EDGE_CURVE('',#6980,#976,#6982,.T.);
#6980 = VERTEX_POINT('',#6981);
#6981 = CARTESIAN_POINT('',(-7.79736328125,-4.1458984375,2.7));
#6982 = SURFACE_CURVE('',#6983,(#6987,#6994),.PCURVE_S1.);
#6983 = LINE('',#6984,#6985);
#6984 = CARTESIAN_POINT('',(-7.79736328125,-4.1458984375,2.7));
#6985 = VECTOR('',#6986,1.);
#6986 = DIRECTION('',(0.,0.,1.));
#6987 = PCURVE('',#1021,#6988);
#6988 = DEFINITIONAL_REPRESENTATION('',(#6989),#6993);
#6989 = LINE('',#6990,#6991);
#6990 = CARTESIAN_POINT('',(0.,0.));
#6991 = VECTOR('',#6992,1.);
#6992 = DIRECTION('',(0.,-1.));
#6993 = ( GEOMETRIC_REPRESENTATION_CONTEXT(2) 
PARAMETRIC_REPRESENTATION_CONTEXT() REPRESENTATION_CONTEXT('2D SPACE',''
  ) );
#6994 = PCURVE('',#991,#6995);
#6995 = DEFINITIONAL_REPRESENTATION('',(#6996),#7000);
#6996 = LINE('',#6997,#6998);
#6997 = CARTESIAN_POINT('',(1.,0.));
#6998 = VECTOR('',#6999,1.);
#6999 = DIRECTION('',(0.,-1.));
#7000 = ( GEOMETRIC_REPRESENTATION_CONTEXT(2) 
PARAMETRIC_REPRESENTATION_CONTEXT() REPRESENTATION_CONTEXT('2D SPACE',''
  ) );
#7001 = ORIENTED_EDGE('',*,*,#1005,.T.);
#7002 = ORIENTED_EDGE('',*,*,#6881,.F.);
#7003 = ORIENTED_EDGE('',*,*,#7004,.F.);
#7004 = EDGE_CURVE('',#6980,#6882,#7005,.T.);
#7005 = SURFACE_CURVE('',#7006,(#7010,#7017),.PCURVE_S1.);
#7006 = B_SPLINE_CURVE_WITH_KNOTS('',2,(#7007,#7008,#7009),
  .UNSPECIFIED.,.F.,.F.,(3,3),(0.,1.),.PIECEWISE_BEZIER_KNOTS.);
#7007 = CARTESIAN_POINT('',(-7.79736328125,-4.1458984375,2.7));
#7008 = CARTESIAN_POINT('',(-7.7203125,-4.1669921875,2.7));
#7009 = CARTESIAN_POINT('',(-7.6552734375,-4.2080078125,2.7));
#7010 = PCURVE('',#1021,#7011);
#7011 = DEFINITIONAL_REPRESENTATION('',(#7012),#7016);
#7012 = LINE('',#7013,#7014);
#7013 = CARTESIAN_POINT('',(0.,0.));
#7014 = VECTOR('',#7015,1.);
#7015 = DIRECTION('',(1.,0.));
#7016 = ( GEOMETRIC_REPRESENTATION_CONTEXT(2) 
PARAMETRIC_REPRESENTATION_CONTEXT() REPRESENTATION_CONTEXT('2D SPACE',''
  ) );
#7017 = PCURVE('',#6180,#7018);
#7018 = DEFINITIONAL_REPRESENTATION('',(#7019),#7023);
#7019 = B_SPLINE_CURVE_WITH_KNOTS('',2,(#7020,#7021,#7022),
  .UNSPECIFIED.,.F.,.F.,(3,3),(0.,1.),.PIECEWISE_BEZIER_KNOTS.);
#7020 = CARTESIAN_POINT('',(0.66650390625,0.86953125));
#7021 = CARTESIAN_POINT('',(0.7435546875,0.8484375));
#7022 = CARTESIAN_POINT('',(0.80859375,0.807421875));
#7023 = ( GEOMETRIC_REPRESENTATION_CONTEXT(2) 
PARAMETRIC_REPRESENTATION_CONTEXT() REPRESENTATION_CONTEXT('2D SPACE',''
  ) );
#7024 = ADVANCED_FACE('',(#7025),#901,.F.);
#7025 = FACE_BOUND('',#7026,.F.);
#7026 = EDGE_LOOP('',(#7027,#7028,#7029,#7052));
#7027 = ORIENTED_EDGE('',*,*,#6932,.T.);
#7028 = ORIENTED_EDGE('',*,*,#885,.T.);
#7029 = ORIENTED_EDGE('',*,*,#7030,.F.);
#7030 = EDGE_CURVE('',#7031,#886,#7033,.T.);
#7031 = VERTEX_POINT('',#7032);
#7032 = CARTESIAN_POINT('',(-8.396484375,-4.57890625,2.7));
#7033 = SURFACE_CURVE('',#7034,(#7038,#7045),.PCURVE_S1.);
#7034 = LINE('',#7035,#7036);
#7035 = CARTESIAN_POINT('',(-8.396484375,-4.57890625,2.7));
#7036 = VECTOR('',#7037,1.);
#7037 = DIRECTION('',(0.,0.,1.));
#7038 = PCURVE('',#901,#7039);
#7039 = DEFINITIONAL_REPRESENTATION('',(#7040),#7044);
#7040 = LINE('',#7041,#7042);
#7041 = CARTESIAN_POINT('',(1.,0.));
#7042 = VECTOR('',#7043,1.);
#7043 = DIRECTION('',(0.,-1.));
#7044 = ( GEOMETRIC_REPRESENTATION_CONTEXT(2) 
PARAMETRIC_REPRESENTATION_CONTEXT() REPRESENTATION_CONTEXT('2D SPACE',''
  ) );
#7045 = PCURVE('',#931,#7046);
#7046 = DEFINITIONAL_REPRESENTATION('',(#7047),#7051);
#7047 = LINE('',#7048,#7049);
#7048 = CARTESIAN_POINT('',(0.,0.));
#7049 = VECTOR('',#7050,1.);
#7050 = DIRECTION('',(0.,-1.));
#7051 = ( GEOMETRIC_REPRESENTATION_CONTEXT(2) 
PARAMETRIC_REPRESENTATION_CONTEXT() REPRESENTATION_CONTEXT('2D SPACE',''
  ) );
#7052 = ORIENTED_EDGE('',*,*,#7053,.F.);
#7053 = EDGE_CURVE('',#6933,#7031,#7054,.T.);
#7054 = SURFACE_CURVE('',#7055,(#7059,#7066),.PCURVE_S1.);
#7055 = B_SPLINE_CURVE_WITH_KNOTS('',2,(#7056,#7057,#7058),
  .UNSPECIFIED.,.F.,.F.,(3,3),(0.,1.),.PIECEWISE_BEZIER_KNOTS.);
#7056 = CARTESIAN_POINT('',(-8.28076171875,-4.91259765625,2.7));
#7057 = CARTESIAN_POINT('',(-8.396484375,-4.7927734375,2.7));
#7058 = CARTESIAN_POINT('',(-8.396484375,-4.57890625,2.7));
#7059 = PCURVE('',#901,#7060);
#7060 = DEFINITIONAL_REPRESENTATION('',(#7061),#7065);
#7061 = LINE('',#7062,#7063);
#7062 = CARTESIAN_POINT('',(0.,0.));
#7063 = VECTOR('',#7064,1.);
#7064 = DIRECTION('',(1.,0.));
#7065 = ( GEOMETRIC_REPRESENTATION_CONTEXT(2) 
PARAMETRIC_REPRESENTATION_CONTEXT() REPRESENTATION_CONTEXT('2D SPACE',''
  ) );
#7066 = PCURVE('',#6180,#7067);
#7067 = DEFINITIONAL_REPRESENTATION('',(#7068),#7072);
#7068 = B_SPLINE_CURVE_WITH_KNOTS('',2,(#7069,#7070,#7071),
  .UNSPECIFIED.,.F.,.F.,(3,3),(0.,1.),.PIECEWISE_BEZIER_KNOTS.);
#7069 = CARTESIAN_POINT('',(0.18310546875,0.10283203125));
#7070 = CARTESIAN_POINT('',(6.73828125E-02,0.22265625));
#7071 = CARTESIAN_POINT('',(6.73828125E-02,0.4365234375));
#7072 = ( GEOMETRIC_REPRESENTATION_CONTEXT(2) 
PARAMETRIC_REPRESENTATION_CONTEXT() REPRESENTATION_CONTEXT('2D SPACE',''
  ) );
#7073 = ADVANCED_FACE('',(#7074),#991,.F.);
#7074 = FACE_BOUND('',#7075,.F.);
#7075 = EDGE_LOOP('',(#7076,#7099,#7100,#7101));
#7076 = ORIENTED_EDGE('',*,*,#7077,.T.);
#7077 = EDGE_CURVE('',#7078,#946,#7080,.T.);
#7078 = VERTEX_POINT('',#7079);
#7079 = CARTESIAN_POINT('',(-7.9599609375,-4.1248046875,2.7));
#7080 = SURFACE_CURVE('',#7081,(#7085,#7092),.PCURVE_S1.);
#7081 = LINE('',#7082,#7083);
#7082 = CARTESIAN_POINT('',(-7.9599609375,-4.1248046875,2.7));
#7083 = VECTOR('',#7084,1.);
#7084 = DIRECTION('',(0.,0.,1.));
#7085 = PCURVE('',#991,#7086);
#7086 = DEFINITIONAL_REPRESENTATION('',(#7087),#7091);
#7087 = LINE('',#7088,#7089);
#7088 = CARTESIAN_POINT('',(0.,0.));
#7089 = VECTOR('',#7090,1.);
#7090 = DIRECTION('',(0.,-1.));
#7091 = ( GEOMETRIC_REPRESENTATION_CONTEXT(2) 
PARAMETRIC_REPRESENTATION_CONTEXT() REPRESENTATION_CONTEXT('2D SPACE',''
  ) );
#7092 = PCURVE('',#961,#7093);
#7093 = DEFINITIONAL_REPRESENTATION('',(#7094),#7098);
#7094 = LINE('',#7095,#7096);
#7095 = CARTESIAN_POINT('',(1.,0.));
#7096 = VECTOR('',#7097,1.);
#7097 = DIRECTION('',(0.,-1.));
#7098 = ( GEOMETRIC_REPRESENTATION_CONTEXT(2) 
PARAMETRIC_REPRESENTATION_CONTEXT() REPRESENTATION_CONTEXT('2D SPACE',''
  ) );
#7099 = ORIENTED_EDGE('',*,*,#975,.T.);
#7100 = ORIENTED_EDGE('',*,*,#6979,.F.);
#7101 = ORIENTED_EDGE('',*,*,#7102,.F.);
#7102 = EDGE_CURVE('',#7078,#6980,#7103,.T.);
#7103 = SURFACE_CURVE('',#7104,(#7108,#7115),.PCURVE_S1.);
#7104 = B_SPLINE_CURVE_WITH_KNOTS('',2,(#7105,#7106,#7107),
  .UNSPECIFIED.,.F.,.F.,(3,3),(0.,1.),.PIECEWISE_BEZIER_KNOTS.);
#7105 = CARTESIAN_POINT('',(-7.9599609375,-4.1248046875,2.7));
#7106 = CARTESIAN_POINT('',(-7.8744140625,-4.1248046875,2.7));
#7107 = CARTESIAN_POINT('',(-7.79736328125,-4.1458984375,2.7));
#7108 = PCURVE('',#991,#7109);
#7109 = DEFINITIONAL_REPRESENTATION('',(#7110),#7114);
#7110 = LINE('',#7111,#7112);
#7111 = CARTESIAN_POINT('',(0.,0.));
#7112 = VECTOR('',#7113,1.);
#7113 = DIRECTION('',(1.,0.));
#7114 = ( GEOMETRIC_REPRESENTATION_CONTEXT(2) 
PARAMETRIC_REPRESENTATION_CONTEXT() REPRESENTATION_CONTEXT('2D SPACE',''
  ) );
#7115 = PCURVE('',#6180,#7116);
#7116 = DEFINITIONAL_REPRESENTATION('',(#7117),#7121);
#7117 = B_SPLINE_CURVE_WITH_KNOTS('',2,(#7118,#7119,#7120),
  .UNSPECIFIED.,.F.,.F.,(3,3),(0.,1.),.PIECEWISE_BEZIER_KNOTS.);
#7118 = CARTESIAN_POINT('',(0.50390625,0.890625));
#7119 = CARTESIAN_POINT('',(0.589453125,0.890625));
#7120 = CARTESIAN_POINT('',(0.66650390625,0.86953125));
#7121 = ( GEOMETRIC_REPRESENTATION_CONTEXT(2) 
PARAMETRIC_REPRESENTATION_CONTEXT() REPRESENTATION_CONTEXT('2D SPACE',''
  ) );
#7122 = ADVANCED_FACE('',(#7123),#931,.F.);
#7123 = FACE_BOUND('',#7124,.F.);
#7124 = EDGE_LOOP('',(#7125,#7126,#7127,#7150));
#7125 = ORIENTED_EDGE('',*,*,#7030,.T.);
#7126 = ORIENTED_EDGE('',*,*,#915,.T.);
#7127 = ORIENTED_EDGE('',*,*,#7128,.F.);
#7128 = EDGE_CURVE('',#7129,#916,#7131,.T.);
#7129 = VERTEX_POINT('',#7130);
#7130 = CARTESIAN_POINT('',(-8.28076171875,-4.24462890625,2.7));
#7131 = SURFACE_CURVE('',#7132,(#7136,#7143),.PCURVE_S1.);
#7132 = LINE('',#7133,#7134);
#7133 = CARTESIAN_POINT('',(-8.28076171875,-4.24462890625,2.7));
#7134 = VECTOR('',#7135,1.);
#7135 = DIRECTION('',(0.,0.,1.));
#7136 = PCURVE('',#931,#7137);
#7137 = DEFINITIONAL_REPRESENTATION('',(#7138),#7142);
#7138 = LINE('',#7139,#7140);
#7139 = CARTESIAN_POINT('',(1.,0.));
#7140 = VECTOR('',#7141,1.);
#7141 = DIRECTION('',(0.,-1.));
#7142 = ( GEOMETRIC_REPRESENTATION_CONTEXT(2) 
PARAMETRIC_REPRESENTATION_CONTEXT() REPRESENTATION_CONTEXT('2D SPACE',''
  ) );
#7143 = PCURVE('',#961,#7144);
#7144 = DEFINITIONAL_REPRESENTATION('',(#7145),#7149);
#7145 = LINE('',#7146,#7147);
#7146 = CARTESIAN_POINT('',(0.,0.));
#7147 = VECTOR('',#7148,1.);
#7148 = DIRECTION('',(0.,-1.));
#7149 = ( GEOMETRIC_REPRESENTATION_CONTEXT(2) 
PARAMETRIC_REPRESENTATION_CONTEXT() REPRESENTATION_CONTEXT('2D SPACE',''
  ) );
#7150 = ORIENTED_EDGE('',*,*,#7151,.F.);
#7151 = EDGE_CURVE('',#7031,#7129,#7152,.T.);
#7152 = SURFACE_CURVE('',#7153,(#7157,#7164),.PCURVE_S1.);
#7153 = B_SPLINE_CURVE_WITH_KNOTS('',2,(#7154,#7155,#7156),
  .UNSPECIFIED.,.F.,.F.,(3,3),(0.,1.),.PIECEWISE_BEZIER_KNOTS.);
#7154 = CARTESIAN_POINT('',(-8.396484375,-4.57890625,2.7));
#7155 = CARTESIAN_POINT('',(-8.396484375,-4.364453125,2.7));
#7156 = CARTESIAN_POINT('',(-8.28076171875,-4.24462890625,2.7));
#7157 = PCURVE('',#931,#7158);
#7158 = DEFINITIONAL_REPRESENTATION('',(#7159),#7163);
#7159 = LINE('',#7160,#7161);
#7160 = CARTESIAN_POINT('',(0.,0.));
#7161 = VECTOR('',#7162,1.);
#7162 = DIRECTION('',(1.,0.));
#7163 = ( GEOMETRIC_REPRESENTATION_CONTEXT(2) 
PARAMETRIC_REPRESENTATION_CONTEXT() REPRESENTATION_CONTEXT('2D SPACE',''
  ) );
#7164 = PCURVE('',#6180,#7165);
#7165 = DEFINITIONAL_REPRESENTATION('',(#7166),#7170);
#7166 = B_SPLINE_CURVE_WITH_KNOTS('',2,(#7167,#7168,#7169),
  .UNSPECIFIED.,.F.,.F.,(3,3),(0.,1.),.PIECEWISE_BEZIER_KNOTS.);
#7167 = CARTESIAN_POINT('',(6.73828125E-02,0.4365234375));
#7168 = CARTESIAN_POINT('',(6.73828125E-02,0.6509765625));
#7169 = CARTESIAN_POINT('',(0.18310546875,0.77080078125));
#7170 = ( GEOMETRIC_REPRESENTATION_CONTEXT(2) 
PARAMETRIC_REPRESENTATION_CONTEXT() REPRESENTATION_CONTEXT('2D SPACE',''
  ) );
#7171 = ADVANCED_FACE('',(#7172),#961,.F.);
#7172 = FACE_BOUND('',#7173,.F.);
#7173 = EDGE_LOOP('',(#7174,#7175,#7176,#7177));
#7174 = ORIENTED_EDGE('',*,*,#7128,.T.);
#7175 = ORIENTED_EDGE('',*,*,#945,.T.);
#7176 = ORIENTED_EDGE('',*,*,#7077,.F.);
#7177 = ORIENTED_EDGE('',*,*,#7178,.F.);
#7178 = EDGE_CURVE('',#7129,#7078,#7179,.T.);
#7179 = SURFACE_CURVE('',#7180,(#7184,#7191),.PCURVE_S1.);
#7180 = B_SPLINE_CURVE_WITH_KNOTS('',2,(#7181,#7182,#7183),
  .UNSPECIFIED.,.F.,.F.,(3,3),(0.,1.),.PIECEWISE_BEZIER_KNOTS.);
#7181 = CARTESIAN_POINT('',(-8.28076171875,-4.24462890625,2.7));
#7182 = CARTESIAN_POINT('',(-8.1650390625,-4.1248046875,2.7));
#7183 = CARTESIAN_POINT('',(-7.9599609375,-4.1248046875,2.7));
#7184 = PCURVE('',#961,#7185);
#7185 = DEFINITIONAL_REPRESENTATION('',(#7186),#7190);
#7186 = LINE('',#7187,#7188);
#7187 = CARTESIAN_POINT('',(0.,0.));
#7188 = VECTOR('',#7189,1.);
#7189 = DIRECTION('',(1.,0.));
#7190 = ( GEOMETRIC_REPRESENTATION_CONTEXT(2) 
PARAMETRIC_REPRESENTATION_CONTEXT() REPRESENTATION_CONTEXT('2D SPACE',''
  ) );
#7191 = PCURVE('',#6180,#7192);
#7192 = DEFINITIONAL_REPRESENTATION('',(#7193),#7197);
#7193 = B_SPLINE_CURVE_WITH_KNOTS('',2,(#7194,#7195,#7196),
  .UNSPECIFIED.,.F.,.F.,(3,3),(0.,1.),.PIECEWISE_BEZIER_KNOTS.);
#7194 = CARTESIAN_POINT('',(0.18310546875,0.77080078125));
#7195 = CARTESIAN_POINT('',(0.298828125,0.890625));
#7196 = CARTESIAN_POINT('',(0.50390625,0.890625));
#7197 = ( GEOMETRIC_REPRESENTATION_CONTEXT(2) 
PARAMETRIC_REPRESENTATION_CONTEXT() REPRESENTATION_CONTEXT('2D SPACE',''
  ) );
#7198 = ADVANCED_FACE('',(#7199),#1291,.F.);
#7199 = FACE_BOUND('',#7200,.F.);
#7200 = EDGE_LOOP('',(#7201,#7224,#7225,#7248));
#7201 = ORIENTED_EDGE('',*,*,#7202,.T.);
#7202 = EDGE_CURVE('',#7203,#1274,#7205,.T.);
#7203 = VERTEX_POINT('',#7204);
#7204 = CARTESIAN_POINT('',(-7.35615234375,-4.24814453125,2.7));
#7205 = SURFACE_CURVE('',#7206,(#7210,#7217),.PCURVE_S1.);
#7206 = LINE('',#7207,#7208);
#7207 = CARTESIAN_POINT('',(-7.35615234375,-4.24814453125,2.7));
#7208 = VECTOR('',#7209,1.);
#7209 = DIRECTION('',(0.,0.,1.));
#7210 = PCURVE('',#1291,#7211);
#7211 = DEFINITIONAL_REPRESENTATION('',(#7212),#7216);
#7212 = LINE('',#7213,#7214);
#7213 = CARTESIAN_POINT('',(0.,0.));
#7214 = VECTOR('',#7215,1.);
#7215 = DIRECTION('',(0.,-1.));
#7216 = ( GEOMETRIC_REPRESENTATION_CONTEXT(2) 
PARAMETRIC_REPRESENTATION_CONTEXT() REPRESENTATION_CONTEXT('2D SPACE',''
  ) );
#7217 = PCURVE('',#1499,#7218);
#7218 = DEFINITIONAL_REPRESENTATION('',(#7219),#7223);
#7219 = LINE('',#7220,#7221);
#7220 = CARTESIAN_POINT('',(1.,0.));
#7221 = VECTOR('',#7222,1.);
#7222 = DIRECTION('',(0.,-1.));
#7223 = ( GEOMETRIC_REPRESENTATION_CONTEXT(2) 
PARAMETRIC_REPRESENTATION_CONTEXT() REPRESENTATION_CONTEXT('2D SPACE',''
  ) );
#7224 = ORIENTED_EDGE('',*,*,#1273,.T.);
#7225 = ORIENTED_EDGE('',*,*,#7226,.F.);
#7226 = EDGE_CURVE('',#7227,#1276,#7229,.T.);
#7227 = VERTEX_POINT('',#7228);
#7228 = CARTESIAN_POINT('',(-7.0611328125,-4.1248046875,2.7));
#7229 = SURFACE_CURVE('',#7230,(#7234,#7241),.PCURVE_S1.);
#7230 = LINE('',#7231,#7232);
#7231 = CARTESIAN_POINT('',(-7.0611328125,-4.1248046875,2.7));
#7232 = VECTOR('',#7233,1.);
#7233 = DIRECTION('',(0.,0.,1.));
#7234 = PCURVE('',#1291,#7235);
#7235 = DEFINITIONAL_REPRESENTATION('',(#7236),#7240);
#7236 = LINE('',#7237,#7238);
#7237 = CARTESIAN_POINT('',(1.,0.));
#7238 = VECTOR('',#7239,1.);
#7239 = DIRECTION('',(0.,-1.));
#7240 = ( GEOMETRIC_REPRESENTATION_CONTEXT(2) 
PARAMETRIC_REPRESENTATION_CONTEXT() REPRESENTATION_CONTEXT('2D SPACE',''
  ) );
#7241 = PCURVE('',#1321,#7242);
#7242 = DEFINITIONAL_REPRESENTATION('',(#7243),#7247);
#7243 = LINE('',#7244,#7245);
#7244 = CARTESIAN_POINT('',(0.,0.));
#7245 = VECTOR('',#7246,1.);
#7246 = DIRECTION('',(0.,-1.));
#7247 = ( GEOMETRIC_REPRESENTATION_CONTEXT(2) 
PARAMETRIC_REPRESENTATION_CONTEXT() REPRESENTATION_CONTEXT('2D SPACE',''
  ) );
#7248 = ORIENTED_EDGE('',*,*,#7249,.F.);
#7249 = EDGE_CURVE('',#7203,#7227,#7250,.T.);
#7250 = SURFACE_CURVE('',#7251,(#7255,#7262),.PCURVE_S1.);
#7251 = B_SPLINE_CURVE_WITH_KNOTS('',2,(#7252,#7253,#7254),
  .UNSPECIFIED.,.F.,.F.,(3,3),(0.,1.),.PIECEWISE_BEZIER_KNOTS.);
#7252 = CARTESIAN_POINT('',(-7.35615234375,-4.24814453125,2.7));
#7253 = CARTESIAN_POINT('',(-7.245703125,-4.1248046875,2.7));
#7254 = CARTESIAN_POINT('',(-7.0611328125,-4.1248046875,2.7));
#7255 = PCURVE('',#1291,#7256);
#7256 = DEFINITIONAL_REPRESENTATION('',(#7257),#7261);
#7257 = LINE('',#7258,#7259);
#7258 = CARTESIAN_POINT('',(0.,0.));
#7259 = VECTOR('',#7260,1.);
#7260 = DIRECTION('',(1.,0.));
#7261 = ( GEOMETRIC_REPRESENTATION_CONTEXT(2) 
PARAMETRIC_REPRESENTATION_CONTEXT() REPRESENTATION_CONTEXT('2D SPACE',''
  ) );
#7262 = PCURVE('',#7263,#7268);
#7263 = PLANE('',#7264);
#7264 = AXIS2_PLACEMENT_3D('',#7265,#7266,#7267);
#7265 = CARTESIAN_POINT('',(-7.533984375,-5.0154296875,2.7));
#7266 = DIRECTION('',(0.,0.,1.));
#7267 = DIRECTION('',(1.,0.,0.));
#7268 = DEFINITIONAL_REPRESENTATION('',(#7269),#7273);
#7269 = B_SPLINE_CURVE_WITH_KNOTS('',2,(#7270,#7271,#7272),
  .UNSPECIFIED.,.F.,.F.,(3,3),(0.,1.),.PIECEWISE_BEZIER_KNOTS.);
#7270 = CARTESIAN_POINT('',(0.17783203125,0.76728515625));
#7271 = CARTESIAN_POINT('',(0.28828125,0.890625));
#7272 = CARTESIAN_POINT('',(0.4728515625,0.890625));
#7273 = ( GEOMETRIC_REPRESENTATION_CONTEXT(2) 
PARAMETRIC_REPRESENTATION_CONTEXT() REPRESENTATION_CONTEXT('2D SPACE',''
  ) );
#7274 = ADVANCED_FACE('',(#7275),#1499,.F.);
#7275 = FACE_BOUND('',#7276,.F.);
#7276 = EDGE_LOOP('',(#7277,#7300,#7301,#7302));
#7277 = ORIENTED_EDGE('',*,*,#7278,.T.);
#7278 = EDGE_CURVE('',#7279,#1456,#7281,.T.);
#7279 = VERTEX_POINT('',#7280);
#7280 = CARTESIAN_POINT('',(-7.4666015625,-4.57890625,2.7));
#7281 = SURFACE_CURVE('',#7282,(#7286,#7293),.PCURVE_S1.);
#7282 = LINE('',#7283,#7284);
#7283 = CARTESIAN_POINT('',(-7.4666015625,-4.57890625,2.7));
#7284 = VECTOR('',#7285,1.);
#7285 = DIRECTION('',(0.,0.,1.));
#7286 = PCURVE('',#1499,#7287);
#7287 = DEFINITIONAL_REPRESENTATION('',(#7288),#7292);
#7288 = LINE('',#7289,#7290);
#7289 = CARTESIAN_POINT('',(0.,0.));
#7290 = VECTOR('',#7291,1.);
#7291 = DIRECTION('',(0.,-1.));
#7292 = ( GEOMETRIC_REPRESENTATION_CONTEXT(2) 
PARAMETRIC_REPRESENTATION_CONTEXT() REPRESENTATION_CONTEXT('2D SPACE',''
  ) );
#7293 = PCURVE('',#1471,#7294);
#7294 = DEFINITIONAL_REPRESENTATION('',(#7295),#7299);
#7295 = LINE('',#7296,#7297);
#7296 = CARTESIAN_POINT('',(1.,0.));
#7297 = VECTOR('',#7298,1.);
#7298 = DIRECTION('',(0.,-1.));
#7299 = ( GEOMETRIC_REPRESENTATION_CONTEXT(2) 
PARAMETRIC_REPRESENTATION_CONTEXT() REPRESENTATION_CONTEXT('2D SPACE',''
  ) );
#7300 = ORIENTED_EDGE('',*,*,#1485,.T.);
#7301 = ORIENTED_EDGE('',*,*,#7202,.F.);
#7302 = ORIENTED_EDGE('',*,*,#7303,.F.);
#7303 = EDGE_CURVE('',#7279,#7203,#7304,.T.);
#7304 = SURFACE_CURVE('',#7305,(#7309,#7316),.PCURVE_S1.);
#7305 = B_SPLINE_CURVE_WITH_KNOTS('',2,(#7306,#7307,#7308),
  .UNSPECIFIED.,.F.,.F.,(3,3),(0.,1.),.PIECEWISE_BEZIER_KNOTS.);
#7306 = CARTESIAN_POINT('',(-7.4666015625,-4.57890625,2.7));
#7307 = CARTESIAN_POINT('',(-7.4666015625,-4.371484375,2.7));
#7308 = CARTESIAN_POINT('',(-7.35615234375,-4.24814453125,2.7));
#7309 = PCURVE('',#1499,#7310);
#7310 = DEFINITIONAL_REPRESENTATION('',(#7311),#7315);
#7311 = LINE('',#7312,#7313);
#7312 = CARTESIAN_POINT('',(0.,0.));
#7313 = VECTOR('',#7314,1.);
#7314 = DIRECTION('',(1.,0.));
#7315 = ( GEOMETRIC_REPRESENTATION_CONTEXT(2) 
PARAMETRIC_REPRESENTATION_CONTEXT() REPRESENTATION_CONTEXT('2D SPACE',''
  ) );
#7316 = PCURVE('',#7263,#7317);
#7317 = DEFINITIONAL_REPRESENTATION('',(#7318),#7322);
#7318 = B_SPLINE_CURVE_WITH_KNOTS('',2,(#7319,#7320,#7321),
  .UNSPECIFIED.,.F.,.F.,(3,3),(0.,1.),.PIECEWISE_BEZIER_KNOTS.);
#7319 = CARTESIAN_POINT('',(6.73828125E-02,0.4365234375));
#7320 = CARTESIAN_POINT('',(6.73828125E-02,0.6439453125));
#7321 = CARTESIAN_POINT('',(0.17783203125,0.76728515625));
#7322 = ( GEOMETRIC_REPRESENTATION_CONTEXT(2) 
PARAMETRIC_REPRESENTATION_CONTEXT() REPRESENTATION_CONTEXT('2D SPACE',''
  ) );
#7323 = ADVANCED_FACE('',(#7324),#1321,.F.);
#7324 = FACE_BOUND('',#7325,.F.);
#7325 = EDGE_LOOP('',(#7326,#7327,#7328,#7351));
#7326 = ORIENTED_EDGE('',*,*,#7226,.T.);
#7327 = ORIENTED_EDGE('',*,*,#1305,.T.);
#7328 = ORIENTED_EDGE('',*,*,#7329,.F.);
#7329 = EDGE_CURVE('',#7330,#1306,#7332,.T.);
#7330 = VERTEX_POINT('',#7331);
#7331 = CARTESIAN_POINT('',(-6.7669921875,-4.24814453125,2.7));
#7332 = SURFACE_CURVE('',#7333,(#7337,#7344),.PCURVE_S1.);
#7333 = LINE('',#7334,#7335);
#7334 = CARTESIAN_POINT('',(-6.7669921875,-4.24814453125,2.7));
#7335 = VECTOR('',#7336,1.);
#7336 = DIRECTION('',(0.,0.,1.));
#7337 = PCURVE('',#1321,#7338);
#7338 = DEFINITIONAL_REPRESENTATION('',(#7339),#7343);
#7339 = LINE('',#7340,#7341);
#7340 = CARTESIAN_POINT('',(1.,0.));
#7341 = VECTOR('',#7342,1.);
#7342 = DIRECTION('',(0.,-1.));
#7343 = ( GEOMETRIC_REPRESENTATION_CONTEXT(2) 
PARAMETRIC_REPRESENTATION_CONTEXT() REPRESENTATION_CONTEXT('2D SPACE',''
  ) );
#7344 = PCURVE('',#1351,#7345);
#7345 = DEFINITIONAL_REPRESENTATION('',(#7346),#7350);
#7346 = LINE('',#7347,#7348);
#7347 = CARTESIAN_POINT('',(0.,0.));
#7348 = VECTOR('',#7349,1.);
#7349 = DIRECTION('',(0.,-1.));
#7350 = ( GEOMETRIC_REPRESENTATION_CONTEXT(2) 
PARAMETRIC_REPRESENTATION_CONTEXT() REPRESENTATION_CONTEXT('2D SPACE',''
  ) );
#7351 = ORIENTED_EDGE('',*,*,#7352,.F.);
#7352 = EDGE_CURVE('',#7227,#7330,#7353,.T.);
#7353 = SURFACE_CURVE('',#7354,(#7358,#7365),.PCURVE_S1.);
#7354 = B_SPLINE_CURVE_WITH_KNOTS('',2,(#7355,#7356,#7357),
  .UNSPECIFIED.,.F.,.F.,(3,3),(0.,1.),.PIECEWISE_BEZIER_KNOTS.);
#7355 = CARTESIAN_POINT('',(-7.0611328125,-4.1248046875,2.7));
#7356 = CARTESIAN_POINT('',(-6.8771484375,-4.1248046875,2.7));
#7357 = CARTESIAN_POINT('',(-6.7669921875,-4.24814453125,2.7));
#7358 = PCURVE('',#1321,#7359);
#7359 = DEFINITIONAL_REPRESENTATION('',(#7360),#7364);
#7360 = LINE('',#7361,#7362);
#7361 = CARTESIAN_POINT('',(0.,0.));
#7362 = VECTOR('',#7363,1.);
#7363 = DIRECTION('',(1.,0.));
#7364 = ( GEOMETRIC_REPRESENTATION_CONTEXT(2) 
PARAMETRIC_REPRESENTATION_CONTEXT() REPRESENTATION_CONTEXT('2D SPACE',''
  ) );
#7365 = PCURVE('',#7263,#7366);
#7366 = DEFINITIONAL_REPRESENTATION('',(#7367),#7371);
#7367 = B_SPLINE_CURVE_WITH_KNOTS('',2,(#7368,#7369,#7370),
  .UNSPECIFIED.,.F.,.F.,(3,3),(0.,1.),.PIECEWISE_BEZIER_KNOTS.);
#7368 = CARTESIAN_POINT('',(0.4728515625,0.890625));
#7369 = CARTESIAN_POINT('',(0.6568359375,0.890625));
#7370 = CARTESIAN_POINT('',(0.7669921875,0.76728515625));
#7371 = ( GEOMETRIC_REPRESENTATION_CONTEXT(2) 
PARAMETRIC_REPRESENTATION_CONTEXT() REPRESENTATION_CONTEXT('2D SPACE',''
  ) );
#7372 = ADVANCED_FACE('',(#7373),#1471,.F.);
#7373 = FACE_BOUND('',#7374,.F.);
#7374 = EDGE_LOOP('',(#7375,#7398,#7399,#7400));
#7375 = ORIENTED_EDGE('',*,*,#7376,.T.);
#7376 = EDGE_CURVE('',#7377,#1426,#7379,.T.);
#7377 = VERTEX_POINT('',#7378);
#7378 = CARTESIAN_POINT('',(-7.35615234375,-4.909375,2.7));
#7379 = SURFACE_CURVE('',#7380,(#7384,#7391),.PCURVE_S1.);
#7380 = LINE('',#7381,#7382);
#7381 = CARTESIAN_POINT('',(-7.35615234375,-4.909375,2.7));
#7382 = VECTOR('',#7383,1.);
#7383 = DIRECTION('',(0.,0.,1.));
#7384 = PCURVE('',#1471,#7385);
#7385 = DEFINITIONAL_REPRESENTATION('',(#7386),#7390);
#7386 = LINE('',#7387,#7388);
#7387 = CARTESIAN_POINT('',(0.,0.));
#7388 = VECTOR('',#7389,1.);
#7389 = DIRECTION('',(0.,-1.));
#7390 = ( GEOMETRIC_REPRESENTATION_CONTEXT(2) 
PARAMETRIC_REPRESENTATION_CONTEXT() REPRESENTATION_CONTEXT('2D SPACE',''
  ) );
#7391 = PCURVE('',#1441,#7392);
#7392 = DEFINITIONAL_REPRESENTATION('',(#7393),#7397);
#7393 = LINE('',#7394,#7395);
#7394 = CARTESIAN_POINT('',(1.,0.));
#7395 = VECTOR('',#7396,1.);
#7396 = DIRECTION('',(0.,-1.));
#7397 = ( GEOMETRIC_REPRESENTATION_CONTEXT(2) 
PARAMETRIC_REPRESENTATION_CONTEXT() REPRESENTATION_CONTEXT('2D SPACE',''
  ) );
#7398 = ORIENTED_EDGE('',*,*,#1455,.T.);
#7399 = ORIENTED_EDGE('',*,*,#7278,.F.);
#7400 = ORIENTED_EDGE('',*,*,#7401,.F.);
#7401 = EDGE_CURVE('',#7377,#7279,#7402,.T.);
#7402 = SURFACE_CURVE('',#7403,(#7407,#7414),.PCURVE_S1.);
#7403 = B_SPLINE_CURVE_WITH_KNOTS('',2,(#7404,#7405,#7406),
  .UNSPECIFIED.,.F.,.F.,(3,3),(0.,1.),.PIECEWISE_BEZIER_KNOTS.);
#7404 = CARTESIAN_POINT('',(-7.35615234375,-4.909375,2.7));
#7405 = CARTESIAN_POINT('',(-7.4666015625,-4.786328125,2.7));
#7406 = CARTESIAN_POINT('',(-7.4666015625,-4.57890625,2.7));
#7407 = PCURVE('',#1471,#7408);
#7408 = DEFINITIONAL_REPRESENTATION('',(#7409),#7413);
#7409 = LINE('',#7410,#7411);
#7410 = CARTESIAN_POINT('',(0.,0.));
#7411 = VECTOR('',#7412,1.);
#7412 = DIRECTION('',(1.,0.));
#7413 = ( GEOMETRIC_REPRESENTATION_CONTEXT(2) 
PARAMETRIC_REPRESENTATION_CONTEXT() REPRESENTATION_CONTEXT('2D SPACE',''
  ) );
#7414 = PCURVE('',#7263,#7415);
#7415 = DEFINITIONAL_REPRESENTATION('',(#7416),#7420);
#7416 = B_SPLINE_CURVE_WITH_KNOTS('',2,(#7417,#7418,#7419),
  .UNSPECIFIED.,.F.,.F.,(3,3),(0.,1.),.PIECEWISE_BEZIER_KNOTS.);
#7417 = CARTESIAN_POINT('',(0.17783203125,0.1060546875));
#7418 = CARTESIAN_POINT('',(6.73828125E-02,0.2291015625));
#7419 = CARTESIAN_POINT('',(6.73828125E-02,0.4365234375));
#7420 = ( GEOMETRIC_REPRESENTATION_CONTEXT(2) 
PARAMETRIC_REPRESENTATION_CONTEXT() REPRESENTATION_CONTEXT('2D SPACE',''
  ) );
#7421 = ADVANCED_FACE('',(#7422),#1351,.F.);
#7422 = FACE_BOUND('',#7423,.F.);
#7423 = EDGE_LOOP('',(#7424,#7425,#7426,#7449));
#7424 = ORIENTED_EDGE('',*,*,#7329,.T.);
#7425 = ORIENTED_EDGE('',*,*,#1335,.T.);
#7426 = ORIENTED_EDGE('',*,*,#7427,.F.);
#7427 = EDGE_CURVE('',#7428,#1336,#7430,.T.);
#7428 = VERTEX_POINT('',#7429);
#7429 = CARTESIAN_POINT('',(-6.6568359375,-4.57890625,2.7));
#7430 = SURFACE_CURVE('',#7431,(#7435,#7442),.PCURVE_S1.);
#7431 = LINE('',#7432,#7433);
#7432 = CARTESIAN_POINT('',(-6.6568359375,-4.57890625,2.7));
#7433 = VECTOR('',#7434,1.);
#7434 = DIRECTION('',(0.,0.,1.));
#7435 = PCURVE('',#1351,#7436);
#7436 = DEFINITIONAL_REPRESENTATION('',(#7437),#7441);
#7437 = LINE('',#7438,#7439);
#7438 = CARTESIAN_POINT('',(1.,0.));
#7439 = VECTOR('',#7440,1.);
#7440 = DIRECTION('',(0.,-1.));
#7441 = ( GEOMETRIC_REPRESENTATION_CONTEXT(2) 
PARAMETRIC_REPRESENTATION_CONTEXT() REPRESENTATION_CONTEXT('2D SPACE',''
  ) );
#7442 = PCURVE('',#1381,#7443);
#7443 = DEFINITIONAL_REPRESENTATION('',(#7444),#7448);
#7444 = LINE('',#7445,#7446);
#7445 = CARTESIAN_POINT('',(0.,0.));
#7446 = VECTOR('',#7447,1.);
#7447 = DIRECTION('',(0.,-1.));
#7448 = ( GEOMETRIC_REPRESENTATION_CONTEXT(2) 
PARAMETRIC_REPRESENTATION_CONTEXT() REPRESENTATION_CONTEXT('2D SPACE',''
  ) );
#7449 = ORIENTED_EDGE('',*,*,#7450,.F.);
#7450 = EDGE_CURVE('',#7330,#7428,#7451,.T.);
#7451 = SURFACE_CURVE('',#7452,(#7456,#7463),.PCURVE_S1.);
#7452 = B_SPLINE_CURVE_WITH_KNOTS('',2,(#7453,#7454,#7455),
  .UNSPECIFIED.,.F.,.F.,(3,3),(0.,1.),.PIECEWISE_BEZIER_KNOTS.);
#7453 = CARTESIAN_POINT('',(-6.7669921875,-4.24814453125,2.7));
#7454 = CARTESIAN_POINT('',(-6.6568359375,-4.371484375,2.7));
#7455 = CARTESIAN_POINT('',(-6.6568359375,-4.57890625,2.7));
#7456 = PCURVE('',#1351,#7457);
#7457 = DEFINITIONAL_REPRESENTATION('',(#7458),#7462);
#7458 = LINE('',#7459,#7460);
#7459 = CARTESIAN_POINT('',(0.,0.));
#7460 = VECTOR('',#7461,1.);
#7461 = DIRECTION('',(1.,0.));
#7462 = ( GEOMETRIC_REPRESENTATION_CONTEXT(2) 
PARAMETRIC_REPRESENTATION_CONTEXT() REPRESENTATION_CONTEXT('2D SPACE',''
  ) );
#7463 = PCURVE('',#7263,#7464);
#7464 = DEFINITIONAL_REPRESENTATION('',(#7465),#7469);
#7465 = B_SPLINE_CURVE_WITH_KNOTS('',2,(#7466,#7467,#7468),
  .UNSPECIFIED.,.F.,.F.,(3,3),(0.,1.),.PIECEWISE_BEZIER_KNOTS.);
#7466 = CARTESIAN_POINT('',(0.7669921875,0.76728515625));
#7467 = CARTESIAN_POINT('',(0.8771484375,0.6439453125));
#7468 = CARTESIAN_POINT('',(0.8771484375,0.4365234375));
#7469 = ( GEOMETRIC_REPRESENTATION_CONTEXT(2) 
PARAMETRIC_REPRESENTATION_CONTEXT() REPRESENTATION_CONTEXT('2D SPACE',''
  ) );
#7470 = ADVANCED_FACE('',(#7471),#1441,.F.);
#7471 = FACE_BOUND('',#7472,.F.);
#7472 = EDGE_LOOP('',(#7473,#7496,#7497,#7498));
#7473 = ORIENTED_EDGE('',*,*,#7474,.T.);
#7474 = EDGE_CURVE('',#7475,#1396,#7477,.T.);
#7475 = VERTEX_POINT('',#7476);
#7476 = CARTESIAN_POINT('',(-7.0611328125,-5.032421875,2.7));
#7477 = SURFACE_CURVE('',#7478,(#7482,#7489),.PCURVE_S1.);
#7478 = LINE('',#7479,#7480);
#7479 = CARTESIAN_POINT('',(-7.0611328125,-5.032421875,2.7));
#7480 = VECTOR('',#7481,1.);
#7481 = DIRECTION('',(0.,0.,1.));
#7482 = PCURVE('',#1441,#7483);
#7483 = DEFINITIONAL_REPRESENTATION('',(#7484),#7488);
#7484 = LINE('',#7485,#7486);
#7485 = CARTESIAN_POINT('',(0.,0.));
#7486 = VECTOR('',#7487,1.);
#7487 = DIRECTION('',(0.,-1.));
#7488 = ( GEOMETRIC_REPRESENTATION_CONTEXT(2) 
PARAMETRIC_REPRESENTATION_CONTEXT() REPRESENTATION_CONTEXT('2D SPACE',''
  ) );
#7489 = PCURVE('',#1411,#7490);
#7490 = DEFINITIONAL_REPRESENTATION('',(#7491),#7495);
#7491 = LINE('',#7492,#7493);
#7492 = CARTESIAN_POINT('',(1.,0.));
#7493 = VECTOR('',#7494,1.);
#7494 = DIRECTION('',(0.,-1.));
#7495 = ( GEOMETRIC_REPRESENTATION_CONTEXT(2) 
PARAMETRIC_REPRESENTATION_CONTEXT() REPRESENTATION_CONTEXT('2D SPACE',''
  ) );
#7496 = ORIENTED_EDGE('',*,*,#1425,.T.);
#7497 = ORIENTED_EDGE('',*,*,#7376,.F.);
#7498 = ORIENTED_EDGE('',*,*,#7499,.F.);
#7499 = EDGE_CURVE('',#7475,#7377,#7500,.T.);
#7500 = SURFACE_CURVE('',#7501,(#7505,#7512),.PCURVE_S1.);
#7501 = B_SPLINE_CURVE_WITH_KNOTS('',2,(#7502,#7503,#7504),
  .UNSPECIFIED.,.F.,.F.,(3,3),(0.,1.),.PIECEWISE_BEZIER_KNOTS.);
#7502 = CARTESIAN_POINT('',(-7.0611328125,-5.032421875,2.7));
#7503 = CARTESIAN_POINT('',(-7.245703125,-5.032421875,2.7));
#7504 = CARTESIAN_POINT('',(-7.35615234375,-4.909375,2.7));
#7505 = PCURVE('',#1441,#7506);
#7506 = DEFINITIONAL_REPRESENTATION('',(#7507),#7511);
#7507 = LINE('',#7508,#7509);
#7508 = CARTESIAN_POINT('',(0.,0.));
#7509 = VECTOR('',#7510,1.);
#7510 = DIRECTION('',(1.,0.));
#7511 = ( GEOMETRIC_REPRESENTATION_CONTEXT(2) 
PARAMETRIC_REPRESENTATION_CONTEXT() REPRESENTATION_CONTEXT('2D SPACE',''
  ) );
#7512 = PCURVE('',#7263,#7513);
#7513 = DEFINITIONAL_REPRESENTATION('',(#7514),#7518);
#7514 = B_SPLINE_CURVE_WITH_KNOTS('',2,(#7515,#7516,#7517),
  .UNSPECIFIED.,.F.,.F.,(3,3),(0.,1.),.PIECEWISE_BEZIER_KNOTS.);
#7515 = CARTESIAN_POINT('',(0.4728515625,-1.69921875E-02));
#7516 = CARTESIAN_POINT('',(0.28828125,-1.69921875E-02));
#7517 = CARTESIAN_POINT('',(0.17783203125,0.1060546875));
#7518 = ( GEOMETRIC_REPRESENTATION_CONTEXT(2) 
PARAMETRIC_REPRESENTATION_CONTEXT() REPRESENTATION_CONTEXT('2D SPACE',''
  ) );
#7519 = ADVANCED_FACE('',(#7520),#1381,.F.);
#7520 = FACE_BOUND('',#7521,.F.);
#7521 = EDGE_LOOP('',(#7522,#7523,#7524,#7547));
#7522 = ORIENTED_EDGE('',*,*,#7427,.T.);
#7523 = ORIENTED_EDGE('',*,*,#1365,.T.);
#7524 = ORIENTED_EDGE('',*,*,#7525,.F.);
#7525 = EDGE_CURVE('',#7526,#1366,#7528,.T.);
#7526 = VERTEX_POINT('',#7527);
#7527 = CARTESIAN_POINT('',(-6.7669921875,-4.90908203125,2.7));
#7528 = SURFACE_CURVE('',#7529,(#7533,#7540),.PCURVE_S1.);
#7529 = LINE('',#7530,#7531);
#7530 = CARTESIAN_POINT('',(-6.7669921875,-4.90908203125,2.7));
#7531 = VECTOR('',#7532,1.);
#7532 = DIRECTION('',(0.,0.,1.));
#7533 = PCURVE('',#1381,#7534);
#7534 = DEFINITIONAL_REPRESENTATION('',(#7535),#7539);
#7535 = LINE('',#7536,#7537);
#7536 = CARTESIAN_POINT('',(1.,0.));
#7537 = VECTOR('',#7538,1.);
#7538 = DIRECTION('',(0.,-1.));
#7539 = ( GEOMETRIC_REPRESENTATION_CONTEXT(2) 
PARAMETRIC_REPRESENTATION_CONTEXT() REPRESENTATION_CONTEXT('2D SPACE',''
  ) );
#7540 = PCURVE('',#1411,#7541);
#7541 = DEFINITIONAL_REPRESENTATION('',(#7542),#7546);
#7542 = LINE('',#7543,#7544);
#7543 = CARTESIAN_POINT('',(0.,0.));
#7544 = VECTOR('',#7545,1.);
#7545 = DIRECTION('',(0.,-1.));
#7546 = ( GEOMETRIC_REPRESENTATION_CONTEXT(2) 
PARAMETRIC_REPRESENTATION_CONTEXT() REPRESENTATION_CONTEXT('2D SPACE',''
  ) );
#7547 = ORIENTED_EDGE('',*,*,#7548,.F.);
#7548 = EDGE_CURVE('',#7428,#7526,#7549,.T.);
#7549 = SURFACE_CURVE('',#7550,(#7554,#7561),.PCURVE_S1.);
#7550 = B_SPLINE_CURVE_WITH_KNOTS('',2,(#7551,#7552,#7553),
  .UNSPECIFIED.,.F.,.F.,(3,3),(0.,1.),.PIECEWISE_BEZIER_KNOTS.);
#7551 = CARTESIAN_POINT('',(-6.6568359375,-4.57890625,2.7));
#7552 = CARTESIAN_POINT('',(-6.6568359375,-4.7857421875,2.7));
#7553 = CARTESIAN_POINT('',(-6.7669921875,-4.90908203125,2.7));
#7554 = PCURVE('',#1381,#7555);
#7555 = DEFINITIONAL_REPRESENTATION('',(#7556),#7560);
#7556 = LINE('',#7557,#7558);
#7557 = CARTESIAN_POINT('',(0.,0.));
#7558 = VECTOR('',#7559,1.);
#7559 = DIRECTION('',(1.,0.));
#7560 = ( GEOMETRIC_REPRESENTATION_CONTEXT(2) 
PARAMETRIC_REPRESENTATION_CONTEXT() REPRESENTATION_CONTEXT('2D SPACE',''
  ) );
#7561 = PCURVE('',#7263,#7562);
#7562 = DEFINITIONAL_REPRESENTATION('',(#7563),#7567);
#7563 = B_SPLINE_CURVE_WITH_KNOTS('',2,(#7564,#7565,#7566),
  .UNSPECIFIED.,.F.,.F.,(3,3),(0.,1.),.PIECEWISE_BEZIER_KNOTS.);
#7564 = CARTESIAN_POINT('',(0.8771484375,0.4365234375));
#7565 = CARTESIAN_POINT('',(0.8771484375,0.2296875));
#7566 = CARTESIAN_POINT('',(0.7669921875,0.10634765625));
#7567 = ( GEOMETRIC_REPRESENTATION_CONTEXT(2) 
PARAMETRIC_REPRESENTATION_CONTEXT() REPRESENTATION_CONTEXT('2D SPACE',''
  ) );
#7568 = ADVANCED_FACE('',(#7569),#1411,.F.);
#7569 = FACE_BOUND('',#7570,.F.);
#7570 = EDGE_LOOP('',(#7571,#7572,#7573,#7574));
#7571 = ORIENTED_EDGE('',*,*,#7525,.T.);
#7572 = ORIENTED_EDGE('',*,*,#1395,.T.);
#7573 = ORIENTED_EDGE('',*,*,#7474,.F.);
#7574 = ORIENTED_EDGE('',*,*,#7575,.F.);
#7575 = EDGE_CURVE('',#7526,#7475,#7576,.T.);
#7576 = SURFACE_CURVE('',#7577,(#7581,#7588),.PCURVE_S1.);
#7577 = B_SPLINE_CURVE_WITH_KNOTS('',2,(#7578,#7579,#7580),
  .UNSPECIFIED.,.F.,.F.,(3,3),(0.,1.),.PIECEWISE_BEZIER_KNOTS.);
#7578 = CARTESIAN_POINT('',(-6.7669921875,-4.90908203125,2.7));
#7579 = CARTESIAN_POINT('',(-6.8771484375,-5.032421875,2.7));
#7580 = CARTESIAN_POINT('',(-7.0611328125,-5.032421875,2.7));
#7581 = PCURVE('',#1411,#7582);
#7582 = DEFINITIONAL_REPRESENTATION('',(#7583),#7587);
#7583 = LINE('',#7584,#7585);
#7584 = CARTESIAN_POINT('',(0.,0.));
#7585 = VECTOR('',#7586,1.);
#7586 = DIRECTION('',(1.,0.));
#7587 = ( GEOMETRIC_REPRESENTATION_CONTEXT(2) 
PARAMETRIC_REPRESENTATION_CONTEXT() REPRESENTATION_CONTEXT('2D SPACE',''
  ) );
#7588 = PCURVE('',#7263,#7589);
#7589 = DEFINITIONAL_REPRESENTATION('',(#7590),#7594);
#7590 = B_SPLINE_CURVE_WITH_KNOTS('',2,(#7591,#7592,#7593),
  .UNSPECIFIED.,.F.,.F.,(3,3),(0.,1.),.PIECEWISE_BEZIER_KNOTS.);
#7591 = CARTESIAN_POINT('',(0.7669921875,0.10634765625));
#7592 = CARTESIAN_POINT('',(0.6568359375,-1.69921875E-02));
#7593 = CARTESIAN_POINT('',(0.4728515625,-1.69921875E-02));
#7594 = ( GEOMETRIC_REPRESENTATION_CONTEXT(2) 
PARAMETRIC_REPRESENTATION_CONTEXT() REPRESENTATION_CONTEXT('2D SPACE',''
  ) );
#7595 = ADVANCED_FACE('',(#7596),#1533,.F.);
#7596 = FACE_BOUND('',#7597,.F.);
#7597 = EDGE_LOOP('',(#7598,#7621,#7622,#7645));
#7598 = ORIENTED_EDGE('',*,*,#7599,.T.);
#7599 = EDGE_CURVE('',#7600,#1516,#7602,.T.);
#7600 = VERTEX_POINT('',#7601);
#7601 = CARTESIAN_POINT('',(-5.98212890625,-4.547265625,2.7));
#7602 = SURFACE_CURVE('',#7603,(#7607,#7614),.PCURVE_S1.);
#7603 = LINE('',#7604,#7605);
#7604 = CARTESIAN_POINT('',(-5.98212890625,-4.547265625,2.7));
#7605 = VECTOR('',#7606,1.);
#7606 = DIRECTION('',(0.,0.,1.));
#7607 = PCURVE('',#1533,#7608);
#7608 = DEFINITIONAL_REPRESENTATION('',(#7609),#7613);
#7609 = LINE('',#7610,#7611);
#7610 = CARTESIAN_POINT('',(0.,0.));
#7611 = VECTOR('',#7612,1.);
#7612 = DIRECTION('',(0.,-1.));
#7613 = ( GEOMETRIC_REPRESENTATION_CONTEXT(2) 
PARAMETRIC_REPRESENTATION_CONTEXT() REPRESENTATION_CONTEXT('2D SPACE',''
  ) );
#7614 = PCURVE('',#2149,#7615);
#7615 = DEFINITIONAL_REPRESENTATION('',(#7616),#7620);
#7616 = LINE('',#7617,#7618);
#7617 = CARTESIAN_POINT('',(1.,0.));
#7618 = VECTOR('',#7619,1.);
#7619 = DIRECTION('',(0.,-1.));
#7620 = ( GEOMETRIC_REPRESENTATION_CONTEXT(2) 
PARAMETRIC_REPRESENTATION_CONTEXT() REPRESENTATION_CONTEXT('2D SPACE',''
  ) );
#7621 = ORIENTED_EDGE('',*,*,#1515,.T.);
#7622 = ORIENTED_EDGE('',*,*,#7623,.F.);
#7623 = EDGE_CURVE('',#7624,#1518,#7626,.T.);
#7624 = VERTEX_POINT('',#7625);
#7625 = CARTESIAN_POINT('',(-6.078515625,-4.580078125,2.7));
#7626 = SURFACE_CURVE('',#7627,(#7631,#7638),.PCURVE_S1.);
#7627 = LINE('',#7628,#7629);
#7628 = CARTESIAN_POINT('',(-6.078515625,-4.580078125,2.7));
#7629 = VECTOR('',#7630,1.);
#7630 = DIRECTION('',(0.,0.,1.));
#7631 = PCURVE('',#1533,#7632);
#7632 = DEFINITIONAL_REPRESENTATION('',(#7633),#7637);
#7633 = LINE('',#7634,#7635);
#7634 = CARTESIAN_POINT('',(1.,0.));
#7635 = VECTOR('',#7636,1.);
#7636 = DIRECTION('',(0.,-1.));
#7637 = ( GEOMETRIC_REPRESENTATION_CONTEXT(2) 
PARAMETRIC_REPRESENTATION_CONTEXT() REPRESENTATION_CONTEXT('2D SPACE',''
  ) );
#7638 = PCURVE('',#1563,#7639);
#7639 = DEFINITIONAL_REPRESENTATION('',(#7640),#7644);
#7640 = LINE('',#7641,#7642);
#7641 = CARTESIAN_POINT('',(0.,0.));
#7642 = VECTOR('',#7643,1.);
#7643 = DIRECTION('',(0.,-1.));
#7644 = ( GEOMETRIC_REPRESENTATION_CONTEXT(2) 
PARAMETRIC_REPRESENTATION_CONTEXT() REPRESENTATION_CONTEXT('2D SPACE',''
  ) );
#7645 = ORIENTED_EDGE('',*,*,#7646,.F.);
#7646 = EDGE_CURVE('',#7600,#7624,#7647,.T.);
#7647 = SURFACE_CURVE('',#7648,(#7652,#7659),.PCURVE_S1.);
#7648 = B_SPLINE_CURVE_WITH_KNOTS('',2,(#7649,#7650,#7651),
  .UNSPECIFIED.,.F.,.F.,(3,3),(0.,1.),.PIECEWISE_BEZIER_KNOTS.);
#7649 = CARTESIAN_POINT('',(-5.98212890625,-4.547265625,2.7));
#7650 = CARTESIAN_POINT('',(-6.029296875,-4.5578125,2.7));
#7651 = CARTESIAN_POINT('',(-6.078515625,-4.580078125,2.7));
#7652 = PCURVE('',#1533,#7653);
#7653 = DEFINITIONAL_REPRESENTATION('',(#7654),#7658);
#7654 = LINE('',#7655,#7656);
#7655 = CARTESIAN_POINT('',(0.,0.));
#7656 = VECTOR('',#7657,1.);
#7657 = DIRECTION('',(1.,0.));
#7658 = ( GEOMETRIC_REPRESENTATION_CONTEXT(2) 
PARAMETRIC_REPRESENTATION_CONTEXT() REPRESENTATION_CONTEXT('2D SPACE',''
  ) );
#7659 = PCURVE('',#7660,#7665);
#7660 = PLANE('',#7661);
#7661 = AXIS2_PLACEMENT_3D('',#7662,#7663,#7664);
#7662 = CARTESIAN_POINT('',(-6.2080078125,-5.0154296875,2.7));
#7663 = DIRECTION('',(0.,0.,1.));
#7664 = DIRECTION('',(1.,0.,0.));
#7665 = DEFINITIONAL_REPRESENTATION('',(#7666),#7670);
#7666 = B_SPLINE_CURVE_WITH_KNOTS('',2,(#7667,#7668,#7669),
  .UNSPECIFIED.,.F.,.F.,(3,3),(0.,1.),.PIECEWISE_BEZIER_KNOTS.);
#7667 = CARTESIAN_POINT('',(0.22587890625,0.4681640625));
#7668 = CARTESIAN_POINT('',(0.1787109375,0.4576171875));
#7669 = CARTESIAN_POINT('',(0.1294921875,0.4353515625));
#7670 = ( GEOMETRIC_REPRESENTATION_CONTEXT(2) 
PARAMETRIC_REPRESENTATION_CONTEXT() REPRESENTATION_CONTEXT('2D SPACE',''
  ) );
#7671 = ADVANCED_FACE('',(#7672),#2149,.F.);
#7672 = FACE_BOUND('',#7673,.F.);
#7673 = EDGE_LOOP('',(#7674,#7697,#7698,#7699));
#7674 = ORIENTED_EDGE('',*,*,#7675,.T.);
#7675 = EDGE_CURVE('',#7676,#2106,#7678,.T.);
#7676 = VERTEX_POINT('',#7677);
#7677 = CARTESIAN_POINT('',(-5.8875,-4.53671875,2.7));
#7678 = SURFACE_CURVE('',#7679,(#7683,#7690),.PCURVE_S1.);
#7679 = LINE('',#7680,#7681);
#7680 = CARTESIAN_POINT('',(-5.8875,-4.53671875,2.7));
#7681 = VECTOR('',#7682,1.);
#7682 = DIRECTION('',(0.,0.,1.));
#7683 = PCURVE('',#2149,#7684);
#7684 = DEFINITIONAL_REPRESENTATION('',(#7685),#7689);
#7685 = LINE('',#7686,#7687);
#7686 = CARTESIAN_POINT('',(0.,0.));
#7687 = VECTOR('',#7688,1.);
#7688 = DIRECTION('',(0.,-1.));
#7689 = ( GEOMETRIC_REPRESENTATION_CONTEXT(2) 
PARAMETRIC_REPRESENTATION_CONTEXT() REPRESENTATION_CONTEXT('2D SPACE',''
  ) );
#7690 = PCURVE('',#2121,#7691);
#7691 = DEFINITIONAL_REPRESENTATION('',(#7692),#7696);
#7692 = LINE('',#7693,#7694);
#7693 = CARTESIAN_POINT('',(1.,0.));
#7694 = VECTOR('',#7695,1.);
#7695 = DIRECTION('',(0.,-1.));
#7696 = ( GEOMETRIC_REPRESENTATION_CONTEXT(2) 
PARAMETRIC_REPRESENTATION_CONTEXT() REPRESENTATION_CONTEXT('2D SPACE',''
  ) );
#7697 = ORIENTED_EDGE('',*,*,#2135,.T.);
#7698 = ORIENTED_EDGE('',*,*,#7599,.F.);
#7699 = ORIENTED_EDGE('',*,*,#7700,.F.);
#7700 = EDGE_CURVE('',#7676,#7600,#7701,.T.);
#7701 = SURFACE_CURVE('',#7702,(#7706,#7713),.PCURVE_S1.);
#7702 = B_SPLINE_CURVE_WITH_KNOTS('',2,(#7703,#7704,#7705),
  .UNSPECIFIED.,.F.,.F.,(3,3),(0.,1.),.PIECEWISE_BEZIER_KNOTS.);
#7703 = CARTESIAN_POINT('',(-5.8875,-4.53671875,2.7));
#7704 = CARTESIAN_POINT('',(-5.9349609375,-4.53671875,2.7));
#7705 = CARTESIAN_POINT('',(-5.98212890625,-4.547265625,2.7));
#7706 = PCURVE('',#2149,#7707);
#7707 = DEFINITIONAL_REPRESENTATION('',(#7708),#7712);
#7708 = LINE('',#7709,#7710);
#7709 = CARTESIAN_POINT('',(0.,0.));
#7710 = VECTOR('',#7711,1.);
#7711 = DIRECTION('',(1.,0.));
#7712 = ( GEOMETRIC_REPRESENTATION_CONTEXT(2) 
PARAMETRIC_REPRESENTATION_CONTEXT() REPRESENTATION_CONTEXT('2D SPACE',''
  ) );
#7713 = PCURVE('',#7660,#7714);
#7714 = DEFINITIONAL_REPRESENTATION('',(#7715),#7719);
#7715 = B_SPLINE_CURVE_WITH_KNOTS('',2,(#7716,#7717,#7718),
  .UNSPECIFIED.,.F.,.F.,(3,3),(0.,1.),.PIECEWISE_BEZIER_KNOTS.);
#7716 = CARTESIAN_POINT('',(0.3205078125,0.4787109375));
#7717 = CARTESIAN_POINT('',(0.273046875,0.4787109375));
#7718 = CARTESIAN_POINT('',(0.22587890625,0.4681640625));
#7719 = ( GEOMETRIC_REPRESENTATION_CONTEXT(2) 
PARAMETRIC_REPRESENTATION_CONTEXT() REPRESENTATION_CONTEXT('2D SPACE',''
  ) );
#7720 = ADVANCED_FACE('',(#7721),#1563,.F.);
#7721 = FACE_BOUND('',#7722,.F.);
#7722 = EDGE_LOOP('',(#7723,#7724,#7725,#7748));
#7723 = ORIENTED_EDGE('',*,*,#7623,.T.);
#7724 = ORIENTED_EDGE('',*,*,#1547,.T.);
#7725 = ORIENTED_EDGE('',*,*,#7726,.F.);
#7726 = EDGE_CURVE('',#7727,#1548,#7729,.T.);
#7727 = VERTEX_POINT('',#7728);
#7728 = CARTESIAN_POINT('',(-6.078515625,-4.140625,2.7));
#7729 = SURFACE_CURVE('',#7730,(#7734,#7741),.PCURVE_S1.);
#7730 = LINE('',#7731,#7732);
#7731 = CARTESIAN_POINT('',(-6.078515625,-4.140625,2.7));
#7732 = VECTOR('',#7733,1.);
#7733 = DIRECTION('',(0.,0.,1.));
#7734 = PCURVE('',#1563,#7735);
#7735 = DEFINITIONAL_REPRESENTATION('',(#7736),#7740);
#7736 = LINE('',#7737,#7738);
#7737 = CARTESIAN_POINT('',(0.439453125,0.));
#7738 = VECTOR('',#7739,1.);
#7739 = DIRECTION('',(0.,-1.));
#7740 = ( GEOMETRIC_REPRESENTATION_CONTEXT(2) 
PARAMETRIC_REPRESENTATION_CONTEXT() REPRESENTATION_CONTEXT('2D SPACE',''
  ) );
#7741 = PCURVE('',#1591,#7742);
#7742 = DEFINITIONAL_REPRESENTATION('',(#7743),#7747);
#7743 = LINE('',#7744,#7745);
#7744 = CARTESIAN_POINT('',(0.,0.));
#7745 = VECTOR('',#7746,1.);
#7746 = DIRECTION('',(0.,-1.));
#7747 = ( GEOMETRIC_REPRESENTATION_CONTEXT(2) 
PARAMETRIC_REPRESENTATION_CONTEXT() REPRESENTATION_CONTEXT('2D SPACE',''
  ) );
#7748 = ORIENTED_EDGE('',*,*,#7749,.F.);
#7749 = EDGE_CURVE('',#7624,#7727,#7750,.T.);
#7750 = SURFACE_CURVE('',#7751,(#7755,#7762),.PCURVE_S1.);
#7751 = LINE('',#7752,#7753);
#7752 = CARTESIAN_POINT('',(-6.078515625,-4.580078125,2.7));
#7753 = VECTOR('',#7754,1.);
#7754 = DIRECTION('',(0.,1.,0.));
#7755 = PCURVE('',#1563,#7756);
#7756 = DEFINITIONAL_REPRESENTATION('',(#7757),#7761);
#7757 = LINE('',#7758,#7759);
#7758 = CARTESIAN_POINT('',(8.881784197001E-16,0.));
#7759 = VECTOR('',#7760,1.);
#7760 = DIRECTION('',(1.,0.));
#7761 = ( GEOMETRIC_REPRESENTATION_CONTEXT(2) 
PARAMETRIC_REPRESENTATION_CONTEXT() REPRESENTATION_CONTEXT('2D SPACE',''
  ) );
#7762 = PCURVE('',#7660,#7763);
#7763 = DEFINITIONAL_REPRESENTATION('',(#7764),#7768);
#7764 = LINE('',#7765,#7766);
#7765 = CARTESIAN_POINT('',(0.1294921875,0.4353515625));
#7766 = VECTOR('',#7767,1.);
#7767 = DIRECTION('',(0.,1.));
#7768 = ( GEOMETRIC_REPRESENTATION_CONTEXT(2) 
PARAMETRIC_REPRESENTATION_CONTEXT() REPRESENTATION_CONTEXT('2D SPACE',''
  ) );
#7769 = ADVANCED_FACE('',(#7770),#2121,.F.);
#7770 = FACE_BOUND('',#7771,.F.);
#7771 = EDGE_LOOP('',(#7772,#7795,#7796,#7797));
#7772 = ORIENTED_EDGE('',*,*,#7773,.T.);
#7773 = EDGE_CURVE('',#7774,#2076,#7776,.T.);
#7774 = VERTEX_POINT('',#7775);
#7775 = CARTESIAN_POINT('',(-5.726953125,-4.5900390625,2.7));
#7776 = SURFACE_CURVE('',#7777,(#7781,#7788),.PCURVE_S1.);
#7777 = LINE('',#7778,#7779);
#7778 = CARTESIAN_POINT('',(-5.726953125,-4.5900390625,2.7));
#7779 = VECTOR('',#7780,1.);
#7780 = DIRECTION('',(0.,0.,1.));
#7781 = PCURVE('',#2121,#7782);
#7782 = DEFINITIONAL_REPRESENTATION('',(#7783),#7787);
#7783 = LINE('',#7784,#7785);
#7784 = CARTESIAN_POINT('',(0.,0.));
#7785 = VECTOR('',#7786,1.);
#7786 = DIRECTION('',(0.,-1.));
#7787 = ( GEOMETRIC_REPRESENTATION_CONTEXT(2) 
PARAMETRIC_REPRESENTATION_CONTEXT() REPRESENTATION_CONTEXT('2D SPACE',''
  ) );
#7788 = PCURVE('',#2091,#7789);
#7789 = DEFINITIONAL_REPRESENTATION('',(#7790),#7794);
#7790 = LINE('',#7791,#7792);
#7791 = CARTESIAN_POINT('',(1.,0.));
#7792 = VECTOR('',#7793,1.);
#7793 = DIRECTION('',(0.,-1.));
#7794 = ( GEOMETRIC_REPRESENTATION_CONTEXT(2) 
PARAMETRIC_REPRESENTATION_CONTEXT() REPRESENTATION_CONTEXT('2D SPACE',''
  ) );
#7795 = ORIENTED_EDGE('',*,*,#2105,.T.);
#7796 = ORIENTED_EDGE('',*,*,#7675,.F.);
#7797 = ORIENTED_EDGE('',*,*,#7798,.F.);
#7798 = EDGE_CURVE('',#7774,#7676,#7799,.T.);
#7799 = SURFACE_CURVE('',#7800,(#7804,#7811),.PCURVE_S1.);
#7800 = B_SPLINE_CURVE_WITH_KNOTS('',2,(#7801,#7802,#7803),
  .UNSPECIFIED.,.F.,.F.,(3,3),(0.,1.),.PIECEWISE_BEZIER_KNOTS.);
#7801 = CARTESIAN_POINT('',(-5.726953125,-4.5900390625,2.7));
#7802 = CARTESIAN_POINT('',(-5.7861328125,-4.53671875,2.7));
#7803 = CARTESIAN_POINT('',(-5.8875,-4.53671875,2.7));
#7804 = PCURVE('',#2121,#7805);
#7805 = DEFINITIONAL_REPRESENTATION('',(#7806),#7810);
#7806 = LINE('',#7807,#7808);
#7807 = CARTESIAN_POINT('',(0.,0.));
#7808 = VECTOR('',#7809,1.);
#7809 = DIRECTION('',(1.,0.));
#7810 = ( GEOMETRIC_REPRESENTATION_CONTEXT(2) 
PARAMETRIC_REPRESENTATION_CONTEXT() REPRESENTATION_CONTEXT('2D SPACE',''
  ) );
#7811 = PCURVE('',#7660,#7812);
#7812 = DEFINITIONAL_REPRESENTATION('',(#7813),#7817);
#7813 = B_SPLINE_CURVE_WITH_KNOTS('',2,(#7814,#7815,#7816),
  .UNSPECIFIED.,.F.,.F.,(3,3),(0.,1.),.PIECEWISE_BEZIER_KNOTS.);
#7814 = CARTESIAN_POINT('',(0.4810546875,0.425390625));
#7815 = CARTESIAN_POINT('',(0.421875,0.4787109375));
#7816 = CARTESIAN_POINT('',(0.3205078125,0.4787109375));
#7817 = ( GEOMETRIC_REPRESENTATION_CONTEXT(2) 
PARAMETRIC_REPRESENTATION_CONTEXT() REPRESENTATION_CONTEXT('2D SPACE',''
  ) );
#7818 = ADVANCED_FACE('',(#7819),#1591,.F.);
#7819 = FACE_BOUND('',#7820,.F.);
#7820 = EDGE_LOOP('',(#7821,#7822,#7823,#7846));
#7821 = ORIENTED_EDGE('',*,*,#7726,.T.);
#7822 = ORIENTED_EDGE('',*,*,#1575,.T.);
#7823 = ORIENTED_EDGE('',*,*,#7824,.F.);
#7824 = EDGE_CURVE('',#7825,#1576,#7827,.T.);
#7825 = VERTEX_POINT('',#7826);
#7826 = CARTESIAN_POINT('',(-5.6138671875,-4.140625,2.7));
#7827 = SURFACE_CURVE('',#7828,(#7832,#7839),.PCURVE_S1.);
#7828 = LINE('',#7829,#7830);
#7829 = CARTESIAN_POINT('',(-5.6138671875,-4.140625,2.7));
#7830 = VECTOR('',#7831,1.);
#7831 = DIRECTION('',(0.,0.,1.));
#7832 = PCURVE('',#1591,#7833);
#7833 = DEFINITIONAL_REPRESENTATION('',(#7834),#7838);
#7834 = LINE('',#7835,#7836);
#7835 = CARTESIAN_POINT('',(0.4646484375,0.));
#7836 = VECTOR('',#7837,1.);
#7837 = DIRECTION('',(0.,-1.));
#7838 = ( GEOMETRIC_REPRESENTATION_CONTEXT(2) 
PARAMETRIC_REPRESENTATION_CONTEXT() REPRESENTATION_CONTEXT('2D SPACE',''
  ) );
#7839 = PCURVE('',#1619,#7840);
#7840 = DEFINITIONAL_REPRESENTATION('',(#7841),#7845);
#7841 = LINE('',#7842,#7843);
#7842 = CARTESIAN_POINT('',(0.,0.));
#7843 = VECTOR('',#7844,1.);
#7844 = DIRECTION('',(0.,-1.));
#7845 = ( GEOMETRIC_REPRESENTATION_CONTEXT(2) 
PARAMETRIC_REPRESENTATION_CONTEXT() REPRESENTATION_CONTEXT('2D SPACE',''
  ) );
#7846 = ORIENTED_EDGE('',*,*,#7847,.F.);
#7847 = EDGE_CURVE('',#7727,#7825,#7848,.T.);
#7848 = SURFACE_CURVE('',#7849,(#7853,#7860),.PCURVE_S1.);
#7849 = LINE('',#7850,#7851);
#7850 = CARTESIAN_POINT('',(-6.078515625,-4.140625,2.7));
#7851 = VECTOR('',#7852,1.);
#7852 = DIRECTION('',(1.,0.,0.));
#7853 = PCURVE('',#1591,#7854);
#7854 = DEFINITIONAL_REPRESENTATION('',(#7855),#7859);
#7855 = LINE('',#7856,#7857);
#7856 = CARTESIAN_POINT('',(0.,0.));
#7857 = VECTOR('',#7858,1.);
#7858 = DIRECTION('',(1.,0.));
#7859 = ( GEOMETRIC_REPRESENTATION_CONTEXT(2) 
PARAMETRIC_REPRESENTATION_CONTEXT() REPRESENTATION_CONTEXT('2D SPACE',''
  ) );
#7860 = PCURVE('',#7660,#7861);
#7861 = DEFINITIONAL_REPRESENTATION('',(#7862),#7866);
#7862 = LINE('',#7863,#7864);
#7863 = CARTESIAN_POINT('',(0.1294921875,0.8748046875));
#7864 = VECTOR('',#7865,1.);
#7865 = DIRECTION('',(1.,0.));
#7866 = ( GEOMETRIC_REPRESENTATION_CONTEXT(2) 
PARAMETRIC_REPRESENTATION_CONTEXT() REPRESENTATION_CONTEXT('2D SPACE',''
  ) );
#7867 = ADVANCED_FACE('',(#7868),#2091,.F.);
#7868 = FACE_BOUND('',#7869,.F.);
#7869 = EDGE_LOOP('',(#7870,#7893,#7894,#7895));
#7870 = ORIENTED_EDGE('',*,*,#7871,.T.);
#7871 = EDGE_CURVE('',#7872,#2046,#7874,.T.);
#7872 = VERTEX_POINT('',#7873);
#7873 = CARTESIAN_POINT('',(-5.6677734375,-4.734765625,2.7));
#7874 = SURFACE_CURVE('',#7875,(#7879,#7886),.PCURVE_S1.);
#7875 = LINE('',#7876,#7877);
#7876 = CARTESIAN_POINT('',(-5.6677734375,-4.734765625,2.7));
#7877 = VECTOR('',#7878,1.);
#7878 = DIRECTION('',(0.,0.,1.));
#7879 = PCURVE('',#2091,#7880);
#7880 = DEFINITIONAL_REPRESENTATION('',(#7881),#7885);
#7881 = LINE('',#7882,#7883);
#7882 = CARTESIAN_POINT('',(0.,0.));
#7883 = VECTOR('',#7884,1.);
#7884 = DIRECTION('',(0.,-1.));
#7885 = ( GEOMETRIC_REPRESENTATION_CONTEXT(2) 
PARAMETRIC_REPRESENTATION_CONTEXT() REPRESENTATION_CONTEXT('2D SPACE',''
  ) );
#7886 = PCURVE('',#2061,#7887);
#7887 = DEFINITIONAL_REPRESENTATION('',(#7888),#7892);
#7888 = LINE('',#7889,#7890);
#7889 = CARTESIAN_POINT('',(1.,0.));
#7890 = VECTOR('',#7891,1.);
#7891 = DIRECTION('',(0.,-1.));
#7892 = ( GEOMETRIC_REPRESENTATION_CONTEXT(2) 
PARAMETRIC_REPRESENTATION_CONTEXT() REPRESENTATION_CONTEXT('2D SPACE',''
  ) );
#7893 = ORIENTED_EDGE('',*,*,#2075,.T.);
#7894 = ORIENTED_EDGE('',*,*,#7773,.F.);
#7895 = ORIENTED_EDGE('',*,*,#7896,.F.);
#7896 = EDGE_CURVE('',#7872,#7774,#7897,.T.);
#7897 = SURFACE_CURVE('',#7898,(#7902,#7909),.PCURVE_S1.);
#7898 = B_SPLINE_CURVE_WITH_KNOTS('',2,(#7899,#7900,#7901),
  .UNSPECIFIED.,.F.,.F.,(3,3),(0.,1.),.PIECEWISE_BEZIER_KNOTS.);
#7899 = CARTESIAN_POINT('',(-5.6677734375,-4.734765625,2.7));
#7900 = CARTESIAN_POINT('',(-5.6677734375,-4.643359375,2.7));
#7901 = CARTESIAN_POINT('',(-5.726953125,-4.5900390625,2.7));
#7902 = PCURVE('',#2091,#7903);
#7903 = DEFINITIONAL_REPRESENTATION('',(#7904),#7908);
#7904 = LINE('',#7905,#7906);
#7905 = CARTESIAN_POINT('',(0.,0.));
#7906 = VECTOR('',#7907,1.);
#7907 = DIRECTION('',(1.,0.));
#7908 = ( GEOMETRIC_REPRESENTATION_CONTEXT(2) 
PARAMETRIC_REPRESENTATION_CONTEXT() REPRESENTATION_CONTEXT('2D SPACE',''
  ) );
#7909 = PCURVE('',#7660,#7910);
#7910 = DEFINITIONAL_REPRESENTATION('',(#7911),#7915);
#7911 = B_SPLINE_CURVE_WITH_KNOTS('',2,(#7912,#7913,#7914),
  .UNSPECIFIED.,.F.,.F.,(3,3),(0.,1.),.PIECEWISE_BEZIER_KNOTS.);
#7912 = CARTESIAN_POINT('',(0.540234375,0.2806640625));
#7913 = CARTESIAN_POINT('',(0.540234375,0.3720703125));
#7914 = CARTESIAN_POINT('',(0.4810546875,0.425390625));
#7915 = ( GEOMETRIC_REPRESENTATION_CONTEXT(2) 
PARAMETRIC_REPRESENTATION_CONTEXT() REPRESENTATION_CONTEXT('2D SPACE',''
  ) );
#7916 = ADVANCED_FACE('',(#7917),#1619,.F.);
#7917 = FACE_BOUND('',#7918,.F.);
#7918 = EDGE_LOOP('',(#7919,#7920,#7921,#7944));
#7919 = ORIENTED_EDGE('',*,*,#7824,.T.);
#7920 = ORIENTED_EDGE('',*,*,#1603,.T.);
#7921 = ORIENTED_EDGE('',*,*,#7922,.F.);
#7922 = EDGE_CURVE('',#7923,#1604,#7925,.T.);
#7923 = VERTEX_POINT('',#7924);
#7924 = CARTESIAN_POINT('',(-5.6138671875,-4.240234375,2.7));
#7925 = SURFACE_CURVE('',#7926,(#7930,#7937),.PCURVE_S1.);
#7926 = LINE('',#7927,#7928);
#7927 = CARTESIAN_POINT('',(-5.6138671875,-4.240234375,2.7));
#7928 = VECTOR('',#7929,1.);
#7929 = DIRECTION('',(0.,0.,1.));
#7930 = PCURVE('',#1619,#7931);
#7931 = DEFINITIONAL_REPRESENTATION('',(#7932),#7936);
#7932 = LINE('',#7933,#7934);
#7933 = CARTESIAN_POINT('',(9.9609375E-02,0.));
#7934 = VECTOR('',#7935,1.);
#7935 = DIRECTION('',(0.,-1.));
#7936 = ( GEOMETRIC_REPRESENTATION_CONTEXT(2) 
PARAMETRIC_REPRESENTATION_CONTEXT() REPRESENTATION_CONTEXT('2D SPACE',''
  ) );
#7937 = PCURVE('',#1647,#7938);
#7938 = DEFINITIONAL_REPRESENTATION('',(#7939),#7943);
#7939 = LINE('',#7940,#7941);
#7940 = CARTESIAN_POINT('',(0.,-0.));
#7941 = VECTOR('',#7942,1.);
#7942 = DIRECTION('',(0.,-1.));
#7943 = ( GEOMETRIC_REPRESENTATION_CONTEXT(2) 
PARAMETRIC_REPRESENTATION_CONTEXT() REPRESENTATION_CONTEXT('2D SPACE',''
  ) );
#7944 = ORIENTED_EDGE('',*,*,#7945,.F.);
#7945 = EDGE_CURVE('',#7825,#7923,#7946,.T.);
#7946 = SURFACE_CURVE('',#7947,(#7951,#7958),.PCURVE_S1.);
#7947 = LINE('',#7948,#7949);
#7948 = CARTESIAN_POINT('',(-5.6138671875,-4.140625,2.7));
#7949 = VECTOR('',#7950,1.);
#7950 = DIRECTION('',(0.,-1.,0.));
#7951 = PCURVE('',#1619,#7952);
#7952 = DEFINITIONAL_REPRESENTATION('',(#7953),#7957);
#7953 = LINE('',#7954,#7955);
#7954 = CARTESIAN_POINT('',(-8.881784197001E-16,0.));
#7955 = VECTOR('',#7956,1.);
#7956 = DIRECTION('',(1.,0.));
#7957 = ( GEOMETRIC_REPRESENTATION_CONTEXT(2) 
PARAMETRIC_REPRESENTATION_CONTEXT() REPRESENTATION_CONTEXT('2D SPACE',''
  ) );
#7958 = PCURVE('',#7660,#7959);
#7959 = DEFINITIONAL_REPRESENTATION('',(#7960),#7964);
#7960 = LINE('',#7961,#7962);
#7961 = CARTESIAN_POINT('',(0.594140625,0.8748046875));
#7962 = VECTOR('',#7963,1.);
#7963 = DIRECTION('',(0.,-1.));
#7964 = ( GEOMETRIC_REPRESENTATION_CONTEXT(2) 
PARAMETRIC_REPRESENTATION_CONTEXT() REPRESENTATION_CONTEXT('2D SPACE',''
  ) );
#7965 = ADVANCED_FACE('',(#7966),#2061,.F.);
#7966 = FACE_BOUND('',#7967,.F.);
#7967 = EDGE_LOOP('',(#7968,#7991,#7992,#7993));
#7968 = ORIENTED_EDGE('',*,*,#7969,.T.);
#7969 = EDGE_CURVE('',#7970,#2016,#7972,.T.);
#7970 = VERTEX_POINT('',#7971);
#7971 = CARTESIAN_POINT('',(-5.726953125,-4.8794921875,2.7));
#7972 = SURFACE_CURVE('',#7973,(#7977,#7984),.PCURVE_S1.);
#7973 = LINE('',#7974,#7975);
#7974 = CARTESIAN_POINT('',(-5.726953125,-4.8794921875,2.7));
#7975 = VECTOR('',#7976,1.);
#7976 = DIRECTION('',(0.,0.,1.));
#7977 = PCURVE('',#2061,#7978);
#7978 = DEFINITIONAL_REPRESENTATION('',(#7979),#7983);
#7979 = LINE('',#7980,#7981);
#7980 = CARTESIAN_POINT('',(0.,0.));
#7981 = VECTOR('',#7982,1.);
#7982 = DIRECTION('',(0.,-1.));
#7983 = ( GEOMETRIC_REPRESENTATION_CONTEXT(2) 
PARAMETRIC_REPRESENTATION_CONTEXT() REPRESENTATION_CONTEXT('2D SPACE',''
  ) );
#7984 = PCURVE('',#2031,#7985);
#7985 = DEFINITIONAL_REPRESENTATION('',(#7986),#7990);
#7986 = LINE('',#7987,#7988);
#7987 = CARTESIAN_POINT('',(1.,0.));
#7988 = VECTOR('',#7989,1.);
#7989 = DIRECTION('',(0.,-1.));
#7990 = ( GEOMETRIC_REPRESENTATION_CONTEXT(2) 
PARAMETRIC_REPRESENTATION_CONTEXT() REPRESENTATION_CONTEXT('2D SPACE',''
  ) );
#7991 = ORIENTED_EDGE('',*,*,#2045,.T.);
#7992 = ORIENTED_EDGE('',*,*,#7871,.F.);
#7993 = ORIENTED_EDGE('',*,*,#7994,.F.);
#7994 = EDGE_CURVE('',#7970,#7872,#7995,.T.);
#7995 = SURFACE_CURVE('',#7996,(#8000,#8007),.PCURVE_S1.);
#7996 = B_SPLINE_CURVE_WITH_KNOTS('',2,(#7997,#7998,#7999),
  .UNSPECIFIED.,.F.,.F.,(3,3),(0.,1.),.PIECEWISE_BEZIER_KNOTS.);
#7997 = CARTESIAN_POINT('',(-5.726953125,-4.8794921875,2.7));
#7998 = CARTESIAN_POINT('',(-5.6677734375,-4.826171875,2.7));
#7999 = CARTESIAN_POINT('',(-5.6677734375,-4.734765625,2.7));
#8000 = PCURVE('',#2061,#8001);
#8001 = DEFINITIONAL_REPRESENTATION('',(#8002),#8006);
#8002 = LINE('',#8003,#8004);
#8003 = CARTESIAN_POINT('',(0.,0.));
#8004 = VECTOR('',#8005,1.);
#8005 = DIRECTION('',(1.,0.));
#8006 = ( GEOMETRIC_REPRESENTATION_CONTEXT(2) 
PARAMETRIC_REPRESENTATION_CONTEXT() REPRESENTATION_CONTEXT('2D SPACE',''
  ) );
#8007 = PCURVE('',#7660,#8008);
#8008 = DEFINITIONAL_REPRESENTATION('',(#8009),#8013);
#8009 = B_SPLINE_CURVE_WITH_KNOTS('',2,(#8010,#8011,#8012),
  .UNSPECIFIED.,.F.,.F.,(3,3),(0.,1.),.PIECEWISE_BEZIER_KNOTS.);
#8010 = CARTESIAN_POINT('',(0.4810546875,0.1359375));
#8011 = CARTESIAN_POINT('',(0.540234375,0.1892578125));
#8012 = CARTESIAN_POINT('',(0.540234375,0.2806640625));
#8013 = ( GEOMETRIC_REPRESENTATION_CONTEXT(2) 
PARAMETRIC_REPRESENTATION_CONTEXT() REPRESENTATION_CONTEXT('2D SPACE',''
  ) );
#8014 = ADVANCED_FACE('',(#8015),#1647,.F.);
#8015 = FACE_BOUND('',#8016,.F.);
#8016 = EDGE_LOOP('',(#8017,#8018,#8019,#8042));
#8017 = ORIENTED_EDGE('',*,*,#7922,.T.);
#8018 = ORIENTED_EDGE('',*,*,#1631,.T.);
#8019 = ORIENTED_EDGE('',*,*,#8020,.F.);
#8020 = EDGE_CURVE('',#8021,#1632,#8023,.T.);
#8021 = VERTEX_POINT('',#8022);
#8022 = CARTESIAN_POINT('',(-5.9701171875,-4.240234375,2.7));
#8023 = SURFACE_CURVE('',#8024,(#8028,#8035),.PCURVE_S1.);
#8024 = LINE('',#8025,#8026);
#8025 = CARTESIAN_POINT('',(-5.9701171875,-4.240234375,2.7));
#8026 = VECTOR('',#8027,1.);
#8027 = DIRECTION('',(0.,0.,1.));
#8028 = PCURVE('',#1647,#8029);
#8029 = DEFINITIONAL_REPRESENTATION('',(#8030),#8034);
#8030 = LINE('',#8031,#8032);
#8031 = CARTESIAN_POINT('',(0.35625,0.));
#8032 = VECTOR('',#8033,1.);
#8033 = DIRECTION('',(0.,-1.));
#8034 = ( GEOMETRIC_REPRESENTATION_CONTEXT(2) 
PARAMETRIC_REPRESENTATION_CONTEXT() REPRESENTATION_CONTEXT('2D SPACE',''
  ) );
#8035 = PCURVE('',#1675,#8036);
#8036 = DEFINITIONAL_REPRESENTATION('',(#8037),#8041);
#8037 = LINE('',#8038,#8039);
#8038 = CARTESIAN_POINT('',(0.,0.));
#8039 = VECTOR('',#8040,1.);
#8040 = DIRECTION('',(0.,-1.));
#8041 = ( GEOMETRIC_REPRESENTATION_CONTEXT(2) 
PARAMETRIC_REPRESENTATION_CONTEXT() REPRESENTATION_CONTEXT('2D SPACE',''
  ) );
#8042 = ORIENTED_EDGE('',*,*,#8043,.F.);
#8043 = EDGE_CURVE('',#7923,#8021,#8044,.T.);
#8044 = SURFACE_CURVE('',#8045,(#8049,#8056),.PCURVE_S1.);
#8045 = LINE('',#8046,#8047);
#8046 = CARTESIAN_POINT('',(-5.6138671875,-4.240234375,2.7));
#8047 = VECTOR('',#8048,1.);
#8048 = DIRECTION('',(-1.,0.,0.));
#8049 = PCURVE('',#1647,#8050);
#8050 = DEFINITIONAL_REPRESENTATION('',(#8051),#8055);
#8051 = LINE('',#8052,#8053);
#8052 = CARTESIAN_POINT('',(0.,-0.));
#8053 = VECTOR('',#8054,1.);
#8054 = DIRECTION('',(1.,0.));
#8055 = ( GEOMETRIC_REPRESENTATION_CONTEXT(2) 
PARAMETRIC_REPRESENTATION_CONTEXT() REPRESENTATION_CONTEXT('2D SPACE',''
  ) );
#8056 = PCURVE('',#7660,#8057);
#8057 = DEFINITIONAL_REPRESENTATION('',(#8058),#8062);
#8058 = LINE('',#8059,#8060);
#8059 = CARTESIAN_POINT('',(0.594140625,0.7751953125));
#8060 = VECTOR('',#8061,1.);
#8061 = DIRECTION('',(-1.,0.));
#8062 = ( GEOMETRIC_REPRESENTATION_CONTEXT(2) 
PARAMETRIC_REPRESENTATION_CONTEXT() REPRESENTATION_CONTEXT('2D SPACE',''
  ) );
#8063 = ADVANCED_FACE('',(#8064),#2031,.F.);
#8064 = FACE_BOUND('',#8065,.F.);
#8065 = EDGE_LOOP('',(#8066,#8089,#8090,#8091));
#8066 = ORIENTED_EDGE('',*,*,#8067,.T.);
#8067 = EDGE_CURVE('',#8068,#1986,#8070,.T.);
#8068 = VERTEX_POINT('',#8069);
#8069 = CARTESIAN_POINT('',(-5.8875,-4.9328125,2.7));
#8070 = SURFACE_CURVE('',#8071,(#8075,#8082),.PCURVE_S1.);
#8071 = LINE('',#8072,#8073);
#8072 = CARTESIAN_POINT('',(-5.8875,-4.9328125,2.7));
#8073 = VECTOR('',#8074,1.);
#8074 = DIRECTION('',(0.,0.,1.));
#8075 = PCURVE('',#2031,#8076);
#8076 = DEFINITIONAL_REPRESENTATION('',(#8077),#8081);
#8077 = LINE('',#8078,#8079);
#8078 = CARTESIAN_POINT('',(0.,0.));
#8079 = VECTOR('',#8080,1.);
#8080 = DIRECTION('',(0.,-1.));
#8081 = ( GEOMETRIC_REPRESENTATION_CONTEXT(2) 
PARAMETRIC_REPRESENTATION_CONTEXT() REPRESENTATION_CONTEXT('2D SPACE',''
  ) );
#8082 = PCURVE('',#2001,#8083);
#8083 = DEFINITIONAL_REPRESENTATION('',(#8084),#8088);
#8084 = LINE('',#8085,#8086);
#8085 = CARTESIAN_POINT('',(1.,0.));
#8086 = VECTOR('',#8087,1.);
#8087 = DIRECTION('',(0.,-1.));
#8088 = ( GEOMETRIC_REPRESENTATION_CONTEXT(2) 
PARAMETRIC_REPRESENTATION_CONTEXT() REPRESENTATION_CONTEXT('2D SPACE',''
  ) );
#8089 = ORIENTED_EDGE('',*,*,#2015,.T.);
#8090 = ORIENTED_EDGE('',*,*,#7969,.F.);
#8091 = ORIENTED_EDGE('',*,*,#8092,.F.);
#8092 = EDGE_CURVE('',#8068,#7970,#8093,.T.);
#8093 = SURFACE_CURVE('',#8094,(#8098,#8105),.PCURVE_S1.);
#8094 = B_SPLINE_CURVE_WITH_KNOTS('',2,(#8095,#8096,#8097),
  .UNSPECIFIED.,.F.,.F.,(3,3),(0.,1.),.PIECEWISE_BEZIER_KNOTS.);
#8095 = CARTESIAN_POINT('',(-5.8875,-4.9328125,2.7));
#8096 = CARTESIAN_POINT('',(-5.7861328125,-4.9328125,2.7));
#8097 = CARTESIAN_POINT('',(-5.726953125,-4.8794921875,2.7));
#8098 = PCURVE('',#2031,#8099);
#8099 = DEFINITIONAL_REPRESENTATION('',(#8100),#8104);
#8100 = LINE('',#8101,#8102);
#8101 = CARTESIAN_POINT('',(0.,0.));
#8102 = VECTOR('',#8103,1.);
#8103 = DIRECTION('',(1.,0.));
#8104 = ( GEOMETRIC_REPRESENTATION_CONTEXT(2) 
PARAMETRIC_REPRESENTATION_CONTEXT() REPRESENTATION_CONTEXT('2D SPACE',''
  ) );
#8105 = PCURVE('',#7660,#8106);
#8106 = DEFINITIONAL_REPRESENTATION('',(#8107),#8111);
#8107 = B_SPLINE_CURVE_WITH_KNOTS('',2,(#8108,#8109,#8110),
  .UNSPECIFIED.,.F.,.F.,(3,3),(0.,1.),.PIECEWISE_BEZIER_KNOTS.);
#8108 = CARTESIAN_POINT('',(0.3205078125,8.26171875E-02));
#8109 = CARTESIAN_POINT('',(0.421875,8.26171875E-02));
#8110 = CARTESIAN_POINT('',(0.4810546875,0.1359375));
#8111 = ( GEOMETRIC_REPRESENTATION_CONTEXT(2) 
PARAMETRIC_REPRESENTATION_CONTEXT() REPRESENTATION_CONTEXT('2D SPACE',''
  ) );
#8112 = ADVANCED_FACE('',(#8113),#1675,.F.);
#8113 = FACE_BOUND('',#8114,.F.);
#8114 = EDGE_LOOP('',(#8115,#8116,#8117,#8140));
#8115 = ORIENTED_EDGE('',*,*,#8020,.T.);
#8116 = ORIENTED_EDGE('',*,*,#1659,.T.);
#8117 = ORIENTED_EDGE('',*,*,#8118,.F.);
#8118 = EDGE_CURVE('',#8119,#1660,#8121,.T.);
#8119 = VERTEX_POINT('',#8120);
#8120 = CARTESIAN_POINT('',(-5.9701171875,-4.4546875,2.7));
#8121 = SURFACE_CURVE('',#8122,(#8126,#8133),.PCURVE_S1.);
#8122 = LINE('',#8123,#8124);
#8123 = CARTESIAN_POINT('',(-5.9701171875,-4.4546875,2.7));
#8124 = VECTOR('',#8125,1.);
#8125 = DIRECTION('',(0.,0.,1.));
#8126 = PCURVE('',#1675,#8127);
#8127 = DEFINITIONAL_REPRESENTATION('',(#8128),#8132);
#8128 = LINE('',#8129,#8130);
#8129 = CARTESIAN_POINT('',(0.214453125,0.));
#8130 = VECTOR('',#8131,1.);
#8131 = DIRECTION('',(0.,-1.));
#8132 = ( GEOMETRIC_REPRESENTATION_CONTEXT(2) 
PARAMETRIC_REPRESENTATION_CONTEXT() REPRESENTATION_CONTEXT('2D SPACE',''
  ) );
#8133 = PCURVE('',#1703,#8134);
#8134 = DEFINITIONAL_REPRESENTATION('',(#8135),#8139);
#8135 = LINE('',#8136,#8137);
#8136 = CARTESIAN_POINT('',(0.,0.));
#8137 = VECTOR('',#8138,1.);
#8138 = DIRECTION('',(0.,-1.));
#8139 = ( GEOMETRIC_REPRESENTATION_CONTEXT(2) 
PARAMETRIC_REPRESENTATION_CONTEXT() REPRESENTATION_CONTEXT('2D SPACE',''
  ) );
#8140 = ORIENTED_EDGE('',*,*,#8141,.F.);
#8141 = EDGE_CURVE('',#8021,#8119,#8142,.T.);
#8142 = SURFACE_CURVE('',#8143,(#8147,#8154),.PCURVE_S1.);
#8143 = LINE('',#8144,#8145);
#8144 = CARTESIAN_POINT('',(-5.9701171875,-4.240234375,2.7));
#8145 = VECTOR('',#8146,1.);
#8146 = DIRECTION('',(0.,-1.,0.));
#8147 = PCURVE('',#1675,#8148);
#8148 = DEFINITIONAL_REPRESENTATION('',(#8149),#8153);
#8149 = LINE('',#8150,#8151);
#8150 = CARTESIAN_POINT('',(-8.881784197001E-16,0.));
#8151 = VECTOR('',#8152,1.);
#8152 = DIRECTION('',(1.,0.));
#8153 = ( GEOMETRIC_REPRESENTATION_CONTEXT(2) 
PARAMETRIC_REPRESENTATION_CONTEXT() REPRESENTATION_CONTEXT('2D SPACE',''
  ) );
#8154 = PCURVE('',#7660,#8155);
#8155 = DEFINITIONAL_REPRESENTATION('',(#8156),#8160);
#8156 = LINE('',#8157,#8158);
#8157 = CARTESIAN_POINT('',(0.237890625,0.7751953125));
#8158 = VECTOR('',#8159,1.);
#8159 = DIRECTION('',(0.,-1.));
#8160 = ( GEOMETRIC_REPRESENTATION_CONTEXT(2) 
PARAMETRIC_REPRESENTATION_CONTEXT() REPRESENTATION_CONTEXT('2D SPACE',''
  ) );
#8161 = ADVANCED_FACE('',(#8162),#2001,.F.);
#8162 = FACE_BOUND('',#8163,.F.);
#8163 = EDGE_LOOP('',(#8164,#8187,#8188,#8189));
#8164 = ORIENTED_EDGE('',*,*,#8165,.T.);
#8165 = EDGE_CURVE('',#8166,#1956,#8168,.T.);
#8166 = VERTEX_POINT('',#8167);
#8167 = CARTESIAN_POINT('',(-6.0064453125,-4.91875,2.7));
#8168 = SURFACE_CURVE('',#8169,(#8173,#8180),.PCURVE_S1.);
#8169 = LINE('',#8170,#8171);
#8170 = CARTESIAN_POINT('',(-6.0064453125,-4.91875,2.7));
#8171 = VECTOR('',#8172,1.);
#8172 = DIRECTION('',(0.,0.,1.));
#8173 = PCURVE('',#2001,#8174);
#8174 = DEFINITIONAL_REPRESENTATION('',(#8175),#8179);
#8175 = LINE('',#8176,#8177);
#8176 = CARTESIAN_POINT('',(0.,0.));
#8177 = VECTOR('',#8178,1.);
#8178 = DIRECTION('',(0.,-1.));
#8179 = ( GEOMETRIC_REPRESENTATION_CONTEXT(2) 
PARAMETRIC_REPRESENTATION_CONTEXT() REPRESENTATION_CONTEXT('2D SPACE',''
  ) );
#8180 = PCURVE('',#1971,#8181);
#8181 = DEFINITIONAL_REPRESENTATION('',(#8182),#8186);
#8182 = LINE('',#8183,#8184);
#8183 = CARTESIAN_POINT('',(1.,0.));
#8184 = VECTOR('',#8185,1.);
#8185 = DIRECTION('',(0.,-1.));
#8186 = ( GEOMETRIC_REPRESENTATION_CONTEXT(2) 
PARAMETRIC_REPRESENTATION_CONTEXT() REPRESENTATION_CONTEXT('2D SPACE',''
  ) );
#8187 = ORIENTED_EDGE('',*,*,#1985,.T.);
#8188 = ORIENTED_EDGE('',*,*,#8067,.F.);
#8189 = ORIENTED_EDGE('',*,*,#8190,.F.);
#8190 = EDGE_CURVE('',#8166,#8068,#8191,.T.);
#8191 = SURFACE_CURVE('',#8192,(#8196,#8203),.PCURVE_S1.);
#8192 = B_SPLINE_CURVE_WITH_KNOTS('',2,(#8193,#8194,#8195),
  .UNSPECIFIED.,.F.,.F.,(3,3),(0.,1.),.PIECEWISE_BEZIER_KNOTS.);
#8193 = CARTESIAN_POINT('',(-6.0064453125,-4.91875,2.7));
#8194 = CARTESIAN_POINT('',(-5.9501953125,-4.9328125,2.7));
#8195 = CARTESIAN_POINT('',(-5.8875,-4.9328125,2.7));
#8196 = PCURVE('',#2001,#8197);
#8197 = DEFINITIONAL_REPRESENTATION('',(#8198),#8202);
#8198 = LINE('',#8199,#8200);
#8199 = CARTESIAN_POINT('',(0.,0.));
#8200 = VECTOR('',#8201,1.);
#8201 = DIRECTION('',(1.,0.));
#8202 = ( GEOMETRIC_REPRESENTATION_CONTEXT(2) 
PARAMETRIC_REPRESENTATION_CONTEXT() REPRESENTATION_CONTEXT('2D SPACE',''
  ) );
#8203 = PCURVE('',#7660,#8204);
#8204 = DEFINITIONAL_REPRESENTATION('',(#8205),#8209);
#8205 = B_SPLINE_CURVE_WITH_KNOTS('',2,(#8206,#8207,#8208),
  .UNSPECIFIED.,.F.,.F.,(3,3),(0.,1.),.PIECEWISE_BEZIER_KNOTS.);
#8206 = CARTESIAN_POINT('',(0.2015625,9.66796875E-02));
#8207 = CARTESIAN_POINT('',(0.2578125,8.26171875E-02));
#8208 = CARTESIAN_POINT('',(0.3205078125,8.26171875E-02));
#8209 = ( GEOMETRIC_REPRESENTATION_CONTEXT(2) 
PARAMETRIC_REPRESENTATION_CONTEXT() REPRESENTATION_CONTEXT('2D SPACE',''
  ) );
#8210 = ADVANCED_FACE('',(#8211),#1703,.F.);
#8211 = FACE_BOUND('',#8212,.F.);
#8212 = EDGE_LOOP('',(#8213,#8214,#8215,#8238));
#8213 = ORIENTED_EDGE('',*,*,#8118,.T.);
#8214 = ORIENTED_EDGE('',*,*,#1687,.T.);
#8215 = ORIENTED_EDGE('',*,*,#8216,.F.);
#8216 = EDGE_CURVE('',#8217,#1688,#8219,.T.);
#8217 = VERTEX_POINT('',#8218);
#8218 = CARTESIAN_POINT('',(-5.9185546875,-4.44150390625,2.7));
#8219 = SURFACE_CURVE('',#8220,(#8224,#8231),.PCURVE_S1.);
#8220 = LINE('',#8221,#8222);
#8221 = CARTESIAN_POINT('',(-5.9185546875,-4.44150390625,2.7));
#8222 = VECTOR('',#8223,1.);
#8223 = DIRECTION('',(0.,0.,1.));
#8224 = PCURVE('',#1703,#8225);
#8225 = DEFINITIONAL_REPRESENTATION('',(#8226),#8230);
#8226 = LINE('',#8227,#8228);
#8227 = CARTESIAN_POINT('',(1.,0.));
#8228 = VECTOR('',#8229,1.);
#8229 = DIRECTION('',(0.,-1.));
#8230 = ( GEOMETRIC_REPRESENTATION_CONTEXT(2) 
PARAMETRIC_REPRESENTATION_CONTEXT() REPRESENTATION_CONTEXT('2D SPACE',''
  ) );
#8231 = PCURVE('',#1733,#8232);
#8232 = DEFINITIONAL_REPRESENTATION('',(#8233),#8237);
#8233 = LINE('',#8234,#8235);
#8234 = CARTESIAN_POINT('',(0.,0.));
#8235 = VECTOR('',#8236,1.);
#8236 = DIRECTION('',(0.,-1.));
#8237 = ( GEOMETRIC_REPRESENTATION_CONTEXT(2) 
PARAMETRIC_REPRESENTATION_CONTEXT() REPRESENTATION_CONTEXT('2D SPACE',''
  ) );
#8238 = ORIENTED_EDGE('',*,*,#8239,.F.);
#8239 = EDGE_CURVE('',#8119,#8217,#8240,.T.);
#8240 = SURFACE_CURVE('',#8241,(#8245,#8252),.PCURVE_S1.);
#8241 = B_SPLINE_CURVE_WITH_KNOTS('',2,(#8242,#8243,#8244),
  .UNSPECIFIED.,.F.,.F.,(3,3),(0.,1.),.PIECEWISE_BEZIER_KNOTS.);
#8242 = CARTESIAN_POINT('',(-5.9701171875,-4.4546875,2.7));
#8243 = CARTESIAN_POINT('',(-5.9443359375,-4.4458984375,2.7));
#8244 = CARTESIAN_POINT('',(-5.9185546875,-4.44150390625,2.7));
#8245 = PCURVE('',#1703,#8246);
#8246 = DEFINITIONAL_REPRESENTATION('',(#8247),#8251);
#8247 = LINE('',#8248,#8249);
#8248 = CARTESIAN_POINT('',(0.,0.));
#8249 = VECTOR('',#8250,1.);
#8250 = DIRECTION('',(1.,0.));
#8251 = ( GEOMETRIC_REPRESENTATION_CONTEXT(2) 
PARAMETRIC_REPRESENTATION_CONTEXT() REPRESENTATION_CONTEXT('2D SPACE',''
  ) );
#8252 = PCURVE('',#7660,#8253);
#8253 = DEFINITIONAL_REPRESENTATION('',(#8254),#8258);
#8254 = B_SPLINE_CURVE_WITH_KNOTS('',2,(#8255,#8256,#8257),
  .UNSPECIFIED.,.F.,.F.,(3,3),(0.,1.),.PIECEWISE_BEZIER_KNOTS.);
#8255 = CARTESIAN_POINT('',(0.237890625,0.5607421875));
#8256 = CARTESIAN_POINT('',(0.263671875,0.56953125));
#8257 = CARTESIAN_POINT('',(0.289453125,0.57392578125));
#8258 = ( GEOMETRIC_REPRESENTATION_CONTEXT(2) 
PARAMETRIC_REPRESENTATION_CONTEXT() REPRESENTATION_CONTEXT('2D SPACE',''
  ) );
#8259 = ADVANCED_FACE('',(#8260),#1971,.F.);
#8260 = FACE_BOUND('',#8261,.F.);
#8261 = EDGE_LOOP('',(#8262,#8285,#8286,#8287));
#8262 = ORIENTED_EDGE('',*,*,#8263,.T.);
#8263 = EDGE_CURVE('',#8264,#1928,#8266,.T.);
#8264 = VERTEX_POINT('',#8265);
#8265 = CARTESIAN_POINT('',(-6.1154296875,-4.8759765625,2.7));
#8266 = SURFACE_CURVE('',#8267,(#8271,#8278),.PCURVE_S1.);
#8267 = LINE('',#8268,#8269);
#8268 = CARTESIAN_POINT('',(-6.1154296875,-4.8759765625,2.7));
#8269 = VECTOR('',#8270,1.);
#8270 = DIRECTION('',(0.,0.,1.));
#8271 = PCURVE('',#1971,#8272);
#8272 = DEFINITIONAL_REPRESENTATION('',(#8273),#8277);
#8273 = LINE('',#8274,#8275);
#8274 = CARTESIAN_POINT('',(0.,0.));
#8275 = VECTOR('',#8276,1.);
#8276 = DIRECTION('',(0.,-1.));
#8277 = ( GEOMETRIC_REPRESENTATION_CONTEXT(2) 
PARAMETRIC_REPRESENTATION_CONTEXT() REPRESENTATION_CONTEXT('2D SPACE',''
  ) );
#8278 = PCURVE('',#1943,#8279);
#8279 = DEFINITIONAL_REPRESENTATION('',(#8280),#8284);
#8280 = LINE('',#8281,#8282);
#8281 = CARTESIAN_POINT('',(0.1189453125,0.));
#8282 = VECTOR('',#8283,1.);
#8283 = DIRECTION('',(0.,-1.));
#8284 = ( GEOMETRIC_REPRESENTATION_CONTEXT(2) 
PARAMETRIC_REPRESENTATION_CONTEXT() REPRESENTATION_CONTEXT('2D SPACE',''
  ) );
#8285 = ORIENTED_EDGE('',*,*,#1955,.T.);
#8286 = ORIENTED_EDGE('',*,*,#8165,.F.);
#8287 = ORIENTED_EDGE('',*,*,#8288,.F.);
#8288 = EDGE_CURVE('',#8264,#8166,#8289,.T.);
#8289 = SURFACE_CURVE('',#8290,(#8294,#8301),.PCURVE_S1.);
#8290 = B_SPLINE_CURVE_WITH_KNOTS('',2,(#8291,#8292,#8293),
  .UNSPECIFIED.,.F.,.F.,(3,3),(0.,1.),.PIECEWISE_BEZIER_KNOTS.);
#8291 = CARTESIAN_POINT('',(-6.1154296875,-4.8759765625,2.7));
#8292 = CARTESIAN_POINT('',(-6.0626953125,-4.9046875,2.7));
#8293 = CARTESIAN_POINT('',(-6.0064453125,-4.91875,2.7));
#8294 = PCURVE('',#1971,#8295);
#8295 = DEFINITIONAL_REPRESENTATION('',(#8296),#8300);
#8296 = LINE('',#8297,#8298);
#8297 = CARTESIAN_POINT('',(0.,0.));
#8298 = VECTOR('',#8299,1.);
#8299 = DIRECTION('',(1.,0.));
#8300 = ( GEOMETRIC_REPRESENTATION_CONTEXT(2) 
PARAMETRIC_REPRESENTATION_CONTEXT() REPRESENTATION_CONTEXT('2D SPACE',''
  ) );
#8301 = PCURVE('',#7660,#8302);
#8302 = DEFINITIONAL_REPRESENTATION('',(#8303),#8307);
#8303 = B_SPLINE_CURVE_WITH_KNOTS('',2,(#8304,#8305,#8306),
  .UNSPECIFIED.,.F.,.F.,(3,3),(0.,1.),.PIECEWISE_BEZIER_KNOTS.);
#8304 = CARTESIAN_POINT('',(9.2578125E-02,0.139453125));
#8305 = CARTESIAN_POINT('',(0.1453125,0.1107421875));
#8306 = CARTESIAN_POINT('',(0.2015625,9.66796875E-02));
#8307 = ( GEOMETRIC_REPRESENTATION_CONTEXT(2) 
PARAMETRIC_REPRESENTATION_CONTEXT() REPRESENTATION_CONTEXT('2D SPACE',''
  ) );
#8308 = ADVANCED_FACE('',(#8309),#1733,.F.);
#8309 = FACE_BOUND('',#8310,.F.);
#8310 = EDGE_LOOP('',(#8311,#8312,#8313,#8336));
#8311 = ORIENTED_EDGE('',*,*,#8216,.T.);
#8312 = ORIENTED_EDGE('',*,*,#1717,.T.);
#8313 = ORIENTED_EDGE('',*,*,#8314,.F.);
#8314 = EDGE_CURVE('',#8315,#1718,#8317,.T.);
#8315 = VERTEX_POINT('',#8316);
#8316 = CARTESIAN_POINT('',(-5.8669921875,-4.437109375,2.7));
#8317 = SURFACE_CURVE('',#8318,(#8322,#8329),.PCURVE_S1.);
#8318 = LINE('',#8319,#8320);
#8319 = CARTESIAN_POINT('',(-5.8669921875,-4.437109375,2.7));
#8320 = VECTOR('',#8321,1.);
#8321 = DIRECTION('',(0.,0.,1.));
#8322 = PCURVE('',#1733,#8323);
#8323 = DEFINITIONAL_REPRESENTATION('',(#8324),#8328);
#8324 = LINE('',#8325,#8326);
#8325 = CARTESIAN_POINT('',(1.,0.));
#8326 = VECTOR('',#8327,1.);
#8327 = DIRECTION('',(0.,-1.));
#8328 = ( GEOMETRIC_REPRESENTATION_CONTEXT(2) 
PARAMETRIC_REPRESENTATION_CONTEXT() REPRESENTATION_CONTEXT('2D SPACE',''
  ) );
#8329 = PCURVE('',#1763,#8330);
#8330 = DEFINITIONAL_REPRESENTATION('',(#8331),#8335);
#8331 = LINE('',#8332,#8333);
#8332 = CARTESIAN_POINT('',(0.,0.));
#8333 = VECTOR('',#8334,1.);
#8334 = DIRECTION('',(0.,-1.));
#8335 = ( GEOMETRIC_REPRESENTATION_CONTEXT(2) 
PARAMETRIC_REPRESENTATION_CONTEXT() REPRESENTATION_CONTEXT('2D SPACE',''
  ) );
#8336 = ORIENTED_EDGE('',*,*,#8337,.F.);
#8337 = EDGE_CURVE('',#8217,#8315,#8338,.T.);
#8338 = SURFACE_CURVE('',#8339,(#8343,#8350),.PCURVE_S1.);
#8339 = B_SPLINE_CURVE_WITH_KNOTS('',2,(#8340,#8341,#8342),
  .UNSPECIFIED.,.F.,.F.,(3,3),(0.,1.),.PIECEWISE_BEZIER_KNOTS.);
#8340 = CARTESIAN_POINT('',(-5.9185546875,-4.44150390625,2.7));
#8341 = CARTESIAN_POINT('',(-5.8927734375,-4.437109375,2.7));
#8342 = CARTESIAN_POINT('',(-5.8669921875,-4.437109375,2.7));
#8343 = PCURVE('',#1733,#8344);
#8344 = DEFINITIONAL_REPRESENTATION('',(#8345),#8349);
#8345 = LINE('',#8346,#8347);
#8346 = CARTESIAN_POINT('',(0.,0.));
#8347 = VECTOR('',#8348,1.);
#8348 = DIRECTION('',(1.,0.));
#8349 = ( GEOMETRIC_REPRESENTATION_CONTEXT(2) 
PARAMETRIC_REPRESENTATION_CONTEXT() REPRESENTATION_CONTEXT('2D SPACE',''
  ) );
#8350 = PCURVE('',#7660,#8351);
#8351 = DEFINITIONAL_REPRESENTATION('',(#8352),#8356);
#8352 = B_SPLINE_CURVE_WITH_KNOTS('',2,(#8353,#8354,#8355),
  .UNSPECIFIED.,.F.,.F.,(3,3),(0.,1.),.PIECEWISE_BEZIER_KNOTS.);
#8353 = CARTESIAN_POINT('',(0.289453125,0.57392578125));
#8354 = CARTESIAN_POINT('',(0.315234375,0.5783203125));
#8355 = CARTESIAN_POINT('',(0.341015625,0.5783203125));
#8356 = ( GEOMETRIC_REPRESENTATION_CONTEXT(2) 
PARAMETRIC_REPRESENTATION_CONTEXT() REPRESENTATION_CONTEXT('2D SPACE',''
  ) );
#8357 = ADVANCED_FACE('',(#8358),#1943,.F.);
#8358 = FACE_BOUND('',#8359,.F.);
#8359 = EDGE_LOOP('',(#8360,#8383,#8384,#8385));
#8360 = ORIENTED_EDGE('',*,*,#8361,.T.);
#8361 = EDGE_CURVE('',#8362,#1898,#8364,.T.);
#8362 = VERTEX_POINT('',#8363);
#8363 = CARTESIAN_POINT('',(-6.1154296875,-4.994921875,2.7));
#8364 = SURFACE_CURVE('',#8365,(#8369,#8376),.PCURVE_S1.);
#8365 = LINE('',#8366,#8367);
#8366 = CARTESIAN_POINT('',(-6.1154296875,-4.994921875,2.7));
#8367 = VECTOR('',#8368,1.);
#8368 = DIRECTION('',(0.,0.,1.));
#8369 = PCURVE('',#1943,#8370);
#8370 = DEFINITIONAL_REPRESENTATION('',(#8371),#8375);
#8371 = LINE('',#8372,#8373);
#8372 = CARTESIAN_POINT('',(0.,0.));
#8373 = VECTOR('',#8374,1.);
#8374 = DIRECTION('',(0.,-1.));
#8375 = ( GEOMETRIC_REPRESENTATION_CONTEXT(2) 
PARAMETRIC_REPRESENTATION_CONTEXT() REPRESENTATION_CONTEXT('2D SPACE',''
  ) );
#8376 = PCURVE('',#1913,#8377);
#8377 = DEFINITIONAL_REPRESENTATION('',(#8378),#8382);
#8378 = LINE('',#8379,#8380);
#8379 = CARTESIAN_POINT('',(1.,0.));
#8380 = VECTOR('',#8381,1.);
#8381 = DIRECTION('',(0.,-1.));
#8382 = ( GEOMETRIC_REPRESENTATION_CONTEXT(2) 
PARAMETRIC_REPRESENTATION_CONTEXT() REPRESENTATION_CONTEXT('2D SPACE',''
  ) );
#8383 = ORIENTED_EDGE('',*,*,#1927,.T.);
#8384 = ORIENTED_EDGE('',*,*,#8263,.F.);
#8385 = ORIENTED_EDGE('',*,*,#8386,.F.);
#8386 = EDGE_CURVE('',#8362,#8264,#8387,.T.);
#8387 = SURFACE_CURVE('',#8388,(#8392,#8399),.PCURVE_S1.);
#8388 = LINE('',#8389,#8390);
#8389 = CARTESIAN_POINT('',(-6.1154296875,-4.994921875,2.7));
#8390 = VECTOR('',#8391,1.);
#8391 = DIRECTION('',(0.,1.,0.));
#8392 = PCURVE('',#1943,#8393);
#8393 = DEFINITIONAL_REPRESENTATION('',(#8394),#8398);
#8394 = LINE('',#8395,#8396);
#8395 = CARTESIAN_POINT('',(0.,0.));
#8396 = VECTOR('',#8397,1.);
#8397 = DIRECTION('',(1.,0.));
#8398 = ( GEOMETRIC_REPRESENTATION_CONTEXT(2) 
PARAMETRIC_REPRESENTATION_CONTEXT() REPRESENTATION_CONTEXT('2D SPACE',''
  ) );
#8399 = PCURVE('',#7660,#8400);
#8400 = DEFINITIONAL_REPRESENTATION('',(#8401),#8405);
#8401 = LINE('',#8402,#8403);
#8402 = CARTESIAN_POINT('',(9.2578125E-02,2.05078125E-02));
#8403 = VECTOR('',#8404,1.);
#8404 = DIRECTION('',(0.,1.));
#8405 = ( GEOMETRIC_REPRESENTATION_CONTEXT(2) 
PARAMETRIC_REPRESENTATION_CONTEXT() REPRESENTATION_CONTEXT('2D SPACE',''
  ) );
#8406 = ADVANCED_FACE('',(#8407),#1763,.F.);
#8407 = FACE_BOUND('',#8408,.F.);
#8408 = EDGE_LOOP('',(#8409,#8410,#8411,#8434));
#8409 = ORIENTED_EDGE('',*,*,#8314,.T.);
#8410 = ORIENTED_EDGE('',*,*,#1747,.T.);
#8411 = ORIENTED_EDGE('',*,*,#8412,.F.);
#8412 = EDGE_CURVE('',#8413,#1748,#8415,.T.);
#8413 = VERTEX_POINT('',#8414);
#8414 = CARTESIAN_POINT('',(-5.6349609375,-4.5173828125,2.7));
#8415 = SURFACE_CURVE('',#8416,(#8420,#8427),.PCURVE_S1.);
#8416 = LINE('',#8417,#8418);
#8417 = CARTESIAN_POINT('',(-5.6349609375,-4.5173828125,2.7));
#8418 = VECTOR('',#8419,1.);
#8419 = DIRECTION('',(0.,0.,1.));
#8420 = PCURVE('',#1763,#8421);
#8421 = DEFINITIONAL_REPRESENTATION('',(#8422),#8426);
#8422 = LINE('',#8423,#8424);
#8423 = CARTESIAN_POINT('',(1.,0.));
#8424 = VECTOR('',#8425,1.);
#8425 = DIRECTION('',(0.,-1.));
#8426 = ( GEOMETRIC_REPRESENTATION_CONTEXT(2) 
PARAMETRIC_REPRESENTATION_CONTEXT() REPRESENTATION_CONTEXT('2D SPACE',''
  ) );
#8427 = PCURVE('',#1793,#8428);
#8428 = DEFINITIONAL_REPRESENTATION('',(#8429),#8433);
#8429 = LINE('',#8430,#8431);
#8430 = CARTESIAN_POINT('',(0.,0.));
#8431 = VECTOR('',#8432,1.);
#8432 = DIRECTION('',(0.,-1.));
#8433 = ( GEOMETRIC_REPRESENTATION_CONTEXT(2) 
PARAMETRIC_REPRESENTATION_CONTEXT() REPRESENTATION_CONTEXT('2D SPACE',''
  ) );
#8434 = ORIENTED_EDGE('',*,*,#8435,.F.);
#8435 = EDGE_CURVE('',#8315,#8413,#8436,.T.);
#8436 = SURFACE_CURVE('',#8437,(#8441,#8448),.PCURVE_S1.);
#8437 = B_SPLINE_CURVE_WITH_KNOTS('',2,(#8438,#8439,#8440),
  .UNSPECIFIED.,.F.,.F.,(3,3),(0.,1.),.PIECEWISE_BEZIER_KNOTS.);
#8438 = CARTESIAN_POINT('',(-5.8669921875,-4.437109375,2.7));
#8439 = CARTESIAN_POINT('',(-5.7205078125,-4.437109375,2.7));
#8440 = CARTESIAN_POINT('',(-5.6349609375,-4.5173828125,2.7));
#8441 = PCURVE('',#1763,#8442);
#8442 = DEFINITIONAL_REPRESENTATION('',(#8443),#8447);
#8443 = LINE('',#8444,#8445);
#8444 = CARTESIAN_POINT('',(0.,0.));
#8445 = VECTOR('',#8446,1.);
#8446 = DIRECTION('',(1.,0.));
#8447 = ( GEOMETRIC_REPRESENTATION_CONTEXT(2) 
PARAMETRIC_REPRESENTATION_CONTEXT() REPRESENTATION_CONTEXT('2D SPACE',''
  ) );
#8448 = PCURVE('',#7660,#8449);
#8449 = DEFINITIONAL_REPRESENTATION('',(#8450),#8454);
#8450 = B_SPLINE_CURVE_WITH_KNOTS('',2,(#8451,#8452,#8453),
  .UNSPECIFIED.,.F.,.F.,(3,3),(0.,1.),.PIECEWISE_BEZIER_KNOTS.);
#8451 = CARTESIAN_POINT('',(0.341015625,0.5783203125));
#8452 = CARTESIAN_POINT('',(0.4875,0.5783203125));
#8453 = CARTESIAN_POINT('',(0.573046875,0.498046875));
#8454 = ( GEOMETRIC_REPRESENTATION_CONTEXT(2) 
PARAMETRIC_REPRESENTATION_CONTEXT() REPRESENTATION_CONTEXT('2D SPACE',''
  ) );
#8455 = ADVANCED_FACE('',(#8456),#1913,.F.);
#8456 = FACE_BOUND('',#8457,.F.);
#8457 = EDGE_LOOP('',(#8458,#8481,#8482,#8483));
#8458 = ORIENTED_EDGE('',*,*,#8459,.T.);
#8459 = EDGE_CURVE('',#8460,#1868,#8462,.T.);
#8460 = VERTEX_POINT('',#8461);
#8461 = CARTESIAN_POINT('',(-5.99736328125,-5.023046875,2.7));
#8462 = SURFACE_CURVE('',#8463,(#8467,#8474),.PCURVE_S1.);
#8463 = LINE('',#8464,#8465);
#8464 = CARTESIAN_POINT('',(-5.99736328125,-5.023046875,2.7));
#8465 = VECTOR('',#8466,1.);
#8466 = DIRECTION('',(0.,0.,1.));
#8467 = PCURVE('',#1913,#8468);
#8468 = DEFINITIONAL_REPRESENTATION('',(#8469),#8473);
#8469 = LINE('',#8470,#8471);
#8470 = CARTESIAN_POINT('',(0.,0.));
#8471 = VECTOR('',#8472,1.);
#8472 = DIRECTION('',(0.,-1.));
#8473 = ( GEOMETRIC_REPRESENTATION_CONTEXT(2) 
PARAMETRIC_REPRESENTATION_CONTEXT() REPRESENTATION_CONTEXT('2D SPACE',''
  ) );
#8474 = PCURVE('',#1883,#8475);
#8475 = DEFINITIONAL_REPRESENTATION('',(#8476),#8480);
#8476 = LINE('',#8477,#8478);
#8477 = CARTESIAN_POINT('',(1.,0.));
#8478 = VECTOR('',#8479,1.);
#8479 = DIRECTION('',(0.,-1.));
#8480 = ( GEOMETRIC_REPRESENTATION_CONTEXT(2) 
PARAMETRIC_REPRESENTATION_CONTEXT() REPRESENTATION_CONTEXT('2D SPACE',''
  ) );
#8481 = ORIENTED_EDGE('',*,*,#1897,.T.);
#8482 = ORIENTED_EDGE('',*,*,#8361,.F.);
#8483 = ORIENTED_EDGE('',*,*,#8484,.F.);
#8484 = EDGE_CURVE('',#8460,#8362,#8485,.T.);
#8485 = SURFACE_CURVE('',#8486,(#8490,#8497),.PCURVE_S1.);
#8486 = B_SPLINE_CURVE_WITH_KNOTS('',2,(#8487,#8488,#8489),
  .UNSPECIFIED.,.F.,.F.,(3,3),(0.,1.),.PIECEWISE_BEZIER_KNOTS.);
#8487 = CARTESIAN_POINT('',(-5.99736328125,-5.023046875,2.7));
#8488 = CARTESIAN_POINT('',(-6.0544921875,-5.013671875,2.7));
#8489 = CARTESIAN_POINT('',(-6.1154296875,-4.994921875,2.7));
#8490 = PCURVE('',#1913,#8491);
#8491 = DEFINITIONAL_REPRESENTATION('',(#8492),#8496);
#8492 = LINE('',#8493,#8494);
#8493 = CARTESIAN_POINT('',(0.,0.));
#8494 = VECTOR('',#8495,1.);
#8495 = DIRECTION('',(1.,0.));
#8496 = ( GEOMETRIC_REPRESENTATION_CONTEXT(2) 
PARAMETRIC_REPRESENTATION_CONTEXT() REPRESENTATION_CONTEXT('2D SPACE',''
  ) );
#8497 = PCURVE('',#7660,#8498);
#8498 = DEFINITIONAL_REPRESENTATION('',(#8499),#8503);
#8499 = B_SPLINE_CURVE_WITH_KNOTS('',2,(#8500,#8501,#8502),
  .UNSPECIFIED.,.F.,.F.,(3,3),(0.,1.),.PIECEWISE_BEZIER_KNOTS.);
#8500 = CARTESIAN_POINT('',(0.21064453125,-7.6171875E-03));
#8501 = CARTESIAN_POINT('',(0.153515625,1.7578125E-03));
#8502 = CARTESIAN_POINT('',(9.2578125E-02,2.05078125E-02));
#8503 = ( GEOMETRIC_REPRESENTATION_CONTEXT(2) 
PARAMETRIC_REPRESENTATION_CONTEXT() REPRESENTATION_CONTEXT('2D SPACE',''
  ) );
#8504 = ADVANCED_FACE('',(#8505),#1793,.F.);
#8505 = FACE_BOUND('',#8506,.F.);
#8506 = EDGE_LOOP('',(#8507,#8508,#8509,#8532));
#8507 = ORIENTED_EDGE('',*,*,#8412,.T.);
#8508 = ORIENTED_EDGE('',*,*,#1777,.T.);
#8509 = ORIENTED_EDGE('',*,*,#8510,.F.);
#8510 = EDGE_CURVE('',#8511,#1778,#8513,.T.);
#8511 = VERTEX_POINT('',#8512);
#8512 = CARTESIAN_POINT('',(-5.5494140625,-4.734765625,2.7));
#8513 = SURFACE_CURVE('',#8514,(#8518,#8525),.PCURVE_S1.);
#8514 = LINE('',#8515,#8516);
#8515 = CARTESIAN_POINT('',(-5.5494140625,-4.734765625,2.7));
#8516 = VECTOR('',#8517,1.);
#8517 = DIRECTION('',(0.,0.,1.));
#8518 = PCURVE('',#1793,#8519);
#8519 = DEFINITIONAL_REPRESENTATION('',(#8520),#8524);
#8520 = LINE('',#8521,#8522);
#8521 = CARTESIAN_POINT('',(1.,0.));
#8522 = VECTOR('',#8523,1.);
#8523 = DIRECTION('',(0.,-1.));
#8524 = ( GEOMETRIC_REPRESENTATION_CONTEXT(2) 
PARAMETRIC_REPRESENTATION_CONTEXT() REPRESENTATION_CONTEXT('2D SPACE',''
  ) );
#8525 = PCURVE('',#1823,#8526);
#8526 = DEFINITIONAL_REPRESENTATION('',(#8527),#8531);
#8527 = LINE('',#8528,#8529);
#8528 = CARTESIAN_POINT('',(0.,0.));
#8529 = VECTOR('',#8530,1.);
#8530 = DIRECTION('',(0.,-1.));
#8531 = ( GEOMETRIC_REPRESENTATION_CONTEXT(2) 
PARAMETRIC_REPRESENTATION_CONTEXT() REPRESENTATION_CONTEXT('2D SPACE',''
  ) );
#8532 = ORIENTED_EDGE('',*,*,#8533,.F.);
#8533 = EDGE_CURVE('',#8413,#8511,#8534,.T.);
#8534 = SURFACE_CURVE('',#8535,(#8539,#8546),.PCURVE_S1.);
#8535 = B_SPLINE_CURVE_WITH_KNOTS('',2,(#8536,#8537,#8538),
  .UNSPECIFIED.,.F.,.F.,(3,3),(0.,1.),.PIECEWISE_BEZIER_KNOTS.);
#8536 = CARTESIAN_POINT('',(-5.6349609375,-4.5173828125,2.7));
#8537 = CARTESIAN_POINT('',(-5.5494140625,-4.59765625,2.7));
#8538 = CARTESIAN_POINT('',(-5.5494140625,-4.734765625,2.7));
#8539 = PCURVE('',#1793,#8540);
#8540 = DEFINITIONAL_REPRESENTATION('',(#8541),#8545);
#8541 = LINE('',#8542,#8543);
#8542 = CARTESIAN_POINT('',(0.,0.));
#8543 = VECTOR('',#8544,1.);
#8544 = DIRECTION('',(1.,0.));
#8545 = ( GEOMETRIC_REPRESENTATION_CONTEXT(2) 
PARAMETRIC_REPRESENTATION_CONTEXT() REPRESENTATION_CONTEXT('2D SPACE',''
  ) );
#8546 = PCURVE('',#7660,#8547);
#8547 = DEFINITIONAL_REPRESENTATION('',(#8548),#8552);
#8548 = B_SPLINE_CURVE_WITH_KNOTS('',2,(#8549,#8550,#8551),
  .UNSPECIFIED.,.F.,.F.,(3,3),(0.,1.),.PIECEWISE_BEZIER_KNOTS.);
#8549 = CARTESIAN_POINT('',(0.573046875,0.498046875));
#8550 = CARTESIAN_POINT('',(0.65859375,0.4177734375));
#8551 = CARTESIAN_POINT('',(0.65859375,0.2806640625));
#8552 = ( GEOMETRIC_REPRESENTATION_CONTEXT(2) 
PARAMETRIC_REPRESENTATION_CONTEXT() REPRESENTATION_CONTEXT('2D SPACE',''
  ) );
#8553 = ADVANCED_FACE('',(#8554),#1883,.F.);
#8554 = FACE_BOUND('',#8555,.F.);
#8555 = EDGE_LOOP('',(#8556,#8579,#8580,#8581));
#8556 = ORIENTED_EDGE('',*,*,#8557,.T.);
#8557 = EDGE_CURVE('',#8558,#1838,#8560,.T.);
#8558 = VERTEX_POINT('',#8559);
#8559 = CARTESIAN_POINT('',(-5.88515625,-5.032421875,2.7));
#8560 = SURFACE_CURVE('',#8561,(#8565,#8572),.PCURVE_S1.);
#8561 = LINE('',#8562,#8563);
#8562 = CARTESIAN_POINT('',(-5.88515625,-5.032421875,2.7));
#8563 = VECTOR('',#8564,1.);
#8564 = DIRECTION('',(0.,0.,1.));
#8565 = PCURVE('',#1883,#8566);
#8566 = DEFINITIONAL_REPRESENTATION('',(#8567),#8571);
#8567 = LINE('',#8568,#8569);
#8568 = CARTESIAN_POINT('',(0.,0.));
#8569 = VECTOR('',#8570,1.);
#8570 = DIRECTION('',(0.,-1.));
#8571 = ( GEOMETRIC_REPRESENTATION_CONTEXT(2) 
PARAMETRIC_REPRESENTATION_CONTEXT() REPRESENTATION_CONTEXT('2D SPACE',''
  ) );
#8572 = PCURVE('',#1853,#8573);
#8573 = DEFINITIONAL_REPRESENTATION('',(#8574),#8578);
#8574 = LINE('',#8575,#8576);
#8575 = CARTESIAN_POINT('',(1.,0.));
#8576 = VECTOR('',#8577,1.);
#8577 = DIRECTION('',(0.,-1.));
#8578 = ( GEOMETRIC_REPRESENTATION_CONTEXT(2) 
PARAMETRIC_REPRESENTATION_CONTEXT() REPRESENTATION_CONTEXT('2D SPACE',''
  ) );
#8579 = ORIENTED_EDGE('',*,*,#1867,.T.);
#8580 = ORIENTED_EDGE('',*,*,#8459,.F.);
#8581 = ORIENTED_EDGE('',*,*,#8582,.F.);
#8582 = EDGE_CURVE('',#8558,#8460,#8583,.T.);
#8583 = SURFACE_CURVE('',#8584,(#8588,#8595),.PCURVE_S1.);
#8584 = B_SPLINE_CURVE_WITH_KNOTS('',2,(#8585,#8586,#8587),
  .UNSPECIFIED.,.F.,.F.,(3,3),(0.,1.),.PIECEWISE_BEZIER_KNOTS.);
#8585 = CARTESIAN_POINT('',(-5.88515625,-5.032421875,2.7));
#8586 = CARTESIAN_POINT('',(-5.940234375,-5.032421875,2.7));
#8587 = CARTESIAN_POINT('',(-5.99736328125,-5.023046875,2.7));
#8588 = PCURVE('',#1883,#8589);
#8589 = DEFINITIONAL_REPRESENTATION('',(#8590),#8594);
#8590 = LINE('',#8591,#8592);
#8591 = CARTESIAN_POINT('',(0.,0.));
#8592 = VECTOR('',#8593,1.);
#8593 = DIRECTION('',(1.,0.));
#8594 = ( GEOMETRIC_REPRESENTATION_CONTEXT(2) 
PARAMETRIC_REPRESENTATION_CONTEXT() REPRESENTATION_CONTEXT('2D SPACE',''
  ) );
#8595 = PCURVE('',#7660,#8596);
#8596 = DEFINITIONAL_REPRESENTATION('',(#8597),#8601);
#8597 = B_SPLINE_CURVE_WITH_KNOTS('',2,(#8598,#8599,#8600),
  .UNSPECIFIED.,.F.,.F.,(3,3),(0.,1.),.PIECEWISE_BEZIER_KNOTS.);
#8598 = CARTESIAN_POINT('',(0.3228515625,-1.69921875E-02));
#8599 = CARTESIAN_POINT('',(0.2677734375,-1.69921875E-02));
#8600 = CARTESIAN_POINT('',(0.21064453125,-7.6171875E-03));
#8601 = ( GEOMETRIC_REPRESENTATION_CONTEXT(2) 
PARAMETRIC_REPRESENTATION_CONTEXT() REPRESENTATION_CONTEXT('2D SPACE',''
  ) );
#8602 = ADVANCED_FACE('',(#8603),#1823,.F.);
#8603 = FACE_BOUND('',#8604,.F.);
#8604 = EDGE_LOOP('',(#8605,#8606,#8607,#8630));
#8605 = ORIENTED_EDGE('',*,*,#8510,.T.);
#8606 = ORIENTED_EDGE('',*,*,#1807,.T.);
#8607 = ORIENTED_EDGE('',*,*,#8608,.F.);
#8608 = EDGE_CURVE('',#8609,#1808,#8611,.T.);
#8609 = VERTEX_POINT('',#8610);
#8610 = CARTESIAN_POINT('',(-5.6373046875,-4.95419921875,2.7));
#8611 = SURFACE_CURVE('',#8612,(#8616,#8623),.PCURVE_S1.);
#8612 = LINE('',#8613,#8614);
#8613 = CARTESIAN_POINT('',(-5.6373046875,-4.95419921875,2.7));
#8614 = VECTOR('',#8615,1.);
#8615 = DIRECTION('',(0.,0.,1.));
#8616 = PCURVE('',#1823,#8617);
#8617 = DEFINITIONAL_REPRESENTATION('',(#8618),#8622);
#8618 = LINE('',#8619,#8620);
#8619 = CARTESIAN_POINT('',(1.,0.));
#8620 = VECTOR('',#8621,1.);
#8621 = DIRECTION('',(0.,-1.));
#8622 = ( GEOMETRIC_REPRESENTATION_CONTEXT(2) 
PARAMETRIC_REPRESENTATION_CONTEXT() REPRESENTATION_CONTEXT('2D SPACE',''
  ) );
#8623 = PCURVE('',#1853,#8624);
#8624 = DEFINITIONAL_REPRESENTATION('',(#8625),#8629);
#8625 = LINE('',#8626,#8627);
#8626 = CARTESIAN_POINT('',(0.,0.));
#8627 = VECTOR('',#8628,1.);
#8628 = DIRECTION('',(0.,-1.));
#8629 = ( GEOMETRIC_REPRESENTATION_CONTEXT(2) 
PARAMETRIC_REPRESENTATION_CONTEXT() REPRESENTATION_CONTEXT('2D SPACE',''
  ) );
#8630 = ORIENTED_EDGE('',*,*,#8631,.F.);
#8631 = EDGE_CURVE('',#8511,#8609,#8632,.T.);
#8632 = SURFACE_CURVE('',#8633,(#8637,#8644),.PCURVE_S1.);
#8633 = B_SPLINE_CURVE_WITH_KNOTS('',2,(#8634,#8635,#8636),
  .UNSPECIFIED.,.F.,.F.,(3,3),(0.,1.),.PIECEWISE_BEZIER_KNOTS.);
#8634 = CARTESIAN_POINT('',(-5.5494140625,-4.734765625,2.7));
#8635 = CARTESIAN_POINT('',(-5.5494140625,-4.8759765625,2.7));
#8636 = CARTESIAN_POINT('',(-5.6373046875,-4.95419921875,2.7));
#8637 = PCURVE('',#1823,#8638);
#8638 = DEFINITIONAL_REPRESENTATION('',(#8639),#8643);
#8639 = LINE('',#8640,#8641);
#8640 = CARTESIAN_POINT('',(0.,0.));
#8641 = VECTOR('',#8642,1.);
#8642 = DIRECTION('',(1.,0.));
#8643 = ( GEOMETRIC_REPRESENTATION_CONTEXT(2) 
PARAMETRIC_REPRESENTATION_CONTEXT() REPRESENTATION_CONTEXT('2D SPACE',''
  ) );
#8644 = PCURVE('',#7660,#8645);
#8645 = DEFINITIONAL_REPRESENTATION('',(#8646),#8650);
#8646 = B_SPLINE_CURVE_WITH_KNOTS('',2,(#8647,#8648,#8649),
  .UNSPECIFIED.,.F.,.F.,(3,3),(0.,1.),.PIECEWISE_BEZIER_KNOTS.);
#8647 = CARTESIAN_POINT('',(0.65859375,0.2806640625));
#8648 = CARTESIAN_POINT('',(0.65859375,0.139453125));
#8649 = CARTESIAN_POINT('',(0.570703125,6.123046875E-02));
#8650 = ( GEOMETRIC_REPRESENTATION_CONTEXT(2) 
PARAMETRIC_REPRESENTATION_CONTEXT() REPRESENTATION_CONTEXT('2D SPACE',''
  ) );
#8651 = ADVANCED_FACE('',(#8652),#1853,.F.);
#8652 = FACE_BOUND('',#8653,.F.);
#8653 = EDGE_LOOP('',(#8654,#8655,#8656,#8657));
#8654 = ORIENTED_EDGE('',*,*,#8608,.T.);
#8655 = ORIENTED_EDGE('',*,*,#1837,.T.);
#8656 = ORIENTED_EDGE('',*,*,#8557,.F.);
#8657 = ORIENTED_EDGE('',*,*,#8658,.F.);
#8658 = EDGE_CURVE('',#8609,#8558,#8659,.T.);
#8659 = SURFACE_CURVE('',#8660,(#8664,#8671),.PCURVE_S1.);
#8660 = B_SPLINE_CURVE_WITH_KNOTS('',2,(#8661,#8662,#8663),
  .UNSPECIFIED.,.F.,.F.,(3,3),(0.,1.),.PIECEWISE_BEZIER_KNOTS.);
#8661 = CARTESIAN_POINT('',(-5.6373046875,-4.95419921875,2.7));
#8662 = CARTESIAN_POINT('',(-5.7251953125,-5.032421875,2.7));
#8663 = CARTESIAN_POINT('',(-5.88515625,-5.032421875,2.7));
#8664 = PCURVE('',#1853,#8665);
#8665 = DEFINITIONAL_REPRESENTATION('',(#8666),#8670);
#8666 = LINE('',#8667,#8668);
#8667 = CARTESIAN_POINT('',(0.,0.));
#8668 = VECTOR('',#8669,1.);
#8669 = DIRECTION('',(1.,0.));
#8670 = ( GEOMETRIC_REPRESENTATION_CONTEXT(2) 
PARAMETRIC_REPRESENTATION_CONTEXT() REPRESENTATION_CONTEXT('2D SPACE',''
  ) );
#8671 = PCURVE('',#7660,#8672);
#8672 = DEFINITIONAL_REPRESENTATION('',(#8673),#8677);
#8673 = B_SPLINE_CURVE_WITH_KNOTS('',2,(#8674,#8675,#8676),
  .UNSPECIFIED.,.F.,.F.,(3,3),(0.,1.),.PIECEWISE_BEZIER_KNOTS.);
#8674 = CARTESIAN_POINT('',(0.570703125,6.123046875E-02));
#8675 = CARTESIAN_POINT('',(0.4828125,-1.69921875E-02));
#8676 = CARTESIAN_POINT('',(0.3228515625,-1.69921875E-02));
#8677 = ( GEOMETRIC_REPRESENTATION_CONTEXT(2) 
PARAMETRIC_REPRESENTATION_CONTEXT() REPRESENTATION_CONTEXT('2D SPACE',''
  ) );
#8678 = ADVANCED_FACE('',(#8679),#2183,.F.);
#8679 = FACE_BOUND('',#8680,.F.);
#8680 = EDGE_LOOP('',(#8681,#8704,#8705,#8728));
#8681 = ORIENTED_EDGE('',*,*,#8682,.T.);
#8682 = EDGE_CURVE('',#8683,#2166,#8685,.T.);
#8683 = VERTEX_POINT('',#8684);
#8684 = CARTESIAN_POINT('',(-5.192578125,-5.0154296875,2.7));
#8685 = SURFACE_CURVE('',#8686,(#8690,#8697),.PCURVE_S1.);
#8686 = LINE('',#8687,#8688);
#8687 = CARTESIAN_POINT('',(-5.192578125,-5.0154296875,2.7));
#8688 = VECTOR('',#8689,1.);
#8689 = DIRECTION('',(0.,0.,1.));
#8690 = PCURVE('',#2183,#8691);
#8691 = DEFINITIONAL_REPRESENTATION('',(#8692),#8696);
#8692 = LINE('',#8693,#8694);
#8693 = CARTESIAN_POINT('',(0.,-0.));
#8694 = VECTOR('',#8695,1.);
#8695 = DIRECTION('',(0.,-1.));
#8696 = ( GEOMETRIC_REPRESENTATION_CONTEXT(2) 
PARAMETRIC_REPRESENTATION_CONTEXT() REPRESENTATION_CONTEXT('2D SPACE',''
  ) );
#8697 = PCURVE('',#2265,#8698);
#8698 = DEFINITIONAL_REPRESENTATION('',(#8699),#8703);
#8699 = LINE('',#8700,#8701);
#8700 = CARTESIAN_POINT('',(0.148828125,0.));
#8701 = VECTOR('',#8702,1.);
#8702 = DIRECTION('',(0.,-1.));
#8703 = ( GEOMETRIC_REPRESENTATION_CONTEXT(2) 
PARAMETRIC_REPRESENTATION_CONTEXT() REPRESENTATION_CONTEXT('2D SPACE',''
  ) );
#8704 = ORIENTED_EDGE('',*,*,#2165,.T.);
#8705 = ORIENTED_EDGE('',*,*,#8706,.F.);
#8706 = EDGE_CURVE('',#8707,#2168,#8709,.T.);
#8707 = VERTEX_POINT('',#8708);
#8708 = CARTESIAN_POINT('',(-5.3162109375,-5.0154296875,2.7));
#8709 = SURFACE_CURVE('',#8710,(#8714,#8721),.PCURVE_S1.);
#8710 = LINE('',#8711,#8712);
#8711 = CARTESIAN_POINT('',(-5.3162109375,-5.0154296875,2.7));
#8712 = VECTOR('',#8713,1.);
#8713 = DIRECTION('',(0.,0.,1.));
#8714 = PCURVE('',#2183,#8715);
#8715 = DEFINITIONAL_REPRESENTATION('',(#8716),#8720);
#8716 = LINE('',#8717,#8718);
#8717 = CARTESIAN_POINT('',(0.1236328125,0.));
#8718 = VECTOR('',#8719,1.);
#8719 = DIRECTION('',(0.,-1.));
#8720 = ( GEOMETRIC_REPRESENTATION_CONTEXT(2) 
PARAMETRIC_REPRESENTATION_CONTEXT() REPRESENTATION_CONTEXT('2D SPACE',''
  ) );
#8721 = PCURVE('',#2211,#8722);
#8722 = DEFINITIONAL_REPRESENTATION('',(#8723),#8727);
#8723 = LINE('',#8724,#8725);
#8724 = CARTESIAN_POINT('',(0.,0.));
#8725 = VECTOR('',#8726,1.);
#8726 = DIRECTION('',(0.,-1.));
#8727 = ( GEOMETRIC_REPRESENTATION_CONTEXT(2) 
PARAMETRIC_REPRESENTATION_CONTEXT() REPRESENTATION_CONTEXT('2D SPACE',''
  ) );
#8728 = ORIENTED_EDGE('',*,*,#8729,.F.);
#8729 = EDGE_CURVE('',#8683,#8707,#8730,.T.);
#8730 = SURFACE_CURVE('',#8731,(#8735,#8742),.PCURVE_S1.);
#8731 = LINE('',#8732,#8733);
#8732 = CARTESIAN_POINT('',(-5.192578125,-5.0154296875,2.7));
#8733 = VECTOR('',#8734,1.);
#8734 = DIRECTION('',(-1.,0.,0.));
#8735 = PCURVE('',#2183,#8736);
#8736 = DEFINITIONAL_REPRESENTATION('',(#8737),#8741);
#8737 = LINE('',#8738,#8739);
#8738 = CARTESIAN_POINT('',(0.,-0.));
#8739 = VECTOR('',#8740,1.);
#8740 = DIRECTION('',(1.,0.));
#8741 = ( GEOMETRIC_REPRESENTATION_CONTEXT(2) 
PARAMETRIC_REPRESENTATION_CONTEXT() REPRESENTATION_CONTEXT('2D SPACE',''
  ) );
#8742 = PCURVE('',#8743,#8748);
#8743 = PLANE('',#8744);
#8744 = AXIS2_PLACEMENT_3D('',#8745,#8746,#8747);
#8745 = CARTESIAN_POINT('',(-5.44453125,-5.0154296875,2.7));
#8746 = DIRECTION('',(0.,0.,1.));
#8747 = DIRECTION('',(1.,0.,0.));
#8748 = DEFINITIONAL_REPRESENTATION('',(#8749),#8753);
#8749 = LINE('',#8750,#8751);
#8750 = CARTESIAN_POINT('',(0.251953125,0.));
#8751 = VECTOR('',#8752,1.);
#8752 = DIRECTION('',(-1.,0.));
#8753 = ( GEOMETRIC_REPRESENTATION_CONTEXT(2) 
PARAMETRIC_REPRESENTATION_CONTEXT() REPRESENTATION_CONTEXT('2D SPACE',''
  ) );
#8754 = ADVANCED_FACE('',(#8755),#2265,.F.);
#8755 = FACE_BOUND('',#8756,.F.);
#8756 = EDGE_LOOP('',(#8757,#8780,#8781,#8782));
#8757 = ORIENTED_EDGE('',*,*,#8758,.T.);
#8758 = EDGE_CURVE('',#8759,#2224,#8761,.T.);
#8759 = VERTEX_POINT('',#8760);
#8760 = CARTESIAN_POINT('',(-5.192578125,-4.8666015625,2.7));
#8761 = SURFACE_CURVE('',#8762,(#8766,#8773),.PCURVE_S1.);
#8762 = LINE('',#8763,#8764);
#8763 = CARTESIAN_POINT('',(-5.192578125,-4.8666015625,2.7));
#8764 = VECTOR('',#8765,1.);
#8765 = DIRECTION('',(0.,0.,1.));
#8766 = PCURVE('',#2265,#8767);
#8767 = DEFINITIONAL_REPRESENTATION('',(#8768),#8772);
#8768 = LINE('',#8769,#8770);
#8769 = CARTESIAN_POINT('',(0.,0.));
#8770 = VECTOR('',#8771,1.);
#8771 = DIRECTION('',(0.,-1.));
#8772 = ( GEOMETRIC_REPRESENTATION_CONTEXT(2) 
PARAMETRIC_REPRESENTATION_CONTEXT() REPRESENTATION_CONTEXT('2D SPACE',''
  ) );
#8773 = PCURVE('',#2239,#8774);
#8774 = DEFINITIONAL_REPRESENTATION('',(#8775),#8779);
#8775 = LINE('',#8776,#8777);
#8776 = CARTESIAN_POINT('',(0.1236328125,0.));
#8777 = VECTOR('',#8778,1.);
#8778 = DIRECTION('',(0.,-1.));
#8779 = ( GEOMETRIC_REPRESENTATION_CONTEXT(2) 
PARAMETRIC_REPRESENTATION_CONTEXT() REPRESENTATION_CONTEXT('2D SPACE',''
  ) );
#8780 = ORIENTED_EDGE('',*,*,#2251,.T.);
#8781 = ORIENTED_EDGE('',*,*,#8682,.F.);
#8782 = ORIENTED_EDGE('',*,*,#8783,.F.);
#8783 = EDGE_CURVE('',#8759,#8683,#8784,.T.);
#8784 = SURFACE_CURVE('',#8785,(#8789,#8796),.PCURVE_S1.);
#8785 = LINE('',#8786,#8787);
#8786 = CARTESIAN_POINT('',(-5.192578125,-4.8666015625,2.7));
#8787 = VECTOR('',#8788,1.);
#8788 = DIRECTION('',(0.,-1.,0.));
#8789 = PCURVE('',#2265,#8790);
#8790 = DEFINITIONAL_REPRESENTATION('',(#8791),#8795);
#8791 = LINE('',#8792,#8793);
#8792 = CARTESIAN_POINT('',(0.,0.));
#8793 = VECTOR('',#8794,1.);
#8794 = DIRECTION('',(1.,0.));
#8795 = ( GEOMETRIC_REPRESENTATION_CONTEXT(2) 
PARAMETRIC_REPRESENTATION_CONTEXT() REPRESENTATION_CONTEXT('2D SPACE',''
  ) );
#8796 = PCURVE('',#8743,#8797);
#8797 = DEFINITIONAL_REPRESENTATION('',(#8798),#8802);
#8798 = LINE('',#8799,#8800);
#8799 = CARTESIAN_POINT('',(0.251953125,0.148828125));
#8800 = VECTOR('',#8801,1.);
#8801 = DIRECTION('',(0.,-1.));
#8802 = ( GEOMETRIC_REPRESENTATION_CONTEXT(2) 
PARAMETRIC_REPRESENTATION_CONTEXT() REPRESENTATION_CONTEXT('2D SPACE',''
  ) );
#8803 = ADVANCED_FACE('',(#8804),#2211,.F.);
#8804 = FACE_BOUND('',#8805,.F.);
#8805 = EDGE_LOOP('',(#8806,#8807,#8808,#8831));
#8806 = ORIENTED_EDGE('',*,*,#8706,.T.);
#8807 = ORIENTED_EDGE('',*,*,#2195,.T.);
#8808 = ORIENTED_EDGE('',*,*,#8809,.F.);
#8809 = EDGE_CURVE('',#8810,#2196,#8812,.T.);
#8810 = VERTEX_POINT('',#8811);
#8811 = CARTESIAN_POINT('',(-5.3162109375,-4.8666015625,2.7));
#8812 = SURFACE_CURVE('',#8813,(#8817,#8824),.PCURVE_S1.);
#8813 = LINE('',#8814,#8815);
#8814 = CARTESIAN_POINT('',(-5.3162109375,-4.8666015625,2.7));
#8815 = VECTOR('',#8816,1.);
#8816 = DIRECTION('',(0.,0.,1.));
#8817 = PCURVE('',#2211,#8818);
#8818 = DEFINITIONAL_REPRESENTATION('',(#8819),#8823);
#8819 = LINE('',#8820,#8821);
#8820 = CARTESIAN_POINT('',(0.148828125,0.));
#8821 = VECTOR('',#8822,1.);
#8822 = DIRECTION('',(0.,-1.));
#8823 = ( GEOMETRIC_REPRESENTATION_CONTEXT(2) 
PARAMETRIC_REPRESENTATION_CONTEXT() REPRESENTATION_CONTEXT('2D SPACE',''
  ) );
#8824 = PCURVE('',#2239,#8825);
#8825 = DEFINITIONAL_REPRESENTATION('',(#8826),#8830);
#8826 = LINE('',#8827,#8828);
#8827 = CARTESIAN_POINT('',(0.,0.));
#8828 = VECTOR('',#8829,1.);
#8829 = DIRECTION('',(0.,-1.));
#8830 = ( GEOMETRIC_REPRESENTATION_CONTEXT(2) 
PARAMETRIC_REPRESENTATION_CONTEXT() REPRESENTATION_CONTEXT('2D SPACE',''
  ) );
#8831 = ORIENTED_EDGE('',*,*,#8832,.F.);
#8832 = EDGE_CURVE('',#8707,#8810,#8833,.T.);
#8833 = SURFACE_CURVE('',#8834,(#8838,#8845),.PCURVE_S1.);
#8834 = LINE('',#8835,#8836);
#8835 = CARTESIAN_POINT('',(-5.3162109375,-5.0154296875,2.7));
#8836 = VECTOR('',#8837,1.);
#8837 = DIRECTION('',(0.,1.,0.));
#8838 = PCURVE('',#2211,#8839);
#8839 = DEFINITIONAL_REPRESENTATION('',(#8840),#8844);
#8840 = LINE('',#8841,#8842);
#8841 = CARTESIAN_POINT('',(0.,0.));
#8842 = VECTOR('',#8843,1.);
#8843 = DIRECTION('',(1.,0.));
#8844 = ( GEOMETRIC_REPRESENTATION_CONTEXT(2) 
PARAMETRIC_REPRESENTATION_CONTEXT() REPRESENTATION_CONTEXT('2D SPACE',''
  ) );
#8845 = PCURVE('',#8743,#8846);
#8846 = DEFINITIONAL_REPRESENTATION('',(#8847),#8851);
#8847 = LINE('',#8848,#8849);
#8848 = CARTESIAN_POINT('',(0.1283203125,0.));
#8849 = VECTOR('',#8850,1.);
#8850 = DIRECTION('',(0.,1.));
#8851 = ( GEOMETRIC_REPRESENTATION_CONTEXT(2) 
PARAMETRIC_REPRESENTATION_CONTEXT() REPRESENTATION_CONTEXT('2D SPACE',''
  ) );
#8852 = ADVANCED_FACE('',(#8853),#2239,.F.);
#8853 = FACE_BOUND('',#8854,.F.);
#8854 = EDGE_LOOP('',(#8855,#8856,#8857,#8858));
#8855 = ORIENTED_EDGE('',*,*,#8809,.T.);
#8856 = ORIENTED_EDGE('',*,*,#2223,.T.);
#8857 = ORIENTED_EDGE('',*,*,#8758,.F.);
#8858 = ORIENTED_EDGE('',*,*,#8859,.F.);
#8859 = EDGE_CURVE('',#8810,#8759,#8860,.T.);
#8860 = SURFACE_CURVE('',#8861,(#8865,#8872),.PCURVE_S1.);
#8861 = LINE('',#8862,#8863);
#8862 = CARTESIAN_POINT('',(-5.3162109375,-4.8666015625,2.7));
#8863 = VECTOR('',#8864,1.);
#8864 = DIRECTION('',(1.,0.,0.));
#8865 = PCURVE('',#2239,#8866);
#8866 = DEFINITIONAL_REPRESENTATION('',(#8867),#8871);
#8867 = LINE('',#8868,#8869);
#8868 = CARTESIAN_POINT('',(0.,0.));
#8869 = VECTOR('',#8870,1.);
#8870 = DIRECTION('',(1.,0.));
#8871 = ( GEOMETRIC_REPRESENTATION_CONTEXT(2) 
PARAMETRIC_REPRESENTATION_CONTEXT() REPRESENTATION_CONTEXT('2D SPACE',''
  ) );
#8872 = PCURVE('',#8743,#8873);
#8873 = DEFINITIONAL_REPRESENTATION('',(#8874),#8878);
#8874 = LINE('',#8875,#8876);
#8875 = CARTESIAN_POINT('',(0.1283203125,0.148828125));
#8876 = VECTOR('',#8877,1.);
#8877 = DIRECTION('',(1.,0.));
#8878 = ( GEOMETRIC_REPRESENTATION_CONTEXT(2) 
PARAMETRIC_REPRESENTATION_CONTEXT() REPRESENTATION_CONTEXT('2D SPACE',''
  ) );
#8879 = ADVANCED_FACE('',(#8880),#2297,.F.);
#8880 = FACE_BOUND('',#8881,.F.);
#8881 = EDGE_LOOP('',(#8882,#8905,#8906,#8929));
#8882 = ORIENTED_EDGE('',*,*,#8883,.T.);
#8883 = EDGE_CURVE('',#8884,#2280,#8886,.T.);
#8884 = VERTEX_POINT('',#8885);
#8885 = CARTESIAN_POINT('',(-4.4103515625,-5.0154296875,2.7));
#8886 = SURFACE_CURVE('',#8887,(#8891,#8898),.PCURVE_S1.);
#8887 = LINE('',#8888,#8889);
#8888 = CARTESIAN_POINT('',(-4.4103515625,-5.0154296875,2.7));
#8889 = VECTOR('',#8890,1.);
#8890 = DIRECTION('',(0.,0.,1.));
#8891 = PCURVE('',#2297,#8892);
#8892 = DEFINITIONAL_REPRESENTATION('',(#8893),#8897);
#8893 = LINE('',#8894,#8895);
#8894 = CARTESIAN_POINT('',(0.,-0.));
#8895 = VECTOR('',#8896,1.);
#8896 = DIRECTION('',(0.,-1.));
#8897 = ( GEOMETRIC_REPRESENTATION_CONTEXT(2) 
PARAMETRIC_REPRESENTATION_CONTEXT() REPRESENTATION_CONTEXT('2D SPACE',''
  ) );
#8898 = PCURVE('',#2575,#8899);
#8899 = DEFINITIONAL_REPRESENTATION('',(#8900),#8904);
#8900 = LINE('',#8901,#8902);
#8901 = CARTESIAN_POINT('',(9.9609375E-02,0.));
#8902 = VECTOR('',#8903,1.);
#8903 = DIRECTION('',(0.,-1.));
#8904 = ( GEOMETRIC_REPRESENTATION_CONTEXT(2) 
PARAMETRIC_REPRESENTATION_CONTEXT() REPRESENTATION_CONTEXT('2D SPACE',''
  ) );
#8905 = ORIENTED_EDGE('',*,*,#2279,.T.);
#8906 = ORIENTED_EDGE('',*,*,#8907,.F.);
#8907 = EDGE_CURVE('',#8908,#2282,#8910,.T.);
#8908 = VERTEX_POINT('',#8909);
#8909 = CARTESIAN_POINT('',(-4.9142578125,-5.0154296875,2.7));
#8910 = SURFACE_CURVE('',#8911,(#8915,#8922),.PCURVE_S1.);
#8911 = LINE('',#8912,#8913);
#8912 = CARTESIAN_POINT('',(-4.9142578125,-5.0154296875,2.7));
#8913 = VECTOR('',#8914,1.);
#8914 = DIRECTION('',(0.,0.,1.));
#8915 = PCURVE('',#2297,#8916);
#8916 = DEFINITIONAL_REPRESENTATION('',(#8917),#8921);
#8917 = LINE('',#8918,#8919);
#8918 = CARTESIAN_POINT('',(0.50390625,0.));
#8919 = VECTOR('',#8920,1.);
#8920 = DIRECTION('',(0.,-1.));
#8921 = ( GEOMETRIC_REPRESENTATION_CONTEXT(2) 
PARAMETRIC_REPRESENTATION_CONTEXT() REPRESENTATION_CONTEXT('2D SPACE',''
  ) );
#8922 = PCURVE('',#2325,#8923);
#8923 = DEFINITIONAL_REPRESENTATION('',(#8924),#8928);
#8924 = LINE('',#8925,#8926);
#8925 = CARTESIAN_POINT('',(0.,0.));
#8926 = VECTOR('',#8927,1.);
#8927 = DIRECTION('',(0.,-1.));
#8928 = ( GEOMETRIC_REPRESENTATION_CONTEXT(2) 
PARAMETRIC_REPRESENTATION_CONTEXT() REPRESENTATION_CONTEXT('2D SPACE',''
  ) );
#8929 = ORIENTED_EDGE('',*,*,#8930,.F.);
#8930 = EDGE_CURVE('',#8884,#8908,#8931,.T.);
#8931 = SURFACE_CURVE('',#8932,(#8936,#8943),.PCURVE_S1.);
#8932 = LINE('',#8933,#8934);
#8933 = CARTESIAN_POINT('',(-4.4103515625,-5.0154296875,2.7));
#8934 = VECTOR('',#8935,1.);
#8935 = DIRECTION('',(-1.,0.,0.));
#8936 = PCURVE('',#2297,#8937);
#8937 = DEFINITIONAL_REPRESENTATION('',(#8938),#8942);
#8938 = LINE('',#8939,#8940);
#8939 = CARTESIAN_POINT('',(8.881784197001E-16,0.));
#8940 = VECTOR('',#8941,1.);
#8941 = DIRECTION('',(1.,0.));
#8942 = ( GEOMETRIC_REPRESENTATION_CONTEXT(2) 
PARAMETRIC_REPRESENTATION_CONTEXT() REPRESENTATION_CONTEXT('2D SPACE',''
  ) );
#8943 = PCURVE('',#8944,#8949);
#8944 = PLANE('',#8945);
#8945 = AXIS2_PLACEMENT_3D('',#8946,#8947,#8948);
#8946 = CARTESIAN_POINT('',(-5.0630859375,-5.0154296875,2.7));
#8947 = DIRECTION('',(0.,0.,1.));
#8948 = DIRECTION('',(1.,0.,0.));
#8949 = DEFINITIONAL_REPRESENTATION('',(#8950),#8954);
#8950 = LINE('',#8951,#8952);
#8951 = CARTESIAN_POINT('',(0.652734375,0.));
#8952 = VECTOR('',#8953,1.);
#8953 = DIRECTION('',(-1.,0.));
#8954 = ( GEOMETRIC_REPRESENTATION_CONTEXT(2) 
PARAMETRIC_REPRESENTATION_CONTEXT() REPRESENTATION_CONTEXT('2D SPACE',''
  ) );
#8955 = ADVANCED_FACE('',(#8956),#2575,.F.);
#8956 = FACE_BOUND('',#8957,.F.);
#8957 = EDGE_LOOP('',(#8958,#8981,#8982,#8983));
#8958 = ORIENTED_EDGE('',*,*,#8959,.T.);
#8959 = EDGE_CURVE('',#8960,#2534,#8962,.T.);
#8960 = VERTEX_POINT('',#8961);
#8961 = CARTESIAN_POINT('',(-4.4103515625,-4.9158203125,2.7));
#8962 = SURFACE_CURVE('',#8963,(#8967,#8974),.PCURVE_S1.);
#8963 = LINE('',#8964,#8965);
#8964 = CARTESIAN_POINT('',(-4.4103515625,-4.9158203125,2.7));
#8965 = VECTOR('',#8966,1.);
#8966 = DIRECTION('',(0.,0.,1.));
#8967 = PCURVE('',#2575,#8968);
#8968 = DEFINITIONAL_REPRESENTATION('',(#8969),#8973);
#8969 = LINE('',#8970,#8971);
#8970 = CARTESIAN_POINT('',(0.,0.));
#8971 = VECTOR('',#8972,1.);
#8972 = DIRECTION('',(0.,-1.));
#8973 = ( GEOMETRIC_REPRESENTATION_CONTEXT(2) 
PARAMETRIC_REPRESENTATION_CONTEXT() REPRESENTATION_CONTEXT('2D SPACE',''
  ) );
#8974 = PCURVE('',#2549,#8975);
#8975 = DEFINITIONAL_REPRESENTATION('',(#8976),#8980);
#8976 = LINE('',#8977,#8978);
#8977 = CARTESIAN_POINT('',(0.193359375,0.));
#8978 = VECTOR('',#8979,1.);
#8979 = DIRECTION('',(0.,-1.));
#8980 = ( GEOMETRIC_REPRESENTATION_CONTEXT(2) 
PARAMETRIC_REPRESENTATION_CONTEXT() REPRESENTATION_CONTEXT('2D SPACE',''
  ) );
#8981 = ORIENTED_EDGE('',*,*,#2561,.T.);
#8982 = ORIENTED_EDGE('',*,*,#8883,.F.);
#8983 = ORIENTED_EDGE('',*,*,#8984,.F.);
#8984 = EDGE_CURVE('',#8960,#8884,#8985,.T.);
#8985 = SURFACE_CURVE('',#8986,(#8990,#8997),.PCURVE_S1.);
#8986 = LINE('',#8987,#8988);
#8987 = CARTESIAN_POINT('',(-4.4103515625,-4.9158203125,2.7));
#8988 = VECTOR('',#8989,1.);
#8989 = DIRECTION('',(0.,-1.,0.));
#8990 = PCURVE('',#2575,#8991);
#8991 = DEFINITIONAL_REPRESENTATION('',(#8992),#8996);
#8992 = LINE('',#8993,#8994);
#8993 = CARTESIAN_POINT('',(0.,0.));
#8994 = VECTOR('',#8995,1.);
#8995 = DIRECTION('',(1.,0.));
#8996 = ( GEOMETRIC_REPRESENTATION_CONTEXT(2) 
PARAMETRIC_REPRESENTATION_CONTEXT() REPRESENTATION_CONTEXT('2D SPACE',''
  ) );
#8997 = PCURVE('',#8944,#8998);
#8998 = DEFINITIONAL_REPRESENTATION('',(#8999),#9003);
#8999 = LINE('',#9000,#9001);
#9000 = CARTESIAN_POINT('',(0.652734375,9.9609375E-02));
#9001 = VECTOR('',#9002,1.);
#9002 = DIRECTION('',(0.,-1.));
#9003 = ( GEOMETRIC_REPRESENTATION_CONTEXT(2) 
PARAMETRIC_REPRESENTATION_CONTEXT() REPRESENTATION_CONTEXT('2D SPACE',''
  ) );
#9004 = ADVANCED_FACE('',(#9005),#2325,.F.);
#9005 = FACE_BOUND('',#9006,.F.);
#9006 = EDGE_LOOP('',(#9007,#9008,#9009,#9032));
#9007 = ORIENTED_EDGE('',*,*,#8907,.T.);
#9008 = ORIENTED_EDGE('',*,*,#2309,.T.);
#9009 = ORIENTED_EDGE('',*,*,#9010,.F.);
#9010 = EDGE_CURVE('',#9011,#2310,#9013,.T.);
#9011 = VERTEX_POINT('',#9012);
#9012 = CARTESIAN_POINT('',(-4.9142578125,-4.9158203125,2.7));
#9013 = SURFACE_CURVE('',#9014,(#9018,#9025),.PCURVE_S1.);
#9014 = LINE('',#9015,#9016);
#9015 = CARTESIAN_POINT('',(-4.9142578125,-4.9158203125,2.7));
#9016 = VECTOR('',#9017,1.);
#9017 = DIRECTION('',(0.,0.,1.));
#9018 = PCURVE('',#2325,#9019);
#9019 = DEFINITIONAL_REPRESENTATION('',(#9020),#9024);
#9020 = LINE('',#9021,#9022);
#9021 = CARTESIAN_POINT('',(9.9609375E-02,0.));
#9022 = VECTOR('',#9023,1.);
#9023 = DIRECTION('',(0.,-1.));
#9024 = ( GEOMETRIC_REPRESENTATION_CONTEXT(2) 
PARAMETRIC_REPRESENTATION_CONTEXT() REPRESENTATION_CONTEXT('2D SPACE',''
  ) );
#9025 = PCURVE('',#2353,#9026);
#9026 = DEFINITIONAL_REPRESENTATION('',(#9027),#9031);
#9027 = LINE('',#9028,#9029);
#9028 = CARTESIAN_POINT('',(0.,0.));
#9029 = VECTOR('',#9030,1.);
#9030 = DIRECTION('',(0.,-1.));
#9031 = ( GEOMETRIC_REPRESENTATION_CONTEXT(2) 
PARAMETRIC_REPRESENTATION_CONTEXT() REPRESENTATION_CONTEXT('2D SPACE',''
  ) );
#9032 = ORIENTED_EDGE('',*,*,#9033,.F.);
#9033 = EDGE_CURVE('',#8908,#9011,#9034,.T.);
#9034 = SURFACE_CURVE('',#9035,(#9039,#9046),.PCURVE_S1.);
#9035 = LINE('',#9036,#9037);
#9036 = CARTESIAN_POINT('',(-4.9142578125,-5.0154296875,2.7));
#9037 = VECTOR('',#9038,1.);
#9038 = DIRECTION('',(0.,1.,0.));
#9039 = PCURVE('',#2325,#9040);
#9040 = DEFINITIONAL_REPRESENTATION('',(#9041),#9045);
#9041 = LINE('',#9042,#9043);
#9042 = CARTESIAN_POINT('',(0.,0.));
#9043 = VECTOR('',#9044,1.);
#9044 = DIRECTION('',(1.,0.));
#9045 = ( GEOMETRIC_REPRESENTATION_CONTEXT(2) 
PARAMETRIC_REPRESENTATION_CONTEXT() REPRESENTATION_CONTEXT('2D SPACE',''
  ) );
#9046 = PCURVE('',#8944,#9047);
#9047 = DEFINITIONAL_REPRESENTATION('',(#9048),#9052);
#9048 = LINE('',#9049,#9050);
#9049 = CARTESIAN_POINT('',(0.148828125,0.));
#9050 = VECTOR('',#9051,1.);
#9051 = DIRECTION('',(0.,1.));
#9052 = ( GEOMETRIC_REPRESENTATION_CONTEXT(2) 
PARAMETRIC_REPRESENTATION_CONTEXT() REPRESENTATION_CONTEXT('2D SPACE',''
  ) );
#9053 = ADVANCED_FACE('',(#9054),#2549,.F.);
#9054 = FACE_BOUND('',#9055,.F.);
#9055 = EDGE_LOOP('',(#9056,#9079,#9080,#9081));
#9056 = ORIENTED_EDGE('',*,*,#9057,.T.);
#9057 = EDGE_CURVE('',#9058,#2506,#9060,.T.);
#9058 = VERTEX_POINT('',#9059);
#9059 = CARTESIAN_POINT('',(-4.6037109375,-4.9158203125,2.7));
#9060 = SURFACE_CURVE('',#9061,(#9065,#9072),.PCURVE_S1.);
#9061 = LINE('',#9062,#9063);
#9062 = CARTESIAN_POINT('',(-4.6037109375,-4.9158203125,2.7));
#9063 = VECTOR('',#9064,1.);
#9064 = DIRECTION('',(0.,0.,1.));
#9065 = PCURVE('',#2549,#9066);
#9066 = DEFINITIONAL_REPRESENTATION('',(#9067),#9071);
#9067 = LINE('',#9068,#9069);
#9068 = CARTESIAN_POINT('',(0.,0.));
#9069 = VECTOR('',#9070,1.);
#9070 = DIRECTION('',(0.,-1.));
#9071 = ( GEOMETRIC_REPRESENTATION_CONTEXT(2) 
PARAMETRIC_REPRESENTATION_CONTEXT() REPRESENTATION_CONTEXT('2D SPACE',''
  ) );
#9072 = PCURVE('',#2521,#9073);
#9073 = DEFINITIONAL_REPRESENTATION('',(#9074),#9078);
#9074 = LINE('',#9075,#9076);
#9075 = CARTESIAN_POINT('',(0.7751953125,0.));
#9076 = VECTOR('',#9077,1.);
#9077 = DIRECTION('',(0.,-1.));
#9078 = ( GEOMETRIC_REPRESENTATION_CONTEXT(2) 
PARAMETRIC_REPRESENTATION_CONTEXT() REPRESENTATION_CONTEXT('2D SPACE',''
  ) );
#9079 = ORIENTED_EDGE('',*,*,#2533,.T.);
#9080 = ORIENTED_EDGE('',*,*,#8959,.F.);
#9081 = ORIENTED_EDGE('',*,*,#9082,.F.);
#9082 = EDGE_CURVE('',#9058,#8960,#9083,.T.);
#9083 = SURFACE_CURVE('',#9084,(#9088,#9095),.PCURVE_S1.);
#9084 = LINE('',#9085,#9086);
#9085 = CARTESIAN_POINT('',(-4.6037109375,-4.9158203125,2.7));
#9086 = VECTOR('',#9087,1.);
#9087 = DIRECTION('',(1.,0.,0.));
#9088 = PCURVE('',#2549,#9089);
#9089 = DEFINITIONAL_REPRESENTATION('',(#9090),#9094);
#9090 = LINE('',#9091,#9092);
#9091 = CARTESIAN_POINT('',(-8.881784197001E-16,0.));
#9092 = VECTOR('',#9093,1.);
#9093 = DIRECTION('',(1.,0.));
#9094 = ( GEOMETRIC_REPRESENTATION_CONTEXT(2) 
PARAMETRIC_REPRESENTATION_CONTEXT() REPRESENTATION_CONTEXT('2D SPACE',''
  ) );
#9095 = PCURVE('',#8944,#9096);
#9096 = DEFINITIONAL_REPRESENTATION('',(#9097),#9101);
#9097 = LINE('',#9098,#9099);
#9098 = CARTESIAN_POINT('',(0.459375,9.9609375E-02));
#9099 = VECTOR('',#9100,1.);
#9100 = DIRECTION('',(1.,0.));
#9101 = ( GEOMETRIC_REPRESENTATION_CONTEXT(2) 
PARAMETRIC_REPRESENTATION_CONTEXT() REPRESENTATION_CONTEXT('2D SPACE',''
  ) );
#9102 = ADVANCED_FACE('',(#9103),#2353,.F.);
#9103 = FACE_BOUND('',#9104,.F.);
#9104 = EDGE_LOOP('',(#9105,#9106,#9107,#9130));
#9105 = ORIENTED_EDGE('',*,*,#9010,.T.);
#9106 = ORIENTED_EDGE('',*,*,#2337,.T.);
#9107 = ORIENTED_EDGE('',*,*,#9108,.F.);
#9108 = EDGE_CURVE('',#9109,#2338,#9111,.T.);
#9109 = VERTEX_POINT('',#9110);
#9110 = CARTESIAN_POINT('',(-4.7208984375,-4.9158203125,2.7));
#9111 = SURFACE_CURVE('',#9112,(#9116,#9123),.PCURVE_S1.);
#9112 = LINE('',#9113,#9114);
#9113 = CARTESIAN_POINT('',(-4.7208984375,-4.9158203125,2.7));
#9114 = VECTOR('',#9115,1.);
#9115 = DIRECTION('',(0.,0.,1.));
#9116 = PCURVE('',#2353,#9117);
#9117 = DEFINITIONAL_REPRESENTATION('',(#9118),#9122);
#9118 = LINE('',#9119,#9120);
#9119 = CARTESIAN_POINT('',(0.193359375,0.));
#9120 = VECTOR('',#9121,1.);
#9121 = DIRECTION('',(0.,-1.));
#9122 = ( GEOMETRIC_REPRESENTATION_CONTEXT(2) 
PARAMETRIC_REPRESENTATION_CONTEXT() REPRESENTATION_CONTEXT('2D SPACE',''
  ) );
#9123 = PCURVE('',#2381,#9124);
#9124 = DEFINITIONAL_REPRESENTATION('',(#9125),#9129);
#9125 = LINE('',#9126,#9127);
#9126 = CARTESIAN_POINT('',(0.,0.));
#9127 = VECTOR('',#9128,1.);
#9128 = DIRECTION('',(0.,-1.));
#9129 = ( GEOMETRIC_REPRESENTATION_CONTEXT(2) 
PARAMETRIC_REPRESENTATION_CONTEXT() REPRESENTATION_CONTEXT('2D SPACE',''
  ) );
#9130 = ORIENTED_EDGE('',*,*,#9131,.F.);
#9131 = EDGE_CURVE('',#9011,#9109,#9132,.T.);
#9132 = SURFACE_CURVE('',#9133,(#9137,#9144),.PCURVE_S1.);
#9133 = LINE('',#9134,#9135);
#9134 = CARTESIAN_POINT('',(-4.9142578125,-4.9158203125,2.7));
#9135 = VECTOR('',#9136,1.);
#9136 = DIRECTION('',(1.,0.,0.));
#9137 = PCURVE('',#2353,#9138);
#9138 = DEFINITIONAL_REPRESENTATION('',(#9139),#9143);
#9139 = LINE('',#9140,#9141);
#9140 = CARTESIAN_POINT('',(-8.881784197001E-16,0.));
#9141 = VECTOR('',#9142,1.);
#9142 = DIRECTION('',(1.,0.));
#9143 = ( GEOMETRIC_REPRESENTATION_CONTEXT(2) 
PARAMETRIC_REPRESENTATION_CONTEXT() REPRESENTATION_CONTEXT('2D SPACE',''
  ) );
#9144 = PCURVE('',#8944,#9145);
#9145 = DEFINITIONAL_REPRESENTATION('',(#9146),#9150);
#9146 = LINE('',#9147,#9148);
#9147 = CARTESIAN_POINT('',(0.148828125,9.9609375E-02));
#9148 = VECTOR('',#9149,1.);
#9149 = DIRECTION('',(1.,0.));
#9150 = ( GEOMETRIC_REPRESENTATION_CONTEXT(2) 
PARAMETRIC_REPRESENTATION_CONTEXT() REPRESENTATION_CONTEXT('2D SPACE',''
  ) );
#9151 = ADVANCED_FACE('',(#9152),#2521,.F.);
#9152 = FACE_BOUND('',#9153,.F.);
#9153 = EDGE_LOOP('',(#9154,#9177,#9178,#9179));
#9154 = ORIENTED_EDGE('',*,*,#9155,.T.);
#9155 = EDGE_CURVE('',#9156,#2478,#9158,.T.);
#9156 = VERTEX_POINT('',#9157);
#9157 = CARTESIAN_POINT('',(-4.6037109375,-4.140625,2.7));
#9158 = SURFACE_CURVE('',#9159,(#9163,#9170),.PCURVE_S1.);
#9159 = LINE('',#9160,#9161);
#9160 = CARTESIAN_POINT('',(-4.6037109375,-4.140625,2.7));
#9161 = VECTOR('',#9162,1.);
#9162 = DIRECTION('',(0.,0.,1.));
#9163 = PCURVE('',#2521,#9164);
#9164 = DEFINITIONAL_REPRESENTATION('',(#9165),#9169);
#9165 = LINE('',#9166,#9167);
#9166 = CARTESIAN_POINT('',(0.,0.));
#9167 = VECTOR('',#9168,1.);
#9168 = DIRECTION('',(0.,-1.));
#9169 = ( GEOMETRIC_REPRESENTATION_CONTEXT(2) 
PARAMETRIC_REPRESENTATION_CONTEXT() REPRESENTATION_CONTEXT('2D SPACE',''
  ) );
#9170 = PCURVE('',#2493,#9171);
#9171 = DEFINITIONAL_REPRESENTATION('',(#9172),#9176);
#9172 = LINE('',#9173,#9174);
#9173 = CARTESIAN_POINT('',(0.118359375,0.));
#9174 = VECTOR('',#9175,1.);
#9175 = DIRECTION('',(0.,-1.));
#9176 = ( GEOMETRIC_REPRESENTATION_CONTEXT(2) 
PARAMETRIC_REPRESENTATION_CONTEXT() REPRESENTATION_CONTEXT('2D SPACE',''
  ) );
#9177 = ORIENTED_EDGE('',*,*,#2505,.T.);
#9178 = ORIENTED_EDGE('',*,*,#9057,.F.);
#9179 = ORIENTED_EDGE('',*,*,#9180,.F.);
#9180 = EDGE_CURVE('',#9156,#9058,#9181,.T.);
#9181 = SURFACE_CURVE('',#9182,(#9186,#9193),.PCURVE_S1.);
#9182 = LINE('',#9183,#9184);
#9183 = CARTESIAN_POINT('',(-4.6037109375,-4.140625,2.7));
#9184 = VECTOR('',#9185,1.);
#9185 = DIRECTION('',(0.,-1.,0.));
#9186 = PCURVE('',#2521,#9187);
#9187 = DEFINITIONAL_REPRESENTATION('',(#9188),#9192);
#9188 = LINE('',#9189,#9190);
#9189 = CARTESIAN_POINT('',(-8.881784197001E-16,0.));
#9190 = VECTOR('',#9191,1.);
#9191 = DIRECTION('',(1.,0.));
#9192 = ( GEOMETRIC_REPRESENTATION_CONTEXT(2) 
PARAMETRIC_REPRESENTATION_CONTEXT() REPRESENTATION_CONTEXT('2D SPACE',''
  ) );
#9193 = PCURVE('',#8944,#9194);
#9194 = DEFINITIONAL_REPRESENTATION('',(#9195),#9199);
#9195 = LINE('',#9196,#9197);
#9196 = CARTESIAN_POINT('',(0.459375,0.8748046875));
#9197 = VECTOR('',#9198,1.);
#9198 = DIRECTION('',(0.,-1.));
#9199 = ( GEOMETRIC_REPRESENTATION_CONTEXT(2) 
PARAMETRIC_REPRESENTATION_CONTEXT() REPRESENTATION_CONTEXT('2D SPACE',''
  ) );
#9200 = ADVANCED_FACE('',(#9201),#2381,.F.);
#9201 = FACE_BOUND('',#9202,.F.);
#9202 = EDGE_LOOP('',(#9203,#9204,#9205,#9228));
#9203 = ORIENTED_EDGE('',*,*,#9108,.T.);
#9204 = ORIENTED_EDGE('',*,*,#2365,.T.);
#9205 = ORIENTED_EDGE('',*,*,#9206,.F.);
#9206 = EDGE_CURVE('',#9207,#2366,#9209,.T.);
#9207 = VERTEX_POINT('',#9208);
#9208 = CARTESIAN_POINT('',(-4.7208984375,-4.2484375,2.7));
#9209 = SURFACE_CURVE('',#9210,(#9214,#9221),.PCURVE_S1.);
#9210 = LINE('',#9211,#9212);
#9211 = CARTESIAN_POINT('',(-4.7208984375,-4.2484375,2.7));
#9212 = VECTOR('',#9213,1.);
#9213 = DIRECTION('',(0.,0.,1.));
#9214 = PCURVE('',#2381,#9215);
#9215 = DEFINITIONAL_REPRESENTATION('',(#9216),#9220);
#9216 = LINE('',#9217,#9218);
#9217 = CARTESIAN_POINT('',(0.6673828125,0.));
#9218 = VECTOR('',#9219,1.);
#9219 = DIRECTION('',(0.,-1.));
#9220 = ( GEOMETRIC_REPRESENTATION_CONTEXT(2) 
PARAMETRIC_REPRESENTATION_CONTEXT() REPRESENTATION_CONTEXT('2D SPACE',''
  ) );
#9221 = PCURVE('',#2409,#9222);
#9222 = DEFINITIONAL_REPRESENTATION('',(#9223),#9227);
#9223 = LINE('',#9224,#9225);
#9224 = CARTESIAN_POINT('',(0.,0.));
#9225 = VECTOR('',#9226,1.);
#9226 = DIRECTION('',(0.,-1.));
#9227 = ( GEOMETRIC_REPRESENTATION_CONTEXT(2) 
PARAMETRIC_REPRESENTATION_CONTEXT() REPRESENTATION_CONTEXT('2D SPACE',''
  ) );
#9228 = ORIENTED_EDGE('',*,*,#9229,.F.);
#9229 = EDGE_CURVE('',#9109,#9207,#9230,.T.);
#9230 = SURFACE_CURVE('',#9231,(#9235,#9242),.PCURVE_S1.);
#9231 = LINE('',#9232,#9233);
#9232 = CARTESIAN_POINT('',(-4.7208984375,-4.9158203125,2.7));
#9233 = VECTOR('',#9234,1.);
#9234 = DIRECTION('',(0.,1.,0.));
#9235 = PCURVE('',#2381,#9236);
#9236 = DEFINITIONAL_REPRESENTATION('',(#9237),#9241);
#9237 = LINE('',#9238,#9239);
#9238 = CARTESIAN_POINT('',(0.,0.));
#9239 = VECTOR('',#9240,1.);
#9240 = DIRECTION('',(1.,0.));
#9241 = ( GEOMETRIC_REPRESENTATION_CONTEXT(2) 
PARAMETRIC_REPRESENTATION_CONTEXT() REPRESENTATION_CONTEXT('2D SPACE',''
  ) );
#9242 = PCURVE('',#8944,#9243);
#9243 = DEFINITIONAL_REPRESENTATION('',(#9244),#9248);
#9244 = LINE('',#9245,#9246);
#9245 = CARTESIAN_POINT('',(0.3421875,9.9609375E-02));
#9246 = VECTOR('',#9247,1.);
#9247 = DIRECTION('',(0.,1.));
#9248 = ( GEOMETRIC_REPRESENTATION_CONTEXT(2) 
PARAMETRIC_REPRESENTATION_CONTEXT() REPRESENTATION_CONTEXT('2D SPACE',''
  ) );
#9249 = ADVANCED_FACE('',(#9250),#2493,.F.);
#9250 = FACE_BOUND('',#9251,.F.);
#9251 = EDGE_LOOP('',(#9252,#9275,#9276,#9277));
#9252 = ORIENTED_EDGE('',*,*,#9253,.T.);
#9253 = EDGE_CURVE('',#9254,#2450,#9256,.T.);
#9254 = VERTEX_POINT('',#9255);
#9255 = CARTESIAN_POINT('',(-4.7220703125,-4.140625,2.7));
#9256 = SURFACE_CURVE('',#9257,(#9261,#9268),.PCURVE_S1.);
#9257 = LINE('',#9258,#9259);
#9258 = CARTESIAN_POINT('',(-4.7220703125,-4.140625,2.7));
#9259 = VECTOR('',#9260,1.);
#9260 = DIRECTION('',(0.,0.,1.));
#9261 = PCURVE('',#2493,#9262);
#9262 = DEFINITIONAL_REPRESENTATION('',(#9263),#9267);
#9263 = LINE('',#9264,#9265);
#9264 = CARTESIAN_POINT('',(0.,0.));
#9265 = VECTOR('',#9266,1.);
#9266 = DIRECTION('',(0.,-1.));
#9267 = ( GEOMETRIC_REPRESENTATION_CONTEXT(2) 
PARAMETRIC_REPRESENTATION_CONTEXT() REPRESENTATION_CONTEXT('2D SPACE',''
  ) );
#9268 = PCURVE('',#2465,#9269);
#9269 = DEFINITIONAL_REPRESENTATION('',(#9270),#9274);
#9270 = LINE('',#9271,#9272);
#9271 = CARTESIAN_POINT('',(0.213391487222,0.));
#9272 = VECTOR('',#9273,1.);
#9273 = DIRECTION('',(0.,-1.));
#9274 = ( GEOMETRIC_REPRESENTATION_CONTEXT(2) 
PARAMETRIC_REPRESENTATION_CONTEXT() REPRESENTATION_CONTEXT('2D SPACE',''
  ) );
#9275 = ORIENTED_EDGE('',*,*,#2477,.T.);
#9276 = ORIENTED_EDGE('',*,*,#9155,.F.);
#9277 = ORIENTED_EDGE('',*,*,#9278,.F.);
#9278 = EDGE_CURVE('',#9254,#9156,#9279,.T.);
#9279 = SURFACE_CURVE('',#9280,(#9284,#9291),.PCURVE_S1.);
#9280 = LINE('',#9281,#9282);
#9281 = CARTESIAN_POINT('',(-4.7220703125,-4.140625,2.7));
#9282 = VECTOR('',#9283,1.);
#9283 = DIRECTION('',(1.,0.,0.));
#9284 = PCURVE('',#2493,#9285);
#9285 = DEFINITIONAL_REPRESENTATION('',(#9286),#9290);
#9286 = LINE('',#9287,#9288);
#9287 = CARTESIAN_POINT('',(-8.881784197001E-16,0.));
#9288 = VECTOR('',#9289,1.);
#9289 = DIRECTION('',(1.,0.));
#9290 = ( GEOMETRIC_REPRESENTATION_CONTEXT(2) 
PARAMETRIC_REPRESENTATION_CONTEXT() REPRESENTATION_CONTEXT('2D SPACE',''
  ) );
#9291 = PCURVE('',#8944,#9292);
#9292 = DEFINITIONAL_REPRESENTATION('',(#9293),#9297);
#9293 = LINE('',#9294,#9295);
#9294 = CARTESIAN_POINT('',(0.341015625,0.8748046875));
#9295 = VECTOR('',#9296,1.);
#9296 = DIRECTION('',(1.,0.));
#9297 = ( GEOMETRIC_REPRESENTATION_CONTEXT(2) 
PARAMETRIC_REPRESENTATION_CONTEXT() REPRESENTATION_CONTEXT('2D SPACE',''
  ) );
#9298 = ADVANCED_FACE('',(#9299),#2409,.F.);
#9299 = FACE_BOUND('',#9300,.F.);
#9300 = EDGE_LOOP('',(#9301,#9302,#9303,#9326));
#9301 = ORIENTED_EDGE('',*,*,#9206,.T.);
#9302 = ORIENTED_EDGE('',*,*,#2393,.T.);
#9303 = ORIENTED_EDGE('',*,*,#9304,.F.);
#9304 = EDGE_CURVE('',#9305,#2394,#9307,.T.);
#9305 = VERTEX_POINT('',#9306);
#9306 = CARTESIAN_POINT('',(-4.93125,-4.290625,2.7));
#9307 = SURFACE_CURVE('',#9308,(#9312,#9319),.PCURVE_S1.);
#9308 = LINE('',#9309,#9310);
#9309 = CARTESIAN_POINT('',(-4.93125,-4.290625,2.7));
#9310 = VECTOR('',#9311,1.);
#9311 = DIRECTION('',(0.,0.,1.));
#9312 = PCURVE('',#2409,#9313);
#9313 = DEFINITIONAL_REPRESENTATION('',(#9314),#9318);
#9314 = LINE('',#9315,#9316);
#9315 = CARTESIAN_POINT('',(0.214540357514,-0.));
#9316 = VECTOR('',#9317,1.);
#9317 = DIRECTION('',(0.,-1.));
#9318 = ( GEOMETRIC_REPRESENTATION_CONTEXT(2) 
PARAMETRIC_REPRESENTATION_CONTEXT() REPRESENTATION_CONTEXT('2D SPACE',''
  ) );
#9319 = PCURVE('',#2437,#9320);
#9320 = DEFINITIONAL_REPRESENTATION('',(#9321),#9325);
#9321 = LINE('',#9322,#9323);
#9322 = CARTESIAN_POINT('',(0.,0.));
#9323 = VECTOR('',#9324,1.);
#9324 = DIRECTION('',(0.,-1.));
#9325 = ( GEOMETRIC_REPRESENTATION_CONTEXT(2) 
PARAMETRIC_REPRESENTATION_CONTEXT() REPRESENTATION_CONTEXT('2D SPACE',''
  ) );
#9326 = ORIENTED_EDGE('',*,*,#9327,.F.);
#9327 = EDGE_CURVE('',#9207,#9305,#9328,.T.);
#9328 = SURFACE_CURVE('',#9329,(#9333,#9340),.PCURVE_S1.);
#9329 = LINE('',#9330,#9331);
#9330 = CARTESIAN_POINT('',(-4.7208984375,-4.2484375,2.7));
#9331 = VECTOR('',#9332,1.);
#9332 = DIRECTION('',(-0.98047549159,-0.196641324219,0.));
#9333 = PCURVE('',#2409,#9334);
#9334 = DEFINITIONAL_REPRESENTATION('',(#9335),#9339);
#9335 = LINE('',#9336,#9337);
#9336 = CARTESIAN_POINT('',(8.708371726755E-16,0.));
#9337 = VECTOR('',#9338,1.);
#9338 = DIRECTION('',(1.,-0.));
#9339 = ( GEOMETRIC_REPRESENTATION_CONTEXT(2) 
PARAMETRIC_REPRESENTATION_CONTEXT() REPRESENTATION_CONTEXT('2D SPACE',''
  ) );
#9340 = PCURVE('',#8944,#9341);
#9341 = DEFINITIONAL_REPRESENTATION('',(#9342),#9346);
#9342 = LINE('',#9343,#9344);
#9343 = CARTESIAN_POINT('',(0.3421875,0.7669921875));
#9344 = VECTOR('',#9345,1.);
#9345 = DIRECTION('',(-0.98047549159,-0.196641324219));
#9346 = ( GEOMETRIC_REPRESENTATION_CONTEXT(2) 
PARAMETRIC_REPRESENTATION_CONTEXT() REPRESENTATION_CONTEXT('2D SPACE',''
  ) );
#9347 = ADVANCED_FACE('',(#9348),#2465,.F.);
#9348 = FACE_BOUND('',#9349,.F.);
#9349 = EDGE_LOOP('',(#9350,#9373,#9374,#9375));
#9350 = ORIENTED_EDGE('',*,*,#9351,.T.);
#9351 = EDGE_CURVE('',#9352,#2422,#9354,.T.);
#9352 = VERTEX_POINT('',#9353);
#9353 = CARTESIAN_POINT('',(-4.93125,-4.1828125,2.7));
#9354 = SURFACE_CURVE('',#9355,(#9359,#9366),.PCURVE_S1.);
#9355 = LINE('',#9356,#9357);
#9356 = CARTESIAN_POINT('',(-4.93125,-4.1828125,2.7));
#9357 = VECTOR('',#9358,1.);
#9358 = DIRECTION('',(0.,0.,1.));
#9359 = PCURVE('',#2465,#9360);
#9360 = DEFINITIONAL_REPRESENTATION('',(#9361),#9365);
#9361 = LINE('',#9362,#9363);
#9362 = CARTESIAN_POINT('',(0.,0.));
#9363 = VECTOR('',#9364,1.);
#9364 = DIRECTION('',(0.,-1.));
#9365 = ( GEOMETRIC_REPRESENTATION_CONTEXT(2) 
PARAMETRIC_REPRESENTATION_CONTEXT() REPRESENTATION_CONTEXT('2D SPACE',''
  ) );
#9366 = PCURVE('',#2437,#9367);
#9367 = DEFINITIONAL_REPRESENTATION('',(#9368),#9372);
#9368 = LINE('',#9369,#9370);
#9369 = CARTESIAN_POINT('',(0.1078125,0.));
#9370 = VECTOR('',#9371,1.);
#9371 = DIRECTION('',(0.,-1.));
#9372 = ( GEOMETRIC_REPRESENTATION_CONTEXT(2) 
PARAMETRIC_REPRESENTATION_CONTEXT() REPRESENTATION_CONTEXT('2D SPACE',''
  ) );
#9373 = ORIENTED_EDGE('',*,*,#2449,.T.);
#9374 = ORIENTED_EDGE('',*,*,#9253,.F.);
#9375 = ORIENTED_EDGE('',*,*,#9376,.F.);
#9376 = EDGE_CURVE('',#9352,#9254,#9377,.T.);
#9377 = SURFACE_CURVE('',#9378,(#9382,#9389),.PCURVE_S1.);
#9378 = LINE('',#9379,#9380);
#9379 = CARTESIAN_POINT('',(-4.93125,-4.1828125,2.7));
#9380 = VECTOR('',#9381,1.);
#9381 = DIRECTION('',(0.980262569154,0.197700013947,0.));
#9382 = PCURVE('',#2465,#9383);
#9383 = DEFINITIONAL_REPRESENTATION('',(#9384),#9388);
#9384 = LINE('',#9385,#9386);
#9385 = CARTESIAN_POINT('',(0.,0.));
#9386 = VECTOR('',#9387,1.);
#9387 = DIRECTION('',(1.,0.));
#9388 = ( GEOMETRIC_REPRESENTATION_CONTEXT(2) 
PARAMETRIC_REPRESENTATION_CONTEXT() REPRESENTATION_CONTEXT('2D SPACE',''
  ) );
#9389 = PCURVE('',#8944,#9390);
#9390 = DEFINITIONAL_REPRESENTATION('',(#9391),#9395);
#9391 = LINE('',#9392,#9393);
#9392 = CARTESIAN_POINT('',(0.1318359375,0.8326171875));
#9393 = VECTOR('',#9394,1.);
#9394 = DIRECTION('',(0.980262569154,0.197700013947));
#9395 = ( GEOMETRIC_REPRESENTATION_CONTEXT(2) 
PARAMETRIC_REPRESENTATION_CONTEXT() REPRESENTATION_CONTEXT('2D SPACE',''
  ) );
#9396 = ADVANCED_FACE('',(#9397),#2437,.F.);
#9397 = FACE_BOUND('',#9398,.F.);
#9398 = EDGE_LOOP('',(#9399,#9400,#9401,#9402));
#9399 = ORIENTED_EDGE('',*,*,#9304,.T.);
#9400 = ORIENTED_EDGE('',*,*,#2421,.T.);
#9401 = ORIENTED_EDGE('',*,*,#9351,.F.);
#9402 = ORIENTED_EDGE('',*,*,#9403,.F.);
#9403 = EDGE_CURVE('',#9305,#9352,#9404,.T.);
#9404 = SURFACE_CURVE('',#9405,(#9409,#9416),.PCURVE_S1.);
#9405 = LINE('',#9406,#9407);
#9406 = CARTESIAN_POINT('',(-4.93125,-4.290625,2.7));
#9407 = VECTOR('',#9408,1.);
#9408 = DIRECTION('',(0.,1.,0.));
#9409 = PCURVE('',#2437,#9410);
#9410 = DEFINITIONAL_REPRESENTATION('',(#9411),#9415);
#9411 = LINE('',#9412,#9413);
#9412 = CARTESIAN_POINT('',(0.,0.));
#9413 = VECTOR('',#9414,1.);
#9414 = DIRECTION('',(1.,0.));
#9415 = ( GEOMETRIC_REPRESENTATION_CONTEXT(2) 
PARAMETRIC_REPRESENTATION_CONTEXT() REPRESENTATION_CONTEXT('2D SPACE',''
  ) );
#9416 = PCURVE('',#8944,#9417);
#9417 = DEFINITIONAL_REPRESENTATION('',(#9418),#9422);
#9418 = LINE('',#9419,#9420);
#9419 = CARTESIAN_POINT('',(0.1318359375,0.7248046875));
#9420 = VECTOR('',#9421,1.);
#9421 = DIRECTION('',(0.,1.));
#9422 = ( GEOMETRIC_REPRESENTATION_CONTEXT(2) 
PARAMETRIC_REPRESENTATION_CONTEXT() REPRESENTATION_CONTEXT('2D SPACE',''
  ) );
#9423 = ADVANCED_FACE('',(#9424),#2607,.F.);
#9424 = FACE_BOUND('',#9425,.F.);
#9425 = EDGE_LOOP('',(#9426,#9449,#9450,#9473));
#9426 = ORIENTED_EDGE('',*,*,#9427,.T.);
#9427 = EDGE_CURVE('',#9428,#2590,#9430,.T.);
#9428 = VERTEX_POINT('',#9429);
#9429 = CARTESIAN_POINT('',(-4.14287109375,-4.24111328125,2.7));
#9430 = SURFACE_CURVE('',#9431,(#9435,#9442),.PCURVE_S1.);
#9431 = LINE('',#9432,#9433);
#9432 = CARTESIAN_POINT('',(-4.14287109375,-4.24111328125,2.7));
#9433 = VECTOR('',#9434,1.);
#9434 = DIRECTION('',(0.,0.,1.));
#9435 = PCURVE('',#2607,#9436);
#9436 = DEFINITIONAL_REPRESENTATION('',(#9437),#9441);
#9437 = LINE('',#9438,#9439);
#9438 = CARTESIAN_POINT('',(0.,0.));
#9439 = VECTOR('',#9440,1.);
#9440 = DIRECTION('',(0.,-1.));
#9441 = ( GEOMETRIC_REPRESENTATION_CONTEXT(2) 
PARAMETRIC_REPRESENTATION_CONTEXT() REPRESENTATION_CONTEXT('2D SPACE',''
  ) );
#9442 = PCURVE('',#2815,#9443);
#9443 = DEFINITIONAL_REPRESENTATION('',(#9444),#9448);
#9444 = LINE('',#9445,#9446);
#9445 = CARTESIAN_POINT('',(1.,0.));
#9446 = VECTOR('',#9447,1.);
#9447 = DIRECTION('',(0.,-1.));
#9448 = ( GEOMETRIC_REPRESENTATION_CONTEXT(2) 
PARAMETRIC_REPRESENTATION_CONTEXT() REPRESENTATION_CONTEXT('2D SPACE',''
  ) );
#9449 = ORIENTED_EDGE('',*,*,#2589,.T.);
#9450 = ORIENTED_EDGE('',*,*,#9451,.F.);
#9451 = EDGE_CURVE('',#9452,#2592,#9454,.T.);
#9452 = VERTEX_POINT('',#9453);
#9453 = CARTESIAN_POINT('',(-3.9181640625,-4.1248046875,2.7));
#9454 = SURFACE_CURVE('',#9455,(#9459,#9466),.PCURVE_S1.);
#9455 = LINE('',#9456,#9457);
#9456 = CARTESIAN_POINT('',(-3.9181640625,-4.1248046875,2.7));
#9457 = VECTOR('',#9458,1.);
#9458 = DIRECTION('',(0.,0.,1.));
#9459 = PCURVE('',#2607,#9460);
#9460 = DEFINITIONAL_REPRESENTATION('',(#9461),#9465);
#9461 = LINE('',#9462,#9463);
#9462 = CARTESIAN_POINT('',(1.,0.));
#9463 = VECTOR('',#9464,1.);
#9464 = DIRECTION('',(0.,-1.));
#9465 = ( GEOMETRIC_REPRESENTATION_CONTEXT(2) 
PARAMETRIC_REPRESENTATION_CONTEXT() REPRESENTATION_CONTEXT('2D SPACE',''
  ) );
#9466 = PCURVE('',#2637,#9467);
#9467 = DEFINITIONAL_REPRESENTATION('',(#9468),#9472);
#9468 = LINE('',#9469,#9470);
#9469 = CARTESIAN_POINT('',(0.,0.));
#9470 = VECTOR('',#9471,1.);
#9471 = DIRECTION('',(0.,-1.));
#9472 = ( GEOMETRIC_REPRESENTATION_CONTEXT(2) 
PARAMETRIC_REPRESENTATION_CONTEXT() REPRESENTATION_CONTEXT('2D SPACE',''
  ) );
#9473 = ORIENTED_EDGE('',*,*,#9474,.F.);
#9474 = EDGE_CURVE('',#9428,#9452,#9475,.T.);
#9475 = SURFACE_CURVE('',#9476,(#9480,#9487),.PCURVE_S1.);
#9476 = B_SPLINE_CURVE_WITH_KNOTS('',2,(#9477,#9478,#9479),
  .UNSPECIFIED.,.F.,.F.,(3,3),(0.,1.),.PIECEWISE_BEZIER_KNOTS.);
#9477 = CARTESIAN_POINT('',(-4.14287109375,-4.24111328125,2.7));
#9478 = CARTESIAN_POINT('',(-4.065234375,-4.1248046875,2.7));
#9479 = CARTESIAN_POINT('',(-3.9181640625,-4.1248046875,2.7));
#9480 = PCURVE('',#2607,#9481);
#9481 = DEFINITIONAL_REPRESENTATION('',(#9482),#9486);
#9482 = LINE('',#9483,#9484);
#9483 = CARTESIAN_POINT('',(0.,0.));
#9484 = VECTOR('',#9485,1.);
#9485 = DIRECTION('',(1.,0.));
#9486 = ( GEOMETRIC_REPRESENTATION_CONTEXT(2) 
PARAMETRIC_REPRESENTATION_CONTEXT() REPRESENTATION_CONTEXT('2D SPACE',''
  ) );
#9487 = PCURVE('',#9488,#9493);
#9488 = PLANE('',#9489);
#9489 = AXIS2_PLACEMENT_3D('',#9490,#9491,#9492);
#9490 = CARTESIAN_POINT('',(-4.299609375,-5.0154296875,2.7));
#9491 = DIRECTION('',(0.,0.,1.));
#9492 = DIRECTION('',(1.,0.,0.));
#9493 = DEFINITIONAL_REPRESENTATION('',(#9494),#9498);
#9494 = B_SPLINE_CURVE_WITH_KNOTS('',2,(#9495,#9496,#9497),
  .UNSPECIFIED.,.F.,.F.,(3,3),(0.,1.),.PIECEWISE_BEZIER_KNOTS.);
#9495 = CARTESIAN_POINT('',(0.15673828125,0.77431640625));
#9496 = CARTESIAN_POINT('',(0.234375,0.890625));
#9497 = CARTESIAN_POINT('',(0.3814453125,0.890625));
#9498 = ( GEOMETRIC_REPRESENTATION_CONTEXT(2) 
PARAMETRIC_REPRESENTATION_CONTEXT() REPRESENTATION_CONTEXT('2D SPACE',''
  ) );
#9499 = ADVANCED_FACE('',(#9500),#2815,.F.);
#9500 = FACE_BOUND('',#9501,.F.);
#9501 = EDGE_LOOP('',(#9502,#9525,#9526,#9527));
#9502 = ORIENTED_EDGE('',*,*,#9503,.T.);
#9503 = EDGE_CURVE('',#9504,#2772,#9506,.T.);
#9504 = VERTEX_POINT('',#9505);
#9505 = CARTESIAN_POINT('',(-4.2205078125,-4.57890625,2.7));
#9506 = SURFACE_CURVE('',#9507,(#9511,#9518),.PCURVE_S1.);
#9507 = LINE('',#9508,#9509);
#9508 = CARTESIAN_POINT('',(-4.2205078125,-4.57890625,2.7));
#9509 = VECTOR('',#9510,1.);
#9510 = DIRECTION('',(0.,0.,1.));
#9511 = PCURVE('',#2815,#9512);
#9512 = DEFINITIONAL_REPRESENTATION('',(#9513),#9517);
#9513 = LINE('',#9514,#9515);
#9514 = CARTESIAN_POINT('',(0.,0.));
#9515 = VECTOR('',#9516,1.);
#9516 = DIRECTION('',(0.,-1.));
#9517 = ( GEOMETRIC_REPRESENTATION_CONTEXT(2) 
PARAMETRIC_REPRESENTATION_CONTEXT() REPRESENTATION_CONTEXT('2D SPACE',''
  ) );
#9518 = PCURVE('',#2787,#9519);
#9519 = DEFINITIONAL_REPRESENTATION('',(#9520),#9524);
#9520 = LINE('',#9521,#9522);
#9521 = CARTESIAN_POINT('',(1.,0.));
#9522 = VECTOR('',#9523,1.);
#9523 = DIRECTION('',(0.,-1.));
#9524 = ( GEOMETRIC_REPRESENTATION_CONTEXT(2) 
PARAMETRIC_REPRESENTATION_CONTEXT() REPRESENTATION_CONTEXT('2D SPACE',''
  ) );
#9525 = ORIENTED_EDGE('',*,*,#2801,.T.);
#9526 = ORIENTED_EDGE('',*,*,#9427,.F.);
#9527 = ORIENTED_EDGE('',*,*,#9528,.F.);
#9528 = EDGE_CURVE('',#9504,#9428,#9529,.T.);
#9529 = SURFACE_CURVE('',#9530,(#9534,#9541),.PCURVE_S1.);
#9530 = B_SPLINE_CURVE_WITH_KNOTS('',2,(#9531,#9532,#9533),
  .UNSPECIFIED.,.F.,.F.,(3,3),(0.,1.),.PIECEWISE_BEZIER_KNOTS.);
#9531 = CARTESIAN_POINT('',(-4.2205078125,-4.57890625,2.7));
#9532 = CARTESIAN_POINT('',(-4.2205078125,-4.357421875,2.7));
#9533 = CARTESIAN_POINT('',(-4.14287109375,-4.24111328125,2.7));
#9534 = PCURVE('',#2815,#9535);
#9535 = DEFINITIONAL_REPRESENTATION('',(#9536),#9540);
#9536 = LINE('',#9537,#9538);
#9537 = CARTESIAN_POINT('',(0.,0.));
#9538 = VECTOR('',#9539,1.);
#9539 = DIRECTION('',(1.,0.));
#9540 = ( GEOMETRIC_REPRESENTATION_CONTEXT(2) 
PARAMETRIC_REPRESENTATION_CONTEXT() REPRESENTATION_CONTEXT('2D SPACE',''
  ) );
#9541 = PCURVE('',#9488,#9542);
#9542 = DEFINITIONAL_REPRESENTATION('',(#9543),#9547);
#9543 = B_SPLINE_CURVE_WITH_KNOTS('',2,(#9544,#9545,#9546),
  .UNSPECIFIED.,.F.,.F.,(3,3),(0.,1.),.PIECEWISE_BEZIER_KNOTS.);
#9544 = CARTESIAN_POINT('',(7.91015625E-02,0.4365234375));
#9545 = CARTESIAN_POINT('',(7.91015625E-02,0.6580078125));
#9546 = CARTESIAN_POINT('',(0.15673828125,0.77431640625));
#9547 = ( GEOMETRIC_REPRESENTATION_CONTEXT(2) 
PARAMETRIC_REPRESENTATION_CONTEXT() REPRESENTATION_CONTEXT('2D SPACE',''
  ) );
#9548 = ADVANCED_FACE('',(#9549),#2637,.F.);
#9549 = FACE_BOUND('',#9550,.F.);
#9550 = EDGE_LOOP('',(#9551,#9552,#9553,#9576));
#9551 = ORIENTED_EDGE('',*,*,#9451,.T.);
#9552 = ORIENTED_EDGE('',*,*,#2621,.T.);
#9553 = ORIENTED_EDGE('',*,*,#9554,.F.);
#9554 = EDGE_CURVE('',#9555,#2622,#9557,.T.);
#9555 = VERTEX_POINT('',#9556);
#9556 = CARTESIAN_POINT('',(-3.69345703125,-4.24111328125,2.7));
#9557 = SURFACE_CURVE('',#9558,(#9562,#9569),.PCURVE_S1.);
#9558 = LINE('',#9559,#9560);
#9559 = CARTESIAN_POINT('',(-3.69345703125,-4.24111328125,2.7));
#9560 = VECTOR('',#9561,1.);
#9561 = DIRECTION('',(0.,0.,1.));
#9562 = PCURVE('',#2637,#9563);
#9563 = DEFINITIONAL_REPRESENTATION('',(#9564),#9568);
#9564 = LINE('',#9565,#9566);
#9565 = CARTESIAN_POINT('',(1.,0.));
#9566 = VECTOR('',#9567,1.);
#9567 = DIRECTION('',(0.,-1.));
#9568 = ( GEOMETRIC_REPRESENTATION_CONTEXT(2) 
PARAMETRIC_REPRESENTATION_CONTEXT() REPRESENTATION_CONTEXT('2D SPACE',''
  ) );
#9569 = PCURVE('',#2667,#9570);
#9570 = DEFINITIONAL_REPRESENTATION('',(#9571),#9575);
#9571 = LINE('',#9572,#9573);
#9572 = CARTESIAN_POINT('',(0.,0.));
#9573 = VECTOR('',#9574,1.);
#9574 = DIRECTION('',(0.,-1.));
#9575 = ( GEOMETRIC_REPRESENTATION_CONTEXT(2) 
PARAMETRIC_REPRESENTATION_CONTEXT() REPRESENTATION_CONTEXT('2D SPACE',''
  ) );
#9576 = ORIENTED_EDGE('',*,*,#9577,.F.);
#9577 = EDGE_CURVE('',#9452,#9555,#9578,.T.);
#9578 = SURFACE_CURVE('',#9579,(#9583,#9590),.PCURVE_S1.);
#9579 = B_SPLINE_CURVE_WITH_KNOTS('',2,(#9580,#9581,#9582),
  .UNSPECIFIED.,.F.,.F.,(3,3),(0.,1.),.PIECEWISE_BEZIER_KNOTS.);
#9580 = CARTESIAN_POINT('',(-3.9181640625,-4.1248046875,2.7));
#9581 = CARTESIAN_POINT('',(-3.77109375,-4.1248046875,2.7));
#9582 = CARTESIAN_POINT('',(-3.69345703125,-4.24111328125,2.7));
#9583 = PCURVE('',#2637,#9584);
#9584 = DEFINITIONAL_REPRESENTATION('',(#9585),#9589);
#9585 = LINE('',#9586,#9587);
#9586 = CARTESIAN_POINT('',(0.,0.));
#9587 = VECTOR('',#9588,1.);
#9588 = DIRECTION('',(1.,0.));
#9589 = ( GEOMETRIC_REPRESENTATION_CONTEXT(2) 
PARAMETRIC_REPRESENTATION_CONTEXT() REPRESENTATION_CONTEXT('2D SPACE',''
  ) );
#9590 = PCURVE('',#9488,#9591);
#9591 = DEFINITIONAL_REPRESENTATION('',(#9592),#9596);
#9592 = B_SPLINE_CURVE_WITH_KNOTS('',2,(#9593,#9594,#9595),
  .UNSPECIFIED.,.F.,.F.,(3,3),(0.,1.),.PIECEWISE_BEZIER_KNOTS.);
#9593 = CARTESIAN_POINT('',(0.3814453125,0.890625));
#9594 = CARTESIAN_POINT('',(0.528515625,0.890625));
#9595 = CARTESIAN_POINT('',(0.60615234375,0.77431640625));
#9596 = ( GEOMETRIC_REPRESENTATION_CONTEXT(2) 
PARAMETRIC_REPRESENTATION_CONTEXT() REPRESENTATION_CONTEXT('2D SPACE',''
  ) );
#9597 = ADVANCED_FACE('',(#9598),#2787,.F.);
#9598 = FACE_BOUND('',#9599,.F.);
#9599 = EDGE_LOOP('',(#9600,#9623,#9624,#9625));
#9600 = ORIENTED_EDGE('',*,*,#9601,.T.);
#9601 = EDGE_CURVE('',#9602,#2742,#9604,.T.);
#9602 = VERTEX_POINT('',#9603);
#9603 = CARTESIAN_POINT('',(-4.14287109375,-4.91611328125,2.7));
#9604 = SURFACE_CURVE('',#9605,(#9609,#9616),.PCURVE_S1.);
#9605 = LINE('',#9606,#9607);
#9606 = CARTESIAN_POINT('',(-4.14287109375,-4.91611328125,2.7));
#9607 = VECTOR('',#9608,1.);
#9608 = DIRECTION('',(0.,0.,1.));
#9609 = PCURVE('',#2787,#9610);
#9610 = DEFINITIONAL_REPRESENTATION('',(#9611),#9615);
#9611 = LINE('',#9612,#9613);
#9612 = CARTESIAN_POINT('',(0.,0.));
#9613 = VECTOR('',#9614,1.);
#9614 = DIRECTION('',(0.,-1.));
#9615 = ( GEOMETRIC_REPRESENTATION_CONTEXT(2) 
PARAMETRIC_REPRESENTATION_CONTEXT() REPRESENTATION_CONTEXT('2D SPACE',''
  ) );
#9616 = PCURVE('',#2757,#9617);
#9617 = DEFINITIONAL_REPRESENTATION('',(#9618),#9622);
#9618 = LINE('',#9619,#9620);
#9619 = CARTESIAN_POINT('',(1.,0.));
#9620 = VECTOR('',#9621,1.);
#9621 = DIRECTION('',(0.,-1.));
#9622 = ( GEOMETRIC_REPRESENTATION_CONTEXT(2) 
PARAMETRIC_REPRESENTATION_CONTEXT() REPRESENTATION_CONTEXT('2D SPACE',''
  ) );
#9623 = ORIENTED_EDGE('',*,*,#2771,.T.);
#9624 = ORIENTED_EDGE('',*,*,#9503,.F.);
#9625 = ORIENTED_EDGE('',*,*,#9626,.F.);
#9626 = EDGE_CURVE('',#9602,#9504,#9627,.T.);
#9627 = SURFACE_CURVE('',#9628,(#9632,#9639),.PCURVE_S1.);
#9628 = B_SPLINE_CURVE_WITH_KNOTS('',2,(#9629,#9630,#9631),
  .UNSPECIFIED.,.F.,.F.,(3,3),(0.,1.),.PIECEWISE_BEZIER_KNOTS.);
#9629 = CARTESIAN_POINT('',(-4.14287109375,-4.91611328125,2.7));
#9630 = CARTESIAN_POINT('',(-4.2205078125,-4.7998046875,2.7));
#9631 = CARTESIAN_POINT('',(-4.2205078125,-4.57890625,2.7));
#9632 = PCURVE('',#2787,#9633);
#9633 = DEFINITIONAL_REPRESENTATION('',(#9634),#9638);
#9634 = LINE('',#9635,#9636);
#9635 = CARTESIAN_POINT('',(0.,0.));
#9636 = VECTOR('',#9637,1.);
#9637 = DIRECTION('',(1.,0.));
#9638 = ( GEOMETRIC_REPRESENTATION_CONTEXT(2) 
PARAMETRIC_REPRESENTATION_CONTEXT() REPRESENTATION_CONTEXT('2D SPACE',''
  ) );
#9639 = PCURVE('',#9488,#9640);
#9640 = DEFINITIONAL_REPRESENTATION('',(#9641),#9645);
#9641 = B_SPLINE_CURVE_WITH_KNOTS('',2,(#9642,#9643,#9644),
  .UNSPECIFIED.,.F.,.F.,(3,3),(0.,1.),.PIECEWISE_BEZIER_KNOTS.);
#9642 = CARTESIAN_POINT('',(0.15673828125,9.931640625E-02));
#9643 = CARTESIAN_POINT('',(7.91015625E-02,0.215625));
#9644 = CARTESIAN_POINT('',(7.91015625E-02,0.4365234375));
#9645 = ( GEOMETRIC_REPRESENTATION_CONTEXT(2) 
PARAMETRIC_REPRESENTATION_CONTEXT() REPRESENTATION_CONTEXT('2D SPACE',''
  ) );
#9646 = ADVANCED_FACE('',(#9647),#2667,.F.);
#9647 = FACE_BOUND('',#9648,.F.);
#9648 = EDGE_LOOP('',(#9649,#9650,#9651,#9674));
#9649 = ORIENTED_EDGE('',*,*,#9554,.T.);
#9650 = ORIENTED_EDGE('',*,*,#2651,.T.);
#9651 = ORIENTED_EDGE('',*,*,#9652,.F.);
#9652 = EDGE_CURVE('',#9653,#2652,#9655,.T.);
#9653 = VERTEX_POINT('',#9654);
#9654 = CARTESIAN_POINT('',(-3.6158203125,-4.57890625,2.7));
#9655 = SURFACE_CURVE('',#9656,(#9660,#9667),.PCURVE_S1.);
#9656 = LINE('',#9657,#9658);
#9657 = CARTESIAN_POINT('',(-3.6158203125,-4.57890625,2.7));
#9658 = VECTOR('',#9659,1.);
#9659 = DIRECTION('',(0.,0.,1.));
#9660 = PCURVE('',#2667,#9661);
#9661 = DEFINITIONAL_REPRESENTATION('',(#9662),#9666);
#9662 = LINE('',#9663,#9664);
#9663 = CARTESIAN_POINT('',(1.,0.));
#9664 = VECTOR('',#9665,1.);
#9665 = DIRECTION('',(0.,-1.));
#9666 = ( GEOMETRIC_REPRESENTATION_CONTEXT(2) 
PARAMETRIC_REPRESENTATION_CONTEXT() REPRESENTATION_CONTEXT('2D SPACE',''
  ) );
#9667 = PCURVE('',#2697,#9668);
#9668 = DEFINITIONAL_REPRESENTATION('',(#9669),#9673);
#9669 = LINE('',#9670,#9671);
#9670 = CARTESIAN_POINT('',(0.,0.));
#9671 = VECTOR('',#9672,1.);
#9672 = DIRECTION('',(0.,-1.));
#9673 = ( GEOMETRIC_REPRESENTATION_CONTEXT(2) 
PARAMETRIC_REPRESENTATION_CONTEXT() REPRESENTATION_CONTEXT('2D SPACE',''
  ) );
#9674 = ORIENTED_EDGE('',*,*,#9675,.F.);
#9675 = EDGE_CURVE('',#9555,#9653,#9676,.T.);
#9676 = SURFACE_CURVE('',#9677,(#9681,#9688),.PCURVE_S1.);
#9677 = B_SPLINE_CURVE_WITH_KNOTS('',2,(#9678,#9679,#9680),
  .UNSPECIFIED.,.F.,.F.,(3,3),(0.,1.),.PIECEWISE_BEZIER_KNOTS.);
#9678 = CARTESIAN_POINT('',(-3.69345703125,-4.24111328125,2.7));
#9679 = CARTESIAN_POINT('',(-3.6158203125,-4.357421875,2.7));
#9680 = CARTESIAN_POINT('',(-3.6158203125,-4.57890625,2.7));
#9681 = PCURVE('',#2667,#9682);
#9682 = DEFINITIONAL_REPRESENTATION('',(#9683),#9687);
#9683 = LINE('',#9684,#9685);
#9684 = CARTESIAN_POINT('',(0.,0.));
#9685 = VECTOR('',#9686,1.);
#9686 = DIRECTION('',(1.,0.));
#9687 = ( GEOMETRIC_REPRESENTATION_CONTEXT(2) 
PARAMETRIC_REPRESENTATION_CONTEXT() REPRESENTATION_CONTEXT('2D SPACE',''
  ) );
#9688 = PCURVE('',#9488,#9689);
#9689 = DEFINITIONAL_REPRESENTATION('',(#9690),#9694);
#9690 = B_SPLINE_CURVE_WITH_KNOTS('',2,(#9691,#9692,#9693),
  .UNSPECIFIED.,.F.,.F.,(3,3),(0.,1.),.PIECEWISE_BEZIER_KNOTS.);
#9691 = CARTESIAN_POINT('',(0.60615234375,0.77431640625));
#9692 = CARTESIAN_POINT('',(0.6837890625,0.6580078125));
#9693 = CARTESIAN_POINT('',(0.6837890625,0.4365234375));
#9694 = ( GEOMETRIC_REPRESENTATION_CONTEXT(2) 
PARAMETRIC_REPRESENTATION_CONTEXT() REPRESENTATION_CONTEXT('2D SPACE',''
  ) );
#9695 = ADVANCED_FACE('',(#9696),#2757,.F.);
#9696 = FACE_BOUND('',#9697,.F.);
#9697 = EDGE_LOOP('',(#9698,#9721,#9722,#9723));
#9698 = ORIENTED_EDGE('',*,*,#9699,.T.);
#9699 = EDGE_CURVE('',#9700,#2712,#9702,.T.);
#9700 = VERTEX_POINT('',#9701);
#9701 = CARTESIAN_POINT('',(-3.9181640625,-5.032421875,2.7));
#9702 = SURFACE_CURVE('',#9703,(#9707,#9714),.PCURVE_S1.);
#9703 = LINE('',#9704,#9705);
#9704 = CARTESIAN_POINT('',(-3.9181640625,-5.032421875,2.7));
#9705 = VECTOR('',#9706,1.);
#9706 = DIRECTION('',(0.,0.,1.));
#9707 = PCURVE('',#2757,#9708);
#9708 = DEFINITIONAL_REPRESENTATION('',(#9709),#9713);
#9709 = LINE('',#9710,#9711);
#9710 = CARTESIAN_POINT('',(0.,0.));
#9711 = VECTOR('',#9712,1.);
#9712 = DIRECTION('',(0.,-1.));
#9713 = ( GEOMETRIC_REPRESENTATION_CONTEXT(2) 
PARAMETRIC_REPRESENTATION_CONTEXT() REPRESENTATION_CONTEXT('2D SPACE',''
  ) );
#9714 = PCURVE('',#2727,#9715);
#9715 = DEFINITIONAL_REPRESENTATION('',(#9716),#9720);
#9716 = LINE('',#9717,#9718);
#9717 = CARTESIAN_POINT('',(1.,0.));
#9718 = VECTOR('',#9719,1.);
#9719 = DIRECTION('',(0.,-1.));
#9720 = ( GEOMETRIC_REPRESENTATION_CONTEXT(2) 
PARAMETRIC_REPRESENTATION_CONTEXT() REPRESENTATION_CONTEXT('2D SPACE',''
  ) );
#9721 = ORIENTED_EDGE('',*,*,#2741,.T.);
#9722 = ORIENTED_EDGE('',*,*,#9601,.F.);
#9723 = ORIENTED_EDGE('',*,*,#9724,.F.);
#9724 = EDGE_CURVE('',#9700,#9602,#9725,.T.);
#9725 = SURFACE_CURVE('',#9726,(#9730,#9737),.PCURVE_S1.);
#9726 = B_SPLINE_CURVE_WITH_KNOTS('',2,(#9727,#9728,#9729),
  .UNSPECIFIED.,.F.,.F.,(3,3),(0.,1.),.PIECEWISE_BEZIER_KNOTS.);
#9727 = CARTESIAN_POINT('',(-3.9181640625,-5.032421875,2.7));
#9728 = CARTESIAN_POINT('',(-4.065234375,-5.032421875,2.7));
#9729 = CARTESIAN_POINT('',(-4.14287109375,-4.91611328125,2.7));
#9730 = PCURVE('',#2757,#9731);
#9731 = DEFINITIONAL_REPRESENTATION('',(#9732),#9736);
#9732 = LINE('',#9733,#9734);
#9733 = CARTESIAN_POINT('',(0.,0.));
#9734 = VECTOR('',#9735,1.);
#9735 = DIRECTION('',(1.,0.));
#9736 = ( GEOMETRIC_REPRESENTATION_CONTEXT(2) 
PARAMETRIC_REPRESENTATION_CONTEXT() REPRESENTATION_CONTEXT('2D SPACE',''
  ) );
#9737 = PCURVE('',#9488,#9738);
#9738 = DEFINITIONAL_REPRESENTATION('',(#9739),#9743);
#9739 = B_SPLINE_CURVE_WITH_KNOTS('',2,(#9740,#9741,#9742),
  .UNSPECIFIED.,.F.,.F.,(3,3),(0.,1.),.PIECEWISE_BEZIER_KNOTS.);
#9740 = CARTESIAN_POINT('',(0.3814453125,-1.69921875E-02));
#9741 = CARTESIAN_POINT('',(0.234375,-1.69921875E-02));
#9742 = CARTESIAN_POINT('',(0.15673828125,9.931640625E-02));
#9743 = ( GEOMETRIC_REPRESENTATION_CONTEXT(2) 
PARAMETRIC_REPRESENTATION_CONTEXT() REPRESENTATION_CONTEXT('2D SPACE',''
  ) );
#9744 = ADVANCED_FACE('',(#9745),#2697,.F.);
#9745 = FACE_BOUND('',#9746,.F.);
#9746 = EDGE_LOOP('',(#9747,#9748,#9749,#9772));
#9747 = ORIENTED_EDGE('',*,*,#9652,.T.);
#9748 = ORIENTED_EDGE('',*,*,#2681,.T.);
#9749 = ORIENTED_EDGE('',*,*,#9750,.F.);
#9750 = EDGE_CURVE('',#9751,#2682,#9753,.T.);
#9751 = VERTEX_POINT('',#9752);
#9752 = CARTESIAN_POINT('',(-3.69345703125,-4.91611328125,2.7));
#9753 = SURFACE_CURVE('',#9754,(#9758,#9765),.PCURVE_S1.);
#9754 = LINE('',#9755,#9756);
#9755 = CARTESIAN_POINT('',(-3.69345703125,-4.91611328125,2.7));
#9756 = VECTOR('',#9757,1.);
#9757 = DIRECTION('',(0.,0.,1.));
#9758 = PCURVE('',#2697,#9759);
#9759 = DEFINITIONAL_REPRESENTATION('',(#9760),#9764);
#9760 = LINE('',#9761,#9762);
#9761 = CARTESIAN_POINT('',(1.,0.));
#9762 = VECTOR('',#9763,1.);
#9763 = DIRECTION('',(0.,-1.));
#9764 = ( GEOMETRIC_REPRESENTATION_CONTEXT(2) 
PARAMETRIC_REPRESENTATION_CONTEXT() REPRESENTATION_CONTEXT('2D SPACE',''
  ) );
#9765 = PCURVE('',#2727,#9766);
#9766 = DEFINITIONAL_REPRESENTATION('',(#9767),#9771);
#9767 = LINE('',#9768,#9769);
#9768 = CARTESIAN_POINT('',(0.,0.));
#9769 = VECTOR('',#9770,1.);
#9770 = DIRECTION('',(0.,-1.));
#9771 = ( GEOMETRIC_REPRESENTATION_CONTEXT(2) 
PARAMETRIC_REPRESENTATION_CONTEXT() REPRESENTATION_CONTEXT('2D SPACE',''
  ) );
#9772 = ORIENTED_EDGE('',*,*,#9773,.F.);
#9773 = EDGE_CURVE('',#9653,#9751,#9774,.T.);
#9774 = SURFACE_CURVE('',#9775,(#9779,#9786),.PCURVE_S1.);
#9775 = B_SPLINE_CURVE_WITH_KNOTS('',2,(#9776,#9777,#9778),
  .UNSPECIFIED.,.F.,.F.,(3,3),(0.,1.),.PIECEWISE_BEZIER_KNOTS.);
#9776 = CARTESIAN_POINT('',(-3.6158203125,-4.57890625,2.7));
#9777 = CARTESIAN_POINT('',(-3.6158203125,-4.7998046875,2.7));
#9778 = CARTESIAN_POINT('',(-3.69345703125,-4.91611328125,2.7));
#9779 = PCURVE('',#2697,#9780);
#9780 = DEFINITIONAL_REPRESENTATION('',(#9781),#9785);
#9781 = LINE('',#9782,#9783);
#9782 = CARTESIAN_POINT('',(0.,0.));
#9783 = VECTOR('',#9784,1.);
#9784 = DIRECTION('',(1.,0.));
#9785 = ( GEOMETRIC_REPRESENTATION_CONTEXT(2) 
PARAMETRIC_REPRESENTATION_CONTEXT() REPRESENTATION_CONTEXT('2D SPACE',''
  ) );
#9786 = PCURVE('',#9488,#9787);
#9787 = DEFINITIONAL_REPRESENTATION('',(#9788),#9792);
#9788 = B_SPLINE_CURVE_WITH_KNOTS('',2,(#9789,#9790,#9791),
  .UNSPECIFIED.,.F.,.F.,(3,3),(0.,1.),.PIECEWISE_BEZIER_KNOTS.);
#9789 = CARTESIAN_POINT('',(0.6837890625,0.4365234375));
#9790 = CARTESIAN_POINT('',(0.6837890625,0.215625));
#9791 = CARTESIAN_POINT('',(0.60615234375,9.931640625E-02));
#9792 = ( GEOMETRIC_REPRESENTATION_CONTEXT(2) 
PARAMETRIC_REPRESENTATION_CONTEXT() REPRESENTATION_CONTEXT('2D SPACE',''
  ) );
#9793 = ADVANCED_FACE('',(#9794),#2727,.F.);
#9794 = FACE_BOUND('',#9795,.F.);
#9795 = EDGE_LOOP('',(#9796,#9797,#9798,#9799));
#9796 = ORIENTED_EDGE('',*,*,#9750,.T.);
#9797 = ORIENTED_EDGE('',*,*,#2711,.T.);
#9798 = ORIENTED_EDGE('',*,*,#9699,.F.);
#9799 = ORIENTED_EDGE('',*,*,#9800,.F.);
#9800 = EDGE_CURVE('',#9751,#9700,#9801,.T.);
#9801 = SURFACE_CURVE('',#9802,(#9806,#9813),.PCURVE_S1.);
#9802 = B_SPLINE_CURVE_WITH_KNOTS('',2,(#9803,#9804,#9805),
  .UNSPECIFIED.,.F.,.F.,(3,3),(0.,1.),.PIECEWISE_BEZIER_KNOTS.);
#9803 = CARTESIAN_POINT('',(-3.69345703125,-4.91611328125,2.7));
#9804 = CARTESIAN_POINT('',(-3.77109375,-5.032421875,2.7));
#9805 = CARTESIAN_POINT('',(-3.9181640625,-5.032421875,2.7));
#9806 = PCURVE('',#2727,#9807);
#9807 = DEFINITIONAL_REPRESENTATION('',(#9808),#9812);
#9808 = LINE('',#9809,#9810);
#9809 = CARTESIAN_POINT('',(0.,0.));
#9810 = VECTOR('',#9811,1.);
#9811 = DIRECTION('',(1.,0.));
#9812 = ( GEOMETRIC_REPRESENTATION_CONTEXT(2) 
PARAMETRIC_REPRESENTATION_CONTEXT() REPRESENTATION_CONTEXT('2D SPACE',''
  ) );
#9813 = PCURVE('',#9488,#9814);
#9814 = DEFINITIONAL_REPRESENTATION('',(#9815),#9819);
#9815 = B_SPLINE_CURVE_WITH_KNOTS('',2,(#9816,#9817,#9818),
  .UNSPECIFIED.,.F.,.F.,(3,3),(0.,1.),.PIECEWISE_BEZIER_KNOTS.);
#9816 = CARTESIAN_POINT('',(0.60615234375,9.931640625E-02));
#9817 = CARTESIAN_POINT('',(0.528515625,-1.69921875E-02));
#9818 = CARTESIAN_POINT('',(0.3814453125,-1.69921875E-02));
#9819 = ( GEOMETRIC_REPRESENTATION_CONTEXT(2) 
PARAMETRIC_REPRESENTATION_CONTEXT() REPRESENTATION_CONTEXT('2D SPACE',''
  ) );
#9820 = ADVANCED_FACE('',(#9821),#2849,.F.);
#9821 = FACE_BOUND('',#9822,.F.);
#9822 = EDGE_LOOP('',(#9823,#9846,#9847,#9870));
#9823 = ORIENTED_EDGE('',*,*,#9824,.T.);
#9824 = EDGE_CURVE('',#9825,#2832,#9827,.T.);
#9825 = VERTEX_POINT('',#9826);
#9826 = CARTESIAN_POINT('',(3.97646484375,-4.5296875,2.7));
#9827 = SURFACE_CURVE('',#9828,(#9832,#9839),.PCURVE_S1.);
#9828 = LINE('',#9829,#9830);
#9829 = CARTESIAN_POINT('',(3.97646484375,-4.5296875,2.7));
#9830 = VECTOR('',#9831,1.);
#9831 = DIRECTION('',(0.,0.,1.));
#9832 = PCURVE('',#2849,#9833);
#9833 = DEFINITIONAL_REPRESENTATION('',(#9834),#9838);
#9834 = LINE('',#9835,#9836);
#9835 = CARTESIAN_POINT('',(0.,0.));
#9836 = VECTOR('',#9837,1.);
#9837 = DIRECTION('',(0.,-1.));
#9838 = ( GEOMETRIC_REPRESENTATION_CONTEXT(2) 
PARAMETRIC_REPRESENTATION_CONTEXT() REPRESENTATION_CONTEXT('2D SPACE',''
  ) );
#9839 = PCURVE('',#3281,#9840);
#9840 = DEFINITIONAL_REPRESENTATION('',(#9841),#9845);
#9841 = LINE('',#9842,#9843);
#9842 = CARTESIAN_POINT('',(1.,0.));
#9843 = VECTOR('',#9844,1.);
#9844 = DIRECTION('',(0.,-1.));
#9845 = ( GEOMETRIC_REPRESENTATION_CONTEXT(2) 
PARAMETRIC_REPRESENTATION_CONTEXT() REPRESENTATION_CONTEXT('2D SPACE',''
  ) );
#9846 = ORIENTED_EDGE('',*,*,#2831,.T.);
#9847 = ORIENTED_EDGE('',*,*,#9848,.F.);
#9848 = EDGE_CURVE('',#9849,#2834,#9851,.T.);
#9849 = VERTEX_POINT('',#9850);
#9850 = CARTESIAN_POINT('',(3.86484375,-4.6052734375,2.7));
#9851 = SURFACE_CURVE('',#9852,(#9856,#9863),.PCURVE_S1.);
#9852 = LINE('',#9853,#9854);
#9853 = CARTESIAN_POINT('',(3.86484375,-4.6052734375,2.7));
#9854 = VECTOR('',#9855,1.);
#9855 = DIRECTION('',(0.,0.,1.));
#9856 = PCURVE('',#2849,#9857);
#9857 = DEFINITIONAL_REPRESENTATION('',(#9858),#9862);
#9858 = LINE('',#9859,#9860);
#9859 = CARTESIAN_POINT('',(1.,0.));
#9860 = VECTOR('',#9861,1.);
#9861 = DIRECTION('',(0.,-1.));
#9862 = ( GEOMETRIC_REPRESENTATION_CONTEXT(2) 
PARAMETRIC_REPRESENTATION_CONTEXT() REPRESENTATION_CONTEXT('2D SPACE',''
  ) );
#9863 = PCURVE('',#2879,#9864);
#9864 = DEFINITIONAL_REPRESENTATION('',(#9865),#9869);
#9865 = LINE('',#9866,#9867);
#9866 = CARTESIAN_POINT('',(0.,0.));
#9867 = VECTOR('',#9868,1.);
#9868 = DIRECTION('',(0.,-1.));
#9869 = ( GEOMETRIC_REPRESENTATION_CONTEXT(2) 
PARAMETRIC_REPRESENTATION_CONTEXT() REPRESENTATION_CONTEXT('2D SPACE',''
  ) );
#9870 = ORIENTED_EDGE('',*,*,#9871,.F.);
#9871 = EDGE_CURVE('',#9825,#9849,#9872,.T.);
#9872 = SURFACE_CURVE('',#9873,(#9877,#9884),.PCURVE_S1.);
#9873 = B_SPLINE_CURVE_WITH_KNOTS('',2,(#9874,#9875,#9876),
  .UNSPECIFIED.,.F.,.F.,(3,3),(0.,1.),.PIECEWISE_BEZIER_KNOTS.);
#9874 = CARTESIAN_POINT('',(3.97646484375,-4.5296875,2.7));
#9875 = CARTESIAN_POINT('',(3.9380859375,-4.5841796875,2.7));
#9876 = CARTESIAN_POINT('',(3.86484375,-4.6052734375,2.7));
#9877 = PCURVE('',#2849,#9878);
#9878 = DEFINITIONAL_REPRESENTATION('',(#9879),#9883);
#9879 = LINE('',#9880,#9881);
#9880 = CARTESIAN_POINT('',(0.,0.));
#9881 = VECTOR('',#9882,1.);
#9882 = DIRECTION('',(1.,0.));
#9883 = ( GEOMETRIC_REPRESENTATION_CONTEXT(2) 
PARAMETRIC_REPRESENTATION_CONTEXT() REPRESENTATION_CONTEXT('2D SPACE',''
  ) );
#9884 = PCURVE('',#9885,#9890);
#9885 = PLANE('',#9886);
#9886 = AXIS2_PLACEMENT_3D('',#9887,#9888,#9889);
#9887 = CARTESIAN_POINT('',(3.3322265625,-5.0154296875,2.7));
#9888 = DIRECTION('',(0.,0.,1.));
#9889 = DIRECTION('',(1.,0.,0.));
#9890 = DEFINITIONAL_REPRESENTATION('',(#9891),#9895);
#9891 = B_SPLINE_CURVE_WITH_KNOTS('',2,(#9892,#9893,#9894),
  .UNSPECIFIED.,.F.,.F.,(3,3),(0.,1.),.PIECEWISE_BEZIER_KNOTS.);
#9892 = CARTESIAN_POINT('',(0.64423828125,0.4857421875));
#9893 = CARTESIAN_POINT('',(0.605859375,0.43125));
#9894 = CARTESIAN_POINT('',(0.5326171875,0.41015625));
#9895 = ( GEOMETRIC_REPRESENTATION_CONTEXT(2) 
PARAMETRIC_REPRESENTATION_CONTEXT() REPRESENTATION_CONTEXT('2D SPACE',''
  ) );
#9896 = ADVANCED_FACE('',(#9897),#3281,.F.);
#9897 = FACE_BOUND('',#9898,.F.);
#9898 = EDGE_LOOP('',(#9899,#9922,#9923,#9924));
#9899 = ORIENTED_EDGE('',*,*,#9900,.T.);
#9900 = EDGE_CURVE('',#9901,#3238,#9903,.T.);
#9901 = VERTEX_POINT('',#9902);
#9902 = CARTESIAN_POINT('',(4.01484375,-4.392578125,2.7));
#9903 = SURFACE_CURVE('',#9904,(#9908,#9915),.PCURVE_S1.);
#9904 = LINE('',#9905,#9906);
#9905 = CARTESIAN_POINT('',(4.01484375,-4.392578125,2.7));
#9906 = VECTOR('',#9907,1.);
#9907 = DIRECTION('',(0.,0.,1.));
#9908 = PCURVE('',#3281,#9909);
#9909 = DEFINITIONAL_REPRESENTATION('',(#9910),#9914);
#9910 = LINE('',#9911,#9912);
#9911 = CARTESIAN_POINT('',(0.,0.));
#9912 = VECTOR('',#9913,1.);
#9913 = DIRECTION('',(0.,-1.));
#9914 = ( GEOMETRIC_REPRESENTATION_CONTEXT(2) 
PARAMETRIC_REPRESENTATION_CONTEXT() REPRESENTATION_CONTEXT('2D SPACE',''
  ) );
#9915 = PCURVE('',#3253,#9916);
#9916 = DEFINITIONAL_REPRESENTATION('',(#9917),#9921);
#9917 = LINE('',#9918,#9919);
#9918 = CARTESIAN_POINT('',(1.,0.));
#9919 = VECTOR('',#9920,1.);
#9920 = DIRECTION('',(0.,-1.));
#9921 = ( GEOMETRIC_REPRESENTATION_CONTEXT(2) 
PARAMETRIC_REPRESENTATION_CONTEXT() REPRESENTATION_CONTEXT('2D SPACE',''
  ) );
#9922 = ORIENTED_EDGE('',*,*,#3267,.T.);
#9923 = ORIENTED_EDGE('',*,*,#9824,.F.);
#9924 = ORIENTED_EDGE('',*,*,#9925,.F.);
#9925 = EDGE_CURVE('',#9901,#9825,#9926,.T.);
#9926 = SURFACE_CURVE('',#9927,(#9931,#9938),.PCURVE_S1.);
#9927 = B_SPLINE_CURVE_WITH_KNOTS('',2,(#9928,#9929,#9930),
  .UNSPECIFIED.,.F.,.F.,(3,3),(0.,1.),.PIECEWISE_BEZIER_KNOTS.);
#9928 = CARTESIAN_POINT('',(4.01484375,-4.392578125,2.7));
#9929 = CARTESIAN_POINT('',(4.01484375,-4.4751953125,2.7));
#9930 = CARTESIAN_POINT('',(3.97646484375,-4.5296875,2.7));
#9931 = PCURVE('',#3281,#9932);
#9932 = DEFINITIONAL_REPRESENTATION('',(#9933),#9937);
#9933 = LINE('',#9934,#9935);
#9934 = CARTESIAN_POINT('',(0.,0.));
#9935 = VECTOR('',#9936,1.);
#9936 = DIRECTION('',(1.,0.));
#9937 = ( GEOMETRIC_REPRESENTATION_CONTEXT(2) 
PARAMETRIC_REPRESENTATION_CONTEXT() REPRESENTATION_CONTEXT('2D SPACE',''
  ) );
#9938 = PCURVE('',#9885,#9939);
#9939 = DEFINITIONAL_REPRESENTATION('',(#9940),#9944);
#9940 = B_SPLINE_CURVE_WITH_KNOTS('',2,(#9941,#9942,#9943),
  .UNSPECIFIED.,.F.,.F.,(3,3),(0.,1.),.PIECEWISE_BEZIER_KNOTS.);
#9941 = CARTESIAN_POINT('',(0.6826171875,0.6228515625));
#9942 = CARTESIAN_POINT('',(0.6826171875,0.540234375));
#9943 = CARTESIAN_POINT('',(0.64423828125,0.4857421875));
#9944 = ( GEOMETRIC_REPRESENTATION_CONTEXT(2) 
PARAMETRIC_REPRESENTATION_CONTEXT() REPRESENTATION_CONTEXT('2D SPACE',''
  ) );
#9945 = ADVANCED_FACE('',(#9946),#3253,.F.);
#9946 = FACE_BOUND('',#9947,.F.);
#9947 = EDGE_LOOP('',(#9948,#9971,#9972,#9973));
#9948 = ORIENTED_EDGE('',*,*,#9949,.T.);
#9949 = EDGE_CURVE('',#9950,#3208,#9952,.T.);
#9950 = VERTEX_POINT('',#9951);
#9951 = CARTESIAN_POINT('',(3.941015625,-4.2033203125,2.7));
#9952 = SURFACE_CURVE('',#9953,(#9957,#9964),.PCURVE_S1.);
#9953 = LINE('',#9954,#9955);
#9954 = CARTESIAN_POINT('',(3.941015625,-4.2033203125,2.7));
#9955 = VECTOR('',#9956,1.);
#9956 = DIRECTION('',(0.,0.,1.));
#9957 = PCURVE('',#3253,#9958);
#9958 = DEFINITIONAL_REPRESENTATION('',(#9959),#9963);
#9959 = LINE('',#9960,#9961);
#9960 = CARTESIAN_POINT('',(0.,0.));
#9961 = VECTOR('',#9962,1.);
#9962 = DIRECTION('',(0.,-1.));
#9963 = ( GEOMETRIC_REPRESENTATION_CONTEXT(2) 
PARAMETRIC_REPRESENTATION_CONTEXT() REPRESENTATION_CONTEXT('2D SPACE',''
  ) );
#9964 = PCURVE('',#3223,#9965);
#9965 = DEFINITIONAL_REPRESENTATION('',(#9966),#9970);
#9966 = LINE('',#9967,#9968);
#9967 = CARTESIAN_POINT('',(1.,0.));
#9968 = VECTOR('',#9969,1.);
#9969 = DIRECTION('',(0.,-1.));
#9970 = ( GEOMETRIC_REPRESENTATION_CONTEXT(2) 
PARAMETRIC_REPRESENTATION_CONTEXT() REPRESENTATION_CONTEXT('2D SPACE',''
  ) );
#9971 = ORIENTED_EDGE('',*,*,#3237,.T.);
#9972 = ORIENTED_EDGE('',*,*,#9900,.F.);
#9973 = ORIENTED_EDGE('',*,*,#9974,.F.);
#9974 = EDGE_CURVE('',#9950,#9901,#9975,.T.);
#9975 = SURFACE_CURVE('',#9976,(#9980,#9987),.PCURVE_S1.);
#9976 = B_SPLINE_CURVE_WITH_KNOTS('',2,(#9977,#9978,#9979),
  .UNSPECIFIED.,.F.,.F.,(3,3),(0.,1.),.PIECEWISE_BEZIER_KNOTS.);
#9977 = CARTESIAN_POINT('',(3.941015625,-4.2033203125,2.7));
#9978 = CARTESIAN_POINT('',(4.01484375,-4.266015625,2.7));
#9979 = CARTESIAN_POINT('',(4.01484375,-4.392578125,2.7));
#9980 = PCURVE('',#3253,#9981);
#9981 = DEFINITIONAL_REPRESENTATION('',(#9982),#9986);
#9982 = LINE('',#9983,#9984);
#9983 = CARTESIAN_POINT('',(0.,0.));
#9984 = VECTOR('',#9985,1.);
#9985 = DIRECTION('',(1.,0.));
#9986 = ( GEOMETRIC_REPRESENTATION_CONTEXT(2) 
PARAMETRIC_REPRESENTATION_CONTEXT() REPRESENTATION_CONTEXT('2D SPACE',''
  ) );
#9987 = PCURVE('',#9885,#9988);
#9988 = DEFINITIONAL_REPRESENTATION('',(#9989),#9993);
#9989 = B_SPLINE_CURVE_WITH_KNOTS('',2,(#9990,#9991,#9992),
  .UNSPECIFIED.,.F.,.F.,(3,3),(0.,1.),.PIECEWISE_BEZIER_KNOTS.);
#9990 = CARTESIAN_POINT('',(0.6087890625,0.812109375));
#9991 = CARTESIAN_POINT('',(0.6826171875,0.7494140625));
#9992 = CARTESIAN_POINT('',(0.6826171875,0.6228515625));
#9993 = ( GEOMETRIC_REPRESENTATION_CONTEXT(2) 
PARAMETRIC_REPRESENTATION_CONTEXT() REPRESENTATION_CONTEXT('2D SPACE',''
  ) );
#9994 = ADVANCED_FACE('',(#9995),#3223,.F.);
#9995 = FACE_BOUND('',#9996,.F.);
#9996 = EDGE_LOOP('',(#9997,#10020,#10021,#10022));
#9997 = ORIENTED_EDGE('',*,*,#9998,.T.);
#9998 = EDGE_CURVE('',#9999,#3180,#10001,.T.);
#9999 = VERTEX_POINT('',#10000);
#10000 = CARTESIAN_POINT('',(3.7171875,-4.140625,2.7));
#10001 = SURFACE_CURVE('',#10002,(#10006,#10013),.PCURVE_S1.);
#10002 = LINE('',#10003,#10004);
#10003 = CARTESIAN_POINT('',(3.7171875,-4.140625,2.7));
#10004 = VECTOR('',#10005,1.);
#10005 = DIRECTION('',(0.,0.,1.));
#10006 = PCURVE('',#3223,#10007);
#10007 = DEFINITIONAL_REPRESENTATION('',(#10008),#10012);
#10008 = LINE('',#10009,#10010);
#10009 = CARTESIAN_POINT('',(0.,0.));
#10010 = VECTOR('',#10011,1.);
#10011 = DIRECTION('',(0.,-1.));
#10012 = ( GEOMETRIC_REPRESENTATION_CONTEXT(2) 
PARAMETRIC_REPRESENTATION_CONTEXT() REPRESENTATION_CONTEXT('2D SPACE',''
  ) );
#10013 = PCURVE('',#3195,#10014);
#10014 = DEFINITIONAL_REPRESENTATION('',(#10015),#10019);
#10015 = LINE('',#10016,#10017);
#10016 = CARTESIAN_POINT('',(0.2671875,0.));
#10017 = VECTOR('',#10018,1.);
#10018 = DIRECTION('',(0.,-1.));
#10019 = ( GEOMETRIC_REPRESENTATION_CONTEXT(2) 
PARAMETRIC_REPRESENTATION_CONTEXT() REPRESENTATION_CONTEXT('2D SPACE',''
  ) );
#10020 = ORIENTED_EDGE('',*,*,#3207,.T.);
#10021 = ORIENTED_EDGE('',*,*,#9949,.F.);
#10022 = ORIENTED_EDGE('',*,*,#10023,.F.);
#10023 = EDGE_CURVE('',#9999,#9950,#10024,.T.);
#10024 = SURFACE_CURVE('',#10025,(#10029,#10036),.PCURVE_S1.);
#10025 = B_SPLINE_CURVE_WITH_KNOTS('',2,(#10026,#10027,#10028),
  .UNSPECIFIED.,.F.,.F.,(3,3),(0.,1.),.PIECEWISE_BEZIER_KNOTS.);
#10026 = CARTESIAN_POINT('',(3.7171875,-4.140625,2.7));
#10027 = CARTESIAN_POINT('',(3.8671875,-4.140625,2.7));
#10028 = CARTESIAN_POINT('',(3.941015625,-4.2033203125,2.7));
#10029 = PCURVE('',#3223,#10030);
#10030 = DEFINITIONAL_REPRESENTATION('',(#10031),#10035);
#10031 = LINE('',#10032,#10033);
#10032 = CARTESIAN_POINT('',(0.,0.));
#10033 = VECTOR('',#10034,1.);
#10034 = DIRECTION('',(1.,0.));
#10035 = ( GEOMETRIC_REPRESENTATION_CONTEXT(2) 
PARAMETRIC_REPRESENTATION_CONTEXT() REPRESENTATION_CONTEXT('2D SPACE',''
  ) );
#10036 = PCURVE('',#9885,#10037);
#10037 = DEFINITIONAL_REPRESENTATION('',(#10038),#10042);
#10038 = B_SPLINE_CURVE_WITH_KNOTS('',2,(#10039,#10040,#10041),
  .UNSPECIFIED.,.F.,.F.,(3,3),(0.,1.),.PIECEWISE_BEZIER_KNOTS.);
#10039 = CARTESIAN_POINT('',(0.3849609375,0.8748046875));
#10040 = CARTESIAN_POINT('',(0.5349609375,0.8748046875));
#10041 = CARTESIAN_POINT('',(0.6087890625,0.812109375));
#10042 = ( GEOMETRIC_REPRESENTATION_CONTEXT(2) 
PARAMETRIC_REPRESENTATION_CONTEXT() REPRESENTATION_CONTEXT('2D SPACE',''
  ) );
#10043 = ADVANCED_FACE('',(#10044),#3195,.F.);
#10044 = FACE_BOUND('',#10045,.F.);
#10045 = EDGE_LOOP('',(#10046,#10069,#10070,#10071));
#10046 = ORIENTED_EDGE('',*,*,#10047,.T.);
#10047 = EDGE_CURVE('',#10048,#3152,#10050,.T.);
#10048 = VERTEX_POINT('',#10049);
#10049 = CARTESIAN_POINT('',(3.45,-4.140625,2.7));
#10050 = SURFACE_CURVE('',#10051,(#10055,#10062),.PCURVE_S1.);
#10051 = LINE('',#10052,#10053);
#10052 = CARTESIAN_POINT('',(3.45,-4.140625,2.7));
#10053 = VECTOR('',#10054,1.);
#10054 = DIRECTION('',(0.,0.,1.));
#10055 = PCURVE('',#3195,#10056);
#10056 = DEFINITIONAL_REPRESENTATION('',(#10057),#10061);
#10057 = LINE('',#10058,#10059);
#10058 = CARTESIAN_POINT('',(0.,0.));
#10059 = VECTOR('',#10060,1.);
#10060 = DIRECTION('',(0.,-1.));
#10061 = ( GEOMETRIC_REPRESENTATION_CONTEXT(2) 
PARAMETRIC_REPRESENTATION_CONTEXT() REPRESENTATION_CONTEXT('2D SPACE',''
  ) );
#10062 = PCURVE('',#3167,#10063);
#10063 = DEFINITIONAL_REPRESENTATION('',(#10064),#10068);
#10064 = LINE('',#10065,#10066);
#10065 = CARTESIAN_POINT('',(0.8748046875,0.));
#10066 = VECTOR('',#10067,1.);
#10067 = DIRECTION('',(0.,-1.));
#10068 = ( GEOMETRIC_REPRESENTATION_CONTEXT(2) 
PARAMETRIC_REPRESENTATION_CONTEXT() REPRESENTATION_CONTEXT('2D SPACE',''
  ) );
#10069 = ORIENTED_EDGE('',*,*,#3179,.T.);
#10070 = ORIENTED_EDGE('',*,*,#9998,.F.);
#10071 = ORIENTED_EDGE('',*,*,#10072,.F.);
#10072 = EDGE_CURVE('',#10048,#9999,#10073,.T.);
#10073 = SURFACE_CURVE('',#10074,(#10078,#10085),.PCURVE_S1.);
#10074 = LINE('',#10075,#10076);
#10075 = CARTESIAN_POINT('',(3.45,-4.140625,2.7));
#10076 = VECTOR('',#10077,1.);
#10077 = DIRECTION('',(1.,0.,0.));
#10078 = PCURVE('',#3195,#10079);
#10079 = DEFINITIONAL_REPRESENTATION('',(#10080),#10084);
#10080 = LINE('',#10081,#10082);
#10081 = CARTESIAN_POINT('',(-4.440892098501E-16,0.));
#10082 = VECTOR('',#10083,1.);
#10083 = DIRECTION('',(1.,0.));
#10084 = ( GEOMETRIC_REPRESENTATION_CONTEXT(2) 
PARAMETRIC_REPRESENTATION_CONTEXT() REPRESENTATION_CONTEXT('2D SPACE',''
  ) );
#10085 = PCURVE('',#9885,#10086);
#10086 = DEFINITIONAL_REPRESENTATION('',(#10087),#10091);
#10087 = LINE('',#10088,#10089);
#10088 = CARTESIAN_POINT('',(0.1177734375,0.8748046875));
#10089 = VECTOR('',#10090,1.);
#10090 = DIRECTION('',(1.,0.));
#10091 = ( GEOMETRIC_REPRESENTATION_CONTEXT(2) 
PARAMETRIC_REPRESENTATION_CONTEXT() REPRESENTATION_CONTEXT('2D SPACE',''
  ) );
#10092 = ADVANCED_FACE('',(#10093),#3167,.F.);
#10093 = FACE_BOUND('',#10094,.F.);
#10094 = EDGE_LOOP('',(#10095,#10118,#10119,#10120));
#10095 = ORIENTED_EDGE('',*,*,#10096,.T.);
#10096 = EDGE_CURVE('',#10097,#3124,#10099,.T.);
#10097 = VERTEX_POINT('',#10098);
#10098 = CARTESIAN_POINT('',(3.45,-5.0154296875,2.7));
#10099 = SURFACE_CURVE('',#10100,(#10104,#10111),.PCURVE_S1.);
#10100 = LINE('',#10101,#10102);
#10101 = CARTESIAN_POINT('',(3.45,-5.0154296875,2.7));
#10102 = VECTOR('',#10103,1.);
#10103 = DIRECTION('',(0.,0.,1.));
#10104 = PCURVE('',#3167,#10105);
#10105 = DEFINITIONAL_REPRESENTATION('',(#10106),#10110);
#10106 = LINE('',#10107,#10108);
#10107 = CARTESIAN_POINT('',(0.,0.));
#10108 = VECTOR('',#10109,1.);
#10109 = DIRECTION('',(0.,-1.));
#10110 = ( GEOMETRIC_REPRESENTATION_CONTEXT(2) 
PARAMETRIC_REPRESENTATION_CONTEXT() REPRESENTATION_CONTEXT('2D SPACE',''
  ) );
#10111 = PCURVE('',#3139,#10112);
#10112 = DEFINITIONAL_REPRESENTATION('',(#10113),#10117);
#10113 = LINE('',#10114,#10115);
#10114 = CARTESIAN_POINT('',(0.118359375,0.));
#10115 = VECTOR('',#10116,1.);
#10116 = DIRECTION('',(0.,-1.));
#10117 = ( GEOMETRIC_REPRESENTATION_CONTEXT(2) 
PARAMETRIC_REPRESENTATION_CONTEXT() REPRESENTATION_CONTEXT('2D SPACE',''
  ) );
#10118 = ORIENTED_EDGE('',*,*,#3151,.T.);
#10119 = ORIENTED_EDGE('',*,*,#10047,.F.);
#10120 = ORIENTED_EDGE('',*,*,#10121,.F.);
#10121 = EDGE_CURVE('',#10097,#10048,#10122,.T.);
#10122 = SURFACE_CURVE('',#10123,(#10127,#10134),.PCURVE_S1.);
#10123 = LINE('',#10124,#10125);
#10124 = CARTESIAN_POINT('',(3.45,-5.0154296875,2.7));
#10125 = VECTOR('',#10126,1.);
#10126 = DIRECTION('',(0.,1.,0.));
#10127 = PCURVE('',#3167,#10128);
#10128 = DEFINITIONAL_REPRESENTATION('',(#10129),#10133);
#10129 = LINE('',#10130,#10131);
#10130 = CARTESIAN_POINT('',(0.,0.));
#10131 = VECTOR('',#10132,1.);
#10132 = DIRECTION('',(1.,0.));
#10133 = ( GEOMETRIC_REPRESENTATION_CONTEXT(2) 
PARAMETRIC_REPRESENTATION_CONTEXT() REPRESENTATION_CONTEXT('2D SPACE',''
  ) );
#10134 = PCURVE('',#9885,#10135);
#10135 = DEFINITIONAL_REPRESENTATION('',(#10136),#10140);
#10136 = LINE('',#10137,#10138);
#10137 = CARTESIAN_POINT('',(0.1177734375,0.));
#10138 = VECTOR('',#10139,1.);
#10139 = DIRECTION('',(0.,1.));
#10140 = ( GEOMETRIC_REPRESENTATION_CONTEXT(2) 
PARAMETRIC_REPRESENTATION_CONTEXT() REPRESENTATION_CONTEXT('2D SPACE',''
  ) );
#10141 = ADVANCED_FACE('',(#10142),#3139,.F.);
#10142 = FACE_BOUND('',#10143,.F.);
#10143 = EDGE_LOOP('',(#10144,#10167,#10168,#10169));
#10144 = ORIENTED_EDGE('',*,*,#10145,.T.);
#10145 = EDGE_CURVE('',#10146,#3096,#10148,.T.);
#10146 = VERTEX_POINT('',#10147);
#10147 = CARTESIAN_POINT('',(3.568359375,-5.0154296875,2.7));
#10148 = SURFACE_CURVE('',#10149,(#10153,#10160),.PCURVE_S1.);
#10149 = LINE('',#10150,#10151);
#10150 = CARTESIAN_POINT('',(3.568359375,-5.0154296875,2.7));
#10151 = VECTOR('',#10152,1.);
#10152 = DIRECTION('',(0.,0.,1.));
#10153 = PCURVE('',#3139,#10154);
#10154 = DEFINITIONAL_REPRESENTATION('',(#10155),#10159);
#10155 = LINE('',#10156,#10157);
#10156 = CARTESIAN_POINT('',(0.,-0.));
#10157 = VECTOR('',#10158,1.);
#10158 = DIRECTION('',(0.,-1.));
#10159 = ( GEOMETRIC_REPRESENTATION_CONTEXT(2) 
PARAMETRIC_REPRESENTATION_CONTEXT() REPRESENTATION_CONTEXT('2D SPACE',''
  ) );
#10160 = PCURVE('',#3111,#10161);
#10161 = DEFINITIONAL_REPRESENTATION('',(#10162),#10166);
#10162 = LINE('',#10163,#10164);
#10163 = CARTESIAN_POINT('',(0.3697265625,0.));
#10164 = VECTOR('',#10165,1.);
#10165 = DIRECTION('',(0.,-1.));
#10166 = ( GEOMETRIC_REPRESENTATION_CONTEXT(2) 
PARAMETRIC_REPRESENTATION_CONTEXT() REPRESENTATION_CONTEXT('2D SPACE',''
  ) );
#10167 = ORIENTED_EDGE('',*,*,#3123,.T.);
#10168 = ORIENTED_EDGE('',*,*,#10096,.F.);
#10169 = ORIENTED_EDGE('',*,*,#10170,.F.);
#10170 = EDGE_CURVE('',#10146,#10097,#10171,.T.);
#10171 = SURFACE_CURVE('',#10172,(#10176,#10183),.PCURVE_S1.);
#10172 = LINE('',#10173,#10174);
#10173 = CARTESIAN_POINT('',(3.568359375,-5.0154296875,2.7));
#10174 = VECTOR('',#10175,1.);
#10175 = DIRECTION('',(-1.,0.,0.));
#10176 = PCURVE('',#3139,#10177);
#10177 = DEFINITIONAL_REPRESENTATION('',(#10178),#10182);
#10178 = LINE('',#10179,#10180);
#10179 = CARTESIAN_POINT('',(8.881784197001E-16,0.));
#10180 = VECTOR('',#10181,1.);
#10181 = DIRECTION('',(1.,0.));
#10182 = ( GEOMETRIC_REPRESENTATION_CONTEXT(2) 
PARAMETRIC_REPRESENTATION_CONTEXT() REPRESENTATION_CONTEXT('2D SPACE',''
  ) );
#10183 = PCURVE('',#9885,#10184);
#10184 = DEFINITIONAL_REPRESENTATION('',(#10185),#10189);
#10185 = LINE('',#10186,#10187);
#10186 = CARTESIAN_POINT('',(0.2361328125,0.));
#10187 = VECTOR('',#10188,1.);
#10188 = DIRECTION('',(-1.,0.));
#10189 = ( GEOMETRIC_REPRESENTATION_CONTEXT(2) 
PARAMETRIC_REPRESENTATION_CONTEXT() REPRESENTATION_CONTEXT('2D SPACE',''
  ) );
#10190 = ADVANCED_FACE('',(#10191),#3111,.F.);
#10191 = FACE_BOUND('',#10192,.F.);
#10192 = EDGE_LOOP('',(#10193,#10216,#10217,#10218));
#10193 = ORIENTED_EDGE('',*,*,#10194,.T.);
#10194 = EDGE_CURVE('',#10195,#3068,#10197,.T.);
#10195 = VERTEX_POINT('',#10196);
#10196 = CARTESIAN_POINT('',(3.568359375,-4.645703125,2.7));
#10197 = SURFACE_CURVE('',#10198,(#10202,#10209),.PCURVE_S1.);
#10198 = LINE('',#10199,#10200);
#10199 = CARTESIAN_POINT('',(3.568359375,-4.645703125,2.7));
#10200 = VECTOR('',#10201,1.);
#10201 = DIRECTION('',(0.,0.,1.));
#10202 = PCURVE('',#3111,#10203);
#10203 = DEFINITIONAL_REPRESENTATION('',(#10204),#10208);
#10204 = LINE('',#10205,#10206);
#10205 = CARTESIAN_POINT('',(0.,0.));
#10206 = VECTOR('',#10207,1.);
#10207 = DIRECTION('',(0.,-1.));
#10208 = ( GEOMETRIC_REPRESENTATION_CONTEXT(2) 
PARAMETRIC_REPRESENTATION_CONTEXT() REPRESENTATION_CONTEXT('2D SPACE',''
  ) );
#10209 = PCURVE('',#3083,#10210);
#10210 = DEFINITIONAL_REPRESENTATION('',(#10211),#10215);
#10211 = LINE('',#10212,#10213);
#10212 = CARTESIAN_POINT('',(0.12890625,0.));
#10213 = VECTOR('',#10214,1.);
#10214 = DIRECTION('',(0.,-1.));
#10215 = ( GEOMETRIC_REPRESENTATION_CONTEXT(2) 
PARAMETRIC_REPRESENTATION_CONTEXT() REPRESENTATION_CONTEXT('2D SPACE',''
  ) );
#10216 = ORIENTED_EDGE('',*,*,#3095,.T.);
#10217 = ORIENTED_EDGE('',*,*,#10145,.F.);
#10218 = ORIENTED_EDGE('',*,*,#10219,.F.);
#10219 = EDGE_CURVE('',#10195,#10146,#10220,.T.);
#10220 = SURFACE_CURVE('',#10221,(#10225,#10232),.PCURVE_S1.);
#10221 = LINE('',#10222,#10223);
#10222 = CARTESIAN_POINT('',(3.568359375,-4.645703125,2.7));
#10223 = VECTOR('',#10224,1.);
#10224 = DIRECTION('',(0.,-1.,0.));
#10225 = PCURVE('',#3111,#10226);
#10226 = DEFINITIONAL_REPRESENTATION('',(#10227),#10231);
#10227 = LINE('',#10228,#10229);
#10228 = CARTESIAN_POINT('',(-8.881784197001E-16,0.));
#10229 = VECTOR('',#10230,1.);
#10230 = DIRECTION('',(1.,0.));
#10231 = ( GEOMETRIC_REPRESENTATION_CONTEXT(2) 
PARAMETRIC_REPRESENTATION_CONTEXT() REPRESENTATION_CONTEXT('2D SPACE',''
  ) );
#10232 = PCURVE('',#9885,#10233);
#10233 = DEFINITIONAL_REPRESENTATION('',(#10234),#10238);
#10234 = LINE('',#10235,#10236);
#10235 = CARTESIAN_POINT('',(0.2361328125,0.3697265625));
#10236 = VECTOR('',#10237,1.);
#10237 = DIRECTION('',(0.,-1.));
#10238 = ( GEOMETRIC_REPRESENTATION_CONTEXT(2) 
PARAMETRIC_REPRESENTATION_CONTEXT() REPRESENTATION_CONTEXT('2D SPACE',''
  ) );
#10239 = ADVANCED_FACE('',(#10240),#3083,.F.);
#10240 = FACE_BOUND('',#10241,.F.);
#10241 = EDGE_LOOP('',(#10242,#10265,#10266,#10267));
#10242 = ORIENTED_EDGE('',*,*,#10243,.T.);
#10243 = EDGE_CURVE('',#10244,#3038,#10246,.T.);
#10244 = VERTEX_POINT('',#10245);
#10245 = CARTESIAN_POINT('',(3.697265625,-4.645703125,2.7));
#10246 = SURFACE_CURVE('',#10247,(#10251,#10258),.PCURVE_S1.);
#10247 = LINE('',#10248,#10249);
#10248 = CARTESIAN_POINT('',(3.697265625,-4.645703125,2.7));
#10249 = VECTOR('',#10250,1.);
#10250 = DIRECTION('',(0.,0.,1.));
#10251 = PCURVE('',#3083,#10252);
#10252 = DEFINITIONAL_REPRESENTATION('',(#10253),#10257);
#10253 = LINE('',#10254,#10255);
#10254 = CARTESIAN_POINT('',(0.,-0.));
#10255 = VECTOR('',#10256,1.);
#10256 = DIRECTION('',(0.,-1.));
#10257 = ( GEOMETRIC_REPRESENTATION_CONTEXT(2) 
PARAMETRIC_REPRESENTATION_CONTEXT() REPRESENTATION_CONTEXT('2D SPACE',''
  ) );
#10258 = PCURVE('',#3053,#10259);
#10259 = DEFINITIONAL_REPRESENTATION('',(#10260),#10264);
#10260 = LINE('',#10261,#10262);
#10261 = CARTESIAN_POINT('',(1.,0.));
#10262 = VECTOR('',#10263,1.);
#10263 = DIRECTION('',(0.,-1.));
#10264 = ( GEOMETRIC_REPRESENTATION_CONTEXT(2) 
PARAMETRIC_REPRESENTATION_CONTEXT() REPRESENTATION_CONTEXT('2D SPACE',''
  ) );
#10265 = ORIENTED_EDGE('',*,*,#3067,.T.);
#10266 = ORIENTED_EDGE('',*,*,#10194,.F.);
#10267 = ORIENTED_EDGE('',*,*,#10268,.F.);
#10268 = EDGE_CURVE('',#10244,#10195,#10269,.T.);
#10269 = SURFACE_CURVE('',#10270,(#10274,#10281),.PCURVE_S1.);
#10270 = LINE('',#10271,#10272);
#10271 = CARTESIAN_POINT('',(3.697265625,-4.645703125,2.7));
#10272 = VECTOR('',#10273,1.);
#10273 = DIRECTION('',(-1.,0.,0.));
#10274 = PCURVE('',#3083,#10275);
#10275 = DEFINITIONAL_REPRESENTATION('',(#10276),#10280);
#10276 = LINE('',#10277,#10278);
#10277 = CARTESIAN_POINT('',(8.881784197001E-16,0.));
#10278 = VECTOR('',#10279,1.);
#10279 = DIRECTION('',(1.,0.));
#10280 = ( GEOMETRIC_REPRESENTATION_CONTEXT(2) 
PARAMETRIC_REPRESENTATION_CONTEXT() REPRESENTATION_CONTEXT('2D SPACE',''
  ) );
#10281 = PCURVE('',#9885,#10282);
#10282 = DEFINITIONAL_REPRESENTATION('',(#10283),#10287);
#10283 = LINE('',#10284,#10285);
#10284 = CARTESIAN_POINT('',(0.3650390625,0.3697265625));
#10285 = VECTOR('',#10286,1.);
#10286 = DIRECTION('',(-1.,0.));
#10287 = ( GEOMETRIC_REPRESENTATION_CONTEXT(2) 
PARAMETRIC_REPRESENTATION_CONTEXT() REPRESENTATION_CONTEXT('2D SPACE',''
  ) );
#10288 = ADVANCED_FACE('',(#10289),#3053,.F.);
#10289 = FACE_BOUND('',#10290,.F.);
#10290 = EDGE_LOOP('',(#10291,#10314,#10315,#10316));
#10291 = ORIENTED_EDGE('',*,*,#10292,.T.);
#10292 = EDGE_CURVE('',#10293,#3008,#10295,.T.);
#10293 = VERTEX_POINT('',#10294);
#10294 = CARTESIAN_POINT('',(3.80830078125,-4.6744140625,2.7));
#10295 = SURFACE_CURVE('',#10296,(#10300,#10307),.PCURVE_S1.);
#10296 = LINE('',#10297,#10298);
#10297 = CARTESIAN_POINT('',(3.80830078125,-4.6744140625,2.7));
#10298 = VECTOR('',#10299,1.);
#10299 = DIRECTION('',(0.,0.,1.));
#10300 = PCURVE('',#3053,#10301);
#10301 = DEFINITIONAL_REPRESENTATION('',(#10302),#10306);
#10302 = LINE('',#10303,#10304);
#10303 = CARTESIAN_POINT('',(0.,0.));
#10304 = VECTOR('',#10305,1.);
#10305 = DIRECTION('',(0.,-1.));
#10306 = ( GEOMETRIC_REPRESENTATION_CONTEXT(2) 
PARAMETRIC_REPRESENTATION_CONTEXT() REPRESENTATION_CONTEXT('2D SPACE',''
  ) );
#10307 = PCURVE('',#3023,#10308);
#10308 = DEFINITIONAL_REPRESENTATION('',(#10309),#10313);
#10309 = LINE('',#10310,#10311);
#10310 = CARTESIAN_POINT('',(1.,0.));
#10311 = VECTOR('',#10312,1.);
#10312 = DIRECTION('',(0.,-1.));
#10313 = ( GEOMETRIC_REPRESENTATION_CONTEXT(2) 
PARAMETRIC_REPRESENTATION_CONTEXT() REPRESENTATION_CONTEXT('2D SPACE',''
  ) );
#10314 = ORIENTED_EDGE('',*,*,#3037,.T.);
#10315 = ORIENTED_EDGE('',*,*,#10243,.F.);
#10316 = ORIENTED_EDGE('',*,*,#10317,.F.);
#10317 = EDGE_CURVE('',#10293,#10244,#10318,.T.);
#10318 = SURFACE_CURVE('',#10319,(#10323,#10330),.PCURVE_S1.);
#10319 = B_SPLINE_CURVE_WITH_KNOTS('',2,(#10320,#10321,#10322),
  .UNSPECIFIED.,.F.,.F.,(3,3),(0.,1.),.PIECEWISE_BEZIER_KNOTS.);
#10320 = CARTESIAN_POINT('',(3.80830078125,-4.6744140625,2.7));
#10321 = CARTESIAN_POINT('',(3.767578125,-4.645703125,2.7));
#10322 = CARTESIAN_POINT('',(3.697265625,-4.645703125,2.7));
#10323 = PCURVE('',#3053,#10324);
#10324 = DEFINITIONAL_REPRESENTATION('',(#10325),#10329);
#10325 = LINE('',#10326,#10327);
#10326 = CARTESIAN_POINT('',(0.,0.));
#10327 = VECTOR('',#10328,1.);
#10328 = DIRECTION('',(1.,0.));
#10329 = ( GEOMETRIC_REPRESENTATION_CONTEXT(2) 
PARAMETRIC_REPRESENTATION_CONTEXT() REPRESENTATION_CONTEXT('2D SPACE',''
  ) );
#10330 = PCURVE('',#9885,#10331);
#10331 = DEFINITIONAL_REPRESENTATION('',(#10332),#10336);
#10332 = B_SPLINE_CURVE_WITH_KNOTS('',2,(#10333,#10334,#10335),
  .UNSPECIFIED.,.F.,.F.,(3,3),(0.,1.),.PIECEWISE_BEZIER_KNOTS.);
#10333 = CARTESIAN_POINT('',(0.47607421875,0.341015625));
#10334 = CARTESIAN_POINT('',(0.4353515625,0.3697265625));
#10335 = CARTESIAN_POINT('',(0.3650390625,0.3697265625));
#10336 = ( GEOMETRIC_REPRESENTATION_CONTEXT(2) 
PARAMETRIC_REPRESENTATION_CONTEXT() REPRESENTATION_CONTEXT('2D SPACE',''
  ) );
#10337 = ADVANCED_FACE('',(#10338),#3023,.F.);
#10338 = FACE_BOUND('',#10339,.F.);
#10339 = EDGE_LOOP('',(#10340,#10363,#10364,#10365));
#10340 = ORIENTED_EDGE('',*,*,#10341,.T.);
#10341 = EDGE_CURVE('',#10342,#2980,#10344,.T.);
#10342 = VERTEX_POINT('',#10343);
#10343 = CARTESIAN_POINT('',(3.8923828125,-4.791015625,2.7));
#10344 = SURFACE_CURVE('',#10345,(#10349,#10356),.PCURVE_S1.);
#10345 = LINE('',#10346,#10347);
#10346 = CARTESIAN_POINT('',(3.8923828125,-4.791015625,2.7));
#10347 = VECTOR('',#10348,1.);
#10348 = DIRECTION('',(0.,0.,1.));
#10349 = PCURVE('',#3023,#10350);
#10350 = DEFINITIONAL_REPRESENTATION('',(#10351),#10355);
#10351 = LINE('',#10352,#10353);
#10352 = CARTESIAN_POINT('',(0.,0.));
#10353 = VECTOR('',#10354,1.);
#10354 = DIRECTION('',(0.,-1.));
#10355 = ( GEOMETRIC_REPRESENTATION_CONTEXT(2) 
PARAMETRIC_REPRESENTATION_CONTEXT() REPRESENTATION_CONTEXT('2D SPACE',''
  ) );
#10356 = PCURVE('',#2995,#10357);
#10357 = DEFINITIONAL_REPRESENTATION('',(#10358),#10362);
#10358 = LINE('',#10359,#10360);
#10359 = CARTESIAN_POINT('',(0.250771666727,0.));
#10360 = VECTOR('',#10361,1.);
#10361 = DIRECTION('',(0.,-1.));
#10362 = ( GEOMETRIC_REPRESENTATION_CONTEXT(2) 
PARAMETRIC_REPRESENTATION_CONTEXT() REPRESENTATION_CONTEXT('2D SPACE',''
  ) );
#10363 = ORIENTED_EDGE('',*,*,#3007,.T.);
#10364 = ORIENTED_EDGE('',*,*,#10292,.F.);
#10365 = ORIENTED_EDGE('',*,*,#10366,.F.);
#10366 = EDGE_CURVE('',#10342,#10293,#10367,.T.);
#10367 = SURFACE_CURVE('',#10368,(#10372,#10379),.PCURVE_S1.);
#10368 = B_SPLINE_CURVE_WITH_KNOTS('',2,(#10369,#10370,#10371),
  .UNSPECIFIED.,.F.,.F.,(3,3),(0.,1.),.PIECEWISE_BEZIER_KNOTS.);
#10369 = CARTESIAN_POINT('',(3.8923828125,-4.791015625,2.7));
#10370 = CARTESIAN_POINT('',(3.8490234375,-4.703125,2.7));
#10371 = CARTESIAN_POINT('',(3.80830078125,-4.6744140625,2.7));
#10372 = PCURVE('',#3023,#10373);
#10373 = DEFINITIONAL_REPRESENTATION('',(#10374),#10378);
#10374 = LINE('',#10375,#10376);
#10375 = CARTESIAN_POINT('',(0.,0.));
#10376 = VECTOR('',#10377,1.);
#10377 = DIRECTION('',(1.,0.));
#10378 = ( GEOMETRIC_REPRESENTATION_CONTEXT(2) 
PARAMETRIC_REPRESENTATION_CONTEXT() REPRESENTATION_CONTEXT('2D SPACE',''
  ) );
#10379 = PCURVE('',#9885,#10380);
#10380 = DEFINITIONAL_REPRESENTATION('',(#10381),#10385);
#10381 = B_SPLINE_CURVE_WITH_KNOTS('',2,(#10382,#10383,#10384),
  .UNSPECIFIED.,.F.,.F.,(3,3),(0.,1.),.PIECEWISE_BEZIER_KNOTS.);
#10382 = CARTESIAN_POINT('',(0.56015625,0.2244140625));
#10383 = CARTESIAN_POINT('',(0.516796875,0.3123046875));
#10384 = CARTESIAN_POINT('',(0.47607421875,0.341015625));
#10385 = ( GEOMETRIC_REPRESENTATION_CONTEXT(2) 
PARAMETRIC_REPRESENTATION_CONTEXT() REPRESENTATION_CONTEXT('2D SPACE',''
  ) );
#10386 = ADVANCED_FACE('',(#10387),#2995,.F.);
#10387 = FACE_BOUND('',#10388,.F.);
#10388 = EDGE_LOOP('',(#10389,#10412,#10413,#10414));
#10389 = ORIENTED_EDGE('',*,*,#10390,.T.);
#10390 = EDGE_CURVE('',#10391,#2952,#10393,.T.);
#10391 = VERTEX_POINT('',#10392);
#10392 = CARTESIAN_POINT('',(4.004296875,-5.0154296875,2.7));
#10393 = SURFACE_CURVE('',#10394,(#10398,#10405),.PCURVE_S1.);
#10394 = LINE('',#10395,#10396);
#10395 = CARTESIAN_POINT('',(4.004296875,-5.0154296875,2.7));
#10396 = VECTOR('',#10397,1.);
#10397 = DIRECTION('',(0.,0.,1.));
#10398 = PCURVE('',#2995,#10399);
#10399 = DEFINITIONAL_REPRESENTATION('',(#10400),#10404);
#10400 = LINE('',#10401,#10402);
#10401 = CARTESIAN_POINT('',(0.,0.));
#10402 = VECTOR('',#10403,1.);
#10403 = DIRECTION('',(0.,-1.));
#10404 = ( GEOMETRIC_REPRESENTATION_CONTEXT(2) 
PARAMETRIC_REPRESENTATION_CONTEXT() REPRESENTATION_CONTEXT('2D SPACE',''
  ) );
#10405 = PCURVE('',#2967,#10406);
#10406 = DEFINITIONAL_REPRESENTATION('',(#10407),#10411);
#10407 = LINE('',#10408,#10409);
#10408 = CARTESIAN_POINT('',(0.1271484375,0.));
#10409 = VECTOR('',#10410,1.);
#10410 = DIRECTION('',(0.,-1.));
#10411 = ( GEOMETRIC_REPRESENTATION_CONTEXT(2) 
PARAMETRIC_REPRESENTATION_CONTEXT() REPRESENTATION_CONTEXT('2D SPACE',''
  ) );
#10412 = ORIENTED_EDGE('',*,*,#2979,.T.);
#10413 = ORIENTED_EDGE('',*,*,#10341,.F.);
#10414 = ORIENTED_EDGE('',*,*,#10415,.F.);
#10415 = EDGE_CURVE('',#10391,#10342,#10416,.T.);
#10416 = SURFACE_CURVE('',#10417,(#10421,#10428),.PCURVE_S1.);
#10417 = LINE('',#10418,#10419);
#10418 = CARTESIAN_POINT('',(4.004296875,-5.0154296875,2.7));
#10419 = VECTOR('',#10420,1.);
#10420 = DIRECTION('',(-0.446278736193,0.894894010273,0.));
#10421 = PCURVE('',#2995,#10422);
#10422 = DEFINITIONAL_REPRESENTATION('',(#10423),#10427);
#10423 = LINE('',#10424,#10425);
#10424 = CARTESIAN_POINT('',(0.,0.));
#10425 = VECTOR('',#10426,1.);
#10426 = DIRECTION('',(1.,0.));
#10427 = ( GEOMETRIC_REPRESENTATION_CONTEXT(2) 
PARAMETRIC_REPRESENTATION_CONTEXT() REPRESENTATION_CONTEXT('2D SPACE',''
  ) );
#10428 = PCURVE('',#9885,#10429);
#10429 = DEFINITIONAL_REPRESENTATION('',(#10430),#10434);
#10430 = LINE('',#10431,#10432);
#10431 = CARTESIAN_POINT('',(0.6720703125,0.));
#10432 = VECTOR('',#10433,1.);
#10433 = DIRECTION('',(-0.446278736193,0.894894010273));
#10434 = ( GEOMETRIC_REPRESENTATION_CONTEXT(2) 
PARAMETRIC_REPRESENTATION_CONTEXT() REPRESENTATION_CONTEXT('2D SPACE',''
  ) );
#10435 = ADVANCED_FACE('',(#10436),#2967,.F.);
#10436 = FACE_BOUND('',#10437,.F.);
#10437 = EDGE_LOOP('',(#10438,#10461,#10462,#10463));
#10438 = ORIENTED_EDGE('',*,*,#10439,.T.);
#10439 = EDGE_CURVE('',#10440,#2924,#10442,.T.);
#10440 = VERTEX_POINT('',#10441);
#10441 = CARTESIAN_POINT('',(4.1314453125,-5.0154296875,2.7));
#10442 = SURFACE_CURVE('',#10443,(#10447,#10454),.PCURVE_S1.);
#10443 = LINE('',#10444,#10445);
#10444 = CARTESIAN_POINT('',(4.1314453125,-5.0154296875,2.7));
#10445 = VECTOR('',#10446,1.);
#10446 = DIRECTION('',(0.,0.,1.));
#10447 = PCURVE('',#2967,#10448);
#10448 = DEFINITIONAL_REPRESENTATION('',(#10449),#10453);
#10449 = LINE('',#10450,#10451);
#10450 = CARTESIAN_POINT('',(0.,-0.));
#10451 = VECTOR('',#10452,1.);
#10452 = DIRECTION('',(0.,-1.));
#10453 = ( GEOMETRIC_REPRESENTATION_CONTEXT(2) 
PARAMETRIC_REPRESENTATION_CONTEXT() REPRESENTATION_CONTEXT('2D SPACE',''
  ) );
#10454 = PCURVE('',#2939,#10455);
#10455 = DEFINITIONAL_REPRESENTATION('',(#10456),#10460);
#10456 = LINE('',#10457,#10458);
#10457 = CARTESIAN_POINT('',(0.26754255295,0.));
#10458 = VECTOR('',#10459,1.);
#10459 = DIRECTION('',(0.,-1.));
#10460 = ( GEOMETRIC_REPRESENTATION_CONTEXT(2) 
PARAMETRIC_REPRESENTATION_CONTEXT() REPRESENTATION_CONTEXT('2D SPACE',''
  ) );
#10461 = ORIENTED_EDGE('',*,*,#2951,.T.);
#10462 = ORIENTED_EDGE('',*,*,#10390,.F.);
#10463 = ORIENTED_EDGE('',*,*,#10464,.F.);
#10464 = EDGE_CURVE('',#10440,#10391,#10465,.T.);
#10465 = SURFACE_CURVE('',#10466,(#10470,#10477),.PCURVE_S1.);
#10466 = LINE('',#10467,#10468);
#10467 = CARTESIAN_POINT('',(4.1314453125,-5.0154296875,2.7));
#10468 = VECTOR('',#10469,1.);
#10469 = DIRECTION('',(-1.,0.,0.));
#10470 = PCURVE('',#2967,#10471);
#10471 = DEFINITIONAL_REPRESENTATION('',(#10472),#10476);
#10472 = LINE('',#10473,#10474);
#10473 = CARTESIAN_POINT('',(1.7763568394E-15,0.));
#10474 = VECTOR('',#10475,1.);
#10475 = DIRECTION('',(1.,0.));
#10476 = ( GEOMETRIC_REPRESENTATION_CONTEXT(2) 
PARAMETRIC_REPRESENTATION_CONTEXT() REPRESENTATION_CONTEXT('2D SPACE',''
  ) );
#10477 = PCURVE('',#9885,#10478);
#10478 = DEFINITIONAL_REPRESENTATION('',(#10479),#10483);
#10479 = LINE('',#10480,#10481);
#10480 = CARTESIAN_POINT('',(0.79921875,0.));
#10481 = VECTOR('',#10482,1.);
#10482 = DIRECTION('',(-1.,0.));
#10483 = ( GEOMETRIC_REPRESENTATION_CONTEXT(2) 
PARAMETRIC_REPRESENTATION_CONTEXT() REPRESENTATION_CONTEXT('2D SPACE',''
  ) );
#10484 = ADVANCED_FACE('',(#10485),#2939,.F.);
#10485 = FACE_BOUND('',#10486,.F.);
#10486 = EDGE_LOOP('',(#10487,#10510,#10511,#10512));
#10487 = ORIENTED_EDGE('',*,*,#10488,.T.);
#10488 = EDGE_CURVE('',#10489,#2894,#10491,.T.);
#10489 = VERTEX_POINT('',#10490);
#10490 = CARTESIAN_POINT('',(4.011328125,-4.7763671875,2.7));
#10491 = SURFACE_CURVE('',#10492,(#10496,#10503),.PCURVE_S1.);
#10492 = LINE('',#10493,#10494);
#10493 = CARTESIAN_POINT('',(4.011328125,-4.7763671875,2.7));
#10494 = VECTOR('',#10495,1.);
#10495 = DIRECTION('',(0.,0.,1.));
#10496 = PCURVE('',#2939,#10497);
#10497 = DEFINITIONAL_REPRESENTATION('',(#10498),#10502);
#10498 = LINE('',#10499,#10500);
#10499 = CARTESIAN_POINT('',(0.,0.));
#10500 = VECTOR('',#10501,1.);
#10501 = DIRECTION('',(0.,-1.));
#10502 = ( GEOMETRIC_REPRESENTATION_CONTEXT(2) 
PARAMETRIC_REPRESENTATION_CONTEXT() REPRESENTATION_CONTEXT('2D SPACE',''
  ) );
#10503 = PCURVE('',#2909,#10504);
#10504 = DEFINITIONAL_REPRESENTATION('',(#10505),#10509);
#10505 = LINE('',#10506,#10507);
#10506 = CARTESIAN_POINT('',(1.,0.));
#10507 = VECTOR('',#10508,1.);
#10508 = DIRECTION('',(0.,-1.));
#10509 = ( GEOMETRIC_REPRESENTATION_CONTEXT(2) 
PARAMETRIC_REPRESENTATION_CONTEXT() REPRESENTATION_CONTEXT('2D SPACE',''
  ) );
#10510 = ORIENTED_EDGE('',*,*,#2923,.T.);
#10511 = ORIENTED_EDGE('',*,*,#10439,.F.);
#10512 = ORIENTED_EDGE('',*,*,#10513,.F.);
#10513 = EDGE_CURVE('',#10489,#10440,#10514,.T.);
#10514 = SURFACE_CURVE('',#10515,(#10519,#10526),.PCURVE_S1.);
#10515 = LINE('',#10516,#10517);
#10516 = CARTESIAN_POINT('',(4.011328125,-4.7763671875,2.7));
#10517 = VECTOR('',#10518,1.);
#10518 = DIRECTION('',(0.448964795228,-0.893549446112,0.));
#10519 = PCURVE('',#2939,#10520);
#10520 = DEFINITIONAL_REPRESENTATION('',(#10521),#10525);
#10521 = LINE('',#10522,#10523);
#10522 = CARTESIAN_POINT('',(-1.986023512269E-15,0.));
#10523 = VECTOR('',#10524,1.);
#10524 = DIRECTION('',(1.,0.));
#10525 = ( GEOMETRIC_REPRESENTATION_CONTEXT(2) 
PARAMETRIC_REPRESENTATION_CONTEXT() REPRESENTATION_CONTEXT('2D SPACE',''
  ) );
#10526 = PCURVE('',#9885,#10527);
#10527 = DEFINITIONAL_REPRESENTATION('',(#10528),#10532);
#10528 = LINE('',#10529,#10530);
#10529 = CARTESIAN_POINT('',(0.6791015625,0.2390625));
#10530 = VECTOR('',#10531,1.);
#10531 = DIRECTION('',(0.448964795228,-0.893549446112));
#10532 = ( GEOMETRIC_REPRESENTATION_CONTEXT(2) 
PARAMETRIC_REPRESENTATION_CONTEXT() REPRESENTATION_CONTEXT('2D SPACE',''
  ) );
#10533 = ADVANCED_FACE('',(#10534),#2909,.F.);
#10534 = FACE_BOUND('',#10535,.F.);
#10535 = EDGE_LOOP('',(#10536,#10559,#10560,#10561));
#10536 = ORIENTED_EDGE('',*,*,#10537,.T.);
#10537 = EDGE_CURVE('',#10538,#2864,#10540,.T.);
#10538 = VERTEX_POINT('',#10539);
#10539 = CARTESIAN_POINT('',(3.93896484375,-4.6603515625,2.7));
#10540 = SURFACE_CURVE('',#10541,(#10545,#10552),.PCURVE_S1.);
#10541 = LINE('',#10542,#10543);
#10542 = CARTESIAN_POINT('',(3.93896484375,-4.6603515625,2.7));
#10543 = VECTOR('',#10544,1.);
#10544 = DIRECTION('',(0.,0.,1.));
#10545 = PCURVE('',#2909,#10546);
#10546 = DEFINITIONAL_REPRESENTATION('',(#10547),#10551);
#10547 = LINE('',#10548,#10549);
#10548 = CARTESIAN_POINT('',(0.,0.));
#10549 = VECTOR('',#10550,1.);
#10550 = DIRECTION('',(0.,-1.));
#10551 = ( GEOMETRIC_REPRESENTATION_CONTEXT(2) 
PARAMETRIC_REPRESENTATION_CONTEXT() REPRESENTATION_CONTEXT('2D SPACE',''
  ) );
#10552 = PCURVE('',#2879,#10553);
#10553 = DEFINITIONAL_REPRESENTATION('',(#10554),#10558);
#10554 = LINE('',#10555,#10556);
#10555 = CARTESIAN_POINT('',(1.,0.));
#10556 = VECTOR('',#10557,1.);
#10557 = DIRECTION('',(0.,-1.));
#10558 = ( GEOMETRIC_REPRESENTATION_CONTEXT(2) 
PARAMETRIC_REPRESENTATION_CONTEXT() REPRESENTATION_CONTEXT('2D SPACE',''
  ) );
#10559 = ORIENTED_EDGE('',*,*,#2893,.T.);
#10560 = ORIENTED_EDGE('',*,*,#10488,.F.);
#10561 = ORIENTED_EDGE('',*,*,#10562,.F.);
#10562 = EDGE_CURVE('',#10538,#10489,#10563,.T.);
#10563 = SURFACE_CURVE('',#10564,(#10568,#10575),.PCURVE_S1.);
#10564 = B_SPLINE_CURVE_WITH_KNOTS('',2,(#10565,#10566,#10567),
  .UNSPECIFIED.,.F.,.F.,(3,3),(0.,1.),.PIECEWISE_BEZIER_KNOTS.);
#10565 = CARTESIAN_POINT('',(3.93896484375,-4.6603515625,2.7));
#10566 = CARTESIAN_POINT('',(3.975,-4.7025390625,2.7));
#10567 = CARTESIAN_POINT('',(4.011328125,-4.7763671875,2.7));
#10568 = PCURVE('',#2909,#10569);
#10569 = DEFINITIONAL_REPRESENTATION('',(#10570),#10574);
#10570 = LINE('',#10571,#10572);
#10571 = CARTESIAN_POINT('',(0.,0.));
#10572 = VECTOR('',#10573,1.);
#10573 = DIRECTION('',(1.,0.));
#10574 = ( GEOMETRIC_REPRESENTATION_CONTEXT(2) 
PARAMETRIC_REPRESENTATION_CONTEXT() REPRESENTATION_CONTEXT('2D SPACE',''
  ) );
#10575 = PCURVE('',#9885,#10576);
#10576 = DEFINITIONAL_REPRESENTATION('',(#10577),#10581);
#10577 = B_SPLINE_CURVE_WITH_KNOTS('',2,(#10578,#10579,#10580),
  .UNSPECIFIED.,.F.,.F.,(3,3),(0.,1.),.PIECEWISE_BEZIER_KNOTS.);
#10578 = CARTESIAN_POINT('',(0.60673828125,0.355078125));
#10579 = CARTESIAN_POINT('',(0.6427734375,0.312890625));
#10580 = CARTESIAN_POINT('',(0.6791015625,0.2390625));
#10581 = ( GEOMETRIC_REPRESENTATION_CONTEXT(2) 
PARAMETRIC_REPRESENTATION_CONTEXT() REPRESENTATION_CONTEXT('2D SPACE',''
  ) );
#10582 = ADVANCED_FACE('',(#10583),#2879,.F.);
#10583 = FACE_BOUND('',#10584,.F.);
#10584 = EDGE_LOOP('',(#10585,#10586,#10587,#10588));
#10585 = ORIENTED_EDGE('',*,*,#9848,.T.);
#10586 = ORIENTED_EDGE('',*,*,#2863,.T.);
#10587 = ORIENTED_EDGE('',*,*,#10537,.F.);
#10588 = ORIENTED_EDGE('',*,*,#10589,.F.);
#10589 = EDGE_CURVE('',#9849,#10538,#10590,.T.);
#10590 = SURFACE_CURVE('',#10591,(#10595,#10602),.PCURVE_S1.);
#10591 = B_SPLINE_CURVE_WITH_KNOTS('',2,(#10592,#10593,#10594),
  .UNSPECIFIED.,.F.,.F.,(3,3),(0.,1.),.PIECEWISE_BEZIER_KNOTS.);
#10592 = CARTESIAN_POINT('',(3.86484375,-4.6052734375,2.7));
#10593 = CARTESIAN_POINT('',(3.9029296875,-4.6181640625,2.7));
#10594 = CARTESIAN_POINT('',(3.93896484375,-4.6603515625,2.7));
#10595 = PCURVE('',#2879,#10596);
#10596 = DEFINITIONAL_REPRESENTATION('',(#10597),#10601);
#10597 = LINE('',#10598,#10599);
#10598 = CARTESIAN_POINT('',(0.,0.));
#10599 = VECTOR('',#10600,1.);
#10600 = DIRECTION('',(1.,0.));
#10601 = ( GEOMETRIC_REPRESENTATION_CONTEXT(2) 
PARAMETRIC_REPRESENTATION_CONTEXT() REPRESENTATION_CONTEXT('2D SPACE',''
  ) );
#10602 = PCURVE('',#9885,#10603);
#10603 = DEFINITIONAL_REPRESENTATION('',(#10604),#10608);
#10604 = B_SPLINE_CURVE_WITH_KNOTS('',2,(#10605,#10606,#10607),
  .UNSPECIFIED.,.F.,.F.,(3,3),(0.,1.),.PIECEWISE_BEZIER_KNOTS.);
#10605 = CARTESIAN_POINT('',(0.5326171875,0.41015625));
#10606 = CARTESIAN_POINT('',(0.570703125,0.397265625));
#10607 = CARTESIAN_POINT('',(0.60673828125,0.355078125));
#10608 = ( GEOMETRIC_REPRESENTATION_CONTEXT(2) 
PARAMETRIC_REPRESENTATION_CONTEXT() REPRESENTATION_CONTEXT('2D SPACE',''
  ) );
#10609 = ADVANCED_FACE('',(#10610),#3315,.F.);
#10610 = FACE_BOUND('',#10611,.F.);
#10611 = EDGE_LOOP('',(#10612,#10635,#10636,#10659));
#10612 = ORIENTED_EDGE('',*,*,#10613,.T.);
#10613 = EDGE_CURVE('',#10614,#3298,#10616,.T.);
#10614 = VERTEX_POINT('',#10615);
#10615 = CARTESIAN_POINT('',(4.8474609375,-5.0154296875,2.7));
#10616 = SURFACE_CURVE('',#10617,(#10621,#10628),.PCURVE_S1.);
#10617 = LINE('',#10618,#10619);
#10618 = CARTESIAN_POINT('',(4.8474609375,-5.0154296875,2.7));
#10619 = VECTOR('',#10620,1.);
#10620 = DIRECTION('',(0.,0.,1.));
#10621 = PCURVE('',#3315,#10622);
#10622 = DEFINITIONAL_REPRESENTATION('',(#10623),#10627);
#10623 = LINE('',#10624,#10625);
#10624 = CARTESIAN_POINT('',(0.,-0.));
#10625 = VECTOR('',#10626,1.);
#10626 = DIRECTION('',(0.,-1.));
#10627 = ( GEOMETRIC_REPRESENTATION_CONTEXT(2) 
PARAMETRIC_REPRESENTATION_CONTEXT() REPRESENTATION_CONTEXT('2D SPACE',''
  ) );
#10628 = PCURVE('',#3621,#10629);
#10629 = DEFINITIONAL_REPRESENTATION('',(#10630),#10634);
#10630 = LINE('',#10631,#10632);
#10631 = CARTESIAN_POINT('',(9.9609375E-02,0.));
#10632 = VECTOR('',#10633,1.);
#10633 = DIRECTION('',(0.,-1.));
#10634 = ( GEOMETRIC_REPRESENTATION_CONTEXT(2) 
PARAMETRIC_REPRESENTATION_CONTEXT() REPRESENTATION_CONTEXT('2D SPACE',''
  ) );
#10635 = ORIENTED_EDGE('',*,*,#3297,.T.);
#10636 = ORIENTED_EDGE('',*,*,#10637,.F.);
#10637 = EDGE_CURVE('',#10638,#3300,#10640,.T.);
#10638 = VERTEX_POINT('',#10639);
#10639 = CARTESIAN_POINT('',(4.2837890625,-5.0154296875,2.7));
#10640 = SURFACE_CURVE('',#10641,(#10645,#10652),.PCURVE_S1.);
#10641 = LINE('',#10642,#10643);
#10642 = CARTESIAN_POINT('',(4.2837890625,-5.0154296875,2.7));
#10643 = VECTOR('',#10644,1.);
#10644 = DIRECTION('',(0.,0.,1.));
#10645 = PCURVE('',#3315,#10646);
#10646 = DEFINITIONAL_REPRESENTATION('',(#10647),#10651);
#10647 = LINE('',#10648,#10649);
#10648 = CARTESIAN_POINT('',(0.563671875,0.));
#10649 = VECTOR('',#10650,1.);
#10650 = DIRECTION('',(0.,-1.));
#10651 = ( GEOMETRIC_REPRESENTATION_CONTEXT(2) 
PARAMETRIC_REPRESENTATION_CONTEXT() REPRESENTATION_CONTEXT('2D SPACE',''
  ) );
#10652 = PCURVE('',#3343,#10653);
#10653 = DEFINITIONAL_REPRESENTATION('',(#10654),#10658);
#10654 = LINE('',#10655,#10656);
#10655 = CARTESIAN_POINT('',(0.,0.));
#10656 = VECTOR('',#10657,1.);
#10657 = DIRECTION('',(0.,-1.));
#10658 = ( GEOMETRIC_REPRESENTATION_CONTEXT(2) 
PARAMETRIC_REPRESENTATION_CONTEXT() REPRESENTATION_CONTEXT('2D SPACE',''
  ) );
#10659 = ORIENTED_EDGE('',*,*,#10660,.F.);
#10660 = EDGE_CURVE('',#10614,#10638,#10661,.T.);
#10661 = SURFACE_CURVE('',#10662,(#10666,#10673),.PCURVE_S1.);
#10662 = LINE('',#10663,#10664);
#10663 = CARTESIAN_POINT('',(4.8474609375,-5.0154296875,2.7));
#10664 = VECTOR('',#10665,1.);
#10665 = DIRECTION('',(-1.,0.,0.));
#10666 = PCURVE('',#3315,#10667);
#10667 = DEFINITIONAL_REPRESENTATION('',(#10668),#10672);
#10668 = LINE('',#10669,#10670);
#10669 = CARTESIAN_POINT('',(0.,-0.));
#10670 = VECTOR('',#10671,1.);
#10671 = DIRECTION('',(1.,0.));
#10672 = ( GEOMETRIC_REPRESENTATION_CONTEXT(2) 
PARAMETRIC_REPRESENTATION_CONTEXT() REPRESENTATION_CONTEXT('2D SPACE',''
  ) );
#10673 = PCURVE('',#10674,#10679);
#10674 = PLANE('',#10675);
#10675 = AXIS2_PLACEMENT_3D('',#10676,#10677,#10678);
#10676 = CARTESIAN_POINT('',(4.166015625,-5.0154296875,2.7));
#10677 = DIRECTION('',(0.,0.,1.));
#10678 = DIRECTION('',(1.,0.,0.));
#10679 = DEFINITIONAL_REPRESENTATION('',(#10680),#10684);
#10680 = LINE('',#10681,#10682);
#10681 = CARTESIAN_POINT('',(0.6814453125,0.));
#10682 = VECTOR('',#10683,1.);
#10683 = DIRECTION('',(-1.,0.));
#10684 = ( GEOMETRIC_REPRESENTATION_CONTEXT(2) 
PARAMETRIC_REPRESENTATION_CONTEXT() REPRESENTATION_CONTEXT('2D SPACE',''
  ) );
#10685 = ADVANCED_FACE('',(#10686),#3621,.F.);
#10686 = FACE_BOUND('',#10687,.F.);
#10687 = EDGE_LOOP('',(#10688,#10711,#10712,#10713));
#10688 = ORIENTED_EDGE('',*,*,#10689,.T.);
#10689 = EDGE_CURVE('',#10690,#3580,#10692,.T.);
#10690 = VERTEX_POINT('',#10691);
#10691 = CARTESIAN_POINT('',(4.8474609375,-4.9158203125,2.7));
#10692 = SURFACE_CURVE('',#10693,(#10697,#10704),.PCURVE_S1.);
#10693 = LINE('',#10694,#10695);
#10694 = CARTESIAN_POINT('',(4.8474609375,-4.9158203125,2.7));
#10695 = VECTOR('',#10696,1.);
#10696 = DIRECTION('',(0.,0.,1.));
#10697 = PCURVE('',#3621,#10698);
#10698 = DEFINITIONAL_REPRESENTATION('',(#10699),#10703);
#10699 = LINE('',#10700,#10701);
#10700 = CARTESIAN_POINT('',(0.,0.));
#10701 = VECTOR('',#10702,1.);
#10702 = DIRECTION('',(0.,-1.));
#10703 = ( GEOMETRIC_REPRESENTATION_CONTEXT(2) 
PARAMETRIC_REPRESENTATION_CONTEXT() REPRESENTATION_CONTEXT('2D SPACE',''
  ) );
#10704 = PCURVE('',#3595,#10705);
#10705 = DEFINITIONAL_REPRESENTATION('',(#10706),#10710);
#10706 = LINE('',#10707,#10708);
#10707 = CARTESIAN_POINT('',(0.4453125,0.));
#10708 = VECTOR('',#10709,1.);
#10709 = DIRECTION('',(0.,-1.));
#10710 = ( GEOMETRIC_REPRESENTATION_CONTEXT(2) 
PARAMETRIC_REPRESENTATION_CONTEXT() REPRESENTATION_CONTEXT('2D SPACE',''
  ) );
#10711 = ORIENTED_EDGE('',*,*,#3607,.T.);
#10712 = ORIENTED_EDGE('',*,*,#10613,.F.);
#10713 = ORIENTED_EDGE('',*,*,#10714,.F.);
#10714 = EDGE_CURVE('',#10690,#10614,#10715,.T.);
#10715 = SURFACE_CURVE('',#10716,(#10720,#10727),.PCURVE_S1.);
#10716 = LINE('',#10717,#10718);
#10717 = CARTESIAN_POINT('',(4.8474609375,-4.9158203125,2.7));
#10718 = VECTOR('',#10719,1.);
#10719 = DIRECTION('',(0.,-1.,0.));
#10720 = PCURVE('',#3621,#10721);
#10721 = DEFINITIONAL_REPRESENTATION('',(#10722),#10726);
#10722 = LINE('',#10723,#10724);
#10723 = CARTESIAN_POINT('',(0.,0.));
#10724 = VECTOR('',#10725,1.);
#10725 = DIRECTION('',(1.,0.));
#10726 = ( GEOMETRIC_REPRESENTATION_CONTEXT(2) 
PARAMETRIC_REPRESENTATION_CONTEXT() REPRESENTATION_CONTEXT('2D SPACE',''
  ) );
#10727 = PCURVE('',#10674,#10728);
#10728 = DEFINITIONAL_REPRESENTATION('',(#10729),#10733);
#10729 = LINE('',#10730,#10731);
#10730 = CARTESIAN_POINT('',(0.6814453125,9.9609375E-02));
#10731 = VECTOR('',#10732,1.);
#10732 = DIRECTION('',(0.,-1.));
#10733 = ( GEOMETRIC_REPRESENTATION_CONTEXT(2) 
PARAMETRIC_REPRESENTATION_CONTEXT() REPRESENTATION_CONTEXT('2D SPACE',''
  ) );
#10734 = ADVANCED_FACE('',(#10735),#3595,.F.);
#10735 = FACE_BOUND('',#10736,.F.);
#10736 = EDGE_LOOP('',(#10737,#10760,#10761,#10762));
#10737 = ORIENTED_EDGE('',*,*,#10738,.T.);
#10738 = EDGE_CURVE('',#10739,#3552,#10741,.T.);
#10739 = VERTEX_POINT('',#10740);
#10740 = CARTESIAN_POINT('',(4.4021484375,-4.9158203125,2.7));
#10741 = SURFACE_CURVE('',#10742,(#10746,#10753),.PCURVE_S1.);
#10742 = LINE('',#10743,#10744);
#10743 = CARTESIAN_POINT('',(4.4021484375,-4.9158203125,2.7));
#10744 = VECTOR('',#10745,1.);
#10745 = DIRECTION('',(0.,0.,1.));
#10746 = PCURVE('',#3595,#10747);
#10747 = DEFINITIONAL_REPRESENTATION('',(#10748),#10752);
#10748 = LINE('',#10749,#10750);
#10749 = CARTESIAN_POINT('',(0.,0.));
#10750 = VECTOR('',#10751,1.);
#10751 = DIRECTION('',(0.,-1.));
#10752 = ( GEOMETRIC_REPRESENTATION_CONTEXT(2) 
PARAMETRIC_REPRESENTATION_CONTEXT() REPRESENTATION_CONTEXT('2D SPACE',''
  ) );
#10753 = PCURVE('',#3567,#10754);
#10754 = DEFINITIONAL_REPRESENTATION('',(#10755),#10759);
#10755 = LINE('',#10756,#10757);
#10756 = CARTESIAN_POINT('',(0.3169921875,0.));
#10757 = VECTOR('',#10758,1.);
#10758 = DIRECTION('',(0.,-1.));
#10759 = ( GEOMETRIC_REPRESENTATION_CONTEXT(2) 
PARAMETRIC_REPRESENTATION_CONTEXT() REPRESENTATION_CONTEXT('2D SPACE',''
  ) );
#10760 = ORIENTED_EDGE('',*,*,#3579,.T.);
#10761 = ORIENTED_EDGE('',*,*,#10689,.F.);
#10762 = ORIENTED_EDGE('',*,*,#10763,.F.);
#10763 = EDGE_CURVE('',#10739,#10690,#10764,.T.);
#10764 = SURFACE_CURVE('',#10765,(#10769,#10776),.PCURVE_S1.);
#10765 = LINE('',#10766,#10767);
#10766 = CARTESIAN_POINT('',(4.4021484375,-4.9158203125,2.7));
#10767 = VECTOR('',#10768,1.);
#10768 = DIRECTION('',(1.,0.,0.));
#10769 = PCURVE('',#3595,#10770);
#10770 = DEFINITIONAL_REPRESENTATION('',(#10771),#10775);
#10771 = LINE('',#10772,#10773);
#10772 = CARTESIAN_POINT('',(0.,0.));
#10773 = VECTOR('',#10774,1.);
#10774 = DIRECTION('',(1.,0.));
#10775 = ( GEOMETRIC_REPRESENTATION_CONTEXT(2) 
PARAMETRIC_REPRESENTATION_CONTEXT() REPRESENTATION_CONTEXT('2D SPACE',''
  ) );
#10776 = PCURVE('',#10674,#10777);
#10777 = DEFINITIONAL_REPRESENTATION('',(#10778),#10782);
#10778 = LINE('',#10779,#10780);
#10779 = CARTESIAN_POINT('',(0.2361328125,9.9609375E-02));
#10780 = VECTOR('',#10781,1.);
#10781 = DIRECTION('',(1.,0.));
#10782 = ( GEOMETRIC_REPRESENTATION_CONTEXT(2) 
PARAMETRIC_REPRESENTATION_CONTEXT() REPRESENTATION_CONTEXT('2D SPACE',''
  ) );
#10783 = ADVANCED_FACE('',(#10784),#3567,.F.);
#10784 = FACE_BOUND('',#10785,.F.);
#10785 = EDGE_LOOP('',(#10786,#10809,#10810,#10811));
#10786 = ORIENTED_EDGE('',*,*,#10787,.T.);
#10787 = EDGE_CURVE('',#10788,#3524,#10790,.T.);
#10788 = VERTEX_POINT('',#10789);
#10789 = CARTESIAN_POINT('',(4.4021484375,-4.598828125,2.7));
#10790 = SURFACE_CURVE('',#10791,(#10795,#10802),.PCURVE_S1.);
#10791 = LINE('',#10792,#10793);
#10792 = CARTESIAN_POINT('',(4.4021484375,-4.598828125,2.7));
#10793 = VECTOR('',#10794,1.);
#10794 = DIRECTION('',(0.,0.,1.));
#10795 = PCURVE('',#3567,#10796);
#10796 = DEFINITIONAL_REPRESENTATION('',(#10797),#10801);
#10797 = LINE('',#10798,#10799);
#10798 = CARTESIAN_POINT('',(0.,0.));
#10799 = VECTOR('',#10800,1.);
#10800 = DIRECTION('',(0.,-1.));
#10801 = ( GEOMETRIC_REPRESENTATION_CONTEXT(2) 
PARAMETRIC_REPRESENTATION_CONTEXT() REPRESENTATION_CONTEXT('2D SPACE',''
  ) );
#10802 = PCURVE('',#3539,#10803);
#10803 = DEFINITIONAL_REPRESENTATION('',(#10804),#10808);
#10804 = LINE('',#10805,#10806);
#10805 = CARTESIAN_POINT('',(0.4166015625,0.));
#10806 = VECTOR('',#10807,1.);
#10807 = DIRECTION('',(0.,-1.));
#10808 = ( GEOMETRIC_REPRESENTATION_CONTEXT(2) 
PARAMETRIC_REPRESENTATION_CONTEXT() REPRESENTATION_CONTEXT('2D SPACE',''
  ) );
#10809 = ORIENTED_EDGE('',*,*,#3551,.T.);
#10810 = ORIENTED_EDGE('',*,*,#10738,.F.);
#10811 = ORIENTED_EDGE('',*,*,#10812,.F.);
#10812 = EDGE_CURVE('',#10788,#10739,#10813,.T.);
#10813 = SURFACE_CURVE('',#10814,(#10818,#10825),.PCURVE_S1.);
#10814 = LINE('',#10815,#10816);
#10815 = CARTESIAN_POINT('',(4.4021484375,-4.598828125,2.7));
#10816 = VECTOR('',#10817,1.);
#10817 = DIRECTION('',(0.,-1.,0.));
#10818 = PCURVE('',#3567,#10819);
#10819 = DEFINITIONAL_REPRESENTATION('',(#10820),#10824);
#10820 = LINE('',#10821,#10822);
#10821 = CARTESIAN_POINT('',(-8.881784197001E-16,0.));
#10822 = VECTOR('',#10823,1.);
#10823 = DIRECTION('',(1.,0.));
#10824 = ( GEOMETRIC_REPRESENTATION_CONTEXT(2) 
PARAMETRIC_REPRESENTATION_CONTEXT() REPRESENTATION_CONTEXT('2D SPACE',''
  ) );
#10825 = PCURVE('',#10674,#10826);
#10826 = DEFINITIONAL_REPRESENTATION('',(#10827),#10831);
#10827 = LINE('',#10828,#10829);
#10828 = CARTESIAN_POINT('',(0.2361328125,0.4166015625));
#10829 = VECTOR('',#10830,1.);
#10830 = DIRECTION('',(0.,-1.));
#10831 = ( GEOMETRIC_REPRESENTATION_CONTEXT(2) 
PARAMETRIC_REPRESENTATION_CONTEXT() REPRESENTATION_CONTEXT('2D SPACE',''
  ) );
#10832 = ADVANCED_FACE('',(#10833),#3539,.F.);
#10833 = FACE_BOUND('',#10834,.F.);
#10834 = EDGE_LOOP('',(#10835,#10858,#10859,#10860));
#10835 = ORIENTED_EDGE('',*,*,#10836,.T.);
#10836 = EDGE_CURVE('',#10837,#3496,#10839,.T.);
#10837 = VERTEX_POINT('',#10838);
#10838 = CARTESIAN_POINT('',(4.81875,-4.598828125,2.7));
#10839 = SURFACE_CURVE('',#10840,(#10844,#10851),.PCURVE_S1.);
#10840 = LINE('',#10841,#10842);
#10841 = CARTESIAN_POINT('',(4.81875,-4.598828125,2.7));
#10842 = VECTOR('',#10843,1.);
#10843 = DIRECTION('',(0.,0.,1.));
#10844 = PCURVE('',#3539,#10845);
#10845 = DEFINITIONAL_REPRESENTATION('',(#10846),#10850);
#10846 = LINE('',#10847,#10848);
#10847 = CARTESIAN_POINT('',(0.,-0.));
#10848 = VECTOR('',#10849,1.);
#10849 = DIRECTION('',(0.,-1.));
#10850 = ( GEOMETRIC_REPRESENTATION_CONTEXT(2) 
PARAMETRIC_REPRESENTATION_CONTEXT() REPRESENTATION_CONTEXT('2D SPACE',''
  ) );
#10851 = PCURVE('',#3511,#10852);
#10852 = DEFINITIONAL_REPRESENTATION('',(#10853),#10857);
#10853 = LINE('',#10854,#10855);
#10854 = CARTESIAN_POINT('',(9.9609375E-02,0.));
#10855 = VECTOR('',#10856,1.);
#10856 = DIRECTION('',(0.,-1.));
#10857 = ( GEOMETRIC_REPRESENTATION_CONTEXT(2) 
PARAMETRIC_REPRESENTATION_CONTEXT() REPRESENTATION_CONTEXT('2D SPACE',''
  ) );
#10858 = ORIENTED_EDGE('',*,*,#3523,.T.);
#10859 = ORIENTED_EDGE('',*,*,#10787,.F.);
#10860 = ORIENTED_EDGE('',*,*,#10861,.F.);
#10861 = EDGE_CURVE('',#10837,#10788,#10862,.T.);
#10862 = SURFACE_CURVE('',#10863,(#10867,#10874),.PCURVE_S1.);
#10863 = LINE('',#10864,#10865);
#10864 = CARTESIAN_POINT('',(4.81875,-4.598828125,2.7));
#10865 = VECTOR('',#10866,1.);
#10866 = DIRECTION('',(-1.,0.,0.));
#10867 = PCURVE('',#3539,#10868);
#10868 = DEFINITIONAL_REPRESENTATION('',(#10869),#10873);
#10869 = LINE('',#10870,#10871);
#10870 = CARTESIAN_POINT('',(0.,-0.));
#10871 = VECTOR('',#10872,1.);
#10872 = DIRECTION('',(1.,0.));
#10873 = ( GEOMETRIC_REPRESENTATION_CONTEXT(2) 
PARAMETRIC_REPRESENTATION_CONTEXT() REPRESENTATION_CONTEXT('2D SPACE',''
  ) );
#10874 = PCURVE('',#10674,#10875);
#10875 = DEFINITIONAL_REPRESENTATION('',(#10876),#10880);
#10876 = LINE('',#10877,#10878);
#10877 = CARTESIAN_POINT('',(0.652734375,0.4166015625));
#10878 = VECTOR('',#10879,1.);
#10879 = DIRECTION('',(-1.,0.));
#10880 = ( GEOMETRIC_REPRESENTATION_CONTEXT(2) 
PARAMETRIC_REPRESENTATION_CONTEXT() REPRESENTATION_CONTEXT('2D SPACE',''
  ) );
#10881 = ADVANCED_FACE('',(#10882),#3511,.F.);
#10882 = FACE_BOUND('',#10883,.F.);
#10883 = EDGE_LOOP('',(#10884,#10907,#10908,#10909));
#10884 = ORIENTED_EDGE('',*,*,#10885,.T.);
#10885 = EDGE_CURVE('',#10886,#3468,#10888,.T.);
#10886 = VERTEX_POINT('',#10887);
#10887 = CARTESIAN_POINT('',(4.81875,-4.49921875,2.7));
#10888 = SURFACE_CURVE('',#10889,(#10893,#10900),.PCURVE_S1.);
#10889 = LINE('',#10890,#10891);
#10890 = CARTESIAN_POINT('',(4.81875,-4.49921875,2.7));
#10891 = VECTOR('',#10892,1.);
#10892 = DIRECTION('',(0.,0.,1.));
#10893 = PCURVE('',#3511,#10894);
#10894 = DEFINITIONAL_REPRESENTATION('',(#10895),#10899);
#10895 = LINE('',#10896,#10897);
#10896 = CARTESIAN_POINT('',(0.,0.));
#10897 = VECTOR('',#10898,1.);
#10898 = DIRECTION('',(0.,-1.));
#10899 = ( GEOMETRIC_REPRESENTATION_CONTEXT(2) 
PARAMETRIC_REPRESENTATION_CONTEXT() REPRESENTATION_CONTEXT('2D SPACE',''
  ) );
#10900 = PCURVE('',#3483,#10901);
#10901 = DEFINITIONAL_REPRESENTATION('',(#10902),#10906);
#10902 = LINE('',#10903,#10904);
#10903 = CARTESIAN_POINT('',(0.4166015625,0.));
#10904 = VECTOR('',#10905,1.);
#10905 = DIRECTION('',(0.,-1.));
#10906 = ( GEOMETRIC_REPRESENTATION_CONTEXT(2) 
PARAMETRIC_REPRESENTATION_CONTEXT() REPRESENTATION_CONTEXT('2D SPACE',''
  ) );
#10907 = ORIENTED_EDGE('',*,*,#3495,.T.);
#10908 = ORIENTED_EDGE('',*,*,#10836,.F.);
#10909 = ORIENTED_EDGE('',*,*,#10910,.F.);
#10910 = EDGE_CURVE('',#10886,#10837,#10911,.T.);
#10911 = SURFACE_CURVE('',#10912,(#10916,#10923),.PCURVE_S1.);
#10912 = LINE('',#10913,#10914);
#10913 = CARTESIAN_POINT('',(4.81875,-4.49921875,2.7));
#10914 = VECTOR('',#10915,1.);
#10915 = DIRECTION('',(0.,-1.,0.));
#10916 = PCURVE('',#3511,#10917);
#10917 = DEFINITIONAL_REPRESENTATION('',(#10918),#10922);
#10918 = LINE('',#10919,#10920);
#10919 = CARTESIAN_POINT('',(-8.881784197001E-16,0.));
#10920 = VECTOR('',#10921,1.);
#10921 = DIRECTION('',(1.,0.));
#10922 = ( GEOMETRIC_REPRESENTATION_CONTEXT(2) 
PARAMETRIC_REPRESENTATION_CONTEXT() REPRESENTATION_CONTEXT('2D SPACE',''
  ) );
#10923 = PCURVE('',#10674,#10924);
#10924 = DEFINITIONAL_REPRESENTATION('',(#10925),#10929);
#10925 = LINE('',#10926,#10927);
#10926 = CARTESIAN_POINT('',(0.652734375,0.5162109375));
#10927 = VECTOR('',#10928,1.);
#10928 = DIRECTION('',(0.,-1.));
#10929 = ( GEOMETRIC_REPRESENTATION_CONTEXT(2) 
PARAMETRIC_REPRESENTATION_CONTEXT() REPRESENTATION_CONTEXT('2D SPACE',''
  ) );
#10930 = ADVANCED_FACE('',(#10931),#3483,.F.);
#10931 = FACE_BOUND('',#10932,.F.);
#10932 = EDGE_LOOP('',(#10933,#10956,#10957,#10958));
#10933 = ORIENTED_EDGE('',*,*,#10934,.T.);
#10934 = EDGE_CURVE('',#10935,#3440,#10937,.T.);
#10935 = VERTEX_POINT('',#10936);
#10936 = CARTESIAN_POINT('',(4.4021484375,-4.49921875,2.7));
#10937 = SURFACE_CURVE('',#10938,(#10942,#10949),.PCURVE_S1.);
#10938 = LINE('',#10939,#10940);
#10939 = CARTESIAN_POINT('',(4.4021484375,-4.49921875,2.7));
#10940 = VECTOR('',#10941,1.);
#10941 = DIRECTION('',(0.,0.,1.));
#10942 = PCURVE('',#3483,#10943);
#10943 = DEFINITIONAL_REPRESENTATION('',(#10944),#10948);
#10944 = LINE('',#10945,#10946);
#10945 = CARTESIAN_POINT('',(0.,0.));
#10946 = VECTOR('',#10947,1.);
#10947 = DIRECTION('',(0.,-1.));
#10948 = ( GEOMETRIC_REPRESENTATION_CONTEXT(2) 
PARAMETRIC_REPRESENTATION_CONTEXT() REPRESENTATION_CONTEXT('2D SPACE',''
  ) );
#10949 = PCURVE('',#3455,#10950);
#10950 = DEFINITIONAL_REPRESENTATION('',(#10951),#10955);
#10951 = LINE('',#10952,#10953);
#10952 = CARTESIAN_POINT('',(0.258984375,0.));
#10953 = VECTOR('',#10954,1.);
#10954 = DIRECTION('',(0.,-1.));
#10955 = ( GEOMETRIC_REPRESENTATION_CONTEXT(2) 
PARAMETRIC_REPRESENTATION_CONTEXT() REPRESENTATION_CONTEXT('2D SPACE',''
  ) );
#10956 = ORIENTED_EDGE('',*,*,#3467,.T.);
#10957 = ORIENTED_EDGE('',*,*,#10885,.F.);
#10958 = ORIENTED_EDGE('',*,*,#10959,.F.);
#10959 = EDGE_CURVE('',#10935,#10886,#10960,.T.);
#10960 = SURFACE_CURVE('',#10961,(#10965,#10972),.PCURVE_S1.);
#10961 = LINE('',#10962,#10963);
#10962 = CARTESIAN_POINT('',(4.4021484375,-4.49921875,2.7));
#10963 = VECTOR('',#10964,1.);
#10964 = DIRECTION('',(1.,0.,0.));
#10965 = PCURVE('',#3483,#10966);
#10966 = DEFINITIONAL_REPRESENTATION('',(#10967),#10971);
#10967 = LINE('',#10968,#10969);
#10968 = CARTESIAN_POINT('',(0.,0.));
#10969 = VECTOR('',#10970,1.);
#10970 = DIRECTION('',(1.,0.));
#10971 = ( GEOMETRIC_REPRESENTATION_CONTEXT(2) 
PARAMETRIC_REPRESENTATION_CONTEXT() REPRESENTATION_CONTEXT('2D SPACE',''
  ) );
#10972 = PCURVE('',#10674,#10973);
#10973 = DEFINITIONAL_REPRESENTATION('',(#10974),#10978);
#10974 = LINE('',#10975,#10976);
#10975 = CARTESIAN_POINT('',(0.2361328125,0.5162109375));
#10976 = VECTOR('',#10977,1.);
#10977 = DIRECTION('',(1.,0.));
#10978 = ( GEOMETRIC_REPRESENTATION_CONTEXT(2) 
PARAMETRIC_REPRESENTATION_CONTEXT() REPRESENTATION_CONTEXT('2D SPACE',''
  ) );
#10979 = ADVANCED_FACE('',(#10980),#3455,.F.);
#10980 = FACE_BOUND('',#10981,.F.);
#10981 = EDGE_LOOP('',(#10982,#11005,#11006,#11007));
#10982 = ORIENTED_EDGE('',*,*,#10983,.T.);
#10983 = EDGE_CURVE('',#10984,#3412,#10986,.T.);
#10984 = VERTEX_POINT('',#10985);
#10985 = CARTESIAN_POINT('',(4.4021484375,-4.240234375,2.7));
#10986 = SURFACE_CURVE('',#10987,(#10991,#10998),.PCURVE_S1.);
#10987 = LINE('',#10988,#10989);
#10988 = CARTESIAN_POINT('',(4.4021484375,-4.240234375,2.7));
#10989 = VECTOR('',#10990,1.);
#10990 = DIRECTION('',(0.,0.,1.));
#10991 = PCURVE('',#3455,#10992);
#10992 = DEFINITIONAL_REPRESENTATION('',(#10993),#10997);
#10993 = LINE('',#10994,#10995);
#10994 = CARTESIAN_POINT('',(0.,0.));
#10995 = VECTOR('',#10996,1.);
#10996 = DIRECTION('',(0.,-1.));
#10997 = ( GEOMETRIC_REPRESENTATION_CONTEXT(2) 
PARAMETRIC_REPRESENTATION_CONTEXT() REPRESENTATION_CONTEXT('2D SPACE',''
  ) );
#10998 = PCURVE('',#3427,#10999);
#10999 = DEFINITIONAL_REPRESENTATION('',(#11000),#11004);
#11000 = LINE('',#11001,#11002);
#11001 = CARTESIAN_POINT('',(0.434765625,0.));
#11002 = VECTOR('',#11003,1.);
#11003 = DIRECTION('',(0.,-1.));
#11004 = ( GEOMETRIC_REPRESENTATION_CONTEXT(2) 
PARAMETRIC_REPRESENTATION_CONTEXT() REPRESENTATION_CONTEXT('2D SPACE',''
  ) );
#11005 = ORIENTED_EDGE('',*,*,#3439,.T.);
#11006 = ORIENTED_EDGE('',*,*,#10934,.F.);
#11007 = ORIENTED_EDGE('',*,*,#11008,.F.);
#11008 = EDGE_CURVE('',#10984,#10935,#11009,.T.);
#11009 = SURFACE_CURVE('',#11010,(#11014,#11021),.PCURVE_S1.);
#11010 = LINE('',#11011,#11012);
#11011 = CARTESIAN_POINT('',(4.4021484375,-4.240234375,2.7));
#11012 = VECTOR('',#11013,1.);
#11013 = DIRECTION('',(0.,-1.,0.));
#11014 = PCURVE('',#3455,#11015);
#11015 = DEFINITIONAL_REPRESENTATION('',(#11016),#11020);
#11016 = LINE('',#11017,#11018);
#11017 = CARTESIAN_POINT('',(-8.881784197001E-16,0.));
#11018 = VECTOR('',#11019,1.);
#11019 = DIRECTION('',(1.,0.));
#11020 = ( GEOMETRIC_REPRESENTATION_CONTEXT(2) 
PARAMETRIC_REPRESENTATION_CONTEXT() REPRESENTATION_CONTEXT('2D SPACE',''
  ) );
#11021 = PCURVE('',#10674,#11022);
#11022 = DEFINITIONAL_REPRESENTATION('',(#11023),#11027);
#11023 = LINE('',#11024,#11025);
#11024 = CARTESIAN_POINT('',(0.2361328125,0.7751953125));
#11025 = VECTOR('',#11026,1.);
#11026 = DIRECTION('',(0.,-1.));
#11027 = ( GEOMETRIC_REPRESENTATION_CONTEXT(2) 
PARAMETRIC_REPRESENTATION_CONTEXT() REPRESENTATION_CONTEXT('2D SPACE',''
  ) );
#11028 = ADVANCED_FACE('',(#11029),#3427,.F.);
#11029 = FACE_BOUND('',#11030,.F.);
#11030 = EDGE_LOOP('',(#11031,#11054,#11055,#11056));
#11031 = ORIENTED_EDGE('',*,*,#11032,.T.);
#11032 = EDGE_CURVE('',#11033,#3384,#11035,.T.);
#11033 = VERTEX_POINT('',#11034);
#11034 = CARTESIAN_POINT('',(4.8369140625,-4.240234375,2.7));
#11035 = SURFACE_CURVE('',#11036,(#11040,#11047),.PCURVE_S1.);
#11036 = LINE('',#11037,#11038);
#11037 = CARTESIAN_POINT('',(4.8369140625,-4.240234375,2.7));
#11038 = VECTOR('',#11039,1.);
#11039 = DIRECTION('',(0.,0.,1.));
#11040 = PCURVE('',#3427,#11041);
#11041 = DEFINITIONAL_REPRESENTATION('',(#11042),#11046);
#11042 = LINE('',#11043,#11044);
#11043 = CARTESIAN_POINT('',(0.,-0.));
#11044 = VECTOR('',#11045,1.);
#11045 = DIRECTION('',(0.,-1.));
#11046 = ( GEOMETRIC_REPRESENTATION_CONTEXT(2) 
PARAMETRIC_REPRESENTATION_CONTEXT() REPRESENTATION_CONTEXT('2D SPACE',''
  ) );
#11047 = PCURVE('',#3399,#11048);
#11048 = DEFINITIONAL_REPRESENTATION('',(#11049),#11053);
#11049 = LINE('',#11050,#11051);
#11050 = CARTESIAN_POINT('',(9.9609375E-02,0.));
#11051 = VECTOR('',#11052,1.);
#11052 = DIRECTION('',(0.,-1.));
#11053 = ( GEOMETRIC_REPRESENTATION_CONTEXT(2) 
PARAMETRIC_REPRESENTATION_CONTEXT() REPRESENTATION_CONTEXT('2D SPACE',''
  ) );
#11054 = ORIENTED_EDGE('',*,*,#3411,.T.);
#11055 = ORIENTED_EDGE('',*,*,#10983,.F.);
#11056 = ORIENTED_EDGE('',*,*,#11057,.F.);
#11057 = EDGE_CURVE('',#11033,#10984,#11058,.T.);
#11058 = SURFACE_CURVE('',#11059,(#11063,#11070),.PCURVE_S1.);
#11059 = LINE('',#11060,#11061);
#11060 = CARTESIAN_POINT('',(4.8369140625,-4.240234375,2.7));
#11061 = VECTOR('',#11062,1.);
#11062 = DIRECTION('',(-1.,0.,0.));
#11063 = PCURVE('',#3427,#11064);
#11064 = DEFINITIONAL_REPRESENTATION('',(#11065),#11069);
#11065 = LINE('',#11066,#11067);
#11066 = CARTESIAN_POINT('',(0.,-0.));
#11067 = VECTOR('',#11068,1.);
#11068 = DIRECTION('',(1.,0.));
#11069 = ( GEOMETRIC_REPRESENTATION_CONTEXT(2) 
PARAMETRIC_REPRESENTATION_CONTEXT() REPRESENTATION_CONTEXT('2D SPACE',''
  ) );
#11070 = PCURVE('',#10674,#11071);
#11071 = DEFINITIONAL_REPRESENTATION('',(#11072),#11076);
#11072 = LINE('',#11073,#11074);
#11073 = CARTESIAN_POINT('',(0.6708984375,0.7751953125));
#11074 = VECTOR('',#11075,1.);
#11075 = DIRECTION('',(-1.,0.));
#11076 = ( GEOMETRIC_REPRESENTATION_CONTEXT(2) 
PARAMETRIC_REPRESENTATION_CONTEXT() REPRESENTATION_CONTEXT('2D SPACE',''
  ) );
#11077 = ADVANCED_FACE('',(#11078),#3399,.F.);
#11078 = FACE_BOUND('',#11079,.F.);
#11079 = EDGE_LOOP('',(#11080,#11103,#11104,#11105));
#11080 = ORIENTED_EDGE('',*,*,#11081,.T.);
#11081 = EDGE_CURVE('',#11082,#3356,#11084,.T.);
#11082 = VERTEX_POINT('',#11083);
#11083 = CARTESIAN_POINT('',(4.8369140625,-4.140625,2.7));
#11084 = SURFACE_CURVE('',#11085,(#11089,#11096),.PCURVE_S1.);
#11085 = LINE('',#11086,#11087);
#11086 = CARTESIAN_POINT('',(4.8369140625,-4.140625,2.7));
#11087 = VECTOR('',#11088,1.);
#11088 = DIRECTION('',(0.,0.,1.));
#11089 = PCURVE('',#3399,#11090);
#11090 = DEFINITIONAL_REPRESENTATION('',(#11091),#11095);
#11091 = LINE('',#11092,#11093);
#11092 = CARTESIAN_POINT('',(0.,0.));
#11093 = VECTOR('',#11094,1.);
#11094 = DIRECTION('',(0.,-1.));
#11095 = ( GEOMETRIC_REPRESENTATION_CONTEXT(2) 
PARAMETRIC_REPRESENTATION_CONTEXT() REPRESENTATION_CONTEXT('2D SPACE',''
  ) );
#11096 = PCURVE('',#3371,#11097);
#11097 = DEFINITIONAL_REPRESENTATION('',(#11098),#11102);
#11098 = LINE('',#11099,#11100);
#11099 = CARTESIAN_POINT('',(0.553125,0.));
#11100 = VECTOR('',#11101,1.);
#11101 = DIRECTION('',(0.,-1.));
#11102 = ( GEOMETRIC_REPRESENTATION_CONTEXT(2) 
PARAMETRIC_REPRESENTATION_CONTEXT() REPRESENTATION_CONTEXT('2D SPACE',''
  ) );
#11103 = ORIENTED_EDGE('',*,*,#3383,.T.);
#11104 = ORIENTED_EDGE('',*,*,#11032,.F.);
#11105 = ORIENTED_EDGE('',*,*,#11106,.F.);
#11106 = EDGE_CURVE('',#11082,#11033,#11107,.T.);
#11107 = SURFACE_CURVE('',#11108,(#11112,#11119),.PCURVE_S1.);
#11108 = LINE('',#11109,#11110);
#11109 = CARTESIAN_POINT('',(4.8369140625,-4.140625,2.7));
#11110 = VECTOR('',#11111,1.);
#11111 = DIRECTION('',(0.,-1.,0.));
#11112 = PCURVE('',#3399,#11113);
#11113 = DEFINITIONAL_REPRESENTATION('',(#11114),#11118);
#11114 = LINE('',#11115,#11116);
#11115 = CARTESIAN_POINT('',(-8.881784197001E-16,0.));
#11116 = VECTOR('',#11117,1.);
#11117 = DIRECTION('',(1.,0.));
#11118 = ( GEOMETRIC_REPRESENTATION_CONTEXT(2) 
PARAMETRIC_REPRESENTATION_CONTEXT() REPRESENTATION_CONTEXT('2D SPACE',''
  ) );
#11119 = PCURVE('',#10674,#11120);
#11120 = DEFINITIONAL_REPRESENTATION('',(#11121),#11125);
#11121 = LINE('',#11122,#11123);
#11122 = CARTESIAN_POINT('',(0.6708984375,0.8748046875));
#11123 = VECTOR('',#11124,1.);
#11124 = DIRECTION('',(0.,-1.));
#11125 = ( GEOMETRIC_REPRESENTATION_CONTEXT(2) 
PARAMETRIC_REPRESENTATION_CONTEXT() REPRESENTATION_CONTEXT('2D SPACE',''
  ) );
#11126 = ADVANCED_FACE('',(#11127),#3371,.F.);
#11127 = FACE_BOUND('',#11128,.F.);
#11128 = EDGE_LOOP('',(#11129,#11152,#11153,#11154));
#11129 = ORIENTED_EDGE('',*,*,#11130,.T.);
#11130 = EDGE_CURVE('',#11131,#3328,#11133,.T.);
#11131 = VERTEX_POINT('',#11132);
#11132 = CARTESIAN_POINT('',(4.2837890625,-4.140625,2.7));
#11133 = SURFACE_CURVE('',#11134,(#11138,#11145),.PCURVE_S1.);
#11134 = LINE('',#11135,#11136);
#11135 = CARTESIAN_POINT('',(4.2837890625,-4.140625,2.7));
#11136 = VECTOR('',#11137,1.);
#11137 = DIRECTION('',(0.,0.,1.));
#11138 = PCURVE('',#3371,#11139);
#11139 = DEFINITIONAL_REPRESENTATION('',(#11140),#11144);
#11140 = LINE('',#11141,#11142);
#11141 = CARTESIAN_POINT('',(0.,0.));
#11142 = VECTOR('',#11143,1.);
#11143 = DIRECTION('',(0.,-1.));
#11144 = ( GEOMETRIC_REPRESENTATION_CONTEXT(2) 
PARAMETRIC_REPRESENTATION_CONTEXT() REPRESENTATION_CONTEXT('2D SPACE',''
  ) );
#11145 = PCURVE('',#3343,#11146);
#11146 = DEFINITIONAL_REPRESENTATION('',(#11147),#11151);
#11147 = LINE('',#11148,#11149);
#11148 = CARTESIAN_POINT('',(0.8748046875,0.));
#11149 = VECTOR('',#11150,1.);
#11150 = DIRECTION('',(0.,-1.));
#11151 = ( GEOMETRIC_REPRESENTATION_CONTEXT(2) 
PARAMETRIC_REPRESENTATION_CONTEXT() REPRESENTATION_CONTEXT('2D SPACE',''
  ) );
#11152 = ORIENTED_EDGE('',*,*,#3355,.T.);
#11153 = ORIENTED_EDGE('',*,*,#11081,.F.);
#11154 = ORIENTED_EDGE('',*,*,#11155,.F.);
#11155 = EDGE_CURVE('',#11131,#11082,#11156,.T.);
#11156 = SURFACE_CURVE('',#11157,(#11161,#11168),.PCURVE_S1.);
#11157 = LINE('',#11158,#11159);
#11158 = CARTESIAN_POINT('',(4.2837890625,-4.140625,2.7));
#11159 = VECTOR('',#11160,1.);
#11160 = DIRECTION('',(1.,0.,0.));
#11161 = PCURVE('',#3371,#11162);
#11162 = DEFINITIONAL_REPRESENTATION('',(#11163),#11167);
#11163 = LINE('',#11164,#11165);
#11164 = CARTESIAN_POINT('',(0.,0.));
#11165 = VECTOR('',#11166,1.);
#11166 = DIRECTION('',(1.,0.));
#11167 = ( GEOMETRIC_REPRESENTATION_CONTEXT(2) 
PARAMETRIC_REPRESENTATION_CONTEXT() REPRESENTATION_CONTEXT('2D SPACE',''
  ) );
#11168 = PCURVE('',#10674,#11169);
#11169 = DEFINITIONAL_REPRESENTATION('',(#11170),#11174);
#11170 = LINE('',#11171,#11172);
#11171 = CARTESIAN_POINT('',(0.1177734375,0.8748046875));
#11172 = VECTOR('',#11173,1.);
#11173 = DIRECTION('',(1.,0.));
#11174 = ( GEOMETRIC_REPRESENTATION_CONTEXT(2) 
PARAMETRIC_REPRESENTATION_CONTEXT() REPRESENTATION_CONTEXT('2D SPACE',''
  ) );
#11175 = ADVANCED_FACE('',(#11176),#3343,.F.);
#11176 = FACE_BOUND('',#11177,.F.);
#11177 = EDGE_LOOP('',(#11178,#11179,#11180,#11181));
#11178 = ORIENTED_EDGE('',*,*,#10637,.T.);
#11179 = ORIENTED_EDGE('',*,*,#3327,.T.);
#11180 = ORIENTED_EDGE('',*,*,#11130,.F.);
#11181 = ORIENTED_EDGE('',*,*,#11182,.F.);
#11182 = EDGE_CURVE('',#10638,#11131,#11183,.T.);
#11183 = SURFACE_CURVE('',#11184,(#11188,#11195),.PCURVE_S1.);
#11184 = LINE('',#11185,#11186);
#11185 = CARTESIAN_POINT('',(4.2837890625,-5.0154296875,2.7));
#11186 = VECTOR('',#11187,1.);
#11187 = DIRECTION('',(0.,1.,0.));
#11188 = PCURVE('',#3343,#11189);
#11189 = DEFINITIONAL_REPRESENTATION('',(#11190),#11194);
#11190 = LINE('',#11191,#11192);
#11191 = CARTESIAN_POINT('',(0.,0.));
#11192 = VECTOR('',#11193,1.);
#11193 = DIRECTION('',(1.,0.));
#11194 = ( GEOMETRIC_REPRESENTATION_CONTEXT(2) 
PARAMETRIC_REPRESENTATION_CONTEXT() REPRESENTATION_CONTEXT('2D SPACE',''
  ) );
#11195 = PCURVE('',#10674,#11196);
#11196 = DEFINITIONAL_REPRESENTATION('',(#11197),#11201);
#11197 = LINE('',#11198,#11199);
#11198 = CARTESIAN_POINT('',(0.1177734375,0.));
#11199 = VECTOR('',#11200,1.);
#11200 = DIRECTION('',(0.,1.));
#11201 = ( GEOMETRIC_REPRESENTATION_CONTEXT(2) 
PARAMETRIC_REPRESENTATION_CONTEXT() REPRESENTATION_CONTEXT('2D SPACE',''
  ) );
#11202 = ADVANCED_FACE('',(#11203),#3653,.F.);
#11203 = FACE_BOUND('',#11204,.F.);
#11204 = EDGE_LOOP('',(#11205,#11228,#11229,#11252));
#11205 = ORIENTED_EDGE('',*,*,#11206,.T.);
#11206 = EDGE_CURVE('',#11207,#3636,#11209,.T.);
#11207 = VERTEX_POINT('',#11208);
#11208 = CARTESIAN_POINT('',(5.1603515625,-5.0154296875,2.7));
#11209 = SURFACE_CURVE('',#11210,(#11214,#11221),.PCURVE_S1.);
#11210 = LINE('',#11211,#11212);
#11211 = CARTESIAN_POINT('',(5.1603515625,-5.0154296875,2.7));
#11212 = VECTOR('',#11213,1.);
#11213 = DIRECTION('',(0.,0.,1.));
#11214 = PCURVE('',#3653,#11215);
#11215 = DEFINITIONAL_REPRESENTATION('',(#11216),#11220);
#11216 = LINE('',#11217,#11218);
#11217 = CARTESIAN_POINT('',(0.,-0.));
#11218 = VECTOR('',#11219,1.);
#11219 = DIRECTION('',(0.,-1.));
#11220 = ( GEOMETRIC_REPRESENTATION_CONTEXT(2) 
PARAMETRIC_REPRESENTATION_CONTEXT() REPRESENTATION_CONTEXT('2D SPACE',''
  ) );
#11221 = PCURVE('',#3903,#11222);
#11222 = DEFINITIONAL_REPRESENTATION('',(#11223),#11227);
#11223 = LINE('',#11224,#11225);
#11224 = CARTESIAN_POINT('',(0.4177734375,0.));
#11225 = VECTOR('',#11226,1.);
#11226 = DIRECTION('',(0.,-1.));
#11227 = ( GEOMETRIC_REPRESENTATION_CONTEXT(2) 
PARAMETRIC_REPRESENTATION_CONTEXT() REPRESENTATION_CONTEXT('2D SPACE',''
  ) );
#11228 = ORIENTED_EDGE('',*,*,#3635,.T.);
#11229 = ORIENTED_EDGE('',*,*,#11230,.F.);
#11230 = EDGE_CURVE('',#11231,#3638,#11233,.T.);
#11231 = VERTEX_POINT('',#11232);
#11232 = CARTESIAN_POINT('',(5.0419921875,-5.0154296875,2.7));
#11233 = SURFACE_CURVE('',#11234,(#11238,#11245),.PCURVE_S1.);
#11234 = LINE('',#11235,#11236);
#11235 = CARTESIAN_POINT('',(5.0419921875,-5.0154296875,2.7));
#11236 = VECTOR('',#11237,1.);
#11237 = DIRECTION('',(0.,0.,1.));
#11238 = PCURVE('',#3653,#11239);
#11239 = DEFINITIONAL_REPRESENTATION('',(#11240),#11244);
#11240 = LINE('',#11241,#11242);
#11241 = CARTESIAN_POINT('',(0.118359375,0.));
#11242 = VECTOR('',#11243,1.);
#11243 = DIRECTION('',(0.,-1.));
#11244 = ( GEOMETRIC_REPRESENTATION_CONTEXT(2) 
PARAMETRIC_REPRESENTATION_CONTEXT() REPRESENTATION_CONTEXT('2D SPACE',''
  ) );
#11245 = PCURVE('',#3681,#11246);
#11246 = DEFINITIONAL_REPRESENTATION('',(#11247),#11251);
#11247 = LINE('',#11248,#11249);
#11248 = CARTESIAN_POINT('',(0.,0.));
#11249 = VECTOR('',#11250,1.);
#11250 = DIRECTION('',(0.,-1.));
#11251 = ( GEOMETRIC_REPRESENTATION_CONTEXT(2) 
PARAMETRIC_REPRESENTATION_CONTEXT() REPRESENTATION_CONTEXT('2D SPACE',''
  ) );
#11252 = ORIENTED_EDGE('',*,*,#11253,.F.);
#11253 = EDGE_CURVE('',#11207,#11231,#11254,.T.);
#11254 = SURFACE_CURVE('',#11255,(#11259,#11266),.PCURVE_S1.);
#11255 = LINE('',#11256,#11257);
#11256 = CARTESIAN_POINT('',(5.1603515625,-5.0154296875,2.7));
#11257 = VECTOR('',#11258,1.);
#11258 = DIRECTION('',(-1.,0.,0.));
#11259 = PCURVE('',#3653,#11260);
#11260 = DEFINITIONAL_REPRESENTATION('',(#11261),#11265);
#11261 = LINE('',#11262,#11263);
#11262 = CARTESIAN_POINT('',(0.,-0.));
#11263 = VECTOR('',#11264,1.);
#11264 = DIRECTION('',(1.,0.));
#11265 = ( GEOMETRIC_REPRESENTATION_CONTEXT(2) 
PARAMETRIC_REPRESENTATION_CONTEXT() REPRESENTATION_CONTEXT('2D SPACE',''
  ) );
#11266 = PCURVE('',#11267,#11272);
#11267 = PLANE('',#11268);
#11268 = AXIS2_PLACEMENT_3D('',#11269,#11270,#11271);
#11269 = CARTESIAN_POINT('',(4.92421875,-5.0154296875,2.7));
#11270 = DIRECTION('',(0.,0.,1.));
#11271 = DIRECTION('',(1.,0.,0.));
#11272 = DEFINITIONAL_REPRESENTATION('',(#11273),#11277);
#11273 = LINE('',#11274,#11275);
#11274 = CARTESIAN_POINT('',(0.2361328125,0.));
#11275 = VECTOR('',#11276,1.);
#11276 = DIRECTION('',(-1.,0.));
#11277 = ( GEOMETRIC_REPRESENTATION_CONTEXT(2) 
PARAMETRIC_REPRESENTATION_CONTEXT() REPRESENTATION_CONTEXT('2D SPACE',''
  ) );
#11278 = ADVANCED_FACE('',(#11279),#3903,.F.);
#11279 = FACE_BOUND('',#11280,.F.);
#11280 = EDGE_LOOP('',(#11281,#11304,#11305,#11306));
#11281 = ORIENTED_EDGE('',*,*,#11282,.T.);
#11282 = EDGE_CURVE('',#11283,#3862,#11285,.T.);
#11283 = VERTEX_POINT('',#11284);
#11284 = CARTESIAN_POINT('',(5.1603515625,-4.59765625,2.7));
#11285 = SURFACE_CURVE('',#11286,(#11290,#11297),.PCURVE_S1.);
#11286 = LINE('',#11287,#11288);
#11287 = CARTESIAN_POINT('',(5.1603515625,-4.59765625,2.7));
#11288 = VECTOR('',#11289,1.);
#11289 = DIRECTION('',(0.,0.,1.));
#11290 = PCURVE('',#3903,#11291);
#11291 = DEFINITIONAL_REPRESENTATION('',(#11292),#11296);
#11292 = LINE('',#11293,#11294);
#11293 = CARTESIAN_POINT('',(0.,0.));
#11294 = VECTOR('',#11295,1.);
#11295 = DIRECTION('',(0.,-1.));
#11296 = ( GEOMETRIC_REPRESENTATION_CONTEXT(2) 
PARAMETRIC_REPRESENTATION_CONTEXT() REPRESENTATION_CONTEXT('2D SPACE',''
  ) );
#11297 = PCURVE('',#3877,#11298);
#11298 = DEFINITIONAL_REPRESENTATION('',(#11299),#11303);
#11299 = LINE('',#11300,#11301);
#11300 = CARTESIAN_POINT('',(0.346875,0.));
#11301 = VECTOR('',#11302,1.);
#11302 = DIRECTION('',(0.,-1.));
#11303 = ( GEOMETRIC_REPRESENTATION_CONTEXT(2) 
PARAMETRIC_REPRESENTATION_CONTEXT() REPRESENTATION_CONTEXT('2D SPACE',''
  ) );
#11304 = ORIENTED_EDGE('',*,*,#3889,.T.);
#11305 = ORIENTED_EDGE('',*,*,#11206,.F.);
#11306 = ORIENTED_EDGE('',*,*,#11307,.F.);
#11307 = EDGE_CURVE('',#11283,#11207,#11308,.T.);
#11308 = SURFACE_CURVE('',#11309,(#11313,#11320),.PCURVE_S1.);
#11309 = LINE('',#11310,#11311);
#11310 = CARTESIAN_POINT('',(5.1603515625,-4.59765625,2.7));
#11311 = VECTOR('',#11312,1.);
#11312 = DIRECTION('',(0.,-1.,0.));
#11313 = PCURVE('',#3903,#11314);
#11314 = DEFINITIONAL_REPRESENTATION('',(#11315),#11319);
#11315 = LINE('',#11316,#11317);
#11316 = CARTESIAN_POINT('',(-8.881784197001E-16,0.));
#11317 = VECTOR('',#11318,1.);
#11318 = DIRECTION('',(1.,0.));
#11319 = ( GEOMETRIC_REPRESENTATION_CONTEXT(2) 
PARAMETRIC_REPRESENTATION_CONTEXT() REPRESENTATION_CONTEXT('2D SPACE',''
  ) );
#11320 = PCURVE('',#11267,#11321);
#11321 = DEFINITIONAL_REPRESENTATION('',(#11322),#11326);
#11322 = LINE('',#11323,#11324);
#11323 = CARTESIAN_POINT('',(0.2361328125,0.4177734375));
#11324 = VECTOR('',#11325,1.);
#11325 = DIRECTION('',(0.,-1.));
#11326 = ( GEOMETRIC_REPRESENTATION_CONTEXT(2) 
PARAMETRIC_REPRESENTATION_CONTEXT() REPRESENTATION_CONTEXT('2D SPACE',''
  ) );
#11327 = ADVANCED_FACE('',(#11328),#3877,.F.);
#11328 = FACE_BOUND('',#11329,.F.);
#11329 = EDGE_LOOP('',(#11330,#11353,#11354,#11355));
#11330 = ORIENTED_EDGE('',*,*,#11331,.T.);
#11331 = EDGE_CURVE('',#11332,#3834,#11334,.T.);
#11332 = VERTEX_POINT('',#11333);
#11333 = CARTESIAN_POINT('',(5.5072265625,-4.59765625,2.7));
#11334 = SURFACE_CURVE('',#11335,(#11339,#11346),.PCURVE_S1.);
#11335 = LINE('',#11336,#11337);
#11336 = CARTESIAN_POINT('',(5.5072265625,-4.59765625,2.7));
#11337 = VECTOR('',#11338,1.);
#11338 = DIRECTION('',(0.,0.,1.));
#11339 = PCURVE('',#3877,#11340);
#11340 = DEFINITIONAL_REPRESENTATION('',(#11341),#11345);
#11341 = LINE('',#11342,#11343);
#11342 = CARTESIAN_POINT('',(0.,-0.));
#11343 = VECTOR('',#11344,1.);
#11344 = DIRECTION('',(0.,-1.));
#11345 = ( GEOMETRIC_REPRESENTATION_CONTEXT(2) 
PARAMETRIC_REPRESENTATION_CONTEXT() REPRESENTATION_CONTEXT('2D SPACE',''
  ) );
#11346 = PCURVE('',#3849,#11347);
#11347 = DEFINITIONAL_REPRESENTATION('',(#11348),#11352);
#11348 = LINE('',#11349,#11350);
#11349 = CARTESIAN_POINT('',(9.9609375E-02,0.));
#11350 = VECTOR('',#11351,1.);
#11351 = DIRECTION('',(0.,-1.));
#11352 = ( GEOMETRIC_REPRESENTATION_CONTEXT(2) 
PARAMETRIC_REPRESENTATION_CONTEXT() REPRESENTATION_CONTEXT('2D SPACE',''
  ) );
#11353 = ORIENTED_EDGE('',*,*,#3861,.T.);
#11354 = ORIENTED_EDGE('',*,*,#11282,.F.);
#11355 = ORIENTED_EDGE('',*,*,#11356,.F.);
#11356 = EDGE_CURVE('',#11332,#11283,#11357,.T.);
#11357 = SURFACE_CURVE('',#11358,(#11362,#11369),.PCURVE_S1.);
#11358 = LINE('',#11359,#11360);
#11359 = CARTESIAN_POINT('',(5.5072265625,-4.59765625,2.7));
#11360 = VECTOR('',#11361,1.);
#11361 = DIRECTION('',(-1.,0.,0.));
#11362 = PCURVE('',#3877,#11363);
#11363 = DEFINITIONAL_REPRESENTATION('',(#11364),#11368);
#11364 = LINE('',#11365,#11366);
#11365 = CARTESIAN_POINT('',(0.,-0.));
#11366 = VECTOR('',#11367,1.);
#11367 = DIRECTION('',(1.,0.));
#11368 = ( GEOMETRIC_REPRESENTATION_CONTEXT(2) 
PARAMETRIC_REPRESENTATION_CONTEXT() REPRESENTATION_CONTEXT('2D SPACE',''
  ) );
#11369 = PCURVE('',#11267,#11370);
#11370 = DEFINITIONAL_REPRESENTATION('',(#11371),#11375);
#11371 = LINE('',#11372,#11373);
#11372 = CARTESIAN_POINT('',(0.5830078125,0.4177734375));
#11373 = VECTOR('',#11374,1.);
#11374 = DIRECTION('',(-1.,0.));
#11375 = ( GEOMETRIC_REPRESENTATION_CONTEXT(2) 
PARAMETRIC_REPRESENTATION_CONTEXT() REPRESENTATION_CONTEXT('2D SPACE',''
  ) );
#11376 = ADVANCED_FACE('',(#11377),#3849,.F.);
#11377 = FACE_BOUND('',#11378,.F.);
#11378 = EDGE_LOOP('',(#11379,#11402,#11403,#11404));
#11379 = ORIENTED_EDGE('',*,*,#11380,.T.);
#11380 = EDGE_CURVE('',#11381,#3806,#11383,.T.);
#11381 = VERTEX_POINT('',#11382);
#11382 = CARTESIAN_POINT('',(5.5072265625,-4.498046875,2.7));
#11383 = SURFACE_CURVE('',#11384,(#11388,#11395),.PCURVE_S1.);
#11384 = LINE('',#11385,#11386);
#11385 = CARTESIAN_POINT('',(5.5072265625,-4.498046875,2.7));
#11386 = VECTOR('',#11387,1.);
#11387 = DIRECTION('',(0.,0.,1.));
#11388 = PCURVE('',#3849,#11389);
#11389 = DEFINITIONAL_REPRESENTATION('',(#11390),#11394);
#11390 = LINE('',#11391,#11392);
#11391 = CARTESIAN_POINT('',(0.,0.));
#11392 = VECTOR('',#11393,1.);
#11393 = DIRECTION('',(0.,-1.));
#11394 = ( GEOMETRIC_REPRESENTATION_CONTEXT(2) 
PARAMETRIC_REPRESENTATION_CONTEXT() REPRESENTATION_CONTEXT('2D SPACE',''
  ) );
#11395 = PCURVE('',#3821,#11396);
#11396 = DEFINITIONAL_REPRESENTATION('',(#11397),#11401);
#11397 = LINE('',#11398,#11399);
#11398 = CARTESIAN_POINT('',(0.346875,0.));
#11399 = VECTOR('',#11400,1.);
#11400 = DIRECTION('',(0.,-1.));
#11401 = ( GEOMETRIC_REPRESENTATION_CONTEXT(2) 
PARAMETRIC_REPRESENTATION_CONTEXT() REPRESENTATION_CONTEXT('2D SPACE',''
  ) );
#11402 = ORIENTED_EDGE('',*,*,#3833,.T.);
#11403 = ORIENTED_EDGE('',*,*,#11331,.F.);
#11404 = ORIENTED_EDGE('',*,*,#11405,.F.);
#11405 = EDGE_CURVE('',#11381,#11332,#11406,.T.);
#11406 = SURFACE_CURVE('',#11407,(#11411,#11418),.PCURVE_S1.);
#11407 = LINE('',#11408,#11409);
#11408 = CARTESIAN_POINT('',(5.5072265625,-4.498046875,2.7));
#11409 = VECTOR('',#11410,1.);
#11410 = DIRECTION('',(0.,-1.,0.));
#11411 = PCURVE('',#3849,#11412);
#11412 = DEFINITIONAL_REPRESENTATION('',(#11413),#11417);
#11413 = LINE('',#11414,#11415);
#11414 = CARTESIAN_POINT('',(-8.881784197001E-16,0.));
#11415 = VECTOR('',#11416,1.);
#11416 = DIRECTION('',(1.,0.));
#11417 = ( GEOMETRIC_REPRESENTATION_CONTEXT(2) 
PARAMETRIC_REPRESENTATION_CONTEXT() REPRESENTATION_CONTEXT('2D SPACE',''
  ) );
#11418 = PCURVE('',#11267,#11419);
#11419 = DEFINITIONAL_REPRESENTATION('',(#11420),#11424);
#11420 = LINE('',#11421,#11422);
#11421 = CARTESIAN_POINT('',(0.5830078125,0.5173828125));
#11422 = VECTOR('',#11423,1.);
#11423 = DIRECTION('',(0.,-1.));
#11424 = ( GEOMETRIC_REPRESENTATION_CONTEXT(2) 
PARAMETRIC_REPRESENTATION_CONTEXT() REPRESENTATION_CONTEXT('2D SPACE',''
  ) );
#11425 = ADVANCED_FACE('',(#11426),#3821,.F.);
#11426 = FACE_BOUND('',#11427,.F.);
#11427 = EDGE_LOOP('',(#11428,#11451,#11452,#11453));
#11428 = ORIENTED_EDGE('',*,*,#11429,.T.);
#11429 = EDGE_CURVE('',#11430,#3778,#11432,.T.);
#11430 = VERTEX_POINT('',#11431);
#11431 = CARTESIAN_POINT('',(5.1603515625,-4.498046875,2.7));
#11432 = SURFACE_CURVE('',#11433,(#11437,#11444),.PCURVE_S1.);
#11433 = LINE('',#11434,#11435);
#11434 = CARTESIAN_POINT('',(5.1603515625,-4.498046875,2.7));
#11435 = VECTOR('',#11436,1.);
#11436 = DIRECTION('',(0.,0.,1.));
#11437 = PCURVE('',#3821,#11438);
#11438 = DEFINITIONAL_REPRESENTATION('',(#11439),#11443);
#11439 = LINE('',#11440,#11441);
#11440 = CARTESIAN_POINT('',(0.,0.));
#11441 = VECTOR('',#11442,1.);
#11442 = DIRECTION('',(0.,-1.));
#11443 = ( GEOMETRIC_REPRESENTATION_CONTEXT(2) 
PARAMETRIC_REPRESENTATION_CONTEXT() REPRESENTATION_CONTEXT('2D SPACE',''
  ) );
#11444 = PCURVE('',#3793,#11445);
#11445 = DEFINITIONAL_REPRESENTATION('',(#11446),#11450);
#11446 = LINE('',#11447,#11448);
#11447 = CARTESIAN_POINT('',(0.2578125,0.));
#11448 = VECTOR('',#11449,1.);
#11449 = DIRECTION('',(0.,-1.));
#11450 = ( GEOMETRIC_REPRESENTATION_CONTEXT(2) 
PARAMETRIC_REPRESENTATION_CONTEXT() REPRESENTATION_CONTEXT('2D SPACE',''
  ) );
#11451 = ORIENTED_EDGE('',*,*,#3805,.T.);
#11452 = ORIENTED_EDGE('',*,*,#11380,.F.);
#11453 = ORIENTED_EDGE('',*,*,#11454,.F.);
#11454 = EDGE_CURVE('',#11430,#11381,#11455,.T.);
#11455 = SURFACE_CURVE('',#11456,(#11460,#11467),.PCURVE_S1.);
#11456 = LINE('',#11457,#11458);
#11457 = CARTESIAN_POINT('',(5.1603515625,-4.498046875,2.7));
#11458 = VECTOR('',#11459,1.);
#11459 = DIRECTION('',(1.,0.,0.));
#11460 = PCURVE('',#3821,#11461);
#11461 = DEFINITIONAL_REPRESENTATION('',(#11462),#11466);
#11462 = LINE('',#11463,#11464);
#11463 = CARTESIAN_POINT('',(0.,0.));
#11464 = VECTOR('',#11465,1.);
#11465 = DIRECTION('',(1.,0.));
#11466 = ( GEOMETRIC_REPRESENTATION_CONTEXT(2) 
PARAMETRIC_REPRESENTATION_CONTEXT() REPRESENTATION_CONTEXT('2D SPACE',''
  ) );
#11467 = PCURVE('',#11267,#11468);
#11468 = DEFINITIONAL_REPRESENTATION('',(#11469),#11473);
#11469 = LINE('',#11470,#11471);
#11470 = CARTESIAN_POINT('',(0.2361328125,0.5173828125));
#11471 = VECTOR('',#11472,1.);
#11472 = DIRECTION('',(1.,0.));
#11473 = ( GEOMETRIC_REPRESENTATION_CONTEXT(2) 
PARAMETRIC_REPRESENTATION_CONTEXT() REPRESENTATION_CONTEXT('2D SPACE',''
  ) );
#11474 = ADVANCED_FACE('',(#11475),#3793,.F.);
#11475 = FACE_BOUND('',#11476,.F.);
#11476 = EDGE_LOOP('',(#11477,#11500,#11501,#11502));
#11477 = ORIENTED_EDGE('',*,*,#11478,.T.);
#11478 = EDGE_CURVE('',#11479,#3750,#11481,.T.);
#11479 = VERTEX_POINT('',#11480);
#11480 = CARTESIAN_POINT('',(5.1603515625,-4.240234375,2.7));
#11481 = SURFACE_CURVE('',#11482,(#11486,#11493),.PCURVE_S1.);
#11482 = LINE('',#11483,#11484);
#11483 = CARTESIAN_POINT('',(5.1603515625,-4.240234375,2.7));
#11484 = VECTOR('',#11485,1.);
#11485 = DIRECTION('',(0.,0.,1.));
#11486 = PCURVE('',#3793,#11487);
#11487 = DEFINITIONAL_REPRESENTATION('',(#11488),#11492);
#11488 = LINE('',#11489,#11490);
#11489 = CARTESIAN_POINT('',(0.,0.));
#11490 = VECTOR('',#11491,1.);
#11491 = DIRECTION('',(0.,-1.));
#11492 = ( GEOMETRIC_REPRESENTATION_CONTEXT(2) 
PARAMETRIC_REPRESENTATION_CONTEXT() REPRESENTATION_CONTEXT('2D SPACE',''
  ) );
#11493 = PCURVE('',#3765,#11494);
#11494 = DEFINITIONAL_REPRESENTATION('',(#11495),#11499);
#11495 = LINE('',#11496,#11497);
#11496 = CARTESIAN_POINT('',(0.384375,0.));
#11497 = VECTOR('',#11498,1.);
#11498 = DIRECTION('',(0.,-1.));
#11499 = ( GEOMETRIC_REPRESENTATION_CONTEXT(2) 
PARAMETRIC_REPRESENTATION_CONTEXT() REPRESENTATION_CONTEXT('2D SPACE',''
  ) );
#11500 = ORIENTED_EDGE('',*,*,#3777,.T.);
#11501 = ORIENTED_EDGE('',*,*,#11429,.F.);
#11502 = ORIENTED_EDGE('',*,*,#11503,.F.);
#11503 = EDGE_CURVE('',#11479,#11430,#11504,.T.);
#11504 = SURFACE_CURVE('',#11505,(#11509,#11516),.PCURVE_S1.);
#11505 = LINE('',#11506,#11507);
#11506 = CARTESIAN_POINT('',(5.1603515625,-4.240234375,2.7));
#11507 = VECTOR('',#11508,1.);
#11508 = DIRECTION('',(0.,-1.,0.));
#11509 = PCURVE('',#3793,#11510);
#11510 = DEFINITIONAL_REPRESENTATION('',(#11511),#11515);
#11511 = LINE('',#11512,#11513);
#11512 = CARTESIAN_POINT('',(-8.881784197001E-16,0.));
#11513 = VECTOR('',#11514,1.);
#11514 = DIRECTION('',(1.,0.));
#11515 = ( GEOMETRIC_REPRESENTATION_CONTEXT(2) 
PARAMETRIC_REPRESENTATION_CONTEXT() REPRESENTATION_CONTEXT('2D SPACE',''
  ) );
#11516 = PCURVE('',#11267,#11517);
#11517 = DEFINITIONAL_REPRESENTATION('',(#11518),#11522);
#11518 = LINE('',#11519,#11520);
#11519 = CARTESIAN_POINT('',(0.2361328125,0.7751953125));
#11520 = VECTOR('',#11521,1.);
#11521 = DIRECTION('',(0.,-1.));
#11522 = ( GEOMETRIC_REPRESENTATION_CONTEXT(2) 
PARAMETRIC_REPRESENTATION_CONTEXT() REPRESENTATION_CONTEXT('2D SPACE',''
  ) );
#11523 = ADVANCED_FACE('',(#11524),#3765,.F.);
#11524 = FACE_BOUND('',#11525,.F.);
#11525 = EDGE_LOOP('',(#11526,#11549,#11550,#11551));
#11526 = ORIENTED_EDGE('',*,*,#11527,.T.);
#11527 = EDGE_CURVE('',#11528,#3722,#11530,.T.);
#11528 = VERTEX_POINT('',#11529);
#11529 = CARTESIAN_POINT('',(5.5447265625,-4.240234375,2.7));
#11530 = SURFACE_CURVE('',#11531,(#11535,#11542),.PCURVE_S1.);
#11531 = LINE('',#11532,#11533);
#11532 = CARTESIAN_POINT('',(5.5447265625,-4.240234375,2.7));
#11533 = VECTOR('',#11534,1.);
#11534 = DIRECTION('',(0.,0.,1.));
#11535 = PCURVE('',#3765,#11536);
#11536 = DEFINITIONAL_REPRESENTATION('',(#11537),#11541);
#11537 = LINE('',#11538,#11539);
#11538 = CARTESIAN_POINT('',(0.,-0.));
#11539 = VECTOR('',#11540,1.);
#11540 = DIRECTION('',(0.,-1.));
#11541 = ( GEOMETRIC_REPRESENTATION_CONTEXT(2) 
PARAMETRIC_REPRESENTATION_CONTEXT() REPRESENTATION_CONTEXT('2D SPACE',''
  ) );
#11542 = PCURVE('',#3737,#11543);
#11543 = DEFINITIONAL_REPRESENTATION('',(#11544),#11548);
#11544 = LINE('',#11545,#11546);
#11545 = CARTESIAN_POINT('',(9.9609375E-02,0.));
#11546 = VECTOR('',#11547,1.);
#11547 = DIRECTION('',(0.,-1.));
#11548 = ( GEOMETRIC_REPRESENTATION_CONTEXT(2) 
PARAMETRIC_REPRESENTATION_CONTEXT() REPRESENTATION_CONTEXT('2D SPACE',''
  ) );
#11549 = ORIENTED_EDGE('',*,*,#3749,.T.);
#11550 = ORIENTED_EDGE('',*,*,#11478,.F.);
#11551 = ORIENTED_EDGE('',*,*,#11552,.F.);
#11552 = EDGE_CURVE('',#11528,#11479,#11553,.T.);
#11553 = SURFACE_CURVE('',#11554,(#11558,#11565),.PCURVE_S1.);
#11554 = LINE('',#11555,#11556);
#11555 = CARTESIAN_POINT('',(5.5447265625,-4.240234375,2.7));
#11556 = VECTOR('',#11557,1.);
#11557 = DIRECTION('',(-1.,0.,0.));
#11558 = PCURVE('',#3765,#11559);
#11559 = DEFINITIONAL_REPRESENTATION('',(#11560),#11564);
#11560 = LINE('',#11561,#11562);
#11561 = CARTESIAN_POINT('',(8.881784197001E-16,0.));
#11562 = VECTOR('',#11563,1.);
#11563 = DIRECTION('',(1.,0.));
#11564 = ( GEOMETRIC_REPRESENTATION_CONTEXT(2) 
PARAMETRIC_REPRESENTATION_CONTEXT() REPRESENTATION_CONTEXT('2D SPACE',''
  ) );
#11565 = PCURVE('',#11267,#11566);
#11566 = DEFINITIONAL_REPRESENTATION('',(#11567),#11571);
#11567 = LINE('',#11568,#11569);
#11568 = CARTESIAN_POINT('',(0.6205078125,0.7751953125));
#11569 = VECTOR('',#11570,1.);
#11570 = DIRECTION('',(-1.,0.));
#11571 = ( GEOMETRIC_REPRESENTATION_CONTEXT(2) 
PARAMETRIC_REPRESENTATION_CONTEXT() REPRESENTATION_CONTEXT('2D SPACE',''
  ) );
#11572 = ADVANCED_FACE('',(#11573),#3737,.F.);
#11573 = FACE_BOUND('',#11574,.F.);
#11574 = EDGE_LOOP('',(#11575,#11598,#11599,#11600));
#11575 = ORIENTED_EDGE('',*,*,#11576,.T.);
#11576 = EDGE_CURVE('',#11577,#3694,#11579,.T.);
#11577 = VERTEX_POINT('',#11578);
#11578 = CARTESIAN_POINT('',(5.5447265625,-4.140625,2.7));
#11579 = SURFACE_CURVE('',#11580,(#11584,#11591),.PCURVE_S1.);
#11580 = LINE('',#11581,#11582);
#11581 = CARTESIAN_POINT('',(5.5447265625,-4.140625,2.7));
#11582 = VECTOR('',#11583,1.);
#11583 = DIRECTION('',(0.,0.,1.));
#11584 = PCURVE('',#3737,#11585);
#11585 = DEFINITIONAL_REPRESENTATION('',(#11586),#11590);
#11586 = LINE('',#11587,#11588);
#11587 = CARTESIAN_POINT('',(0.,0.));
#11588 = VECTOR('',#11589,1.);
#11589 = DIRECTION('',(0.,-1.));
#11590 = ( GEOMETRIC_REPRESENTATION_CONTEXT(2) 
PARAMETRIC_REPRESENTATION_CONTEXT() REPRESENTATION_CONTEXT('2D SPACE',''
  ) );
#11591 = PCURVE('',#3709,#11592);
#11592 = DEFINITIONAL_REPRESENTATION('',(#11593),#11597);
#11593 = LINE('',#11594,#11595);
#11594 = CARTESIAN_POINT('',(0.502734375,0.));
#11595 = VECTOR('',#11596,1.);
#11596 = DIRECTION('',(0.,-1.));
#11597 = ( GEOMETRIC_REPRESENTATION_CONTEXT(2) 
PARAMETRIC_REPRESENTATION_CONTEXT() REPRESENTATION_CONTEXT('2D SPACE',''
  ) );
#11598 = ORIENTED_EDGE('',*,*,#3721,.T.);
#11599 = ORIENTED_EDGE('',*,*,#11527,.F.);
#11600 = ORIENTED_EDGE('',*,*,#11601,.F.);
#11601 = EDGE_CURVE('',#11577,#11528,#11602,.T.);
#11602 = SURFACE_CURVE('',#11603,(#11607,#11614),.PCURVE_S1.);
#11603 = LINE('',#11604,#11605);
#11604 = CARTESIAN_POINT('',(5.5447265625,-4.140625,2.7));
#11605 = VECTOR('',#11606,1.);
#11606 = DIRECTION('',(0.,-1.,0.));
#11607 = PCURVE('',#3737,#11608);
#11608 = DEFINITIONAL_REPRESENTATION('',(#11609),#11613);
#11609 = LINE('',#11610,#11611);
#11610 = CARTESIAN_POINT('',(-8.881784197001E-16,0.));
#11611 = VECTOR('',#11612,1.);
#11612 = DIRECTION('',(1.,0.));
#11613 = ( GEOMETRIC_REPRESENTATION_CONTEXT(2) 
PARAMETRIC_REPRESENTATION_CONTEXT() REPRESENTATION_CONTEXT('2D SPACE',''
  ) );
#11614 = PCURVE('',#11267,#11615);
#11615 = DEFINITIONAL_REPRESENTATION('',(#11616),#11620);
#11616 = LINE('',#11617,#11618);
#11617 = CARTESIAN_POINT('',(0.6205078125,0.8748046875));
#11618 = VECTOR('',#11619,1.);
#11619 = DIRECTION('',(0.,-1.));
#11620 = ( GEOMETRIC_REPRESENTATION_CONTEXT(2) 
PARAMETRIC_REPRESENTATION_CONTEXT() REPRESENTATION_CONTEXT('2D SPACE',''
  ) );
#11621 = ADVANCED_FACE('',(#11622),#3709,.F.);
#11622 = FACE_BOUND('',#11623,.F.);
#11623 = EDGE_LOOP('',(#11624,#11647,#11648,#11649));
#11624 = ORIENTED_EDGE('',*,*,#11625,.T.);
#11625 = EDGE_CURVE('',#11626,#3666,#11628,.T.);
#11626 = VERTEX_POINT('',#11627);
#11627 = CARTESIAN_POINT('',(5.0419921875,-4.140625,2.7));
#11628 = SURFACE_CURVE('',#11629,(#11633,#11640),.PCURVE_S1.);
#11629 = LINE('',#11630,#11631);
#11630 = CARTESIAN_POINT('',(5.0419921875,-4.140625,2.7));
#11631 = VECTOR('',#11632,1.);
#11632 = DIRECTION('',(0.,0.,1.));
#11633 = PCURVE('',#3709,#11634);
#11634 = DEFINITIONAL_REPRESENTATION('',(#11635),#11639);
#11635 = LINE('',#11636,#11637);
#11636 = CARTESIAN_POINT('',(0.,0.));
#11637 = VECTOR('',#11638,1.);
#11638 = DIRECTION('',(0.,-1.));
#11639 = ( GEOMETRIC_REPRESENTATION_CONTEXT(2) 
PARAMETRIC_REPRESENTATION_CONTEXT() REPRESENTATION_CONTEXT('2D SPACE',''
  ) );
#11640 = PCURVE('',#3681,#11641);
#11641 = DEFINITIONAL_REPRESENTATION('',(#11642),#11646);
#11642 = LINE('',#11643,#11644);
#11643 = CARTESIAN_POINT('',(0.8748046875,0.));
#11644 = VECTOR('',#11645,1.);
#11645 = DIRECTION('',(0.,-1.));
#11646 = ( GEOMETRIC_REPRESENTATION_CONTEXT(2) 
PARAMETRIC_REPRESENTATION_CONTEXT() REPRESENTATION_CONTEXT('2D SPACE',''
  ) );
#11647 = ORIENTED_EDGE('',*,*,#3693,.T.);
#11648 = ORIENTED_EDGE('',*,*,#11576,.F.);
#11649 = ORIENTED_EDGE('',*,*,#11650,.F.);
#11650 = EDGE_CURVE('',#11626,#11577,#11651,.T.);
#11651 = SURFACE_CURVE('',#11652,(#11656,#11663),.PCURVE_S1.);
#11652 = LINE('',#11653,#11654);
#11653 = CARTESIAN_POINT('',(5.0419921875,-4.140625,2.7));
#11654 = VECTOR('',#11655,1.);
#11655 = DIRECTION('',(1.,0.,0.));
#11656 = PCURVE('',#3709,#11657);
#11657 = DEFINITIONAL_REPRESENTATION('',(#11658),#11662);
#11658 = LINE('',#11659,#11660);
#11659 = CARTESIAN_POINT('',(0.,0.));
#11660 = VECTOR('',#11661,1.);
#11661 = DIRECTION('',(1.,0.));
#11662 = ( GEOMETRIC_REPRESENTATION_CONTEXT(2) 
PARAMETRIC_REPRESENTATION_CONTEXT() REPRESENTATION_CONTEXT('2D SPACE',''
  ) );
#11663 = PCURVE('',#11267,#11664);
#11664 = DEFINITIONAL_REPRESENTATION('',(#11665),#11669);
#11665 = LINE('',#11666,#11667);
#11666 = CARTESIAN_POINT('',(0.1177734375,0.8748046875));
#11667 = VECTOR('',#11668,1.);
#11668 = DIRECTION('',(1.,0.));
#11669 = ( GEOMETRIC_REPRESENTATION_CONTEXT(2) 
PARAMETRIC_REPRESENTATION_CONTEXT() REPRESENTATION_CONTEXT('2D SPACE',''
  ) );
#11670 = ADVANCED_FACE('',(#11671),#3681,.F.);
#11671 = FACE_BOUND('',#11672,.F.);
#11672 = EDGE_LOOP('',(#11673,#11674,#11675,#11676));
#11673 = ORIENTED_EDGE('',*,*,#11230,.T.);
#11674 = ORIENTED_EDGE('',*,*,#3665,.T.);
#11675 = ORIENTED_EDGE('',*,*,#11625,.F.);
#11676 = ORIENTED_EDGE('',*,*,#11677,.F.);
#11677 = EDGE_CURVE('',#11231,#11626,#11678,.T.);
#11678 = SURFACE_CURVE('',#11679,(#11683,#11690),.PCURVE_S1.);
#11679 = LINE('',#11680,#11681);
#11680 = CARTESIAN_POINT('',(5.0419921875,-5.0154296875,2.7));
#11681 = VECTOR('',#11682,1.);
#11682 = DIRECTION('',(0.,1.,0.));
#11683 = PCURVE('',#3681,#11684);
#11684 = DEFINITIONAL_REPRESENTATION('',(#11685),#11689);
#11685 = LINE('',#11686,#11687);
#11686 = CARTESIAN_POINT('',(0.,0.));
#11687 = VECTOR('',#11688,1.);
#11688 = DIRECTION('',(1.,0.));
#11689 = ( GEOMETRIC_REPRESENTATION_CONTEXT(2) 
PARAMETRIC_REPRESENTATION_CONTEXT() REPRESENTATION_CONTEXT('2D SPACE',''
  ) );
#11690 = PCURVE('',#11267,#11691);
#11691 = DEFINITIONAL_REPRESENTATION('',(#11692),#11696);
#11692 = LINE('',#11693,#11694);
#11693 = CARTESIAN_POINT('',(0.1177734375,0.));
#11694 = VECTOR('',#11695,1.);
#11695 = DIRECTION('',(0.,1.));
#11696 = ( GEOMETRIC_REPRESENTATION_CONTEXT(2) 
PARAMETRIC_REPRESENTATION_CONTEXT() REPRESENTATION_CONTEXT('2D SPACE',''
  ) );
#11697 = ADVANCED_FACE('',(#11698),#3935,.F.);
#11698 = FACE_BOUND('',#11699,.F.);
#11699 = EDGE_LOOP('',(#11700,#11723,#11724,#11747));
#11700 = ORIENTED_EDGE('',*,*,#11701,.T.);
#11701 = EDGE_CURVE('',#11702,#3918,#11704,.T.);
#11702 = VERTEX_POINT('',#11703);
#11703 = CARTESIAN_POINT('',(6.22177734375,-4.547265625,2.7));
#11704 = SURFACE_CURVE('',#11705,(#11709,#11716),.PCURVE_S1.);
#11705 = LINE('',#11706,#11707);
#11706 = CARTESIAN_POINT('',(6.22177734375,-4.547265625,2.7));
#11707 = VECTOR('',#11708,1.);
#11708 = DIRECTION('',(0.,0.,1.));
#11709 = PCURVE('',#3935,#11710);
#11710 = DEFINITIONAL_REPRESENTATION('',(#11711),#11715);
#11711 = LINE('',#11712,#11713);
#11712 = CARTESIAN_POINT('',(0.,0.));
#11713 = VECTOR('',#11714,1.);
#11714 = DIRECTION('',(0.,-1.));
#11715 = ( GEOMETRIC_REPRESENTATION_CONTEXT(2) 
PARAMETRIC_REPRESENTATION_CONTEXT() REPRESENTATION_CONTEXT('2D SPACE',''
  ) );
#11716 = PCURVE('',#4551,#11717);
#11717 = DEFINITIONAL_REPRESENTATION('',(#11718),#11722);
#11718 = LINE('',#11719,#11720);
#11719 = CARTESIAN_POINT('',(1.,0.));
#11720 = VECTOR('',#11721,1.);
#11721 = DIRECTION('',(0.,-1.));
#11722 = ( GEOMETRIC_REPRESENTATION_CONTEXT(2) 
PARAMETRIC_REPRESENTATION_CONTEXT() REPRESENTATION_CONTEXT('2D SPACE',''
  ) );
#11723 = ORIENTED_EDGE('',*,*,#3917,.T.);
#11724 = ORIENTED_EDGE('',*,*,#11725,.F.);
#11725 = EDGE_CURVE('',#11726,#3920,#11728,.T.);
#11726 = VERTEX_POINT('',#11727);
#11727 = CARTESIAN_POINT('',(6.125390625,-4.580078125,2.7));
#11728 = SURFACE_CURVE('',#11729,(#11733,#11740),.PCURVE_S1.);
#11729 = LINE('',#11730,#11731);
#11730 = CARTESIAN_POINT('',(6.125390625,-4.580078125,2.7));
#11731 = VECTOR('',#11732,1.);
#11732 = DIRECTION('',(0.,0.,1.));
#11733 = PCURVE('',#3935,#11734);
#11734 = DEFINITIONAL_REPRESENTATION('',(#11735),#11739);
#11735 = LINE('',#11736,#11737);
#11736 = CARTESIAN_POINT('',(1.,0.));
#11737 = VECTOR('',#11738,1.);
#11738 = DIRECTION('',(0.,-1.));
#11739 = ( GEOMETRIC_REPRESENTATION_CONTEXT(2) 
PARAMETRIC_REPRESENTATION_CONTEXT() REPRESENTATION_CONTEXT('2D SPACE',''
  ) );
#11740 = PCURVE('',#3965,#11741);
#11741 = DEFINITIONAL_REPRESENTATION('',(#11742),#11746);
#11742 = LINE('',#11743,#11744);
#11743 = CARTESIAN_POINT('',(0.,0.));
#11744 = VECTOR('',#11745,1.);
#11745 = DIRECTION('',(0.,-1.));
#11746 = ( GEOMETRIC_REPRESENTATION_CONTEXT(2) 
PARAMETRIC_REPRESENTATION_CONTEXT() REPRESENTATION_CONTEXT('2D SPACE',''
  ) );
#11747 = ORIENTED_EDGE('',*,*,#11748,.F.);
#11748 = EDGE_CURVE('',#11702,#11726,#11749,.T.);
#11749 = SURFACE_CURVE('',#11750,(#11754,#11761),.PCURVE_S1.);
#11750 = B_SPLINE_CURVE_WITH_KNOTS('',2,(#11751,#11752,#11753),
  .UNSPECIFIED.,.F.,.F.,(3,3),(0.,1.),.PIECEWISE_BEZIER_KNOTS.);
#11751 = CARTESIAN_POINT('',(6.22177734375,-4.547265625,2.7));
#11752 = CARTESIAN_POINT('',(6.174609375,-4.5578125,2.7));
#11753 = CARTESIAN_POINT('',(6.125390625,-4.580078125,2.7));
#11754 = PCURVE('',#3935,#11755);
#11755 = DEFINITIONAL_REPRESENTATION('',(#11756),#11760);
#11756 = LINE('',#11757,#11758);
#11757 = CARTESIAN_POINT('',(0.,0.));
#11758 = VECTOR('',#11759,1.);
#11759 = DIRECTION('',(1.,0.));
#11760 = ( GEOMETRIC_REPRESENTATION_CONTEXT(2) 
PARAMETRIC_REPRESENTATION_CONTEXT() REPRESENTATION_CONTEXT('2D SPACE',''
  ) );
#11761 = PCURVE('',#11762,#11767);
#11762 = PLANE('',#11763);
#11763 = AXIS2_PLACEMENT_3D('',#11764,#11765,#11766);
#11764 = CARTESIAN_POINT('',(5.9958984375,-5.0154296875,2.7));
#11765 = DIRECTION('',(0.,0.,1.));
#11766 = DIRECTION('',(1.,0.,0.));
#11767 = DEFINITIONAL_REPRESENTATION('',(#11768),#11772);
#11768 = B_SPLINE_CURVE_WITH_KNOTS('',2,(#11769,#11770,#11771),
  .UNSPECIFIED.,.F.,.F.,(3,3),(0.,1.),.PIECEWISE_BEZIER_KNOTS.);
#11769 = CARTESIAN_POINT('',(0.22587890625,0.4681640625));
#11770 = CARTESIAN_POINT('',(0.1787109375,0.4576171875));
#11771 = CARTESIAN_POINT('',(0.1294921875,0.4353515625));
#11772 = ( GEOMETRIC_REPRESENTATION_CONTEXT(2) 
PARAMETRIC_REPRESENTATION_CONTEXT() REPRESENTATION_CONTEXT('2D SPACE',''
  ) );
#11773 = ADVANCED_FACE('',(#11774),#4551,.F.);
#11774 = FACE_BOUND('',#11775,.F.);
#11775 = EDGE_LOOP('',(#11776,#11799,#11800,#11801));
#11776 = ORIENTED_EDGE('',*,*,#11777,.T.);
#11777 = EDGE_CURVE('',#11778,#4508,#11780,.T.);
#11778 = VERTEX_POINT('',#11779);
#11779 = CARTESIAN_POINT('',(6.31640625,-4.53671875,2.7));
#11780 = SURFACE_CURVE('',#11781,(#11785,#11792),.PCURVE_S1.);
#11781 = LINE('',#11782,#11783);
#11782 = CARTESIAN_POINT('',(6.31640625,-4.53671875,2.7));
#11783 = VECTOR('',#11784,1.);
#11784 = DIRECTION('',(0.,0.,1.));
#11785 = PCURVE('',#4551,#11786);
#11786 = DEFINITIONAL_REPRESENTATION('',(#11787),#11791);
#11787 = LINE('',#11788,#11789);
#11788 = CARTESIAN_POINT('',(0.,0.));
#11789 = VECTOR('',#11790,1.);
#11790 = DIRECTION('',(0.,-1.));
#11791 = ( GEOMETRIC_REPRESENTATION_CONTEXT(2) 
PARAMETRIC_REPRESENTATION_CONTEXT() REPRESENTATION_CONTEXT('2D SPACE',''
  ) );
#11792 = PCURVE('',#4523,#11793);
#11793 = DEFINITIONAL_REPRESENTATION('',(#11794),#11798);
#11794 = LINE('',#11795,#11796);
#11795 = CARTESIAN_POINT('',(1.,0.));
#11796 = VECTOR('',#11797,1.);
#11797 = DIRECTION('',(0.,-1.));
#11798 = ( GEOMETRIC_REPRESENTATION_CONTEXT(2) 
PARAMETRIC_REPRESENTATION_CONTEXT() REPRESENTATION_CONTEXT('2D SPACE',''
  ) );
#11799 = ORIENTED_EDGE('',*,*,#4537,.T.);
#11800 = ORIENTED_EDGE('',*,*,#11701,.F.);
#11801 = ORIENTED_EDGE('',*,*,#11802,.F.);
#11802 = EDGE_CURVE('',#11778,#11702,#11803,.T.);
#11803 = SURFACE_CURVE('',#11804,(#11808,#11815),.PCURVE_S1.);
#11804 = B_SPLINE_CURVE_WITH_KNOTS('',2,(#11805,#11806,#11807),
  .UNSPECIFIED.,.F.,.F.,(3,3),(0.,1.),.PIECEWISE_BEZIER_KNOTS.);
#11805 = CARTESIAN_POINT('',(6.31640625,-4.53671875,2.7));
#11806 = CARTESIAN_POINT('',(6.2689453125,-4.53671875,2.7));
#11807 = CARTESIAN_POINT('',(6.22177734375,-4.547265625,2.7));
#11808 = PCURVE('',#4551,#11809);
#11809 = DEFINITIONAL_REPRESENTATION('',(#11810),#11814);
#11810 = LINE('',#11811,#11812);
#11811 = CARTESIAN_POINT('',(0.,0.));
#11812 = VECTOR('',#11813,1.);
#11813 = DIRECTION('',(1.,0.));
#11814 = ( GEOMETRIC_REPRESENTATION_CONTEXT(2) 
PARAMETRIC_REPRESENTATION_CONTEXT() REPRESENTATION_CONTEXT('2D SPACE',''
  ) );
#11815 = PCURVE('',#11762,#11816);
#11816 = DEFINITIONAL_REPRESENTATION('',(#11817),#11821);
#11817 = B_SPLINE_CURVE_WITH_KNOTS('',2,(#11818,#11819,#11820),
  .UNSPECIFIED.,.F.,.F.,(3,3),(0.,1.),.PIECEWISE_BEZIER_KNOTS.);
#11818 = CARTESIAN_POINT('',(0.3205078125,0.4787109375));
#11819 = CARTESIAN_POINT('',(0.273046875,0.4787109375));
#11820 = CARTESIAN_POINT('',(0.22587890625,0.4681640625));
#11821 = ( GEOMETRIC_REPRESENTATION_CONTEXT(2) 
PARAMETRIC_REPRESENTATION_CONTEXT() REPRESENTATION_CONTEXT('2D SPACE',''
  ) );
#11822 = ADVANCED_FACE('',(#11823),#4523,.F.);
#11823 = FACE_BOUND('',#11824,.F.);
#11824 = EDGE_LOOP('',(#11825,#11848,#11849,#11850));
#11825 = ORIENTED_EDGE('',*,*,#11826,.T.);
#11826 = EDGE_CURVE('',#11827,#4478,#11829,.T.);
#11827 = VERTEX_POINT('',#11828);
#11828 = CARTESIAN_POINT('',(6.476953125,-4.5900390625,2.7));
#11829 = SURFACE_CURVE('',#11830,(#11834,#11841),.PCURVE_S1.);
#11830 = LINE('',#11831,#11832);
#11831 = CARTESIAN_POINT('',(6.476953125,-4.5900390625,2.7));
#11832 = VECTOR('',#11833,1.);
#11833 = DIRECTION('',(0.,0.,1.));
#11834 = PCURVE('',#4523,#11835);
#11835 = DEFINITIONAL_REPRESENTATION('',(#11836),#11840);
#11836 = LINE('',#11837,#11838);
#11837 = CARTESIAN_POINT('',(0.,0.));
#11838 = VECTOR('',#11839,1.);
#11839 = DIRECTION('',(0.,-1.));
#11840 = ( GEOMETRIC_REPRESENTATION_CONTEXT(2) 
PARAMETRIC_REPRESENTATION_CONTEXT() REPRESENTATION_CONTEXT('2D SPACE',''
  ) );
#11841 = PCURVE('',#4493,#11842);
#11842 = DEFINITIONAL_REPRESENTATION('',(#11843),#11847);
#11843 = LINE('',#11844,#11845);
#11844 = CARTESIAN_POINT('',(1.,0.));
#11845 = VECTOR('',#11846,1.);
#11846 = DIRECTION('',(0.,-1.));
#11847 = ( GEOMETRIC_REPRESENTATION_CONTEXT(2) 
PARAMETRIC_REPRESENTATION_CONTEXT() REPRESENTATION_CONTEXT('2D SPACE',''
  ) );
#11848 = ORIENTED_EDGE('',*,*,#4507,.T.);
#11849 = ORIENTED_EDGE('',*,*,#11777,.F.);
#11850 = ORIENTED_EDGE('',*,*,#11851,.F.);
#11851 = EDGE_CURVE('',#11827,#11778,#11852,.T.);
#11852 = SURFACE_CURVE('',#11853,(#11857,#11864),.PCURVE_S1.);
#11853 = B_SPLINE_CURVE_WITH_KNOTS('',2,(#11854,#11855,#11856),
  .UNSPECIFIED.,.F.,.F.,(3,3),(0.,1.),.PIECEWISE_BEZIER_KNOTS.);
#11854 = CARTESIAN_POINT('',(6.476953125,-4.5900390625,2.7));
#11855 = CARTESIAN_POINT('',(6.4177734375,-4.53671875,2.7));
#11856 = CARTESIAN_POINT('',(6.31640625,-4.53671875,2.7));
#11857 = PCURVE('',#4523,#11858);
#11858 = DEFINITIONAL_REPRESENTATION('',(#11859),#11863);
#11859 = LINE('',#11860,#11861);
#11860 = CARTESIAN_POINT('',(0.,0.));
#11861 = VECTOR('',#11862,1.);
#11862 = DIRECTION('',(1.,0.));
#11863 = ( GEOMETRIC_REPRESENTATION_CONTEXT(2) 
PARAMETRIC_REPRESENTATION_CONTEXT() REPRESENTATION_CONTEXT('2D SPACE',''
  ) );
#11864 = PCURVE('',#11762,#11865);
#11865 = DEFINITIONAL_REPRESENTATION('',(#11866),#11870);
#11866 = B_SPLINE_CURVE_WITH_KNOTS('',2,(#11867,#11868,#11869),
  .UNSPECIFIED.,.F.,.F.,(3,3),(0.,1.),.PIECEWISE_BEZIER_KNOTS.);
#11867 = CARTESIAN_POINT('',(0.4810546875,0.425390625));
#11868 = CARTESIAN_POINT('',(0.421875,0.4787109375));
#11869 = CARTESIAN_POINT('',(0.3205078125,0.4787109375));
#11870 = ( GEOMETRIC_REPRESENTATION_CONTEXT(2) 
PARAMETRIC_REPRESENTATION_CONTEXT() REPRESENTATION_CONTEXT('2D SPACE',''
  ) );
#11871 = ADVANCED_FACE('',(#11872),#4493,.F.);
#11872 = FACE_BOUND('',#11873,.F.);
#11873 = EDGE_LOOP('',(#11874,#11897,#11898,#11899));
#11874 = ORIENTED_EDGE('',*,*,#11875,.T.);
#11875 = EDGE_CURVE('',#11876,#4448,#11878,.T.);
#11876 = VERTEX_POINT('',#11877);
#11877 = CARTESIAN_POINT('',(6.5361328125,-4.734765625,2.7));
#11878 = SURFACE_CURVE('',#11879,(#11883,#11890),.PCURVE_S1.);
#11879 = LINE('',#11880,#11881);
#11880 = CARTESIAN_POINT('',(6.5361328125,-4.734765625,2.7));
#11881 = VECTOR('',#11882,1.);
#11882 = DIRECTION('',(0.,0.,1.));
#11883 = PCURVE('',#4493,#11884);
#11884 = DEFINITIONAL_REPRESENTATION('',(#11885),#11889);
#11885 = LINE('',#11886,#11887);
#11886 = CARTESIAN_POINT('',(0.,0.));
#11887 = VECTOR('',#11888,1.);
#11888 = DIRECTION('',(0.,-1.));
#11889 = ( GEOMETRIC_REPRESENTATION_CONTEXT(2) 
PARAMETRIC_REPRESENTATION_CONTEXT() REPRESENTATION_CONTEXT('2D SPACE',''
  ) );
#11890 = PCURVE('',#4463,#11891);
#11891 = DEFINITIONAL_REPRESENTATION('',(#11892),#11896);
#11892 = LINE('',#11893,#11894);
#11893 = CARTESIAN_POINT('',(1.,0.));
#11894 = VECTOR('',#11895,1.);
#11895 = DIRECTION('',(0.,-1.));
#11896 = ( GEOMETRIC_REPRESENTATION_CONTEXT(2) 
PARAMETRIC_REPRESENTATION_CONTEXT() REPRESENTATION_CONTEXT('2D SPACE',''
  ) );
#11897 = ORIENTED_EDGE('',*,*,#4477,.T.);
#11898 = ORIENTED_EDGE('',*,*,#11826,.F.);
#11899 = ORIENTED_EDGE('',*,*,#11900,.F.);
#11900 = EDGE_CURVE('',#11876,#11827,#11901,.T.);
#11901 = SURFACE_CURVE('',#11902,(#11906,#11913),.PCURVE_S1.);
#11902 = B_SPLINE_CURVE_WITH_KNOTS('',2,(#11903,#11904,#11905),
  .UNSPECIFIED.,.F.,.F.,(3,3),(0.,1.),.PIECEWISE_BEZIER_KNOTS.);
#11903 = CARTESIAN_POINT('',(6.5361328125,-4.734765625,2.7));
#11904 = CARTESIAN_POINT('',(6.5361328125,-4.643359375,2.7));
#11905 = CARTESIAN_POINT('',(6.476953125,-4.5900390625,2.7));
#11906 = PCURVE('',#4493,#11907);
#11907 = DEFINITIONAL_REPRESENTATION('',(#11908),#11912);
#11908 = LINE('',#11909,#11910);
#11909 = CARTESIAN_POINT('',(0.,0.));
#11910 = VECTOR('',#11911,1.);
#11911 = DIRECTION('',(1.,0.));
#11912 = ( GEOMETRIC_REPRESENTATION_CONTEXT(2) 
PARAMETRIC_REPRESENTATION_CONTEXT() REPRESENTATION_CONTEXT('2D SPACE',''
  ) );
#11913 = PCURVE('',#11762,#11914);
#11914 = DEFINITIONAL_REPRESENTATION('',(#11915),#11919);
#11915 = B_SPLINE_CURVE_WITH_KNOTS('',2,(#11916,#11917,#11918),
  .UNSPECIFIED.,.F.,.F.,(3,3),(0.,1.),.PIECEWISE_BEZIER_KNOTS.);
#11916 = CARTESIAN_POINT('',(0.540234375,0.2806640625));
#11917 = CARTESIAN_POINT('',(0.540234375,0.3720703125));
#11918 = CARTESIAN_POINT('',(0.4810546875,0.425390625));
#11919 = ( GEOMETRIC_REPRESENTATION_CONTEXT(2) 
PARAMETRIC_REPRESENTATION_CONTEXT() REPRESENTATION_CONTEXT('2D SPACE',''
  ) );
#11920 = ADVANCED_FACE('',(#11921),#4463,.F.);
#11921 = FACE_BOUND('',#11922,.F.);
#11922 = EDGE_LOOP('',(#11923,#11946,#11947,#11948));
#11923 = ORIENTED_EDGE('',*,*,#11924,.T.);
#11924 = EDGE_CURVE('',#11925,#4418,#11927,.T.);
#11925 = VERTEX_POINT('',#11926);
#11926 = CARTESIAN_POINT('',(6.476953125,-4.8794921875,2.7));
#11927 = SURFACE_CURVE('',#11928,(#11932,#11939),.PCURVE_S1.);
#11928 = LINE('',#11929,#11930);
#11929 = CARTESIAN_POINT('',(6.476953125,-4.8794921875,2.7));
#11930 = VECTOR('',#11931,1.);
#11931 = DIRECTION('',(0.,0.,1.));
#11932 = PCURVE('',#4463,#11933);
#11933 = DEFINITIONAL_REPRESENTATION('',(#11934),#11938);
#11934 = LINE('',#11935,#11936);
#11935 = CARTESIAN_POINT('',(0.,0.));
#11936 = VECTOR('',#11937,1.);
#11937 = DIRECTION('',(0.,-1.));
#11938 = ( GEOMETRIC_REPRESENTATION_CONTEXT(2) 
PARAMETRIC_REPRESENTATION_CONTEXT() REPRESENTATION_CONTEXT('2D SPACE',''
  ) );
#11939 = PCURVE('',#4433,#11940);
#11940 = DEFINITIONAL_REPRESENTATION('',(#11941),#11945);
#11941 = LINE('',#11942,#11943);
#11942 = CARTESIAN_POINT('',(1.,0.));
#11943 = VECTOR('',#11944,1.);
#11944 = DIRECTION('',(0.,-1.));
#11945 = ( GEOMETRIC_REPRESENTATION_CONTEXT(2) 
PARAMETRIC_REPRESENTATION_CONTEXT() REPRESENTATION_CONTEXT('2D SPACE',''
  ) );
#11946 = ORIENTED_EDGE('',*,*,#4447,.T.);
#11947 = ORIENTED_EDGE('',*,*,#11875,.F.);
#11948 = ORIENTED_EDGE('',*,*,#11949,.F.);
#11949 = EDGE_CURVE('',#11925,#11876,#11950,.T.);
#11950 = SURFACE_CURVE('',#11951,(#11955,#11962),.PCURVE_S1.);
#11951 = B_SPLINE_CURVE_WITH_KNOTS('',2,(#11952,#11953,#11954),
  .UNSPECIFIED.,.F.,.F.,(3,3),(0.,1.),.PIECEWISE_BEZIER_KNOTS.);
#11952 = CARTESIAN_POINT('',(6.476953125,-4.8794921875,2.7));
#11953 = CARTESIAN_POINT('',(6.5361328125,-4.826171875,2.7));
#11954 = CARTESIAN_POINT('',(6.5361328125,-4.734765625,2.7));
#11955 = PCURVE('',#4463,#11956);
#11956 = DEFINITIONAL_REPRESENTATION('',(#11957),#11961);
#11957 = LINE('',#11958,#11959);
#11958 = CARTESIAN_POINT('',(0.,0.));
#11959 = VECTOR('',#11960,1.);
#11960 = DIRECTION('',(1.,0.));
#11961 = ( GEOMETRIC_REPRESENTATION_CONTEXT(2) 
PARAMETRIC_REPRESENTATION_CONTEXT() REPRESENTATION_CONTEXT('2D SPACE',''
  ) );
#11962 = PCURVE('',#11762,#11963);
#11963 = DEFINITIONAL_REPRESENTATION('',(#11964),#11968);
#11964 = B_SPLINE_CURVE_WITH_KNOTS('',2,(#11965,#11966,#11967),
  .UNSPECIFIED.,.F.,.F.,(3,3),(0.,1.),.PIECEWISE_BEZIER_KNOTS.);
#11965 = CARTESIAN_POINT('',(0.4810546875,0.1359375));
#11966 = CARTESIAN_POINT('',(0.540234375,0.1892578125));
#11967 = CARTESIAN_POINT('',(0.540234375,0.2806640625));
#11968 = ( GEOMETRIC_REPRESENTATION_CONTEXT(2) 
PARAMETRIC_REPRESENTATION_CONTEXT() REPRESENTATION_CONTEXT('2D SPACE',''
  ) );
#11969 = ADVANCED_FACE('',(#11970),#4433,.F.);
#11970 = FACE_BOUND('',#11971,.F.);
#11971 = EDGE_LOOP('',(#11972,#11995,#11996,#11997));
#11972 = ORIENTED_EDGE('',*,*,#11973,.T.);
#11973 = EDGE_CURVE('',#11974,#4388,#11976,.T.);
#11974 = VERTEX_POINT('',#11975);
#11975 = CARTESIAN_POINT('',(6.31640625,-4.9328125,2.7));
#11976 = SURFACE_CURVE('',#11977,(#11981,#11988),.PCURVE_S1.);
#11977 = LINE('',#11978,#11979);
#11978 = CARTESIAN_POINT('',(6.31640625,-4.9328125,2.7));
#11979 = VECTOR('',#11980,1.);
#11980 = DIRECTION('',(0.,0.,1.));
#11981 = PCURVE('',#4433,#11982);
#11982 = DEFINITIONAL_REPRESENTATION('',(#11983),#11987);
#11983 = LINE('',#11984,#11985);
#11984 = CARTESIAN_POINT('',(0.,0.));
#11985 = VECTOR('',#11986,1.);
#11986 = DIRECTION('',(0.,-1.));
#11987 = ( GEOMETRIC_REPRESENTATION_CONTEXT(2) 
PARAMETRIC_REPRESENTATION_CONTEXT() REPRESENTATION_CONTEXT('2D SPACE',''
  ) );
#11988 = PCURVE('',#4403,#11989);
#11989 = DEFINITIONAL_REPRESENTATION('',(#11990),#11994);
#11990 = LINE('',#11991,#11992);
#11991 = CARTESIAN_POINT('',(1.,0.));
#11992 = VECTOR('',#11993,1.);
#11993 = DIRECTION('',(0.,-1.));
#11994 = ( GEOMETRIC_REPRESENTATION_CONTEXT(2) 
PARAMETRIC_REPRESENTATION_CONTEXT() REPRESENTATION_CONTEXT('2D SPACE',''
  ) );
#11995 = ORIENTED_EDGE('',*,*,#4417,.T.);
#11996 = ORIENTED_EDGE('',*,*,#11924,.F.);
#11997 = ORIENTED_EDGE('',*,*,#11998,.F.);
#11998 = EDGE_CURVE('',#11974,#11925,#11999,.T.);
#11999 = SURFACE_CURVE('',#12000,(#12004,#12011),.PCURVE_S1.);
#12000 = B_SPLINE_CURVE_WITH_KNOTS('',2,(#12001,#12002,#12003),
  .UNSPECIFIED.,.F.,.F.,(3,3),(0.,1.),.PIECEWISE_BEZIER_KNOTS.);
#12001 = CARTESIAN_POINT('',(6.31640625,-4.9328125,2.7));
#12002 = CARTESIAN_POINT('',(6.4177734375,-4.9328125,2.7));
#12003 = CARTESIAN_POINT('',(6.476953125,-4.8794921875,2.7));
#12004 = PCURVE('',#4433,#12005);
#12005 = DEFINITIONAL_REPRESENTATION('',(#12006),#12010);
#12006 = LINE('',#12007,#12008);
#12007 = CARTESIAN_POINT('',(0.,0.));
#12008 = VECTOR('',#12009,1.);
#12009 = DIRECTION('',(1.,0.));
#12010 = ( GEOMETRIC_REPRESENTATION_CONTEXT(2) 
PARAMETRIC_REPRESENTATION_CONTEXT() REPRESENTATION_CONTEXT('2D SPACE',''
  ) );
#12011 = PCURVE('',#11762,#12012);
#12012 = DEFINITIONAL_REPRESENTATION('',(#12013),#12017);
#12013 = B_SPLINE_CURVE_WITH_KNOTS('',2,(#12014,#12015,#12016),
  .UNSPECIFIED.,.F.,.F.,(3,3),(0.,1.),.PIECEWISE_BEZIER_KNOTS.);
#12014 = CARTESIAN_POINT('',(0.3205078125,8.26171875E-02));
#12015 = CARTESIAN_POINT('',(0.421875,8.26171875E-02));
#12016 = CARTESIAN_POINT('',(0.4810546875,0.1359375));
#12017 = ( GEOMETRIC_REPRESENTATION_CONTEXT(2) 
PARAMETRIC_REPRESENTATION_CONTEXT() REPRESENTATION_CONTEXT('2D SPACE',''
  ) );
#12018 = ADVANCED_FACE('',(#12019),#4403,.F.);
#12019 = FACE_BOUND('',#12020,.F.);
#12020 = EDGE_LOOP('',(#12021,#12044,#12045,#12046));
#12021 = ORIENTED_EDGE('',*,*,#12022,.T.);
#12022 = EDGE_CURVE('',#12023,#4358,#12025,.T.);
#12023 = VERTEX_POINT('',#12024);
#12024 = CARTESIAN_POINT('',(6.1974609375,-4.91875,2.7));
#12025 = SURFACE_CURVE('',#12026,(#12030,#12037),.PCURVE_S1.);
#12026 = LINE('',#12027,#12028);
#12027 = CARTESIAN_POINT('',(6.1974609375,-4.91875,2.7));
#12028 = VECTOR('',#12029,1.);
#12029 = DIRECTION('',(0.,0.,1.));
#12030 = PCURVE('',#4403,#12031);
#12031 = DEFINITIONAL_REPRESENTATION('',(#12032),#12036);
#12032 = LINE('',#12033,#12034);
#12033 = CARTESIAN_POINT('',(0.,0.));
#12034 = VECTOR('',#12035,1.);
#12035 = DIRECTION('',(0.,-1.));
#12036 = ( GEOMETRIC_REPRESENTATION_CONTEXT(2) 
PARAMETRIC_REPRESENTATION_CONTEXT() REPRESENTATION_CONTEXT('2D SPACE',''
  ) );
#12037 = PCURVE('',#4373,#12038);
#12038 = DEFINITIONAL_REPRESENTATION('',(#12039),#12043);
#12039 = LINE('',#12040,#12041);
#12040 = CARTESIAN_POINT('',(1.,0.));
#12041 = VECTOR('',#12042,1.);
#12042 = DIRECTION('',(0.,-1.));
#12043 = ( GEOMETRIC_REPRESENTATION_CONTEXT(2) 
PARAMETRIC_REPRESENTATION_CONTEXT() REPRESENTATION_CONTEXT('2D SPACE',''
  ) );
#12044 = ORIENTED_EDGE('',*,*,#4387,.T.);
#12045 = ORIENTED_EDGE('',*,*,#11973,.F.);
#12046 = ORIENTED_EDGE('',*,*,#12047,.F.);
#12047 = EDGE_CURVE('',#12023,#11974,#12048,.T.);
#12048 = SURFACE_CURVE('',#12049,(#12053,#12060),.PCURVE_S1.);
#12049 = B_SPLINE_CURVE_WITH_KNOTS('',2,(#12050,#12051,#12052),
  .UNSPECIFIED.,.F.,.F.,(3,3),(0.,1.),.PIECEWISE_BEZIER_KNOTS.);
#12050 = CARTESIAN_POINT('',(6.1974609375,-4.91875,2.7));
#12051 = CARTESIAN_POINT('',(6.2537109375,-4.9328125,2.7));
#12052 = CARTESIAN_POINT('',(6.31640625,-4.9328125,2.7));
#12053 = PCURVE('',#4403,#12054);
#12054 = DEFINITIONAL_REPRESENTATION('',(#12055),#12059);
#12055 = LINE('',#12056,#12057);
#12056 = CARTESIAN_POINT('',(0.,0.));
#12057 = VECTOR('',#12058,1.);
#12058 = DIRECTION('',(1.,0.));
#12059 = ( GEOMETRIC_REPRESENTATION_CONTEXT(2) 
PARAMETRIC_REPRESENTATION_CONTEXT() REPRESENTATION_CONTEXT('2D SPACE',''
  ) );
#12060 = PCURVE('',#11762,#12061);
#12061 = DEFINITIONAL_REPRESENTATION('',(#12062),#12066);
#12062 = B_SPLINE_CURVE_WITH_KNOTS('',2,(#12063,#12064,#12065),
  .UNSPECIFIED.,.F.,.F.,(3,3),(0.,1.),.PIECEWISE_BEZIER_KNOTS.);
#12063 = CARTESIAN_POINT('',(0.2015625,9.66796875E-02));
#12064 = CARTESIAN_POINT('',(0.2578125,8.26171875E-02));
#12065 = CARTESIAN_POINT('',(0.3205078125,8.26171875E-02));
#12066 = ( GEOMETRIC_REPRESENTATION_CONTEXT(2) 
PARAMETRIC_REPRESENTATION_CONTEXT() REPRESENTATION_CONTEXT('2D SPACE',''
  ) );
#12067 = ADVANCED_FACE('',(#12068),#4373,.F.);
#12068 = FACE_BOUND('',#12069,.F.);
#12069 = EDGE_LOOP('',(#12070,#12093,#12094,#12095));
#12070 = ORIENTED_EDGE('',*,*,#12071,.T.);
#12071 = EDGE_CURVE('',#12072,#4330,#12074,.T.);
#12072 = VERTEX_POINT('',#12073);
#12073 = CARTESIAN_POINT('',(6.0884765625,-4.8759765625,2.7));
#12074 = SURFACE_CURVE('',#12075,(#12079,#12086),.PCURVE_S1.);
#12075 = LINE('',#12076,#12077);
#12076 = CARTESIAN_POINT('',(6.0884765625,-4.8759765625,2.7));
#12077 = VECTOR('',#12078,1.);
#12078 = DIRECTION('',(0.,0.,1.));
#12079 = PCURVE('',#4373,#12080);
#12080 = DEFINITIONAL_REPRESENTATION('',(#12081),#12085);
#12081 = LINE('',#12082,#12083);
#12082 = CARTESIAN_POINT('',(0.,0.));
#12083 = VECTOR('',#12084,1.);
#12084 = DIRECTION('',(0.,-1.));
#12085 = ( GEOMETRIC_REPRESENTATION_CONTEXT(2) 
PARAMETRIC_REPRESENTATION_CONTEXT() REPRESENTATION_CONTEXT('2D SPACE',''
  ) );
#12086 = PCURVE('',#4345,#12087);
#12087 = DEFINITIONAL_REPRESENTATION('',(#12088),#12092);
#12088 = LINE('',#12089,#12090);
#12089 = CARTESIAN_POINT('',(0.1189453125,0.));
#12090 = VECTOR('',#12091,1.);
#12091 = DIRECTION('',(0.,-1.));
#12092 = ( GEOMETRIC_REPRESENTATION_CONTEXT(2) 
PARAMETRIC_REPRESENTATION_CONTEXT() REPRESENTATION_CONTEXT('2D SPACE',''
  ) );
#12093 = ORIENTED_EDGE('',*,*,#4357,.T.);
#12094 = ORIENTED_EDGE('',*,*,#12022,.F.);
#12095 = ORIENTED_EDGE('',*,*,#12096,.F.);
#12096 = EDGE_CURVE('',#12072,#12023,#12097,.T.);
#12097 = SURFACE_CURVE('',#12098,(#12102,#12109),.PCURVE_S1.);
#12098 = B_SPLINE_CURVE_WITH_KNOTS('',2,(#12099,#12100,#12101),
  .UNSPECIFIED.,.F.,.F.,(3,3),(0.,1.),.PIECEWISE_BEZIER_KNOTS.);
#12099 = CARTESIAN_POINT('',(6.0884765625,-4.8759765625,2.7));
#12100 = CARTESIAN_POINT('',(6.1412109375,-4.9046875,2.7));
#12101 = CARTESIAN_POINT('',(6.1974609375,-4.91875,2.7));
#12102 = PCURVE('',#4373,#12103);
#12103 = DEFINITIONAL_REPRESENTATION('',(#12104),#12108);
#12104 = LINE('',#12105,#12106);
#12105 = CARTESIAN_POINT('',(0.,0.));
#12106 = VECTOR('',#12107,1.);
#12107 = DIRECTION('',(1.,0.));
#12108 = ( GEOMETRIC_REPRESENTATION_CONTEXT(2) 
PARAMETRIC_REPRESENTATION_CONTEXT() REPRESENTATION_CONTEXT('2D SPACE',''
  ) );
#12109 = PCURVE('',#11762,#12110);
#12110 = DEFINITIONAL_REPRESENTATION('',(#12111),#12115);
#12111 = B_SPLINE_CURVE_WITH_KNOTS('',2,(#12112,#12113,#12114),
  .UNSPECIFIED.,.F.,.F.,(3,3),(0.,1.),.PIECEWISE_BEZIER_KNOTS.);
#12112 = CARTESIAN_POINT('',(9.2578125E-02,0.139453125));
#12113 = CARTESIAN_POINT('',(0.1453125,0.1107421875));
#12114 = CARTESIAN_POINT('',(0.2015625,9.66796875E-02));
#12115 = ( GEOMETRIC_REPRESENTATION_CONTEXT(2) 
PARAMETRIC_REPRESENTATION_CONTEXT() REPRESENTATION_CONTEXT('2D SPACE',''
  ) );
#12116 = ADVANCED_FACE('',(#12117),#4345,.F.);
#12117 = FACE_BOUND('',#12118,.F.);
#12118 = EDGE_LOOP('',(#12119,#12142,#12143,#12144));
#12119 = ORIENTED_EDGE('',*,*,#12120,.T.);
#12120 = EDGE_CURVE('',#12121,#4300,#12123,.T.);
#12121 = VERTEX_POINT('',#12122);
#12122 = CARTESIAN_POINT('',(6.0884765625,-4.994921875,2.7));
#12123 = SURFACE_CURVE('',#12124,(#12128,#12135),.PCURVE_S1.);
#12124 = LINE('',#12125,#12126);
#12125 = CARTESIAN_POINT('',(6.0884765625,-4.994921875,2.7));
#12126 = VECTOR('',#12127,1.);
#12127 = DIRECTION('',(0.,0.,1.));
#12128 = PCURVE('',#4345,#12129);
#12129 = DEFINITIONAL_REPRESENTATION('',(#12130),#12134);
#12130 = LINE('',#12131,#12132);
#12131 = CARTESIAN_POINT('',(0.,0.));
#12132 = VECTOR('',#12133,1.);
#12133 = DIRECTION('',(0.,-1.));
#12134 = ( GEOMETRIC_REPRESENTATION_CONTEXT(2) 
PARAMETRIC_REPRESENTATION_CONTEXT() REPRESENTATION_CONTEXT('2D SPACE',''
  ) );
#12135 = PCURVE('',#4315,#12136);
#12136 = DEFINITIONAL_REPRESENTATION('',(#12137),#12141);
#12137 = LINE('',#12138,#12139);
#12138 = CARTESIAN_POINT('',(1.,0.));
#12139 = VECTOR('',#12140,1.);
#12140 = DIRECTION('',(0.,-1.));
#12141 = ( GEOMETRIC_REPRESENTATION_CONTEXT(2) 
PARAMETRIC_REPRESENTATION_CONTEXT() REPRESENTATION_CONTEXT('2D SPACE',''
  ) );
#12142 = ORIENTED_EDGE('',*,*,#4329,.T.);
#12143 = ORIENTED_EDGE('',*,*,#12071,.F.);
#12144 = ORIENTED_EDGE('',*,*,#12145,.F.);
#12145 = EDGE_CURVE('',#12121,#12072,#12146,.T.);
#12146 = SURFACE_CURVE('',#12147,(#12151,#12158),.PCURVE_S1.);
#12147 = LINE('',#12148,#12149);
#12148 = CARTESIAN_POINT('',(6.0884765625,-4.994921875,2.7));
#12149 = VECTOR('',#12150,1.);
#12150 = DIRECTION('',(0.,1.,0.));
#12151 = PCURVE('',#4345,#12152);
#12152 = DEFINITIONAL_REPRESENTATION('',(#12153),#12157);
#12153 = LINE('',#12154,#12155);
#12154 = CARTESIAN_POINT('',(0.,0.));
#12155 = VECTOR('',#12156,1.);
#12156 = DIRECTION('',(1.,0.));
#12157 = ( GEOMETRIC_REPRESENTATION_CONTEXT(2) 
PARAMETRIC_REPRESENTATION_CONTEXT() REPRESENTATION_CONTEXT('2D SPACE',''
  ) );
#12158 = PCURVE('',#11762,#12159);
#12159 = DEFINITIONAL_REPRESENTATION('',(#12160),#12164);
#12160 = LINE('',#12161,#12162);
#12161 = CARTESIAN_POINT('',(9.2578125E-02,2.05078125E-02));
#12162 = VECTOR('',#12163,1.);
#12163 = DIRECTION('',(0.,1.));
#12164 = ( GEOMETRIC_REPRESENTATION_CONTEXT(2) 
PARAMETRIC_REPRESENTATION_CONTEXT() REPRESENTATION_CONTEXT('2D SPACE',''
  ) );
#12165 = ADVANCED_FACE('',(#12166),#4315,.F.);
#12166 = FACE_BOUND('',#12167,.F.);
#12167 = EDGE_LOOP('',(#12168,#12191,#12192,#12193));
#12168 = ORIENTED_EDGE('',*,*,#12169,.T.);
#12169 = EDGE_CURVE('',#12170,#4270,#12172,.T.);
#12170 = VERTEX_POINT('',#12171);
#12171 = CARTESIAN_POINT('',(6.20654296875,-5.023046875,2.7));
#12172 = SURFACE_CURVE('',#12173,(#12177,#12184),.PCURVE_S1.);
#12173 = LINE('',#12174,#12175);
#12174 = CARTESIAN_POINT('',(6.20654296875,-5.023046875,2.7));
#12175 = VECTOR('',#12176,1.);
#12176 = DIRECTION('',(0.,0.,1.));
#12177 = PCURVE('',#4315,#12178);
#12178 = DEFINITIONAL_REPRESENTATION('',(#12179),#12183);
#12179 = LINE('',#12180,#12181);
#12180 = CARTESIAN_POINT('',(0.,0.));
#12181 = VECTOR('',#12182,1.);
#12182 = DIRECTION('',(0.,-1.));
#12183 = ( GEOMETRIC_REPRESENTATION_CONTEXT(2) 
PARAMETRIC_REPRESENTATION_CONTEXT() REPRESENTATION_CONTEXT('2D SPACE',''
  ) );
#12184 = PCURVE('',#4285,#12185);
#12185 = DEFINITIONAL_REPRESENTATION('',(#12186),#12190);
#12186 = LINE('',#12187,#12188);
#12187 = CARTESIAN_POINT('',(1.,0.));
#12188 = VECTOR('',#12189,1.);
#12189 = DIRECTION('',(0.,-1.));
#12190 = ( GEOMETRIC_REPRESENTATION_CONTEXT(2) 
PARAMETRIC_REPRESENTATION_CONTEXT() REPRESENTATION_CONTEXT('2D SPACE',''
  ) );
#12191 = ORIENTED_EDGE('',*,*,#4299,.T.);
#12192 = ORIENTED_EDGE('',*,*,#12120,.F.);
#12193 = ORIENTED_EDGE('',*,*,#12194,.F.);
#12194 = EDGE_CURVE('',#12170,#12121,#12195,.T.);
#12195 = SURFACE_CURVE('',#12196,(#12200,#12207),.PCURVE_S1.);
#12196 = B_SPLINE_CURVE_WITH_KNOTS('',2,(#12197,#12198,#12199),
  .UNSPECIFIED.,.F.,.F.,(3,3),(0.,1.),.PIECEWISE_BEZIER_KNOTS.);
#12197 = CARTESIAN_POINT('',(6.20654296875,-5.023046875,2.7));
#12198 = CARTESIAN_POINT('',(6.1494140625,-5.013671875,2.7));
#12199 = CARTESIAN_POINT('',(6.0884765625,-4.994921875,2.7));
#12200 = PCURVE('',#4315,#12201);
#12201 = DEFINITIONAL_REPRESENTATION('',(#12202),#12206);
#12202 = LINE('',#12203,#12204);
#12203 = CARTESIAN_POINT('',(0.,0.));
#12204 = VECTOR('',#12205,1.);
#12205 = DIRECTION('',(1.,0.));
#12206 = ( GEOMETRIC_REPRESENTATION_CONTEXT(2) 
PARAMETRIC_REPRESENTATION_CONTEXT() REPRESENTATION_CONTEXT('2D SPACE',''
  ) );
#12207 = PCURVE('',#11762,#12208);
#12208 = DEFINITIONAL_REPRESENTATION('',(#12209),#12213);
#12209 = B_SPLINE_CURVE_WITH_KNOTS('',2,(#12210,#12211,#12212),
  .UNSPECIFIED.,.F.,.F.,(3,3),(0.,1.),.PIECEWISE_BEZIER_KNOTS.);
#12210 = CARTESIAN_POINT('',(0.21064453125,-7.6171875E-03));
#12211 = CARTESIAN_POINT('',(0.153515625,1.7578125E-03));
#12212 = CARTESIAN_POINT('',(9.2578125E-02,2.05078125E-02));
#12213 = ( GEOMETRIC_REPRESENTATION_CONTEXT(2) 
PARAMETRIC_REPRESENTATION_CONTEXT() REPRESENTATION_CONTEXT('2D SPACE',''
  ) );
#12214 = ADVANCED_FACE('',(#12215),#4285,.F.);
#12215 = FACE_BOUND('',#12216,.F.);
#12216 = EDGE_LOOP('',(#12217,#12240,#12241,#12242));
#12217 = ORIENTED_EDGE('',*,*,#12218,.T.);
#12218 = EDGE_CURVE('',#12219,#4240,#12221,.T.);
#12219 = VERTEX_POINT('',#12220);
#12220 = CARTESIAN_POINT('',(6.31875,-5.032421875,2.7));
#12221 = SURFACE_CURVE('',#12222,(#12226,#12233),.PCURVE_S1.);
#12222 = LINE('',#12223,#12224);
#12223 = CARTESIAN_POINT('',(6.31875,-5.032421875,2.7));
#12224 = VECTOR('',#12225,1.);
#12225 = DIRECTION('',(0.,0.,1.));
#12226 = PCURVE('',#4285,#12227);
#12227 = DEFINITIONAL_REPRESENTATION('',(#12228),#12232);
#12228 = LINE('',#12229,#12230);
#12229 = CARTESIAN_POINT('',(0.,0.));
#12230 = VECTOR('',#12231,1.);
#12231 = DIRECTION('',(0.,-1.));
#12232 = ( GEOMETRIC_REPRESENTATION_CONTEXT(2) 
PARAMETRIC_REPRESENTATION_CONTEXT() REPRESENTATION_CONTEXT('2D SPACE',''
  ) );
#12233 = PCURVE('',#4255,#12234);
#12234 = DEFINITIONAL_REPRESENTATION('',(#12235),#12239);
#12235 = LINE('',#12236,#12237);
#12236 = CARTESIAN_POINT('',(1.,0.));
#12237 = VECTOR('',#12238,1.);
#12238 = DIRECTION('',(0.,-1.));
#12239 = ( GEOMETRIC_REPRESENTATION_CONTEXT(2) 
PARAMETRIC_REPRESENTATION_CONTEXT() REPRESENTATION_CONTEXT('2D SPACE',''
  ) );
#12240 = ORIENTED_EDGE('',*,*,#4269,.T.);
#12241 = ORIENTED_EDGE('',*,*,#12169,.F.);
#12242 = ORIENTED_EDGE('',*,*,#12243,.F.);
#12243 = EDGE_CURVE('',#12219,#12170,#12244,.T.);
#12244 = SURFACE_CURVE('',#12245,(#12249,#12256),.PCURVE_S1.);
#12245 = B_SPLINE_CURVE_WITH_KNOTS('',2,(#12246,#12247,#12248),
  .UNSPECIFIED.,.F.,.F.,(3,3),(0.,1.),.PIECEWISE_BEZIER_KNOTS.);
#12246 = CARTESIAN_POINT('',(6.31875,-5.032421875,2.7));
#12247 = CARTESIAN_POINT('',(6.263671875,-5.032421875,2.7));
#12248 = CARTESIAN_POINT('',(6.20654296875,-5.023046875,2.7));
#12249 = PCURVE('',#4285,#12250);
#12250 = DEFINITIONAL_REPRESENTATION('',(#12251),#12255);
#12251 = LINE('',#12252,#12253);
#12252 = CARTESIAN_POINT('',(0.,0.));
#12253 = VECTOR('',#12254,1.);
#12254 = DIRECTION('',(1.,0.));
#12255 = ( GEOMETRIC_REPRESENTATION_CONTEXT(2) 
PARAMETRIC_REPRESENTATION_CONTEXT() REPRESENTATION_CONTEXT('2D SPACE',''
  ) );
#12256 = PCURVE('',#11762,#12257);
#12257 = DEFINITIONAL_REPRESENTATION('',(#12258),#12262);
#12258 = B_SPLINE_CURVE_WITH_KNOTS('',2,(#12259,#12260,#12261),
  .UNSPECIFIED.,.F.,.F.,(3,3),(0.,1.),.PIECEWISE_BEZIER_KNOTS.);
#12259 = CARTESIAN_POINT('',(0.3228515625,-1.69921875E-02));
#12260 = CARTESIAN_POINT('',(0.2677734375,-1.69921875E-02));
#12261 = CARTESIAN_POINT('',(0.21064453125,-7.6171875E-03));
#12262 = ( GEOMETRIC_REPRESENTATION_CONTEXT(2) 
PARAMETRIC_REPRESENTATION_CONTEXT() REPRESENTATION_CONTEXT('2D SPACE',''
  ) );
#12263 = ADVANCED_FACE('',(#12264),#4255,.F.);
#12264 = FACE_BOUND('',#12265,.F.);
#12265 = EDGE_LOOP('',(#12266,#12289,#12290,#12291));
#12266 = ORIENTED_EDGE('',*,*,#12267,.T.);
#12267 = EDGE_CURVE('',#12268,#4210,#12270,.T.);
#12268 = VERTEX_POINT('',#12269);
#12269 = CARTESIAN_POINT('',(6.5666015625,-4.95419921875,2.7));
#12270 = SURFACE_CURVE('',#12271,(#12275,#12282),.PCURVE_S1.);
#12271 = LINE('',#12272,#12273);
#12272 = CARTESIAN_POINT('',(6.5666015625,-4.95419921875,2.7));
#12273 = VECTOR('',#12274,1.);
#12274 = DIRECTION('',(0.,0.,1.));
#12275 = PCURVE('',#4255,#12276);
#12276 = DEFINITIONAL_REPRESENTATION('',(#12277),#12281);
#12277 = LINE('',#12278,#12279);
#12278 = CARTESIAN_POINT('',(0.,0.));
#12279 = VECTOR('',#12280,1.);
#12280 = DIRECTION('',(0.,-1.));
#12281 = ( GEOMETRIC_REPRESENTATION_CONTEXT(2) 
PARAMETRIC_REPRESENTATION_CONTEXT() REPRESENTATION_CONTEXT('2D SPACE',''
  ) );
#12282 = PCURVE('',#4225,#12283);
#12283 = DEFINITIONAL_REPRESENTATION('',(#12284),#12288);
#12284 = LINE('',#12285,#12286);
#12285 = CARTESIAN_POINT('',(1.,0.));
#12286 = VECTOR('',#12287,1.);
#12287 = DIRECTION('',(0.,-1.));
#12288 = ( GEOMETRIC_REPRESENTATION_CONTEXT(2) 
PARAMETRIC_REPRESENTATION_CONTEXT() REPRESENTATION_CONTEXT('2D SPACE',''
  ) );
#12289 = ORIENTED_EDGE('',*,*,#4239,.T.);
#12290 = ORIENTED_EDGE('',*,*,#12218,.F.);
#12291 = ORIENTED_EDGE('',*,*,#12292,.F.);
#12292 = EDGE_CURVE('',#12268,#12219,#12293,.T.);
#12293 = SURFACE_CURVE('',#12294,(#12298,#12305),.PCURVE_S1.);
#12294 = B_SPLINE_CURVE_WITH_KNOTS('',2,(#12295,#12296,#12297),
  .UNSPECIFIED.,.F.,.F.,(3,3),(0.,1.),.PIECEWISE_BEZIER_KNOTS.);
#12295 = CARTESIAN_POINT('',(6.5666015625,-4.95419921875,2.7));
#12296 = CARTESIAN_POINT('',(6.4787109375,-5.032421875,2.7));
#12297 = CARTESIAN_POINT('',(6.31875,-5.032421875,2.7));
#12298 = PCURVE('',#4255,#12299);
#12299 = DEFINITIONAL_REPRESENTATION('',(#12300),#12304);
#12300 = LINE('',#12301,#12302);
#12301 = CARTESIAN_POINT('',(0.,0.));
#12302 = VECTOR('',#12303,1.);
#12303 = DIRECTION('',(1.,0.));
#12304 = ( GEOMETRIC_REPRESENTATION_CONTEXT(2) 
PARAMETRIC_REPRESENTATION_CONTEXT() REPRESENTATION_CONTEXT('2D SPACE',''
  ) );
#12305 = PCURVE('',#11762,#12306);
#12306 = DEFINITIONAL_REPRESENTATION('',(#12307),#12311);
#12307 = B_SPLINE_CURVE_WITH_KNOTS('',2,(#12308,#12309,#12310),
  .UNSPECIFIED.,.F.,.F.,(3,3),(0.,1.),.PIECEWISE_BEZIER_KNOTS.);
#12308 = CARTESIAN_POINT('',(0.570703125,6.123046875E-02));
#12309 = CARTESIAN_POINT('',(0.4828125,-1.69921875E-02));
#12310 = CARTESIAN_POINT('',(0.3228515625,-1.69921875E-02));
#12311 = ( GEOMETRIC_REPRESENTATION_CONTEXT(2) 
PARAMETRIC_REPRESENTATION_CONTEXT() REPRESENTATION_CONTEXT('2D SPACE',''
  ) );
#12312 = ADVANCED_FACE('',(#12313),#4225,.F.);
#12313 = FACE_BOUND('',#12314,.F.);
#12314 = EDGE_LOOP('',(#12315,#12338,#12339,#12340));
#12315 = ORIENTED_EDGE('',*,*,#12316,.T.);
#12316 = EDGE_CURVE('',#12317,#4180,#12319,.T.);
#12317 = VERTEX_POINT('',#12318);
#12318 = CARTESIAN_POINT('',(6.6544921875,-4.734765625,2.7));
#12319 = SURFACE_CURVE('',#12320,(#12324,#12331),.PCURVE_S1.);
#12320 = LINE('',#12321,#12322);
#12321 = CARTESIAN_POINT('',(6.6544921875,-4.734765625,2.7));
#12322 = VECTOR('',#12323,1.);
#12323 = DIRECTION('',(0.,0.,1.));
#12324 = PCURVE('',#4225,#12325);
#12325 = DEFINITIONAL_REPRESENTATION('',(#12326),#12330);
#12326 = LINE('',#12327,#12328);
#12327 = CARTESIAN_POINT('',(0.,0.));
#12328 = VECTOR('',#12329,1.);
#12329 = DIRECTION('',(0.,-1.));
#12330 = ( GEOMETRIC_REPRESENTATION_CONTEXT(2) 
PARAMETRIC_REPRESENTATION_CONTEXT() REPRESENTATION_CONTEXT('2D SPACE',''
  ) );
#12331 = PCURVE('',#4195,#12332);
#12332 = DEFINITIONAL_REPRESENTATION('',(#12333),#12337);
#12333 = LINE('',#12334,#12335);
#12334 = CARTESIAN_POINT('',(1.,0.));
#12335 = VECTOR('',#12336,1.);
#12336 = DIRECTION('',(0.,-1.));
#12337 = ( GEOMETRIC_REPRESENTATION_CONTEXT(2) 
PARAMETRIC_REPRESENTATION_CONTEXT() REPRESENTATION_CONTEXT('2D SPACE',''
  ) );
#12338 = ORIENTED_EDGE('',*,*,#4209,.T.);
#12339 = ORIENTED_EDGE('',*,*,#12267,.F.);
#12340 = ORIENTED_EDGE('',*,*,#12341,.F.);
#12341 = EDGE_CURVE('',#12317,#12268,#12342,.T.);
#12342 = SURFACE_CURVE('',#12343,(#12347,#12354),.PCURVE_S1.);
#12343 = B_SPLINE_CURVE_WITH_KNOTS('',2,(#12344,#12345,#12346),
  .UNSPECIFIED.,.F.,.F.,(3,3),(0.,1.),.PIECEWISE_BEZIER_KNOTS.);
#12344 = CARTESIAN_POINT('',(6.6544921875,-4.734765625,2.7));
#12345 = CARTESIAN_POINT('',(6.6544921875,-4.8759765625,2.7));
#12346 = CARTESIAN_POINT('',(6.5666015625,-4.95419921875,2.7));
#12347 = PCURVE('',#4225,#12348);
#12348 = DEFINITIONAL_REPRESENTATION('',(#12349),#12353);
#12349 = LINE('',#12350,#12351);
#12350 = CARTESIAN_POINT('',(0.,0.));
#12351 = VECTOR('',#12352,1.);
#12352 = DIRECTION('',(1.,0.));
#12353 = ( GEOMETRIC_REPRESENTATION_CONTEXT(2) 
PARAMETRIC_REPRESENTATION_CONTEXT() REPRESENTATION_CONTEXT('2D SPACE',''
  ) );
#12354 = PCURVE('',#11762,#12355);
#12355 = DEFINITIONAL_REPRESENTATION('',(#12356),#12360);
#12356 = B_SPLINE_CURVE_WITH_KNOTS('',2,(#12357,#12358,#12359),
  .UNSPECIFIED.,.F.,.F.,(3,3),(0.,1.),.PIECEWISE_BEZIER_KNOTS.);
#12357 = CARTESIAN_POINT('',(0.65859375,0.2806640625));
#12358 = CARTESIAN_POINT('',(0.65859375,0.139453125));
#12359 = CARTESIAN_POINT('',(0.570703125,6.123046875E-02));
#12360 = ( GEOMETRIC_REPRESENTATION_CONTEXT(2) 
PARAMETRIC_REPRESENTATION_CONTEXT() REPRESENTATION_CONTEXT('2D SPACE',''
  ) );
#12361 = ADVANCED_FACE('',(#12362),#4195,.F.);
#12362 = FACE_BOUND('',#12363,.F.);
#12363 = EDGE_LOOP('',(#12364,#12387,#12388,#12389));
#12364 = ORIENTED_EDGE('',*,*,#12365,.T.);
#12365 = EDGE_CURVE('',#12366,#4150,#12368,.T.);
#12366 = VERTEX_POINT('',#12367);
#12367 = CARTESIAN_POINT('',(6.5689453125,-4.5173828125,2.7));
#12368 = SURFACE_CURVE('',#12369,(#12373,#12380),.PCURVE_S1.);
#12369 = LINE('',#12370,#12371);
#12370 = CARTESIAN_POINT('',(6.5689453125,-4.5173828125,2.7));
#12371 = VECTOR('',#12372,1.);
#12372 = DIRECTION('',(0.,0.,1.));
#12373 = PCURVE('',#4195,#12374);
#12374 = DEFINITIONAL_REPRESENTATION('',(#12375),#12379);
#12375 = LINE('',#12376,#12377);
#12376 = CARTESIAN_POINT('',(0.,0.));
#12377 = VECTOR('',#12378,1.);
#12378 = DIRECTION('',(0.,-1.));
#12379 = ( GEOMETRIC_REPRESENTATION_CONTEXT(2) 
PARAMETRIC_REPRESENTATION_CONTEXT() REPRESENTATION_CONTEXT('2D SPACE',''
  ) );
#12380 = PCURVE('',#4165,#12381);
#12381 = DEFINITIONAL_REPRESENTATION('',(#12382),#12386);
#12382 = LINE('',#12383,#12384);
#12383 = CARTESIAN_POINT('',(1.,0.));
#12384 = VECTOR('',#12385,1.);
#12385 = DIRECTION('',(0.,-1.));
#12386 = ( GEOMETRIC_REPRESENTATION_CONTEXT(2) 
PARAMETRIC_REPRESENTATION_CONTEXT() REPRESENTATION_CONTEXT('2D SPACE',''
  ) );
#12387 = ORIENTED_EDGE('',*,*,#4179,.T.);
#12388 = ORIENTED_EDGE('',*,*,#12316,.F.);
#12389 = ORIENTED_EDGE('',*,*,#12390,.F.);
#12390 = EDGE_CURVE('',#12366,#12317,#12391,.T.);
#12391 = SURFACE_CURVE('',#12392,(#12396,#12403),.PCURVE_S1.);
#12392 = B_SPLINE_CURVE_WITH_KNOTS('',2,(#12393,#12394,#12395),
  .UNSPECIFIED.,.F.,.F.,(3,3),(0.,1.),.PIECEWISE_BEZIER_KNOTS.);
#12393 = CARTESIAN_POINT('',(6.5689453125,-4.5173828125,2.7));
#12394 = CARTESIAN_POINT('',(6.6544921875,-4.59765625,2.7));
#12395 = CARTESIAN_POINT('',(6.6544921875,-4.734765625,2.7));
#12396 = PCURVE('',#4195,#12397);
#12397 = DEFINITIONAL_REPRESENTATION('',(#12398),#12402);
#12398 = LINE('',#12399,#12400);
#12399 = CARTESIAN_POINT('',(0.,0.));
#12400 = VECTOR('',#12401,1.);
#12401 = DIRECTION('',(1.,0.));
#12402 = ( GEOMETRIC_REPRESENTATION_CONTEXT(2) 
PARAMETRIC_REPRESENTATION_CONTEXT() REPRESENTATION_CONTEXT('2D SPACE',''
  ) );
#12403 = PCURVE('',#11762,#12404);
#12404 = DEFINITIONAL_REPRESENTATION('',(#12405),#12409);
#12405 = B_SPLINE_CURVE_WITH_KNOTS('',2,(#12406,#12407,#12408),
  .UNSPECIFIED.,.F.,.F.,(3,3),(0.,1.),.PIECEWISE_BEZIER_KNOTS.);
#12406 = CARTESIAN_POINT('',(0.573046875,0.498046875));
#12407 = CARTESIAN_POINT('',(0.65859375,0.4177734375));
#12408 = CARTESIAN_POINT('',(0.65859375,0.2806640625));
#12409 = ( GEOMETRIC_REPRESENTATION_CONTEXT(2) 
PARAMETRIC_REPRESENTATION_CONTEXT() REPRESENTATION_CONTEXT('2D SPACE',''
  ) );
#12410 = ADVANCED_FACE('',(#12411),#4165,.F.);
#12411 = FACE_BOUND('',#12412,.F.);
#12412 = EDGE_LOOP('',(#12413,#12436,#12437,#12438));
#12413 = ORIENTED_EDGE('',*,*,#12414,.T.);
#12414 = EDGE_CURVE('',#12415,#4120,#12417,.T.);
#12415 = VERTEX_POINT('',#12416);
#12416 = CARTESIAN_POINT('',(6.3369140625,-4.437109375,2.7));
#12417 = SURFACE_CURVE('',#12418,(#12422,#12429),.PCURVE_S1.);
#12418 = LINE('',#12419,#12420);
#12419 = CARTESIAN_POINT('',(6.3369140625,-4.437109375,2.7));
#12420 = VECTOR('',#12421,1.);
#12421 = DIRECTION('',(0.,0.,1.));
#12422 = PCURVE('',#4165,#12423);
#12423 = DEFINITIONAL_REPRESENTATION('',(#12424),#12428);
#12424 = LINE('',#12425,#12426);
#12425 = CARTESIAN_POINT('',(0.,0.));
#12426 = VECTOR('',#12427,1.);
#12427 = DIRECTION('',(0.,-1.));
#12428 = ( GEOMETRIC_REPRESENTATION_CONTEXT(2) 
PARAMETRIC_REPRESENTATION_CONTEXT() REPRESENTATION_CONTEXT('2D SPACE',''
  ) );
#12429 = PCURVE('',#4135,#12430);
#12430 = DEFINITIONAL_REPRESENTATION('',(#12431),#12435);
#12431 = LINE('',#12432,#12433);
#12432 = CARTESIAN_POINT('',(1.,0.));
#12433 = VECTOR('',#12434,1.);
#12434 = DIRECTION('',(0.,-1.));
#12435 = ( GEOMETRIC_REPRESENTATION_CONTEXT(2) 
PARAMETRIC_REPRESENTATION_CONTEXT() REPRESENTATION_CONTEXT('2D SPACE',''
  ) );
#12436 = ORIENTED_EDGE('',*,*,#4149,.T.);
#12437 = ORIENTED_EDGE('',*,*,#12365,.F.);
#12438 = ORIENTED_EDGE('',*,*,#12439,.F.);
#12439 = EDGE_CURVE('',#12415,#12366,#12440,.T.);
#12440 = SURFACE_CURVE('',#12441,(#12445,#12452),.PCURVE_S1.);
#12441 = B_SPLINE_CURVE_WITH_KNOTS('',2,(#12442,#12443,#12444),
  .UNSPECIFIED.,.F.,.F.,(3,3),(0.,1.),.PIECEWISE_BEZIER_KNOTS.);
#12442 = CARTESIAN_POINT('',(6.3369140625,-4.437109375,2.7));
#12443 = CARTESIAN_POINT('',(6.4833984375,-4.437109375,2.7));
#12444 = CARTESIAN_POINT('',(6.5689453125,-4.5173828125,2.7));
#12445 = PCURVE('',#4165,#12446);
#12446 = DEFINITIONAL_REPRESENTATION('',(#12447),#12451);
#12447 = LINE('',#12448,#12449);
#12448 = CARTESIAN_POINT('',(0.,0.));
#12449 = VECTOR('',#12450,1.);
#12450 = DIRECTION('',(1.,0.));
#12451 = ( GEOMETRIC_REPRESENTATION_CONTEXT(2) 
PARAMETRIC_REPRESENTATION_CONTEXT() REPRESENTATION_CONTEXT('2D SPACE',''
  ) );
#12452 = PCURVE('',#11762,#12453);
#12453 = DEFINITIONAL_REPRESENTATION('',(#12454),#12458);
#12454 = B_SPLINE_CURVE_WITH_KNOTS('',2,(#12455,#12456,#12457),
  .UNSPECIFIED.,.F.,.F.,(3,3),(0.,1.),.PIECEWISE_BEZIER_KNOTS.);
#12455 = CARTESIAN_POINT('',(0.341015625,0.5783203125));
#12456 = CARTESIAN_POINT('',(0.4875,0.5783203125));
#12457 = CARTESIAN_POINT('',(0.573046875,0.498046875));
#12458 = ( GEOMETRIC_REPRESENTATION_CONTEXT(2) 
PARAMETRIC_REPRESENTATION_CONTEXT() REPRESENTATION_CONTEXT('2D SPACE',''
  ) );
#12459 = ADVANCED_FACE('',(#12460),#4135,.F.);
#12460 = FACE_BOUND('',#12461,.F.);
#12461 = EDGE_LOOP('',(#12462,#12485,#12486,#12487));
#12462 = ORIENTED_EDGE('',*,*,#12463,.T.);
#12463 = EDGE_CURVE('',#12464,#4090,#12466,.T.);
#12464 = VERTEX_POINT('',#12465);
#12465 = CARTESIAN_POINT('',(6.2853515625,-4.44150390625,2.7));
#12466 = SURFACE_CURVE('',#12467,(#12471,#12478),.PCURVE_S1.);
#12467 = LINE('',#12468,#12469);
#12468 = CARTESIAN_POINT('',(6.2853515625,-4.44150390625,2.7));
#12469 = VECTOR('',#12470,1.);
#12470 = DIRECTION('',(0.,0.,1.));
#12471 = PCURVE('',#4135,#12472);
#12472 = DEFINITIONAL_REPRESENTATION('',(#12473),#12477);
#12473 = LINE('',#12474,#12475);
#12474 = CARTESIAN_POINT('',(0.,0.));
#12475 = VECTOR('',#12476,1.);
#12476 = DIRECTION('',(0.,-1.));
#12477 = ( GEOMETRIC_REPRESENTATION_CONTEXT(2) 
PARAMETRIC_REPRESENTATION_CONTEXT() REPRESENTATION_CONTEXT('2D SPACE',''
  ) );
#12478 = PCURVE('',#4105,#12479);
#12479 = DEFINITIONAL_REPRESENTATION('',(#12480),#12484);
#12480 = LINE('',#12481,#12482);
#12481 = CARTESIAN_POINT('',(1.,0.));
#12482 = VECTOR('',#12483,1.);
#12483 = DIRECTION('',(0.,-1.));
#12484 = ( GEOMETRIC_REPRESENTATION_CONTEXT(2) 
PARAMETRIC_REPRESENTATION_CONTEXT() REPRESENTATION_CONTEXT('2D SPACE',''
  ) );
#12485 = ORIENTED_EDGE('',*,*,#4119,.T.);
#12486 = ORIENTED_EDGE('',*,*,#12414,.F.);
#12487 = ORIENTED_EDGE('',*,*,#12488,.F.);
#12488 = EDGE_CURVE('',#12464,#12415,#12489,.T.);
#12489 = SURFACE_CURVE('',#12490,(#12494,#12501),.PCURVE_S1.);
#12490 = B_SPLINE_CURVE_WITH_KNOTS('',2,(#12491,#12492,#12493),
  .UNSPECIFIED.,.F.,.F.,(3,3),(0.,1.),.PIECEWISE_BEZIER_KNOTS.);
#12491 = CARTESIAN_POINT('',(6.2853515625,-4.44150390625,2.7));
#12492 = CARTESIAN_POINT('',(6.3111328125,-4.437109375,2.7));
#12493 = CARTESIAN_POINT('',(6.3369140625,-4.437109375,2.7));
#12494 = PCURVE('',#4135,#12495);
#12495 = DEFINITIONAL_REPRESENTATION('',(#12496),#12500);
#12496 = LINE('',#12497,#12498);
#12497 = CARTESIAN_POINT('',(0.,0.));
#12498 = VECTOR('',#12499,1.);
#12499 = DIRECTION('',(1.,0.));
#12500 = ( GEOMETRIC_REPRESENTATION_CONTEXT(2) 
PARAMETRIC_REPRESENTATION_CONTEXT() REPRESENTATION_CONTEXT('2D SPACE',''
  ) );
#12501 = PCURVE('',#11762,#12502);
#12502 = DEFINITIONAL_REPRESENTATION('',(#12503),#12507);
#12503 = B_SPLINE_CURVE_WITH_KNOTS('',2,(#12504,#12505,#12506),
  .UNSPECIFIED.,.F.,.F.,(3,3),(0.,1.),.PIECEWISE_BEZIER_KNOTS.);
#12504 = CARTESIAN_POINT('',(0.289453125,0.57392578125));
#12505 = CARTESIAN_POINT('',(0.315234375,0.5783203125));
#12506 = CARTESIAN_POINT('',(0.341015625,0.5783203125));
#12507 = ( GEOMETRIC_REPRESENTATION_CONTEXT(2) 
PARAMETRIC_REPRESENTATION_CONTEXT() REPRESENTATION_CONTEXT('2D SPACE',''
  ) );
#12508 = ADVANCED_FACE('',(#12509),#4105,.F.);
#12509 = FACE_BOUND('',#12510,.F.);
#12510 = EDGE_LOOP('',(#12511,#12534,#12535,#12536));
#12511 = ORIENTED_EDGE('',*,*,#12512,.T.);
#12512 = EDGE_CURVE('',#12513,#4062,#12515,.T.);
#12513 = VERTEX_POINT('',#12514);
#12514 = CARTESIAN_POINT('',(6.2337890625,-4.4546875,2.7));
#12515 = SURFACE_CURVE('',#12516,(#12520,#12527),.PCURVE_S1.);
#12516 = LINE('',#12517,#12518);
#12517 = CARTESIAN_POINT('',(6.2337890625,-4.4546875,2.7));
#12518 = VECTOR('',#12519,1.);
#12519 = DIRECTION('',(0.,0.,1.));
#12520 = PCURVE('',#4105,#12521);
#12521 = DEFINITIONAL_REPRESENTATION('',(#12522),#12526);
#12522 = LINE('',#12523,#12524);
#12523 = CARTESIAN_POINT('',(0.,0.));
#12524 = VECTOR('',#12525,1.);
#12525 = DIRECTION('',(0.,-1.));
#12526 = ( GEOMETRIC_REPRESENTATION_CONTEXT(2) 
PARAMETRIC_REPRESENTATION_CONTEXT() REPRESENTATION_CONTEXT('2D SPACE',''
  ) );
#12527 = PCURVE('',#4077,#12528);
#12528 = DEFINITIONAL_REPRESENTATION('',(#12529),#12533);
#12529 = LINE('',#12530,#12531);
#12530 = CARTESIAN_POINT('',(0.214453125,0.));
#12531 = VECTOR('',#12532,1.);
#12532 = DIRECTION('',(0.,-1.));
#12533 = ( GEOMETRIC_REPRESENTATION_CONTEXT(2) 
PARAMETRIC_REPRESENTATION_CONTEXT() REPRESENTATION_CONTEXT('2D SPACE',''
  ) );
#12534 = ORIENTED_EDGE('',*,*,#4089,.T.);
#12535 = ORIENTED_EDGE('',*,*,#12463,.F.);
#12536 = ORIENTED_EDGE('',*,*,#12537,.F.);
#12537 = EDGE_CURVE('',#12513,#12464,#12538,.T.);
#12538 = SURFACE_CURVE('',#12539,(#12543,#12550),.PCURVE_S1.);
#12539 = B_SPLINE_CURVE_WITH_KNOTS('',2,(#12540,#12541,#12542),
  .UNSPECIFIED.,.F.,.F.,(3,3),(0.,1.),.PIECEWISE_BEZIER_KNOTS.);
#12540 = CARTESIAN_POINT('',(6.2337890625,-4.4546875,2.7));
#12541 = CARTESIAN_POINT('',(6.2595703125,-4.4458984375,2.7));
#12542 = CARTESIAN_POINT('',(6.2853515625,-4.44150390625,2.7));
#12543 = PCURVE('',#4105,#12544);
#12544 = DEFINITIONAL_REPRESENTATION('',(#12545),#12549);
#12545 = LINE('',#12546,#12547);
#12546 = CARTESIAN_POINT('',(0.,0.));
#12547 = VECTOR('',#12548,1.);
#12548 = DIRECTION('',(1.,0.));
#12549 = ( GEOMETRIC_REPRESENTATION_CONTEXT(2) 
PARAMETRIC_REPRESENTATION_CONTEXT() REPRESENTATION_CONTEXT('2D SPACE',''
  ) );
#12550 = PCURVE('',#11762,#12551);
#12551 = DEFINITIONAL_REPRESENTATION('',(#12552),#12556);
#12552 = B_SPLINE_CURVE_WITH_KNOTS('',2,(#12553,#12554,#12555),
  .UNSPECIFIED.,.F.,.F.,(3,3),(0.,1.),.PIECEWISE_BEZIER_KNOTS.);
#12553 = CARTESIAN_POINT('',(0.237890625,0.5607421875));
#12554 = CARTESIAN_POINT('',(0.263671875,0.56953125));
#12555 = CARTESIAN_POINT('',(0.289453125,0.57392578125));
#12556 = ( GEOMETRIC_REPRESENTATION_CONTEXT(2) 
PARAMETRIC_REPRESENTATION_CONTEXT() REPRESENTATION_CONTEXT('2D SPACE',''
  ) );
#12557 = ADVANCED_FACE('',(#12558),#4077,.F.);
#12558 = FACE_BOUND('',#12559,.F.);
#12559 = EDGE_LOOP('',(#12560,#12583,#12584,#12585));
#12560 = ORIENTED_EDGE('',*,*,#12561,.T.);
#12561 = EDGE_CURVE('',#12562,#4034,#12564,.T.);
#12562 = VERTEX_POINT('',#12563);
#12563 = CARTESIAN_POINT('',(6.2337890625,-4.240234375,2.7));
#12564 = SURFACE_CURVE('',#12565,(#12569,#12576),.PCURVE_S1.);
#12565 = LINE('',#12566,#12567);
#12566 = CARTESIAN_POINT('',(6.2337890625,-4.240234375,2.7));
#12567 = VECTOR('',#12568,1.);
#12568 = DIRECTION('',(0.,0.,1.));
#12569 = PCURVE('',#4077,#12570);
#12570 = DEFINITIONAL_REPRESENTATION('',(#12571),#12575);
#12571 = LINE('',#12572,#12573);
#12572 = CARTESIAN_POINT('',(0.,0.));
#12573 = VECTOR('',#12574,1.);
#12574 = DIRECTION('',(0.,-1.));
#12575 = ( GEOMETRIC_REPRESENTATION_CONTEXT(2) 
PARAMETRIC_REPRESENTATION_CONTEXT() REPRESENTATION_CONTEXT('2D SPACE',''
  ) );
#12576 = PCURVE('',#4049,#12577);
#12577 = DEFINITIONAL_REPRESENTATION('',(#12578),#12582);
#12578 = LINE('',#12579,#12580);
#12579 = CARTESIAN_POINT('',(0.35625,0.));
#12580 = VECTOR('',#12581,1.);
#12581 = DIRECTION('',(0.,-1.));
#12582 = ( GEOMETRIC_REPRESENTATION_CONTEXT(2) 
PARAMETRIC_REPRESENTATION_CONTEXT() REPRESENTATION_CONTEXT('2D SPACE',''
  ) );
#12583 = ORIENTED_EDGE('',*,*,#4061,.T.);
#12584 = ORIENTED_EDGE('',*,*,#12512,.F.);
#12585 = ORIENTED_EDGE('',*,*,#12586,.F.);
#12586 = EDGE_CURVE('',#12562,#12513,#12587,.T.);
#12587 = SURFACE_CURVE('',#12588,(#12592,#12599),.PCURVE_S1.);
#12588 = LINE('',#12589,#12590);
#12589 = CARTESIAN_POINT('',(6.2337890625,-4.240234375,2.7));
#12590 = VECTOR('',#12591,1.);
#12591 = DIRECTION('',(0.,-1.,0.));
#12592 = PCURVE('',#4077,#12593);
#12593 = DEFINITIONAL_REPRESENTATION('',(#12594),#12598);
#12594 = LINE('',#12595,#12596);
#12595 = CARTESIAN_POINT('',(-8.881784197001E-16,0.));
#12596 = VECTOR('',#12597,1.);
#12597 = DIRECTION('',(1.,0.));
#12598 = ( GEOMETRIC_REPRESENTATION_CONTEXT(2) 
PARAMETRIC_REPRESENTATION_CONTEXT() REPRESENTATION_CONTEXT('2D SPACE',''
  ) );
#12599 = PCURVE('',#11762,#12600);
#12600 = DEFINITIONAL_REPRESENTATION('',(#12601),#12605);
#12601 = LINE('',#12602,#12603);
#12602 = CARTESIAN_POINT('',(0.237890625,0.7751953125));
#12603 = VECTOR('',#12604,1.);
#12604 = DIRECTION('',(0.,-1.));
#12605 = ( GEOMETRIC_REPRESENTATION_CONTEXT(2) 
PARAMETRIC_REPRESENTATION_CONTEXT() REPRESENTATION_CONTEXT('2D SPACE',''
  ) );
#12606 = ADVANCED_FACE('',(#12607),#4049,.F.);
#12607 = FACE_BOUND('',#12608,.F.);
#12608 = EDGE_LOOP('',(#12609,#12632,#12633,#12634));
#12609 = ORIENTED_EDGE('',*,*,#12610,.T.);
#12610 = EDGE_CURVE('',#12611,#4006,#12613,.T.);
#12611 = VERTEX_POINT('',#12612);
#12612 = CARTESIAN_POINT('',(6.5900390625,-4.240234375,2.7));
#12613 = SURFACE_CURVE('',#12614,(#12618,#12625),.PCURVE_S1.);
#12614 = LINE('',#12615,#12616);
#12615 = CARTESIAN_POINT('',(6.5900390625,-4.240234375,2.7));
#12616 = VECTOR('',#12617,1.);
#12617 = DIRECTION('',(0.,0.,1.));
#12618 = PCURVE('',#4049,#12619);
#12619 = DEFINITIONAL_REPRESENTATION('',(#12620),#12624);
#12620 = LINE('',#12621,#12622);
#12621 = CARTESIAN_POINT('',(0.,-0.));
#12622 = VECTOR('',#12623,1.);
#12623 = DIRECTION('',(0.,-1.));
#12624 = ( GEOMETRIC_REPRESENTATION_CONTEXT(2) 
PARAMETRIC_REPRESENTATION_CONTEXT() REPRESENTATION_CONTEXT('2D SPACE',''
  ) );
#12625 = PCURVE('',#4021,#12626);
#12626 = DEFINITIONAL_REPRESENTATION('',(#12627),#12631);
#12627 = LINE('',#12628,#12629);
#12628 = CARTESIAN_POINT('',(9.9609375E-02,0.));
#12629 = VECTOR('',#12630,1.);
#12630 = DIRECTION('',(0.,-1.));
#12631 = ( GEOMETRIC_REPRESENTATION_CONTEXT(2) 
PARAMETRIC_REPRESENTATION_CONTEXT() REPRESENTATION_CONTEXT('2D SPACE',''
  ) );
#12632 = ORIENTED_EDGE('',*,*,#4033,.T.);
#12633 = ORIENTED_EDGE('',*,*,#12561,.F.);
#12634 = ORIENTED_EDGE('',*,*,#12635,.F.);
#12635 = EDGE_CURVE('',#12611,#12562,#12636,.T.);
#12636 = SURFACE_CURVE('',#12637,(#12641,#12648),.PCURVE_S1.);
#12637 = LINE('',#12638,#12639);
#12638 = CARTESIAN_POINT('',(6.5900390625,-4.240234375,2.7));
#12639 = VECTOR('',#12640,1.);
#12640 = DIRECTION('',(-1.,0.,0.));
#12641 = PCURVE('',#4049,#12642);
#12642 = DEFINITIONAL_REPRESENTATION('',(#12643),#12647);
#12643 = LINE('',#12644,#12645);
#12644 = CARTESIAN_POINT('',(0.,-0.));
#12645 = VECTOR('',#12646,1.);
#12646 = DIRECTION('',(1.,0.));
#12647 = ( GEOMETRIC_REPRESENTATION_CONTEXT(2) 
PARAMETRIC_REPRESENTATION_CONTEXT() REPRESENTATION_CONTEXT('2D SPACE',''
  ) );
#12648 = PCURVE('',#11762,#12649);
#12649 = DEFINITIONAL_REPRESENTATION('',(#12650),#12654);
#12650 = LINE('',#12651,#12652);
#12651 = CARTESIAN_POINT('',(0.594140625,0.7751953125));
#12652 = VECTOR('',#12653,1.);
#12653 = DIRECTION('',(-1.,0.));
#12654 = ( GEOMETRIC_REPRESENTATION_CONTEXT(2) 
PARAMETRIC_REPRESENTATION_CONTEXT() REPRESENTATION_CONTEXT('2D SPACE',''
  ) );
#12655 = ADVANCED_FACE('',(#12656),#4021,.F.);
#12656 = FACE_BOUND('',#12657,.F.);
#12657 = EDGE_LOOP('',(#12658,#12681,#12682,#12683));
#12658 = ORIENTED_EDGE('',*,*,#12659,.T.);
#12659 = EDGE_CURVE('',#12660,#3978,#12662,.T.);
#12660 = VERTEX_POINT('',#12661);
#12661 = CARTESIAN_POINT('',(6.5900390625,-4.140625,2.7));
#12662 = SURFACE_CURVE('',#12663,(#12667,#12674),.PCURVE_S1.);
#12663 = LINE('',#12664,#12665);
#12664 = CARTESIAN_POINT('',(6.5900390625,-4.140625,2.7));
#12665 = VECTOR('',#12666,1.);
#12666 = DIRECTION('',(0.,0.,1.));
#12667 = PCURVE('',#4021,#12668);
#12668 = DEFINITIONAL_REPRESENTATION('',(#12669),#12673);
#12669 = LINE('',#12670,#12671);
#12670 = CARTESIAN_POINT('',(0.,0.));
#12671 = VECTOR('',#12672,1.);
#12672 = DIRECTION('',(0.,-1.));
#12673 = ( GEOMETRIC_REPRESENTATION_CONTEXT(2) 
PARAMETRIC_REPRESENTATION_CONTEXT() REPRESENTATION_CONTEXT('2D SPACE',''
  ) );
#12674 = PCURVE('',#3993,#12675);
#12675 = DEFINITIONAL_REPRESENTATION('',(#12676),#12680);
#12676 = LINE('',#12677,#12678);
#12677 = CARTESIAN_POINT('',(0.4646484375,0.));
#12678 = VECTOR('',#12679,1.);
#12679 = DIRECTION('',(0.,-1.));
#12680 = ( GEOMETRIC_REPRESENTATION_CONTEXT(2) 
PARAMETRIC_REPRESENTATION_CONTEXT() REPRESENTATION_CONTEXT('2D SPACE',''
  ) );
#12681 = ORIENTED_EDGE('',*,*,#4005,.T.);
#12682 = ORIENTED_EDGE('',*,*,#12610,.F.);
#12683 = ORIENTED_EDGE('',*,*,#12684,.F.);
#12684 = EDGE_CURVE('',#12660,#12611,#12685,.T.);
#12685 = SURFACE_CURVE('',#12686,(#12690,#12697),.PCURVE_S1.);
#12686 = LINE('',#12687,#12688);
#12687 = CARTESIAN_POINT('',(6.5900390625,-4.140625,2.7));
#12688 = VECTOR('',#12689,1.);
#12689 = DIRECTION('',(0.,-1.,0.));
#12690 = PCURVE('',#4021,#12691);
#12691 = DEFINITIONAL_REPRESENTATION('',(#12692),#12696);
#12692 = LINE('',#12693,#12694);
#12693 = CARTESIAN_POINT('',(-8.881784197001E-16,0.));
#12694 = VECTOR('',#12695,1.);
#12695 = DIRECTION('',(1.,0.));
#12696 = ( GEOMETRIC_REPRESENTATION_CONTEXT(2) 
PARAMETRIC_REPRESENTATION_CONTEXT() REPRESENTATION_CONTEXT('2D SPACE',''
  ) );
#12697 = PCURVE('',#11762,#12698);
#12698 = DEFINITIONAL_REPRESENTATION('',(#12699),#12703);
#12699 = LINE('',#12700,#12701);
#12700 = CARTESIAN_POINT('',(0.594140625,0.8748046875));
#12701 = VECTOR('',#12702,1.);
#12702 = DIRECTION('',(0.,-1.));
#12703 = ( GEOMETRIC_REPRESENTATION_CONTEXT(2) 
PARAMETRIC_REPRESENTATION_CONTEXT() REPRESENTATION_CONTEXT('2D SPACE',''
  ) );
#12704 = ADVANCED_FACE('',(#12705),#3993,.F.);
#12705 = FACE_BOUND('',#12706,.F.);
#12706 = EDGE_LOOP('',(#12707,#12730,#12731,#12732));
#12707 = ORIENTED_EDGE('',*,*,#12708,.T.);
#12708 = EDGE_CURVE('',#12709,#3950,#12711,.T.);
#12709 = VERTEX_POINT('',#12710);
#12710 = CARTESIAN_POINT('',(6.125390625,-4.140625,2.7));
#12711 = SURFACE_CURVE('',#12712,(#12716,#12723),.PCURVE_S1.);
#12712 = LINE('',#12713,#12714);
#12713 = CARTESIAN_POINT('',(6.125390625,-4.140625,2.7));
#12714 = VECTOR('',#12715,1.);
#12715 = DIRECTION('',(0.,0.,1.));
#12716 = PCURVE('',#3993,#12717);
#12717 = DEFINITIONAL_REPRESENTATION('',(#12718),#12722);
#12718 = LINE('',#12719,#12720);
#12719 = CARTESIAN_POINT('',(0.,0.));
#12720 = VECTOR('',#12721,1.);
#12721 = DIRECTION('',(0.,-1.));
#12722 = ( GEOMETRIC_REPRESENTATION_CONTEXT(2) 
PARAMETRIC_REPRESENTATION_CONTEXT() REPRESENTATION_CONTEXT('2D SPACE',''
  ) );
#12723 = PCURVE('',#3965,#12724);
#12724 = DEFINITIONAL_REPRESENTATION('',(#12725),#12729);
#12725 = LINE('',#12726,#12727);
#12726 = CARTESIAN_POINT('',(0.439453125,0.));
#12727 = VECTOR('',#12728,1.);
#12728 = DIRECTION('',(0.,-1.));
#12729 = ( GEOMETRIC_REPRESENTATION_CONTEXT(2) 
PARAMETRIC_REPRESENTATION_CONTEXT() REPRESENTATION_CONTEXT('2D SPACE',''
  ) );
#12730 = ORIENTED_EDGE('',*,*,#3977,.T.);
#12731 = ORIENTED_EDGE('',*,*,#12659,.F.);
#12732 = ORIENTED_EDGE('',*,*,#12733,.F.);
#12733 = EDGE_CURVE('',#12709,#12660,#12734,.T.);
#12734 = SURFACE_CURVE('',#12735,(#12739,#12746),.PCURVE_S1.);
#12735 = LINE('',#12736,#12737);
#12736 = CARTESIAN_POINT('',(6.125390625,-4.140625,2.7));
#12737 = VECTOR('',#12738,1.);
#12738 = DIRECTION('',(1.,0.,0.));
#12739 = PCURVE('',#3993,#12740);
#12740 = DEFINITIONAL_REPRESENTATION('',(#12741),#12745);
#12741 = LINE('',#12742,#12743);
#12742 = CARTESIAN_POINT('',(8.881784197001E-16,0.));
#12743 = VECTOR('',#12744,1.);
#12744 = DIRECTION('',(1.,0.));
#12745 = ( GEOMETRIC_REPRESENTATION_CONTEXT(2) 
PARAMETRIC_REPRESENTATION_CONTEXT() REPRESENTATION_CONTEXT('2D SPACE',''
  ) );
#12746 = PCURVE('',#11762,#12747);
#12747 = DEFINITIONAL_REPRESENTATION('',(#12748),#12752);
#12748 = LINE('',#12749,#12750);
#12749 = CARTESIAN_POINT('',(0.1294921875,0.8748046875));
#12750 = VECTOR('',#12751,1.);
#12751 = DIRECTION('',(1.,0.));
#12752 = ( GEOMETRIC_REPRESENTATION_CONTEXT(2) 
PARAMETRIC_REPRESENTATION_CONTEXT() REPRESENTATION_CONTEXT('2D SPACE',''
  ) );
#12753 = ADVANCED_FACE('',(#12754),#3965,.F.);
#12754 = FACE_BOUND('',#12755,.F.);
#12755 = EDGE_LOOP('',(#12756,#12757,#12758,#12759));
#12756 = ORIENTED_EDGE('',*,*,#11725,.T.);
#12757 = ORIENTED_EDGE('',*,*,#3949,.T.);
#12758 = ORIENTED_EDGE('',*,*,#12708,.F.);
#12759 = ORIENTED_EDGE('',*,*,#12760,.F.);
#12760 = EDGE_CURVE('',#11726,#12709,#12761,.T.);
#12761 = SURFACE_CURVE('',#12762,(#12766,#12773),.PCURVE_S1.);
#12762 = LINE('',#12763,#12764);
#12763 = CARTESIAN_POINT('',(6.125390625,-4.580078125,2.7));
#12764 = VECTOR('',#12765,1.);
#12765 = DIRECTION('',(0.,1.,0.));
#12766 = PCURVE('',#3965,#12767);
#12767 = DEFINITIONAL_REPRESENTATION('',(#12768),#12772);
#12768 = LINE('',#12769,#12770);
#12769 = CARTESIAN_POINT('',(8.881784197001E-16,0.));
#12770 = VECTOR('',#12771,1.);
#12771 = DIRECTION('',(1.,0.));
#12772 = ( GEOMETRIC_REPRESENTATION_CONTEXT(2) 
PARAMETRIC_REPRESENTATION_CONTEXT() REPRESENTATION_CONTEXT('2D SPACE',''
  ) );
#12773 = PCURVE('',#11762,#12774);
#12774 = DEFINITIONAL_REPRESENTATION('',(#12775),#12779);
#12775 = LINE('',#12776,#12777);
#12776 = CARTESIAN_POINT('',(0.1294921875,0.4353515625));
#12777 = VECTOR('',#12778,1.);
#12778 = DIRECTION('',(0.,1.));
#12779 = ( GEOMETRIC_REPRESENTATION_CONTEXT(2) 
PARAMETRIC_REPRESENTATION_CONTEXT() REPRESENTATION_CONTEXT('2D SPACE',''
  ) );
#12780 = ADVANCED_FACE('',(#12781),#4585,.F.);
#12781 = FACE_BOUND('',#12782,.F.);
#12782 = EDGE_LOOP('',(#12783,#12806,#12807,#12830));
#12783 = ORIENTED_EDGE('',*,*,#12784,.T.);
#12784 = EDGE_CURVE('',#12785,#4568,#12787,.T.);
#12785 = VERTEX_POINT('',#12786);
#12786 = CARTESIAN_POINT('',(7.011328125,-5.0154296875,2.7));
#12787 = SURFACE_CURVE('',#12788,(#12792,#12799),.PCURVE_S1.);
#12788 = LINE('',#12789,#12790);
#12789 = CARTESIAN_POINT('',(7.011328125,-5.0154296875,2.7));
#12790 = VECTOR('',#12791,1.);
#12791 = DIRECTION('',(0.,0.,1.));
#12792 = PCURVE('',#4585,#12793);
#12793 = DEFINITIONAL_REPRESENTATION('',(#12794),#12798);
#12794 = LINE('',#12795,#12796);
#12795 = CARTESIAN_POINT('',(0.,-0.));
#12796 = VECTOR('',#12797,1.);
#12797 = DIRECTION('',(0.,-1.));
#12798 = ( GEOMETRIC_REPRESENTATION_CONTEXT(2) 
PARAMETRIC_REPRESENTATION_CONTEXT() REPRESENTATION_CONTEXT('2D SPACE',''
  ) );
#12799 = PCURVE('',#4667,#12800);
#12800 = DEFINITIONAL_REPRESENTATION('',(#12801),#12805);
#12801 = LINE('',#12802,#12803);
#12802 = CARTESIAN_POINT('',(0.148828125,0.));
#12803 = VECTOR('',#12804,1.);
#12804 = DIRECTION('',(0.,-1.));
#12805 = ( GEOMETRIC_REPRESENTATION_CONTEXT(2) 
PARAMETRIC_REPRESENTATION_CONTEXT() REPRESENTATION_CONTEXT('2D SPACE',''
  ) );
#12806 = ORIENTED_EDGE('',*,*,#4567,.T.);
#12807 = ORIENTED_EDGE('',*,*,#12808,.F.);
#12808 = EDGE_CURVE('',#12809,#4570,#12811,.T.);
#12809 = VERTEX_POINT('',#12810);
#12810 = CARTESIAN_POINT('',(6.8876953125,-5.0154296875,2.7));
#12811 = SURFACE_CURVE('',#12812,(#12816,#12823),.PCURVE_S1.);
#12812 = LINE('',#12813,#12814);
#12813 = CARTESIAN_POINT('',(6.8876953125,-5.0154296875,2.7));
#12814 = VECTOR('',#12815,1.);
#12815 = DIRECTION('',(0.,0.,1.));
#12816 = PCURVE('',#4585,#12817);
#12817 = DEFINITIONAL_REPRESENTATION('',(#12818),#12822);
#12818 = LINE('',#12819,#12820);
#12819 = CARTESIAN_POINT('',(0.1236328125,0.));
#12820 = VECTOR('',#12821,1.);
#12821 = DIRECTION('',(0.,-1.));
#12822 = ( GEOMETRIC_REPRESENTATION_CONTEXT(2) 
PARAMETRIC_REPRESENTATION_CONTEXT() REPRESENTATION_CONTEXT('2D SPACE',''
  ) );
#12823 = PCURVE('',#4613,#12824);
#12824 = DEFINITIONAL_REPRESENTATION('',(#12825),#12829);
#12825 = LINE('',#12826,#12827);
#12826 = CARTESIAN_POINT('',(0.,0.));
#12827 = VECTOR('',#12828,1.);
#12828 = DIRECTION('',(0.,-1.));
#12829 = ( GEOMETRIC_REPRESENTATION_CONTEXT(2) 
PARAMETRIC_REPRESENTATION_CONTEXT() REPRESENTATION_CONTEXT('2D SPACE',''
  ) );
#12830 = ORIENTED_EDGE('',*,*,#12831,.F.);
#12831 = EDGE_CURVE('',#12785,#12809,#12832,.T.);
#12832 = SURFACE_CURVE('',#12833,(#12837,#12844),.PCURVE_S1.);
#12833 = LINE('',#12834,#12835);
#12834 = CARTESIAN_POINT('',(7.011328125,-5.0154296875,2.7));
#12835 = VECTOR('',#12836,1.);
#12836 = DIRECTION('',(-1.,0.,0.));
#12837 = PCURVE('',#4585,#12838);
#12838 = DEFINITIONAL_REPRESENTATION('',(#12839),#12843);
#12839 = LINE('',#12840,#12841);
#12840 = CARTESIAN_POINT('',(0.,-0.));
#12841 = VECTOR('',#12842,1.);
#12842 = DIRECTION('',(1.,0.));
#12843 = ( GEOMETRIC_REPRESENTATION_CONTEXT(2) 
PARAMETRIC_REPRESENTATION_CONTEXT() REPRESENTATION_CONTEXT('2D SPACE',''
  ) );
#12844 = PCURVE('',#12845,#12850);
#12845 = PLANE('',#12846);
#12846 = AXIS2_PLACEMENT_3D('',#12847,#12848,#12849);
#12847 = CARTESIAN_POINT('',(6.759375,-5.0154296875,2.7));
#12848 = DIRECTION('',(0.,0.,1.));
#12849 = DIRECTION('',(1.,0.,0.));
#12850 = DEFINITIONAL_REPRESENTATION('',(#12851),#12855);
#12851 = LINE('',#12852,#12853);
#12852 = CARTESIAN_POINT('',(0.251953125,0.));
#12853 = VECTOR('',#12854,1.);
#12854 = DIRECTION('',(-1.,0.));
#12855 = ( GEOMETRIC_REPRESENTATION_CONTEXT(2) 
PARAMETRIC_REPRESENTATION_CONTEXT() REPRESENTATION_CONTEXT('2D SPACE',''
  ) );
#12856 = ADVANCED_FACE('',(#12857),#4667,.F.);
#12857 = FACE_BOUND('',#12858,.F.);
#12858 = EDGE_LOOP('',(#12859,#12882,#12883,#12884));
#12859 = ORIENTED_EDGE('',*,*,#12860,.T.);
#12860 = EDGE_CURVE('',#12861,#4626,#12863,.T.);
#12861 = VERTEX_POINT('',#12862);
#12862 = CARTESIAN_POINT('',(7.011328125,-4.8666015625,2.7));
#12863 = SURFACE_CURVE('',#12864,(#12868,#12875),.PCURVE_S1.);
#12864 = LINE('',#12865,#12866);
#12865 = CARTESIAN_POINT('',(7.011328125,-4.8666015625,2.7));
#12866 = VECTOR('',#12867,1.);
#12867 = DIRECTION('',(0.,0.,1.));
#12868 = PCURVE('',#4667,#12869);
#12869 = DEFINITIONAL_REPRESENTATION('',(#12870),#12874);
#12870 = LINE('',#12871,#12872);
#12871 = CARTESIAN_POINT('',(0.,0.));
#12872 = VECTOR('',#12873,1.);
#12873 = DIRECTION('',(0.,-1.));
#12874 = ( GEOMETRIC_REPRESENTATION_CONTEXT(2) 
PARAMETRIC_REPRESENTATION_CONTEXT() REPRESENTATION_CONTEXT('2D SPACE',''
  ) );
#12875 = PCURVE('',#4641,#12876);
#12876 = DEFINITIONAL_REPRESENTATION('',(#12877),#12881);
#12877 = LINE('',#12878,#12879);
#12878 = CARTESIAN_POINT('',(0.1236328125,0.));
#12879 = VECTOR('',#12880,1.);
#12880 = DIRECTION('',(0.,-1.));
#12881 = ( GEOMETRIC_REPRESENTATION_CONTEXT(2) 
PARAMETRIC_REPRESENTATION_CONTEXT() REPRESENTATION_CONTEXT('2D SPACE',''
  ) );
#12882 = ORIENTED_EDGE('',*,*,#4653,.T.);
#12883 = ORIENTED_EDGE('',*,*,#12784,.F.);
#12884 = ORIENTED_EDGE('',*,*,#12885,.F.);
#12885 = EDGE_CURVE('',#12861,#12785,#12886,.T.);
#12886 = SURFACE_CURVE('',#12887,(#12891,#12898),.PCURVE_S1.);
#12887 = LINE('',#12888,#12889);
#12888 = CARTESIAN_POINT('',(7.011328125,-4.8666015625,2.7));
#12889 = VECTOR('',#12890,1.);
#12890 = DIRECTION('',(0.,-1.,0.));
#12891 = PCURVE('',#4667,#12892);
#12892 = DEFINITIONAL_REPRESENTATION('',(#12893),#12897);
#12893 = LINE('',#12894,#12895);
#12894 = CARTESIAN_POINT('',(0.,0.));
#12895 = VECTOR('',#12896,1.);
#12896 = DIRECTION('',(1.,0.));
#12897 = ( GEOMETRIC_REPRESENTATION_CONTEXT(2) 
PARAMETRIC_REPRESENTATION_CONTEXT() REPRESENTATION_CONTEXT('2D SPACE',''
  ) );
#12898 = PCURVE('',#12845,#12899);
#12899 = DEFINITIONAL_REPRESENTATION('',(#12900),#12904);
#12900 = LINE('',#12901,#12902);
#12901 = CARTESIAN_POINT('',(0.251953125,0.148828125));
#12902 = VECTOR('',#12903,1.);
#12903 = DIRECTION('',(0.,-1.));
#12904 = ( GEOMETRIC_REPRESENTATION_CONTEXT(2) 
PARAMETRIC_REPRESENTATION_CONTEXT() REPRESENTATION_CONTEXT('2D SPACE',''
  ) );
#12905 = ADVANCED_FACE('',(#12906),#4641,.F.);
#12906 = FACE_BOUND('',#12907,.F.);
#12907 = EDGE_LOOP('',(#12908,#12931,#12932,#12933));
#12908 = ORIENTED_EDGE('',*,*,#12909,.T.);
#12909 = EDGE_CURVE('',#12910,#4598,#12912,.T.);
#12910 = VERTEX_POINT('',#12911);
#12911 = CARTESIAN_POINT('',(6.8876953125,-4.8666015625,2.7));
#12912 = SURFACE_CURVE('',#12913,(#12917,#12924),.PCURVE_S1.);
#12913 = LINE('',#12914,#12915);
#12914 = CARTESIAN_POINT('',(6.8876953125,-4.8666015625,2.7));
#12915 = VECTOR('',#12916,1.);
#12916 = DIRECTION('',(0.,0.,1.));
#12917 = PCURVE('',#4641,#12918);
#12918 = DEFINITIONAL_REPRESENTATION('',(#12919),#12923);
#12919 = LINE('',#12920,#12921);
#12920 = CARTESIAN_POINT('',(0.,0.));
#12921 = VECTOR('',#12922,1.);
#12922 = DIRECTION('',(0.,-1.));
#12923 = ( GEOMETRIC_REPRESENTATION_CONTEXT(2) 
PARAMETRIC_REPRESENTATION_CONTEXT() REPRESENTATION_CONTEXT('2D SPACE',''
  ) );
#12924 = PCURVE('',#4613,#12925);
#12925 = DEFINITIONAL_REPRESENTATION('',(#12926),#12930);
#12926 = LINE('',#12927,#12928);
#12927 = CARTESIAN_POINT('',(0.148828125,0.));
#12928 = VECTOR('',#12929,1.);
#12929 = DIRECTION('',(0.,-1.));
#12930 = ( GEOMETRIC_REPRESENTATION_CONTEXT(2) 
PARAMETRIC_REPRESENTATION_CONTEXT() REPRESENTATION_CONTEXT('2D SPACE',''
  ) );
#12931 = ORIENTED_EDGE('',*,*,#4625,.T.);
#12932 = ORIENTED_EDGE('',*,*,#12860,.F.);
#12933 = ORIENTED_EDGE('',*,*,#12934,.F.);
#12934 = EDGE_CURVE('',#12910,#12861,#12935,.T.);
#12935 = SURFACE_CURVE('',#12936,(#12940,#12947),.PCURVE_S1.);
#12936 = LINE('',#12937,#12938);
#12937 = CARTESIAN_POINT('',(6.8876953125,-4.8666015625,2.7));
#12938 = VECTOR('',#12939,1.);
#12939 = DIRECTION('',(1.,0.,0.));
#12940 = PCURVE('',#4641,#12941);
#12941 = DEFINITIONAL_REPRESENTATION('',(#12942),#12946);
#12942 = LINE('',#12943,#12944);
#12943 = CARTESIAN_POINT('',(0.,0.));
#12944 = VECTOR('',#12945,1.);
#12945 = DIRECTION('',(1.,0.));
#12946 = ( GEOMETRIC_REPRESENTATION_CONTEXT(2) 
PARAMETRIC_REPRESENTATION_CONTEXT() REPRESENTATION_CONTEXT('2D SPACE',''
  ) );
#12947 = PCURVE('',#12845,#12948);
#12948 = DEFINITIONAL_REPRESENTATION('',(#12949),#12953);
#12949 = LINE('',#12950,#12951);
#12950 = CARTESIAN_POINT('',(0.1283203125,0.148828125));
#12951 = VECTOR('',#12952,1.);
#12952 = DIRECTION('',(1.,0.));
#12953 = ( GEOMETRIC_REPRESENTATION_CONTEXT(2) 
PARAMETRIC_REPRESENTATION_CONTEXT() REPRESENTATION_CONTEXT('2D SPACE',''
  ) );
#12954 = ADVANCED_FACE('',(#12955),#4613,.F.);
#12955 = FACE_BOUND('',#12956,.F.);
#12956 = EDGE_LOOP('',(#12957,#12958,#12959,#12960));
#12957 = ORIENTED_EDGE('',*,*,#12808,.T.);
#12958 = ORIENTED_EDGE('',*,*,#4597,.T.);
#12959 = ORIENTED_EDGE('',*,*,#12909,.F.);
#12960 = ORIENTED_EDGE('',*,*,#12961,.F.);
#12961 = EDGE_CURVE('',#12809,#12910,#12962,.T.);
#12962 = SURFACE_CURVE('',#12963,(#12967,#12974),.PCURVE_S1.);
#12963 = LINE('',#12964,#12965);
#12964 = CARTESIAN_POINT('',(6.8876953125,-5.0154296875,2.7));
#12965 = VECTOR('',#12966,1.);
#12966 = DIRECTION('',(0.,1.,0.));
#12967 = PCURVE('',#4613,#12968);
#12968 = DEFINITIONAL_REPRESENTATION('',(#12969),#12973);
#12969 = LINE('',#12970,#12971);
#12970 = CARTESIAN_POINT('',(0.,0.));
#12971 = VECTOR('',#12972,1.);
#12972 = DIRECTION('',(1.,0.));
#12973 = ( GEOMETRIC_REPRESENTATION_CONTEXT(2) 
PARAMETRIC_REPRESENTATION_CONTEXT() REPRESENTATION_CONTEXT('2D SPACE',''
  ) );
#12974 = PCURVE('',#12845,#12975);
#12975 = DEFINITIONAL_REPRESENTATION('',(#12976),#12980);
#12976 = LINE('',#12977,#12978);
#12977 = CARTESIAN_POINT('',(0.1283203125,0.));
#12978 = VECTOR('',#12979,1.);
#12979 = DIRECTION('',(0.,1.));
#12980 = ( GEOMETRIC_REPRESENTATION_CONTEXT(2) 
PARAMETRIC_REPRESENTATION_CONTEXT() REPRESENTATION_CONTEXT('2D SPACE',''
  ) );
#12981 = ADVANCED_FACE('',(#12982),#4699,.F.);
#12982 = FACE_BOUND('',#12983,.F.);
#12983 = EDGE_LOOP('',(#12984,#13007,#13008,#13031));
#12984 = ORIENTED_EDGE('',*,*,#12985,.T.);
#12985 = EDGE_CURVE('',#12986,#4682,#12988,.T.);
#12986 = VERTEX_POINT('',#12987);
#12987 = CARTESIAN_POINT('',(7.592578125,-4.68876953125,2.7));
#12988 = SURFACE_CURVE('',#12989,(#12993,#13000),.PCURVE_S1.);
#12989 = LINE('',#12990,#12991);
#12990 = CARTESIAN_POINT('',(7.592578125,-4.68876953125,2.7));
#12991 = VECTOR('',#12992,1.);
#12992 = DIRECTION('',(0.,0.,1.));
#12993 = PCURVE('',#4699,#12994);
#12994 = DEFINITIONAL_REPRESENTATION('',(#12995),#12999);
#12995 = LINE('',#12996,#12997);
#12996 = CARTESIAN_POINT('',(0.,0.));
#12997 = VECTOR('',#12998,1.);
#12998 = DIRECTION('',(0.,-1.));
#12999 = ( GEOMETRIC_REPRESENTATION_CONTEXT(2) 
PARAMETRIC_REPRESENTATION_CONTEXT() REPRESENTATION_CONTEXT('2D SPACE',''
  ) );
#13000 = PCURVE('',#5287,#13001);
#13001 = DEFINITIONAL_REPRESENTATION('',(#13002),#13006);
#13002 = LINE('',#13003,#13004);
#13003 = CARTESIAN_POINT('',(1.,0.));
#13004 = VECTOR('',#13005,1.);
#13005 = DIRECTION('',(0.,-1.));
#13006 = ( GEOMETRIC_REPRESENTATION_CONTEXT(2) 
PARAMETRIC_REPRESENTATION_CONTEXT() REPRESENTATION_CONTEXT('2D SPACE',''
  ) );
#13007 = ORIENTED_EDGE('',*,*,#4681,.T.);
#13008 = ORIENTED_EDGE('',*,*,#13009,.F.);
#13009 = EDGE_CURVE('',#13010,#4684,#13012,.T.);
#13010 = VERTEX_POINT('',#13011);
#13011 = CARTESIAN_POINT('',(7.37109375,-4.9158203125,2.7));
#13012 = SURFACE_CURVE('',#13013,(#13017,#13024),.PCURVE_S1.);
#13013 = LINE('',#13014,#13015);
#13014 = CARTESIAN_POINT('',(7.37109375,-4.9158203125,2.7));
#13015 = VECTOR('',#13016,1.);
#13016 = DIRECTION('',(0.,0.,1.));
#13017 = PCURVE('',#4699,#13018);
#13018 = DEFINITIONAL_REPRESENTATION('',(#13019),#13023);
#13019 = LINE('',#13020,#13021);
#13020 = CARTESIAN_POINT('',(1.,0.));
#13021 = VECTOR('',#13022,1.);
#13022 = DIRECTION('',(0.,-1.));
#13023 = ( GEOMETRIC_REPRESENTATION_CONTEXT(2) 
PARAMETRIC_REPRESENTATION_CONTEXT() REPRESENTATION_CONTEXT('2D SPACE',''
  ) );
#13024 = PCURVE('',#4729,#13025);
#13025 = DEFINITIONAL_REPRESENTATION('',(#13026),#13030);
#13026 = LINE('',#13027,#13028);
#13027 = CARTESIAN_POINT('',(0.,0.));
#13028 = VECTOR('',#13029,1.);
#13029 = DIRECTION('',(0.,-1.));
#13030 = ( GEOMETRIC_REPRESENTATION_CONTEXT(2) 
PARAMETRIC_REPRESENTATION_CONTEXT() REPRESENTATION_CONTEXT('2D SPACE',''
  ) );
#13031 = ORIENTED_EDGE('',*,*,#13032,.F.);
#13032 = EDGE_CURVE('',#12986,#13010,#13033,.T.);
#13033 = SURFACE_CURVE('',#13034,(#13038,#13045),.PCURVE_S1.);
#13034 = B_SPLINE_CURVE_WITH_KNOTS('',2,(#13035,#13036,#13037),
  .UNSPECIFIED.,.F.,.F.,(3,3),(0.,1.),.PIECEWISE_BEZIER_KNOTS.);
#13035 = CARTESIAN_POINT('',(7.592578125,-4.68876953125,2.7));
#13036 = CARTESIAN_POINT('',(7.5140625,-4.769921875,2.7));
#13037 = CARTESIAN_POINT('',(7.37109375,-4.9158203125,2.7));
#13038 = PCURVE('',#4699,#13039);
#13039 = DEFINITIONAL_REPRESENTATION('',(#13040),#13044);
#13040 = LINE('',#13041,#13042);
#13041 = CARTESIAN_POINT('',(0.,0.));
#13042 = VECTOR('',#13043,1.);
#13043 = DIRECTION('',(1.,0.));
#13044 = ( GEOMETRIC_REPRESENTATION_CONTEXT(2) 
PARAMETRIC_REPRESENTATION_CONTEXT() REPRESENTATION_CONTEXT('2D SPACE',''
  ) );
#13045 = PCURVE('',#13046,#13051);
#13046 = PLANE('',#13047);
#13047 = AXIS2_PLACEMENT_3D('',#13048,#13049,#13050);
#13048 = CARTESIAN_POINT('',(7.1408203125,-5.0154296875,2.7));
#13049 = DIRECTION('',(0.,0.,1.));
#13050 = DIRECTION('',(1.,0.,0.));
#13051 = DEFINITIONAL_REPRESENTATION('',(#13052),#13056);
#13052 = B_SPLINE_CURVE_WITH_KNOTS('',2,(#13053,#13054,#13055),
  .UNSPECIFIED.,.F.,.F.,(3,3),(0.,1.),.PIECEWISE_BEZIER_KNOTS.);
#13053 = CARTESIAN_POINT('',(0.4517578125,0.32666015625));
#13054 = CARTESIAN_POINT('',(0.3732421875,0.2455078125));
#13055 = CARTESIAN_POINT('',(0.2302734375,9.9609375E-02));
#13056 = ( GEOMETRIC_REPRESENTATION_CONTEXT(2) 
PARAMETRIC_REPRESENTATION_CONTEXT() REPRESENTATION_CONTEXT('2D SPACE',''
  ) );
#13057 = ADVANCED_FACE('',(#13058),#5287,.F.);
#13058 = FACE_BOUND('',#13059,.F.);
#13059 = EDGE_LOOP('',(#13060,#13083,#13084,#13085));
#13060 = ORIENTED_EDGE('',*,*,#13061,.T.);
#13061 = EDGE_CURVE('',#13062,#5244,#13064,.T.);
#13062 = VERTEX_POINT('',#13063);
#13063 = CARTESIAN_POINT('',(7.6857421875,-4.590625,2.7));
#13064 = SURFACE_CURVE('',#13065,(#13069,#13076),.PCURVE_S1.);
#13065 = LINE('',#13066,#13067);
#13066 = CARTESIAN_POINT('',(7.6857421875,-4.590625,2.7));
#13067 = VECTOR('',#13068,1.);
#13068 = DIRECTION('',(0.,0.,1.));
#13069 = PCURVE('',#5287,#13070);
#13070 = DEFINITIONAL_REPRESENTATION('',(#13071),#13075);
#13071 = LINE('',#13072,#13073);
#13072 = CARTESIAN_POINT('',(0.,0.));
#13073 = VECTOR('',#13074,1.);
#13074 = DIRECTION('',(0.,-1.));
#13075 = ( GEOMETRIC_REPRESENTATION_CONTEXT(2) 
PARAMETRIC_REPRESENTATION_CONTEXT() REPRESENTATION_CONTEXT('2D SPACE',''
  ) );
#13076 = PCURVE('',#5259,#13077);
#13077 = DEFINITIONAL_REPRESENTATION('',(#13078),#13082);
#13078 = LINE('',#13079,#13080);
#13079 = CARTESIAN_POINT('',(1.,0.));
#13080 = VECTOR('',#13081,1.);
#13081 = DIRECTION('',(0.,-1.));
#13082 = ( GEOMETRIC_REPRESENTATION_CONTEXT(2) 
PARAMETRIC_REPRESENTATION_CONTEXT() REPRESENTATION_CONTEXT('2D SPACE',''
  ) );
#13083 = ORIENTED_EDGE('',*,*,#5273,.T.);
#13084 = ORIENTED_EDGE('',*,*,#12985,.F.);
#13085 = ORIENTED_EDGE('',*,*,#13086,.F.);
#13086 = EDGE_CURVE('',#13062,#12986,#13087,.T.);
#13087 = SURFACE_CURVE('',#13088,(#13092,#13099),.PCURVE_S1.);
#13088 = B_SPLINE_CURVE_WITH_KNOTS('',2,(#13089,#13090,#13091),
  .UNSPECIFIED.,.F.,.F.,(3,3),(0.,1.),.PIECEWISE_BEZIER_KNOTS.);
#13089 = CARTESIAN_POINT('',(7.6857421875,-4.590625,2.7));
#13090 = CARTESIAN_POINT('',(7.67109375,-4.6076171875,2.7));
#13091 = CARTESIAN_POINT('',(7.592578125,-4.68876953125,2.7));
#13092 = PCURVE('',#5287,#13093);
#13093 = DEFINITIONAL_REPRESENTATION('',(#13094),#13098);
#13094 = LINE('',#13095,#13096);
#13095 = CARTESIAN_POINT('',(0.,0.));
#13096 = VECTOR('',#13097,1.);
#13097 = DIRECTION('',(1.,0.));
#13098 = ( GEOMETRIC_REPRESENTATION_CONTEXT(2) 
PARAMETRIC_REPRESENTATION_CONTEXT() REPRESENTATION_CONTEXT('2D SPACE',''
  ) );
#13099 = PCURVE('',#13046,#13100);
#13100 = DEFINITIONAL_REPRESENTATION('',(#13101),#13105);
#13101 = B_SPLINE_CURVE_WITH_KNOTS('',2,(#13102,#13103,#13104),
  .UNSPECIFIED.,.F.,.F.,(3,3),(0.,1.),.PIECEWISE_BEZIER_KNOTS.);
#13102 = CARTESIAN_POINT('',(0.544921875,0.4248046875));
#13103 = CARTESIAN_POINT('',(0.5302734375,0.4078125));
#13104 = CARTESIAN_POINT('',(0.4517578125,0.32666015625));
#13105 = ( GEOMETRIC_REPRESENTATION_CONTEXT(2) 
PARAMETRIC_REPRESENTATION_CONTEXT() REPRESENTATION_CONTEXT('2D SPACE',''
  ) );
#13106 = ADVANCED_FACE('',(#13107),#5259,.F.);
#13107 = FACE_BOUND('',#13108,.F.);
#13108 = EDGE_LOOP('',(#13109,#13132,#13133,#13134));
#13109 = ORIENTED_EDGE('',*,*,#13110,.T.);
#13110 = EDGE_CURVE('',#13111,#5214,#13113,.T.);
#13111 = VERTEX_POINT('',#13112);
#13112 = CARTESIAN_POINT('',(7.75927734375,-4.47666015625,2.7));
#13113 = SURFACE_CURVE('',#13114,(#13118,#13125),.PCURVE_S1.);
#13114 = LINE('',#13115,#13116);
#13115 = CARTESIAN_POINT('',(7.75927734375,-4.47666015625,2.7));
#13116 = VECTOR('',#13117,1.);
#13117 = DIRECTION('',(0.,0.,1.));
#13118 = PCURVE('',#5259,#13119);
#13119 = DEFINITIONAL_REPRESENTATION('',(#13120),#13124);
#13120 = LINE('',#13121,#13122);
#13121 = CARTESIAN_POINT('',(0.,0.));
#13122 = VECTOR('',#13123,1.);
#13123 = DIRECTION('',(0.,-1.));
#13124 = ( GEOMETRIC_REPRESENTATION_CONTEXT(2) 
PARAMETRIC_REPRESENTATION_CONTEXT() REPRESENTATION_CONTEXT('2D SPACE',''
  ) );
#13125 = PCURVE('',#5229,#13126);
#13126 = DEFINITIONAL_REPRESENTATION('',(#13127),#13131);
#13127 = LINE('',#13128,#13129);
#13128 = CARTESIAN_POINT('',(1.,0.));
#13129 = VECTOR('',#13130,1.);
#13130 = DIRECTION('',(0.,-1.));
#13131 = ( GEOMETRIC_REPRESENTATION_CONTEXT(2) 
PARAMETRIC_REPRESENTATION_CONTEXT() REPRESENTATION_CONTEXT('2D SPACE',''
  ) );
#13132 = ORIENTED_EDGE('',*,*,#5243,.T.);
#13133 = ORIENTED_EDGE('',*,*,#13061,.F.);
#13134 = ORIENTED_EDGE('',*,*,#13135,.F.);
#13135 = EDGE_CURVE('',#13111,#13062,#13136,.T.);
#13136 = SURFACE_CURVE('',#13137,(#13141,#13148),.PCURVE_S1.);
#13137 = B_SPLINE_CURVE_WITH_KNOTS('',2,(#13138,#13139,#13140),
  .UNSPECIFIED.,.F.,.F.,(3,3),(0.,1.),.PIECEWISE_BEZIER_KNOTS.);
#13138 = CARTESIAN_POINT('',(7.75927734375,-4.47666015625,2.7));
#13139 = CARTESIAN_POINT('',(7.7390625,-4.525,2.7));
#13140 = CARTESIAN_POINT('',(7.6857421875,-4.590625,2.7));
#13141 = PCURVE('',#5259,#13142);
#13142 = DEFINITIONAL_REPRESENTATION('',(#13143),#13147);
#13143 = LINE('',#13144,#13145);
#13144 = CARTESIAN_POINT('',(0.,0.));
#13145 = VECTOR('',#13146,1.);
#13146 = DIRECTION('',(1.,0.));
#13147 = ( GEOMETRIC_REPRESENTATION_CONTEXT(2) 
PARAMETRIC_REPRESENTATION_CONTEXT() REPRESENTATION_CONTEXT('2D SPACE',''
  ) );
#13148 = PCURVE('',#13046,#13149);
#13149 = DEFINITIONAL_REPRESENTATION('',(#13150),#13154);
#13150 = B_SPLINE_CURVE_WITH_KNOTS('',2,(#13151,#13152,#13153),
  .UNSPECIFIED.,.F.,.F.,(3,3),(0.,1.),.PIECEWISE_BEZIER_KNOTS.);
#13151 = CARTESIAN_POINT('',(0.61845703125,0.53876953125));
#13152 = CARTESIAN_POINT('',(0.5982421875,0.4904296875));
#13153 = CARTESIAN_POINT('',(0.544921875,0.4248046875));
#13154 = ( GEOMETRIC_REPRESENTATION_CONTEXT(2) 
PARAMETRIC_REPRESENTATION_CONTEXT() REPRESENTATION_CONTEXT('2D SPACE',''
  ) );
#13155 = ADVANCED_FACE('',(#13156),#5229,.F.);
#13156 = FACE_BOUND('',#13157,.F.);
#13157 = EDGE_LOOP('',(#13158,#13181,#13182,#13183));
#13158 = ORIENTED_EDGE('',*,*,#13159,.T.);
#13159 = EDGE_CURVE('',#13160,#5184,#13162,.T.);
#13160 = VERTEX_POINT('',#13161);
#13161 = CARTESIAN_POINT('',(7.7794921875,-4.3744140625,2.7));
#13162 = SURFACE_CURVE('',#13163,(#13167,#13174),.PCURVE_S1.);
#13163 = LINE('',#13164,#13165);
#13164 = CARTESIAN_POINT('',(7.7794921875,-4.3744140625,2.7));
#13165 = VECTOR('',#13166,1.);
#13166 = DIRECTION('',(0.,0.,1.));
#13167 = PCURVE('',#5229,#13168);
#13168 = DEFINITIONAL_REPRESENTATION('',(#13169),#13173);
#13169 = LINE('',#13170,#13171);
#13170 = CARTESIAN_POINT('',(0.,0.));
#13171 = VECTOR('',#13172,1.);
#13172 = DIRECTION('',(0.,-1.));
#13173 = ( GEOMETRIC_REPRESENTATION_CONTEXT(2) 
PARAMETRIC_REPRESENTATION_CONTEXT() REPRESENTATION_CONTEXT('2D SPACE',''
  ) );
#13174 = PCURVE('',#5199,#13175);
#13175 = DEFINITIONAL_REPRESENTATION('',(#13176),#13180);
#13176 = LINE('',#13177,#13178);
#13177 = CARTESIAN_POINT('',(1.,0.));
#13178 = VECTOR('',#13179,1.);
#13179 = DIRECTION('',(0.,-1.));
#13180 = ( GEOMETRIC_REPRESENTATION_CONTEXT(2) 
PARAMETRIC_REPRESENTATION_CONTEXT() REPRESENTATION_CONTEXT('2D SPACE',''
  ) );
#13181 = ORIENTED_EDGE('',*,*,#5213,.T.);
#13182 = ORIENTED_EDGE('',*,*,#13110,.F.);
#13183 = ORIENTED_EDGE('',*,*,#13184,.F.);
#13184 = EDGE_CURVE('',#13160,#13111,#13185,.T.);
#13185 = SURFACE_CURVE('',#13186,(#13190,#13197),.PCURVE_S1.);
#13186 = B_SPLINE_CURVE_WITH_KNOTS('',2,(#13187,#13188,#13189),
  .UNSPECIFIED.,.F.,.F.,(3,3),(0.,1.),.PIECEWISE_BEZIER_KNOTS.);
#13187 = CARTESIAN_POINT('',(7.7794921875,-4.3744140625,2.7));
#13188 = CARTESIAN_POINT('',(7.7794921875,-4.4283203125,2.7));
#13189 = CARTESIAN_POINT('',(7.75927734375,-4.47666015625,2.7));
#13190 = PCURVE('',#5229,#13191);
#13191 = DEFINITIONAL_REPRESENTATION('',(#13192),#13196);
#13192 = LINE('',#13193,#13194);
#13193 = CARTESIAN_POINT('',(0.,0.));
#13194 = VECTOR('',#13195,1.);
#13195 = DIRECTION('',(1.,0.));
#13196 = ( GEOMETRIC_REPRESENTATION_CONTEXT(2) 
PARAMETRIC_REPRESENTATION_CONTEXT() REPRESENTATION_CONTEXT('2D SPACE',''
  ) );
#13197 = PCURVE('',#13046,#13198);
#13198 = DEFINITIONAL_REPRESENTATION('',(#13199),#13203);
#13199 = B_SPLINE_CURVE_WITH_KNOTS('',2,(#13200,#13201,#13202),
  .UNSPECIFIED.,.F.,.F.,(3,3),(0.,1.),.PIECEWISE_BEZIER_KNOTS.);
#13200 = CARTESIAN_POINT('',(0.638671875,0.641015625));
#13201 = CARTESIAN_POINT('',(0.638671875,0.587109375));
#13202 = CARTESIAN_POINT('',(0.61845703125,0.53876953125));
#13203 = ( GEOMETRIC_REPRESENTATION_CONTEXT(2) 
PARAMETRIC_REPRESENTATION_CONTEXT() REPRESENTATION_CONTEXT('2D SPACE',''
  ) );
#13204 = ADVANCED_FACE('',(#13205),#5199,.F.);
#13205 = FACE_BOUND('',#13206,.F.);
#13206 = EDGE_LOOP('',(#13207,#13230,#13231,#13232));
#13207 = ORIENTED_EDGE('',*,*,#13208,.T.);
#13208 = EDGE_CURVE('',#13209,#5154,#13211,.T.);
#13209 = VERTEX_POINT('',#13210);
#13210 = CARTESIAN_POINT('',(7.6986328125,-4.1927734375,2.7));
#13211 = SURFACE_CURVE('',#13212,(#13216,#13223),.PCURVE_S1.);
#13212 = LINE('',#13213,#13214);
#13213 = CARTESIAN_POINT('',(7.6986328125,-4.1927734375,2.7));
#13214 = VECTOR('',#13215,1.);
#13215 = DIRECTION('',(0.,0.,1.));
#13216 = PCURVE('',#5199,#13217);
#13217 = DEFINITIONAL_REPRESENTATION('',(#13218),#13222);
#13218 = LINE('',#13219,#13220);
#13219 = CARTESIAN_POINT('',(0.,0.));
#13220 = VECTOR('',#13221,1.);
#13221 = DIRECTION('',(0.,-1.));
#13222 = ( GEOMETRIC_REPRESENTATION_CONTEXT(2) 
PARAMETRIC_REPRESENTATION_CONTEXT() REPRESENTATION_CONTEXT('2D SPACE',''
  ) );
#13223 = PCURVE('',#5169,#13224);
#13224 = DEFINITIONAL_REPRESENTATION('',(#13225),#13229);
#13225 = LINE('',#13226,#13227);
#13226 = CARTESIAN_POINT('',(1.,0.));
#13227 = VECTOR('',#13228,1.);
#13228 = DIRECTION('',(0.,-1.));
#13229 = ( GEOMETRIC_REPRESENTATION_CONTEXT(2) 
PARAMETRIC_REPRESENTATION_CONTEXT() REPRESENTATION_CONTEXT('2D SPACE',''
  ) );
#13230 = ORIENTED_EDGE('',*,*,#5183,.T.);
#13231 = ORIENTED_EDGE('',*,*,#13159,.F.);
#13232 = ORIENTED_EDGE('',*,*,#13233,.F.);
#13233 = EDGE_CURVE('',#13209,#13160,#13234,.T.);
#13234 = SURFACE_CURVE('',#13235,(#13239,#13246),.PCURVE_S1.);
#13235 = B_SPLINE_CURVE_WITH_KNOTS('',2,(#13236,#13237,#13238),
  .UNSPECIFIED.,.F.,.F.,(3,3),(0.,1.),.PIECEWISE_BEZIER_KNOTS.);
#13236 = CARTESIAN_POINT('',(7.6986328125,-4.1927734375,2.7));
#13237 = CARTESIAN_POINT('',(7.7794921875,-4.2607421875,2.7));
#13238 = CARTESIAN_POINT('',(7.7794921875,-4.3744140625,2.7));
#13239 = PCURVE('',#5199,#13240);
#13240 = DEFINITIONAL_REPRESENTATION('',(#13241),#13245);
#13241 = LINE('',#13242,#13243);
#13242 = CARTESIAN_POINT('',(0.,0.));
#13243 = VECTOR('',#13244,1.);
#13244 = DIRECTION('',(1.,0.));
#13245 = ( GEOMETRIC_REPRESENTATION_CONTEXT(2) 
PARAMETRIC_REPRESENTATION_CONTEXT() REPRESENTATION_CONTEXT('2D SPACE',''
  ) );
#13246 = PCURVE('',#13046,#13247);
#13247 = DEFINITIONAL_REPRESENTATION('',(#13248),#13252);
#13248 = B_SPLINE_CURVE_WITH_KNOTS('',2,(#13249,#13250,#13251),
  .UNSPECIFIED.,.F.,.F.,(3,3),(0.,1.),.PIECEWISE_BEZIER_KNOTS.);
#13249 = CARTESIAN_POINT('',(0.5578125,0.82265625));
#13250 = CARTESIAN_POINT('',(0.638671875,0.7546875));
#13251 = CARTESIAN_POINT('',(0.638671875,0.641015625));
#13252 = ( GEOMETRIC_REPRESENTATION_CONTEXT(2) 
PARAMETRIC_REPRESENTATION_CONTEXT() REPRESENTATION_CONTEXT('2D SPACE',''
  ) );
#13253 = ADVANCED_FACE('',(#13254),#5169,.F.);
#13254 = FACE_BOUND('',#13255,.F.);
#13255 = EDGE_LOOP('',(#13256,#13279,#13280,#13281));
#13256 = ORIENTED_EDGE('',*,*,#13257,.T.);
#13257 = EDGE_CURVE('',#13258,#5124,#13260,.T.);
#13258 = VERTEX_POINT('',#13259);
#13259 = CARTESIAN_POINT('',(7.4818359375,-4.1248046875,2.7));
#13260 = SURFACE_CURVE('',#13261,(#13265,#13272),.PCURVE_S1.);
#13261 = LINE('',#13262,#13263);
#13262 = CARTESIAN_POINT('',(7.4818359375,-4.1248046875,2.7));
#13263 = VECTOR('',#13264,1.);
#13264 = DIRECTION('',(0.,0.,1.));
#13265 = PCURVE('',#5169,#13266);
#13266 = DEFINITIONAL_REPRESENTATION('',(#13267),#13271);
#13267 = LINE('',#13268,#13269);
#13268 = CARTESIAN_POINT('',(0.,0.));
#13269 = VECTOR('',#13270,1.);
#13270 = DIRECTION('',(0.,-1.));
#13271 = ( GEOMETRIC_REPRESENTATION_CONTEXT(2) 
PARAMETRIC_REPRESENTATION_CONTEXT() REPRESENTATION_CONTEXT('2D SPACE',''
  ) );
#13272 = PCURVE('',#5139,#13273);
#13273 = DEFINITIONAL_REPRESENTATION('',(#13274),#13278);
#13274 = LINE('',#13275,#13276);
#13275 = CARTESIAN_POINT('',(1.,0.));
#13276 = VECTOR('',#13277,1.);
#13277 = DIRECTION('',(0.,-1.));
#13278 = ( GEOMETRIC_REPRESENTATION_CONTEXT(2) 
PARAMETRIC_REPRESENTATION_CONTEXT() REPRESENTATION_CONTEXT('2D SPACE',''
  ) );
#13279 = ORIENTED_EDGE('',*,*,#5153,.T.);
#13280 = ORIENTED_EDGE('',*,*,#13208,.F.);
#13281 = ORIENTED_EDGE('',*,*,#13282,.F.);
#13282 = EDGE_CURVE('',#13258,#13209,#13283,.T.);
#13283 = SURFACE_CURVE('',#13284,(#13288,#13295),.PCURVE_S1.);
#13284 = B_SPLINE_CURVE_WITH_KNOTS('',2,(#13285,#13286,#13287),
  .UNSPECIFIED.,.F.,.F.,(3,3),(0.,1.),.PIECEWISE_BEZIER_KNOTS.);
#13285 = CARTESIAN_POINT('',(7.4818359375,-4.1248046875,2.7));
#13286 = CARTESIAN_POINT('',(7.6177734375,-4.1248046875,2.7));
#13287 = CARTESIAN_POINT('',(7.6986328125,-4.1927734375,2.7));
#13288 = PCURVE('',#5169,#13289);
#13289 = DEFINITIONAL_REPRESENTATION('',(#13290),#13294);
#13290 = LINE('',#13291,#13292);
#13291 = CARTESIAN_POINT('',(0.,0.));
#13292 = VECTOR('',#13293,1.);
#13293 = DIRECTION('',(1.,0.));
#13294 = ( GEOMETRIC_REPRESENTATION_CONTEXT(2) 
PARAMETRIC_REPRESENTATION_CONTEXT() REPRESENTATION_CONTEXT('2D SPACE',''
  ) );
#13295 = PCURVE('',#13046,#13296);
#13296 = DEFINITIONAL_REPRESENTATION('',(#13297),#13301);
#13297 = B_SPLINE_CURVE_WITH_KNOTS('',2,(#13298,#13299,#13300),
  .UNSPECIFIED.,.F.,.F.,(3,3),(0.,1.),.PIECEWISE_BEZIER_KNOTS.);
#13298 = CARTESIAN_POINT('',(0.341015625,0.890625));
#13299 = CARTESIAN_POINT('',(0.476953125,0.890625));
#13300 = CARTESIAN_POINT('',(0.5578125,0.82265625));
#13301 = ( GEOMETRIC_REPRESENTATION_CONTEXT(2) 
PARAMETRIC_REPRESENTATION_CONTEXT() REPRESENTATION_CONTEXT('2D SPACE',''
  ) );
#13302 = ADVANCED_FACE('',(#13303),#5139,.F.);
#13303 = FACE_BOUND('',#13304,.F.);
#13304 = EDGE_LOOP('',(#13305,#13328,#13329,#13330));
#13305 = ORIENTED_EDGE('',*,*,#13306,.T.);
#13306 = EDGE_CURVE('',#13307,#5094,#13309,.T.);
#13307 = VERTEX_POINT('',#13308);
#13308 = CARTESIAN_POINT('',(7.3681640625,-4.139453125,2.7));
#13309 = SURFACE_CURVE('',#13310,(#13314,#13321),.PCURVE_S1.);
#13310 = LINE('',#13311,#13312);
#13311 = CARTESIAN_POINT('',(7.3681640625,-4.139453125,2.7));
#13312 = VECTOR('',#13313,1.);
#13313 = DIRECTION('',(0.,0.,1.));
#13314 = PCURVE('',#5139,#13315);
#13315 = DEFINITIONAL_REPRESENTATION('',(#13316),#13320);
#13316 = LINE('',#13317,#13318);
#13317 = CARTESIAN_POINT('',(0.,0.));
#13318 = VECTOR('',#13319,1.);
#13319 = DIRECTION('',(0.,-1.));
#13320 = ( GEOMETRIC_REPRESENTATION_CONTEXT(2) 
PARAMETRIC_REPRESENTATION_CONTEXT() REPRESENTATION_CONTEXT('2D SPACE',''
  ) );
#13321 = PCURVE('',#5109,#13322);
#13322 = DEFINITIONAL_REPRESENTATION('',(#13323),#13327);
#13323 = LINE('',#13324,#13325);
#13324 = CARTESIAN_POINT('',(1.,0.));
#13325 = VECTOR('',#13326,1.);
#13326 = DIRECTION('',(0.,-1.));
#13327 = ( GEOMETRIC_REPRESENTATION_CONTEXT(2) 
PARAMETRIC_REPRESENTATION_CONTEXT() REPRESENTATION_CONTEXT('2D SPACE',''
  ) );
#13328 = ORIENTED_EDGE('',*,*,#5123,.T.);
#13329 = ORIENTED_EDGE('',*,*,#13257,.F.);
#13330 = ORIENTED_EDGE('',*,*,#13331,.F.);
#13331 = EDGE_CURVE('',#13307,#13258,#13332,.T.);
#13332 = SURFACE_CURVE('',#13333,(#13337,#13344),.PCURVE_S1.);
#13333 = B_SPLINE_CURVE_WITH_KNOTS('',2,(#13334,#13335,#13336),
  .UNSPECIFIED.,.F.,.F.,(3,3),(0.,1.),.PIECEWISE_BEZIER_KNOTS.);
#13334 = CARTESIAN_POINT('',(7.3681640625,-4.139453125,2.7));
#13335 = CARTESIAN_POINT('',(7.4302734375,-4.1248046875,2.7));
#13336 = CARTESIAN_POINT('',(7.4818359375,-4.1248046875,2.7));
#13337 = PCURVE('',#5139,#13338);
#13338 = DEFINITIONAL_REPRESENTATION('',(#13339),#13343);
#13339 = LINE('',#13340,#13341);
#13340 = CARTESIAN_POINT('',(0.,0.));
#13341 = VECTOR('',#13342,1.);
#13342 = DIRECTION('',(1.,0.));
#13343 = ( GEOMETRIC_REPRESENTATION_CONTEXT(2) 
PARAMETRIC_REPRESENTATION_CONTEXT() REPRESENTATION_CONTEXT('2D SPACE',''
  ) );
#13344 = PCURVE('',#13046,#13345);
#13345 = DEFINITIONAL_REPRESENTATION('',(#13346),#13350);
#13346 = B_SPLINE_CURVE_WITH_KNOTS('',2,(#13347,#13348,#13349),
  .UNSPECIFIED.,.F.,.F.,(3,3),(0.,1.),.PIECEWISE_BEZIER_KNOTS.);
#13347 = CARTESIAN_POINT('',(0.22734375,0.8759765625));
#13348 = CARTESIAN_POINT('',(0.289453125,0.890625));
#13349 = CARTESIAN_POINT('',(0.341015625,0.890625));
#13350 = ( GEOMETRIC_REPRESENTATION_CONTEXT(2) 
PARAMETRIC_REPRESENTATION_CONTEXT() REPRESENTATION_CONTEXT('2D SPACE',''
  ) );
#13351 = ADVANCED_FACE('',(#13352),#5109,.F.);
#13352 = FACE_BOUND('',#13353,.F.);
#13353 = EDGE_LOOP('',(#13354,#13377,#13378,#13379));
#13354 = ORIENTED_EDGE('',*,*,#13355,.T.);
#13355 = EDGE_CURVE('',#13356,#5066,#13358,.T.);
#13356 = VERTEX_POINT('',#13357);
#13357 = CARTESIAN_POINT('',(7.2345703125,-4.1828125,2.7));
#13358 = SURFACE_CURVE('',#13359,(#13363,#13370),.PCURVE_S1.);
#13359 = LINE('',#13360,#13361);
#13360 = CARTESIAN_POINT('',(7.2345703125,-4.1828125,2.7));
#13361 = VECTOR('',#13362,1.);
#13362 = DIRECTION('',(0.,0.,1.));
#13363 = PCURVE('',#5109,#13364);
#13364 = DEFINITIONAL_REPRESENTATION('',(#13365),#13369);
#13365 = LINE('',#13366,#13367);
#13366 = CARTESIAN_POINT('',(0.,0.));
#13367 = VECTOR('',#13368,1.);
#13368 = DIRECTION('',(0.,-1.));
#13369 = ( GEOMETRIC_REPRESENTATION_CONTEXT(2) 
PARAMETRIC_REPRESENTATION_CONTEXT() REPRESENTATION_CONTEXT('2D SPACE',''
  ) );
#13370 = PCURVE('',#5081,#13371);
#13371 = DEFINITIONAL_REPRESENTATION('',(#13372),#13376);
#13372 = LINE('',#13373,#13374);
#13373 = CARTESIAN_POINT('',(0.11953125,0.));
#13374 = VECTOR('',#13375,1.);
#13375 = DIRECTION('',(0.,-1.));
#13376 = ( GEOMETRIC_REPRESENTATION_CONTEXT(2) 
PARAMETRIC_REPRESENTATION_CONTEXT() REPRESENTATION_CONTEXT('2D SPACE',''
  ) );
#13377 = ORIENTED_EDGE('',*,*,#5093,.T.);
#13378 = ORIENTED_EDGE('',*,*,#13306,.F.);
#13379 = ORIENTED_EDGE('',*,*,#13380,.F.);
#13380 = EDGE_CURVE('',#13356,#13307,#13381,.T.);
#13381 = SURFACE_CURVE('',#13382,(#13386,#13393),.PCURVE_S1.);
#13382 = B_SPLINE_CURVE_WITH_KNOTS('',2,(#13383,#13384,#13385),
  .UNSPECIFIED.,.F.,.F.,(3,3),(0.,1.),.PIECEWISE_BEZIER_KNOTS.);
#13383 = CARTESIAN_POINT('',(7.2345703125,-4.1828125,2.7));
#13384 = CARTESIAN_POINT('',(7.3060546875,-4.1541015625,2.7));
#13385 = CARTESIAN_POINT('',(7.3681640625,-4.139453125,2.7));
#13386 = PCURVE('',#5109,#13387);
#13387 = DEFINITIONAL_REPRESENTATION('',(#13388),#13392);
#13388 = LINE('',#13389,#13390);
#13389 = CARTESIAN_POINT('',(0.,0.));
#13390 = VECTOR('',#13391,1.);
#13391 = DIRECTION('',(1.,0.));
#13392 = ( GEOMETRIC_REPRESENTATION_CONTEXT(2) 
PARAMETRIC_REPRESENTATION_CONTEXT() REPRESENTATION_CONTEXT('2D SPACE',''
  ) );
#13393 = PCURVE('',#13046,#13394);
#13394 = DEFINITIONAL_REPRESENTATION('',(#13395),#13399);
#13395 = B_SPLINE_CURVE_WITH_KNOTS('',2,(#13396,#13397,#13398),
  .UNSPECIFIED.,.F.,.F.,(3,3),(0.,1.),.PIECEWISE_BEZIER_KNOTS.);
#13396 = CARTESIAN_POINT('',(9.375E-02,0.8326171875));
#13397 = CARTESIAN_POINT('',(0.165234375,0.861328125));
#13398 = CARTESIAN_POINT('',(0.22734375,0.8759765625));
#13399 = ( GEOMETRIC_REPRESENTATION_CONTEXT(2) 
PARAMETRIC_REPRESENTATION_CONTEXT() REPRESENTATION_CONTEXT('2D SPACE',''
  ) );
#13400 = ADVANCED_FACE('',(#13401),#5081,.F.);
#13401 = FACE_BOUND('',#13402,.F.);
#13402 = EDGE_LOOP('',(#13403,#13426,#13427,#13428));
#13403 = ORIENTED_EDGE('',*,*,#13404,.T.);
#13404 = EDGE_CURVE('',#13405,#5036,#13407,.T.);
#13405 = VERTEX_POINT('',#13406);
#13406 = CARTESIAN_POINT('',(7.2345703125,-4.30234375,2.7));
#13407 = SURFACE_CURVE('',#13408,(#13412,#13419),.PCURVE_S1.);
#13408 = LINE('',#13409,#13410);
#13409 = CARTESIAN_POINT('',(7.2345703125,-4.30234375,2.7));
#13410 = VECTOR('',#13411,1.);
#13411 = DIRECTION('',(0.,0.,1.));
#13412 = PCURVE('',#5081,#13413);
#13413 = DEFINITIONAL_REPRESENTATION('',(#13414),#13418);
#13414 = LINE('',#13415,#13416);
#13415 = CARTESIAN_POINT('',(0.,0.));
#13416 = VECTOR('',#13417,1.);
#13417 = DIRECTION('',(0.,-1.));
#13418 = ( GEOMETRIC_REPRESENTATION_CONTEXT(2) 
PARAMETRIC_REPRESENTATION_CONTEXT() REPRESENTATION_CONTEXT('2D SPACE',''
  ) );
#13419 = PCURVE('',#5051,#13420);
#13420 = DEFINITIONAL_REPRESENTATION('',(#13421),#13425);
#13421 = LINE('',#13422,#13423);
#13422 = CARTESIAN_POINT('',(1.,0.));
#13423 = VECTOR('',#13424,1.);
#13424 = DIRECTION('',(0.,-1.));
#13425 = ( GEOMETRIC_REPRESENTATION_CONTEXT(2) 
PARAMETRIC_REPRESENTATION_CONTEXT() REPRESENTATION_CONTEXT('2D SPACE',''
  ) );
#13426 = ORIENTED_EDGE('',*,*,#5065,.T.);
#13427 = ORIENTED_EDGE('',*,*,#13355,.F.);
#13428 = ORIENTED_EDGE('',*,*,#13429,.F.);
#13429 = EDGE_CURVE('',#13405,#13356,#13430,.T.);
#13430 = SURFACE_CURVE('',#13431,(#13435,#13442),.PCURVE_S1.);
#13431 = LINE('',#13432,#13433);
#13432 = CARTESIAN_POINT('',(7.2345703125,-4.30234375,2.7));
#13433 = VECTOR('',#13434,1.);
#13434 = DIRECTION('',(0.,1.,0.));
#13435 = PCURVE('',#5081,#13436);
#13436 = DEFINITIONAL_REPRESENTATION('',(#13437),#13441);
#13437 = LINE('',#13438,#13439);
#13438 = CARTESIAN_POINT('',(0.,0.));
#13439 = VECTOR('',#13440,1.);
#13440 = DIRECTION('',(1.,0.));
#13441 = ( GEOMETRIC_REPRESENTATION_CONTEXT(2) 
PARAMETRIC_REPRESENTATION_CONTEXT() REPRESENTATION_CONTEXT('2D SPACE',''
  ) );
#13442 = PCURVE('',#13046,#13443);
#13443 = DEFINITIONAL_REPRESENTATION('',(#13444),#13448);
#13444 = LINE('',#13445,#13446);
#13445 = CARTESIAN_POINT('',(9.375E-02,0.7130859375));
#13446 = VECTOR('',#13447,1.);
#13447 = DIRECTION('',(0.,1.));
#13448 = ( GEOMETRIC_REPRESENTATION_CONTEXT(2) 
PARAMETRIC_REPRESENTATION_CONTEXT() REPRESENTATION_CONTEXT('2D SPACE',''
  ) );
#13449 = ADVANCED_FACE('',(#13450),#5051,.F.);
#13450 = FACE_BOUND('',#13451,.F.);
#13451 = EDGE_LOOP('',(#13452,#13475,#13476,#13477));
#13452 = ORIENTED_EDGE('',*,*,#13453,.T.);
#13453 = EDGE_CURVE('',#13454,#5006,#13456,.T.);
#13454 = VERTEX_POINT('',#13455);
#13455 = CARTESIAN_POINT('',(7.36669921875,-4.24375,2.7));
#13456 = SURFACE_CURVE('',#13457,(#13461,#13468),.PCURVE_S1.);
#13457 = LINE('',#13458,#13459);
#13458 = CARTESIAN_POINT('',(7.36669921875,-4.24375,2.7));
#13459 = VECTOR('',#13460,1.);
#13460 = DIRECTION('',(0.,0.,1.));
#13461 = PCURVE('',#5051,#13462);
#13462 = DEFINITIONAL_REPRESENTATION('',(#13463),#13467);
#13463 = LINE('',#13464,#13465);
#13464 = CARTESIAN_POINT('',(0.,0.));
#13465 = VECTOR('',#13466,1.);
#13466 = DIRECTION('',(0.,-1.));
#13467 = ( GEOMETRIC_REPRESENTATION_CONTEXT(2) 
PARAMETRIC_REPRESENTATION_CONTEXT() REPRESENTATION_CONTEXT('2D SPACE',''
  ) );
#13468 = PCURVE('',#5021,#13469);
#13469 = DEFINITIONAL_REPRESENTATION('',(#13470),#13474);
#13470 = LINE('',#13471,#13472);
#13471 = CARTESIAN_POINT('',(1.,0.));
#13472 = VECTOR('',#13473,1.);
#13473 = DIRECTION('',(0.,-1.));
#13474 = ( GEOMETRIC_REPRESENTATION_CONTEXT(2) 
PARAMETRIC_REPRESENTATION_CONTEXT() REPRESENTATION_CONTEXT('2D SPACE',''
  ) );
#13475 = ORIENTED_EDGE('',*,*,#5035,.T.);
#13476 = ORIENTED_EDGE('',*,*,#13404,.F.);
#13477 = ORIENTED_EDGE('',*,*,#13478,.F.);
#13478 = EDGE_CURVE('',#13454,#13405,#13479,.T.);
#13479 = SURFACE_CURVE('',#13480,(#13484,#13491),.PCURVE_S1.);
#13480 = B_SPLINE_CURVE_WITH_KNOTS('',2,(#13481,#13482,#13483),
  .UNSPECIFIED.,.F.,.F.,(3,3),(0.,1.),.PIECEWISE_BEZIER_KNOTS.);
#13481 = CARTESIAN_POINT('',(7.36669921875,-4.24375,2.7));
#13482 = CARTESIAN_POINT('',(7.3048828125,-4.2630859375,2.7));
#13483 = CARTESIAN_POINT('',(7.2345703125,-4.30234375,2.7));
#13484 = PCURVE('',#5051,#13485);
#13485 = DEFINITIONAL_REPRESENTATION('',(#13486),#13490);
#13486 = LINE('',#13487,#13488);
#13487 = CARTESIAN_POINT('',(0.,0.));
#13488 = VECTOR('',#13489,1.);
#13489 = DIRECTION('',(1.,0.));
#13490 = ( GEOMETRIC_REPRESENTATION_CONTEXT(2) 
PARAMETRIC_REPRESENTATION_CONTEXT() REPRESENTATION_CONTEXT('2D SPACE',''
  ) );
#13491 = PCURVE('',#13046,#13492);
#13492 = DEFINITIONAL_REPRESENTATION('',(#13493),#13497);
#13493 = B_SPLINE_CURVE_WITH_KNOTS('',2,(#13494,#13495,#13496),
  .UNSPECIFIED.,.F.,.F.,(3,3),(0.,1.),.PIECEWISE_BEZIER_KNOTS.);
#13494 = CARTESIAN_POINT('',(0.22587890625,0.7716796875));
#13495 = CARTESIAN_POINT('',(0.1640625,0.75234375));
#13496 = CARTESIAN_POINT('',(9.375E-02,0.7130859375));
#13497 = ( GEOMETRIC_REPRESENTATION_CONTEXT(2) 
PARAMETRIC_REPRESENTATION_CONTEXT() REPRESENTATION_CONTEXT('2D SPACE',''
  ) );
#13498 = ADVANCED_FACE('',(#13499),#5021,.F.);
#13499 = FACE_BOUND('',#13500,.F.);
#13500 = EDGE_LOOP('',(#13501,#13524,#13525,#13526));
#13501 = ORIENTED_EDGE('',*,*,#13502,.T.);
#13502 = EDGE_CURVE('',#13503,#4976,#13505,.T.);
#13503 = VERTEX_POINT('',#13504);
#13504 = CARTESIAN_POINT('',(7.4841796875,-4.2244140625,2.7));
#13505 = SURFACE_CURVE('',#13506,(#13510,#13517),.PCURVE_S1.);
#13506 = LINE('',#13507,#13508);
#13507 = CARTESIAN_POINT('',(7.4841796875,-4.2244140625,2.7));
#13508 = VECTOR('',#13509,1.);
#13509 = DIRECTION('',(0.,0.,1.));
#13510 = PCURVE('',#5021,#13511);
#13511 = DEFINITIONAL_REPRESENTATION('',(#13512),#13516);
#13512 = LINE('',#13513,#13514);
#13513 = CARTESIAN_POINT('',(0.,0.));
#13514 = VECTOR('',#13515,1.);
#13515 = DIRECTION('',(0.,-1.));
#13516 = ( GEOMETRIC_REPRESENTATION_CONTEXT(2) 
PARAMETRIC_REPRESENTATION_CONTEXT() REPRESENTATION_CONTEXT('2D SPACE',''
  ) );
#13517 = PCURVE('',#4991,#13518);
#13518 = DEFINITIONAL_REPRESENTATION('',(#13519),#13523);
#13519 = LINE('',#13520,#13521);
#13520 = CARTESIAN_POINT('',(1.,0.));
#13521 = VECTOR('',#13522,1.);
#13522 = DIRECTION('',(0.,-1.));
#13523 = ( GEOMETRIC_REPRESENTATION_CONTEXT(2) 
PARAMETRIC_REPRESENTATION_CONTEXT() REPRESENTATION_CONTEXT('2D SPACE',''
  ) );
#13524 = ORIENTED_EDGE('',*,*,#5005,.T.);
#13525 = ORIENTED_EDGE('',*,*,#13453,.F.);
#13526 = ORIENTED_EDGE('',*,*,#13527,.F.);
#13527 = EDGE_CURVE('',#13503,#13454,#13528,.T.);
#13528 = SURFACE_CURVE('',#13529,(#13533,#13540),.PCURVE_S1.);
#13529 = B_SPLINE_CURVE_WITH_KNOTS('',2,(#13530,#13531,#13532),
  .UNSPECIFIED.,.F.,.F.,(3,3),(0.,1.),.PIECEWISE_BEZIER_KNOTS.);
#13530 = CARTESIAN_POINT('',(7.4841796875,-4.2244140625,2.7));
#13531 = CARTESIAN_POINT('',(7.428515625,-4.2244140625,2.7));
#13532 = CARTESIAN_POINT('',(7.36669921875,-4.24375,2.7));
#13533 = PCURVE('',#5021,#13534);
#13534 = DEFINITIONAL_REPRESENTATION('',(#13535),#13539);
#13535 = LINE('',#13536,#13537);
#13536 = CARTESIAN_POINT('',(0.,0.));
#13537 = VECTOR('',#13538,1.);
#13538 = DIRECTION('',(1.,0.));
#13539 = ( GEOMETRIC_REPRESENTATION_CONTEXT(2) 
PARAMETRIC_REPRESENTATION_CONTEXT() REPRESENTATION_CONTEXT('2D SPACE',''
  ) );
#13540 = PCURVE('',#13046,#13541);
#13541 = DEFINITIONAL_REPRESENTATION('',(#13542),#13546);
#13542 = B_SPLINE_CURVE_WITH_KNOTS('',2,(#13543,#13544,#13545),
  .UNSPECIFIED.,.F.,.F.,(3,3),(0.,1.),.PIECEWISE_BEZIER_KNOTS.);
#13543 = CARTESIAN_POINT('',(0.343359375,0.791015625));
#13544 = CARTESIAN_POINT('',(0.2876953125,0.791015625));
#13545 = CARTESIAN_POINT('',(0.22587890625,0.7716796875));
#13546 = ( GEOMETRIC_REPRESENTATION_CONTEXT(2) 
PARAMETRIC_REPRESENTATION_CONTEXT() REPRESENTATION_CONTEXT('2D SPACE',''
  ) );
#13547 = ADVANCED_FACE('',(#13548),#4991,.F.);
#13548 = FACE_BOUND('',#13549,.F.);
#13549 = EDGE_LOOP('',(#13550,#13573,#13574,#13575));
#13550 = ORIENTED_EDGE('',*,*,#13551,.T.);
#13551 = EDGE_CURVE('',#13552,#4946,#13554,.T.);
#13552 = VERTEX_POINT('',#13553);
#13553 = CARTESIAN_POINT('',(7.61162109375,-4.268359375,2.7));
#13554 = SURFACE_CURVE('',#13555,(#13559,#13566),.PCURVE_S1.);
#13555 = LINE('',#13556,#13557);
#13556 = CARTESIAN_POINT('',(7.61162109375,-4.268359375,2.7));
#13557 = VECTOR('',#13558,1.);
#13558 = DIRECTION('',(0.,0.,1.));
#13559 = PCURVE('',#4991,#13560);
#13560 = DEFINITIONAL_REPRESENTATION('',(#13561),#13565);
#13561 = LINE('',#13562,#13563);
#13562 = CARTESIAN_POINT('',(0.,0.));
#13563 = VECTOR('',#13564,1.);
#13564 = DIRECTION('',(0.,-1.));
#13565 = ( GEOMETRIC_REPRESENTATION_CONTEXT(2) 
PARAMETRIC_REPRESENTATION_CONTEXT() REPRESENTATION_CONTEXT('2D SPACE',''
  ) );
#13566 = PCURVE('',#4961,#13567);
#13567 = DEFINITIONAL_REPRESENTATION('',(#13568),#13572);
#13568 = LINE('',#13569,#13570);
#13569 = CARTESIAN_POINT('',(1.,0.));
#13570 = VECTOR('',#13571,1.);
#13571 = DIRECTION('',(0.,-1.));
#13572 = ( GEOMETRIC_REPRESENTATION_CONTEXT(2) 
PARAMETRIC_REPRESENTATION_CONTEXT() REPRESENTATION_CONTEXT('2D SPACE',''
  ) );
#13573 = ORIENTED_EDGE('',*,*,#4975,.T.);
#13574 = ORIENTED_EDGE('',*,*,#13502,.F.);
#13575 = ORIENTED_EDGE('',*,*,#13576,.F.);
#13576 = EDGE_CURVE('',#13552,#13503,#13577,.T.);
#13577 = SURFACE_CURVE('',#13578,(#13582,#13589),.PCURVE_S1.);
#13578 = B_SPLINE_CURVE_WITH_KNOTS('',2,(#13579,#13580,#13581),
  .UNSPECIFIED.,.F.,.F.,(3,3),(0.,1.),.PIECEWISE_BEZIER_KNOTS.);
#13579 = CARTESIAN_POINT('',(7.61162109375,-4.268359375,2.7));
#13580 = CARTESIAN_POINT('',(7.5626953125,-4.2244140625,2.7));
#13581 = CARTESIAN_POINT('',(7.4841796875,-4.2244140625,2.7));
#13582 = PCURVE('',#4991,#13583);
#13583 = DEFINITIONAL_REPRESENTATION('',(#13584),#13588);
#13584 = LINE('',#13585,#13586);
#13585 = CARTESIAN_POINT('',(0.,0.));
#13586 = VECTOR('',#13587,1.);
#13587 = DIRECTION('',(1.,0.));
#13588 = ( GEOMETRIC_REPRESENTATION_CONTEXT(2) 
PARAMETRIC_REPRESENTATION_CONTEXT() REPRESENTATION_CONTEXT('2D SPACE',''
  ) );
#13589 = PCURVE('',#13046,#13590);
#13590 = DEFINITIONAL_REPRESENTATION('',(#13591),#13595);
#13591 = B_SPLINE_CURVE_WITH_KNOTS('',2,(#13592,#13593,#13594),
  .UNSPECIFIED.,.F.,.F.,(3,3),(0.,1.),.PIECEWISE_BEZIER_KNOTS.);
#13592 = CARTESIAN_POINT('',(0.47080078125,0.7470703125));
#13593 = CARTESIAN_POINT('',(0.421875,0.791015625));
#13594 = CARTESIAN_POINT('',(0.343359375,0.791015625));
#13595 = ( GEOMETRIC_REPRESENTATION_CONTEXT(2) 
PARAMETRIC_REPRESENTATION_CONTEXT() REPRESENTATION_CONTEXT('2D SPACE',''
  ) );
#13596 = ADVANCED_FACE('',(#13597),#4961,.F.);
#13597 = FACE_BOUND('',#13598,.F.);
#13598 = EDGE_LOOP('',(#13599,#13622,#13623,#13624));
#13599 = ORIENTED_EDGE('',*,*,#13600,.T.);
#13600 = EDGE_CURVE('',#13601,#4916,#13603,.T.);
#13601 = VERTEX_POINT('',#13602);
#13602 = CARTESIAN_POINT('',(7.660546875,-4.38203125,2.7));
#13603 = SURFACE_CURVE('',#13604,(#13608,#13615),.PCURVE_S1.);
#13604 = LINE('',#13605,#13606);
#13605 = CARTESIAN_POINT('',(7.660546875,-4.38203125,2.7));
#13606 = VECTOR('',#13607,1.);
#13607 = DIRECTION('',(0.,0.,1.));
#13608 = PCURVE('',#4961,#13609);
#13609 = DEFINITIONAL_REPRESENTATION('',(#13610),#13614);
#13610 = LINE('',#13611,#13612);
#13611 = CARTESIAN_POINT('',(0.,0.));
#13612 = VECTOR('',#13613,1.);
#13613 = DIRECTION('',(0.,-1.));
#13614 = ( GEOMETRIC_REPRESENTATION_CONTEXT(2) 
PARAMETRIC_REPRESENTATION_CONTEXT() REPRESENTATION_CONTEXT('2D SPACE',''
  ) );
#13615 = PCURVE('',#4931,#13616);
#13616 = DEFINITIONAL_REPRESENTATION('',(#13617),#13621);
#13617 = LINE('',#13618,#13619);
#13618 = CARTESIAN_POINT('',(1.,0.));
#13619 = VECTOR('',#13620,1.);
#13620 = DIRECTION('',(0.,-1.));
#13621 = ( GEOMETRIC_REPRESENTATION_CONTEXT(2) 
PARAMETRIC_REPRESENTATION_CONTEXT() REPRESENTATION_CONTEXT('2D SPACE',''
  ) );
#13622 = ORIENTED_EDGE('',*,*,#4945,.T.);
#13623 = ORIENTED_EDGE('',*,*,#13551,.F.);
#13624 = ORIENTED_EDGE('',*,*,#13625,.F.);
#13625 = EDGE_CURVE('',#13601,#13552,#13626,.T.);
#13626 = SURFACE_CURVE('',#13627,(#13631,#13638),.PCURVE_S1.);
#13627 = B_SPLINE_CURVE_WITH_KNOTS('',2,(#13628,#13629,#13630),
  .UNSPECIFIED.,.F.,.F.,(3,3),(0.,1.),.PIECEWISE_BEZIER_KNOTS.);
#13628 = CARTESIAN_POINT('',(7.660546875,-4.38203125,2.7));
#13629 = CARTESIAN_POINT('',(7.660546875,-4.3123046875,2.7));
#13630 = CARTESIAN_POINT('',(7.61162109375,-4.268359375,2.7));
#13631 = PCURVE('',#4961,#13632);
#13632 = DEFINITIONAL_REPRESENTATION('',(#13633),#13637);
#13633 = LINE('',#13634,#13635);
#13634 = CARTESIAN_POINT('',(0.,0.));
#13635 = VECTOR('',#13636,1.);
#13636 = DIRECTION('',(1.,0.));
#13637 = ( GEOMETRIC_REPRESENTATION_CONTEXT(2) 
PARAMETRIC_REPRESENTATION_CONTEXT() REPRESENTATION_CONTEXT('2D SPACE',''
  ) );
#13638 = PCURVE('',#13046,#13639);
#13639 = DEFINITIONAL_REPRESENTATION('',(#13640),#13644);
#13640 = B_SPLINE_CURVE_WITH_KNOTS('',2,(#13641,#13642,#13643),
  .UNSPECIFIED.,.F.,.F.,(3,3),(0.,1.),.PIECEWISE_BEZIER_KNOTS.);
#13641 = CARTESIAN_POINT('',(0.5197265625,0.6333984375));
#13642 = CARTESIAN_POINT('',(0.5197265625,0.703125));
#13643 = CARTESIAN_POINT('',(0.47080078125,0.7470703125));
#13644 = ( GEOMETRIC_REPRESENTATION_CONTEXT(2) 
PARAMETRIC_REPRESENTATION_CONTEXT() REPRESENTATION_CONTEXT('2D SPACE',''
  ) );
#13645 = ADVANCED_FACE('',(#13646),#4931,.F.);
#13646 = FACE_BOUND('',#13647,.F.);
#13647 = EDGE_LOOP('',(#13648,#13671,#13672,#13673));
#13648 = ORIENTED_EDGE('',*,*,#13649,.T.);
#13649 = EDGE_CURVE('',#13650,#4886,#13652,.T.);
#13650 = VERTEX_POINT('',#13651);
#13651 = CARTESIAN_POINT('',(7.63798828125,-4.46904296875,2.7));
#13652 = SURFACE_CURVE('',#13653,(#13657,#13664),.PCURVE_S1.);
#13653 = LINE('',#13654,#13655);
#13654 = CARTESIAN_POINT('',(7.63798828125,-4.46904296875,2.7));
#13655 = VECTOR('',#13656,1.);
#13656 = DIRECTION('',(0.,0.,1.));
#13657 = PCURVE('',#4931,#13658);
#13658 = DEFINITIONAL_REPRESENTATION('',(#13659),#13663);
#13659 = LINE('',#13660,#13661);
#13660 = CARTESIAN_POINT('',(0.,0.));
#13661 = VECTOR('',#13662,1.);
#13662 = DIRECTION('',(0.,-1.));
#13663 = ( GEOMETRIC_REPRESENTATION_CONTEXT(2) 
PARAMETRIC_REPRESENTATION_CONTEXT() REPRESENTATION_CONTEXT('2D SPACE',''
  ) );
#13664 = PCURVE('',#4901,#13665);
#13665 = DEFINITIONAL_REPRESENTATION('',(#13666),#13670);
#13666 = LINE('',#13667,#13668);
#13667 = CARTESIAN_POINT('',(1.,0.));
#13668 = VECTOR('',#13669,1.);
#13669 = DIRECTION('',(0.,-1.));
#13670 = ( GEOMETRIC_REPRESENTATION_CONTEXT(2) 
PARAMETRIC_REPRESENTATION_CONTEXT() REPRESENTATION_CONTEXT('2D SPACE',''
  ) );
#13671 = ORIENTED_EDGE('',*,*,#4915,.T.);
#13672 = ORIENTED_EDGE('',*,*,#13600,.F.);
#13673 = ORIENTED_EDGE('',*,*,#13674,.F.);
#13674 = EDGE_CURVE('',#13650,#13601,#13675,.T.);
#13675 = SURFACE_CURVE('',#13676,(#13680,#13687),.PCURVE_S1.);
#13676 = B_SPLINE_CURVE_WITH_KNOTS('',2,(#13677,#13678,#13679),
  .UNSPECIFIED.,.F.,.F.,(3,3),(0.,1.),.PIECEWISE_BEZIER_KNOTS.);
#13677 = CARTESIAN_POINT('',(7.63798828125,-4.46904296875,2.7));
#13678 = CARTESIAN_POINT('',(7.660546875,-4.4248046875,2.7));
#13679 = CARTESIAN_POINT('',(7.660546875,-4.38203125,2.7));
#13680 = PCURVE('',#4931,#13681);
#13681 = DEFINITIONAL_REPRESENTATION('',(#13682),#13686);
#13682 = LINE('',#13683,#13684);
#13683 = CARTESIAN_POINT('',(0.,0.));
#13684 = VECTOR('',#13685,1.);
#13685 = DIRECTION('',(1.,0.));
#13686 = ( GEOMETRIC_REPRESENTATION_CONTEXT(2) 
PARAMETRIC_REPRESENTATION_CONTEXT() REPRESENTATION_CONTEXT('2D SPACE',''
  ) );
#13687 = PCURVE('',#13046,#13688);
#13688 = DEFINITIONAL_REPRESENTATION('',(#13689),#13693);
#13689 = B_SPLINE_CURVE_WITH_KNOTS('',2,(#13690,#13691,#13692),
  .UNSPECIFIED.,.F.,.F.,(3,3),(0.,1.),.PIECEWISE_BEZIER_KNOTS.);
#13690 = CARTESIAN_POINT('',(0.49716796875,0.54638671875));
#13691 = CARTESIAN_POINT('',(0.5197265625,0.590625));
#13692 = CARTESIAN_POINT('',(0.5197265625,0.6333984375));
#13693 = ( GEOMETRIC_REPRESENTATION_CONTEXT(2) 
PARAMETRIC_REPRESENTATION_CONTEXT() REPRESENTATION_CONTEXT('2D SPACE',''
  ) );
#13694 = ADVANCED_FACE('',(#13695),#4901,.F.);
#13695 = FACE_BOUND('',#13696,.F.);
#13696 = EDGE_LOOP('',(#13697,#13720,#13721,#13722));
#13697 = ORIENTED_EDGE('',*,*,#13698,.T.);
#13698 = EDGE_CURVE('',#13699,#4856,#13701,.T.);
#13699 = VERTEX_POINT('',#13700);
#13700 = CARTESIAN_POINT('',(7.55859375,-4.5771484375,2.7));
#13701 = SURFACE_CURVE('',#13702,(#13706,#13713),.PCURVE_S1.);
#13702 = LINE('',#13703,#13704);
#13703 = CARTESIAN_POINT('',(7.55859375,-4.5771484375,2.7));
#13704 = VECTOR('',#13705,1.);
#13705 = DIRECTION('',(0.,0.,1.));
#13706 = PCURVE('',#4901,#13707);
#13707 = DEFINITIONAL_REPRESENTATION('',(#13708),#13712);
#13708 = LINE('',#13709,#13710);
#13709 = CARTESIAN_POINT('',(0.,0.));
#13710 = VECTOR('',#13711,1.);
#13711 = DIRECTION('',(0.,-1.));
#13712 = ( GEOMETRIC_REPRESENTATION_CONTEXT(2) 
PARAMETRIC_REPRESENTATION_CONTEXT() REPRESENTATION_CONTEXT('2D SPACE',''
  ) );
#13713 = PCURVE('',#4871,#13714);
#13714 = DEFINITIONAL_REPRESENTATION('',(#13715),#13719);
#13715 = LINE('',#13716,#13717);
#13716 = CARTESIAN_POINT('',(1.,0.));
#13717 = VECTOR('',#13718,1.);
#13718 = DIRECTION('',(0.,-1.));
#13719 = ( GEOMETRIC_REPRESENTATION_CONTEXT(2) 
PARAMETRIC_REPRESENTATION_CONTEXT() REPRESENTATION_CONTEXT('2D SPACE',''
  ) );
#13720 = ORIENTED_EDGE('',*,*,#4885,.T.);
#13721 = ORIENTED_EDGE('',*,*,#13649,.F.);
#13722 = ORIENTED_EDGE('',*,*,#13723,.F.);
#13723 = EDGE_CURVE('',#13699,#13650,#13724,.T.);
#13724 = SURFACE_CURVE('',#13725,(#13729,#13736),.PCURVE_S1.);
#13725 = B_SPLINE_CURVE_WITH_KNOTS('',2,(#13726,#13727,#13728),
  .UNSPECIFIED.,.F.,.F.,(3,3),(0.,1.),.PIECEWISE_BEZIER_KNOTS.);
#13726 = CARTESIAN_POINT('',(7.55859375,-4.5771484375,2.7));
#13727 = CARTESIAN_POINT('',(7.6154296875,-4.51328125,2.7));
#13728 = CARTESIAN_POINT('',(7.63798828125,-4.46904296875,2.7));
#13729 = PCURVE('',#4901,#13730);
#13730 = DEFINITIONAL_REPRESENTATION('',(#13731),#13735);
#13731 = LINE('',#13732,#13733);
#13732 = CARTESIAN_POINT('',(0.,0.));
#13733 = VECTOR('',#13734,1.);
#13734 = DIRECTION('',(1.,0.));
#13735 = ( GEOMETRIC_REPRESENTATION_CONTEXT(2) 
PARAMETRIC_REPRESENTATION_CONTEXT() REPRESENTATION_CONTEXT('2D SPACE',''
  ) );
#13736 = PCURVE('',#13046,#13737);
#13737 = DEFINITIONAL_REPRESENTATION('',(#13738),#13742);
#13738 = B_SPLINE_CURVE_WITH_KNOTS('',2,(#13739,#13740,#13741),
  .UNSPECIFIED.,.F.,.F.,(3,3),(0.,1.),.PIECEWISE_BEZIER_KNOTS.);
#13739 = CARTESIAN_POINT('',(0.4177734375,0.43828125));
#13740 = CARTESIAN_POINT('',(0.474609375,0.5021484375));
#13741 = CARTESIAN_POINT('',(0.49716796875,0.54638671875));
#13742 = ( GEOMETRIC_REPRESENTATION_CONTEXT(2) 
PARAMETRIC_REPRESENTATION_CONTEXT() REPRESENTATION_CONTEXT('2D SPACE',''
  ) );
#13743 = ADVANCED_FACE('',(#13744),#4871,.F.);
#13744 = FACE_BOUND('',#13745,.F.);
#13745 = EDGE_LOOP('',(#13746,#13769,#13770,#13771));
#13746 = ORIENTED_EDGE('',*,*,#13747,.T.);
#13747 = EDGE_CURVE('',#13748,#4826,#13750,.T.);
#13748 = VERTEX_POINT('',#13749);
#13749 = CARTESIAN_POINT('',(7.41240234375,-4.72861328125,2.7));
#13750 = SURFACE_CURVE('',#13751,(#13755,#13762),.PCURVE_S1.);
#13751 = LINE('',#13752,#13753);
#13752 = CARTESIAN_POINT('',(7.41240234375,-4.72861328125,2.7));
#13753 = VECTOR('',#13754,1.);
#13754 = DIRECTION('',(0.,0.,1.));
#13755 = PCURVE('',#4871,#13756);
#13756 = DEFINITIONAL_REPRESENTATION('',(#13757),#13761);
#13757 = LINE('',#13758,#13759);
#13758 = CARTESIAN_POINT('',(0.,0.));
#13759 = VECTOR('',#13760,1.);
#13760 = DIRECTION('',(0.,-1.));
#13761 = ( GEOMETRIC_REPRESENTATION_CONTEXT(2) 
PARAMETRIC_REPRESENTATION_CONTEXT() REPRESENTATION_CONTEXT('2D SPACE',''
  ) );
#13762 = PCURVE('',#4841,#13763);
#13763 = DEFINITIONAL_REPRESENTATION('',(#13764),#13768);
#13764 = LINE('',#13765,#13766);
#13765 = CARTESIAN_POINT('',(1.,0.));
#13766 = VECTOR('',#13767,1.);
#13767 = DIRECTION('',(0.,-1.));
#13768 = ( GEOMETRIC_REPRESENTATION_CONTEXT(2) 
PARAMETRIC_REPRESENTATION_CONTEXT() REPRESENTATION_CONTEXT('2D SPACE',''
  ) );
#13769 = ORIENTED_EDGE('',*,*,#4855,.T.);
#13770 = ORIENTED_EDGE('',*,*,#13698,.F.);
#13771 = ORIENTED_EDGE('',*,*,#13772,.F.);
#13772 = EDGE_CURVE('',#13748,#13699,#13773,.T.);
#13773 = SURFACE_CURVE('',#13774,(#13778,#13785),.PCURVE_S1.);
#13774 = B_SPLINE_CURVE_WITH_KNOTS('',2,(#13775,#13776,#13777),
  .UNSPECIFIED.,.F.,.F.,(3,3),(0.,1.),.PIECEWISE_BEZIER_KNOTS.);
#13775 = CARTESIAN_POINT('',(7.41240234375,-4.72861328125,2.7));
#13776 = CARTESIAN_POINT('',(7.5287109375,-4.6111328125,2.7));
#13777 = CARTESIAN_POINT('',(7.55859375,-4.5771484375,2.7));
#13778 = PCURVE('',#4871,#13779);
#13779 = DEFINITIONAL_REPRESENTATION('',(#13780),#13784);
#13780 = LINE('',#13781,#13782);
#13781 = CARTESIAN_POINT('',(0.,0.));
#13782 = VECTOR('',#13783,1.);
#13783 = DIRECTION('',(1.,0.));
#13784 = ( GEOMETRIC_REPRESENTATION_CONTEXT(2) 
PARAMETRIC_REPRESENTATION_CONTEXT() REPRESENTATION_CONTEXT('2D SPACE',''
  ) );
#13785 = PCURVE('',#13046,#13786);
#13786 = DEFINITIONAL_REPRESENTATION('',(#13787),#13791);
#13787 = B_SPLINE_CURVE_WITH_KNOTS('',2,(#13788,#13789,#13790),
  .UNSPECIFIED.,.F.,.F.,(3,3),(0.,1.),.PIECEWISE_BEZIER_KNOTS.);
#13788 = CARTESIAN_POINT('',(0.27158203125,0.28681640625));
#13789 = CARTESIAN_POINT('',(0.387890625,0.404296875));
#13790 = CARTESIAN_POINT('',(0.4177734375,0.43828125));
#13791 = ( GEOMETRIC_REPRESENTATION_CONTEXT(2) 
PARAMETRIC_REPRESENTATION_CONTEXT() REPRESENTATION_CONTEXT('2D SPACE',''
  ) );
#13792 = ADVANCED_FACE('',(#13793),#4841,.F.);
#13793 = FACE_BOUND('',#13794,.F.);
#13794 = EDGE_LOOP('',(#13795,#13818,#13819,#13820));
#13795 = ORIENTED_EDGE('',*,*,#13796,.T.);
#13796 = EDGE_CURVE('',#13797,#4798,#13799,.T.);
#13797 = VERTEX_POINT('',#13798);
#13798 = CARTESIAN_POINT('',(7.2287109375,-4.9158203125,2.7));
#13799 = SURFACE_CURVE('',#13800,(#13804,#13811),.PCURVE_S1.);
#13800 = LINE('',#13801,#13802);
#13801 = CARTESIAN_POINT('',(7.2287109375,-4.9158203125,2.7));
#13802 = VECTOR('',#13803,1.);
#13803 = DIRECTION('',(0.,0.,1.));
#13804 = PCURVE('',#4841,#13805);
#13805 = DEFINITIONAL_REPRESENTATION('',(#13806),#13810);
#13806 = LINE('',#13807,#13808);
#13807 = CARTESIAN_POINT('',(0.,0.));
#13808 = VECTOR('',#13809,1.);
#13809 = DIRECTION('',(0.,-1.));
#13810 = ( GEOMETRIC_REPRESENTATION_CONTEXT(2) 
PARAMETRIC_REPRESENTATION_CONTEXT() REPRESENTATION_CONTEXT('2D SPACE',''
  ) );
#13811 = PCURVE('',#4813,#13812);
#13812 = DEFINITIONAL_REPRESENTATION('',(#13813),#13817);
#13813 = LINE('',#13814,#13815);
#13814 = CARTESIAN_POINT('',(9.9609375E-02,0.));
#13815 = VECTOR('',#13816,1.);
#13816 = DIRECTION('',(0.,-1.));
#13817 = ( GEOMETRIC_REPRESENTATION_CONTEXT(2) 
PARAMETRIC_REPRESENTATION_CONTEXT() REPRESENTATION_CONTEXT('2D SPACE',''
  ) );
#13818 = ORIENTED_EDGE('',*,*,#4825,.T.);
#13819 = ORIENTED_EDGE('',*,*,#13747,.F.);
#13820 = ORIENTED_EDGE('',*,*,#13821,.F.);
#13821 = EDGE_CURVE('',#13797,#13748,#13822,.T.);
#13822 = SURFACE_CURVE('',#13823,(#13827,#13834),.PCURVE_S1.);
#13823 = B_SPLINE_CURVE_WITH_KNOTS('',2,(#13824,#13825,#13826),
  .UNSPECIFIED.,.F.,.F.,(3,3),(0.,1.),.PIECEWISE_BEZIER_KNOTS.);
#13824 = CARTESIAN_POINT('',(7.2287109375,-4.9158203125,2.7));
#13825 = CARTESIAN_POINT('',(7.29609375,-4.84609375,2.7));
#13826 = CARTESIAN_POINT('',(7.41240234375,-4.72861328125,2.7));
#13827 = PCURVE('',#4841,#13828);
#13828 = DEFINITIONAL_REPRESENTATION('',(#13829),#13833);
#13829 = LINE('',#13830,#13831);
#13830 = CARTESIAN_POINT('',(0.,0.));
#13831 = VECTOR('',#13832,1.);
#13832 = DIRECTION('',(1.,0.));
#13833 = ( GEOMETRIC_REPRESENTATION_CONTEXT(2) 
PARAMETRIC_REPRESENTATION_CONTEXT() REPRESENTATION_CONTEXT('2D SPACE',''
  ) );
#13834 = PCURVE('',#13046,#13835);
#13835 = DEFINITIONAL_REPRESENTATION('',(#13836),#13840);
#13836 = B_SPLINE_CURVE_WITH_KNOTS('',2,(#13837,#13838,#13839),
  .UNSPECIFIED.,.F.,.F.,(3,3),(0.,1.),.PIECEWISE_BEZIER_KNOTS.);
#13837 = CARTESIAN_POINT('',(8.7890625E-02,9.9609375E-02));
#13838 = CARTESIAN_POINT('',(0.1552734375,0.1693359375));
#13839 = CARTESIAN_POINT('',(0.27158203125,0.28681640625));
#13840 = ( GEOMETRIC_REPRESENTATION_CONTEXT(2) 
PARAMETRIC_REPRESENTATION_CONTEXT() REPRESENTATION_CONTEXT('2D SPACE',''
  ) );
#13841 = ADVANCED_FACE('',(#13842),#4813,.F.);
#13842 = FACE_BOUND('',#13843,.F.);
#13843 = EDGE_LOOP('',(#13844,#13867,#13868,#13869));
#13844 = ORIENTED_EDGE('',*,*,#13845,.T.);
#13845 = EDGE_CURVE('',#13846,#4770,#13848,.T.);
#13846 = VERTEX_POINT('',#13847);
#13847 = CARTESIAN_POINT('',(7.2287109375,-5.0154296875,2.7));
#13848 = SURFACE_CURVE('',#13849,(#13853,#13860),.PCURVE_S1.);
#13849 = LINE('',#13850,#13851);
#13850 = CARTESIAN_POINT('',(7.2287109375,-5.0154296875,2.7));
#13851 = VECTOR('',#13852,1.);
#13852 = DIRECTION('',(0.,0.,1.));
#13853 = PCURVE('',#4813,#13854);
#13854 = DEFINITIONAL_REPRESENTATION('',(#13855),#13859);
#13855 = LINE('',#13856,#13857);
#13856 = CARTESIAN_POINT('',(0.,0.));
#13857 = VECTOR('',#13858,1.);
#13858 = DIRECTION('',(0.,-1.));
#13859 = ( GEOMETRIC_REPRESENTATION_CONTEXT(2) 
PARAMETRIC_REPRESENTATION_CONTEXT() REPRESENTATION_CONTEXT('2D SPACE',''
  ) );
#13860 = PCURVE('',#4785,#13861);
#13861 = DEFINITIONAL_REPRESENTATION('',(#13862),#13866);
#13862 = LINE('',#13863,#13864);
#13863 = CARTESIAN_POINT('',(0.55546875,0.));
#13864 = VECTOR('',#13865,1.);
#13865 = DIRECTION('',(0.,-1.));
#13866 = ( GEOMETRIC_REPRESENTATION_CONTEXT(2) 
PARAMETRIC_REPRESENTATION_CONTEXT() REPRESENTATION_CONTEXT('2D SPACE',''
  ) );
#13867 = ORIENTED_EDGE('',*,*,#4797,.T.);
#13868 = ORIENTED_EDGE('',*,*,#13796,.F.);
#13869 = ORIENTED_EDGE('',*,*,#13870,.F.);
#13870 = EDGE_CURVE('',#13846,#13797,#13871,.T.);
#13871 = SURFACE_CURVE('',#13872,(#13876,#13883),.PCURVE_S1.);
#13872 = LINE('',#13873,#13874);
#13873 = CARTESIAN_POINT('',(7.2287109375,-5.0154296875,2.7));
#13874 = VECTOR('',#13875,1.);
#13875 = DIRECTION('',(0.,1.,0.));
#13876 = PCURVE('',#4813,#13877);
#13877 = DEFINITIONAL_REPRESENTATION('',(#13878),#13882);
#13878 = LINE('',#13879,#13880);
#13879 = CARTESIAN_POINT('',(0.,0.));
#13880 = VECTOR('',#13881,1.);
#13881 = DIRECTION('',(1.,0.));
#13882 = ( GEOMETRIC_REPRESENTATION_CONTEXT(2) 
PARAMETRIC_REPRESENTATION_CONTEXT() REPRESENTATION_CONTEXT('2D SPACE',''
  ) );
#13883 = PCURVE('',#13046,#13884);
#13884 = DEFINITIONAL_REPRESENTATION('',(#13885),#13889);
#13885 = LINE('',#13886,#13887);
#13886 = CARTESIAN_POINT('',(8.7890625E-02,0.));
#13887 = VECTOR('',#13888,1.);
#13888 = DIRECTION('',(0.,1.));
#13889 = ( GEOMETRIC_REPRESENTATION_CONTEXT(2) 
PARAMETRIC_REPRESENTATION_CONTEXT() REPRESENTATION_CONTEXT('2D SPACE',''
  ) );
#13890 = ADVANCED_FACE('',(#13891),#4785,.F.);
#13891 = FACE_BOUND('',#13892,.F.);
#13892 = EDGE_LOOP('',(#13893,#13916,#13917,#13918));
#13893 = ORIENTED_EDGE('',*,*,#13894,.T.);
#13894 = EDGE_CURVE('',#13895,#4742,#13897,.T.);
#13895 = VERTEX_POINT('',#13896);
#13896 = CARTESIAN_POINT('',(7.7841796875,-5.0154296875,2.7));
#13897 = SURFACE_CURVE('',#13898,(#13902,#13909),.PCURVE_S1.);
#13898 = LINE('',#13899,#13900);
#13899 = CARTESIAN_POINT('',(7.7841796875,-5.0154296875,2.7));
#13900 = VECTOR('',#13901,1.);
#13901 = DIRECTION('',(0.,0.,1.));
#13902 = PCURVE('',#4785,#13903);
#13903 = DEFINITIONAL_REPRESENTATION('',(#13904),#13908);
#13904 = LINE('',#13905,#13906);
#13905 = CARTESIAN_POINT('',(0.,-0.));
#13906 = VECTOR('',#13907,1.);
#13907 = DIRECTION('',(0.,-1.));
#13908 = ( GEOMETRIC_REPRESENTATION_CONTEXT(2) 
PARAMETRIC_REPRESENTATION_CONTEXT() REPRESENTATION_CONTEXT('2D SPACE',''
  ) );
#13909 = PCURVE('',#4757,#13910);
#13910 = DEFINITIONAL_REPRESENTATION('',(#13911),#13915);
#13911 = LINE('',#13912,#13913);
#13912 = CARTESIAN_POINT('',(9.9609375E-02,0.));
#13913 = VECTOR('',#13914,1.);
#13914 = DIRECTION('',(0.,-1.));
#13915 = ( GEOMETRIC_REPRESENTATION_CONTEXT(2) 
PARAMETRIC_REPRESENTATION_CONTEXT() REPRESENTATION_CONTEXT('2D SPACE',''
  ) );
#13916 = ORIENTED_EDGE('',*,*,#4769,.T.);
#13917 = ORIENTED_EDGE('',*,*,#13845,.F.);
#13918 = ORIENTED_EDGE('',*,*,#13919,.F.);
#13919 = EDGE_CURVE('',#13895,#13846,#13920,.T.);
#13920 = SURFACE_CURVE('',#13921,(#13925,#13932),.PCURVE_S1.);
#13921 = LINE('',#13922,#13923);
#13922 = CARTESIAN_POINT('',(7.7841796875,-5.0154296875,2.7));
#13923 = VECTOR('',#13924,1.);
#13924 = DIRECTION('',(-1.,0.,0.));
#13925 = PCURVE('',#4785,#13926);
#13926 = DEFINITIONAL_REPRESENTATION('',(#13927),#13931);
#13927 = LINE('',#13928,#13929);
#13928 = CARTESIAN_POINT('',(0.,-0.));
#13929 = VECTOR('',#13930,1.);
#13930 = DIRECTION('',(1.,0.));
#13931 = ( GEOMETRIC_REPRESENTATION_CONTEXT(2) 
PARAMETRIC_REPRESENTATION_CONTEXT() REPRESENTATION_CONTEXT('2D SPACE',''
  ) );
#13932 = PCURVE('',#13046,#13933);
#13933 = DEFINITIONAL_REPRESENTATION('',(#13934),#13938);
#13934 = LINE('',#13935,#13936);
#13935 = CARTESIAN_POINT('',(0.643359375,0.));
#13936 = VECTOR('',#13937,1.);
#13937 = DIRECTION('',(-1.,0.));
#13938 = ( GEOMETRIC_REPRESENTATION_CONTEXT(2) 
PARAMETRIC_REPRESENTATION_CONTEXT() REPRESENTATION_CONTEXT('2D SPACE',''
  ) );
#13939 = ADVANCED_FACE('',(#13940),#4757,.F.);
#13940 = FACE_BOUND('',#13941,.F.);
#13941 = EDGE_LOOP('',(#13942,#13965,#13966,#13967));
#13942 = ORIENTED_EDGE('',*,*,#13943,.T.);
#13943 = EDGE_CURVE('',#13944,#4714,#13946,.T.);
#13944 = VERTEX_POINT('',#13945);
#13945 = CARTESIAN_POINT('',(7.7841796875,-4.9158203125,2.7));
#13946 = SURFACE_CURVE('',#13947,(#13951,#13958),.PCURVE_S1.);
#13947 = LINE('',#13948,#13949);
#13948 = CARTESIAN_POINT('',(7.7841796875,-4.9158203125,2.7));
#13949 = VECTOR('',#13950,1.);
#13950 = DIRECTION('',(0.,0.,1.));
#13951 = PCURVE('',#4757,#13952);
#13952 = DEFINITIONAL_REPRESENTATION('',(#13953),#13957);
#13953 = LINE('',#13954,#13955);
#13954 = CARTESIAN_POINT('',(0.,0.));
#13955 = VECTOR('',#13956,1.);
#13956 = DIRECTION('',(0.,-1.));
#13957 = ( GEOMETRIC_REPRESENTATION_CONTEXT(2) 
PARAMETRIC_REPRESENTATION_CONTEXT() REPRESENTATION_CONTEXT('2D SPACE',''
  ) );
#13958 = PCURVE('',#4729,#13959);
#13959 = DEFINITIONAL_REPRESENTATION('',(#13960),#13964);
#13960 = LINE('',#13961,#13962);
#13961 = CARTESIAN_POINT('',(0.4130859375,0.));
#13962 = VECTOR('',#13963,1.);
#13963 = DIRECTION('',(0.,-1.));
#13964 = ( GEOMETRIC_REPRESENTATION_CONTEXT(2) 
PARAMETRIC_REPRESENTATION_CONTEXT() REPRESENTATION_CONTEXT('2D SPACE',''
  ) );
#13965 = ORIENTED_EDGE('',*,*,#4741,.T.);
#13966 = ORIENTED_EDGE('',*,*,#13894,.F.);
#13967 = ORIENTED_EDGE('',*,*,#13968,.F.);
#13968 = EDGE_CURVE('',#13944,#13895,#13969,.T.);
#13969 = SURFACE_CURVE('',#13970,(#13974,#13981),.PCURVE_S1.);
#13970 = LINE('',#13971,#13972);
#13971 = CARTESIAN_POINT('',(7.7841796875,-4.9158203125,2.7));
#13972 = VECTOR('',#13973,1.);
#13973 = DIRECTION('',(0.,-1.,0.));
#13974 = PCURVE('',#4757,#13975);
#13975 = DEFINITIONAL_REPRESENTATION('',(#13976),#13980);
#13976 = LINE('',#13977,#13978);
#13977 = CARTESIAN_POINT('',(0.,0.));
#13978 = VECTOR('',#13979,1.);
#13979 = DIRECTION('',(1.,0.));
#13980 = ( GEOMETRIC_REPRESENTATION_CONTEXT(2) 
PARAMETRIC_REPRESENTATION_CONTEXT() REPRESENTATION_CONTEXT('2D SPACE',''
  ) );
#13981 = PCURVE('',#13046,#13982);
#13982 = DEFINITIONAL_REPRESENTATION('',(#13983),#13987);
#13983 = LINE('',#13984,#13985);
#13984 = CARTESIAN_POINT('',(0.643359375,9.9609375E-02));
#13985 = VECTOR('',#13986,1.);
#13986 = DIRECTION('',(0.,-1.));
#13987 = ( GEOMETRIC_REPRESENTATION_CONTEXT(2) 
PARAMETRIC_REPRESENTATION_CONTEXT() REPRESENTATION_CONTEXT('2D SPACE',''
  ) );
#13988 = ADVANCED_FACE('',(#13989),#4729,.F.);
#13989 = FACE_BOUND('',#13990,.F.);
#13990 = EDGE_LOOP('',(#13991,#13992,#13993,#13994));
#13991 = ORIENTED_EDGE('',*,*,#13009,.T.);
#13992 = ORIENTED_EDGE('',*,*,#4713,.T.);
#13993 = ORIENTED_EDGE('',*,*,#13943,.F.);
#13994 = ORIENTED_EDGE('',*,*,#13995,.F.);
#13995 = EDGE_CURVE('',#13010,#13944,#13996,.T.);
#13996 = SURFACE_CURVE('',#13997,(#14001,#14008),.PCURVE_S1.);
#13997 = LINE('',#13998,#13999);
#13998 = CARTESIAN_POINT('',(7.37109375,-4.9158203125,2.7));
#13999 = VECTOR('',#14000,1.);
#14000 = DIRECTION('',(1.,0.,0.));
#14001 = PCURVE('',#4729,#14002);
#14002 = DEFINITIONAL_REPRESENTATION('',(#14003),#14007);
#14003 = LINE('',#14004,#14005);
#14004 = CARTESIAN_POINT('',(0.,0.));
#14005 = VECTOR('',#14006,1.);
#14006 = DIRECTION('',(1.,0.));
#14007 = ( GEOMETRIC_REPRESENTATION_CONTEXT(2) 
PARAMETRIC_REPRESENTATION_CONTEXT() REPRESENTATION_CONTEXT('2D SPACE',''
  ) );
#14008 = PCURVE('',#13046,#14009);
#14009 = DEFINITIONAL_REPRESENTATION('',(#14010),#14014);
#14010 = LINE('',#14011,#14012);
#14011 = CARTESIAN_POINT('',(0.2302734375,9.9609375E-02));
#14012 = VECTOR('',#14013,1.);
#14013 = DIRECTION('',(1.,0.));
#14014 = ( GEOMETRIC_REPRESENTATION_CONTEXT(2) 
PARAMETRIC_REPRESENTATION_CONTEXT() REPRESENTATION_CONTEXT('2D SPACE',''
  ) );
#14015 = ADVANCED_FACE('',(#14016),#5321,.F.);
#14016 = FACE_BOUND('',#14017,.F.);
#14017 = EDGE_LOOP('',(#14018,#14041,#14042,#14065));
#14018 = ORIENTED_EDGE('',*,*,#14019,.T.);
#14019 = EDGE_CURVE('',#14020,#5304,#14022,.T.);
#14020 = VERTEX_POINT('',#14021);
#14021 = CARTESIAN_POINT('',(8.06103515625,-4.24111328125,2.7));
#14022 = SURFACE_CURVE('',#14023,(#14027,#14034),.PCURVE_S1.);
#14023 = LINE('',#14024,#14025);
#14024 = CARTESIAN_POINT('',(8.06103515625,-4.24111328125,2.7));
#14025 = VECTOR('',#14026,1.);
#14026 = DIRECTION('',(0.,0.,1.));
#14027 = PCURVE('',#5321,#14028);
#14028 = DEFINITIONAL_REPRESENTATION('',(#14029),#14033);
#14029 = LINE('',#14030,#14031);
#14030 = CARTESIAN_POINT('',(0.,0.));
#14031 = VECTOR('',#14032,1.);
#14032 = DIRECTION('',(0.,-1.));
#14033 = ( GEOMETRIC_REPRESENTATION_CONTEXT(2) 
PARAMETRIC_REPRESENTATION_CONTEXT() REPRESENTATION_CONTEXT('2D SPACE',''
  ) );
#14034 = PCURVE('',#5529,#14035);
#14035 = DEFINITIONAL_REPRESENTATION('',(#14036),#14040);
#14036 = LINE('',#14037,#14038);
#14037 = CARTESIAN_POINT('',(1.,0.));
#14038 = VECTOR('',#14039,1.);
#14039 = DIRECTION('',(0.,-1.));
#14040 = ( GEOMETRIC_REPRESENTATION_CONTEXT(2) 
PARAMETRIC_REPRESENTATION_CONTEXT() REPRESENTATION_CONTEXT('2D SPACE',''
  ) );
#14041 = ORIENTED_EDGE('',*,*,#5303,.T.);
#14042 = ORIENTED_EDGE('',*,*,#14043,.F.);
#14043 = EDGE_CURVE('',#14044,#5306,#14046,.T.);
#14044 = VERTEX_POINT('',#14045);
#14045 = CARTESIAN_POINT('',(8.2857421875,-4.1248046875,2.7));
#14046 = SURFACE_CURVE('',#14047,(#14051,#14058),.PCURVE_S1.);
#14047 = LINE('',#14048,#14049);
#14048 = CARTESIAN_POINT('',(8.2857421875,-4.1248046875,2.7));
#14049 = VECTOR('',#14050,1.);
#14050 = DIRECTION('',(0.,0.,1.));
#14051 = PCURVE('',#5321,#14052);
#14052 = DEFINITIONAL_REPRESENTATION('',(#14053),#14057);
#14053 = LINE('',#14054,#14055);
#14054 = CARTESIAN_POINT('',(1.,0.));
#14055 = VECTOR('',#14056,1.);
#14056 = DIRECTION('',(0.,-1.));
#14057 = ( GEOMETRIC_REPRESENTATION_CONTEXT(2) 
PARAMETRIC_REPRESENTATION_CONTEXT() REPRESENTATION_CONTEXT('2D SPACE',''
  ) );
#14058 = PCURVE('',#5351,#14059);
#14059 = DEFINITIONAL_REPRESENTATION('',(#14060),#14064);
#14060 = LINE('',#14061,#14062);
#14061 = CARTESIAN_POINT('',(0.,0.));
#14062 = VECTOR('',#14063,1.);
#14063 = DIRECTION('',(0.,-1.));
#14064 = ( GEOMETRIC_REPRESENTATION_CONTEXT(2) 
PARAMETRIC_REPRESENTATION_CONTEXT() REPRESENTATION_CONTEXT('2D SPACE',''
  ) );
#14065 = ORIENTED_EDGE('',*,*,#14066,.F.);
#14066 = EDGE_CURVE('',#14020,#14044,#14067,.T.);
#14067 = SURFACE_CURVE('',#14068,(#14072,#14079),.PCURVE_S1.);
#14068 = B_SPLINE_CURVE_WITH_KNOTS('',2,(#14069,#14070,#14071),
  .UNSPECIFIED.,.F.,.F.,(3,3),(0.,1.),.PIECEWISE_BEZIER_KNOTS.);
#14069 = CARTESIAN_POINT('',(8.06103515625,-4.24111328125,2.7));
#14070 = CARTESIAN_POINT('',(8.138671875,-4.1248046875,2.7));
#14071 = CARTESIAN_POINT('',(8.2857421875,-4.1248046875,2.7));
#14072 = PCURVE('',#5321,#14073);
#14073 = DEFINITIONAL_REPRESENTATION('',(#14074),#14078);
#14074 = LINE('',#14075,#14076);
#14075 = CARTESIAN_POINT('',(0.,0.));
#14076 = VECTOR('',#14077,1.);
#14077 = DIRECTION('',(1.,0.));
#14078 = ( GEOMETRIC_REPRESENTATION_CONTEXT(2) 
PARAMETRIC_REPRESENTATION_CONTEXT() REPRESENTATION_CONTEXT('2D SPACE',''
  ) );
#14079 = PCURVE('',#14080,#14085);
#14080 = PLANE('',#14081);
#14081 = AXIS2_PLACEMENT_3D('',#14082,#14083,#14084);
#14082 = CARTESIAN_POINT('',(7.904296875,-5.0154296875,2.7));
#14083 = DIRECTION('',(0.,0.,1.));
#14084 = DIRECTION('',(1.,0.,0.));
#14085 = DEFINITIONAL_REPRESENTATION('',(#14086),#14090);
#14086 = B_SPLINE_CURVE_WITH_KNOTS('',2,(#14087,#14088,#14089),
  .UNSPECIFIED.,.F.,.F.,(3,3),(0.,1.),.PIECEWISE_BEZIER_KNOTS.);
#14087 = CARTESIAN_POINT('',(0.15673828125,0.77431640625));
#14088 = CARTESIAN_POINT('',(0.234375,0.890625));
#14089 = CARTESIAN_POINT('',(0.3814453125,0.890625));
#14090 = ( GEOMETRIC_REPRESENTATION_CONTEXT(2) 
PARAMETRIC_REPRESENTATION_CONTEXT() REPRESENTATION_CONTEXT('2D SPACE',''
  ) );
#14091 = ADVANCED_FACE('',(#14092),#5529,.F.);
#14092 = FACE_BOUND('',#14093,.F.);
#14093 = EDGE_LOOP('',(#14094,#14117,#14118,#14119));
#14094 = ORIENTED_EDGE('',*,*,#14095,.T.);
#14095 = EDGE_CURVE('',#14096,#5486,#14098,.T.);
#14096 = VERTEX_POINT('',#14097);
#14097 = CARTESIAN_POINT('',(7.9833984375,-4.57890625,2.7));
#14098 = SURFACE_CURVE('',#14099,(#14103,#14110),.PCURVE_S1.);
#14099 = LINE('',#14100,#14101);
#14100 = CARTESIAN_POINT('',(7.9833984375,-4.57890625,2.7));
#14101 = VECTOR('',#14102,1.);
#14102 = DIRECTION('',(0.,0.,1.));
#14103 = PCURVE('',#5529,#14104);
#14104 = DEFINITIONAL_REPRESENTATION('',(#14105),#14109);
#14105 = LINE('',#14106,#14107);
#14106 = CARTESIAN_POINT('',(0.,0.));
#14107 = VECTOR('',#14108,1.);
#14108 = DIRECTION('',(0.,-1.));
#14109 = ( GEOMETRIC_REPRESENTATION_CONTEXT(2) 
PARAMETRIC_REPRESENTATION_CONTEXT() REPRESENTATION_CONTEXT('2D SPACE',''
  ) );
#14110 = PCURVE('',#5501,#14111);
#14111 = DEFINITIONAL_REPRESENTATION('',(#14112),#14116);
#14112 = LINE('',#14113,#14114);
#14113 = CARTESIAN_POINT('',(1.,0.));
#14114 = VECTOR('',#14115,1.);
#14115 = DIRECTION('',(0.,-1.));
#14116 = ( GEOMETRIC_REPRESENTATION_CONTEXT(2) 
PARAMETRIC_REPRESENTATION_CONTEXT() REPRESENTATION_CONTEXT('2D SPACE',''
  ) );
#14117 = ORIENTED_EDGE('',*,*,#5515,.T.);
#14118 = ORIENTED_EDGE('',*,*,#14019,.F.);
#14119 = ORIENTED_EDGE('',*,*,#14120,.F.);
#14120 = EDGE_CURVE('',#14096,#14020,#14121,.T.);
#14121 = SURFACE_CURVE('',#14122,(#14126,#14133),.PCURVE_S1.);
#14122 = B_SPLINE_CURVE_WITH_KNOTS('',2,(#14123,#14124,#14125),
  .UNSPECIFIED.,.F.,.F.,(3,3),(0.,1.),.PIECEWISE_BEZIER_KNOTS.);
#14123 = CARTESIAN_POINT('',(7.9833984375,-4.57890625,2.7));
#14124 = CARTESIAN_POINT('',(7.9833984375,-4.357421875,2.7));
#14125 = CARTESIAN_POINT('',(8.06103515625,-4.24111328125,2.7));
#14126 = PCURVE('',#5529,#14127);
#14127 = DEFINITIONAL_REPRESENTATION('',(#14128),#14132);
#14128 = LINE('',#14129,#14130);
#14129 = CARTESIAN_POINT('',(0.,0.));
#14130 = VECTOR('',#14131,1.);
#14131 = DIRECTION('',(1.,0.));
#14132 = ( GEOMETRIC_REPRESENTATION_CONTEXT(2) 
PARAMETRIC_REPRESENTATION_CONTEXT() REPRESENTATION_CONTEXT('2D SPACE',''
  ) );
#14133 = PCURVE('',#14080,#14134);
#14134 = DEFINITIONAL_REPRESENTATION('',(#14135),#14139);
#14135 = B_SPLINE_CURVE_WITH_KNOTS('',2,(#14136,#14137,#14138),
  .UNSPECIFIED.,.F.,.F.,(3,3),(0.,1.),.PIECEWISE_BEZIER_KNOTS.);
#14136 = CARTESIAN_POINT('',(7.91015625E-02,0.4365234375));
#14137 = CARTESIAN_POINT('',(7.91015625E-02,0.6580078125));
#14138 = CARTESIAN_POINT('',(0.15673828125,0.77431640625));
#14139 = ( GEOMETRIC_REPRESENTATION_CONTEXT(2) 
PARAMETRIC_REPRESENTATION_CONTEXT() REPRESENTATION_CONTEXT('2D SPACE',''
  ) );
#14140 = ADVANCED_FACE('',(#14141),#5501,.F.);
#14141 = FACE_BOUND('',#14142,.F.);
#14142 = EDGE_LOOP('',(#14143,#14166,#14167,#14168));
#14143 = ORIENTED_EDGE('',*,*,#14144,.T.);
#14144 = EDGE_CURVE('',#14145,#5456,#14147,.T.);
#14145 = VERTEX_POINT('',#14146);
#14146 = CARTESIAN_POINT('',(8.06103515625,-4.91611328125,2.7));
#14147 = SURFACE_CURVE('',#14148,(#14152,#14159),.PCURVE_S1.);
#14148 = LINE('',#14149,#14150);
#14149 = CARTESIAN_POINT('',(8.06103515625,-4.91611328125,2.7));
#14150 = VECTOR('',#14151,1.);
#14151 = DIRECTION('',(0.,0.,1.));
#14152 = PCURVE('',#5501,#14153);
#14153 = DEFINITIONAL_REPRESENTATION('',(#14154),#14158);
#14154 = LINE('',#14155,#14156);
#14155 = CARTESIAN_POINT('',(0.,0.));
#14156 = VECTOR('',#14157,1.);
#14157 = DIRECTION('',(0.,-1.));
#14158 = ( GEOMETRIC_REPRESENTATION_CONTEXT(2) 
PARAMETRIC_REPRESENTATION_CONTEXT() REPRESENTATION_CONTEXT('2D SPACE',''
  ) );
#14159 = PCURVE('',#5471,#14160);
#14160 = DEFINITIONAL_REPRESENTATION('',(#14161),#14165);
#14161 = LINE('',#14162,#14163);
#14162 = CARTESIAN_POINT('',(1.,0.));
#14163 = VECTOR('',#14164,1.);
#14164 = DIRECTION('',(0.,-1.));
#14165 = ( GEOMETRIC_REPRESENTATION_CONTEXT(2) 
PARAMETRIC_REPRESENTATION_CONTEXT() REPRESENTATION_CONTEXT('2D SPACE',''
  ) );
#14166 = ORIENTED_EDGE('',*,*,#5485,.T.);
#14167 = ORIENTED_EDGE('',*,*,#14095,.F.);
#14168 = ORIENTED_EDGE('',*,*,#14169,.F.);
#14169 = EDGE_CURVE('',#14145,#14096,#14170,.T.);
#14170 = SURFACE_CURVE('',#14171,(#14175,#14182),.PCURVE_S1.);
#14171 = B_SPLINE_CURVE_WITH_KNOTS('',2,(#14172,#14173,#14174),
  .UNSPECIFIED.,.F.,.F.,(3,3),(0.,1.),.PIECEWISE_BEZIER_KNOTS.);
#14172 = CARTESIAN_POINT('',(8.06103515625,-4.91611328125,2.7));
#14173 = CARTESIAN_POINT('',(7.9833984375,-4.7998046875,2.7));
#14174 = CARTESIAN_POINT('',(7.9833984375,-4.57890625,2.7));
#14175 = PCURVE('',#5501,#14176);
#14176 = DEFINITIONAL_REPRESENTATION('',(#14177),#14181);
#14177 = LINE('',#14178,#14179);
#14178 = CARTESIAN_POINT('',(0.,0.));
#14179 = VECTOR('',#14180,1.);
#14180 = DIRECTION('',(1.,0.));
#14181 = ( GEOMETRIC_REPRESENTATION_CONTEXT(2) 
PARAMETRIC_REPRESENTATION_CONTEXT() REPRESENTATION_CONTEXT('2D SPACE',''
  ) );
#14182 = PCURVE('',#14080,#14183);
#14183 = DEFINITIONAL_REPRESENTATION('',(#14184),#14188);
#14184 = B_SPLINE_CURVE_WITH_KNOTS('',2,(#14185,#14186,#14187),
  .UNSPECIFIED.,.F.,.F.,(3,3),(0.,1.),.PIECEWISE_BEZIER_KNOTS.);
#14185 = CARTESIAN_POINT('',(0.15673828125,9.931640625E-02));
#14186 = CARTESIAN_POINT('',(7.91015625E-02,0.215625));
#14187 = CARTESIAN_POINT('',(7.91015625E-02,0.4365234375));
#14188 = ( GEOMETRIC_REPRESENTATION_CONTEXT(2) 
PARAMETRIC_REPRESENTATION_CONTEXT() REPRESENTATION_CONTEXT('2D SPACE',''
  ) );
#14189 = ADVANCED_FACE('',(#14190),#5471,.F.);
#14190 = FACE_BOUND('',#14191,.F.);
#14191 = EDGE_LOOP('',(#14192,#14215,#14216,#14217));
#14192 = ORIENTED_EDGE('',*,*,#14193,.T.);
#14193 = EDGE_CURVE('',#14194,#5426,#14196,.T.);
#14194 = VERTEX_POINT('',#14195);
#14195 = CARTESIAN_POINT('',(8.2857421875,-5.032421875,2.7));
#14196 = SURFACE_CURVE('',#14197,(#14201,#14208),.PCURVE_S1.);
#14197 = LINE('',#14198,#14199);
#14198 = CARTESIAN_POINT('',(8.2857421875,-5.032421875,2.7));
#14199 = VECTOR('',#14200,1.);
#14200 = DIRECTION('',(0.,0.,1.));
#14201 = PCURVE('',#5471,#14202);
#14202 = DEFINITIONAL_REPRESENTATION('',(#14203),#14207);
#14203 = LINE('',#14204,#14205);
#14204 = CARTESIAN_POINT('',(0.,0.));
#14205 = VECTOR('',#14206,1.);
#14206 = DIRECTION('',(0.,-1.));
#14207 = ( GEOMETRIC_REPRESENTATION_CONTEXT(2) 
PARAMETRIC_REPRESENTATION_CONTEXT() REPRESENTATION_CONTEXT('2D SPACE',''
  ) );
#14208 = PCURVE('',#5441,#14209);
#14209 = DEFINITIONAL_REPRESENTATION('',(#14210),#14214);
#14210 = LINE('',#14211,#14212);
#14211 = CARTESIAN_POINT('',(1.,0.));
#14212 = VECTOR('',#14213,1.);
#14213 = DIRECTION('',(0.,-1.));
#14214 = ( GEOMETRIC_REPRESENTATION_CONTEXT(2) 
PARAMETRIC_REPRESENTATION_CONTEXT() REPRESENTATION_CONTEXT('2D SPACE',''
  ) );
#14215 = ORIENTED_EDGE('',*,*,#5455,.T.);
#14216 = ORIENTED_EDGE('',*,*,#14144,.F.);
#14217 = ORIENTED_EDGE('',*,*,#14218,.F.);
#14218 = EDGE_CURVE('',#14194,#14145,#14219,.T.);
#14219 = SURFACE_CURVE('',#14220,(#14224,#14231),.PCURVE_S1.);
#14220 = B_SPLINE_CURVE_WITH_KNOTS('',2,(#14221,#14222,#14223),
  .UNSPECIFIED.,.F.,.F.,(3,3),(0.,1.),.PIECEWISE_BEZIER_KNOTS.);
#14221 = CARTESIAN_POINT('',(8.2857421875,-5.032421875,2.7));
#14222 = CARTESIAN_POINT('',(8.138671875,-5.032421875,2.7));
#14223 = CARTESIAN_POINT('',(8.06103515625,-4.91611328125,2.7));
#14224 = PCURVE('',#5471,#14225);
#14225 = DEFINITIONAL_REPRESENTATION('',(#14226),#14230);
#14226 = LINE('',#14227,#14228);
#14227 = CARTESIAN_POINT('',(0.,0.));
#14228 = VECTOR('',#14229,1.);
#14229 = DIRECTION('',(1.,0.));
#14230 = ( GEOMETRIC_REPRESENTATION_CONTEXT(2) 
PARAMETRIC_REPRESENTATION_CONTEXT() REPRESENTATION_CONTEXT('2D SPACE',''
  ) );
#14231 = PCURVE('',#14080,#14232);
#14232 = DEFINITIONAL_REPRESENTATION('',(#14233),#14237);
#14233 = B_SPLINE_CURVE_WITH_KNOTS('',2,(#14234,#14235,#14236),
  .UNSPECIFIED.,.F.,.F.,(3,3),(0.,1.),.PIECEWISE_BEZIER_KNOTS.);
#14234 = CARTESIAN_POINT('',(0.3814453125,-1.69921875E-02));
#14235 = CARTESIAN_POINT('',(0.234375,-1.69921875E-02));
#14236 = CARTESIAN_POINT('',(0.15673828125,9.931640625E-02));
#14237 = ( GEOMETRIC_REPRESENTATION_CONTEXT(2) 
PARAMETRIC_REPRESENTATION_CONTEXT() REPRESENTATION_CONTEXT('2D SPACE',''
  ) );
#14238 = ADVANCED_FACE('',(#14239),#5441,.F.);
#14239 = FACE_BOUND('',#14240,.F.);
#14240 = EDGE_LOOP('',(#14241,#14264,#14265,#14266));
#14241 = ORIENTED_EDGE('',*,*,#14242,.T.);
#14242 = EDGE_CURVE('',#14243,#5396,#14245,.T.);
#14243 = VERTEX_POINT('',#14244);
#14244 = CARTESIAN_POINT('',(8.51044921875,-4.91611328125,2.7));
#14245 = SURFACE_CURVE('',#14246,(#14250,#14257),.PCURVE_S1.);
#14246 = LINE('',#14247,#14248);
#14247 = CARTESIAN_POINT('',(8.51044921875,-4.91611328125,2.7));
#14248 = VECTOR('',#14249,1.);
#14249 = DIRECTION('',(0.,0.,1.));
#14250 = PCURVE('',#5441,#14251);
#14251 = DEFINITIONAL_REPRESENTATION('',(#14252),#14256);
#14252 = LINE('',#14253,#14254);
#14253 = CARTESIAN_POINT('',(0.,0.));
#14254 = VECTOR('',#14255,1.);
#14255 = DIRECTION('',(0.,-1.));
#14256 = ( GEOMETRIC_REPRESENTATION_CONTEXT(2) 
PARAMETRIC_REPRESENTATION_CONTEXT() REPRESENTATION_CONTEXT('2D SPACE',''
  ) );
#14257 = PCURVE('',#5411,#14258);
#14258 = DEFINITIONAL_REPRESENTATION('',(#14259),#14263);
#14259 = LINE('',#14260,#14261);
#14260 = CARTESIAN_POINT('',(1.,0.));
#14261 = VECTOR('',#14262,1.);
#14262 = DIRECTION('',(0.,-1.));
#14263 = ( GEOMETRIC_REPRESENTATION_CONTEXT(2) 
PARAMETRIC_REPRESENTATION_CONTEXT() REPRESENTATION_CONTEXT('2D SPACE',''
  ) );
#14264 = ORIENTED_EDGE('',*,*,#5425,.T.);
#14265 = ORIENTED_EDGE('',*,*,#14193,.F.);
#14266 = ORIENTED_EDGE('',*,*,#14267,.F.);
#14267 = EDGE_CURVE('',#14243,#14194,#14268,.T.);
#14268 = SURFACE_CURVE('',#14269,(#14273,#14280),.PCURVE_S1.);
#14269 = B_SPLINE_CURVE_WITH_KNOTS('',2,(#14270,#14271,#14272),
  .UNSPECIFIED.,.F.,.F.,(3,3),(0.,1.),.PIECEWISE_BEZIER_KNOTS.);
#14270 = CARTESIAN_POINT('',(8.51044921875,-4.91611328125,2.7));
#14271 = CARTESIAN_POINT('',(8.4328125,-5.032421875,2.7));
#14272 = CARTESIAN_POINT('',(8.2857421875,-5.032421875,2.7));
#14273 = PCURVE('',#5441,#14274);
#14274 = DEFINITIONAL_REPRESENTATION('',(#14275),#14279);
#14275 = LINE('',#14276,#14277);
#14276 = CARTESIAN_POINT('',(0.,0.));
#14277 = VECTOR('',#14278,1.);
#14278 = DIRECTION('',(1.,0.));
#14279 = ( GEOMETRIC_REPRESENTATION_CONTEXT(2) 
PARAMETRIC_REPRESENTATION_CONTEXT() REPRESENTATION_CONTEXT('2D SPACE',''
  ) );
#14280 = PCURVE('',#14080,#14281);
#14281 = DEFINITIONAL_REPRESENTATION('',(#14282),#14286);
#14282 = B_SPLINE_CURVE_WITH_KNOTS('',2,(#14283,#14284,#14285),
  .UNSPECIFIED.,.F.,.F.,(3,3),(0.,1.),.PIECEWISE_BEZIER_KNOTS.);
#14283 = CARTESIAN_POINT('',(0.60615234375,9.931640625E-02));
#14284 = CARTESIAN_POINT('',(0.528515625,-1.69921875E-02));
#14285 = CARTESIAN_POINT('',(0.3814453125,-1.69921875E-02));
#14286 = ( GEOMETRIC_REPRESENTATION_CONTEXT(2) 
PARAMETRIC_REPRESENTATION_CONTEXT() REPRESENTATION_CONTEXT('2D SPACE',''
  ) );
#14287 = ADVANCED_FACE('',(#14288),#5411,.F.);
#14288 = FACE_BOUND('',#14289,.F.);
#14289 = EDGE_LOOP('',(#14290,#14313,#14314,#14315));
#14290 = ORIENTED_EDGE('',*,*,#14291,.T.);
#14291 = EDGE_CURVE('',#14292,#5366,#14294,.T.);
#14292 = VERTEX_POINT('',#14293);
#14293 = CARTESIAN_POINT('',(8.5880859375,-4.57890625,2.7));
#14294 = SURFACE_CURVE('',#14295,(#14299,#14306),.PCURVE_S1.);
#14295 = LINE('',#14296,#14297);
#14296 = CARTESIAN_POINT('',(8.5880859375,-4.57890625,2.7));
#14297 = VECTOR('',#14298,1.);
#14298 = DIRECTION('',(0.,0.,1.));
#14299 = PCURVE('',#5411,#14300);
#14300 = DEFINITIONAL_REPRESENTATION('',(#14301),#14305);
#14301 = LINE('',#14302,#14303);
#14302 = CARTESIAN_POINT('',(0.,0.));
#14303 = VECTOR('',#14304,1.);
#14304 = DIRECTION('',(0.,-1.));
#14305 = ( GEOMETRIC_REPRESENTATION_CONTEXT(2) 
PARAMETRIC_REPRESENTATION_CONTEXT() REPRESENTATION_CONTEXT('2D SPACE',''
  ) );
#14306 = PCURVE('',#5381,#14307);
#14307 = DEFINITIONAL_REPRESENTATION('',(#14308),#14312);
#14308 = LINE('',#14309,#14310);
#14309 = CARTESIAN_POINT('',(1.,0.));
#14310 = VECTOR('',#14311,1.);
#14311 = DIRECTION('',(0.,-1.));
#14312 = ( GEOMETRIC_REPRESENTATION_CONTEXT(2) 
PARAMETRIC_REPRESENTATION_CONTEXT() REPRESENTATION_CONTEXT('2D SPACE',''
  ) );
#14313 = ORIENTED_EDGE('',*,*,#5395,.T.);
#14314 = ORIENTED_EDGE('',*,*,#14242,.F.);
#14315 = ORIENTED_EDGE('',*,*,#14316,.F.);
#14316 = EDGE_CURVE('',#14292,#14243,#14317,.T.);
#14317 = SURFACE_CURVE('',#14318,(#14322,#14329),.PCURVE_S1.);
#14318 = B_SPLINE_CURVE_WITH_KNOTS('',2,(#14319,#14320,#14321),
  .UNSPECIFIED.,.F.,.F.,(3,3),(0.,1.),.PIECEWISE_BEZIER_KNOTS.);
#14319 = CARTESIAN_POINT('',(8.5880859375,-4.57890625,2.7));
#14320 = CARTESIAN_POINT('',(8.5880859375,-4.7998046875,2.7));
#14321 = CARTESIAN_POINT('',(8.51044921875,-4.91611328125,2.7));
#14322 = PCURVE('',#5411,#14323);
#14323 = DEFINITIONAL_REPRESENTATION('',(#14324),#14328);
#14324 = LINE('',#14325,#14326);
#14325 = CARTESIAN_POINT('',(0.,0.));
#14326 = VECTOR('',#14327,1.);
#14327 = DIRECTION('',(1.,0.));
#14328 = ( GEOMETRIC_REPRESENTATION_CONTEXT(2) 
PARAMETRIC_REPRESENTATION_CONTEXT() REPRESENTATION_CONTEXT('2D SPACE',''
  ) );
#14329 = PCURVE('',#14080,#14330);
#14330 = DEFINITIONAL_REPRESENTATION('',(#14331),#14335);
#14331 = B_SPLINE_CURVE_WITH_KNOTS('',2,(#14332,#14333,#14334),
  .UNSPECIFIED.,.F.,.F.,(3,3),(0.,1.),.PIECEWISE_BEZIER_KNOTS.);
#14332 = CARTESIAN_POINT('',(0.6837890625,0.4365234375));
#14333 = CARTESIAN_POINT('',(0.6837890625,0.215625));
#14334 = CARTESIAN_POINT('',(0.60615234375,9.931640625E-02));
#14335 = ( GEOMETRIC_REPRESENTATION_CONTEXT(2) 
PARAMETRIC_REPRESENTATION_CONTEXT() REPRESENTATION_CONTEXT('2D SPACE',''
  ) );
#14336 = ADVANCED_FACE('',(#14337),#5381,.F.);
#14337 = FACE_BOUND('',#14338,.F.);
#14338 = EDGE_LOOP('',(#14339,#14362,#14363,#14364));
#14339 = ORIENTED_EDGE('',*,*,#14340,.T.);
#14340 = EDGE_CURVE('',#14341,#5336,#14343,.T.);
#14341 = VERTEX_POINT('',#14342);
#14342 = CARTESIAN_POINT('',(8.51044921875,-4.24111328125,2.7));
#14343 = SURFACE_CURVE('',#14344,(#14348,#14355),.PCURVE_S1.);
#14344 = LINE('',#14345,#14346);
#14345 = CARTESIAN_POINT('',(8.51044921875,-4.24111328125,2.7));
#14346 = VECTOR('',#14347,1.);
#14347 = DIRECTION('',(0.,0.,1.));
#14348 = PCURVE('',#5381,#14349);
#14349 = DEFINITIONAL_REPRESENTATION('',(#14350),#14354);
#14350 = LINE('',#14351,#14352);
#14351 = CARTESIAN_POINT('',(0.,0.));
#14352 = VECTOR('',#14353,1.);
#14353 = DIRECTION('',(0.,-1.));
#14354 = ( GEOMETRIC_REPRESENTATION_CONTEXT(2) 
PARAMETRIC_REPRESENTATION_CONTEXT() REPRESENTATION_CONTEXT('2D SPACE',''
  ) );
#14355 = PCURVE('',#5351,#14356);
#14356 = DEFINITIONAL_REPRESENTATION('',(#14357),#14361);
#14357 = LINE('',#14358,#14359);
#14358 = CARTESIAN_POINT('',(1.,0.));
#14359 = VECTOR('',#14360,1.);
#14360 = DIRECTION('',(0.,-1.));
#14361 = ( GEOMETRIC_REPRESENTATION_CONTEXT(2) 
PARAMETRIC_REPRESENTATION_CONTEXT() REPRESENTATION_CONTEXT('2D SPACE',''
  ) );
#14362 = ORIENTED_EDGE('',*,*,#5365,.T.);
#14363 = ORIENTED_EDGE('',*,*,#14291,.F.);
#14364 = ORIENTED_EDGE('',*,*,#14365,.F.);
#14365 = EDGE_CURVE('',#14341,#14292,#14366,.T.);
#14366 = SURFACE_CURVE('',#14367,(#14371,#14378),.PCURVE_S1.);
#14367 = B_SPLINE_CURVE_WITH_KNOTS('',2,(#14368,#14369,#14370),
  .UNSPECIFIED.,.F.,.F.,(3,3),(0.,1.),.PIECEWISE_BEZIER_KNOTS.);
#14368 = CARTESIAN_POINT('',(8.51044921875,-4.24111328125,2.7));
#14369 = CARTESIAN_POINT('',(8.5880859375,-4.357421875,2.7));
#14370 = CARTESIAN_POINT('',(8.5880859375,-4.57890625,2.7));
#14371 = PCURVE('',#5381,#14372);
#14372 = DEFINITIONAL_REPRESENTATION('',(#14373),#14377);
#14373 = LINE('',#14374,#14375);
#14374 = CARTESIAN_POINT('',(0.,0.));
#14375 = VECTOR('',#14376,1.);
#14376 = DIRECTION('',(1.,0.));
#14377 = ( GEOMETRIC_REPRESENTATION_CONTEXT(2) 
PARAMETRIC_REPRESENTATION_CONTEXT() REPRESENTATION_CONTEXT('2D SPACE',''
  ) );
#14378 = PCURVE('',#14080,#14379);
#14379 = DEFINITIONAL_REPRESENTATION('',(#14380),#14384);
#14380 = B_SPLINE_CURVE_WITH_KNOTS('',2,(#14381,#14382,#14383),
  .UNSPECIFIED.,.F.,.F.,(3,3),(0.,1.),.PIECEWISE_BEZIER_KNOTS.);
#14381 = CARTESIAN_POINT('',(0.60615234375,0.77431640625));
#14382 = CARTESIAN_POINT('',(0.6837890625,0.6580078125));
#14383 = CARTESIAN_POINT('',(0.6837890625,0.4365234375));
#14384 = ( GEOMETRIC_REPRESENTATION_CONTEXT(2) 
PARAMETRIC_REPRESENTATION_CONTEXT() REPRESENTATION_CONTEXT('2D SPACE',''
  ) );
#14385 = ADVANCED_FACE('',(#14386),#5351,.F.);
#14386 = FACE_BOUND('',#14387,.F.);
#14387 = EDGE_LOOP('',(#14388,#14389,#14390,#14391));
#14388 = ORIENTED_EDGE('',*,*,#14043,.T.);
#14389 = ORIENTED_EDGE('',*,*,#5335,.T.);
#14390 = ORIENTED_EDGE('',*,*,#14340,.F.);
#14391 = ORIENTED_EDGE('',*,*,#14392,.F.);
#14392 = EDGE_CURVE('',#14044,#14341,#14393,.T.);
#14393 = SURFACE_CURVE('',#14394,(#14398,#14405),.PCURVE_S1.);
#14394 = B_SPLINE_CURVE_WITH_KNOTS('',2,(#14395,#14396,#14397),
  .UNSPECIFIED.,.F.,.F.,(3,3),(0.,1.),.PIECEWISE_BEZIER_KNOTS.);
#14395 = CARTESIAN_POINT('',(8.2857421875,-4.1248046875,2.7));
#14396 = CARTESIAN_POINT('',(8.4328125,-4.1248046875,2.7));
#14397 = CARTESIAN_POINT('',(8.51044921875,-4.24111328125,2.7));
#14398 = PCURVE('',#5351,#14399);
#14399 = DEFINITIONAL_REPRESENTATION('',(#14400),#14404);
#14400 = LINE('',#14401,#14402);
#14401 = CARTESIAN_POINT('',(0.,0.));
#14402 = VECTOR('',#14403,1.);
#14403 = DIRECTION('',(1.,0.));
#14404 = ( GEOMETRIC_REPRESENTATION_CONTEXT(2) 
PARAMETRIC_REPRESENTATION_CONTEXT() REPRESENTATION_CONTEXT('2D SPACE',''
  ) );
#14405 = PCURVE('',#14080,#14406);
#14406 = DEFINITIONAL_REPRESENTATION('',(#14407),#14411);
#14407 = B_SPLINE_CURVE_WITH_KNOTS('',2,(#14408,#14409,#14410),
  .UNSPECIFIED.,.F.,.F.,(3,3),(0.,1.),.PIECEWISE_BEZIER_KNOTS.);
#14408 = CARTESIAN_POINT('',(0.3814453125,0.890625));
#14409 = CARTESIAN_POINT('',(0.528515625,0.890625));
#14410 = CARTESIAN_POINT('',(0.60615234375,0.77431640625));
#14411 = ( GEOMETRIC_REPRESENTATION_CONTEXT(2) 
PARAMETRIC_REPRESENTATION_CONTEXT() REPRESENTATION_CONTEXT('2D SPACE',''
  ) );
#14412 = ADVANCED_FACE('',(#14413),#5563,.T.);
#14413 = FACE_BOUND('',#14414,.T.);
#14414 = EDGE_LOOP('',(#14415,#14438,#14439,#14462));
#14415 = ORIENTED_EDGE('',*,*,#14416,.T.);
#14416 = EDGE_CURVE('',#14417,#5546,#14419,.T.);
#14417 = VERTEX_POINT('',#14418);
#14418 = CARTESIAN_POINT('',(-3.45,1.472243186434,0.8));
#14419 = SURFACE_CURVE('',#14420,(#14424,#14431),.PCURVE_S1.);
#14420 = LINE('',#14421,#14422);
#14421 = CARTESIAN_POINT('',(-3.45,1.472243186434,0.8));
#14422 = VECTOR('',#14423,1.);
#14423 = DIRECTION('',(0.,0.,1.));
#14424 = PCURVE('',#5563,#14425);
#14425 = DEFINITIONAL_REPRESENTATION('',(#14426),#14430);
#14426 = LINE('',#14427,#14428);
#14427 = CARTESIAN_POINT('',(0.,0.));
#14428 = VECTOR('',#14429,1.);
#14429 = DIRECTION('',(0.,-1.));
#14430 = ( GEOMETRIC_REPRESENTATION_CONTEXT(2) 
PARAMETRIC_REPRESENTATION_CONTEXT() REPRESENTATION_CONTEXT('2D SPACE',''
  ) );
#14431 = PCURVE('',#5591,#14432);
#14432 = DEFINITIONAL_REPRESENTATION('',(#14433),#14437);
#14433 = LINE('',#14434,#14435);
#14434 = CARTESIAN_POINT('',(2.944486372867,0.));
#14435 = VECTOR('',#14436,1.);
#14436 = DIRECTION('',(0.,-1.));
#14437 = ( GEOMETRIC_REPRESENTATION_CONTEXT(2) 
PARAMETRIC_REPRESENTATION_CONTEXT() REPRESENTATION_CONTEXT('2D SPACE',''
  ) );
#14438 = ORIENTED_EDGE('',*,*,#5545,.T.);
#14439 = ORIENTED_EDGE('',*,*,#14440,.F.);
#14440 = EDGE_CURVE('',#14441,#5548,#14443,.T.);
#14441 = VERTEX_POINT('',#14442);
#14442 = CARTESIAN_POINT('',(-6.,2.944486372867,0.8));
#14443 = SURFACE_CURVE('',#14444,(#14448,#14455),.PCURVE_S1.);
#14444 = LINE('',#14445,#14446);
#14445 = CARTESIAN_POINT('',(-6.,2.944486372867,0.8));
#14446 = VECTOR('',#14447,1.);
#14447 = DIRECTION('',(0.,0.,1.));
#14448 = PCURVE('',#5563,#14449);
#14449 = DEFINITIONAL_REPRESENTATION('',(#14450),#14454);
#14450 = LINE('',#14451,#14452);
#14451 = CARTESIAN_POINT('',(2.944486372867,0.));
#14452 = VECTOR('',#14453,1.);
#14453 = DIRECTION('',(0.,-1.));
#14454 = ( GEOMETRIC_REPRESENTATION_CONTEXT(2) 
PARAMETRIC_REPRESENTATION_CONTEXT() REPRESENTATION_CONTEXT('2D SPACE',''
  ) );
#14455 = PCURVE('',#5701,#14456);
#14456 = DEFINITIONAL_REPRESENTATION('',(#14457),#14461);
#14457 = LINE('',#14458,#14459);
#14458 = CARTESIAN_POINT('',(0.,0.));
#14459 = VECTOR('',#14460,1.);
#14460 = DIRECTION('',(0.,-1.));
#14461 = ( GEOMETRIC_REPRESENTATION_CONTEXT(2) 
PARAMETRIC_REPRESENTATION_CONTEXT() REPRESENTATION_CONTEXT('2D SPACE',''
  ) );
#14462 = ORIENTED_EDGE('',*,*,#14463,.F.);
#14463 = EDGE_CURVE('',#14417,#14441,#14464,.T.);
#14464 = SURFACE_CURVE('',#14465,(#14469,#14476),.PCURVE_S1.);
#14465 = LINE('',#14466,#14467);
#14466 = CARTESIAN_POINT('',(-3.45,1.472243186434,0.8));
#14467 = VECTOR('',#14468,1.);
#14468 = DIRECTION('',(-0.866025403784,0.5,0.));
#14469 = PCURVE('',#5563,#14470);
#14470 = DEFINITIONAL_REPRESENTATION('',(#14471),#14475);
#14471 = LINE('',#14472,#14473);
#14472 = CARTESIAN_POINT('',(0.,0.));
#14473 = VECTOR('',#14474,1.);
#14474 = DIRECTION('',(1.,0.));
#14475 = ( GEOMETRIC_REPRESENTATION_CONTEXT(2) 
PARAMETRIC_REPRESENTATION_CONTEXT() REPRESENTATION_CONTEXT('2D SPACE',''
  ) );
#14476 = PCURVE('',#6040,#14477);
#14477 = DEFINITIONAL_REPRESENTATION('',(#14478),#14482);
#14478 = LINE('',#14479,#14480);
#14479 = CARTESIAN_POINT('',(2.55,1.472243186434));
#14480 = VECTOR('',#14481,1.);
#14481 = DIRECTION('',(-0.866025403784,0.5));
#14482 = ( GEOMETRIC_REPRESENTATION_CONTEXT(2) 
PARAMETRIC_REPRESENTATION_CONTEXT() REPRESENTATION_CONTEXT('2D SPACE',''
  ) );
#14483 = ADVANCED_FACE('',(#14484),#5591,.T.);
#14484 = FACE_BOUND('',#14485,.T.);
#14485 = EDGE_LOOP('',(#14486,#14509,#14510,#14511));
#14486 = ORIENTED_EDGE('',*,*,#14487,.T.);
#14487 = EDGE_CURVE('',#14488,#5576,#14490,.T.);
#14488 = VERTEX_POINT('',#14489);
#14489 = CARTESIAN_POINT('',(-3.45,-1.472243186434,0.8));
#14490 = SURFACE_CURVE('',#14491,(#14495,#14502),.PCURVE_S1.);
#14491 = LINE('',#14492,#14493);
#14492 = CARTESIAN_POINT('',(-3.45,-1.472243186434,0.8));
#14493 = VECTOR('',#14494,1.);
#14494 = DIRECTION('',(0.,0.,1.));
#14495 = PCURVE('',#5591,#14496);
#14496 = DEFINITIONAL_REPRESENTATION('',(#14497),#14501);
#14497 = LINE('',#14498,#14499);
#14498 = CARTESIAN_POINT('',(0.,0.));
#14499 = VECTOR('',#14500,1.);
#14500 = DIRECTION('',(0.,-1.));
#14501 = ( GEOMETRIC_REPRESENTATION_CONTEXT(2) 
PARAMETRIC_REPRESENTATION_CONTEXT() REPRESENTATION_CONTEXT('2D SPACE',''
  ) );
#14502 = PCURVE('',#5619,#14503);
#14503 = DEFINITIONAL_REPRESENTATION('',(#14504),#14508);
#14504 = LINE('',#14505,#14506);
#14505 = CARTESIAN_POINT('',(2.944486372867,0.));
#14506 = VECTOR('',#14507,1.);
#14507 = DIRECTION('',(0.,-1.));
#14508 = ( GEOMETRIC_REPRESENTATION_CONTEXT(2) 
PARAMETRIC_REPRESENTATION_CONTEXT() REPRESENTATION_CONTEXT('2D SPACE',''
  ) );
#14509 = ORIENTED_EDGE('',*,*,#5575,.T.);
#14510 = ORIENTED_EDGE('',*,*,#14416,.F.);
#14511 = ORIENTED_EDGE('',*,*,#14512,.F.);
#14512 = EDGE_CURVE('',#14488,#14417,#14513,.T.);
#14513 = SURFACE_CURVE('',#14514,(#14518,#14525),.PCURVE_S1.);
#14514 = LINE('',#14515,#14516);
#14515 = CARTESIAN_POINT('',(-3.45,-1.472243186434,0.8));
#14516 = VECTOR('',#14517,1.);
#14517 = DIRECTION('',(3.016412057072E-16,1.,0.));
#14518 = PCURVE('',#5591,#14519);
#14519 = DEFINITIONAL_REPRESENTATION('',(#14520),#14524);
#14520 = LINE('',#14521,#14522);
#14521 = CARTESIAN_POINT('',(0.,0.));
#14522 = VECTOR('',#14523,1.);
#14523 = DIRECTION('',(1.,0.));
#14524 = ( GEOMETRIC_REPRESENTATION_CONTEXT(2) 
PARAMETRIC_REPRESENTATION_CONTEXT() REPRESENTATION_CONTEXT('2D SPACE',''
  ) );
#14525 = PCURVE('',#6040,#14526);
#14526 = DEFINITIONAL_REPRESENTATION('',(#14527),#14531);
#14527 = LINE('',#14528,#14529);
#14528 = CARTESIAN_POINT('',(2.55,-1.472243186434));
#14529 = VECTOR('',#14530,1.);
#14530 = DIRECTION('',(3.016412057072E-16,1.));
#14531 = ( GEOMETRIC_REPRESENTATION_CONTEXT(2) 
PARAMETRIC_REPRESENTATION_CONTEXT() REPRESENTATION_CONTEXT('2D SPACE',''
  ) );
#14532 = ADVANCED_FACE('',(#14533),#5701,.T.);
#14533 = FACE_BOUND('',#14534,.T.);
#14534 = EDGE_LOOP('',(#14535,#14536,#14537,#14560));
#14535 = ORIENTED_EDGE('',*,*,#14440,.T.);
#14536 = ORIENTED_EDGE('',*,*,#5687,.T.);
#14537 = ORIENTED_EDGE('',*,*,#14538,.F.);
#14538 = EDGE_CURVE('',#14539,#5660,#14541,.T.);
#14539 = VERTEX_POINT('',#14540);
#14540 = CARTESIAN_POINT('',(-8.55,1.472243186434,0.8));
#14541 = SURFACE_CURVE('',#14542,(#14546,#14553),.PCURVE_S1.);
#14542 = LINE('',#14543,#14544);
#14543 = CARTESIAN_POINT('',(-8.55,1.472243186434,0.8));
#14544 = VECTOR('',#14545,1.);
#14545 = DIRECTION('',(0.,0.,1.));
#14546 = PCURVE('',#5701,#14547);
#14547 = DEFINITIONAL_REPRESENTATION('',(#14548),#14552);
#14548 = LINE('',#14549,#14550);
#14549 = CARTESIAN_POINT('',(2.944486372867,0.));
#14550 = VECTOR('',#14551,1.);
#14551 = DIRECTION('',(0.,-1.));
#14552 = ( GEOMETRIC_REPRESENTATION_CONTEXT(2) 
PARAMETRIC_REPRESENTATION_CONTEXT() REPRESENTATION_CONTEXT('2D SPACE',''
  ) );
#14553 = PCURVE('',#5675,#14554);
#14554 = DEFINITIONAL_REPRESENTATION('',(#14555),#14559);
#14555 = LINE('',#14556,#14557);
#14556 = CARTESIAN_POINT('',(0.,0.));
#14557 = VECTOR('',#14558,1.);
#14558 = DIRECTION('',(0.,-1.));
#14559 = ( GEOMETRIC_REPRESENTATION_CONTEXT(2) 
PARAMETRIC_REPRESENTATION_CONTEXT() REPRESENTATION_CONTEXT('2D SPACE',''
  ) );
#14560 = ORIENTED_EDGE('',*,*,#14561,.F.);
#14561 = EDGE_CURVE('',#14441,#14539,#14562,.T.);
#14562 = SURFACE_CURVE('',#14563,(#14567,#14574),.PCURVE_S1.);
#14563 = LINE('',#14564,#14565);
#14564 = CARTESIAN_POINT('',(-6.,2.944486372867,0.8));
#14565 = VECTOR('',#14566,1.);
#14566 = DIRECTION('',(-0.866025403784,-0.5,0.));
#14567 = PCURVE('',#5701,#14568);
#14568 = DEFINITIONAL_REPRESENTATION('',(#14569),#14573);
#14569 = LINE('',#14570,#14571);
#14570 = CARTESIAN_POINT('',(0.,0.));
#14571 = VECTOR('',#14572,1.);
#14572 = DIRECTION('',(1.,0.));
#14573 = ( GEOMETRIC_REPRESENTATION_CONTEXT(2) 
PARAMETRIC_REPRESENTATION_CONTEXT() REPRESENTATION_CONTEXT('2D SPACE',''
  ) );
#14574 = PCURVE('',#6040,#14575);
#14575 = DEFINITIONAL_REPRESENTATION('',(#14576),#14580);
#14576 = LINE('',#14577,#14578);
#14577 = CARTESIAN_POINT('',(8.881784197001E-16,2.944486372867));
#14578 = VECTOR('',#14579,1.);
#14579 = DIRECTION('',(-0.866025403784,-0.5));
#14580 = ( GEOMETRIC_REPRESENTATION_CONTEXT(2) 
PARAMETRIC_REPRESENTATION_CONTEXT() REPRESENTATION_CONTEXT('2D SPACE',''
  ) );
#14581 = ADVANCED_FACE('',(#14582),#5619,.T.);
#14582 = FACE_BOUND('',#14583,.T.);
#14583 = EDGE_LOOP('',(#14584,#14607,#14608,#14609));
#14584 = ORIENTED_EDGE('',*,*,#14585,.T.);
#14585 = EDGE_CURVE('',#14586,#5604,#14588,.T.);
#14586 = VERTEX_POINT('',#14587);
#14587 = CARTESIAN_POINT('',(-6.,-2.944486372867,0.8));
#14588 = SURFACE_CURVE('',#14589,(#14593,#14600),.PCURVE_S1.);
#14589 = LINE('',#14590,#14591);
#14590 = CARTESIAN_POINT('',(-6.,-2.944486372867,0.8));
#14591 = VECTOR('',#14592,1.);
#14592 = DIRECTION('',(0.,0.,1.));
#14593 = PCURVE('',#5619,#14594);
#14594 = DEFINITIONAL_REPRESENTATION('',(#14595),#14599);
#14595 = LINE('',#14596,#14597);
#14596 = CARTESIAN_POINT('',(0.,0.));
#14597 = VECTOR('',#14598,1.);
#14598 = DIRECTION('',(0.,-1.));
#14599 = ( GEOMETRIC_REPRESENTATION_CONTEXT(2) 
PARAMETRIC_REPRESENTATION_CONTEXT() REPRESENTATION_CONTEXT('2D SPACE',''
  ) );
#14600 = PCURVE('',#5647,#14601);
#14601 = DEFINITIONAL_REPRESENTATION('',(#14602),#14606);
#14602 = LINE('',#14603,#14604);
#14603 = CARTESIAN_POINT('',(2.944486372867,0.));
#14604 = VECTOR('',#14605,1.);
#14605 = DIRECTION('',(0.,-1.));
#14606 = ( GEOMETRIC_REPRESENTATION_CONTEXT(2) 
PARAMETRIC_REPRESENTATION_CONTEXT() REPRESENTATION_CONTEXT('2D SPACE',''
  ) );
#14607 = ORIENTED_EDGE('',*,*,#5603,.T.);
#14608 = ORIENTED_EDGE('',*,*,#14487,.F.);
#14609 = ORIENTED_EDGE('',*,*,#14610,.F.);
#14610 = EDGE_CURVE('',#14586,#14488,#14611,.T.);
#14611 = SURFACE_CURVE('',#14612,(#14616,#14623),.PCURVE_S1.);
#14612 = LINE('',#14613,#14614);
#14613 = CARTESIAN_POINT('',(-6.,-2.944486372867,0.8));
#14614 = VECTOR('',#14615,1.);
#14615 = DIRECTION('',(0.866025403784,0.5,0.));
#14616 = PCURVE('',#5619,#14617);
#14617 = DEFINITIONAL_REPRESENTATION('',(#14618),#14622);
#14618 = LINE('',#14619,#14620);
#14619 = CARTESIAN_POINT('',(0.,0.));
#14620 = VECTOR('',#14621,1.);
#14621 = DIRECTION('',(1.,0.));
#14622 = ( GEOMETRIC_REPRESENTATION_CONTEXT(2) 
PARAMETRIC_REPRESENTATION_CONTEXT() REPRESENTATION_CONTEXT('2D SPACE',''
  ) );
#14623 = PCURVE('',#6040,#14624);
#14624 = DEFINITIONAL_REPRESENTATION('',(#14625),#14629);
#14625 = LINE('',#14626,#14627);
#14626 = CARTESIAN_POINT('',(0.,-2.944486372867));
#14627 = VECTOR('',#14628,1.);
#14628 = DIRECTION('',(0.866025403784,0.5));
#14629 = ( GEOMETRIC_REPRESENTATION_CONTEXT(2) 
PARAMETRIC_REPRESENTATION_CONTEXT() REPRESENTATION_CONTEXT('2D SPACE',''
  ) );
#14630 = ADVANCED_FACE('',(#14631),#5675,.T.);
#14631 = FACE_BOUND('',#14632,.T.);
#14632 = EDGE_LOOP('',(#14633,#14634,#14635,#14658));
#14633 = ORIENTED_EDGE('',*,*,#14538,.T.);
#14634 = ORIENTED_EDGE('',*,*,#5659,.T.);
#14635 = ORIENTED_EDGE('',*,*,#14636,.F.);
#14636 = EDGE_CURVE('',#14637,#5632,#14639,.T.);
#14637 = VERTEX_POINT('',#14638);
#14638 = CARTESIAN_POINT('',(-8.55,-1.472243186434,0.8));
#14639 = SURFACE_CURVE('',#14640,(#14644,#14651),.PCURVE_S1.);
#14640 = LINE('',#14641,#14642);
#14641 = CARTESIAN_POINT('',(-8.55,-1.472243186434,0.8));
#14642 = VECTOR('',#14643,1.);
#14643 = DIRECTION('',(0.,0.,1.));
#14644 = PCURVE('',#5675,#14645);
#14645 = DEFINITIONAL_REPRESENTATION('',(#14646),#14650);
#14646 = LINE('',#14647,#14648);
#14647 = CARTESIAN_POINT('',(2.944486372867,0.));
#14648 = VECTOR('',#14649,1.);
#14649 = DIRECTION('',(0.,-1.));
#14650 = ( GEOMETRIC_REPRESENTATION_CONTEXT(2) 
PARAMETRIC_REPRESENTATION_CONTEXT() REPRESENTATION_CONTEXT('2D SPACE',''
  ) );
#14651 = PCURVE('',#5647,#14652);
#14652 = DEFINITIONAL_REPRESENTATION('',(#14653),#14657);
#14653 = LINE('',#14654,#14655);
#14654 = CARTESIAN_POINT('',(0.,0.));
#14655 = VECTOR('',#14656,1.);
#14656 = DIRECTION('',(0.,-1.));
#14657 = ( GEOMETRIC_REPRESENTATION_CONTEXT(2) 
PARAMETRIC_REPRESENTATION_CONTEXT() REPRESENTATION_CONTEXT('2D SPACE',''
  ) );
#14658 = ORIENTED_EDGE('',*,*,#14659,.F.);
#14659 = EDGE_CURVE('',#14539,#14637,#14660,.T.);
#14660 = SURFACE_CURVE('',#14661,(#14665,#14672),.PCURVE_S1.);
#14661 = LINE('',#14662,#14663);
#14662 = CARTESIAN_POINT('',(-8.55,1.472243186434,0.8));
#14663 = VECTOR('',#14664,1.);
#14664 = DIRECTION('',(0.,-1.,0.));
#14665 = PCURVE('',#5675,#14666);
#14666 = DEFINITIONAL_REPRESENTATION('',(#14667),#14671);
#14667 = LINE('',#14668,#14669);
#14668 = CARTESIAN_POINT('',(0.,0.));
#14669 = VECTOR('',#14670,1.);
#14670 = DIRECTION('',(1.,0.));
#14671 = ( GEOMETRIC_REPRESENTATION_CONTEXT(2) 
PARAMETRIC_REPRESENTATION_CONTEXT() REPRESENTATION_CONTEXT('2D SPACE',''
  ) );
#14672 = PCURVE('',#6040,#14673);
#14673 = DEFINITIONAL_REPRESENTATION('',(#14674),#14678);
#14674 = LINE('',#14675,#14676);
#14675 = CARTESIAN_POINT('',(-2.55,1.472243186434));
#14676 = VECTOR('',#14677,1.);
#14677 = DIRECTION('',(0.,-1.));
#14678 = ( GEOMETRIC_REPRESENTATION_CONTEXT(2) 
PARAMETRIC_REPRESENTATION_CONTEXT() REPRESENTATION_CONTEXT('2D SPACE',''
  ) );
#14679 = ADVANCED_FACE('',(#14680),#5647,.T.);
#14680 = FACE_BOUND('',#14681,.T.);
#14681 = EDGE_LOOP('',(#14682,#14683,#14684,#14685));
#14682 = ORIENTED_EDGE('',*,*,#14636,.T.);
#14683 = ORIENTED_EDGE('',*,*,#5631,.T.);
#14684 = ORIENTED_EDGE('',*,*,#14585,.F.);
#14685 = ORIENTED_EDGE('',*,*,#14686,.F.);
#14686 = EDGE_CURVE('',#14637,#14586,#14687,.T.);
#14687 = SURFACE_CURVE('',#14688,(#14692,#14699),.PCURVE_S1.);
#14688 = LINE('',#14689,#14690);
#14689 = CARTESIAN_POINT('',(-8.55,-1.472243186434,0.8));
#14690 = VECTOR('',#14691,1.);
#14691 = DIRECTION('',(0.866025403784,-0.5,0.));
#14692 = PCURVE('',#5647,#14693);
#14693 = DEFINITIONAL_REPRESENTATION('',(#14694),#14698);
#14694 = LINE('',#14695,#14696);
#14695 = CARTESIAN_POINT('',(0.,0.));
#14696 = VECTOR('',#14697,1.);
#14697 = DIRECTION('',(1.,0.));
#14698 = ( GEOMETRIC_REPRESENTATION_CONTEXT(2) 
PARAMETRIC_REPRESENTATION_CONTEXT() REPRESENTATION_CONTEXT('2D SPACE',''
  ) );
#14699 = PCURVE('',#6040,#14700);
#14700 = DEFINITIONAL_REPRESENTATION('',(#14701),#14705);
#14701 = LINE('',#14702,#14703);
#14702 = CARTESIAN_POINT('',(-2.55,-1.472243186434));
#14703 = VECTOR('',#14704,1.);
#14704 = DIRECTION('',(0.866025403784,-0.5));
#14705 = ( GEOMETRIC_REPRESENTATION_CONTEXT(2) 
PARAMETRIC_REPRESENTATION_CONTEXT() REPRESENTATION_CONTEXT('2D SPACE',''
  ) );
#14706 = ADVANCED_FACE('',(#14707),#5733,.T.);
#14707 = FACE_BOUND('',#14708,.T.);
#14708 = EDGE_LOOP('',(#14709,#14732,#14733,#14756));
#14709 = ORIENTED_EDGE('',*,*,#14710,.T.);
#14710 = EDGE_CURVE('',#14711,#5716,#14713,.T.);
#14711 = VERTEX_POINT('',#14712);
#14712 = CARTESIAN_POINT('',(8.6,1.501110699893,0.8));
#14713 = SURFACE_CURVE('',#14714,(#14718,#14725),.PCURVE_S1.);
#14714 = LINE('',#14715,#14716);
#14715 = CARTESIAN_POINT('',(8.6,1.501110699893,0.8));
#14716 = VECTOR('',#14717,1.);
#14717 = DIRECTION('',(0.,0.,1.));
#14718 = PCURVE('',#5733,#14719);
#14719 = DEFINITIONAL_REPRESENTATION('',(#14720),#14724);
#14720 = LINE('',#14721,#14722);
#14721 = CARTESIAN_POINT('',(0.,0.));
#14722 = VECTOR('',#14723,1.);
#14723 = DIRECTION('',(0.,-1.));
#14724 = ( GEOMETRIC_REPRESENTATION_CONTEXT(2) 
PARAMETRIC_REPRESENTATION_CONTEXT() REPRESENTATION_CONTEXT('2D SPACE',''
  ) );
#14725 = PCURVE('',#5761,#14726);
#14726 = DEFINITIONAL_REPRESENTATION('',(#14727),#14731);
#14727 = LINE('',#14728,#14729);
#14728 = CARTESIAN_POINT('',(3.002221399786,0.));
#14729 = VECTOR('',#14730,1.);
#14730 = DIRECTION('',(0.,-1.));
#14731 = ( GEOMETRIC_REPRESENTATION_CONTEXT(2) 
PARAMETRIC_REPRESENTATION_CONTEXT() REPRESENTATION_CONTEXT('2D SPACE',''
  ) );
#14732 = ORIENTED_EDGE('',*,*,#5715,.T.);
#14733 = ORIENTED_EDGE('',*,*,#14734,.F.);
#14734 = EDGE_CURVE('',#14735,#5718,#14737,.T.);
#14735 = VERTEX_POINT('',#14736);
#14736 = CARTESIAN_POINT('',(6.,3.002221399786,0.8));
#14737 = SURFACE_CURVE('',#14738,(#14742,#14749),.PCURVE_S1.);
#14738 = LINE('',#14739,#14740);
#14739 = CARTESIAN_POINT('',(6.,3.002221399786,0.8));
#14740 = VECTOR('',#14741,1.);
#14741 = DIRECTION('',(0.,0.,1.));
#14742 = PCURVE('',#5733,#14743);
#14743 = DEFINITIONAL_REPRESENTATION('',(#14744),#14748);
#14744 = LINE('',#14745,#14746);
#14745 = CARTESIAN_POINT('',(3.002221399786,0.));
#14746 = VECTOR('',#14747,1.);
#14747 = DIRECTION('',(0.,-1.));
#14748 = ( GEOMETRIC_REPRESENTATION_CONTEXT(2) 
PARAMETRIC_REPRESENTATION_CONTEXT() REPRESENTATION_CONTEXT('2D SPACE',''
  ) );
#14749 = PCURVE('',#5871,#14750);
#14750 = DEFINITIONAL_REPRESENTATION('',(#14751),#14755);
#14751 = LINE('',#14752,#14753);
#14752 = CARTESIAN_POINT('',(0.,0.));
#14753 = VECTOR('',#14754,1.);
#14754 = DIRECTION('',(0.,-1.));
#14755 = ( GEOMETRIC_REPRESENTATION_CONTEXT(2) 
PARAMETRIC_REPRESENTATION_CONTEXT() REPRESENTATION_CONTEXT('2D SPACE',''
  ) );
#14756 = ORIENTED_EDGE('',*,*,#14757,.F.);
#14757 = EDGE_CURVE('',#14711,#14735,#14758,.T.);
#14758 = SURFACE_CURVE('',#14759,(#14763,#14770),.PCURVE_S1.);
#14759 = LINE('',#14760,#14761);
#14760 = CARTESIAN_POINT('',(8.6,1.501110699893,0.8));
#14761 = VECTOR('',#14762,1.);
#14762 = DIRECTION('',(-0.866025403784,0.5,0.));
#14763 = PCURVE('',#5733,#14764);
#14764 = DEFINITIONAL_REPRESENTATION('',(#14765),#14769);
#14765 = LINE('',#14766,#14767);
#14766 = CARTESIAN_POINT('',(0.,0.));
#14767 = VECTOR('',#14768,1.);
#14768 = DIRECTION('',(1.,0.));
#14769 = ( GEOMETRIC_REPRESENTATION_CONTEXT(2) 
PARAMETRIC_REPRESENTATION_CONTEXT() REPRESENTATION_CONTEXT('2D SPACE',''
  ) );
#14770 = PCURVE('',#6099,#14771);
#14771 = DEFINITIONAL_REPRESENTATION('',(#14772),#14776);
#14772 = LINE('',#14773,#14774);
#14773 = CARTESIAN_POINT('',(2.6,1.501110699893));
#14774 = VECTOR('',#14775,1.);
#14775 = DIRECTION('',(-0.866025403784,0.5));
#14776 = ( GEOMETRIC_REPRESENTATION_CONTEXT(2) 
PARAMETRIC_REPRESENTATION_CONTEXT() REPRESENTATION_CONTEXT('2D SPACE',''
  ) );
#14777 = ADVANCED_FACE('',(#14778),#5761,.T.);
#14778 = FACE_BOUND('',#14779,.T.);
#14779 = EDGE_LOOP('',(#14780,#14803,#14804,#14805));
#14780 = ORIENTED_EDGE('',*,*,#14781,.T.);
#14781 = EDGE_CURVE('',#14782,#5746,#14784,.T.);
#14782 = VERTEX_POINT('',#14783);
#14783 = CARTESIAN_POINT('',(8.6,-1.501110699893,0.8));
#14784 = SURFACE_CURVE('',#14785,(#14789,#14796),.PCURVE_S1.);
#14785 = LINE('',#14786,#14787);
#14786 = CARTESIAN_POINT('',(8.6,-1.501110699893,0.8));
#14787 = VECTOR('',#14788,1.);
#14788 = DIRECTION('',(0.,0.,1.));
#14789 = PCURVE('',#5761,#14790);
#14790 = DEFINITIONAL_REPRESENTATION('',(#14791),#14795);
#14791 = LINE('',#14792,#14793);
#14792 = CARTESIAN_POINT('',(0.,0.));
#14793 = VECTOR('',#14794,1.);
#14794 = DIRECTION('',(0.,-1.));
#14795 = ( GEOMETRIC_REPRESENTATION_CONTEXT(2) 
PARAMETRIC_REPRESENTATION_CONTEXT() REPRESENTATION_CONTEXT('2D SPACE',''
  ) );
#14796 = PCURVE('',#5789,#14797);
#14797 = DEFINITIONAL_REPRESENTATION('',(#14798),#14802);
#14798 = LINE('',#14799,#14800);
#14799 = CARTESIAN_POINT('',(3.002221399786,0.));
#14800 = VECTOR('',#14801,1.);
#14801 = DIRECTION('',(0.,-1.));
#14802 = ( GEOMETRIC_REPRESENTATION_CONTEXT(2) 
PARAMETRIC_REPRESENTATION_CONTEXT() REPRESENTATION_CONTEXT('2D SPACE',''
  ) );
#14803 = ORIENTED_EDGE('',*,*,#5745,.T.);
#14804 = ORIENTED_EDGE('',*,*,#14710,.F.);
#14805 = ORIENTED_EDGE('',*,*,#14806,.F.);
#14806 = EDGE_CURVE('',#14782,#14711,#14807,.T.);
#14807 = SURFACE_CURVE('',#14808,(#14812,#14819),.PCURVE_S1.);
#14808 = LINE('',#14809,#14810);
#14809 = CARTESIAN_POINT('',(8.6,-1.501110699893,0.8));
#14810 = VECTOR('',#14811,1.);
#14811 = DIRECTION('',(0.,1.,0.));
#14812 = PCURVE('',#5761,#14813);
#14813 = DEFINITIONAL_REPRESENTATION('',(#14814),#14818);
#14814 = LINE('',#14815,#14816);
#14815 = CARTESIAN_POINT('',(0.,0.));
#14816 = VECTOR('',#14817,1.);
#14817 = DIRECTION('',(1.,0.));
#14818 = ( GEOMETRIC_REPRESENTATION_CONTEXT(2) 
PARAMETRIC_REPRESENTATION_CONTEXT() REPRESENTATION_CONTEXT('2D SPACE',''
  ) );
#14819 = PCURVE('',#6099,#14820);
#14820 = DEFINITIONAL_REPRESENTATION('',(#14821),#14825);
#14821 = LINE('',#14822,#14823);
#14822 = CARTESIAN_POINT('',(2.6,-1.501110699893));
#14823 = VECTOR('',#14824,1.);
#14824 = DIRECTION('',(0.,1.));
#14825 = ( GEOMETRIC_REPRESENTATION_CONTEXT(2) 
PARAMETRIC_REPRESENTATION_CONTEXT() REPRESENTATION_CONTEXT('2D SPACE',''
  ) );
#14826 = ADVANCED_FACE('',(#14827),#5871,.T.);
#14827 = FACE_BOUND('',#14828,.T.);
#14828 = EDGE_LOOP('',(#14829,#14830,#14831,#14854));
#14829 = ORIENTED_EDGE('',*,*,#14734,.T.);
#14830 = ORIENTED_EDGE('',*,*,#5857,.T.);
#14831 = ORIENTED_EDGE('',*,*,#14832,.F.);
#14832 = EDGE_CURVE('',#14833,#5830,#14835,.T.);
#14833 = VERTEX_POINT('',#14834);
#14834 = CARTESIAN_POINT('',(3.4,1.501110699893,0.8));
#14835 = SURFACE_CURVE('',#14836,(#14840,#14847),.PCURVE_S1.);
#14836 = LINE('',#14837,#14838);
#14837 = CARTESIAN_POINT('',(3.4,1.501110699893,0.8));
#14838 = VECTOR('',#14839,1.);
#14839 = DIRECTION('',(0.,0.,1.));
#14840 = PCURVE('',#5871,#14841);
#14841 = DEFINITIONAL_REPRESENTATION('',(#14842),#14846);
#14842 = LINE('',#14843,#14844);
#14843 = CARTESIAN_POINT('',(3.002221399786,0.));
#14844 = VECTOR('',#14845,1.);
#14845 = DIRECTION('',(0.,-1.));
#14846 = ( GEOMETRIC_REPRESENTATION_CONTEXT(2) 
PARAMETRIC_REPRESENTATION_CONTEXT() REPRESENTATION_CONTEXT('2D SPACE',''
  ) );
#14847 = PCURVE('',#5845,#14848);
#14848 = DEFINITIONAL_REPRESENTATION('',(#14849),#14853);
#14849 = LINE('',#14850,#14851);
#14850 = CARTESIAN_POINT('',(0.,0.));
#14851 = VECTOR('',#14852,1.);
#14852 = DIRECTION('',(0.,-1.));
#14853 = ( GEOMETRIC_REPRESENTATION_CONTEXT(2) 
PARAMETRIC_REPRESENTATION_CONTEXT() REPRESENTATION_CONTEXT('2D SPACE',''
  ) );
#14854 = ORIENTED_EDGE('',*,*,#14855,.F.);
#14855 = EDGE_CURVE('',#14735,#14833,#14856,.T.);
#14856 = SURFACE_CURVE('',#14857,(#14861,#14868),.PCURVE_S1.);
#14857 = LINE('',#14858,#14859);
#14858 = CARTESIAN_POINT('',(6.,3.002221399786,0.8));
#14859 = VECTOR('',#14860,1.);
#14860 = DIRECTION('',(-0.866025403784,-0.5,0.));
#14861 = PCURVE('',#5871,#14862);
#14862 = DEFINITIONAL_REPRESENTATION('',(#14863),#14867);
#14863 = LINE('',#14864,#14865);
#14864 = CARTESIAN_POINT('',(0.,0.));
#14865 = VECTOR('',#14866,1.);
#14866 = DIRECTION('',(1.,0.));
#14867 = ( GEOMETRIC_REPRESENTATION_CONTEXT(2) 
PARAMETRIC_REPRESENTATION_CONTEXT() REPRESENTATION_CONTEXT('2D SPACE',''
  ) );
#14868 = PCURVE('',#6099,#14869);
#14869 = DEFINITIONAL_REPRESENTATION('',(#14870),#14874);
#14870 = LINE('',#14871,#14872);
#14871 = CARTESIAN_POINT('',(8.881784197001E-16,3.002221399786));
#14872 = VECTOR('',#14873,1.);
#14873 = DIRECTION('',(-0.866025403784,-0.5));
#14874 = ( GEOMETRIC_REPRESENTATION_CONTEXT(2) 
PARAMETRIC_REPRESENTATION_CONTEXT() REPRESENTATION_CONTEXT('2D SPACE',''
  ) );
#14875 = ADVANCED_FACE('',(#14876),#5789,.T.);
#14876 = FACE_BOUND('',#14877,.T.);
#14877 = EDGE_LOOP('',(#14878,#14901,#14902,#14903));
#14878 = ORIENTED_EDGE('',*,*,#14879,.T.);
#14879 = EDGE_CURVE('',#14880,#5774,#14882,.T.);
#14880 = VERTEX_POINT('',#14881);
#14881 = CARTESIAN_POINT('',(6.,-3.002221399786,0.8));
#14882 = SURFACE_CURVE('',#14883,(#14887,#14894),.PCURVE_S1.);
#14883 = LINE('',#14884,#14885);
#14884 = CARTESIAN_POINT('',(6.,-3.002221399786,0.8));
#14885 = VECTOR('',#14886,1.);
#14886 = DIRECTION('',(0.,0.,1.));
#14887 = PCURVE('',#5789,#14888);
#14888 = DEFINITIONAL_REPRESENTATION('',(#14889),#14893);
#14889 = LINE('',#14890,#14891);
#14890 = CARTESIAN_POINT('',(0.,0.));
#14891 = VECTOR('',#14892,1.);
#14892 = DIRECTION('',(0.,-1.));
#14893 = ( GEOMETRIC_REPRESENTATION_CONTEXT(2) 
PARAMETRIC_REPRESENTATION_CONTEXT() REPRESENTATION_CONTEXT('2D SPACE',''
  ) );
#14894 = PCURVE('',#5817,#14895);
#14895 = DEFINITIONAL_REPRESENTATION('',(#14896),#14900);
#14896 = LINE('',#14897,#14898);
#14897 = CARTESIAN_POINT('',(3.002221399786,0.));
#14898 = VECTOR('',#14899,1.);
#14899 = DIRECTION('',(0.,-1.));
#14900 = ( GEOMETRIC_REPRESENTATION_CONTEXT(2) 
PARAMETRIC_REPRESENTATION_CONTEXT() REPRESENTATION_CONTEXT('2D SPACE',''
  ) );
#14901 = ORIENTED_EDGE('',*,*,#5773,.T.);
#14902 = ORIENTED_EDGE('',*,*,#14781,.F.);
#14903 = ORIENTED_EDGE('',*,*,#14904,.F.);
#14904 = EDGE_CURVE('',#14880,#14782,#14905,.T.);
#14905 = SURFACE_CURVE('',#14906,(#14910,#14917),.PCURVE_S1.);
#14906 = LINE('',#14907,#14908);
#14907 = CARTESIAN_POINT('',(6.,-3.002221399786,0.8));
#14908 = VECTOR('',#14909,1.);
#14909 = DIRECTION('',(0.866025403784,0.5,0.));
#14910 = PCURVE('',#5789,#14911);
#14911 = DEFINITIONAL_REPRESENTATION('',(#14912),#14916);
#14912 = LINE('',#14913,#14914);
#14913 = CARTESIAN_POINT('',(0.,0.));
#14914 = VECTOR('',#14915,1.);
#14915 = DIRECTION('',(1.,0.));
#14916 = ( GEOMETRIC_REPRESENTATION_CONTEXT(2) 
PARAMETRIC_REPRESENTATION_CONTEXT() REPRESENTATION_CONTEXT('2D SPACE',''
  ) );
#14917 = PCURVE('',#6099,#14918);
#14918 = DEFINITIONAL_REPRESENTATION('',(#14919),#14923);
#14919 = LINE('',#14920,#14921);
#14920 = CARTESIAN_POINT('',(0.,-3.002221399786));
#14921 = VECTOR('',#14922,1.);
#14922 = DIRECTION('',(0.866025403784,0.5));
#14923 = ( GEOMETRIC_REPRESENTATION_CONTEXT(2) 
PARAMETRIC_REPRESENTATION_CONTEXT() REPRESENTATION_CONTEXT('2D SPACE',''
  ) );
#14924 = ADVANCED_FACE('',(#14925),#5845,.T.);
#14925 = FACE_BOUND('',#14926,.T.);
#14926 = EDGE_LOOP('',(#14927,#14928,#14929,#14952));
#14927 = ORIENTED_EDGE('',*,*,#14832,.T.);
#14928 = ORIENTED_EDGE('',*,*,#5829,.T.);
#14929 = ORIENTED_EDGE('',*,*,#14930,.F.);
#14930 = EDGE_CURVE('',#14931,#5802,#14933,.T.);
#14931 = VERTEX_POINT('',#14932);
#14932 = CARTESIAN_POINT('',(3.4,-1.501110699893,0.8));
#14933 = SURFACE_CURVE('',#14934,(#14938,#14945),.PCURVE_S1.);
#14934 = LINE('',#14935,#14936);
#14935 = CARTESIAN_POINT('',(3.4,-1.501110699893,0.8));
#14936 = VECTOR('',#14937,1.);
#14937 = DIRECTION('',(0.,0.,1.));
#14938 = PCURVE('',#5845,#14939);
#14939 = DEFINITIONAL_REPRESENTATION('',(#14940),#14944);
#14940 = LINE('',#14941,#14942);
#14941 = CARTESIAN_POINT('',(3.002221399786,0.));
#14942 = VECTOR('',#14943,1.);
#14943 = DIRECTION('',(0.,-1.));
#14944 = ( GEOMETRIC_REPRESENTATION_CONTEXT(2) 
PARAMETRIC_REPRESENTATION_CONTEXT() REPRESENTATION_CONTEXT('2D SPACE',''
  ) );
#14945 = PCURVE('',#5817,#14946);
#14946 = DEFINITIONAL_REPRESENTATION('',(#14947),#14951);
#14947 = LINE('',#14948,#14949);
#14948 = CARTESIAN_POINT('',(0.,0.));
#14949 = VECTOR('',#14950,1.);
#14950 = DIRECTION('',(0.,-1.));
#14951 = ( GEOMETRIC_REPRESENTATION_CONTEXT(2) 
PARAMETRIC_REPRESENTATION_CONTEXT() REPRESENTATION_CONTEXT('2D SPACE',''
  ) );
#14952 = ORIENTED_EDGE('',*,*,#14953,.F.);
#14953 = EDGE_CURVE('',#14833,#14931,#14954,.T.);
#14954 = SURFACE_CURVE('',#14955,(#14959,#14966),.PCURVE_S1.);
#14955 = LINE('',#14956,#14957);
#14956 = CARTESIAN_POINT('',(3.4,1.501110699893,0.8));
#14957 = VECTOR('',#14958,1.);
#14958 = DIRECTION('',(0.,-1.,0.));
#14959 = PCURVE('',#5845,#14960);
#14960 = DEFINITIONAL_REPRESENTATION('',(#14961),#14965);
#14961 = LINE('',#14962,#14963);
#14962 = CARTESIAN_POINT('',(0.,0.));
#14963 = VECTOR('',#14964,1.);
#14964 = DIRECTION('',(1.,0.));
#14965 = ( GEOMETRIC_REPRESENTATION_CONTEXT(2) 
PARAMETRIC_REPRESENTATION_CONTEXT() REPRESENTATION_CONTEXT('2D SPACE',''
  ) );
#14966 = PCURVE('',#6099,#14967);
#14967 = DEFINITIONAL_REPRESENTATION('',(#14968),#14972);
#14968 = LINE('',#14969,#14970);
#14969 = CARTESIAN_POINT('',(-2.6,1.501110699893));
#14970 = VECTOR('',#14971,1.);
#14971 = DIRECTION('',(0.,-1.));
#14972 = ( GEOMETRIC_REPRESENTATION_CONTEXT(2) 
PARAMETRIC_REPRESENTATION_CONTEXT() REPRESENTATION_CONTEXT('2D SPACE',''
  ) );
#14973 = ADVANCED_FACE('',(#14974),#5817,.T.);
#14974 = FACE_BOUND('',#14975,.T.);
#14975 = EDGE_LOOP('',(#14976,#14977,#14978,#14979));
#14976 = ORIENTED_EDGE('',*,*,#14930,.T.);
#14977 = ORIENTED_EDGE('',*,*,#5801,.T.);
#14978 = ORIENTED_EDGE('',*,*,#14879,.F.);
#14979 = ORIENTED_EDGE('',*,*,#14980,.F.);
#14980 = EDGE_CURVE('',#14931,#14880,#14981,.T.);
#14981 = SURFACE_CURVE('',#14982,(#14986,#14993),.PCURVE_S1.);
#14982 = LINE('',#14983,#14984);
#14983 = CARTESIAN_POINT('',(3.4,-1.501110699893,0.8));
#14984 = VECTOR('',#14985,1.);
#14985 = DIRECTION('',(0.866025403784,-0.5,0.));
#14986 = PCURVE('',#5817,#14987);
#14987 = DEFINITIONAL_REPRESENTATION('',(#14988),#14992);
#14988 = LINE('',#14989,#14990);
#14989 = CARTESIAN_POINT('',(0.,0.));
#14990 = VECTOR('',#14991,1.);
#14991 = DIRECTION('',(1.,0.));
#14992 = ( GEOMETRIC_REPRESENTATION_CONTEXT(2) 
PARAMETRIC_REPRESENTATION_CONTEXT() REPRESENTATION_CONTEXT('2D SPACE',''
  ) );
#14993 = PCURVE('',#6099,#14994);
#14994 = DEFINITIONAL_REPRESENTATION('',(#14995),#14999);
#14995 = LINE('',#14996,#14997);
#14996 = CARTESIAN_POINT('',(-2.6,-1.501110699893));
#14997 = VECTOR('',#14998,1.);
#14998 = DIRECTION('',(0.866025403784,-0.5));
#14999 = ( GEOMETRIC_REPRESENTATION_CONTEXT(2) 
PARAMETRIC_REPRESENTATION_CONTEXT() REPRESENTATION_CONTEXT('2D SPACE',''
  ) );
#15000 = ADVANCED_FACE('',(#15001,#15009),#6040,.T.);
#15001 = FACE_BOUND('',#15002,.T.);
#15002 = EDGE_LOOP('',(#15003,#15004,#15005,#15006,#15007,#15008));
#15003 = ORIENTED_EDGE('',*,*,#14463,.T.);
#15004 = ORIENTED_EDGE('',*,*,#14561,.T.);
#15005 = ORIENTED_EDGE('',*,*,#14659,.T.);
#15006 = ORIENTED_EDGE('',*,*,#14686,.T.);
#15007 = ORIENTED_EDGE('',*,*,#14610,.T.);
#15008 = ORIENTED_EDGE('',*,*,#14512,.T.);
#15009 = FACE_BOUND('',#15010,.T.);
#15010 = EDGE_LOOP('',(#15011));
#15011 = ORIENTED_EDGE('',*,*,#6025,.T.);
#15012 = ADVANCED_FACE('',(#15013,#15021),#6099,.T.);
#15013 = FACE_BOUND('',#15014,.T.);
#15014 = EDGE_LOOP('',(#15015,#15016,#15017,#15018,#15019,#15020));
#15015 = ORIENTED_EDGE('',*,*,#14757,.T.);
#15016 = ORIENTED_EDGE('',*,*,#14855,.T.);
#15017 = ORIENTED_EDGE('',*,*,#14953,.T.);
#15018 = ORIENTED_EDGE('',*,*,#14980,.T.);
#15019 = ORIENTED_EDGE('',*,*,#14904,.T.);
#15020 = ORIENTED_EDGE('',*,*,#14806,.T.);
#15021 = FACE_BOUND('',#15022,.T.);
#15022 = EDGE_LOOP('',(#15023));
#15023 = ORIENTED_EDGE('',*,*,#6084,.T.);
#15024 = ADVANCED_FACE('',(#15025),#6180,.T.);
#15025 = FACE_BOUND('',#15026,.F.);
#15026 = EDGE_LOOP('',(#15027,#15028,#15029,#15030,#15031,#15032,#15033,
    #15034,#15035,#15036,#15037,#15038,#15039,#15040,#15041,#15042,
    #15043,#15044,#15045,#15046,#15047,#15048));
#15027 = ORIENTED_EDGE('',*,*,#6269,.T.);
#15028 = ORIENTED_EDGE('',*,*,#6367,.T.);
#15029 = ORIENTED_EDGE('',*,*,#6465,.T.);
#15030 = ORIENTED_EDGE('',*,*,#6563,.T.);
#15031 = ORIENTED_EDGE('',*,*,#6661,.T.);
#15032 = ORIENTED_EDGE('',*,*,#6759,.T.);
#15033 = ORIENTED_EDGE('',*,*,#6857,.T.);
#15034 = ORIENTED_EDGE('',*,*,#6955,.T.);
#15035 = ORIENTED_EDGE('',*,*,#7053,.T.);
#15036 = ORIENTED_EDGE('',*,*,#7151,.T.);
#15037 = ORIENTED_EDGE('',*,*,#7178,.T.);
#15038 = ORIENTED_EDGE('',*,*,#7102,.T.);
#15039 = ORIENTED_EDGE('',*,*,#7004,.T.);
#15040 = ORIENTED_EDGE('',*,*,#6906,.T.);
#15041 = ORIENTED_EDGE('',*,*,#6808,.T.);
#15042 = ORIENTED_EDGE('',*,*,#6710,.T.);
#15043 = ORIENTED_EDGE('',*,*,#6612,.T.);
#15044 = ORIENTED_EDGE('',*,*,#6514,.T.);
#15045 = ORIENTED_EDGE('',*,*,#6416,.T.);
#15046 = ORIENTED_EDGE('',*,*,#6318,.T.);
#15047 = ORIENTED_EDGE('',*,*,#6220,.T.);
#15048 = ORIENTED_EDGE('',*,*,#6166,.T.);
#15049 = ADVANCED_FACE('',(#15050,#15060),#7263,.T.);
#15050 = FACE_BOUND('',#15051,.F.);
#15051 = EDGE_LOOP('',(#15052,#15053,#15054,#15055,#15056,#15057,#15058,
    #15059));
#15052 = ORIENTED_EDGE('',*,*,#7352,.T.);
#15053 = ORIENTED_EDGE('',*,*,#7450,.T.);
#15054 = ORIENTED_EDGE('',*,*,#7548,.T.);
#15055 = ORIENTED_EDGE('',*,*,#7575,.T.);
#15056 = ORIENTED_EDGE('',*,*,#7499,.T.);
#15057 = ORIENTED_EDGE('',*,*,#7401,.T.);
#15058 = ORIENTED_EDGE('',*,*,#7303,.T.);
#15059 = ORIENTED_EDGE('',*,*,#7249,.T.);
#15060 = FACE_BOUND('',#15061,.F.);
#15061 = EDGE_LOOP('',(#15062,#15094,#15124,#15154,#15184,#15214,#15244,
    #15274));
#15062 = ORIENTED_EDGE('',*,*,#15063,.T.);
#15063 = EDGE_CURVE('',#15064,#15066,#15068,.T.);
#15064 = VERTEX_POINT('',#15065);
#15065 = CARTESIAN_POINT('',(-7.0611328125,-4.2208984375,2.7));
#15066 = VERTEX_POINT('',#15067);
#15067 = CARTESIAN_POINT('',(-7.26591796875,-4.3169921875,2.7));
#15068 = SURFACE_CURVE('',#15069,(#15073,#15080),.PCURVE_S1.);
#15069 = B_SPLINE_CURVE_WITH_KNOTS('',2,(#15070,#15071,#15072),
  .UNSPECIFIED.,.F.,.F.,(3,3),(0.,1.),.PIECEWISE_BEZIER_KNOTS.);
#15070 = CARTESIAN_POINT('',(-7.0611328125,-4.2208984375,2.7));
#15071 = CARTESIAN_POINT('',(-7.1900390625,-4.2208984375,2.7));
#15072 = CARTESIAN_POINT('',(-7.26591796875,-4.3169921875,2.7));
#15073 = PCURVE('',#7263,#15074);
#15074 = DEFINITIONAL_REPRESENTATION('',(#15075),#15079);
#15075 = B_SPLINE_CURVE_WITH_KNOTS('',2,(#15076,#15077,#15078),
  .UNSPECIFIED.,.F.,.F.,(3,3),(0.,1.),.PIECEWISE_BEZIER_KNOTS.);
#15076 = CARTESIAN_POINT('',(0.4728515625,0.79453125));
#15077 = CARTESIAN_POINT('',(0.3439453125,0.79453125));
#15078 = CARTESIAN_POINT('',(0.26806640625,0.6984375));
#15079 = ( GEOMETRIC_REPRESENTATION_CONTEXT(2) 
PARAMETRIC_REPRESENTATION_CONTEXT() REPRESENTATION_CONTEXT('2D SPACE',''
  ) );
#15080 = PCURVE('',#15081,#15088);
#15081 = SURFACE_OF_LINEAR_EXTRUSION('',#15082,#15086);
#15082 = B_SPLINE_CURVE_WITH_KNOTS('',2,(#15083,#15084,#15085),
  .UNSPECIFIED.,.F.,.F.,(3,3),(0.,1.),.PIECEWISE_BEZIER_KNOTS.);
#15083 = CARTESIAN_POINT('',(-7.0611328125,-4.2208984375,2.7));
#15084 = CARTESIAN_POINT('',(-7.1900390625,-4.2208984375,2.7));
#15085 = CARTESIAN_POINT('',(-7.26591796875,-4.3169921875,2.7));
#15086 = VECTOR('',#15087,1.);
#15087 = DIRECTION('',(-0.,-0.,-1.));
#15088 = DEFINITIONAL_REPRESENTATION('',(#15089),#15093);
#15089 = LINE('',#15090,#15091);
#15090 = CARTESIAN_POINT('',(0.,0.));
#15091 = VECTOR('',#15092,1.);
#15092 = DIRECTION('',(1.,0.));
#15093 = ( GEOMETRIC_REPRESENTATION_CONTEXT(2) 
PARAMETRIC_REPRESENTATION_CONTEXT() REPRESENTATION_CONTEXT('2D SPACE',''
  ) );
#15094 = ORIENTED_EDGE('',*,*,#15095,.T.);
#15095 = EDGE_CURVE('',#15066,#15096,#15098,.T.);
#15096 = VERTEX_POINT('',#15097);
#15097 = CARTESIAN_POINT('',(-7.341796875,-4.57890625,2.7));
#15098 = SURFACE_CURVE('',#15099,(#15103,#15110),.PCURVE_S1.);
#15099 = B_SPLINE_CURVE_WITH_KNOTS('',2,(#15100,#15101,#15102),
  .UNSPECIFIED.,.F.,.F.,(3,3),(0.,1.),.PIECEWISE_BEZIER_KNOTS.);
#15100 = CARTESIAN_POINT('',(-7.26591796875,-4.3169921875,2.7));
#15101 = CARTESIAN_POINT('',(-7.341796875,-4.4130859375,2.7));
#15102 = CARTESIAN_POINT('',(-7.341796875,-4.57890625,2.7));
#15103 = PCURVE('',#7263,#15104);
#15104 = DEFINITIONAL_REPRESENTATION('',(#15105),#15109);
#15105 = B_SPLINE_CURVE_WITH_KNOTS('',2,(#15106,#15107,#15108),
  .UNSPECIFIED.,.F.,.F.,(3,3),(0.,1.),.PIECEWISE_BEZIER_KNOTS.);
#15106 = CARTESIAN_POINT('',(0.26806640625,0.6984375));
#15107 = CARTESIAN_POINT('',(0.1921875,0.60234375));
#15108 = CARTESIAN_POINT('',(0.1921875,0.4365234375));
#15109 = ( GEOMETRIC_REPRESENTATION_CONTEXT(2) 
PARAMETRIC_REPRESENTATION_CONTEXT() REPRESENTATION_CONTEXT('2D SPACE',''
  ) );
#15110 = PCURVE('',#15111,#15118);
#15111 = SURFACE_OF_LINEAR_EXTRUSION('',#15112,#15116);
#15112 = B_SPLINE_CURVE_WITH_KNOTS('',2,(#15113,#15114,#15115),
  .UNSPECIFIED.,.F.,.F.,(3,3),(0.,1.),.PIECEWISE_BEZIER_KNOTS.);
#15113 = CARTESIAN_POINT('',(-7.26591796875,-4.3169921875,2.7));
#15114 = CARTESIAN_POINT('',(-7.341796875,-4.4130859375,2.7));
#15115 = CARTESIAN_POINT('',(-7.341796875,-4.57890625,2.7));
#15116 = VECTOR('',#15117,1.);
#15117 = DIRECTION('',(-0.,-0.,-1.));
#15118 = DEFINITIONAL_REPRESENTATION('',(#15119),#15123);
#15119 = LINE('',#15120,#15121);
#15120 = CARTESIAN_POINT('',(0.,0.));
#15121 = VECTOR('',#15122,1.);
#15122 = DIRECTION('',(1.,0.));
#15123 = ( GEOMETRIC_REPRESENTATION_CONTEXT(2) 
PARAMETRIC_REPRESENTATION_CONTEXT() REPRESENTATION_CONTEXT('2D SPACE',''
  ) );
#15124 = ORIENTED_EDGE('',*,*,#15125,.T.);
#15125 = EDGE_CURVE('',#15096,#15126,#15128,.T.);
#15126 = VERTEX_POINT('',#15127);
#15127 = CARTESIAN_POINT('',(-7.26591796875,-4.840234375,2.7));
#15128 = SURFACE_CURVE('',#15129,(#15133,#15140),.PCURVE_S1.);
#15129 = B_SPLINE_CURVE_WITH_KNOTS('',2,(#15130,#15131,#15132),
  .UNSPECIFIED.,.F.,.F.,(3,3),(0.,1.),.PIECEWISE_BEZIER_KNOTS.);
#15130 = CARTESIAN_POINT('',(-7.341796875,-4.57890625,2.7));
#15131 = CARTESIAN_POINT('',(-7.341796875,-4.744140625,2.7));
#15132 = CARTESIAN_POINT('',(-7.26591796875,-4.840234375,2.7));
#15133 = PCURVE('',#7263,#15134);
#15134 = DEFINITIONAL_REPRESENTATION('',(#15135),#15139);
#15135 = B_SPLINE_CURVE_WITH_KNOTS('',2,(#15136,#15137,#15138),
  .UNSPECIFIED.,.F.,.F.,(3,3),(0.,1.),.PIECEWISE_BEZIER_KNOTS.);
#15136 = CARTESIAN_POINT('',(0.1921875,0.4365234375));
#15137 = CARTESIAN_POINT('',(0.1921875,0.2712890625));
#15138 = CARTESIAN_POINT('',(0.26806640625,0.1751953125));
#15139 = ( GEOMETRIC_REPRESENTATION_CONTEXT(2) 
PARAMETRIC_REPRESENTATION_CONTEXT() REPRESENTATION_CONTEXT('2D SPACE',''
  ) );
#15140 = PCURVE('',#15141,#15148);
#15141 = SURFACE_OF_LINEAR_EXTRUSION('',#15142,#15146);
#15142 = B_SPLINE_CURVE_WITH_KNOTS('',2,(#15143,#15144,#15145),
  .UNSPECIFIED.,.F.,.F.,(3,3),(0.,1.),.PIECEWISE_BEZIER_KNOTS.);
#15143 = CARTESIAN_POINT('',(-7.341796875,-4.57890625,2.7));
#15144 = CARTESIAN_POINT('',(-7.341796875,-4.744140625,2.7));
#15145 = CARTESIAN_POINT('',(-7.26591796875,-4.840234375,2.7));
#15146 = VECTOR('',#15147,1.);
#15147 = DIRECTION('',(-0.,-0.,-1.));
#15148 = DEFINITIONAL_REPRESENTATION('',(#15149),#15153);
#15149 = LINE('',#15150,#15151);
#15150 = CARTESIAN_POINT('',(0.,0.));
#15151 = VECTOR('',#15152,1.);
#15152 = DIRECTION('',(1.,0.));
#15153 = ( GEOMETRIC_REPRESENTATION_CONTEXT(2) 
PARAMETRIC_REPRESENTATION_CONTEXT() REPRESENTATION_CONTEXT('2D SPACE',''
  ) );
#15154 = ORIENTED_EDGE('',*,*,#15155,.T.);
#15155 = EDGE_CURVE('',#15126,#15156,#15158,.T.);
#15156 = VERTEX_POINT('',#15157);
#15157 = CARTESIAN_POINT('',(-7.0611328125,-4.936328125,2.7));
#15158 = SURFACE_CURVE('',#15159,(#15163,#15170),.PCURVE_S1.);
#15159 = B_SPLINE_CURVE_WITH_KNOTS('',2,(#15160,#15161,#15162),
  .UNSPECIFIED.,.F.,.F.,(3,3),(0.,1.),.PIECEWISE_BEZIER_KNOTS.);
#15160 = CARTESIAN_POINT('',(-7.26591796875,-4.840234375,2.7));
#15161 = CARTESIAN_POINT('',(-7.1900390625,-4.936328125,2.7));
#15162 = CARTESIAN_POINT('',(-7.0611328125,-4.936328125,2.7));
#15163 = PCURVE('',#7263,#15164);
#15164 = DEFINITIONAL_REPRESENTATION('',(#15165),#15169);
#15165 = B_SPLINE_CURVE_WITH_KNOTS('',2,(#15166,#15167,#15168),
  .UNSPECIFIED.,.F.,.F.,(3,3),(0.,1.),.PIECEWISE_BEZIER_KNOTS.);
#15166 = CARTESIAN_POINT('',(0.26806640625,0.1751953125));
#15167 = CARTESIAN_POINT('',(0.3439453125,7.91015625E-02));
#15168 = CARTESIAN_POINT('',(0.4728515625,7.91015625E-02));
#15169 = ( GEOMETRIC_REPRESENTATION_CONTEXT(2) 
PARAMETRIC_REPRESENTATION_CONTEXT() REPRESENTATION_CONTEXT('2D SPACE',''
  ) );
#15170 = PCURVE('',#15171,#15178);
#15171 = SURFACE_OF_LINEAR_EXTRUSION('',#15172,#15176);
#15172 = B_SPLINE_CURVE_WITH_KNOTS('',2,(#15173,#15174,#15175),
  .UNSPECIFIED.,.F.,.F.,(3,3),(0.,1.),.PIECEWISE_BEZIER_KNOTS.);
#15173 = CARTESIAN_POINT('',(-7.26591796875,-4.840234375,2.7));
#15174 = CARTESIAN_POINT('',(-7.1900390625,-4.936328125,2.7));
#15175 = CARTESIAN_POINT('',(-7.0611328125,-4.936328125,2.7));
#15176 = VECTOR('',#15177,1.);
#15177 = DIRECTION('',(-0.,-0.,-1.));
#15178 = DEFINITIONAL_REPRESENTATION('',(#15179),#15183);
#15179 = LINE('',#15180,#15181);
#15180 = CARTESIAN_POINT('',(0.,0.));
#15181 = VECTOR('',#15182,1.);
#15182 = DIRECTION('',(1.,0.));
#15183 = ( GEOMETRIC_REPRESENTATION_CONTEXT(2) 
PARAMETRIC_REPRESENTATION_CONTEXT() REPRESENTATION_CONTEXT('2D SPACE',''
  ) );
#15184 = ORIENTED_EDGE('',*,*,#15185,.T.);
#15185 = EDGE_CURVE('',#15156,#15186,#15188,.T.);
#15186 = VERTEX_POINT('',#15187);
#15187 = CARTESIAN_POINT('',(-6.85693359375,-4.840234375,2.7));
#15188 = SURFACE_CURVE('',#15189,(#15193,#15200),.PCURVE_S1.);
#15189 = B_SPLINE_CURVE_WITH_KNOTS('',2,(#15190,#15191,#15192),
  .UNSPECIFIED.,.F.,.F.,(3,3),(0.,1.),.PIECEWISE_BEZIER_KNOTS.);
#15190 = CARTESIAN_POINT('',(-7.0611328125,-4.936328125,2.7));
#15191 = CARTESIAN_POINT('',(-6.9322265625,-4.936328125,2.7));
#15192 = CARTESIAN_POINT('',(-6.85693359375,-4.840234375,2.7));
#15193 = PCURVE('',#7263,#15194);
#15194 = DEFINITIONAL_REPRESENTATION('',(#15195),#15199);
#15195 = B_SPLINE_CURVE_WITH_KNOTS('',2,(#15196,#15197,#15198),
  .UNSPECIFIED.,.F.,.F.,(3,3),(0.,1.),.PIECEWISE_BEZIER_KNOTS.);
#15196 = CARTESIAN_POINT('',(0.4728515625,7.91015625E-02));
#15197 = CARTESIAN_POINT('',(0.6017578125,7.91015625E-02));
#15198 = CARTESIAN_POINT('',(0.67705078125,0.1751953125));
#15199 = ( GEOMETRIC_REPRESENTATION_CONTEXT(2) 
PARAMETRIC_REPRESENTATION_CONTEXT() REPRESENTATION_CONTEXT('2D SPACE',''
  ) );
#15200 = PCURVE('',#15201,#15208);
#15201 = SURFACE_OF_LINEAR_EXTRUSION('',#15202,#15206);
#15202 = B_SPLINE_CURVE_WITH_KNOTS('',2,(#15203,#15204,#15205),
  .UNSPECIFIED.,.F.,.F.,(3,3),(0.,1.),.PIECEWISE_BEZIER_KNOTS.);
#15203 = CARTESIAN_POINT('',(-7.0611328125,-4.936328125,2.7));
#15204 = CARTESIAN_POINT('',(-6.9322265625,-4.936328125,2.7));
#15205 = CARTESIAN_POINT('',(-6.85693359375,-4.840234375,2.7));
#15206 = VECTOR('',#15207,1.);
#15207 = DIRECTION('',(-0.,-0.,-1.));
#15208 = DEFINITIONAL_REPRESENTATION('',(#15209),#15213);
#15209 = LINE('',#15210,#15211);
#15210 = CARTESIAN_POINT('',(0.,0.));
#15211 = VECTOR('',#15212,1.);
#15212 = DIRECTION('',(1.,0.));
#15213 = ( GEOMETRIC_REPRESENTATION_CONTEXT(2) 
PARAMETRIC_REPRESENTATION_CONTEXT() REPRESENTATION_CONTEXT('2D SPACE',''
  ) );
#15214 = ORIENTED_EDGE('',*,*,#15215,.T.);
#15215 = EDGE_CURVE('',#15186,#15216,#15218,.T.);
#15216 = VERTEX_POINT('',#15217);
#15217 = CARTESIAN_POINT('',(-6.781640625,-4.57890625,2.7));
#15218 = SURFACE_CURVE('',#15219,(#15223,#15230),.PCURVE_S1.);
#15219 = B_SPLINE_CURVE_WITH_KNOTS('',2,(#15220,#15221,#15222),
  .UNSPECIFIED.,.F.,.F.,(3,3),(0.,1.),.PIECEWISE_BEZIER_KNOTS.);
#15220 = CARTESIAN_POINT('',(-6.85693359375,-4.840234375,2.7));
#15221 = CARTESIAN_POINT('',(-6.781640625,-4.744140625,2.7));
#15222 = CARTESIAN_POINT('',(-6.781640625,-4.57890625,2.7));
#15223 = PCURVE('',#7263,#15224);
#15224 = DEFINITIONAL_REPRESENTATION('',(#15225),#15229);
#15225 = B_SPLINE_CURVE_WITH_KNOTS('',2,(#15226,#15227,#15228),
  .UNSPECIFIED.,.F.,.F.,(3,3),(0.,1.),.PIECEWISE_BEZIER_KNOTS.);
#15226 = CARTESIAN_POINT('',(0.67705078125,0.1751953125));
#15227 = CARTESIAN_POINT('',(0.75234375,0.2712890625));
#15228 = CARTESIAN_POINT('',(0.75234375,0.4365234375));
#15229 = ( GEOMETRIC_REPRESENTATION_CONTEXT(2) 
PARAMETRIC_REPRESENTATION_CONTEXT() REPRESENTATION_CONTEXT('2D SPACE',''
  ) );
#15230 = PCURVE('',#15231,#15238);
#15231 = SURFACE_OF_LINEAR_EXTRUSION('',#15232,#15236);
#15232 = B_SPLINE_CURVE_WITH_KNOTS('',2,(#15233,#15234,#15235),
  .UNSPECIFIED.,.F.,.F.,(3,3),(0.,1.),.PIECEWISE_BEZIER_KNOTS.);
#15233 = CARTESIAN_POINT('',(-6.85693359375,-4.840234375,2.7));
#15234 = CARTESIAN_POINT('',(-6.781640625,-4.744140625,2.7));
#15235 = CARTESIAN_POINT('',(-6.781640625,-4.57890625,2.7));
#15236 = VECTOR('',#15237,1.);
#15237 = DIRECTION('',(-0.,-0.,-1.));
#15238 = DEFINITIONAL_REPRESENTATION('',(#15239),#15243);
#15239 = LINE('',#15240,#15241);
#15240 = CARTESIAN_POINT('',(0.,0.));
#15241 = VECTOR('',#15242,1.);
#15242 = DIRECTION('',(1.,0.));
#15243 = ( GEOMETRIC_REPRESENTATION_CONTEXT(2) 
PARAMETRIC_REPRESENTATION_CONTEXT() REPRESENTATION_CONTEXT('2D SPACE',''
  ) );
#15244 = ORIENTED_EDGE('',*,*,#15245,.T.);
#15245 = EDGE_CURVE('',#15216,#15246,#15248,.T.);
#15246 = VERTEX_POINT('',#15247);
#15247 = CARTESIAN_POINT('',(-6.85693359375,-4.3169921875,2.7));
#15248 = SURFACE_CURVE('',#15249,(#15253,#15260),.PCURVE_S1.);
#15249 = B_SPLINE_CURVE_WITH_KNOTS('',2,(#15250,#15251,#15252),
  .UNSPECIFIED.,.F.,.F.,(3,3),(0.,1.),.PIECEWISE_BEZIER_KNOTS.);
#15250 = CARTESIAN_POINT('',(-6.781640625,-4.57890625,2.7));
#15251 = CARTESIAN_POINT('',(-6.781640625,-4.4130859375,2.7));
#15252 = CARTESIAN_POINT('',(-6.85693359375,-4.3169921875,2.7));
#15253 = PCURVE('',#7263,#15254);
#15254 = DEFINITIONAL_REPRESENTATION('',(#15255),#15259);
#15255 = B_SPLINE_CURVE_WITH_KNOTS('',2,(#15256,#15257,#15258),
  .UNSPECIFIED.,.F.,.F.,(3,3),(0.,1.),.PIECEWISE_BEZIER_KNOTS.);
#15256 = CARTESIAN_POINT('',(0.75234375,0.4365234375));
#15257 = CARTESIAN_POINT('',(0.75234375,0.60234375));
#15258 = CARTESIAN_POINT('',(0.67705078125,0.6984375));
#15259 = ( GEOMETRIC_REPRESENTATION_CONTEXT(2) 
PARAMETRIC_REPRESENTATION_CONTEXT() REPRESENTATION_CONTEXT('2D SPACE',''
  ) );
#15260 = PCURVE('',#15261,#15268);
#15261 = SURFACE_OF_LINEAR_EXTRUSION('',#15262,#15266);
#15262 = B_SPLINE_CURVE_WITH_KNOTS('',2,(#15263,#15264,#15265),
  .UNSPECIFIED.,.F.,.F.,(3,3),(0.,1.),.PIECEWISE_BEZIER_KNOTS.);
#15263 = CARTESIAN_POINT('',(-6.781640625,-4.57890625,2.7));
#15264 = CARTESIAN_POINT('',(-6.781640625,-4.4130859375,2.7));
#15265 = CARTESIAN_POINT('',(-6.85693359375,-4.3169921875,2.7));
#15266 = VECTOR('',#15267,1.);
#15267 = DIRECTION('',(-0.,-0.,-1.));
#15268 = DEFINITIONAL_REPRESENTATION('',(#15269),#15273);
#15269 = LINE('',#15270,#15271);
#15270 = CARTESIAN_POINT('',(0.,0.));
#15271 = VECTOR('',#15272,1.);
#15272 = DIRECTION('',(1.,0.));
#15273 = ( GEOMETRIC_REPRESENTATION_CONTEXT(2) 
PARAMETRIC_REPRESENTATION_CONTEXT() REPRESENTATION_CONTEXT('2D SPACE',''
  ) );
#15274 = ORIENTED_EDGE('',*,*,#15275,.T.);
#15275 = EDGE_CURVE('',#15246,#15064,#15276,.T.);
#15276 = SURFACE_CURVE('',#15277,(#15281,#15288),.PCURVE_S1.);
#15277 = B_SPLINE_CURVE_WITH_KNOTS('',2,(#15278,#15279,#15280),
  .UNSPECIFIED.,.F.,.F.,(3,3),(0.,1.),.PIECEWISE_BEZIER_KNOTS.);
#15278 = CARTESIAN_POINT('',(-6.85693359375,-4.3169921875,2.7));
#15279 = CARTESIAN_POINT('',(-6.9322265625,-4.2208984375,2.7));
#15280 = CARTESIAN_POINT('',(-7.0611328125,-4.2208984375,2.7));
#15281 = PCURVE('',#7263,#15282);
#15282 = DEFINITIONAL_REPRESENTATION('',(#15283),#15287);
#15283 = B_SPLINE_CURVE_WITH_KNOTS('',2,(#15284,#15285,#15286),
  .UNSPECIFIED.,.F.,.F.,(3,3),(0.,1.),.PIECEWISE_BEZIER_KNOTS.);
#15284 = CARTESIAN_POINT('',(0.67705078125,0.6984375));
#15285 = CARTESIAN_POINT('',(0.6017578125,0.79453125));
#15286 = CARTESIAN_POINT('',(0.4728515625,0.79453125));
#15287 = ( GEOMETRIC_REPRESENTATION_CONTEXT(2) 
PARAMETRIC_REPRESENTATION_CONTEXT() REPRESENTATION_CONTEXT('2D SPACE',''
  ) );
#15288 = PCURVE('',#15289,#15296);
#15289 = SURFACE_OF_LINEAR_EXTRUSION('',#15290,#15294);
#15290 = B_SPLINE_CURVE_WITH_KNOTS('',2,(#15291,#15292,#15293),
  .UNSPECIFIED.,.F.,.F.,(3,3),(0.,1.),.PIECEWISE_BEZIER_KNOTS.);
#15291 = CARTESIAN_POINT('',(-6.85693359375,-4.3169921875,2.7));
#15292 = CARTESIAN_POINT('',(-6.9322265625,-4.2208984375,2.7));
#15293 = CARTESIAN_POINT('',(-7.0611328125,-4.2208984375,2.7));
#15294 = VECTOR('',#15295,1.);
#15295 = DIRECTION('',(-0.,-0.,-1.));
#15296 = DEFINITIONAL_REPRESENTATION('',(#15297),#15301);
#15297 = LINE('',#15298,#15299);
#15298 = CARTESIAN_POINT('',(0.,0.));
#15299 = VECTOR('',#15300,1.);
#15300 = DIRECTION('',(1.,0.));
#15301 = ( GEOMETRIC_REPRESENTATION_CONTEXT(2) 
PARAMETRIC_REPRESENTATION_CONTEXT() REPRESENTATION_CONTEXT('2D SPACE',''
  ) );
#15302 = ADVANCED_FACE('',(#15303),#7660,.T.);
#15303 = FACE_BOUND('',#15304,.F.);
#15304 = EDGE_LOOP('',(#15305,#15306,#15307,#15308,#15309,#15310,#15311,
    #15312,#15313,#15314,#15315,#15316,#15317,#15318,#15319,#15320,
    #15321,#15322,#15323,#15324,#15325,#15326));
#15305 = ORIENTED_EDGE('',*,*,#7749,.T.);
#15306 = ORIENTED_EDGE('',*,*,#7847,.T.);
#15307 = ORIENTED_EDGE('',*,*,#7945,.T.);
#15308 = ORIENTED_EDGE('',*,*,#8043,.T.);
#15309 = ORIENTED_EDGE('',*,*,#8141,.T.);
#15310 = ORIENTED_EDGE('',*,*,#8239,.T.);
#15311 = ORIENTED_EDGE('',*,*,#8337,.T.);
#15312 = ORIENTED_EDGE('',*,*,#8435,.T.);
#15313 = ORIENTED_EDGE('',*,*,#8533,.T.);
#15314 = ORIENTED_EDGE('',*,*,#8631,.T.);
#15315 = ORIENTED_EDGE('',*,*,#8658,.T.);
#15316 = ORIENTED_EDGE('',*,*,#8582,.T.);
#15317 = ORIENTED_EDGE('',*,*,#8484,.T.);
#15318 = ORIENTED_EDGE('',*,*,#8386,.T.);
#15319 = ORIENTED_EDGE('',*,*,#8288,.T.);
#15320 = ORIENTED_EDGE('',*,*,#8190,.T.);
#15321 = ORIENTED_EDGE('',*,*,#8092,.T.);
#15322 = ORIENTED_EDGE('',*,*,#7994,.T.);
#15323 = ORIENTED_EDGE('',*,*,#7896,.T.);
#15324 = ORIENTED_EDGE('',*,*,#7798,.T.);
#15325 = ORIENTED_EDGE('',*,*,#7700,.T.);
#15326 = ORIENTED_EDGE('',*,*,#7646,.T.);
#15327 = ADVANCED_FACE('',(#15328),#8743,.T.);
#15328 = FACE_BOUND('',#15329,.F.);
#15329 = EDGE_LOOP('',(#15330,#15331,#15332,#15333));
#15330 = ORIENTED_EDGE('',*,*,#8832,.T.);
#15331 = ORIENTED_EDGE('',*,*,#8859,.T.);
#15332 = ORIENTED_EDGE('',*,*,#8783,.T.);
#15333 = ORIENTED_EDGE('',*,*,#8729,.T.);
#15334 = ADVANCED_FACE('',(#15335),#8944,.T.);
#15335 = FACE_BOUND('',#15336,.F.);
#15336 = EDGE_LOOP('',(#15337,#15338,#15339,#15340,#15341,#15342,#15343,
    #15344,#15345,#15346,#15347));
#15337 = ORIENTED_EDGE('',*,*,#9033,.T.);
#15338 = ORIENTED_EDGE('',*,*,#9131,.T.);
#15339 = ORIENTED_EDGE('',*,*,#9229,.T.);
#15340 = ORIENTED_EDGE('',*,*,#9327,.T.);
#15341 = ORIENTED_EDGE('',*,*,#9403,.T.);
#15342 = ORIENTED_EDGE('',*,*,#9376,.T.);
#15343 = ORIENTED_EDGE('',*,*,#9278,.T.);
#15344 = ORIENTED_EDGE('',*,*,#9180,.T.);
#15345 = ORIENTED_EDGE('',*,*,#9082,.T.);
#15346 = ORIENTED_EDGE('',*,*,#8984,.T.);
#15347 = ORIENTED_EDGE('',*,*,#8930,.T.);
#15348 = ADVANCED_FACE('',(#15349,#15359),#9488,.T.);
#15349 = FACE_BOUND('',#15350,.F.);
#15350 = EDGE_LOOP('',(#15351,#15352,#15353,#15354,#15355,#15356,#15357,
    #15358));
#15351 = ORIENTED_EDGE('',*,*,#9577,.T.);
#15352 = ORIENTED_EDGE('',*,*,#9675,.T.);
#15353 = ORIENTED_EDGE('',*,*,#9773,.T.);
#15354 = ORIENTED_EDGE('',*,*,#9800,.T.);
#15355 = ORIENTED_EDGE('',*,*,#9724,.T.);
#15356 = ORIENTED_EDGE('',*,*,#9626,.T.);
#15357 = ORIENTED_EDGE('',*,*,#9528,.T.);
#15358 = ORIENTED_EDGE('',*,*,#9474,.T.);
#15359 = FACE_BOUND('',#15360,.F.);
#15360 = EDGE_LOOP('',(#15361,#15393,#15423,#15453,#15483,#15513,#15543,
    #15573));
#15361 = ORIENTED_EDGE('',*,*,#15362,.T.);
#15362 = EDGE_CURVE('',#15363,#15365,#15367,.T.);
#15363 = VERTEX_POINT('',#15364);
#15364 = CARTESIAN_POINT('',(-3.9181640625,-4.2185546875,2.7));
#15365 = VERTEX_POINT('',#15366);
#15366 = CARTESIAN_POINT('',(-4.05556640625,-4.30849609375,2.7));
#15367 = SURFACE_CURVE('',#15368,(#15372,#15379),.PCURVE_S1.);
#15368 = B_SPLINE_CURVE_WITH_KNOTS('',2,(#15369,#15370,#15371),
  .UNSPECIFIED.,.F.,.F.,(3,3),(0.,1.),.PIECEWISE_BEZIER_KNOTS.);
#15369 = CARTESIAN_POINT('',(-3.9181640625,-4.2185546875,2.7));
#15370 = CARTESIAN_POINT('',(-4.0095703125,-4.2185546875,2.7));
#15371 = CARTESIAN_POINT('',(-4.05556640625,-4.30849609375,2.7));
#15372 = PCURVE('',#9488,#15373);
#15373 = DEFINITIONAL_REPRESENTATION('',(#15374),#15378);
#15374 = B_SPLINE_CURVE_WITH_KNOTS('',2,(#15375,#15376,#15377),
  .UNSPECIFIED.,.F.,.F.,(3,3),(0.,1.),.PIECEWISE_BEZIER_KNOTS.);
#15375 = CARTESIAN_POINT('',(0.3814453125,0.796875));
#15376 = CARTESIAN_POINT('',(0.2900390625,0.796875));
#15377 = CARTESIAN_POINT('',(0.24404296875,0.70693359375));
#15378 = ( GEOMETRIC_REPRESENTATION_CONTEXT(2) 
PARAMETRIC_REPRESENTATION_CONTEXT() REPRESENTATION_CONTEXT('2D SPACE',''
  ) );
#15379 = PCURVE('',#15380,#15387);
#15380 = SURFACE_OF_LINEAR_EXTRUSION('',#15381,#15385);
#15381 = B_SPLINE_CURVE_WITH_KNOTS('',2,(#15382,#15383,#15384),
  .UNSPECIFIED.,.F.,.F.,(3,3),(0.,1.),.PIECEWISE_BEZIER_KNOTS.);
#15382 = CARTESIAN_POINT('',(-3.9181640625,-4.2185546875,2.7));
#15383 = CARTESIAN_POINT('',(-4.0095703125,-4.2185546875,2.7));
#15384 = CARTESIAN_POINT('',(-4.05556640625,-4.30849609375,2.7));
#15385 = VECTOR('',#15386,1.);
#15386 = DIRECTION('',(-0.,-0.,-1.));
#15387 = DEFINITIONAL_REPRESENTATION('',(#15388),#15392);
#15388 = LINE('',#15389,#15390);
#15389 = CARTESIAN_POINT('',(0.,0.));
#15390 = VECTOR('',#15391,1.);
#15391 = DIRECTION('',(1.,0.));
#15392 = ( GEOMETRIC_REPRESENTATION_CONTEXT(2) 
PARAMETRIC_REPRESENTATION_CONTEXT() REPRESENTATION_CONTEXT('2D SPACE',''
  ) );
#15393 = ORIENTED_EDGE('',*,*,#15394,.T.);
#15394 = EDGE_CURVE('',#15365,#15395,#15397,.T.);
#15395 = VERTEX_POINT('',#15396);
#15396 = CARTESIAN_POINT('',(-4.1015625,-4.57890625,2.7));
#15397 = SURFACE_CURVE('',#15398,(#15402,#15409),.PCURVE_S1.);
#15398 = B_SPLINE_CURVE_WITH_KNOTS('',2,(#15399,#15400,#15401),
  .UNSPECIFIED.,.F.,.F.,(3,3),(0.,1.),.PIECEWISE_BEZIER_KNOTS.);
#15399 = CARTESIAN_POINT('',(-4.05556640625,-4.30849609375,2.7));
#15400 = CARTESIAN_POINT('',(-4.1015625,-4.3984375,2.7));
#15401 = CARTESIAN_POINT('',(-4.1015625,-4.57890625,2.7));
#15402 = PCURVE('',#9488,#15403);
#15403 = DEFINITIONAL_REPRESENTATION('',(#15404),#15408);
#15404 = B_SPLINE_CURVE_WITH_KNOTS('',2,(#15405,#15406,#15407),
  .UNSPECIFIED.,.F.,.F.,(3,3),(0.,1.),.PIECEWISE_BEZIER_KNOTS.);
#15405 = CARTESIAN_POINT('',(0.24404296875,0.70693359375));
#15406 = CARTESIAN_POINT('',(0.198046875,0.6169921875));
#15407 = CARTESIAN_POINT('',(0.198046875,0.4365234375));
#15408 = ( GEOMETRIC_REPRESENTATION_CONTEXT(2) 
PARAMETRIC_REPRESENTATION_CONTEXT() REPRESENTATION_CONTEXT('2D SPACE',''
  ) );
#15409 = PCURVE('',#15410,#15417);
#15410 = SURFACE_OF_LINEAR_EXTRUSION('',#15411,#15415);
#15411 = B_SPLINE_CURVE_WITH_KNOTS('',2,(#15412,#15413,#15414),
  .UNSPECIFIED.,.F.,.F.,(3,3),(0.,1.),.PIECEWISE_BEZIER_KNOTS.);
#15412 = CARTESIAN_POINT('',(-4.05556640625,-4.30849609375,2.7));
#15413 = CARTESIAN_POINT('',(-4.1015625,-4.3984375,2.7));
#15414 = CARTESIAN_POINT('',(-4.1015625,-4.57890625,2.7));
#15415 = VECTOR('',#15416,1.);
#15416 = DIRECTION('',(-0.,-0.,-1.));
#15417 = DEFINITIONAL_REPRESENTATION('',(#15418),#15422);
#15418 = LINE('',#15419,#15420);
#15419 = CARTESIAN_POINT('',(0.,0.));
#15420 = VECTOR('',#15421,1.);
#15421 = DIRECTION('',(1.,0.));
#15422 = ( GEOMETRIC_REPRESENTATION_CONTEXT(2) 
PARAMETRIC_REPRESENTATION_CONTEXT() REPRESENTATION_CONTEXT('2D SPACE',''
  ) );
#15423 = ORIENTED_EDGE('',*,*,#15424,.T.);
#15424 = EDGE_CURVE('',#15395,#15425,#15427,.T.);
#15425 = VERTEX_POINT('',#15426);
#15426 = CARTESIAN_POINT('',(-4.05556640625,-4.84873046875,2.7));
#15427 = SURFACE_CURVE('',#15428,(#15432,#15439),.PCURVE_S1.);
#15428 = B_SPLINE_CURVE_WITH_KNOTS('',2,(#15429,#15430,#15431),
  .UNSPECIFIED.,.F.,.F.,(3,3),(0.,1.),.PIECEWISE_BEZIER_KNOTS.);
#15429 = CARTESIAN_POINT('',(-4.1015625,-4.57890625,2.7));
#15430 = CARTESIAN_POINT('',(-4.1015625,-4.7587890625,2.7));
#15431 = CARTESIAN_POINT('',(-4.05556640625,-4.84873046875,2.7));
#15432 = PCURVE('',#9488,#15433);
#15433 = DEFINITIONAL_REPRESENTATION('',(#15434),#15438);
#15434 = B_SPLINE_CURVE_WITH_KNOTS('',2,(#15435,#15436,#15437),
  .UNSPECIFIED.,.F.,.F.,(3,3),(0.,1.),.PIECEWISE_BEZIER_KNOTS.);
#15435 = CARTESIAN_POINT('',(0.198046875,0.4365234375));
#15436 = CARTESIAN_POINT('',(0.198046875,0.256640625));
#15437 = CARTESIAN_POINT('',(0.24404296875,0.16669921875));
#15438 = ( GEOMETRIC_REPRESENTATION_CONTEXT(2) 
PARAMETRIC_REPRESENTATION_CONTEXT() REPRESENTATION_CONTEXT('2D SPACE',''
  ) );
#15439 = PCURVE('',#15440,#15447);
#15440 = SURFACE_OF_LINEAR_EXTRUSION('',#15441,#15445);
#15441 = B_SPLINE_CURVE_WITH_KNOTS('',2,(#15442,#15443,#15444),
  .UNSPECIFIED.,.F.,.F.,(3,3),(0.,1.),.PIECEWISE_BEZIER_KNOTS.);
#15442 = CARTESIAN_POINT('',(-4.1015625,-4.57890625,2.7));
#15443 = CARTESIAN_POINT('',(-4.1015625,-4.7587890625,2.7));
#15444 = CARTESIAN_POINT('',(-4.05556640625,-4.84873046875,2.7));
#15445 = VECTOR('',#15446,1.);
#15446 = DIRECTION('',(-0.,-0.,-1.));
#15447 = DEFINITIONAL_REPRESENTATION('',(#15448),#15452);
#15448 = LINE('',#15449,#15450);
#15449 = CARTESIAN_POINT('',(0.,0.));
#15450 = VECTOR('',#15451,1.);
#15451 = DIRECTION('',(1.,0.));
#15452 = ( GEOMETRIC_REPRESENTATION_CONTEXT(2) 
PARAMETRIC_REPRESENTATION_CONTEXT() REPRESENTATION_CONTEXT('2D SPACE',''
  ) );
#15453 = ORIENTED_EDGE('',*,*,#15454,.T.);
#15454 = EDGE_CURVE('',#15425,#15455,#15457,.T.);
#15455 = VERTEX_POINT('',#15456);
#15456 = CARTESIAN_POINT('',(-3.9181640625,-4.938671875,2.7));
#15457 = SURFACE_CURVE('',#15458,(#15462,#15469),.PCURVE_S1.);
#15458 = B_SPLINE_CURVE_WITH_KNOTS('',2,(#15459,#15460,#15461),
  .UNSPECIFIED.,.F.,.F.,(3,3),(0.,1.),.PIECEWISE_BEZIER_KNOTS.);
#15459 = CARTESIAN_POINT('',(-4.05556640625,-4.84873046875,2.7));
#15460 = CARTESIAN_POINT('',(-4.0095703125,-4.938671875,2.7));
#15461 = CARTESIAN_POINT('',(-3.9181640625,-4.938671875,2.7));
#15462 = PCURVE('',#9488,#15463);
#15463 = DEFINITIONAL_REPRESENTATION('',(#15464),#15468);
#15464 = B_SPLINE_CURVE_WITH_KNOTS('',2,(#15465,#15466,#15467),
  .UNSPECIFIED.,.F.,.F.,(3,3),(0.,1.),.PIECEWISE_BEZIER_KNOTS.);
#15465 = CARTESIAN_POINT('',(0.24404296875,0.16669921875));
#15466 = CARTESIAN_POINT('',(0.2900390625,7.67578125E-02));
#15467 = CARTESIAN_POINT('',(0.3814453125,7.67578125E-02));
#15468 = ( GEOMETRIC_REPRESENTATION_CONTEXT(2) 
PARAMETRIC_REPRESENTATION_CONTEXT() REPRESENTATION_CONTEXT('2D SPACE',''
  ) );
#15469 = PCURVE('',#15470,#15477);
#15470 = SURFACE_OF_LINEAR_EXTRUSION('',#15471,#15475);
#15471 = B_SPLINE_CURVE_WITH_KNOTS('',2,(#15472,#15473,#15474),
  .UNSPECIFIED.,.F.,.F.,(3,3),(0.,1.),.PIECEWISE_BEZIER_KNOTS.);
#15472 = CARTESIAN_POINT('',(-4.05556640625,-4.84873046875,2.7));
#15473 = CARTESIAN_POINT('',(-4.0095703125,-4.938671875,2.7));
#15474 = CARTESIAN_POINT('',(-3.9181640625,-4.938671875,2.7));
#15475 = VECTOR('',#15476,1.);
#15476 = DIRECTION('',(-0.,-0.,-1.));
#15477 = DEFINITIONAL_REPRESENTATION('',(#15478),#15482);
#15478 = LINE('',#15479,#15480);
#15479 = CARTESIAN_POINT('',(0.,0.));
#15480 = VECTOR('',#15481,1.);
#15481 = DIRECTION('',(1.,0.));
#15482 = ( GEOMETRIC_REPRESENTATION_CONTEXT(2) 
PARAMETRIC_REPRESENTATION_CONTEXT() REPRESENTATION_CONTEXT('2D SPACE',''
  ) );
#15483 = ORIENTED_EDGE('',*,*,#15484,.T.);
#15484 = EDGE_CURVE('',#15455,#15485,#15487,.T.);
#15485 = VERTEX_POINT('',#15486);
#15486 = CARTESIAN_POINT('',(-3.78017578125,-4.84873046875,2.7));
#15487 = SURFACE_CURVE('',#15488,(#15492,#15499),.PCURVE_S1.);
#15488 = B_SPLINE_CURVE_WITH_KNOTS('',2,(#15489,#15490,#15491),
  .UNSPECIFIED.,.F.,.F.,(3,3),(0.,1.),.PIECEWISE_BEZIER_KNOTS.);
#15489 = CARTESIAN_POINT('',(-3.9181640625,-4.938671875,2.7));
#15490 = CARTESIAN_POINT('',(-3.826171875,-4.938671875,2.7));
#15491 = CARTESIAN_POINT('',(-3.78017578125,-4.84873046875,2.7));
#15492 = PCURVE('',#9488,#15493);
#15493 = DEFINITIONAL_REPRESENTATION('',(#15494),#15498);
#15494 = B_SPLINE_CURVE_WITH_KNOTS('',2,(#15495,#15496,#15497),
  .UNSPECIFIED.,.F.,.F.,(3,3),(0.,1.),.PIECEWISE_BEZIER_KNOTS.);
#15495 = CARTESIAN_POINT('',(0.3814453125,7.67578125E-02));
#15496 = CARTESIAN_POINT('',(0.4734375,7.67578125E-02));
#15497 = CARTESIAN_POINT('',(0.51943359375,0.16669921875));
#15498 = ( GEOMETRIC_REPRESENTATION_CONTEXT(2) 
PARAMETRIC_REPRESENTATION_CONTEXT() REPRESENTATION_CONTEXT('2D SPACE',''
  ) );
#15499 = PCURVE('',#15500,#15507);
#15500 = SURFACE_OF_LINEAR_EXTRUSION('',#15501,#15505);
#15501 = B_SPLINE_CURVE_WITH_KNOTS('',2,(#15502,#15503,#15504),
  .UNSPECIFIED.,.F.,.F.,(3,3),(0.,1.),.PIECEWISE_BEZIER_KNOTS.);
#15502 = CARTESIAN_POINT('',(-3.9181640625,-4.938671875,2.7));
#15503 = CARTESIAN_POINT('',(-3.826171875,-4.938671875,2.7));
#15504 = CARTESIAN_POINT('',(-3.78017578125,-4.84873046875,2.7));
#15505 = VECTOR('',#15506,1.);
#15506 = DIRECTION('',(-0.,-0.,-1.));
#15507 = DEFINITIONAL_REPRESENTATION('',(#15508),#15512);
#15508 = LINE('',#15509,#15510);
#15509 = CARTESIAN_POINT('',(0.,0.));
#15510 = VECTOR('',#15511,1.);
#15511 = DIRECTION('',(1.,0.));
#15512 = ( GEOMETRIC_REPRESENTATION_CONTEXT(2) 
PARAMETRIC_REPRESENTATION_CONTEXT() REPRESENTATION_CONTEXT('2D SPACE',''
  ) );
#15513 = ORIENTED_EDGE('',*,*,#15514,.T.);
#15514 = EDGE_CURVE('',#15485,#15515,#15517,.T.);
#15515 = VERTEX_POINT('',#15516);
#15516 = CARTESIAN_POINT('',(-3.7341796875,-4.57890625,2.7));
#15517 = SURFACE_CURVE('',#15518,(#15522,#15529),.PCURVE_S1.);
#15518 = B_SPLINE_CURVE_WITH_KNOTS('',2,(#15519,#15520,#15521),
  .UNSPECIFIED.,.F.,.F.,(3,3),(0.,1.),.PIECEWISE_BEZIER_KNOTS.);
#15519 = CARTESIAN_POINT('',(-3.78017578125,-4.84873046875,2.7));
#15520 = CARTESIAN_POINT('',(-3.7341796875,-4.7587890625,2.7));
#15521 = CARTESIAN_POINT('',(-3.7341796875,-4.57890625,2.7));
#15522 = PCURVE('',#9488,#15523);
#15523 = DEFINITIONAL_REPRESENTATION('',(#15524),#15528);
#15524 = B_SPLINE_CURVE_WITH_KNOTS('',2,(#15525,#15526,#15527),
  .UNSPECIFIED.,.F.,.F.,(3,3),(0.,1.),.PIECEWISE_BEZIER_KNOTS.);
#15525 = CARTESIAN_POINT('',(0.51943359375,0.16669921875));
#15526 = CARTESIAN_POINT('',(0.5654296875,0.256640625));
#15527 = CARTESIAN_POINT('',(0.5654296875,0.4365234375));
#15528 = ( GEOMETRIC_REPRESENTATION_CONTEXT(2) 
PARAMETRIC_REPRESENTATION_CONTEXT() REPRESENTATION_CONTEXT('2D SPACE',''
  ) );
#15529 = PCURVE('',#15530,#15537);
#15530 = SURFACE_OF_LINEAR_EXTRUSION('',#15531,#15535);
#15531 = B_SPLINE_CURVE_WITH_KNOTS('',2,(#15532,#15533,#15534),
  .UNSPECIFIED.,.F.,.F.,(3,3),(0.,1.),.PIECEWISE_BEZIER_KNOTS.);
#15532 = CARTESIAN_POINT('',(-3.78017578125,-4.84873046875,2.7));
#15533 = CARTESIAN_POINT('',(-3.7341796875,-4.7587890625,2.7));
#15534 = CARTESIAN_POINT('',(-3.7341796875,-4.57890625,2.7));
#15535 = VECTOR('',#15536,1.);
#15536 = DIRECTION('',(-0.,-0.,-1.));
#15537 = DEFINITIONAL_REPRESENTATION('',(#15538),#15542);
#15538 = LINE('',#15539,#15540);
#15539 = CARTESIAN_POINT('',(0.,0.));
#15540 = VECTOR('',#15541,1.);
#15541 = DIRECTION('',(1.,0.));
#15542 = ( GEOMETRIC_REPRESENTATION_CONTEXT(2) 
PARAMETRIC_REPRESENTATION_CONTEXT() REPRESENTATION_CONTEXT('2D SPACE',''
  ) );
#15543 = ORIENTED_EDGE('',*,*,#15544,.T.);
#15544 = EDGE_CURVE('',#15515,#15545,#15547,.T.);
#15545 = VERTEX_POINT('',#15546);
#15546 = CARTESIAN_POINT('',(-3.78017578125,-4.30849609375,2.7));
#15547 = SURFACE_CURVE('',#15548,(#15552,#15559),.PCURVE_S1.);
#15548 = B_SPLINE_CURVE_WITH_KNOTS('',2,(#15549,#15550,#15551),
  .UNSPECIFIED.,.F.,.F.,(3,3),(0.,1.),.PIECEWISE_BEZIER_KNOTS.);
#15549 = CARTESIAN_POINT('',(-3.7341796875,-4.57890625,2.7));
#15550 = CARTESIAN_POINT('',(-3.7341796875,-4.3984375,2.7));
#15551 = CARTESIAN_POINT('',(-3.78017578125,-4.30849609375,2.7));
#15552 = PCURVE('',#9488,#15553);
#15553 = DEFINITIONAL_REPRESENTATION('',(#15554),#15558);
#15554 = B_SPLINE_CURVE_WITH_KNOTS('',2,(#15555,#15556,#15557),
  .UNSPECIFIED.,.F.,.F.,(3,3),(0.,1.),.PIECEWISE_BEZIER_KNOTS.);
#15555 = CARTESIAN_POINT('',(0.5654296875,0.4365234375));
#15556 = CARTESIAN_POINT('',(0.5654296875,0.6169921875));
#15557 = CARTESIAN_POINT('',(0.51943359375,0.70693359375));
#15558 = ( GEOMETRIC_REPRESENTATION_CONTEXT(2) 
PARAMETRIC_REPRESENTATION_CONTEXT() REPRESENTATION_CONTEXT('2D SPACE',''
  ) );
#15559 = PCURVE('',#15560,#15567);
#15560 = SURFACE_OF_LINEAR_EXTRUSION('',#15561,#15565);
#15561 = B_SPLINE_CURVE_WITH_KNOTS('',2,(#15562,#15563,#15564),
  .UNSPECIFIED.,.F.,.F.,(3,3),(0.,1.),.PIECEWISE_BEZIER_KNOTS.);
#15562 = CARTESIAN_POINT('',(-3.7341796875,-4.57890625,2.7));
#15563 = CARTESIAN_POINT('',(-3.7341796875,-4.3984375,2.7));
#15564 = CARTESIAN_POINT('',(-3.78017578125,-4.30849609375,2.7));
#15565 = VECTOR('',#15566,1.);
#15566 = DIRECTION('',(-0.,-0.,-1.));
#15567 = DEFINITIONAL_REPRESENTATION('',(#15568),#15572);
#15568 = LINE('',#15569,#15570);
#15569 = CARTESIAN_POINT('',(0.,0.));
#15570 = VECTOR('',#15571,1.);
#15571 = DIRECTION('',(1.,0.));
#15572 = ( GEOMETRIC_REPRESENTATION_CONTEXT(2) 
PARAMETRIC_REPRESENTATION_CONTEXT() REPRESENTATION_CONTEXT('2D SPACE',''
  ) );
#15573 = ORIENTED_EDGE('',*,*,#15574,.T.);
#15574 = EDGE_CURVE('',#15545,#15363,#15575,.T.);
#15575 = SURFACE_CURVE('',#15576,(#15580,#15587),.PCURVE_S1.);
#15576 = B_SPLINE_CURVE_WITH_KNOTS('',2,(#15577,#15578,#15579),
  .UNSPECIFIED.,.F.,.F.,(3,3),(0.,1.),.PIECEWISE_BEZIER_KNOTS.);
#15577 = CARTESIAN_POINT('',(-3.78017578125,-4.30849609375,2.7));
#15578 = CARTESIAN_POINT('',(-3.826171875,-4.2185546875,2.7));
#15579 = CARTESIAN_POINT('',(-3.9181640625,-4.2185546875,2.7));
#15580 = PCURVE('',#9488,#15581);
#15581 = DEFINITIONAL_REPRESENTATION('',(#15582),#15586);
#15582 = B_SPLINE_CURVE_WITH_KNOTS('',2,(#15583,#15584,#15585),
  .UNSPECIFIED.,.F.,.F.,(3,3),(0.,1.),.PIECEWISE_BEZIER_KNOTS.);
#15583 = CARTESIAN_POINT('',(0.51943359375,0.70693359375));
#15584 = CARTESIAN_POINT('',(0.4734375,0.796875));
#15585 = CARTESIAN_POINT('',(0.3814453125,0.796875));
#15586 = ( GEOMETRIC_REPRESENTATION_CONTEXT(2) 
PARAMETRIC_REPRESENTATION_CONTEXT() REPRESENTATION_CONTEXT('2D SPACE',''
  ) );
#15587 = PCURVE('',#15588,#15595);
#15588 = SURFACE_OF_LINEAR_EXTRUSION('',#15589,#15593);
#15589 = B_SPLINE_CURVE_WITH_KNOTS('',2,(#15590,#15591,#15592),
  .UNSPECIFIED.,.F.,.F.,(3,3),(0.,1.),.PIECEWISE_BEZIER_KNOTS.);
#15590 = CARTESIAN_POINT('',(-3.78017578125,-4.30849609375,2.7));
#15591 = CARTESIAN_POINT('',(-3.826171875,-4.2185546875,2.7));
#15592 = CARTESIAN_POINT('',(-3.9181640625,-4.2185546875,2.7));
#15593 = VECTOR('',#15594,1.);
#15594 = DIRECTION('',(-0.,-0.,-1.));
#15595 = DEFINITIONAL_REPRESENTATION('',(#15596),#15600);
#15596 = LINE('',#15597,#15598);
#15597 = CARTESIAN_POINT('',(0.,0.));
#15598 = VECTOR('',#15599,1.);
#15599 = DIRECTION('',(1.,0.));
#15600 = ( GEOMETRIC_REPRESENTATION_CONTEXT(2) 
PARAMETRIC_REPRESENTATION_CONTEXT() REPRESENTATION_CONTEXT('2D SPACE',''
  ) );
#15601 = ADVANCED_FACE('',(#15602,#15620),#9885,.T.);
#15602 = FACE_BOUND('',#15603,.F.);
#15603 = EDGE_LOOP('',(#15604,#15605,#15606,#15607,#15608,#15609,#15610,
    #15611,#15612,#15613,#15614,#15615,#15616,#15617,#15618,#15619));
#15604 = ORIENTED_EDGE('',*,*,#10589,.T.);
#15605 = ORIENTED_EDGE('',*,*,#10562,.T.);
#15606 = ORIENTED_EDGE('',*,*,#10513,.T.);
#15607 = ORIENTED_EDGE('',*,*,#10464,.T.);
#15608 = ORIENTED_EDGE('',*,*,#10415,.T.);
#15609 = ORIENTED_EDGE('',*,*,#10366,.T.);
#15610 = ORIENTED_EDGE('',*,*,#10317,.T.);
#15611 = ORIENTED_EDGE('',*,*,#10268,.T.);
#15612 = ORIENTED_EDGE('',*,*,#10219,.T.);
#15613 = ORIENTED_EDGE('',*,*,#10170,.T.);
#15614 = ORIENTED_EDGE('',*,*,#10121,.T.);
#15615 = ORIENTED_EDGE('',*,*,#10072,.T.);
#15616 = ORIENTED_EDGE('',*,*,#10023,.T.);
#15617 = ORIENTED_EDGE('',*,*,#9974,.T.);
#15618 = ORIENTED_EDGE('',*,*,#9925,.T.);
#15619 = ORIENTED_EDGE('',*,*,#9871,.T.);
#15620 = FACE_BOUND('',#15621,.F.);
#15621 = EDGE_LOOP('',(#15622,#15652,#15680,#15708,#15738,#15768,#15798)
  );
#15622 = ORIENTED_EDGE('',*,*,#15623,.T.);
#15623 = EDGE_CURVE('',#15624,#15626,#15628,.T.);
#15624 = VERTEX_POINT('',#15625);
#15625 = CARTESIAN_POINT('',(3.7171875,-4.237890625,2.7));
#15626 = VERTEX_POINT('',#15627);
#15627 = CARTESIAN_POINT('',(3.568359375,-4.237890625,2.7));
#15628 = SURFACE_CURVE('',#15629,(#15633,#15640),.PCURVE_S1.);
#15629 = LINE('',#15630,#15631);
#15630 = CARTESIAN_POINT('',(3.7171875,-4.237890625,2.7));
#15631 = VECTOR('',#15632,1.);
#15632 = DIRECTION('',(-1.,0.,0.));
#15633 = PCURVE('',#9885,#15634);
#15634 = DEFINITIONAL_REPRESENTATION('',(#15635),#15639);
#15635 = LINE('',#15636,#15637);
#15636 = CARTESIAN_POINT('',(0.3849609375,0.7775390625));
#15637 = VECTOR('',#15638,1.);
#15638 = DIRECTION('',(-1.,0.));
#15639 = ( GEOMETRIC_REPRESENTATION_CONTEXT(2) 
PARAMETRIC_REPRESENTATION_CONTEXT() REPRESENTATION_CONTEXT('2D SPACE',''
  ) );
#15640 = PCURVE('',#15641,#15646);
#15641 = PLANE('',#15642);
#15642 = AXIS2_PLACEMENT_3D('',#15643,#15644,#15645);
#15643 = CARTESIAN_POINT('',(3.7171875,-4.237890625,2.7));
#15644 = DIRECTION('',(0.,-1.,0.));
#15645 = DIRECTION('',(-1.,0.,0.));
#15646 = DEFINITIONAL_REPRESENTATION('',(#15647),#15651);
#15647 = LINE('',#15648,#15649);
#15648 = CARTESIAN_POINT('',(8.881784197001E-16,0.));
#15649 = VECTOR('',#15650,1.);
#15650 = DIRECTION('',(1.,0.));
#15651 = ( GEOMETRIC_REPRESENTATION_CONTEXT(2) 
PARAMETRIC_REPRESENTATION_CONTEXT() REPRESENTATION_CONTEXT('2D SPACE',''
  ) );
#15652 = ORIENTED_EDGE('',*,*,#15653,.T.);
#15653 = EDGE_CURVE('',#15626,#15654,#15656,.T.);
#15654 = VERTEX_POINT('',#15655);
#15655 = CARTESIAN_POINT('',(3.568359375,-4.5484375,2.7));
#15656 = SURFACE_CURVE('',#15657,(#15661,#15668),.PCURVE_S1.);
#15657 = LINE('',#15658,#15659);
#15658 = CARTESIAN_POINT('',(3.568359375,-4.237890625,2.7));
#15659 = VECTOR('',#15660,1.);
#15660 = DIRECTION('',(0.,-1.,0.));
#15661 = PCURVE('',#9885,#15662);
#15662 = DEFINITIONAL_REPRESENTATION('',(#15663),#15667);
#15663 = LINE('',#15664,#15665);
#15664 = CARTESIAN_POINT('',(0.2361328125,0.7775390625));
#15665 = VECTOR('',#15666,1.);
#15666 = DIRECTION('',(0.,-1.));
#15667 = ( GEOMETRIC_REPRESENTATION_CONTEXT(2) 
PARAMETRIC_REPRESENTATION_CONTEXT() REPRESENTATION_CONTEXT('2D SPACE',''
  ) );
#15668 = PCURVE('',#15669,#15674);
#15669 = PLANE('',#15670);
#15670 = AXIS2_PLACEMENT_3D('',#15671,#15672,#15673);
#15671 = CARTESIAN_POINT('',(3.568359375,-4.237890625,2.7));
#15672 = DIRECTION('',(1.,0.,0.));
#15673 = DIRECTION('',(0.,-1.,0.));
#15674 = DEFINITIONAL_REPRESENTATION('',(#15675),#15679);
#15675 = LINE('',#15676,#15677);
#15676 = CARTESIAN_POINT('',(0.,0.));
#15677 = VECTOR('',#15678,1.);
#15678 = DIRECTION('',(1.,0.));
#15679 = ( GEOMETRIC_REPRESENTATION_CONTEXT(2) 
PARAMETRIC_REPRESENTATION_CONTEXT() REPRESENTATION_CONTEXT('2D SPACE',''
  ) );
#15680 = ORIENTED_EDGE('',*,*,#15681,.T.);
#15681 = EDGE_CURVE('',#15654,#15682,#15684,.T.);
#15682 = VERTEX_POINT('',#15683);
#15683 = CARTESIAN_POINT('',(3.7171875,-4.5484375,2.7));
#15684 = SURFACE_CURVE('',#15685,(#15689,#15696),.PCURVE_S1.);
#15685 = LINE('',#15686,#15687);
#15686 = CARTESIAN_POINT('',(3.568359375,-4.5484375,2.7));
#15687 = VECTOR('',#15688,1.);
#15688 = DIRECTION('',(1.,0.,0.));
#15689 = PCURVE('',#9885,#15690);
#15690 = DEFINITIONAL_REPRESENTATION('',(#15691),#15695);
#15691 = LINE('',#15692,#15693);
#15692 = CARTESIAN_POINT('',(0.2361328125,0.4669921875));
#15693 = VECTOR('',#15694,1.);
#15694 = DIRECTION('',(1.,0.));
#15695 = ( GEOMETRIC_REPRESENTATION_CONTEXT(2) 
PARAMETRIC_REPRESENTATION_CONTEXT() REPRESENTATION_CONTEXT('2D SPACE',''
  ) );
#15696 = PCURVE('',#15697,#15702);
#15697 = PLANE('',#15698);
#15698 = AXIS2_PLACEMENT_3D('',#15699,#15700,#15701);
#15699 = CARTESIAN_POINT('',(3.568359375,-4.5484375,2.7));
#15700 = DIRECTION('',(0.,1.,0.));
#15701 = DIRECTION('',(1.,0.,0.));
#15702 = DEFINITIONAL_REPRESENTATION('',(#15703),#15707);
#15703 = LINE('',#15704,#15705);
#15704 = CARTESIAN_POINT('',(-8.881784197001E-16,0.));
#15705 = VECTOR('',#15706,1.);
#15706 = DIRECTION('',(1.,0.));
#15707 = ( GEOMETRIC_REPRESENTATION_CONTEXT(2) 
PARAMETRIC_REPRESENTATION_CONTEXT() REPRESENTATION_CONTEXT('2D SPACE',''
  ) );
#15708 = ORIENTED_EDGE('',*,*,#15709,.T.);
#15709 = EDGE_CURVE('',#15682,#15710,#15712,.T.);
#15710 = VERTEX_POINT('',#15711);
#15711 = CARTESIAN_POINT('',(3.84638671875,-4.50888671875,2.7));
#15712 = SURFACE_CURVE('',#15713,(#15717,#15724),.PCURVE_S1.);
#15713 = B_SPLINE_CURVE_WITH_KNOTS('',2,(#15714,#15715,#15716),
  .UNSPECIFIED.,.F.,.F.,(3,3),(0.,1.),.PIECEWISE_BEZIER_KNOTS.);
#15714 = CARTESIAN_POINT('',(3.7171875,-4.5484375,2.7));
#15715 = CARTESIAN_POINT('',(3.802734375,-4.5484375,2.7));
#15716 = CARTESIAN_POINT('',(3.84638671875,-4.50888671875,2.7));
#15717 = PCURVE('',#9885,#15718);
#15718 = DEFINITIONAL_REPRESENTATION('',(#15719),#15723);
#15719 = B_SPLINE_CURVE_WITH_KNOTS('',2,(#15720,#15721,#15722),
  .UNSPECIFIED.,.F.,.F.,(3,3),(0.,1.),.PIECEWISE_BEZIER_KNOTS.);
#15720 = CARTESIAN_POINT('',(0.3849609375,0.4669921875));
#15721 = CARTESIAN_POINT('',(0.4705078125,0.4669921875));
#15722 = CARTESIAN_POINT('',(0.51416015625,0.50654296875));
#15723 = ( GEOMETRIC_REPRESENTATION_CONTEXT(2) 
PARAMETRIC_REPRESENTATION_CONTEXT() REPRESENTATION_CONTEXT('2D SPACE',''
  ) );
#15724 = PCURVE('',#15725,#15732);
#15725 = SURFACE_OF_LINEAR_EXTRUSION('',#15726,#15730);
#15726 = B_SPLINE_CURVE_WITH_KNOTS('',2,(#15727,#15728,#15729),
  .UNSPECIFIED.,.F.,.F.,(3,3),(0.,1.),.PIECEWISE_BEZIER_KNOTS.);
#15727 = CARTESIAN_POINT('',(3.7171875,-4.5484375,2.7));
#15728 = CARTESIAN_POINT('',(3.802734375,-4.5484375,2.7));
#15729 = CARTESIAN_POINT('',(3.84638671875,-4.50888671875,2.7));
#15730 = VECTOR('',#15731,1.);
#15731 = DIRECTION('',(-0.,-0.,-1.));
#15732 = DEFINITIONAL_REPRESENTATION('',(#15733),#15737);
#15733 = LINE('',#15734,#15735);
#15734 = CARTESIAN_POINT('',(0.,0.));
#15735 = VECTOR('',#15736,1.);
#15736 = DIRECTION('',(1.,0.));
#15737 = ( GEOMETRIC_REPRESENTATION_CONTEXT(2) 
PARAMETRIC_REPRESENTATION_CONTEXT() REPRESENTATION_CONTEXT('2D SPACE',''
  ) );
#15738 = ORIENTED_EDGE('',*,*,#15739,.T.);
#15739 = EDGE_CURVE('',#15710,#15740,#15742,.T.);
#15740 = VERTEX_POINT('',#15741);
#15741 = CARTESIAN_POINT('',(3.8900390625,-4.392578125,2.7));
#15742 = SURFACE_CURVE('',#15743,(#15747,#15754),.PCURVE_S1.);
#15743 = B_SPLINE_CURVE_WITH_KNOTS('',2,(#15744,#15745,#15746),
  .UNSPECIFIED.,.F.,.F.,(3,3),(0.,1.),.PIECEWISE_BEZIER_KNOTS.);
#15744 = CARTESIAN_POINT('',(3.84638671875,-4.50888671875,2.7));
#15745 = CARTESIAN_POINT('',(3.8900390625,-4.4693359375,2.7));
#15746 = CARTESIAN_POINT('',(3.8900390625,-4.392578125,2.7));
#15747 = PCURVE('',#9885,#15748);
#15748 = DEFINITIONAL_REPRESENTATION('',(#15749),#15753);
#15749 = B_SPLINE_CURVE_WITH_KNOTS('',2,(#15750,#15751,#15752),
  .UNSPECIFIED.,.F.,.F.,(3,3),(0.,1.),.PIECEWISE_BEZIER_KNOTS.);
#15750 = CARTESIAN_POINT('',(0.51416015625,0.50654296875));
#15751 = CARTESIAN_POINT('',(0.5578125,0.54609375));
#15752 = CARTESIAN_POINT('',(0.5578125,0.6228515625));
#15753 = ( GEOMETRIC_REPRESENTATION_CONTEXT(2) 
PARAMETRIC_REPRESENTATION_CONTEXT() REPRESENTATION_CONTEXT('2D SPACE',''
  ) );
#15754 = PCURVE('',#15755,#15762);
#15755 = SURFACE_OF_LINEAR_EXTRUSION('',#15756,#15760);
#15756 = B_SPLINE_CURVE_WITH_KNOTS('',2,(#15757,#15758,#15759),
  .UNSPECIFIED.,.F.,.F.,(3,3),(0.,1.),.PIECEWISE_BEZIER_KNOTS.);
#15757 = CARTESIAN_POINT('',(3.84638671875,-4.50888671875,2.7));
#15758 = CARTESIAN_POINT('',(3.8900390625,-4.4693359375,2.7));
#15759 = CARTESIAN_POINT('',(3.8900390625,-4.392578125,2.7));
#15760 = VECTOR('',#15761,1.);
#15761 = DIRECTION('',(-0.,-0.,-1.));
#15762 = DEFINITIONAL_REPRESENTATION('',(#15763),#15767);
#15763 = LINE('',#15764,#15765);
#15764 = CARTESIAN_POINT('',(0.,0.));
#15765 = VECTOR('',#15766,1.);
#15766 = DIRECTION('',(1.,0.));
#15767 = ( GEOMETRIC_REPRESENTATION_CONTEXT(2) 
PARAMETRIC_REPRESENTATION_CONTEXT() REPRESENTATION_CONTEXT('2D SPACE',''
  ) );
#15768 = ORIENTED_EDGE('',*,*,#15769,.T.);
#15769 = EDGE_CURVE('',#15740,#15770,#15772,.T.);
#15770 = VERTEX_POINT('',#15771);
#15771 = CARTESIAN_POINT('',(3.84638671875,-4.27685546875,2.7));
#15772 = SURFACE_CURVE('',#15773,(#15777,#15784),.PCURVE_S1.);
#15773 = B_SPLINE_CURVE_WITH_KNOTS('',2,(#15774,#15775,#15776),
  .UNSPECIFIED.,.F.,.F.,(3,3),(0.,1.),.PIECEWISE_BEZIER_KNOTS.);
#15774 = CARTESIAN_POINT('',(3.8900390625,-4.392578125,2.7));
#15775 = CARTESIAN_POINT('',(3.8900390625,-4.3158203125,2.7));
#15776 = CARTESIAN_POINT('',(3.84638671875,-4.27685546875,2.7));
#15777 = PCURVE('',#9885,#15778);
#15778 = DEFINITIONAL_REPRESENTATION('',(#15779),#15783);
#15779 = B_SPLINE_CURVE_WITH_KNOTS('',2,(#15780,#15781,#15782),
  .UNSPECIFIED.,.F.,.F.,(3,3),(0.,1.),.PIECEWISE_BEZIER_KNOTS.);
#15780 = CARTESIAN_POINT('',(0.5578125,0.6228515625));
#15781 = CARTESIAN_POINT('',(0.5578125,0.699609375));
#15782 = CARTESIAN_POINT('',(0.51416015625,0.73857421875));
#15783 = ( GEOMETRIC_REPRESENTATION_CONTEXT(2) 
PARAMETRIC_REPRESENTATION_CONTEXT() REPRESENTATION_CONTEXT('2D SPACE',''
  ) );
#15784 = PCURVE('',#15785,#15792);
#15785 = SURFACE_OF_LINEAR_EXTRUSION('',#15786,#15790);
#15786 = B_SPLINE_CURVE_WITH_KNOTS('',2,(#15787,#15788,#15789),
  .UNSPECIFIED.,.F.,.F.,(3,3),(0.,1.),.PIECEWISE_BEZIER_KNOTS.);
#15787 = CARTESIAN_POINT('',(3.8900390625,-4.392578125,2.7));
#15788 = CARTESIAN_POINT('',(3.8900390625,-4.3158203125,2.7));
#15789 = CARTESIAN_POINT('',(3.84638671875,-4.27685546875,2.7));
#15790 = VECTOR('',#15791,1.);
#15791 = DIRECTION('',(-0.,-0.,-1.));
#15792 = DEFINITIONAL_REPRESENTATION('',(#15793),#15797);
#15793 = LINE('',#15794,#15795);
#15794 = CARTESIAN_POINT('',(0.,0.));
#15795 = VECTOR('',#15796,1.);
#15796 = DIRECTION('',(1.,0.));
#15797 = ( GEOMETRIC_REPRESENTATION_CONTEXT(2) 
PARAMETRIC_REPRESENTATION_CONTEXT() REPRESENTATION_CONTEXT('2D SPACE',''
  ) );
#15798 = ORIENTED_EDGE('',*,*,#15799,.T.);
#15799 = EDGE_CURVE('',#15770,#15624,#15800,.T.);
#15800 = SURFACE_CURVE('',#15801,(#15805,#15812),.PCURVE_S1.);
#15801 = B_SPLINE_CURVE_WITH_KNOTS('',2,(#15802,#15803,#15804),
  .UNSPECIFIED.,.F.,.F.,(3,3),(0.,1.),.PIECEWISE_BEZIER_KNOTS.);
#15802 = CARTESIAN_POINT('',(3.84638671875,-4.27685546875,2.7));
#15803 = CARTESIAN_POINT('',(3.802734375,-4.237890625,2.7));
#15804 = CARTESIAN_POINT('',(3.7171875,-4.237890625,2.7));
#15805 = PCURVE('',#9885,#15806);
#15806 = DEFINITIONAL_REPRESENTATION('',(#15807),#15811);
#15807 = B_SPLINE_CURVE_WITH_KNOTS('',2,(#15808,#15809,#15810),
  .UNSPECIFIED.,.F.,.F.,(3,3),(0.,1.),.PIECEWISE_BEZIER_KNOTS.);
#15808 = CARTESIAN_POINT('',(0.51416015625,0.73857421875));
#15809 = CARTESIAN_POINT('',(0.4705078125,0.7775390625));
#15810 = CARTESIAN_POINT('',(0.3849609375,0.7775390625));
#15811 = ( GEOMETRIC_REPRESENTATION_CONTEXT(2) 
PARAMETRIC_REPRESENTATION_CONTEXT() REPRESENTATION_CONTEXT('2D SPACE',''
  ) );
#15812 = PCURVE('',#15813,#15820);
#15813 = SURFACE_OF_LINEAR_EXTRUSION('',#15814,#15818);
#15814 = B_SPLINE_CURVE_WITH_KNOTS('',2,(#15815,#15816,#15817),
  .UNSPECIFIED.,.F.,.F.,(3,3),(0.,1.),.PIECEWISE_BEZIER_KNOTS.);
#15815 = CARTESIAN_POINT('',(3.84638671875,-4.27685546875,2.7));
#15816 = CARTESIAN_POINT('',(3.802734375,-4.237890625,2.7));
#15817 = CARTESIAN_POINT('',(3.7171875,-4.237890625,2.7));
#15818 = VECTOR('',#15819,1.);
#15819 = DIRECTION('',(-0.,-0.,-1.));
#15820 = DEFINITIONAL_REPRESENTATION('',(#15821),#15825);
#15821 = LINE('',#15822,#15823);
#15822 = CARTESIAN_POINT('',(0.,0.));
#15823 = VECTOR('',#15824,1.);
#15824 = DIRECTION('',(1.,0.));
#15825 = ( GEOMETRIC_REPRESENTATION_CONTEXT(2) 
PARAMETRIC_REPRESENTATION_CONTEXT() REPRESENTATION_CONTEXT('2D SPACE',''
  ) );
#15826 = ADVANCED_FACE('',(#15827),#10674,.T.);
#15827 = FACE_BOUND('',#15828,.F.);
#15828 = EDGE_LOOP('',(#15829,#15830,#15831,#15832,#15833,#15834,#15835,
    #15836,#15837,#15838,#15839,#15840));
#15829 = ORIENTED_EDGE('',*,*,#11182,.T.);
#15830 = ORIENTED_EDGE('',*,*,#11155,.T.);
#15831 = ORIENTED_EDGE('',*,*,#11106,.T.);
#15832 = ORIENTED_EDGE('',*,*,#11057,.T.);
#15833 = ORIENTED_EDGE('',*,*,#11008,.T.);
#15834 = ORIENTED_EDGE('',*,*,#10959,.T.);
#15835 = ORIENTED_EDGE('',*,*,#10910,.T.);
#15836 = ORIENTED_EDGE('',*,*,#10861,.T.);
#15837 = ORIENTED_EDGE('',*,*,#10812,.T.);
#15838 = ORIENTED_EDGE('',*,*,#10763,.T.);
#15839 = ORIENTED_EDGE('',*,*,#10714,.T.);
#15840 = ORIENTED_EDGE('',*,*,#10660,.T.);
#15841 = ADVANCED_FACE('',(#15842),#11267,.T.);
#15842 = FACE_BOUND('',#15843,.F.);
#15843 = EDGE_LOOP('',(#15844,#15845,#15846,#15847,#15848,#15849,#15850,
    #15851,#15852,#15853));
#15844 = ORIENTED_EDGE('',*,*,#11677,.T.);
#15845 = ORIENTED_EDGE('',*,*,#11650,.T.);
#15846 = ORIENTED_EDGE('',*,*,#11601,.T.);
#15847 = ORIENTED_EDGE('',*,*,#11552,.T.);
#15848 = ORIENTED_EDGE('',*,*,#11503,.T.);
#15849 = ORIENTED_EDGE('',*,*,#11454,.T.);
#15850 = ORIENTED_EDGE('',*,*,#11405,.T.);
#15851 = ORIENTED_EDGE('',*,*,#11356,.T.);
#15852 = ORIENTED_EDGE('',*,*,#11307,.T.);
#15853 = ORIENTED_EDGE('',*,*,#11253,.T.);
#15854 = ADVANCED_FACE('',(#15855),#11762,.T.);
#15855 = FACE_BOUND('',#15856,.F.);
#15856 = EDGE_LOOP('',(#15857,#15858,#15859,#15860,#15861,#15862,#15863,
    #15864,#15865,#15866,#15867,#15868,#15869,#15870,#15871,#15872,
    #15873,#15874,#15875,#15876,#15877,#15878));
#15857 = ORIENTED_EDGE('',*,*,#12760,.T.);
#15858 = ORIENTED_EDGE('',*,*,#12733,.T.);
#15859 = ORIENTED_EDGE('',*,*,#12684,.T.);
#15860 = ORIENTED_EDGE('',*,*,#12635,.T.);
#15861 = ORIENTED_EDGE('',*,*,#12586,.T.);
#15862 = ORIENTED_EDGE('',*,*,#12537,.T.);
#15863 = ORIENTED_EDGE('',*,*,#12488,.T.);
#15864 = ORIENTED_EDGE('',*,*,#12439,.T.);
#15865 = ORIENTED_EDGE('',*,*,#12390,.T.);
#15866 = ORIENTED_EDGE('',*,*,#12341,.T.);
#15867 = ORIENTED_EDGE('',*,*,#12292,.T.);
#15868 = ORIENTED_EDGE('',*,*,#12243,.T.);
#15869 = ORIENTED_EDGE('',*,*,#12194,.T.);
#15870 = ORIENTED_EDGE('',*,*,#12145,.T.);
#15871 = ORIENTED_EDGE('',*,*,#12096,.T.);
#15872 = ORIENTED_EDGE('',*,*,#12047,.T.);
#15873 = ORIENTED_EDGE('',*,*,#11998,.T.);
#15874 = ORIENTED_EDGE('',*,*,#11949,.T.);
#15875 = ORIENTED_EDGE('',*,*,#11900,.T.);
#15876 = ORIENTED_EDGE('',*,*,#11851,.T.);
#15877 = ORIENTED_EDGE('',*,*,#11802,.T.);
#15878 = ORIENTED_EDGE('',*,*,#11748,.T.);
#15879 = ADVANCED_FACE('',(#15880),#12845,.T.);
#15880 = FACE_BOUND('',#15881,.F.);
#15881 = EDGE_LOOP('',(#15882,#15883,#15884,#15885));
#15882 = ORIENTED_EDGE('',*,*,#12961,.T.);
#15883 = ORIENTED_EDGE('',*,*,#12934,.T.);
#15884 = ORIENTED_EDGE('',*,*,#12885,.T.);
#15885 = ORIENTED_EDGE('',*,*,#12831,.T.);
#15886 = ADVANCED_FACE('',(#15887),#13046,.T.);
#15887 = FACE_BOUND('',#15888,.F.);
#15888 = EDGE_LOOP('',(#15889,#15890,#15891,#15892,#15893,#15894,#15895,
    #15896,#15897,#15898,#15899,#15900,#15901,#15902,#15903,#15904,
    #15905,#15906,#15907,#15908,#15909));
#15889 = ORIENTED_EDGE('',*,*,#13995,.T.);
#15890 = ORIENTED_EDGE('',*,*,#13968,.T.);
#15891 = ORIENTED_EDGE('',*,*,#13919,.T.);
#15892 = ORIENTED_EDGE('',*,*,#13870,.T.);
#15893 = ORIENTED_EDGE('',*,*,#13821,.T.);
#15894 = ORIENTED_EDGE('',*,*,#13772,.T.);
#15895 = ORIENTED_EDGE('',*,*,#13723,.T.);
#15896 = ORIENTED_EDGE('',*,*,#13674,.T.);
#15897 = ORIENTED_EDGE('',*,*,#13625,.T.);
#15898 = ORIENTED_EDGE('',*,*,#13576,.T.);
#15899 = ORIENTED_EDGE('',*,*,#13527,.T.);
#15900 = ORIENTED_EDGE('',*,*,#13478,.T.);
#15901 = ORIENTED_EDGE('',*,*,#13429,.T.);
#15902 = ORIENTED_EDGE('',*,*,#13380,.T.);
#15903 = ORIENTED_EDGE('',*,*,#13331,.T.);
#15904 = ORIENTED_EDGE('',*,*,#13282,.T.);
#15905 = ORIENTED_EDGE('',*,*,#13233,.T.);
#15906 = ORIENTED_EDGE('',*,*,#13184,.T.);
#15907 = ORIENTED_EDGE('',*,*,#13135,.T.);
#15908 = ORIENTED_EDGE('',*,*,#13086,.T.);
#15909 = ORIENTED_EDGE('',*,*,#13032,.T.);
#15910 = ADVANCED_FACE('',(#15911,#15921),#14080,.T.);
#15911 = FACE_BOUND('',#15912,.F.);
#15912 = EDGE_LOOP('',(#15913,#15914,#15915,#15916,#15917,#15918,#15919,
    #15920));
#15913 = ORIENTED_EDGE('',*,*,#14392,.T.);
#15914 = ORIENTED_EDGE('',*,*,#14365,.T.);
#15915 = ORIENTED_EDGE('',*,*,#14316,.T.);
#15916 = ORIENTED_EDGE('',*,*,#14267,.T.);
#15917 = ORIENTED_EDGE('',*,*,#14218,.T.);
#15918 = ORIENTED_EDGE('',*,*,#14169,.T.);
#15919 = ORIENTED_EDGE('',*,*,#14120,.T.);
#15920 = ORIENTED_EDGE('',*,*,#14066,.T.);
#15921 = FACE_BOUND('',#15922,.F.);
#15922 = EDGE_LOOP('',(#15923,#15955,#15985,#16015,#16045,#16075,#16105,
    #16135));
#15923 = ORIENTED_EDGE('',*,*,#15924,.T.);
#15924 = EDGE_CURVE('',#15925,#15927,#15929,.T.);
#15925 = VERTEX_POINT('',#15926);
#15926 = CARTESIAN_POINT('',(8.2857421875,-4.2185546875,2.7));
#15927 = VERTEX_POINT('',#15928);
#15928 = CARTESIAN_POINT('',(8.14833984375,-4.30849609375,2.7));
#15929 = SURFACE_CURVE('',#15930,(#15934,#15941),.PCURVE_S1.);
#15930 = B_SPLINE_CURVE_WITH_KNOTS('',2,(#15931,#15932,#15933),
  .UNSPECIFIED.,.F.,.F.,(3,3),(0.,1.),.PIECEWISE_BEZIER_KNOTS.);
#15931 = CARTESIAN_POINT('',(8.2857421875,-4.2185546875,2.7));
#15932 = CARTESIAN_POINT('',(8.1943359375,-4.2185546875,2.7));
#15933 = CARTESIAN_POINT('',(8.14833984375,-4.30849609375,2.7));
#15934 = PCURVE('',#14080,#15935);
#15935 = DEFINITIONAL_REPRESENTATION('',(#15936),#15940);
#15936 = B_SPLINE_CURVE_WITH_KNOTS('',2,(#15937,#15938,#15939),
  .UNSPECIFIED.,.F.,.F.,(3,3),(0.,1.),.PIECEWISE_BEZIER_KNOTS.);
#15937 = CARTESIAN_POINT('',(0.3814453125,0.796875));
#15938 = CARTESIAN_POINT('',(0.2900390625,0.796875));
#15939 = CARTESIAN_POINT('',(0.24404296875,0.70693359375));
#15940 = ( GEOMETRIC_REPRESENTATION_CONTEXT(2) 
PARAMETRIC_REPRESENTATION_CONTEXT() REPRESENTATION_CONTEXT('2D SPACE',''
  ) );
#15941 = PCURVE('',#15942,#15949);
#15942 = SURFACE_OF_LINEAR_EXTRUSION('',#15943,#15947);
#15943 = B_SPLINE_CURVE_WITH_KNOTS('',2,(#15944,#15945,#15946),
  .UNSPECIFIED.,.F.,.F.,(3,3),(0.,1.),.PIECEWISE_BEZIER_KNOTS.);
#15944 = CARTESIAN_POINT('',(8.2857421875,-4.2185546875,2.7));
#15945 = CARTESIAN_POINT('',(8.1943359375,-4.2185546875,2.7));
#15946 = CARTESIAN_POINT('',(8.14833984375,-4.30849609375,2.7));
#15947 = VECTOR('',#15948,1.);
#15948 = DIRECTION('',(-0.,-0.,-1.));
#15949 = DEFINITIONAL_REPRESENTATION('',(#15950),#15954);
#15950 = LINE('',#15951,#15952);
#15951 = CARTESIAN_POINT('',(0.,0.));
#15952 = VECTOR('',#15953,1.);
#15953 = DIRECTION('',(1.,0.));
#15954 = ( GEOMETRIC_REPRESENTATION_CONTEXT(2) 
PARAMETRIC_REPRESENTATION_CONTEXT() REPRESENTATION_CONTEXT('2D SPACE',''
  ) );
#15955 = ORIENTED_EDGE('',*,*,#15956,.T.);
#15956 = EDGE_CURVE('',#15927,#15957,#15959,.T.);
#15957 = VERTEX_POINT('',#15958);
#15958 = CARTESIAN_POINT('',(8.10234375,-4.57890625,2.7));
#15959 = SURFACE_CURVE('',#15960,(#15964,#15971),.PCURVE_S1.);
#15960 = B_SPLINE_CURVE_WITH_KNOTS('',2,(#15961,#15962,#15963),
  .UNSPECIFIED.,.F.,.F.,(3,3),(0.,1.),.PIECEWISE_BEZIER_KNOTS.);
#15961 = CARTESIAN_POINT('',(8.14833984375,-4.30849609375,2.7));
#15962 = CARTESIAN_POINT('',(8.10234375,-4.3984375,2.7));
#15963 = CARTESIAN_POINT('',(8.10234375,-4.57890625,2.7));
#15964 = PCURVE('',#14080,#15965);
#15965 = DEFINITIONAL_REPRESENTATION('',(#15966),#15970);
#15966 = B_SPLINE_CURVE_WITH_KNOTS('',2,(#15967,#15968,#15969),
  .UNSPECIFIED.,.F.,.F.,(3,3),(0.,1.),.PIECEWISE_BEZIER_KNOTS.);
#15967 = CARTESIAN_POINT('',(0.24404296875,0.70693359375));
#15968 = CARTESIAN_POINT('',(0.198046875,0.6169921875));
#15969 = CARTESIAN_POINT('',(0.198046875,0.4365234375));
#15970 = ( GEOMETRIC_REPRESENTATION_CONTEXT(2) 
PARAMETRIC_REPRESENTATION_CONTEXT() REPRESENTATION_CONTEXT('2D SPACE',''
  ) );
#15971 = PCURVE('',#15972,#15979);
#15972 = SURFACE_OF_LINEAR_EXTRUSION('',#15973,#15977);
#15973 = B_SPLINE_CURVE_WITH_KNOTS('',2,(#15974,#15975,#15976),
  .UNSPECIFIED.,.F.,.F.,(3,3),(0.,1.),.PIECEWISE_BEZIER_KNOTS.);
#15974 = CARTESIAN_POINT('',(8.14833984375,-4.30849609375,2.7));
#15975 = CARTESIAN_POINT('',(8.10234375,-4.3984375,2.7));
#15976 = CARTESIAN_POINT('',(8.10234375,-4.57890625,2.7));
#15977 = VECTOR('',#15978,1.);
#15978 = DIRECTION('',(-0.,-0.,-1.));
#15979 = DEFINITIONAL_REPRESENTATION('',(#15980),#15984);
#15980 = LINE('',#15981,#15982);
#15981 = CARTESIAN_POINT('',(0.,0.));
#15982 = VECTOR('',#15983,1.);
#15983 = DIRECTION('',(1.,0.));
#15984 = ( GEOMETRIC_REPRESENTATION_CONTEXT(2) 
PARAMETRIC_REPRESENTATION_CONTEXT() REPRESENTATION_CONTEXT('2D SPACE',''
  ) );
#15985 = ORIENTED_EDGE('',*,*,#15986,.T.);
#15986 = EDGE_CURVE('',#15957,#15987,#15989,.T.);
#15987 = VERTEX_POINT('',#15988);
#15988 = CARTESIAN_POINT('',(8.14833984375,-4.84873046875,2.7));
#15989 = SURFACE_CURVE('',#15990,(#15994,#16001),.PCURVE_S1.);
#15990 = B_SPLINE_CURVE_WITH_KNOTS('',2,(#15991,#15992,#15993),
  .UNSPECIFIED.,.F.,.F.,(3,3),(0.,1.),.PIECEWISE_BEZIER_KNOTS.);
#15991 = CARTESIAN_POINT('',(8.10234375,-4.57890625,2.7));
#15992 = CARTESIAN_POINT('',(8.10234375,-4.7587890625,2.7));
#15993 = CARTESIAN_POINT('',(8.14833984375,-4.84873046875,2.7));
#15994 = PCURVE('',#14080,#15995);
#15995 = DEFINITIONAL_REPRESENTATION('',(#15996),#16000);
#15996 = B_SPLINE_CURVE_WITH_KNOTS('',2,(#15997,#15998,#15999),
  .UNSPECIFIED.,.F.,.F.,(3,3),(0.,1.),.PIECEWISE_BEZIER_KNOTS.);
#15997 = CARTESIAN_POINT('',(0.198046875,0.4365234375));
#15998 = CARTESIAN_POINT('',(0.198046875,0.256640625));
#15999 = CARTESIAN_POINT('',(0.24404296875,0.16669921875));
#16000 = ( GEOMETRIC_REPRESENTATION_CONTEXT(2) 
PARAMETRIC_REPRESENTATION_CONTEXT() REPRESENTATION_CONTEXT('2D SPACE',''
  ) );
#16001 = PCURVE('',#16002,#16009);
#16002 = SURFACE_OF_LINEAR_EXTRUSION('',#16003,#16007);
#16003 = B_SPLINE_CURVE_WITH_KNOTS('',2,(#16004,#16005,#16006),
  .UNSPECIFIED.,.F.,.F.,(3,3),(0.,1.),.PIECEWISE_BEZIER_KNOTS.);
#16004 = CARTESIAN_POINT('',(8.10234375,-4.57890625,2.7));
#16005 = CARTESIAN_POINT('',(8.10234375,-4.7587890625,2.7));
#16006 = CARTESIAN_POINT('',(8.14833984375,-4.84873046875,2.7));
#16007 = VECTOR('',#16008,1.);
#16008 = DIRECTION('',(-0.,-0.,-1.));
#16009 = DEFINITIONAL_REPRESENTATION('',(#16010),#16014);
#16010 = LINE('',#16011,#16012);
#16011 = CARTESIAN_POINT('',(0.,0.));
#16012 = VECTOR('',#16013,1.);
#16013 = DIRECTION('',(1.,0.));
#16014 = ( GEOMETRIC_REPRESENTATION_CONTEXT(2) 
PARAMETRIC_REPRESENTATION_CONTEXT() REPRESENTATION_CONTEXT('2D SPACE',''
  ) );
#16015 = ORIENTED_EDGE('',*,*,#16016,.T.);
#16016 = EDGE_CURVE('',#15987,#16017,#16019,.T.);
#16017 = VERTEX_POINT('',#16018);
#16018 = CARTESIAN_POINT('',(8.2857421875,-4.938671875,2.7));
#16019 = SURFACE_CURVE('',#16020,(#16024,#16031),.PCURVE_S1.);
#16020 = B_SPLINE_CURVE_WITH_KNOTS('',2,(#16021,#16022,#16023),
  .UNSPECIFIED.,.F.,.F.,(3,3),(0.,1.),.PIECEWISE_BEZIER_KNOTS.);
#16021 = CARTESIAN_POINT('',(8.14833984375,-4.84873046875,2.7));
#16022 = CARTESIAN_POINT('',(8.1943359375,-4.938671875,2.7));
#16023 = CARTESIAN_POINT('',(8.2857421875,-4.938671875,2.7));
#16024 = PCURVE('',#14080,#16025);
#16025 = DEFINITIONAL_REPRESENTATION('',(#16026),#16030);
#16026 = B_SPLINE_CURVE_WITH_KNOTS('',2,(#16027,#16028,#16029),
  .UNSPECIFIED.,.F.,.F.,(3,3),(0.,1.),.PIECEWISE_BEZIER_KNOTS.);
#16027 = CARTESIAN_POINT('',(0.24404296875,0.16669921875));
#16028 = CARTESIAN_POINT('',(0.2900390625,7.67578125E-02));
#16029 = CARTESIAN_POINT('',(0.3814453125,7.67578125E-02));
#16030 = ( GEOMETRIC_REPRESENTATION_CONTEXT(2) 
PARAMETRIC_REPRESENTATION_CONTEXT() REPRESENTATION_CONTEXT('2D SPACE',''
  ) );
#16031 = PCURVE('',#16032,#16039);
#16032 = SURFACE_OF_LINEAR_EXTRUSION('',#16033,#16037);
#16033 = B_SPLINE_CURVE_WITH_KNOTS('',2,(#16034,#16035,#16036),
  .UNSPECIFIED.,.F.,.F.,(3,3),(0.,1.),.PIECEWISE_BEZIER_KNOTS.);
#16034 = CARTESIAN_POINT('',(8.14833984375,-4.84873046875,2.7));
#16035 = CARTESIAN_POINT('',(8.1943359375,-4.938671875,2.7));
#16036 = CARTESIAN_POINT('',(8.2857421875,-4.938671875,2.7));
#16037 = VECTOR('',#16038,1.);
#16038 = DIRECTION('',(-0.,-0.,-1.));
#16039 = DEFINITIONAL_REPRESENTATION('',(#16040),#16044);
#16040 = LINE('',#16041,#16042);
#16041 = CARTESIAN_POINT('',(0.,0.));
#16042 = VECTOR('',#16043,1.);
#16043 = DIRECTION('',(1.,0.));
#16044 = ( GEOMETRIC_REPRESENTATION_CONTEXT(2) 
PARAMETRIC_REPRESENTATION_CONTEXT() REPRESENTATION_CONTEXT('2D SPACE',''
  ) );
#16045 = ORIENTED_EDGE('',*,*,#16046,.T.);
#16046 = EDGE_CURVE('',#16017,#16047,#16049,.T.);
#16047 = VERTEX_POINT('',#16048);
#16048 = CARTESIAN_POINT('',(8.42373046875,-4.84873046875,2.7));
#16049 = SURFACE_CURVE('',#16050,(#16054,#16061),.PCURVE_S1.);
#16050 = B_SPLINE_CURVE_WITH_KNOTS('',2,(#16051,#16052,#16053),
  .UNSPECIFIED.,.F.,.F.,(3,3),(0.,1.),.PIECEWISE_BEZIER_KNOTS.);
#16051 = CARTESIAN_POINT('',(8.2857421875,-4.938671875,2.7));
#16052 = CARTESIAN_POINT('',(8.377734375,-4.938671875,2.7));
#16053 = CARTESIAN_POINT('',(8.42373046875,-4.84873046875,2.7));
#16054 = PCURVE('',#14080,#16055);
#16055 = DEFINITIONAL_REPRESENTATION('',(#16056),#16060);
#16056 = B_SPLINE_CURVE_WITH_KNOTS('',2,(#16057,#16058,#16059),
  .UNSPECIFIED.,.F.,.F.,(3,3),(0.,1.),.PIECEWISE_BEZIER_KNOTS.);
#16057 = CARTESIAN_POINT('',(0.3814453125,7.67578125E-02));
#16058 = CARTESIAN_POINT('',(0.4734375,7.67578125E-02));
#16059 = CARTESIAN_POINT('',(0.51943359375,0.16669921875));
#16060 = ( GEOMETRIC_REPRESENTATION_CONTEXT(2) 
PARAMETRIC_REPRESENTATION_CONTEXT() REPRESENTATION_CONTEXT('2D SPACE',''
  ) );
#16061 = PCURVE('',#16062,#16069);
#16062 = SURFACE_OF_LINEAR_EXTRUSION('',#16063,#16067);
#16063 = B_SPLINE_CURVE_WITH_KNOTS('',2,(#16064,#16065,#16066),
  .UNSPECIFIED.,.F.,.F.,(3,3),(0.,1.),.PIECEWISE_BEZIER_KNOTS.);
#16064 = CARTESIAN_POINT('',(8.2857421875,-4.938671875,2.7));
#16065 = CARTESIAN_POINT('',(8.377734375,-4.938671875,2.7));
#16066 = CARTESIAN_POINT('',(8.42373046875,-4.84873046875,2.7));
#16067 = VECTOR('',#16068,1.);
#16068 = DIRECTION('',(-0.,-0.,-1.));
#16069 = DEFINITIONAL_REPRESENTATION('',(#16070),#16074);
#16070 = LINE('',#16071,#16072);
#16071 = CARTESIAN_POINT('',(0.,0.));
#16072 = VECTOR('',#16073,1.);
#16073 = DIRECTION('',(1.,0.));
#16074 = ( GEOMETRIC_REPRESENTATION_CONTEXT(2) 
PARAMETRIC_REPRESENTATION_CONTEXT() REPRESENTATION_CONTEXT('2D SPACE',''
  ) );
#16075 = ORIENTED_EDGE('',*,*,#16076,.T.);
#16076 = EDGE_CURVE('',#16047,#16077,#16079,.T.);
#16077 = VERTEX_POINT('',#16078);
#16078 = CARTESIAN_POINT('',(8.4697265625,-4.57890625,2.7));
#16079 = SURFACE_CURVE('',#16080,(#16084,#16091),.PCURVE_S1.);
#16080 = B_SPLINE_CURVE_WITH_KNOTS('',2,(#16081,#16082,#16083),
  .UNSPECIFIED.,.F.,.F.,(3,3),(0.,1.),.PIECEWISE_BEZIER_KNOTS.);
#16081 = CARTESIAN_POINT('',(8.42373046875,-4.84873046875,2.7));
#16082 = CARTESIAN_POINT('',(8.4697265625,-4.7587890625,2.7));
#16083 = CARTESIAN_POINT('',(8.4697265625,-4.57890625,2.7));
#16084 = PCURVE('',#14080,#16085);
#16085 = DEFINITIONAL_REPRESENTATION('',(#16086),#16090);
#16086 = B_SPLINE_CURVE_WITH_KNOTS('',2,(#16087,#16088,#16089),
  .UNSPECIFIED.,.F.,.F.,(3,3),(0.,1.),.PIECEWISE_BEZIER_KNOTS.);
#16087 = CARTESIAN_POINT('',(0.51943359375,0.16669921875));
#16088 = CARTESIAN_POINT('',(0.5654296875,0.256640625));
#16089 = CARTESIAN_POINT('',(0.5654296875,0.4365234375));
#16090 = ( GEOMETRIC_REPRESENTATION_CONTEXT(2) 
PARAMETRIC_REPRESENTATION_CONTEXT() REPRESENTATION_CONTEXT('2D SPACE',''
  ) );
#16091 = PCURVE('',#16092,#16099);
#16092 = SURFACE_OF_LINEAR_EXTRUSION('',#16093,#16097);
#16093 = B_SPLINE_CURVE_WITH_KNOTS('',2,(#16094,#16095,#16096),
  .UNSPECIFIED.,.F.,.F.,(3,3),(0.,1.),.PIECEWISE_BEZIER_KNOTS.);
#16094 = CARTESIAN_POINT('',(8.42373046875,-4.84873046875,2.7));
#16095 = CARTESIAN_POINT('',(8.4697265625,-4.7587890625,2.7));
#16096 = CARTESIAN_POINT('',(8.4697265625,-4.57890625,2.7));
#16097 = VECTOR('',#16098,1.);
#16098 = DIRECTION('',(-0.,-0.,-1.));
#16099 = DEFINITIONAL_REPRESENTATION('',(#16100),#16104);
#16100 = LINE('',#16101,#16102);
#16101 = CARTESIAN_POINT('',(0.,0.));
#16102 = VECTOR('',#16103,1.);
#16103 = DIRECTION('',(1.,0.));
#16104 = ( GEOMETRIC_REPRESENTATION_CONTEXT(2) 
PARAMETRIC_REPRESENTATION_CONTEXT() REPRESENTATION_CONTEXT('2D SPACE',''
  ) );
#16105 = ORIENTED_EDGE('',*,*,#16106,.T.);
#16106 = EDGE_CURVE('',#16077,#16107,#16109,.T.);
#16107 = VERTEX_POINT('',#16108);
#16108 = CARTESIAN_POINT('',(8.42373046875,-4.30849609375,2.7));
#16109 = SURFACE_CURVE('',#16110,(#16114,#16121),.PCURVE_S1.);
#16110 = B_SPLINE_CURVE_WITH_KNOTS('',2,(#16111,#16112,#16113),
  .UNSPECIFIED.,.F.,.F.,(3,3),(0.,1.),.PIECEWISE_BEZIER_KNOTS.);
#16111 = CARTESIAN_POINT('',(8.4697265625,-4.57890625,2.7));
#16112 = CARTESIAN_POINT('',(8.4697265625,-4.3984375,2.7));
#16113 = CARTESIAN_POINT('',(8.42373046875,-4.30849609375,2.7));
#16114 = PCURVE('',#14080,#16115);
#16115 = DEFINITIONAL_REPRESENTATION('',(#16116),#16120);
#16116 = B_SPLINE_CURVE_WITH_KNOTS('',2,(#16117,#16118,#16119),
  .UNSPECIFIED.,.F.,.F.,(3,3),(0.,1.),.PIECEWISE_BEZIER_KNOTS.);
#16117 = CARTESIAN_POINT('',(0.5654296875,0.4365234375));
#16118 = CARTESIAN_POINT('',(0.5654296875,0.6169921875));
#16119 = CARTESIAN_POINT('',(0.51943359375,0.70693359375));
#16120 = ( GEOMETRIC_REPRESENTATION_CONTEXT(2) 
PARAMETRIC_REPRESENTATION_CONTEXT() REPRESENTATION_CONTEXT('2D SPACE',''
  ) );
#16121 = PCURVE('',#16122,#16129);
#16122 = SURFACE_OF_LINEAR_EXTRUSION('',#16123,#16127);
#16123 = B_SPLINE_CURVE_WITH_KNOTS('',2,(#16124,#16125,#16126),
  .UNSPECIFIED.,.F.,.F.,(3,3),(0.,1.),.PIECEWISE_BEZIER_KNOTS.);
#16124 = CARTESIAN_POINT('',(8.4697265625,-4.57890625,2.7));
#16125 = CARTESIAN_POINT('',(8.4697265625,-4.3984375,2.7));
#16126 = CARTESIAN_POINT('',(8.42373046875,-4.30849609375,2.7));
#16127 = VECTOR('',#16128,1.);
#16128 = DIRECTION('',(-0.,-0.,-1.));
#16129 = DEFINITIONAL_REPRESENTATION('',(#16130),#16134);
#16130 = LINE('',#16131,#16132);
#16131 = CARTESIAN_POINT('',(0.,0.));
#16132 = VECTOR('',#16133,1.);
#16133 = DIRECTION('',(1.,0.));
#16134 = ( GEOMETRIC_REPRESENTATION_CONTEXT(2) 
PARAMETRIC_REPRESENTATION_CONTEXT() REPRESENTATION_CONTEXT('2D SPACE',''
  ) );
#16135 = ORIENTED_EDGE('',*,*,#16136,.T.);
#16136 = EDGE_CURVE('',#16107,#15925,#16137,.T.);
#16137 = SURFACE_CURVE('',#16138,(#16142,#16149),.PCURVE_S1.);
#16138 = B_SPLINE_CURVE_WITH_KNOTS('',2,(#16139,#16140,#16141),
  .UNSPECIFIED.,.F.,.F.,(3,3),(0.,1.),.PIECEWISE_BEZIER_KNOTS.);
#16139 = CARTESIAN_POINT('',(8.42373046875,-4.30849609375,2.7));
#16140 = CARTESIAN_POINT('',(8.377734375,-4.2185546875,2.7));
#16141 = CARTESIAN_POINT('',(8.2857421875,-4.2185546875,2.7));
#16142 = PCURVE('',#14080,#16143);
#16143 = DEFINITIONAL_REPRESENTATION('',(#16144),#16148);
#16144 = B_SPLINE_CURVE_WITH_KNOTS('',2,(#16145,#16146,#16147),
  .UNSPECIFIED.,.F.,.F.,(3,3),(0.,1.),.PIECEWISE_BEZIER_KNOTS.);
#16145 = CARTESIAN_POINT('',(0.51943359375,0.70693359375));
#16146 = CARTESIAN_POINT('',(0.4734375,0.796875));
#16147 = CARTESIAN_POINT('',(0.3814453125,0.796875));
#16148 = ( GEOMETRIC_REPRESENTATION_CONTEXT(2) 
PARAMETRIC_REPRESENTATION_CONTEXT() REPRESENTATION_CONTEXT('2D SPACE',''
  ) );
#16149 = PCURVE('',#16150,#16157);
#16150 = SURFACE_OF_LINEAR_EXTRUSION('',#16151,#16155);
#16151 = B_SPLINE_CURVE_WITH_KNOTS('',2,(#16152,#16153,#16154),
  .UNSPECIFIED.,.F.,.F.,(3,3),(0.,1.),.PIECEWISE_BEZIER_KNOTS.);
#16152 = CARTESIAN_POINT('',(8.42373046875,-4.30849609375,2.7));
#16153 = CARTESIAN_POINT('',(8.377734375,-4.2185546875,2.7));
#16154 = CARTESIAN_POINT('',(8.2857421875,-4.2185546875,2.7));
#16155 = VECTOR('',#16156,1.);
#16156 = DIRECTION('',(-0.,-0.,-1.));
#16157 = DEFINITIONAL_REPRESENTATION('',(#16158),#16162);
#16158 = LINE('',#16159,#16160);
#16159 = CARTESIAN_POINT('',(0.,0.));
#16160 = VECTOR('',#16161,1.);
#16161 = DIRECTION('',(1.,0.));
#16162 = ( GEOMETRIC_REPRESENTATION_CONTEXT(2) 
PARAMETRIC_REPRESENTATION_CONTEXT() REPRESENTATION_CONTEXT('2D SPACE',''
  ) );
#16163 = ADVANCED_FACE('',(#16164),#15081,.F.);
#16164 = FACE_BOUND('',#16165,.F.);
#16165 = EDGE_LOOP('',(#16166,#16189,#16217,#16238));
#16166 = ORIENTED_EDGE('',*,*,#16167,.T.);
#16167 = EDGE_CURVE('',#15064,#16168,#16170,.T.);
#16168 = VERTEX_POINT('',#16169);
#16169 = CARTESIAN_POINT('',(-7.0611328125,-4.2208984375,3.));
#16170 = SURFACE_CURVE('',#16171,(#16175,#16182),.PCURVE_S1.);
#16171 = LINE('',#16172,#16173);
#16172 = CARTESIAN_POINT('',(-7.0611328125,-4.2208984375,2.7));
#16173 = VECTOR('',#16174,1.);
#16174 = DIRECTION('',(0.,0.,1.));
#16175 = PCURVE('',#15081,#16176);
#16176 = DEFINITIONAL_REPRESENTATION('',(#16177),#16181);
#16177 = LINE('',#16178,#16179);
#16178 = CARTESIAN_POINT('',(0.,0.));
#16179 = VECTOR('',#16180,1.);
#16180 = DIRECTION('',(0.,-1.));
#16181 = ( GEOMETRIC_REPRESENTATION_CONTEXT(2) 
PARAMETRIC_REPRESENTATION_CONTEXT() REPRESENTATION_CONTEXT('2D SPACE',''
  ) );
#16182 = PCURVE('',#15289,#16183);
#16183 = DEFINITIONAL_REPRESENTATION('',(#16184),#16188);
#16184 = LINE('',#16185,#16186);
#16185 = CARTESIAN_POINT('',(1.,0.));
#16186 = VECTOR('',#16187,1.);
#16187 = DIRECTION('',(0.,-1.));
#16188 = ( GEOMETRIC_REPRESENTATION_CONTEXT(2) 
PARAMETRIC_REPRESENTATION_CONTEXT() REPRESENTATION_CONTEXT('2D SPACE',''
  ) );
#16189 = ORIENTED_EDGE('',*,*,#16190,.T.);
#16190 = EDGE_CURVE('',#16168,#16191,#16193,.T.);
#16191 = VERTEX_POINT('',#16192);
#16192 = CARTESIAN_POINT('',(-7.26591796875,-4.3169921875,3.));
#16193 = SURFACE_CURVE('',#16194,(#16198,#16205),.PCURVE_S1.);
#16194 = B_SPLINE_CURVE_WITH_KNOTS('',2,(#16195,#16196,#16197),
  .UNSPECIFIED.,.F.,.F.,(3,3),(0.,1.),.PIECEWISE_BEZIER_KNOTS.);
#16195 = CARTESIAN_POINT('',(-7.0611328125,-4.2208984375,3.));
#16196 = CARTESIAN_POINT('',(-7.1900390625,-4.2208984375,3.));
#16197 = CARTESIAN_POINT('',(-7.26591796875,-4.3169921875,3.));
#16198 = PCURVE('',#15081,#16199);
#16199 = DEFINITIONAL_REPRESENTATION('',(#16200),#16204);
#16200 = LINE('',#16201,#16202);
#16201 = CARTESIAN_POINT('',(0.,-0.3));
#16202 = VECTOR('',#16203,1.);
#16203 = DIRECTION('',(1.,0.));
#16204 = ( GEOMETRIC_REPRESENTATION_CONTEXT(2) 
PARAMETRIC_REPRESENTATION_CONTEXT() REPRESENTATION_CONTEXT('2D SPACE',''
  ) );
#16205 = PCURVE('',#16206,#16211);
#16206 = PLANE('',#16207);
#16207 = AXIS2_PLACEMENT_3D('',#16208,#16209,#16210);
#16208 = CARTESIAN_POINT('',(0.,0.,3.));
#16209 = DIRECTION('',(0.,0.,1.));
#16210 = DIRECTION('',(1.,0.,-0.));
#16211 = DEFINITIONAL_REPRESENTATION('',(#16212),#16216);
#16212 = B_SPLINE_CURVE_WITH_KNOTS('',2,(#16213,#16214,#16215),
  .UNSPECIFIED.,.F.,.F.,(3,3),(0.,1.),.PIECEWISE_BEZIER_KNOTS.);
#16213 = CARTESIAN_POINT('',(-7.0611328125,-4.2208984375));
#16214 = CARTESIAN_POINT('',(-7.1900390625,-4.2208984375));
#16215 = CARTESIAN_POINT('',(-7.26591796875,-4.3169921875));
#16216 = ( GEOMETRIC_REPRESENTATION_CONTEXT(2) 
PARAMETRIC_REPRESENTATION_CONTEXT() REPRESENTATION_CONTEXT('2D SPACE',''
  ) );
#16217 = ORIENTED_EDGE('',*,*,#16218,.F.);
#16218 = EDGE_CURVE('',#15066,#16191,#16219,.T.);
#16219 = SURFACE_CURVE('',#16220,(#16224,#16231),.PCURVE_S1.);
#16220 = LINE('',#16221,#16222);
#16221 = CARTESIAN_POINT('',(-7.26591796875,-4.3169921875,2.7));
#16222 = VECTOR('',#16223,1.);
#16223 = DIRECTION('',(0.,0.,1.));
#16224 = PCURVE('',#15081,#16225);
#16225 = DEFINITIONAL_REPRESENTATION('',(#16226),#16230);
#16226 = LINE('',#16227,#16228);
#16227 = CARTESIAN_POINT('',(1.,0.));
#16228 = VECTOR('',#16229,1.);
#16229 = DIRECTION('',(0.,-1.));
#16230 = ( GEOMETRIC_REPRESENTATION_CONTEXT(2) 
PARAMETRIC_REPRESENTATION_CONTEXT() REPRESENTATION_CONTEXT('2D SPACE',''
  ) );
#16231 = PCURVE('',#15111,#16232);
#16232 = DEFINITIONAL_REPRESENTATION('',(#16233),#16237);
#16233 = LINE('',#16234,#16235);
#16234 = CARTESIAN_POINT('',(0.,0.));
#16235 = VECTOR('',#16236,1.);
#16236 = DIRECTION('',(0.,-1.));
#16237 = ( GEOMETRIC_REPRESENTATION_CONTEXT(2) 
PARAMETRIC_REPRESENTATION_CONTEXT() REPRESENTATION_CONTEXT('2D SPACE',''
  ) );
#16238 = ORIENTED_EDGE('',*,*,#15063,.F.);
#16239 = ADVANCED_FACE('',(#16240),#15111,.F.);
#16240 = FACE_BOUND('',#16241,.F.);
#16241 = EDGE_LOOP('',(#16242,#16243,#16266,#16287));
#16242 = ORIENTED_EDGE('',*,*,#16218,.T.);
#16243 = ORIENTED_EDGE('',*,*,#16244,.T.);
#16244 = EDGE_CURVE('',#16191,#16245,#16247,.T.);
#16245 = VERTEX_POINT('',#16246);
#16246 = CARTESIAN_POINT('',(-7.341796875,-4.57890625,3.));
#16247 = SURFACE_CURVE('',#16248,(#16252,#16259),.PCURVE_S1.);
#16248 = B_SPLINE_CURVE_WITH_KNOTS('',2,(#16249,#16250,#16251),
  .UNSPECIFIED.,.F.,.F.,(3,3),(0.,1.),.PIECEWISE_BEZIER_KNOTS.);
#16249 = CARTESIAN_POINT('',(-7.26591796875,-4.3169921875,3.));
#16250 = CARTESIAN_POINT('',(-7.341796875,-4.4130859375,3.));
#16251 = CARTESIAN_POINT('',(-7.341796875,-4.57890625,3.));
#16252 = PCURVE('',#15111,#16253);
#16253 = DEFINITIONAL_REPRESENTATION('',(#16254),#16258);
#16254 = LINE('',#16255,#16256);
#16255 = CARTESIAN_POINT('',(0.,-0.3));
#16256 = VECTOR('',#16257,1.);
#16257 = DIRECTION('',(1.,0.));
#16258 = ( GEOMETRIC_REPRESENTATION_CONTEXT(2) 
PARAMETRIC_REPRESENTATION_CONTEXT() REPRESENTATION_CONTEXT('2D SPACE',''
  ) );
#16259 = PCURVE('',#16206,#16260);
#16260 = DEFINITIONAL_REPRESENTATION('',(#16261),#16265);
#16261 = B_SPLINE_CURVE_WITH_KNOTS('',2,(#16262,#16263,#16264),
  .UNSPECIFIED.,.F.,.F.,(3,3),(0.,1.),.PIECEWISE_BEZIER_KNOTS.);
#16262 = CARTESIAN_POINT('',(-7.26591796875,-4.3169921875));
#16263 = CARTESIAN_POINT('',(-7.341796875,-4.4130859375));
#16264 = CARTESIAN_POINT('',(-7.341796875,-4.57890625));
#16265 = ( GEOMETRIC_REPRESENTATION_CONTEXT(2) 
PARAMETRIC_REPRESENTATION_CONTEXT() REPRESENTATION_CONTEXT('2D SPACE',''
  ) );
#16266 = ORIENTED_EDGE('',*,*,#16267,.F.);
#16267 = EDGE_CURVE('',#15096,#16245,#16268,.T.);
#16268 = SURFACE_CURVE('',#16269,(#16273,#16280),.PCURVE_S1.);
#16269 = LINE('',#16270,#16271);
#16270 = CARTESIAN_POINT('',(-7.341796875,-4.57890625,2.7));
#16271 = VECTOR('',#16272,1.);
#16272 = DIRECTION('',(0.,0.,1.));
#16273 = PCURVE('',#15111,#16274);
#16274 = DEFINITIONAL_REPRESENTATION('',(#16275),#16279);
#16275 = LINE('',#16276,#16277);
#16276 = CARTESIAN_POINT('',(1.,0.));
#16277 = VECTOR('',#16278,1.);
#16278 = DIRECTION('',(0.,-1.));
#16279 = ( GEOMETRIC_REPRESENTATION_CONTEXT(2) 
PARAMETRIC_REPRESENTATION_CONTEXT() REPRESENTATION_CONTEXT('2D SPACE',''
  ) );
#16280 = PCURVE('',#15141,#16281);
#16281 = DEFINITIONAL_REPRESENTATION('',(#16282),#16286);
#16282 = LINE('',#16283,#16284);
#16283 = CARTESIAN_POINT('',(0.,0.));
#16284 = VECTOR('',#16285,1.);
#16285 = DIRECTION('',(0.,-1.));
#16286 = ( GEOMETRIC_REPRESENTATION_CONTEXT(2) 
PARAMETRIC_REPRESENTATION_CONTEXT() REPRESENTATION_CONTEXT('2D SPACE',''
  ) );
#16287 = ORIENTED_EDGE('',*,*,#15095,.F.);
#16288 = ADVANCED_FACE('',(#16289),#15141,.F.);
#16289 = FACE_BOUND('',#16290,.F.);
#16290 = EDGE_LOOP('',(#16291,#16292,#16315,#16336));
#16291 = ORIENTED_EDGE('',*,*,#16267,.T.);
#16292 = ORIENTED_EDGE('',*,*,#16293,.T.);
#16293 = EDGE_CURVE('',#16245,#16294,#16296,.T.);
#16294 = VERTEX_POINT('',#16295);
#16295 = CARTESIAN_POINT('',(-7.26591796875,-4.840234375,3.));
#16296 = SURFACE_CURVE('',#16297,(#16301,#16308),.PCURVE_S1.);
#16297 = B_SPLINE_CURVE_WITH_KNOTS('',2,(#16298,#16299,#16300),
  .UNSPECIFIED.,.F.,.F.,(3,3),(0.,1.),.PIECEWISE_BEZIER_KNOTS.);
#16298 = CARTESIAN_POINT('',(-7.341796875,-4.57890625,3.));
#16299 = CARTESIAN_POINT('',(-7.341796875,-4.744140625,3.));
#16300 = CARTESIAN_POINT('',(-7.26591796875,-4.840234375,3.));
#16301 = PCURVE('',#15141,#16302);
#16302 = DEFINITIONAL_REPRESENTATION('',(#16303),#16307);
#16303 = LINE('',#16304,#16305);
#16304 = CARTESIAN_POINT('',(0.,-0.3));
#16305 = VECTOR('',#16306,1.);
#16306 = DIRECTION('',(1.,0.));
#16307 = ( GEOMETRIC_REPRESENTATION_CONTEXT(2) 
PARAMETRIC_REPRESENTATION_CONTEXT() REPRESENTATION_CONTEXT('2D SPACE',''
  ) );
#16308 = PCURVE('',#16206,#16309);
#16309 = DEFINITIONAL_REPRESENTATION('',(#16310),#16314);
#16310 = B_SPLINE_CURVE_WITH_KNOTS('',2,(#16311,#16312,#16313),
  .UNSPECIFIED.,.F.,.F.,(3,3),(0.,1.),.PIECEWISE_BEZIER_KNOTS.);
#16311 = CARTESIAN_POINT('',(-7.341796875,-4.57890625));
#16312 = CARTESIAN_POINT('',(-7.341796875,-4.744140625));
#16313 = CARTESIAN_POINT('',(-7.26591796875,-4.840234375));
#16314 = ( GEOMETRIC_REPRESENTATION_CONTEXT(2) 
PARAMETRIC_REPRESENTATION_CONTEXT() REPRESENTATION_CONTEXT('2D SPACE',''
  ) );
#16315 = ORIENTED_EDGE('',*,*,#16316,.F.);
#16316 = EDGE_CURVE('',#15126,#16294,#16317,.T.);
#16317 = SURFACE_CURVE('',#16318,(#16322,#16329),.PCURVE_S1.);
#16318 = LINE('',#16319,#16320);
#16319 = CARTESIAN_POINT('',(-7.26591796875,-4.840234375,2.7));
#16320 = VECTOR('',#16321,1.);
#16321 = DIRECTION('',(0.,0.,1.));
#16322 = PCURVE('',#15141,#16323);
#16323 = DEFINITIONAL_REPRESENTATION('',(#16324),#16328);
#16324 = LINE('',#16325,#16326);
#16325 = CARTESIAN_POINT('',(1.,0.));
#16326 = VECTOR('',#16327,1.);
#16327 = DIRECTION('',(0.,-1.));
#16328 = ( GEOMETRIC_REPRESENTATION_CONTEXT(2) 
PARAMETRIC_REPRESENTATION_CONTEXT() REPRESENTATION_CONTEXT('2D SPACE',''
  ) );
#16329 = PCURVE('',#15171,#16330);
#16330 = DEFINITIONAL_REPRESENTATION('',(#16331),#16335);
#16331 = LINE('',#16332,#16333);
#16332 = CARTESIAN_POINT('',(0.,0.));
#16333 = VECTOR('',#16334,1.);
#16334 = DIRECTION('',(0.,-1.));
#16335 = ( GEOMETRIC_REPRESENTATION_CONTEXT(2) 
PARAMETRIC_REPRESENTATION_CONTEXT() REPRESENTATION_CONTEXT('2D SPACE',''
  ) );
#16336 = ORIENTED_EDGE('',*,*,#15125,.F.);
#16337 = ADVANCED_FACE('',(#16338),#15171,.F.);
#16338 = FACE_BOUND('',#16339,.F.);
#16339 = EDGE_LOOP('',(#16340,#16341,#16364,#16385));
#16340 = ORIENTED_EDGE('',*,*,#16316,.T.);
#16341 = ORIENTED_EDGE('',*,*,#16342,.T.);
#16342 = EDGE_CURVE('',#16294,#16343,#16345,.T.);
#16343 = VERTEX_POINT('',#16344);
#16344 = CARTESIAN_POINT('',(-7.0611328125,-4.936328125,3.));
#16345 = SURFACE_CURVE('',#16346,(#16350,#16357),.PCURVE_S1.);
#16346 = B_SPLINE_CURVE_WITH_KNOTS('',2,(#16347,#16348,#16349),
  .UNSPECIFIED.,.F.,.F.,(3,3),(0.,1.),.PIECEWISE_BEZIER_KNOTS.);
#16347 = CARTESIAN_POINT('',(-7.26591796875,-4.840234375,3.));
#16348 = CARTESIAN_POINT('',(-7.1900390625,-4.936328125,3.));
#16349 = CARTESIAN_POINT('',(-7.0611328125,-4.936328125,3.));
#16350 = PCURVE('',#15171,#16351);
#16351 = DEFINITIONAL_REPRESENTATION('',(#16352),#16356);
#16352 = LINE('',#16353,#16354);
#16353 = CARTESIAN_POINT('',(0.,-0.3));
#16354 = VECTOR('',#16355,1.);
#16355 = DIRECTION('',(1.,0.));
#16356 = ( GEOMETRIC_REPRESENTATION_CONTEXT(2) 
PARAMETRIC_REPRESENTATION_CONTEXT() REPRESENTATION_CONTEXT('2D SPACE',''
  ) );
#16357 = PCURVE('',#16206,#16358);
#16358 = DEFINITIONAL_REPRESENTATION('',(#16359),#16363);
#16359 = B_SPLINE_CURVE_WITH_KNOTS('',2,(#16360,#16361,#16362),
  .UNSPECIFIED.,.F.,.F.,(3,3),(0.,1.),.PIECEWISE_BEZIER_KNOTS.);
#16360 = CARTESIAN_POINT('',(-7.26591796875,-4.840234375));
#16361 = CARTESIAN_POINT('',(-7.1900390625,-4.936328125));
#16362 = CARTESIAN_POINT('',(-7.0611328125,-4.936328125));
#16363 = ( GEOMETRIC_REPRESENTATION_CONTEXT(2) 
PARAMETRIC_REPRESENTATION_CONTEXT() REPRESENTATION_CONTEXT('2D SPACE',''
  ) );
#16364 = ORIENTED_EDGE('',*,*,#16365,.F.);
#16365 = EDGE_CURVE('',#15156,#16343,#16366,.T.);
#16366 = SURFACE_CURVE('',#16367,(#16371,#16378),.PCURVE_S1.);
#16367 = LINE('',#16368,#16369);
#16368 = CARTESIAN_POINT('',(-7.0611328125,-4.936328125,2.7));
#16369 = VECTOR('',#16370,1.);
#16370 = DIRECTION('',(0.,0.,1.));
#16371 = PCURVE('',#15171,#16372);
#16372 = DEFINITIONAL_REPRESENTATION('',(#16373),#16377);
#16373 = LINE('',#16374,#16375);
#16374 = CARTESIAN_POINT('',(1.,0.));
#16375 = VECTOR('',#16376,1.);
#16376 = DIRECTION('',(0.,-1.));
#16377 = ( GEOMETRIC_REPRESENTATION_CONTEXT(2) 
PARAMETRIC_REPRESENTATION_CONTEXT() REPRESENTATION_CONTEXT('2D SPACE',''
  ) );
#16378 = PCURVE('',#15201,#16379);
#16379 = DEFINITIONAL_REPRESENTATION('',(#16380),#16384);
#16380 = LINE('',#16381,#16382);
#16381 = CARTESIAN_POINT('',(0.,0.));
#16382 = VECTOR('',#16383,1.);
#16383 = DIRECTION('',(0.,-1.));
#16384 = ( GEOMETRIC_REPRESENTATION_CONTEXT(2) 
PARAMETRIC_REPRESENTATION_CONTEXT() REPRESENTATION_CONTEXT('2D SPACE',''
  ) );
#16385 = ORIENTED_EDGE('',*,*,#15155,.F.);
#16386 = ADVANCED_FACE('',(#16387),#15201,.F.);
#16387 = FACE_BOUND('',#16388,.F.);
#16388 = EDGE_LOOP('',(#16389,#16390,#16413,#16434));
#16389 = ORIENTED_EDGE('',*,*,#16365,.T.);
#16390 = ORIENTED_EDGE('',*,*,#16391,.T.);
#16391 = EDGE_CURVE('',#16343,#16392,#16394,.T.);
#16392 = VERTEX_POINT('',#16393);
#16393 = CARTESIAN_POINT('',(-6.85693359375,-4.840234375,3.));
#16394 = SURFACE_CURVE('',#16395,(#16399,#16406),.PCURVE_S1.);
#16395 = B_SPLINE_CURVE_WITH_KNOTS('',2,(#16396,#16397,#16398),
  .UNSPECIFIED.,.F.,.F.,(3,3),(0.,1.),.PIECEWISE_BEZIER_KNOTS.);
#16396 = CARTESIAN_POINT('',(-7.0611328125,-4.936328125,3.));
#16397 = CARTESIAN_POINT('',(-6.9322265625,-4.936328125,3.));
#16398 = CARTESIAN_POINT('',(-6.85693359375,-4.840234375,3.));
#16399 = PCURVE('',#15201,#16400);
#16400 = DEFINITIONAL_REPRESENTATION('',(#16401),#16405);
#16401 = LINE('',#16402,#16403);
#16402 = CARTESIAN_POINT('',(0.,-0.3));
#16403 = VECTOR('',#16404,1.);
#16404 = DIRECTION('',(1.,0.));
#16405 = ( GEOMETRIC_REPRESENTATION_CONTEXT(2) 
PARAMETRIC_REPRESENTATION_CONTEXT() REPRESENTATION_CONTEXT('2D SPACE',''
  ) );
#16406 = PCURVE('',#16206,#16407);
#16407 = DEFINITIONAL_REPRESENTATION('',(#16408),#16412);
#16408 = B_SPLINE_CURVE_WITH_KNOTS('',2,(#16409,#16410,#16411),
  .UNSPECIFIED.,.F.,.F.,(3,3),(0.,1.),.PIECEWISE_BEZIER_KNOTS.);
#16409 = CARTESIAN_POINT('',(-7.0611328125,-4.936328125));
#16410 = CARTESIAN_POINT('',(-6.9322265625,-4.936328125));
#16411 = CARTESIAN_POINT('',(-6.85693359375,-4.840234375));
#16412 = ( GEOMETRIC_REPRESENTATION_CONTEXT(2) 
PARAMETRIC_REPRESENTATION_CONTEXT() REPRESENTATION_CONTEXT('2D SPACE',''
  ) );
#16413 = ORIENTED_EDGE('',*,*,#16414,.F.);
#16414 = EDGE_CURVE('',#15186,#16392,#16415,.T.);
#16415 = SURFACE_CURVE('',#16416,(#16420,#16427),.PCURVE_S1.);
#16416 = LINE('',#16417,#16418);
#16417 = CARTESIAN_POINT('',(-6.85693359375,-4.840234375,2.7));
#16418 = VECTOR('',#16419,1.);
#16419 = DIRECTION('',(0.,0.,1.));
#16420 = PCURVE('',#15201,#16421);
#16421 = DEFINITIONAL_REPRESENTATION('',(#16422),#16426);
#16422 = LINE('',#16423,#16424);
#16423 = CARTESIAN_POINT('',(1.,0.));
#16424 = VECTOR('',#16425,1.);
#16425 = DIRECTION('',(0.,-1.));
#16426 = ( GEOMETRIC_REPRESENTATION_CONTEXT(2) 
PARAMETRIC_REPRESENTATION_CONTEXT() REPRESENTATION_CONTEXT('2D SPACE',''
  ) );
#16427 = PCURVE('',#15231,#16428);
#16428 = DEFINITIONAL_REPRESENTATION('',(#16429),#16433);
#16429 = LINE('',#16430,#16431);
#16430 = CARTESIAN_POINT('',(0.,0.));
#16431 = VECTOR('',#16432,1.);
#16432 = DIRECTION('',(0.,-1.));
#16433 = ( GEOMETRIC_REPRESENTATION_CONTEXT(2) 
PARAMETRIC_REPRESENTATION_CONTEXT() REPRESENTATION_CONTEXT('2D SPACE',''
  ) );
#16434 = ORIENTED_EDGE('',*,*,#15185,.F.);
#16435 = ADVANCED_FACE('',(#16436),#15231,.F.);
#16436 = FACE_BOUND('',#16437,.F.);
#16437 = EDGE_LOOP('',(#16438,#16439,#16462,#16483));
#16438 = ORIENTED_EDGE('',*,*,#16414,.T.);
#16439 = ORIENTED_EDGE('',*,*,#16440,.T.);
#16440 = EDGE_CURVE('',#16392,#16441,#16443,.T.);
#16441 = VERTEX_POINT('',#16442);
#16442 = CARTESIAN_POINT('',(-6.781640625,-4.57890625,3.));
#16443 = SURFACE_CURVE('',#16444,(#16448,#16455),.PCURVE_S1.);
#16444 = B_SPLINE_CURVE_WITH_KNOTS('',2,(#16445,#16446,#16447),
  .UNSPECIFIED.,.F.,.F.,(3,3),(0.,1.),.PIECEWISE_BEZIER_KNOTS.);
#16445 = CARTESIAN_POINT('',(-6.85693359375,-4.840234375,3.));
#16446 = CARTESIAN_POINT('',(-6.781640625,-4.744140625,3.));
#16447 = CARTESIAN_POINT('',(-6.781640625,-4.57890625,3.));
#16448 = PCURVE('',#15231,#16449);
#16449 = DEFINITIONAL_REPRESENTATION('',(#16450),#16454);
#16450 = LINE('',#16451,#16452);
#16451 = CARTESIAN_POINT('',(0.,-0.3));
#16452 = VECTOR('',#16453,1.);
#16453 = DIRECTION('',(1.,0.));
#16454 = ( GEOMETRIC_REPRESENTATION_CONTEXT(2) 
PARAMETRIC_REPRESENTATION_CONTEXT() REPRESENTATION_CONTEXT('2D SPACE',''
  ) );
#16455 = PCURVE('',#16206,#16456);
#16456 = DEFINITIONAL_REPRESENTATION('',(#16457),#16461);
#16457 = B_SPLINE_CURVE_WITH_KNOTS('',2,(#16458,#16459,#16460),
  .UNSPECIFIED.,.F.,.F.,(3,3),(0.,1.),.PIECEWISE_BEZIER_KNOTS.);
#16458 = CARTESIAN_POINT('',(-6.85693359375,-4.840234375));
#16459 = CARTESIAN_POINT('',(-6.781640625,-4.744140625));
#16460 = CARTESIAN_POINT('',(-6.781640625,-4.57890625));
#16461 = ( GEOMETRIC_REPRESENTATION_CONTEXT(2) 
PARAMETRIC_REPRESENTATION_CONTEXT() REPRESENTATION_CONTEXT('2D SPACE',''
  ) );
#16462 = ORIENTED_EDGE('',*,*,#16463,.F.);
#16463 = EDGE_CURVE('',#15216,#16441,#16464,.T.);
#16464 = SURFACE_CURVE('',#16465,(#16469,#16476),.PCURVE_S1.);
#16465 = LINE('',#16466,#16467);
#16466 = CARTESIAN_POINT('',(-6.781640625,-4.57890625,2.7));
#16467 = VECTOR('',#16468,1.);
#16468 = DIRECTION('',(0.,0.,1.));
#16469 = PCURVE('',#15231,#16470);
#16470 = DEFINITIONAL_REPRESENTATION('',(#16471),#16475);
#16471 = LINE('',#16472,#16473);
#16472 = CARTESIAN_POINT('',(1.,0.));
#16473 = VECTOR('',#16474,1.);
#16474 = DIRECTION('',(0.,-1.));
#16475 = ( GEOMETRIC_REPRESENTATION_CONTEXT(2) 
PARAMETRIC_REPRESENTATION_CONTEXT() REPRESENTATION_CONTEXT('2D SPACE',''
  ) );
#16476 = PCURVE('',#15261,#16477);
#16477 = DEFINITIONAL_REPRESENTATION('',(#16478),#16482);
#16478 = LINE('',#16479,#16480);
#16479 = CARTESIAN_POINT('',(0.,0.));
#16480 = VECTOR('',#16481,1.);
#16481 = DIRECTION('',(0.,-1.));
#16482 = ( GEOMETRIC_REPRESENTATION_CONTEXT(2) 
PARAMETRIC_REPRESENTATION_CONTEXT() REPRESENTATION_CONTEXT('2D SPACE',''
  ) );
#16483 = ORIENTED_EDGE('',*,*,#15215,.F.);
#16484 = ADVANCED_FACE('',(#16485),#15261,.F.);
#16485 = FACE_BOUND('',#16486,.F.);
#16486 = EDGE_LOOP('',(#16487,#16488,#16511,#16532));
#16487 = ORIENTED_EDGE('',*,*,#16463,.T.);
#16488 = ORIENTED_EDGE('',*,*,#16489,.T.);
#16489 = EDGE_CURVE('',#16441,#16490,#16492,.T.);
#16490 = VERTEX_POINT('',#16491);
#16491 = CARTESIAN_POINT('',(-6.85693359375,-4.3169921875,3.));
#16492 = SURFACE_CURVE('',#16493,(#16497,#16504),.PCURVE_S1.);
#16493 = B_SPLINE_CURVE_WITH_KNOTS('',2,(#16494,#16495,#16496),
  .UNSPECIFIED.,.F.,.F.,(3,3),(0.,1.),.PIECEWISE_BEZIER_KNOTS.);
#16494 = CARTESIAN_POINT('',(-6.781640625,-4.57890625,3.));
#16495 = CARTESIAN_POINT('',(-6.781640625,-4.4130859375,3.));
#16496 = CARTESIAN_POINT('',(-6.85693359375,-4.3169921875,3.));
#16497 = PCURVE('',#15261,#16498);
#16498 = DEFINITIONAL_REPRESENTATION('',(#16499),#16503);
#16499 = LINE('',#16500,#16501);
#16500 = CARTESIAN_POINT('',(0.,-0.3));
#16501 = VECTOR('',#16502,1.);
#16502 = DIRECTION('',(1.,0.));
#16503 = ( GEOMETRIC_REPRESENTATION_CONTEXT(2) 
PARAMETRIC_REPRESENTATION_CONTEXT() REPRESENTATION_CONTEXT('2D SPACE',''
  ) );
#16504 = PCURVE('',#16206,#16505);
#16505 = DEFINITIONAL_REPRESENTATION('',(#16506),#16510);
#16506 = B_SPLINE_CURVE_WITH_KNOTS('',2,(#16507,#16508,#16509),
  .UNSPECIFIED.,.F.,.F.,(3,3),(0.,1.),.PIECEWISE_BEZIER_KNOTS.);
#16507 = CARTESIAN_POINT('',(-6.781640625,-4.57890625));
#16508 = CARTESIAN_POINT('',(-6.781640625,-4.4130859375));
#16509 = CARTESIAN_POINT('',(-6.85693359375,-4.3169921875));
#16510 = ( GEOMETRIC_REPRESENTATION_CONTEXT(2) 
PARAMETRIC_REPRESENTATION_CONTEXT() REPRESENTATION_CONTEXT('2D SPACE',''
  ) );
#16511 = ORIENTED_EDGE('',*,*,#16512,.F.);
#16512 = EDGE_CURVE('',#15246,#16490,#16513,.T.);
#16513 = SURFACE_CURVE('',#16514,(#16518,#16525),.PCURVE_S1.);
#16514 = LINE('',#16515,#16516);
#16515 = CARTESIAN_POINT('',(-6.85693359375,-4.3169921875,2.7));
#16516 = VECTOR('',#16517,1.);
#16517 = DIRECTION('',(0.,0.,1.));
#16518 = PCURVE('',#15261,#16519);
#16519 = DEFINITIONAL_REPRESENTATION('',(#16520),#16524);
#16520 = LINE('',#16521,#16522);
#16521 = CARTESIAN_POINT('',(1.,0.));
#16522 = VECTOR('',#16523,1.);
#16523 = DIRECTION('',(0.,-1.));
#16524 = ( GEOMETRIC_REPRESENTATION_CONTEXT(2) 
PARAMETRIC_REPRESENTATION_CONTEXT() REPRESENTATION_CONTEXT('2D SPACE',''
  ) );
#16525 = PCURVE('',#15289,#16526);
#16526 = DEFINITIONAL_REPRESENTATION('',(#16527),#16531);
#16527 = LINE('',#16528,#16529);
#16528 = CARTESIAN_POINT('',(0.,0.));
#16529 = VECTOR('',#16530,1.);
#16530 = DIRECTION('',(0.,-1.));
#16531 = ( GEOMETRIC_REPRESENTATION_CONTEXT(2) 
PARAMETRIC_REPRESENTATION_CONTEXT() REPRESENTATION_CONTEXT('2D SPACE',''
  ) );
#16532 = ORIENTED_EDGE('',*,*,#15245,.F.);
#16533 = ADVANCED_FACE('',(#16534),#15289,.F.);
#16534 = FACE_BOUND('',#16535,.F.);
#16535 = EDGE_LOOP('',(#16536,#16537,#16558,#16559));
#16536 = ORIENTED_EDGE('',*,*,#16512,.T.);
#16537 = ORIENTED_EDGE('',*,*,#16538,.T.);
#16538 = EDGE_CURVE('',#16490,#16168,#16539,.T.);
#16539 = SURFACE_CURVE('',#16540,(#16544,#16551),.PCURVE_S1.);
#16540 = B_SPLINE_CURVE_WITH_KNOTS('',2,(#16541,#16542,#16543),
  .UNSPECIFIED.,.F.,.F.,(3,3),(0.,1.),.PIECEWISE_BEZIER_KNOTS.);
#16541 = CARTESIAN_POINT('',(-6.85693359375,-4.3169921875,3.));
#16542 = CARTESIAN_POINT('',(-6.9322265625,-4.2208984375,3.));
#16543 = CARTESIAN_POINT('',(-7.0611328125,-4.2208984375,3.));
#16544 = PCURVE('',#15289,#16545);
#16545 = DEFINITIONAL_REPRESENTATION('',(#16546),#16550);
#16546 = LINE('',#16547,#16548);
#16547 = CARTESIAN_POINT('',(0.,-0.3));
#16548 = VECTOR('',#16549,1.);
#16549 = DIRECTION('',(1.,0.));
#16550 = ( GEOMETRIC_REPRESENTATION_CONTEXT(2) 
PARAMETRIC_REPRESENTATION_CONTEXT() REPRESENTATION_CONTEXT('2D SPACE',''
  ) );
#16551 = PCURVE('',#16206,#16552);
#16552 = DEFINITIONAL_REPRESENTATION('',(#16553),#16557);
#16553 = B_SPLINE_CURVE_WITH_KNOTS('',2,(#16554,#16555,#16556),
  .UNSPECIFIED.,.F.,.F.,(3,3),(0.,1.),.PIECEWISE_BEZIER_KNOTS.);
#16554 = CARTESIAN_POINT('',(-6.85693359375,-4.3169921875));
#16555 = CARTESIAN_POINT('',(-6.9322265625,-4.2208984375));
#16556 = CARTESIAN_POINT('',(-7.0611328125,-4.2208984375));
#16557 = ( GEOMETRIC_REPRESENTATION_CONTEXT(2) 
PARAMETRIC_REPRESENTATION_CONTEXT() REPRESENTATION_CONTEXT('2D SPACE',''
  ) );
#16558 = ORIENTED_EDGE('',*,*,#16167,.F.);
#16559 = ORIENTED_EDGE('',*,*,#15275,.F.);
#16560 = ADVANCED_FACE('',(#16561),#15380,.F.);
#16561 = FACE_BOUND('',#16562,.F.);
#16562 = EDGE_LOOP('',(#16563,#16586,#16614,#16635));
#16563 = ORIENTED_EDGE('',*,*,#16564,.T.);
#16564 = EDGE_CURVE('',#15363,#16565,#16567,.T.);
#16565 = VERTEX_POINT('',#16566);
#16566 = CARTESIAN_POINT('',(-3.9181640625,-4.2185546875,3.));
#16567 = SURFACE_CURVE('',#16568,(#16572,#16579),.PCURVE_S1.);
#16568 = LINE('',#16569,#16570);
#16569 = CARTESIAN_POINT('',(-3.9181640625,-4.2185546875,2.7));
#16570 = VECTOR('',#16571,1.);
#16571 = DIRECTION('',(0.,0.,1.));
#16572 = PCURVE('',#15380,#16573);
#16573 = DEFINITIONAL_REPRESENTATION('',(#16574),#16578);
#16574 = LINE('',#16575,#16576);
#16575 = CARTESIAN_POINT('',(0.,0.));
#16576 = VECTOR('',#16577,1.);
#16577 = DIRECTION('',(0.,-1.));
#16578 = ( GEOMETRIC_REPRESENTATION_CONTEXT(2) 
PARAMETRIC_REPRESENTATION_CONTEXT() REPRESENTATION_CONTEXT('2D SPACE',''
  ) );
#16579 = PCURVE('',#15588,#16580);
#16580 = DEFINITIONAL_REPRESENTATION('',(#16581),#16585);
#16581 = LINE('',#16582,#16583);
#16582 = CARTESIAN_POINT('',(1.,0.));
#16583 = VECTOR('',#16584,1.);
#16584 = DIRECTION('',(0.,-1.));
#16585 = ( GEOMETRIC_REPRESENTATION_CONTEXT(2) 
PARAMETRIC_REPRESENTATION_CONTEXT() REPRESENTATION_CONTEXT('2D SPACE',''
  ) );
#16586 = ORIENTED_EDGE('',*,*,#16587,.T.);
#16587 = EDGE_CURVE('',#16565,#16588,#16590,.T.);
#16588 = VERTEX_POINT('',#16589);
#16589 = CARTESIAN_POINT('',(-4.05556640625,-4.30849609375,3.));
#16590 = SURFACE_CURVE('',#16591,(#16595,#16602),.PCURVE_S1.);
#16591 = B_SPLINE_CURVE_WITH_KNOTS('',2,(#16592,#16593,#16594),
  .UNSPECIFIED.,.F.,.F.,(3,3),(0.,1.),.PIECEWISE_BEZIER_KNOTS.);
#16592 = CARTESIAN_POINT('',(-3.9181640625,-4.2185546875,3.));
#16593 = CARTESIAN_POINT('',(-4.0095703125,-4.2185546875,3.));
#16594 = CARTESIAN_POINT('',(-4.05556640625,-4.30849609375,3.));
#16595 = PCURVE('',#15380,#16596);
#16596 = DEFINITIONAL_REPRESENTATION('',(#16597),#16601);
#16597 = LINE('',#16598,#16599);
#16598 = CARTESIAN_POINT('',(0.,-0.3));
#16599 = VECTOR('',#16600,1.);
#16600 = DIRECTION('',(1.,0.));
#16601 = ( GEOMETRIC_REPRESENTATION_CONTEXT(2) 
PARAMETRIC_REPRESENTATION_CONTEXT() REPRESENTATION_CONTEXT('2D SPACE',''
  ) );
#16602 = PCURVE('',#16603,#16608);
#16603 = PLANE('',#16604);
#16604 = AXIS2_PLACEMENT_3D('',#16605,#16606,#16607);
#16605 = CARTESIAN_POINT('',(0.,0.,3.));
#16606 = DIRECTION('',(0.,0.,1.));
#16607 = DIRECTION('',(1.,0.,-0.));
#16608 = DEFINITIONAL_REPRESENTATION('',(#16609),#16613);
#16609 = B_SPLINE_CURVE_WITH_KNOTS('',2,(#16610,#16611,#16612),
  .UNSPECIFIED.,.F.,.F.,(3,3),(0.,1.),.PIECEWISE_BEZIER_KNOTS.);
#16610 = CARTESIAN_POINT('',(-3.9181640625,-4.2185546875));
#16611 = CARTESIAN_POINT('',(-4.0095703125,-4.2185546875));
#16612 = CARTESIAN_POINT('',(-4.05556640625,-4.30849609375));
#16613 = ( GEOMETRIC_REPRESENTATION_CONTEXT(2) 
PARAMETRIC_REPRESENTATION_CONTEXT() REPRESENTATION_CONTEXT('2D SPACE',''
  ) );
#16614 = ORIENTED_EDGE('',*,*,#16615,.F.);
#16615 = EDGE_CURVE('',#15365,#16588,#16616,.T.);
#16616 = SURFACE_CURVE('',#16617,(#16621,#16628),.PCURVE_S1.);
#16617 = LINE('',#16618,#16619);
#16618 = CARTESIAN_POINT('',(-4.05556640625,-4.30849609375,2.7));
#16619 = VECTOR('',#16620,1.);
#16620 = DIRECTION('',(0.,0.,1.));
#16621 = PCURVE('',#15380,#16622);
#16622 = DEFINITIONAL_REPRESENTATION('',(#16623),#16627);
#16623 = LINE('',#16624,#16625);
#16624 = CARTESIAN_POINT('',(1.,0.));
#16625 = VECTOR('',#16626,1.);
#16626 = DIRECTION('',(0.,-1.));
#16627 = ( GEOMETRIC_REPRESENTATION_CONTEXT(2) 
PARAMETRIC_REPRESENTATION_CONTEXT() REPRESENTATION_CONTEXT('2D SPACE',''
  ) );
#16628 = PCURVE('',#15410,#16629);
#16629 = DEFINITIONAL_REPRESENTATION('',(#16630),#16634);
#16630 = LINE('',#16631,#16632);
#16631 = CARTESIAN_POINT('',(0.,0.));
#16632 = VECTOR('',#16633,1.);
#16633 = DIRECTION('',(0.,-1.));
#16634 = ( GEOMETRIC_REPRESENTATION_CONTEXT(2) 
PARAMETRIC_REPRESENTATION_CONTEXT() REPRESENTATION_CONTEXT('2D SPACE',''
  ) );
#16635 = ORIENTED_EDGE('',*,*,#15362,.F.);
#16636 = ADVANCED_FACE('',(#16637),#15410,.F.);
#16637 = FACE_BOUND('',#16638,.F.);
#16638 = EDGE_LOOP('',(#16639,#16640,#16663,#16684));
#16639 = ORIENTED_EDGE('',*,*,#16615,.T.);
#16640 = ORIENTED_EDGE('',*,*,#16641,.T.);
#16641 = EDGE_CURVE('',#16588,#16642,#16644,.T.);
#16642 = VERTEX_POINT('',#16643);
#16643 = CARTESIAN_POINT('',(-4.1015625,-4.57890625,3.));
#16644 = SURFACE_CURVE('',#16645,(#16649,#16656),.PCURVE_S1.);
#16645 = B_SPLINE_CURVE_WITH_KNOTS('',2,(#16646,#16647,#16648),
  .UNSPECIFIED.,.F.,.F.,(3,3),(0.,1.),.PIECEWISE_BEZIER_KNOTS.);
#16646 = CARTESIAN_POINT('',(-4.05556640625,-4.30849609375,3.));
#16647 = CARTESIAN_POINT('',(-4.1015625,-4.3984375,3.));
#16648 = CARTESIAN_POINT('',(-4.1015625,-4.57890625,3.));
#16649 = PCURVE('',#15410,#16650);
#16650 = DEFINITIONAL_REPRESENTATION('',(#16651),#16655);
#16651 = LINE('',#16652,#16653);
#16652 = CARTESIAN_POINT('',(0.,-0.3));
#16653 = VECTOR('',#16654,1.);
#16654 = DIRECTION('',(1.,0.));
#16655 = ( GEOMETRIC_REPRESENTATION_CONTEXT(2) 
PARAMETRIC_REPRESENTATION_CONTEXT() REPRESENTATION_CONTEXT('2D SPACE',''
  ) );
#16656 = PCURVE('',#16603,#16657);
#16657 = DEFINITIONAL_REPRESENTATION('',(#16658),#16662);
#16658 = B_SPLINE_CURVE_WITH_KNOTS('',2,(#16659,#16660,#16661),
  .UNSPECIFIED.,.F.,.F.,(3,3),(0.,1.),.PIECEWISE_BEZIER_KNOTS.);
#16659 = CARTESIAN_POINT('',(-4.05556640625,-4.30849609375));
#16660 = CARTESIAN_POINT('',(-4.1015625,-4.3984375));
#16661 = CARTESIAN_POINT('',(-4.1015625,-4.57890625));
#16662 = ( GEOMETRIC_REPRESENTATION_CONTEXT(2) 
PARAMETRIC_REPRESENTATION_CONTEXT() REPRESENTATION_CONTEXT('2D SPACE',''
  ) );
#16663 = ORIENTED_EDGE('',*,*,#16664,.F.);
#16664 = EDGE_CURVE('',#15395,#16642,#16665,.T.);
#16665 = SURFACE_CURVE('',#16666,(#16670,#16677),.PCURVE_S1.);
#16666 = LINE('',#16667,#16668);
#16667 = CARTESIAN_POINT('',(-4.1015625,-4.57890625,2.7));
#16668 = VECTOR('',#16669,1.);
#16669 = DIRECTION('',(0.,0.,1.));
#16670 = PCURVE('',#15410,#16671);
#16671 = DEFINITIONAL_REPRESENTATION('',(#16672),#16676);
#16672 = LINE('',#16673,#16674);
#16673 = CARTESIAN_POINT('',(1.,0.));
#16674 = VECTOR('',#16675,1.);
#16675 = DIRECTION('',(0.,-1.));
#16676 = ( GEOMETRIC_REPRESENTATION_CONTEXT(2) 
PARAMETRIC_REPRESENTATION_CONTEXT() REPRESENTATION_CONTEXT('2D SPACE',''
  ) );
#16677 = PCURVE('',#15440,#16678);
#16678 = DEFINITIONAL_REPRESENTATION('',(#16679),#16683);
#16679 = LINE('',#16680,#16681);
#16680 = CARTESIAN_POINT('',(0.,0.));
#16681 = VECTOR('',#16682,1.);
#16682 = DIRECTION('',(0.,-1.));
#16683 = ( GEOMETRIC_REPRESENTATION_CONTEXT(2) 
PARAMETRIC_REPRESENTATION_CONTEXT() REPRESENTATION_CONTEXT('2D SPACE',''
  ) );
#16684 = ORIENTED_EDGE('',*,*,#15394,.F.);
#16685 = ADVANCED_FACE('',(#16686),#15440,.F.);
#16686 = FACE_BOUND('',#16687,.F.);
#16687 = EDGE_LOOP('',(#16688,#16689,#16712,#16733));
#16688 = ORIENTED_EDGE('',*,*,#16664,.T.);
#16689 = ORIENTED_EDGE('',*,*,#16690,.T.);
#16690 = EDGE_CURVE('',#16642,#16691,#16693,.T.);
#16691 = VERTEX_POINT('',#16692);
#16692 = CARTESIAN_POINT('',(-4.05556640625,-4.84873046875,3.));
#16693 = SURFACE_CURVE('',#16694,(#16698,#16705),.PCURVE_S1.);
#16694 = B_SPLINE_CURVE_WITH_KNOTS('',2,(#16695,#16696,#16697),
  .UNSPECIFIED.,.F.,.F.,(3,3),(0.,1.),.PIECEWISE_BEZIER_KNOTS.);
#16695 = CARTESIAN_POINT('',(-4.1015625,-4.57890625,3.));
#16696 = CARTESIAN_POINT('',(-4.1015625,-4.7587890625,3.));
#16697 = CARTESIAN_POINT('',(-4.05556640625,-4.84873046875,3.));
#16698 = PCURVE('',#15440,#16699);
#16699 = DEFINITIONAL_REPRESENTATION('',(#16700),#16704);
#16700 = LINE('',#16701,#16702);
#16701 = CARTESIAN_POINT('',(0.,-0.3));
#16702 = VECTOR('',#16703,1.);
#16703 = DIRECTION('',(1.,0.));
#16704 = ( GEOMETRIC_REPRESENTATION_CONTEXT(2) 
PARAMETRIC_REPRESENTATION_CONTEXT() REPRESENTATION_CONTEXT('2D SPACE',''
  ) );
#16705 = PCURVE('',#16603,#16706);
#16706 = DEFINITIONAL_REPRESENTATION('',(#16707),#16711);
#16707 = B_SPLINE_CURVE_WITH_KNOTS('',2,(#16708,#16709,#16710),
  .UNSPECIFIED.,.F.,.F.,(3,3),(0.,1.),.PIECEWISE_BEZIER_KNOTS.);
#16708 = CARTESIAN_POINT('',(-4.1015625,-4.57890625));
#16709 = CARTESIAN_POINT('',(-4.1015625,-4.7587890625));
#16710 = CARTESIAN_POINT('',(-4.05556640625,-4.84873046875));
#16711 = ( GEOMETRIC_REPRESENTATION_CONTEXT(2) 
PARAMETRIC_REPRESENTATION_CONTEXT() REPRESENTATION_CONTEXT('2D SPACE',''
  ) );
#16712 = ORIENTED_EDGE('',*,*,#16713,.F.);
#16713 = EDGE_CURVE('',#15425,#16691,#16714,.T.);
#16714 = SURFACE_CURVE('',#16715,(#16719,#16726),.PCURVE_S1.);
#16715 = LINE('',#16716,#16717);
#16716 = CARTESIAN_POINT('',(-4.05556640625,-4.84873046875,2.7));
#16717 = VECTOR('',#16718,1.);
#16718 = DIRECTION('',(0.,0.,1.));
#16719 = PCURVE('',#15440,#16720);
#16720 = DEFINITIONAL_REPRESENTATION('',(#16721),#16725);
#16721 = LINE('',#16722,#16723);
#16722 = CARTESIAN_POINT('',(1.,0.));
#16723 = VECTOR('',#16724,1.);
#16724 = DIRECTION('',(0.,-1.));
#16725 = ( GEOMETRIC_REPRESENTATION_CONTEXT(2) 
PARAMETRIC_REPRESENTATION_CONTEXT() REPRESENTATION_CONTEXT('2D SPACE',''
  ) );
#16726 = PCURVE('',#15470,#16727);
#16727 = DEFINITIONAL_REPRESENTATION('',(#16728),#16732);
#16728 = LINE('',#16729,#16730);
#16729 = CARTESIAN_POINT('',(0.,0.));
#16730 = VECTOR('',#16731,1.);
#16731 = DIRECTION('',(0.,-1.));
#16732 = ( GEOMETRIC_REPRESENTATION_CONTEXT(2) 
PARAMETRIC_REPRESENTATION_CONTEXT() REPRESENTATION_CONTEXT('2D SPACE',''
  ) );
#16733 = ORIENTED_EDGE('',*,*,#15424,.F.);
#16734 = ADVANCED_FACE('',(#16735),#15470,.F.);
#16735 = FACE_BOUND('',#16736,.F.);
#16736 = EDGE_LOOP('',(#16737,#16738,#16761,#16782));
#16737 = ORIENTED_EDGE('',*,*,#16713,.T.);
#16738 = ORIENTED_EDGE('',*,*,#16739,.T.);
#16739 = EDGE_CURVE('',#16691,#16740,#16742,.T.);
#16740 = VERTEX_POINT('',#16741);
#16741 = CARTESIAN_POINT('',(-3.9181640625,-4.938671875,3.));
#16742 = SURFACE_CURVE('',#16743,(#16747,#16754),.PCURVE_S1.);
#16743 = B_SPLINE_CURVE_WITH_KNOTS('',2,(#16744,#16745,#16746),
  .UNSPECIFIED.,.F.,.F.,(3,3),(0.,1.),.PIECEWISE_BEZIER_KNOTS.);
#16744 = CARTESIAN_POINT('',(-4.05556640625,-4.84873046875,3.));
#16745 = CARTESIAN_POINT('',(-4.0095703125,-4.938671875,3.));
#16746 = CARTESIAN_POINT('',(-3.9181640625,-4.938671875,3.));
#16747 = PCURVE('',#15470,#16748);
#16748 = DEFINITIONAL_REPRESENTATION('',(#16749),#16753);
#16749 = LINE('',#16750,#16751);
#16750 = CARTESIAN_POINT('',(0.,-0.3));
#16751 = VECTOR('',#16752,1.);
#16752 = DIRECTION('',(1.,0.));
#16753 = ( GEOMETRIC_REPRESENTATION_CONTEXT(2) 
PARAMETRIC_REPRESENTATION_CONTEXT() REPRESENTATION_CONTEXT('2D SPACE',''
  ) );
#16754 = PCURVE('',#16603,#16755);
#16755 = DEFINITIONAL_REPRESENTATION('',(#16756),#16760);
#16756 = B_SPLINE_CURVE_WITH_KNOTS('',2,(#16757,#16758,#16759),
  .UNSPECIFIED.,.F.,.F.,(3,3),(0.,1.),.PIECEWISE_BEZIER_KNOTS.);
#16757 = CARTESIAN_POINT('',(-4.05556640625,-4.84873046875));
#16758 = CARTESIAN_POINT('',(-4.0095703125,-4.938671875));
#16759 = CARTESIAN_POINT('',(-3.9181640625,-4.938671875));
#16760 = ( GEOMETRIC_REPRESENTATION_CONTEXT(2) 
PARAMETRIC_REPRESENTATION_CONTEXT() REPRESENTATION_CONTEXT('2D SPACE',''
  ) );
#16761 = ORIENTED_EDGE('',*,*,#16762,.F.);
#16762 = EDGE_CURVE('',#15455,#16740,#16763,.T.);
#16763 = SURFACE_CURVE('',#16764,(#16768,#16775),.PCURVE_S1.);
#16764 = LINE('',#16765,#16766);
#16765 = CARTESIAN_POINT('',(-3.9181640625,-4.938671875,2.7));
#16766 = VECTOR('',#16767,1.);
#16767 = DIRECTION('',(0.,0.,1.));
#16768 = PCURVE('',#15470,#16769);
#16769 = DEFINITIONAL_REPRESENTATION('',(#16770),#16774);
#16770 = LINE('',#16771,#16772);
#16771 = CARTESIAN_POINT('',(1.,0.));
#16772 = VECTOR('',#16773,1.);
#16773 = DIRECTION('',(0.,-1.));
#16774 = ( GEOMETRIC_REPRESENTATION_CONTEXT(2) 
PARAMETRIC_REPRESENTATION_CONTEXT() REPRESENTATION_CONTEXT('2D SPACE',''
  ) );
#16775 = PCURVE('',#15500,#16776);
#16776 = DEFINITIONAL_REPRESENTATION('',(#16777),#16781);
#16777 = LINE('',#16778,#16779);
#16778 = CARTESIAN_POINT('',(0.,0.));
#16779 = VECTOR('',#16780,1.);
#16780 = DIRECTION('',(0.,-1.));
#16781 = ( GEOMETRIC_REPRESENTATION_CONTEXT(2) 
PARAMETRIC_REPRESENTATION_CONTEXT() REPRESENTATION_CONTEXT('2D SPACE',''
  ) );
#16782 = ORIENTED_EDGE('',*,*,#15454,.F.);
#16783 = ADVANCED_FACE('',(#16784),#15500,.F.);
#16784 = FACE_BOUND('',#16785,.F.);
#16785 = EDGE_LOOP('',(#16786,#16787,#16810,#16831));
#16786 = ORIENTED_EDGE('',*,*,#16762,.T.);
#16787 = ORIENTED_EDGE('',*,*,#16788,.T.);
#16788 = EDGE_CURVE('',#16740,#16789,#16791,.T.);
#16789 = VERTEX_POINT('',#16790);
#16790 = CARTESIAN_POINT('',(-3.78017578125,-4.84873046875,3.));
#16791 = SURFACE_CURVE('',#16792,(#16796,#16803),.PCURVE_S1.);
#16792 = B_SPLINE_CURVE_WITH_KNOTS('',2,(#16793,#16794,#16795),
  .UNSPECIFIED.,.F.,.F.,(3,3),(0.,1.),.PIECEWISE_BEZIER_KNOTS.);
#16793 = CARTESIAN_POINT('',(-3.9181640625,-4.938671875,3.));
#16794 = CARTESIAN_POINT('',(-3.826171875,-4.938671875,3.));
#16795 = CARTESIAN_POINT('',(-3.78017578125,-4.84873046875,3.));
#16796 = PCURVE('',#15500,#16797);
#16797 = DEFINITIONAL_REPRESENTATION('',(#16798),#16802);
#16798 = LINE('',#16799,#16800);
#16799 = CARTESIAN_POINT('',(0.,-0.3));
#16800 = VECTOR('',#16801,1.);
#16801 = DIRECTION('',(1.,0.));
#16802 = ( GEOMETRIC_REPRESENTATION_CONTEXT(2) 
PARAMETRIC_REPRESENTATION_CONTEXT() REPRESENTATION_CONTEXT('2D SPACE',''
  ) );
#16803 = PCURVE('',#16603,#16804);
#16804 = DEFINITIONAL_REPRESENTATION('',(#16805),#16809);
#16805 = B_SPLINE_CURVE_WITH_KNOTS('',2,(#16806,#16807,#16808),
  .UNSPECIFIED.,.F.,.F.,(3,3),(0.,1.),.PIECEWISE_BEZIER_KNOTS.);
#16806 = CARTESIAN_POINT('',(-3.9181640625,-4.938671875));
#16807 = CARTESIAN_POINT('',(-3.826171875,-4.938671875));
#16808 = CARTESIAN_POINT('',(-3.78017578125,-4.84873046875));
#16809 = ( GEOMETRIC_REPRESENTATION_CONTEXT(2) 
PARAMETRIC_REPRESENTATION_CONTEXT() REPRESENTATION_CONTEXT('2D SPACE',''
  ) );
#16810 = ORIENTED_EDGE('',*,*,#16811,.F.);
#16811 = EDGE_CURVE('',#15485,#16789,#16812,.T.);
#16812 = SURFACE_CURVE('',#16813,(#16817,#16824),.PCURVE_S1.);
#16813 = LINE('',#16814,#16815);
#16814 = CARTESIAN_POINT('',(-3.78017578125,-4.84873046875,2.7));
#16815 = VECTOR('',#16816,1.);
#16816 = DIRECTION('',(0.,0.,1.));
#16817 = PCURVE('',#15500,#16818);
#16818 = DEFINITIONAL_REPRESENTATION('',(#16819),#16823);
#16819 = LINE('',#16820,#16821);
#16820 = CARTESIAN_POINT('',(1.,0.));
#16821 = VECTOR('',#16822,1.);
#16822 = DIRECTION('',(0.,-1.));
#16823 = ( GEOMETRIC_REPRESENTATION_CONTEXT(2) 
PARAMETRIC_REPRESENTATION_CONTEXT() REPRESENTATION_CONTEXT('2D SPACE',''
  ) );
#16824 = PCURVE('',#15530,#16825);
#16825 = DEFINITIONAL_REPRESENTATION('',(#16826),#16830);
#16826 = LINE('',#16827,#16828);
#16827 = CARTESIAN_POINT('',(0.,0.));
#16828 = VECTOR('',#16829,1.);
#16829 = DIRECTION('',(0.,-1.));
#16830 = ( GEOMETRIC_REPRESENTATION_CONTEXT(2) 
PARAMETRIC_REPRESENTATION_CONTEXT() REPRESENTATION_CONTEXT('2D SPACE',''
  ) );
#16831 = ORIENTED_EDGE('',*,*,#15484,.F.);
#16832 = ADVANCED_FACE('',(#16833),#15530,.F.);
#16833 = FACE_BOUND('',#16834,.F.);
#16834 = EDGE_LOOP('',(#16835,#16836,#16859,#16880));
#16835 = ORIENTED_EDGE('',*,*,#16811,.T.);
#16836 = ORIENTED_EDGE('',*,*,#16837,.T.);
#16837 = EDGE_CURVE('',#16789,#16838,#16840,.T.);
#16838 = VERTEX_POINT('',#16839);
#16839 = CARTESIAN_POINT('',(-3.7341796875,-4.57890625,3.));
#16840 = SURFACE_CURVE('',#16841,(#16845,#16852),.PCURVE_S1.);
#16841 = B_SPLINE_CURVE_WITH_KNOTS('',2,(#16842,#16843,#16844),
  .UNSPECIFIED.,.F.,.F.,(3,3),(0.,1.),.PIECEWISE_BEZIER_KNOTS.);
#16842 = CARTESIAN_POINT('',(-3.78017578125,-4.84873046875,3.));
#16843 = CARTESIAN_POINT('',(-3.7341796875,-4.7587890625,3.));
#16844 = CARTESIAN_POINT('',(-3.7341796875,-4.57890625,3.));
#16845 = PCURVE('',#15530,#16846);
#16846 = DEFINITIONAL_REPRESENTATION('',(#16847),#16851);
#16847 = LINE('',#16848,#16849);
#16848 = CARTESIAN_POINT('',(0.,-0.3));
#16849 = VECTOR('',#16850,1.);
#16850 = DIRECTION('',(1.,0.));
#16851 = ( GEOMETRIC_REPRESENTATION_CONTEXT(2) 
PARAMETRIC_REPRESENTATION_CONTEXT() REPRESENTATION_CONTEXT('2D SPACE',''
  ) );
#16852 = PCURVE('',#16603,#16853);
#16853 = DEFINITIONAL_REPRESENTATION('',(#16854),#16858);
#16854 = B_SPLINE_CURVE_WITH_KNOTS('',2,(#16855,#16856,#16857),
  .UNSPECIFIED.,.F.,.F.,(3,3),(0.,1.),.PIECEWISE_BEZIER_KNOTS.);
#16855 = CARTESIAN_POINT('',(-3.78017578125,-4.84873046875));
#16856 = CARTESIAN_POINT('',(-3.7341796875,-4.7587890625));
#16857 = CARTESIAN_POINT('',(-3.7341796875,-4.57890625));
#16858 = ( GEOMETRIC_REPRESENTATION_CONTEXT(2) 
PARAMETRIC_REPRESENTATION_CONTEXT() REPRESENTATION_CONTEXT('2D SPACE',''
  ) );
#16859 = ORIENTED_EDGE('',*,*,#16860,.F.);
#16860 = EDGE_CURVE('',#15515,#16838,#16861,.T.);
#16861 = SURFACE_CURVE('',#16862,(#16866,#16873),.PCURVE_S1.);
#16862 = LINE('',#16863,#16864);
#16863 = CARTESIAN_POINT('',(-3.7341796875,-4.57890625,2.7));
#16864 = VECTOR('',#16865,1.);
#16865 = DIRECTION('',(0.,0.,1.));
#16866 = PCURVE('',#15530,#16867);
#16867 = DEFINITIONAL_REPRESENTATION('',(#16868),#16872);
#16868 = LINE('',#16869,#16870);
#16869 = CARTESIAN_POINT('',(1.,0.));
#16870 = VECTOR('',#16871,1.);
#16871 = DIRECTION('',(0.,-1.));
#16872 = ( GEOMETRIC_REPRESENTATION_CONTEXT(2) 
PARAMETRIC_REPRESENTATION_CONTEXT() REPRESENTATION_CONTEXT('2D SPACE',''
  ) );
#16873 = PCURVE('',#15560,#16874);
#16874 = DEFINITIONAL_REPRESENTATION('',(#16875),#16879);
#16875 = LINE('',#16876,#16877);
#16876 = CARTESIAN_POINT('',(0.,0.));
#16877 = VECTOR('',#16878,1.);
#16878 = DIRECTION('',(0.,-1.));
#16879 = ( GEOMETRIC_REPRESENTATION_CONTEXT(2) 
PARAMETRIC_REPRESENTATION_CONTEXT() REPRESENTATION_CONTEXT('2D SPACE',''
  ) );
#16880 = ORIENTED_EDGE('',*,*,#15514,.F.);
#16881 = ADVANCED_FACE('',(#16882),#15560,.F.);
#16882 = FACE_BOUND('',#16883,.F.);
#16883 = EDGE_LOOP('',(#16884,#16885,#16908,#16929));
#16884 = ORIENTED_EDGE('',*,*,#16860,.T.);
#16885 = ORIENTED_EDGE('',*,*,#16886,.T.);
#16886 = EDGE_CURVE('',#16838,#16887,#16889,.T.);
#16887 = VERTEX_POINT('',#16888);
#16888 = CARTESIAN_POINT('',(-3.78017578125,-4.30849609375,3.));
#16889 = SURFACE_CURVE('',#16890,(#16894,#16901),.PCURVE_S1.);
#16890 = B_SPLINE_CURVE_WITH_KNOTS('',2,(#16891,#16892,#16893),
  .UNSPECIFIED.,.F.,.F.,(3,3),(0.,1.),.PIECEWISE_BEZIER_KNOTS.);
#16891 = CARTESIAN_POINT('',(-3.7341796875,-4.57890625,3.));
#16892 = CARTESIAN_POINT('',(-3.7341796875,-4.3984375,3.));
#16893 = CARTESIAN_POINT('',(-3.78017578125,-4.30849609375,3.));
#16894 = PCURVE('',#15560,#16895);
#16895 = DEFINITIONAL_REPRESENTATION('',(#16896),#16900);
#16896 = LINE('',#16897,#16898);
#16897 = CARTESIAN_POINT('',(0.,-0.3));
#16898 = VECTOR('',#16899,1.);
#16899 = DIRECTION('',(1.,0.));
#16900 = ( GEOMETRIC_REPRESENTATION_CONTEXT(2) 
PARAMETRIC_REPRESENTATION_CONTEXT() REPRESENTATION_CONTEXT('2D SPACE',''
  ) );
#16901 = PCURVE('',#16603,#16902);
#16902 = DEFINITIONAL_REPRESENTATION('',(#16903),#16907);
#16903 = B_SPLINE_CURVE_WITH_KNOTS('',2,(#16904,#16905,#16906),
  .UNSPECIFIED.,.F.,.F.,(3,3),(0.,1.),.PIECEWISE_BEZIER_KNOTS.);
#16904 = CARTESIAN_POINT('',(-3.7341796875,-4.57890625));
#16905 = CARTESIAN_POINT('',(-3.7341796875,-4.3984375));
#16906 = CARTESIAN_POINT('',(-3.78017578125,-4.30849609375));
#16907 = ( GEOMETRIC_REPRESENTATION_CONTEXT(2) 
PARAMETRIC_REPRESENTATION_CONTEXT() REPRESENTATION_CONTEXT('2D SPACE',''
  ) );
#16908 = ORIENTED_EDGE('',*,*,#16909,.F.);
#16909 = EDGE_CURVE('',#15545,#16887,#16910,.T.);
#16910 = SURFACE_CURVE('',#16911,(#16915,#16922),.PCURVE_S1.);
#16911 = LINE('',#16912,#16913);
#16912 = CARTESIAN_POINT('',(-3.78017578125,-4.30849609375,2.7));
#16913 = VECTOR('',#16914,1.);
#16914 = DIRECTION('',(0.,0.,1.));
#16915 = PCURVE('',#15560,#16916);
#16916 = DEFINITIONAL_REPRESENTATION('',(#16917),#16921);
#16917 = LINE('',#16918,#16919);
#16918 = CARTESIAN_POINT('',(1.,0.));
#16919 = VECTOR('',#16920,1.);
#16920 = DIRECTION('',(0.,-1.));
#16921 = ( GEOMETRIC_REPRESENTATION_CONTEXT(2) 
PARAMETRIC_REPRESENTATION_CONTEXT() REPRESENTATION_CONTEXT('2D SPACE',''
  ) );
#16922 = PCURVE('',#15588,#16923);
#16923 = DEFINITIONAL_REPRESENTATION('',(#16924),#16928);
#16924 = LINE('',#16925,#16926);
#16925 = CARTESIAN_POINT('',(0.,0.));
#16926 = VECTOR('',#16927,1.);
#16927 = DIRECTION('',(0.,-1.));
#16928 = ( GEOMETRIC_REPRESENTATION_CONTEXT(2) 
PARAMETRIC_REPRESENTATION_CONTEXT() REPRESENTATION_CONTEXT('2D SPACE',''
  ) );
#16929 = ORIENTED_EDGE('',*,*,#15544,.F.);
#16930 = ADVANCED_FACE('',(#16931),#15588,.F.);
#16931 = FACE_BOUND('',#16932,.F.);
#16932 = EDGE_LOOP('',(#16933,#16934,#16955,#16956));
#16933 = ORIENTED_EDGE('',*,*,#16909,.T.);
#16934 = ORIENTED_EDGE('',*,*,#16935,.T.);
#16935 = EDGE_CURVE('',#16887,#16565,#16936,.T.);
#16936 = SURFACE_CURVE('',#16937,(#16941,#16948),.PCURVE_S1.);
#16937 = B_SPLINE_CURVE_WITH_KNOTS('',2,(#16938,#16939,#16940),
  .UNSPECIFIED.,.F.,.F.,(3,3),(0.,1.),.PIECEWISE_BEZIER_KNOTS.);
#16938 = CARTESIAN_POINT('',(-3.78017578125,-4.30849609375,3.));
#16939 = CARTESIAN_POINT('',(-3.826171875,-4.2185546875,3.));
#16940 = CARTESIAN_POINT('',(-3.9181640625,-4.2185546875,3.));
#16941 = PCURVE('',#15588,#16942);
#16942 = DEFINITIONAL_REPRESENTATION('',(#16943),#16947);
#16943 = LINE('',#16944,#16945);
#16944 = CARTESIAN_POINT('',(0.,-0.3));
#16945 = VECTOR('',#16946,1.);
#16946 = DIRECTION('',(1.,0.));
#16947 = ( GEOMETRIC_REPRESENTATION_CONTEXT(2) 
PARAMETRIC_REPRESENTATION_CONTEXT() REPRESENTATION_CONTEXT('2D SPACE',''
  ) );
#16948 = PCURVE('',#16603,#16949);
#16949 = DEFINITIONAL_REPRESENTATION('',(#16950),#16954);
#16950 = B_SPLINE_CURVE_WITH_KNOTS('',2,(#16951,#16952,#16953),
  .UNSPECIFIED.,.F.,.F.,(3,3),(0.,1.),.PIECEWISE_BEZIER_KNOTS.);
#16951 = CARTESIAN_POINT('',(-3.78017578125,-4.30849609375));
#16952 = CARTESIAN_POINT('',(-3.826171875,-4.2185546875));
#16953 = CARTESIAN_POINT('',(-3.9181640625,-4.2185546875));
#16954 = ( GEOMETRIC_REPRESENTATION_CONTEXT(2) 
PARAMETRIC_REPRESENTATION_CONTEXT() REPRESENTATION_CONTEXT('2D SPACE',''
  ) );
#16955 = ORIENTED_EDGE('',*,*,#16564,.F.);
#16956 = ORIENTED_EDGE('',*,*,#15574,.F.);
#16957 = ADVANCED_FACE('',(#16958),#15641,.F.);
#16958 = FACE_BOUND('',#16959,.F.);
#16959 = EDGE_LOOP('',(#16960,#16983,#17011,#17032));
#16960 = ORIENTED_EDGE('',*,*,#16961,.T.);
#16961 = EDGE_CURVE('',#15624,#16962,#16964,.T.);
#16962 = VERTEX_POINT('',#16963);
#16963 = CARTESIAN_POINT('',(3.7171875,-4.237890625,3.));
#16964 = SURFACE_CURVE('',#16965,(#16969,#16976),.PCURVE_S1.);
#16965 = LINE('',#16966,#16967);
#16966 = CARTESIAN_POINT('',(3.7171875,-4.237890625,2.7));
#16967 = VECTOR('',#16968,1.);
#16968 = DIRECTION('',(0.,0.,1.));
#16969 = PCURVE('',#15641,#16970);
#16970 = DEFINITIONAL_REPRESENTATION('',(#16971),#16975);
#16971 = LINE('',#16972,#16973);
#16972 = CARTESIAN_POINT('',(0.,-0.));
#16973 = VECTOR('',#16974,1.);
#16974 = DIRECTION('',(0.,-1.));
#16975 = ( GEOMETRIC_REPRESENTATION_CONTEXT(2) 
PARAMETRIC_REPRESENTATION_CONTEXT() REPRESENTATION_CONTEXT('2D SPACE',''
  ) );
#16976 = PCURVE('',#15813,#16977);
#16977 = DEFINITIONAL_REPRESENTATION('',(#16978),#16982);
#16978 = LINE('',#16979,#16980);
#16979 = CARTESIAN_POINT('',(1.,0.));
#16980 = VECTOR('',#16981,1.);
#16981 = DIRECTION('',(0.,-1.));
#16982 = ( GEOMETRIC_REPRESENTATION_CONTEXT(2) 
PARAMETRIC_REPRESENTATION_CONTEXT() REPRESENTATION_CONTEXT('2D SPACE',''
  ) );
#16983 = ORIENTED_EDGE('',*,*,#16984,.T.);
#16984 = EDGE_CURVE('',#16962,#16985,#16987,.T.);
#16985 = VERTEX_POINT('',#16986);
#16986 = CARTESIAN_POINT('',(3.568359375,-4.237890625,3.));
#16987 = SURFACE_CURVE('',#16988,(#16992,#16999),.PCURVE_S1.);
#16988 = LINE('',#16989,#16990);
#16989 = CARTESIAN_POINT('',(3.7171875,-4.237890625,3.));
#16990 = VECTOR('',#16991,1.);
#16991 = DIRECTION('',(-1.,0.,0.));
#16992 = PCURVE('',#15641,#16993);
#16993 = DEFINITIONAL_REPRESENTATION('',(#16994),#16998);
#16994 = LINE('',#16995,#16996);
#16995 = CARTESIAN_POINT('',(8.881784197001E-16,-0.3));
#16996 = VECTOR('',#16997,1.);
#16997 = DIRECTION('',(1.,0.));
#16998 = ( GEOMETRIC_REPRESENTATION_CONTEXT(2) 
PARAMETRIC_REPRESENTATION_CONTEXT() REPRESENTATION_CONTEXT('2D SPACE',''
  ) );
#16999 = PCURVE('',#17000,#17005);
#17000 = PLANE('',#17001);
#17001 = AXIS2_PLACEMENT_3D('',#17002,#17003,#17004);
#17002 = CARTESIAN_POINT('',(0.,0.,3.));
#17003 = DIRECTION('',(0.,0.,1.));
#17004 = DIRECTION('',(1.,0.,-0.));
#17005 = DEFINITIONAL_REPRESENTATION('',(#17006),#17010);
#17006 = LINE('',#17007,#17008);
#17007 = CARTESIAN_POINT('',(3.7171875,-4.237890625));
#17008 = VECTOR('',#17009,1.);
#17009 = DIRECTION('',(-1.,0.));
#17010 = ( GEOMETRIC_REPRESENTATION_CONTEXT(2) 
PARAMETRIC_REPRESENTATION_CONTEXT() REPRESENTATION_CONTEXT('2D SPACE',''
  ) );
#17011 = ORIENTED_EDGE('',*,*,#17012,.F.);
#17012 = EDGE_CURVE('',#15626,#16985,#17013,.T.);
#17013 = SURFACE_CURVE('',#17014,(#17018,#17025),.PCURVE_S1.);
#17014 = LINE('',#17015,#17016);
#17015 = CARTESIAN_POINT('',(3.568359375,-4.237890625,2.7));
#17016 = VECTOR('',#17017,1.);
#17017 = DIRECTION('',(0.,0.,1.));
#17018 = PCURVE('',#15641,#17019);
#17019 = DEFINITIONAL_REPRESENTATION('',(#17020),#17024);
#17020 = LINE('',#17021,#17022);
#17021 = CARTESIAN_POINT('',(0.148828125,0.));
#17022 = VECTOR('',#17023,1.);
#17023 = DIRECTION('',(0.,-1.));
#17024 = ( GEOMETRIC_REPRESENTATION_CONTEXT(2) 
PARAMETRIC_REPRESENTATION_CONTEXT() REPRESENTATION_CONTEXT('2D SPACE',''
  ) );
#17025 = PCURVE('',#15669,#17026);
#17026 = DEFINITIONAL_REPRESENTATION('',(#17027),#17031);
#17027 = LINE('',#17028,#17029);
#17028 = CARTESIAN_POINT('',(0.,0.));
#17029 = VECTOR('',#17030,1.);
#17030 = DIRECTION('',(0.,-1.));
#17031 = ( GEOMETRIC_REPRESENTATION_CONTEXT(2) 
PARAMETRIC_REPRESENTATION_CONTEXT() REPRESENTATION_CONTEXT('2D SPACE',''
  ) );
#17032 = ORIENTED_EDGE('',*,*,#15623,.F.);
#17033 = ADVANCED_FACE('',(#17034),#15669,.F.);
#17034 = FACE_BOUND('',#17035,.F.);
#17035 = EDGE_LOOP('',(#17036,#17037,#17060,#17081));
#17036 = ORIENTED_EDGE('',*,*,#17012,.T.);
#17037 = ORIENTED_EDGE('',*,*,#17038,.T.);
#17038 = EDGE_CURVE('',#16985,#17039,#17041,.T.);
#17039 = VERTEX_POINT('',#17040);
#17040 = CARTESIAN_POINT('',(3.568359375,-4.5484375,3.));
#17041 = SURFACE_CURVE('',#17042,(#17046,#17053),.PCURVE_S1.);
#17042 = LINE('',#17043,#17044);
#17043 = CARTESIAN_POINT('',(3.568359375,-4.237890625,3.));
#17044 = VECTOR('',#17045,1.);
#17045 = DIRECTION('',(0.,-1.,0.));
#17046 = PCURVE('',#15669,#17047);
#17047 = DEFINITIONAL_REPRESENTATION('',(#17048),#17052);
#17048 = LINE('',#17049,#17050);
#17049 = CARTESIAN_POINT('',(0.,-0.3));
#17050 = VECTOR('',#17051,1.);
#17051 = DIRECTION('',(1.,0.));
#17052 = ( GEOMETRIC_REPRESENTATION_CONTEXT(2) 
PARAMETRIC_REPRESENTATION_CONTEXT() REPRESENTATION_CONTEXT('2D SPACE',''
  ) );
#17053 = PCURVE('',#17000,#17054);
#17054 = DEFINITIONAL_REPRESENTATION('',(#17055),#17059);
#17055 = LINE('',#17056,#17057);
#17056 = CARTESIAN_POINT('',(3.568359375,-4.237890625));
#17057 = VECTOR('',#17058,1.);
#17058 = DIRECTION('',(0.,-1.));
#17059 = ( GEOMETRIC_REPRESENTATION_CONTEXT(2) 
PARAMETRIC_REPRESENTATION_CONTEXT() REPRESENTATION_CONTEXT('2D SPACE',''
  ) );
#17060 = ORIENTED_EDGE('',*,*,#17061,.F.);
#17061 = EDGE_CURVE('',#15654,#17039,#17062,.T.);
#17062 = SURFACE_CURVE('',#17063,(#17067,#17074),.PCURVE_S1.);
#17063 = LINE('',#17064,#17065);
#17064 = CARTESIAN_POINT('',(3.568359375,-4.5484375,2.7));
#17065 = VECTOR('',#17066,1.);
#17066 = DIRECTION('',(0.,0.,1.));
#17067 = PCURVE('',#15669,#17068);
#17068 = DEFINITIONAL_REPRESENTATION('',(#17069),#17073);
#17069 = LINE('',#17070,#17071);
#17070 = CARTESIAN_POINT('',(0.310546875,0.));
#17071 = VECTOR('',#17072,1.);
#17072 = DIRECTION('',(0.,-1.));
#17073 = ( GEOMETRIC_REPRESENTATION_CONTEXT(2) 
PARAMETRIC_REPRESENTATION_CONTEXT() REPRESENTATION_CONTEXT('2D SPACE',''
  ) );
#17074 = PCURVE('',#15697,#17075);
#17075 = DEFINITIONAL_REPRESENTATION('',(#17076),#17080);
#17076 = LINE('',#17077,#17078);
#17077 = CARTESIAN_POINT('',(0.,0.));
#17078 = VECTOR('',#17079,1.);
#17079 = DIRECTION('',(0.,-1.));
#17080 = ( GEOMETRIC_REPRESENTATION_CONTEXT(2) 
PARAMETRIC_REPRESENTATION_CONTEXT() REPRESENTATION_CONTEXT('2D SPACE',''
  ) );
#17081 = ORIENTED_EDGE('',*,*,#15653,.F.);
#17082 = ADVANCED_FACE('',(#17083),#15697,.F.);
#17083 = FACE_BOUND('',#17084,.F.);
#17084 = EDGE_LOOP('',(#17085,#17086,#17109,#17130));
#17085 = ORIENTED_EDGE('',*,*,#17061,.T.);
#17086 = ORIENTED_EDGE('',*,*,#17087,.T.);
#17087 = EDGE_CURVE('',#17039,#17088,#17090,.T.);
#17088 = VERTEX_POINT('',#17089);
#17089 = CARTESIAN_POINT('',(3.7171875,-4.5484375,3.));
#17090 = SURFACE_CURVE('',#17091,(#17095,#17102),.PCURVE_S1.);
#17091 = LINE('',#17092,#17093);
#17092 = CARTESIAN_POINT('',(3.568359375,-4.5484375,3.));
#17093 = VECTOR('',#17094,1.);
#17094 = DIRECTION('',(1.,0.,0.));
#17095 = PCURVE('',#15697,#17096);
#17096 = DEFINITIONAL_REPRESENTATION('',(#17097),#17101);
#17097 = LINE('',#17098,#17099);
#17098 = CARTESIAN_POINT('',(-8.881784197001E-16,-0.3));
#17099 = VECTOR('',#17100,1.);
#17100 = DIRECTION('',(1.,0.));
#17101 = ( GEOMETRIC_REPRESENTATION_CONTEXT(2) 
PARAMETRIC_REPRESENTATION_CONTEXT() REPRESENTATION_CONTEXT('2D SPACE',''
  ) );
#17102 = PCURVE('',#17000,#17103);
#17103 = DEFINITIONAL_REPRESENTATION('',(#17104),#17108);
#17104 = LINE('',#17105,#17106);
#17105 = CARTESIAN_POINT('',(3.568359375,-4.5484375));
#17106 = VECTOR('',#17107,1.);
#17107 = DIRECTION('',(1.,0.));
#17108 = ( GEOMETRIC_REPRESENTATION_CONTEXT(2) 
PARAMETRIC_REPRESENTATION_CONTEXT() REPRESENTATION_CONTEXT('2D SPACE',''
  ) );
#17109 = ORIENTED_EDGE('',*,*,#17110,.F.);
#17110 = EDGE_CURVE('',#15682,#17088,#17111,.T.);
#17111 = SURFACE_CURVE('',#17112,(#17116,#17123),.PCURVE_S1.);
#17112 = LINE('',#17113,#17114);
#17113 = CARTESIAN_POINT('',(3.7171875,-4.5484375,2.7));
#17114 = VECTOR('',#17115,1.);
#17115 = DIRECTION('',(0.,0.,1.));
#17116 = PCURVE('',#15697,#17117);
#17117 = DEFINITIONAL_REPRESENTATION('',(#17118),#17122);
#17118 = LINE('',#17119,#17120);
#17119 = CARTESIAN_POINT('',(0.148828125,0.));
#17120 = VECTOR('',#17121,1.);
#17121 = DIRECTION('',(0.,-1.));
#17122 = ( GEOMETRIC_REPRESENTATION_CONTEXT(2) 
PARAMETRIC_REPRESENTATION_CONTEXT() REPRESENTATION_CONTEXT('2D SPACE',''
  ) );
#17123 = PCURVE('',#15725,#17124);
#17124 = DEFINITIONAL_REPRESENTATION('',(#17125),#17129);
#17125 = LINE('',#17126,#17127);
#17126 = CARTESIAN_POINT('',(0.,0.));
#17127 = VECTOR('',#17128,1.);
#17128 = DIRECTION('',(0.,-1.));
#17129 = ( GEOMETRIC_REPRESENTATION_CONTEXT(2) 
PARAMETRIC_REPRESENTATION_CONTEXT() REPRESENTATION_CONTEXT('2D SPACE',''
  ) );
#17130 = ORIENTED_EDGE('',*,*,#15681,.F.);
#17131 = ADVANCED_FACE('',(#17132),#15725,.F.);
#17132 = FACE_BOUND('',#17133,.F.);
#17133 = EDGE_LOOP('',(#17134,#17135,#17158,#17179));
#17134 = ORIENTED_EDGE('',*,*,#17110,.T.);
#17135 = ORIENTED_EDGE('',*,*,#17136,.T.);
#17136 = EDGE_CURVE('',#17088,#17137,#17139,.T.);
#17137 = VERTEX_POINT('',#17138);
#17138 = CARTESIAN_POINT('',(3.84638671875,-4.50888671875,3.));
#17139 = SURFACE_CURVE('',#17140,(#17144,#17151),.PCURVE_S1.);
#17140 = B_SPLINE_CURVE_WITH_KNOTS('',2,(#17141,#17142,#17143),
  .UNSPECIFIED.,.F.,.F.,(3,3),(0.,1.),.PIECEWISE_BEZIER_KNOTS.);
#17141 = CARTESIAN_POINT('',(3.7171875,-4.5484375,3.));
#17142 = CARTESIAN_POINT('',(3.802734375,-4.5484375,3.));
#17143 = CARTESIAN_POINT('',(3.84638671875,-4.50888671875,3.));
#17144 = PCURVE('',#15725,#17145);
#17145 = DEFINITIONAL_REPRESENTATION('',(#17146),#17150);
#17146 = LINE('',#17147,#17148);
#17147 = CARTESIAN_POINT('',(0.,-0.3));
#17148 = VECTOR('',#17149,1.);
#17149 = DIRECTION('',(1.,0.));
#17150 = ( GEOMETRIC_REPRESENTATION_CONTEXT(2) 
PARAMETRIC_REPRESENTATION_CONTEXT() REPRESENTATION_CONTEXT('2D SPACE',''
  ) );
#17151 = PCURVE('',#17000,#17152);
#17152 = DEFINITIONAL_REPRESENTATION('',(#17153),#17157);
#17153 = B_SPLINE_CURVE_WITH_KNOTS('',2,(#17154,#17155,#17156),
  .UNSPECIFIED.,.F.,.F.,(3,3),(0.,1.),.PIECEWISE_BEZIER_KNOTS.);
#17154 = CARTESIAN_POINT('',(3.7171875,-4.5484375));
#17155 = CARTESIAN_POINT('',(3.802734375,-4.5484375));
#17156 = CARTESIAN_POINT('',(3.84638671875,-4.50888671875));
#17157 = ( GEOMETRIC_REPRESENTATION_CONTEXT(2) 
PARAMETRIC_REPRESENTATION_CONTEXT() REPRESENTATION_CONTEXT('2D SPACE',''
  ) );
#17158 = ORIENTED_EDGE('',*,*,#17159,.F.);
#17159 = EDGE_CURVE('',#15710,#17137,#17160,.T.);
#17160 = SURFACE_CURVE('',#17161,(#17165,#17172),.PCURVE_S1.);
#17161 = LINE('',#17162,#17163);
#17162 = CARTESIAN_POINT('',(3.84638671875,-4.50888671875,2.7));
#17163 = VECTOR('',#17164,1.);
#17164 = DIRECTION('',(0.,0.,1.));
#17165 = PCURVE('',#15725,#17166);
#17166 = DEFINITIONAL_REPRESENTATION('',(#17167),#17171);
#17167 = LINE('',#17168,#17169);
#17168 = CARTESIAN_POINT('',(1.,0.));
#17169 = VECTOR('',#17170,1.);
#17170 = DIRECTION('',(0.,-1.));
#17171 = ( GEOMETRIC_REPRESENTATION_CONTEXT(2) 
PARAMETRIC_REPRESENTATION_CONTEXT() REPRESENTATION_CONTEXT('2D SPACE',''
  ) );
#17172 = PCURVE('',#15755,#17173);
#17173 = DEFINITIONAL_REPRESENTATION('',(#17174),#17178);
#17174 = LINE('',#17175,#17176);
#17175 = CARTESIAN_POINT('',(0.,0.));
#17176 = VECTOR('',#17177,1.);
#17177 = DIRECTION('',(0.,-1.));
#17178 = ( GEOMETRIC_REPRESENTATION_CONTEXT(2) 
PARAMETRIC_REPRESENTATION_CONTEXT() REPRESENTATION_CONTEXT('2D SPACE',''
  ) );
#17179 = ORIENTED_EDGE('',*,*,#15709,.F.);
#17180 = ADVANCED_FACE('',(#17181),#15755,.F.);
#17181 = FACE_BOUND('',#17182,.F.);
#17182 = EDGE_LOOP('',(#17183,#17184,#17207,#17228));
#17183 = ORIENTED_EDGE('',*,*,#17159,.T.);
#17184 = ORIENTED_EDGE('',*,*,#17185,.T.);
#17185 = EDGE_CURVE('',#17137,#17186,#17188,.T.);
#17186 = VERTEX_POINT('',#17187);
#17187 = CARTESIAN_POINT('',(3.8900390625,-4.392578125,3.));
#17188 = SURFACE_CURVE('',#17189,(#17193,#17200),.PCURVE_S1.);
#17189 = B_SPLINE_CURVE_WITH_KNOTS('',2,(#17190,#17191,#17192),
  .UNSPECIFIED.,.F.,.F.,(3,3),(0.,1.),.PIECEWISE_BEZIER_KNOTS.);
#17190 = CARTESIAN_POINT('',(3.84638671875,-4.50888671875,3.));
#17191 = CARTESIAN_POINT('',(3.8900390625,-4.4693359375,3.));
#17192 = CARTESIAN_POINT('',(3.8900390625,-4.392578125,3.));
#17193 = PCURVE('',#15755,#17194);
#17194 = DEFINITIONAL_REPRESENTATION('',(#17195),#17199);
#17195 = LINE('',#17196,#17197);
#17196 = CARTESIAN_POINT('',(0.,-0.3));
#17197 = VECTOR('',#17198,1.);
#17198 = DIRECTION('',(1.,0.));
#17199 = ( GEOMETRIC_REPRESENTATION_CONTEXT(2) 
PARAMETRIC_REPRESENTATION_CONTEXT() REPRESENTATION_CONTEXT('2D SPACE',''
  ) );
#17200 = PCURVE('',#17000,#17201);
#17201 = DEFINITIONAL_REPRESENTATION('',(#17202),#17206);
#17202 = B_SPLINE_CURVE_WITH_KNOTS('',2,(#17203,#17204,#17205),
  .UNSPECIFIED.,.F.,.F.,(3,3),(0.,1.),.PIECEWISE_BEZIER_KNOTS.);
#17203 = CARTESIAN_POINT('',(3.84638671875,-4.50888671875));
#17204 = CARTESIAN_POINT('',(3.8900390625,-4.4693359375));
#17205 = CARTESIAN_POINT('',(3.8900390625,-4.392578125));
#17206 = ( GEOMETRIC_REPRESENTATION_CONTEXT(2) 
PARAMETRIC_REPRESENTATION_CONTEXT() REPRESENTATION_CONTEXT('2D SPACE',''
  ) );
#17207 = ORIENTED_EDGE('',*,*,#17208,.F.);
#17208 = EDGE_CURVE('',#15740,#17186,#17209,.T.);
#17209 = SURFACE_CURVE('',#17210,(#17214,#17221),.PCURVE_S1.);
#17210 = LINE('',#17211,#17212);
#17211 = CARTESIAN_POINT('',(3.8900390625,-4.392578125,2.7));
#17212 = VECTOR('',#17213,1.);
#17213 = DIRECTION('',(0.,0.,1.));
#17214 = PCURVE('',#15755,#17215);
#17215 = DEFINITIONAL_REPRESENTATION('',(#17216),#17220);
#17216 = LINE('',#17217,#17218);
#17217 = CARTESIAN_POINT('',(1.,0.));
#17218 = VECTOR('',#17219,1.);
#17219 = DIRECTION('',(0.,-1.));
#17220 = ( GEOMETRIC_REPRESENTATION_CONTEXT(2) 
PARAMETRIC_REPRESENTATION_CONTEXT() REPRESENTATION_CONTEXT('2D SPACE',''
  ) );
#17221 = PCURVE('',#15785,#17222);
#17222 = DEFINITIONAL_REPRESENTATION('',(#17223),#17227);
#17223 = LINE('',#17224,#17225);
#17224 = CARTESIAN_POINT('',(0.,0.));
#17225 = VECTOR('',#17226,1.);
#17226 = DIRECTION('',(0.,-1.));
#17227 = ( GEOMETRIC_REPRESENTATION_CONTEXT(2) 
PARAMETRIC_REPRESENTATION_CONTEXT() REPRESENTATION_CONTEXT('2D SPACE',''
  ) );
#17228 = ORIENTED_EDGE('',*,*,#15739,.F.);
#17229 = ADVANCED_FACE('',(#17230),#15785,.F.);
#17230 = FACE_BOUND('',#17231,.F.);
#17231 = EDGE_LOOP('',(#17232,#17233,#17256,#17277));
#17232 = ORIENTED_EDGE('',*,*,#17208,.T.);
#17233 = ORIENTED_EDGE('',*,*,#17234,.T.);
#17234 = EDGE_CURVE('',#17186,#17235,#17237,.T.);
#17235 = VERTEX_POINT('',#17236);
#17236 = CARTESIAN_POINT('',(3.84638671875,-4.27685546875,3.));
#17237 = SURFACE_CURVE('',#17238,(#17242,#17249),.PCURVE_S1.);
#17238 = B_SPLINE_CURVE_WITH_KNOTS('',2,(#17239,#17240,#17241),
  .UNSPECIFIED.,.F.,.F.,(3,3),(0.,1.),.PIECEWISE_BEZIER_KNOTS.);
#17239 = CARTESIAN_POINT('',(3.8900390625,-4.392578125,3.));
#17240 = CARTESIAN_POINT('',(3.8900390625,-4.3158203125,3.));
#17241 = CARTESIAN_POINT('',(3.84638671875,-4.27685546875,3.));
#17242 = PCURVE('',#15785,#17243);
#17243 = DEFINITIONAL_REPRESENTATION('',(#17244),#17248);
#17244 = LINE('',#17245,#17246);
#17245 = CARTESIAN_POINT('',(0.,-0.3));
#17246 = VECTOR('',#17247,1.);
#17247 = DIRECTION('',(1.,0.));
#17248 = ( GEOMETRIC_REPRESENTATION_CONTEXT(2) 
PARAMETRIC_REPRESENTATION_CONTEXT() REPRESENTATION_CONTEXT('2D SPACE',''
  ) );
#17249 = PCURVE('',#17000,#17250);
#17250 = DEFINITIONAL_REPRESENTATION('',(#17251),#17255);
#17251 = B_SPLINE_CURVE_WITH_KNOTS('',2,(#17252,#17253,#17254),
  .UNSPECIFIED.,.F.,.F.,(3,3),(0.,1.),.PIECEWISE_BEZIER_KNOTS.);
#17252 = CARTESIAN_POINT('',(3.8900390625,-4.392578125));
#17253 = CARTESIAN_POINT('',(3.8900390625,-4.3158203125));
#17254 = CARTESIAN_POINT('',(3.84638671875,-4.27685546875));
#17255 = ( GEOMETRIC_REPRESENTATION_CONTEXT(2) 
PARAMETRIC_REPRESENTATION_CONTEXT() REPRESENTATION_CONTEXT('2D SPACE',''
  ) );
#17256 = ORIENTED_EDGE('',*,*,#17257,.F.);
#17257 = EDGE_CURVE('',#15770,#17235,#17258,.T.);
#17258 = SURFACE_CURVE('',#17259,(#17263,#17270),.PCURVE_S1.);
#17259 = LINE('',#17260,#17261);
#17260 = CARTESIAN_POINT('',(3.84638671875,-4.27685546875,2.7));
#17261 = VECTOR('',#17262,1.);
#17262 = DIRECTION('',(0.,0.,1.));
#17263 = PCURVE('',#15785,#17264);
#17264 = DEFINITIONAL_REPRESENTATION('',(#17265),#17269);
#17265 = LINE('',#17266,#17267);
#17266 = CARTESIAN_POINT('',(1.,0.));
#17267 = VECTOR('',#17268,1.);
#17268 = DIRECTION('',(0.,-1.));
#17269 = ( GEOMETRIC_REPRESENTATION_CONTEXT(2) 
PARAMETRIC_REPRESENTATION_CONTEXT() REPRESENTATION_CONTEXT('2D SPACE',''
  ) );
#17270 = PCURVE('',#15813,#17271);
#17271 = DEFINITIONAL_REPRESENTATION('',(#17272),#17276);
#17272 = LINE('',#17273,#17274);
#17273 = CARTESIAN_POINT('',(0.,0.));
#17274 = VECTOR('',#17275,1.);
#17275 = DIRECTION('',(0.,-1.));
#17276 = ( GEOMETRIC_REPRESENTATION_CONTEXT(2) 
PARAMETRIC_REPRESENTATION_CONTEXT() REPRESENTATION_CONTEXT('2D SPACE',''
  ) );
#17277 = ORIENTED_EDGE('',*,*,#15769,.F.);
#17278 = ADVANCED_FACE('',(#17279),#15813,.F.);
#17279 = FACE_BOUND('',#17280,.F.);
#17280 = EDGE_LOOP('',(#17281,#17282,#17303,#17304));
#17281 = ORIENTED_EDGE('',*,*,#17257,.T.);
#17282 = ORIENTED_EDGE('',*,*,#17283,.T.);
#17283 = EDGE_CURVE('',#17235,#16962,#17284,.T.);
#17284 = SURFACE_CURVE('',#17285,(#17289,#17296),.PCURVE_S1.);
#17285 = B_SPLINE_CURVE_WITH_KNOTS('',2,(#17286,#17287,#17288),
  .UNSPECIFIED.,.F.,.F.,(3,3),(0.,1.),.PIECEWISE_BEZIER_KNOTS.);
#17286 = CARTESIAN_POINT('',(3.84638671875,-4.27685546875,3.));
#17287 = CARTESIAN_POINT('',(3.802734375,-4.237890625,3.));
#17288 = CARTESIAN_POINT('',(3.7171875,-4.237890625,3.));
#17289 = PCURVE('',#15813,#17290);
#17290 = DEFINITIONAL_REPRESENTATION('',(#17291),#17295);
#17291 = LINE('',#17292,#17293);
#17292 = CARTESIAN_POINT('',(0.,-0.3));
#17293 = VECTOR('',#17294,1.);
#17294 = DIRECTION('',(1.,0.));
#17295 = ( GEOMETRIC_REPRESENTATION_CONTEXT(2) 
PARAMETRIC_REPRESENTATION_CONTEXT() REPRESENTATION_CONTEXT('2D SPACE',''
  ) );
#17296 = PCURVE('',#17000,#17297);
#17297 = DEFINITIONAL_REPRESENTATION('',(#17298),#17302);
#17298 = B_SPLINE_CURVE_WITH_KNOTS('',2,(#17299,#17300,#17301),
  .UNSPECIFIED.,.F.,.F.,(3,3),(0.,1.),.PIECEWISE_BEZIER_KNOTS.);
#17299 = CARTESIAN_POINT('',(3.84638671875,-4.27685546875));
#17300 = CARTESIAN_POINT('',(3.802734375,-4.237890625));
#17301 = CARTESIAN_POINT('',(3.7171875,-4.237890625));
#17302 = ( GEOMETRIC_REPRESENTATION_CONTEXT(2) 
PARAMETRIC_REPRESENTATION_CONTEXT() REPRESENTATION_CONTEXT('2D SPACE',''
  ) );
#17303 = ORIENTED_EDGE('',*,*,#16961,.F.);
#17304 = ORIENTED_EDGE('',*,*,#15799,.F.);
#17305 = ADVANCED_FACE('',(#17306),#15942,.F.);
#17306 = FACE_BOUND('',#17307,.F.);
#17307 = EDGE_LOOP('',(#17308,#17331,#17359,#17380));
#17308 = ORIENTED_EDGE('',*,*,#17309,.T.);
#17309 = EDGE_CURVE('',#15925,#17310,#17312,.T.);
#17310 = VERTEX_POINT('',#17311);
#17311 = CARTESIAN_POINT('',(8.2857421875,-4.2185546875,3.));
#17312 = SURFACE_CURVE('',#17313,(#17317,#17324),.PCURVE_S1.);
#17313 = LINE('',#17314,#17315);
#17314 = CARTESIAN_POINT('',(8.2857421875,-4.2185546875,2.7));
#17315 = VECTOR('',#17316,1.);
#17316 = DIRECTION('',(0.,0.,1.));
#17317 = PCURVE('',#15942,#17318);
#17318 = DEFINITIONAL_REPRESENTATION('',(#17319),#17323);
#17319 = LINE('',#17320,#17321);
#17320 = CARTESIAN_POINT('',(0.,0.));
#17321 = VECTOR('',#17322,1.);
#17322 = DIRECTION('',(0.,-1.));
#17323 = ( GEOMETRIC_REPRESENTATION_CONTEXT(2) 
PARAMETRIC_REPRESENTATION_CONTEXT() REPRESENTATION_CONTEXT('2D SPACE',''
  ) );
#17324 = PCURVE('',#16150,#17325);
#17325 = DEFINITIONAL_REPRESENTATION('',(#17326),#17330);
#17326 = LINE('',#17327,#17328);
#17327 = CARTESIAN_POINT('',(1.,0.));
#17328 = VECTOR('',#17329,1.);
#17329 = DIRECTION('',(0.,-1.));
#17330 = ( GEOMETRIC_REPRESENTATION_CONTEXT(2) 
PARAMETRIC_REPRESENTATION_CONTEXT() REPRESENTATION_CONTEXT('2D SPACE',''
  ) );
#17331 = ORIENTED_EDGE('',*,*,#17332,.T.);
#17332 = EDGE_CURVE('',#17310,#17333,#17335,.T.);
#17333 = VERTEX_POINT('',#17334);
#17334 = CARTESIAN_POINT('',(8.14833984375,-4.30849609375,3.));
#17335 = SURFACE_CURVE('',#17336,(#17340,#17347),.PCURVE_S1.);
#17336 = B_SPLINE_CURVE_WITH_KNOTS('',2,(#17337,#17338,#17339),
  .UNSPECIFIED.,.F.,.F.,(3,3),(0.,1.),.PIECEWISE_BEZIER_KNOTS.);
#17337 = CARTESIAN_POINT('',(8.2857421875,-4.2185546875,3.));
#17338 = CARTESIAN_POINT('',(8.1943359375,-4.2185546875,3.));
#17339 = CARTESIAN_POINT('',(8.14833984375,-4.30849609375,3.));
#17340 = PCURVE('',#15942,#17341);
#17341 = DEFINITIONAL_REPRESENTATION('',(#17342),#17346);
#17342 = LINE('',#17343,#17344);
#17343 = CARTESIAN_POINT('',(0.,-0.3));
#17344 = VECTOR('',#17345,1.);
#17345 = DIRECTION('',(1.,0.));
#17346 = ( GEOMETRIC_REPRESENTATION_CONTEXT(2) 
PARAMETRIC_REPRESENTATION_CONTEXT() REPRESENTATION_CONTEXT('2D SPACE',''
  ) );
#17347 = PCURVE('',#17348,#17353);
#17348 = PLANE('',#17349);
#17349 = AXIS2_PLACEMENT_3D('',#17350,#17351,#17352);
#17350 = CARTESIAN_POINT('',(0.,0.,3.));
#17351 = DIRECTION('',(0.,0.,1.));
#17352 = DIRECTION('',(1.,0.,-0.));
#17353 = DEFINITIONAL_REPRESENTATION('',(#17354),#17358);
#17354 = B_SPLINE_CURVE_WITH_KNOTS('',2,(#17355,#17356,#17357),
  .UNSPECIFIED.,.F.,.F.,(3,3),(0.,1.),.PIECEWISE_BEZIER_KNOTS.);
#17355 = CARTESIAN_POINT('',(8.2857421875,-4.2185546875));
#17356 = CARTESIAN_POINT('',(8.1943359375,-4.2185546875));
#17357 = CARTESIAN_POINT('',(8.14833984375,-4.30849609375));
#17358 = ( GEOMETRIC_REPRESENTATION_CONTEXT(2) 
PARAMETRIC_REPRESENTATION_CONTEXT() REPRESENTATION_CONTEXT('2D SPACE',''
  ) );
#17359 = ORIENTED_EDGE('',*,*,#17360,.F.);
#17360 = EDGE_CURVE('',#15927,#17333,#17361,.T.);
#17361 = SURFACE_CURVE('',#17362,(#17366,#17373),.PCURVE_S1.);
#17362 = LINE('',#17363,#17364);
#17363 = CARTESIAN_POINT('',(8.14833984375,-4.30849609375,2.7));
#17364 = VECTOR('',#17365,1.);
#17365 = DIRECTION('',(0.,0.,1.));
#17366 = PCURVE('',#15942,#17367);
#17367 = DEFINITIONAL_REPRESENTATION('',(#17368),#17372);
#17368 = LINE('',#17369,#17370);
#17369 = CARTESIAN_POINT('',(1.,0.));
#17370 = VECTOR('',#17371,1.);
#17371 = DIRECTION('',(0.,-1.));
#17372 = ( GEOMETRIC_REPRESENTATION_CONTEXT(2) 
PARAMETRIC_REPRESENTATION_CONTEXT() REPRESENTATION_CONTEXT('2D SPACE',''
  ) );
#17373 = PCURVE('',#15972,#17374);
#17374 = DEFINITIONAL_REPRESENTATION('',(#17375),#17379);
#17375 = LINE('',#17376,#17377);
#17376 = CARTESIAN_POINT('',(0.,0.));
#17377 = VECTOR('',#17378,1.);
#17378 = DIRECTION('',(0.,-1.));
#17379 = ( GEOMETRIC_REPRESENTATION_CONTEXT(2) 
PARAMETRIC_REPRESENTATION_CONTEXT() REPRESENTATION_CONTEXT('2D SPACE',''
  ) );
#17380 = ORIENTED_EDGE('',*,*,#15924,.F.);
#17381 = ADVANCED_FACE('',(#17382),#15972,.F.);
#17382 = FACE_BOUND('',#17383,.F.);
#17383 = EDGE_LOOP('',(#17384,#17385,#17408,#17429));
#17384 = ORIENTED_EDGE('',*,*,#17360,.T.);
#17385 = ORIENTED_EDGE('',*,*,#17386,.T.);
#17386 = EDGE_CURVE('',#17333,#17387,#17389,.T.);
#17387 = VERTEX_POINT('',#17388);
#17388 = CARTESIAN_POINT('',(8.10234375,-4.57890625,3.));
#17389 = SURFACE_CURVE('',#17390,(#17394,#17401),.PCURVE_S1.);
#17390 = B_SPLINE_CURVE_WITH_KNOTS('',2,(#17391,#17392,#17393),
  .UNSPECIFIED.,.F.,.F.,(3,3),(0.,1.),.PIECEWISE_BEZIER_KNOTS.);
#17391 = CARTESIAN_POINT('',(8.14833984375,-4.30849609375,3.));
#17392 = CARTESIAN_POINT('',(8.10234375,-4.3984375,3.));
#17393 = CARTESIAN_POINT('',(8.10234375,-4.57890625,3.));
#17394 = PCURVE('',#15972,#17395);
#17395 = DEFINITIONAL_REPRESENTATION('',(#17396),#17400);
#17396 = LINE('',#17397,#17398);
#17397 = CARTESIAN_POINT('',(0.,-0.3));
#17398 = VECTOR('',#17399,1.);
#17399 = DIRECTION('',(1.,0.));
#17400 = ( GEOMETRIC_REPRESENTATION_CONTEXT(2) 
PARAMETRIC_REPRESENTATION_CONTEXT() REPRESENTATION_CONTEXT('2D SPACE',''
  ) );
#17401 = PCURVE('',#17348,#17402);
#17402 = DEFINITIONAL_REPRESENTATION('',(#17403),#17407);
#17403 = B_SPLINE_CURVE_WITH_KNOTS('',2,(#17404,#17405,#17406),
  .UNSPECIFIED.,.F.,.F.,(3,3),(0.,1.),.PIECEWISE_BEZIER_KNOTS.);
#17404 = CARTESIAN_POINT('',(8.14833984375,-4.30849609375));
#17405 = CARTESIAN_POINT('',(8.10234375,-4.3984375));
#17406 = CARTESIAN_POINT('',(8.10234375,-4.57890625));
#17407 = ( GEOMETRIC_REPRESENTATION_CONTEXT(2) 
PARAMETRIC_REPRESENTATION_CONTEXT() REPRESENTATION_CONTEXT('2D SPACE',''
  ) );
#17408 = ORIENTED_EDGE('',*,*,#17409,.F.);
#17409 = EDGE_CURVE('',#15957,#17387,#17410,.T.);
#17410 = SURFACE_CURVE('',#17411,(#17415,#17422),.PCURVE_S1.);
#17411 = LINE('',#17412,#17413);
#17412 = CARTESIAN_POINT('',(8.10234375,-4.57890625,2.7));
#17413 = VECTOR('',#17414,1.);
#17414 = DIRECTION('',(0.,0.,1.));
#17415 = PCURVE('',#15972,#17416);
#17416 = DEFINITIONAL_REPRESENTATION('',(#17417),#17421);
#17417 = LINE('',#17418,#17419);
#17418 = CARTESIAN_POINT('',(1.,0.));
#17419 = VECTOR('',#17420,1.);
#17420 = DIRECTION('',(0.,-1.));
#17421 = ( GEOMETRIC_REPRESENTATION_CONTEXT(2) 
PARAMETRIC_REPRESENTATION_CONTEXT() REPRESENTATION_CONTEXT('2D SPACE',''
  ) );
#17422 = PCURVE('',#16002,#17423);
#17423 = DEFINITIONAL_REPRESENTATION('',(#17424),#17428);
#17424 = LINE('',#17425,#17426);
#17425 = CARTESIAN_POINT('',(0.,0.));
#17426 = VECTOR('',#17427,1.);
#17427 = DIRECTION('',(0.,-1.));
#17428 = ( GEOMETRIC_REPRESENTATION_CONTEXT(2) 
PARAMETRIC_REPRESENTATION_CONTEXT() REPRESENTATION_CONTEXT('2D SPACE',''
  ) );
#17429 = ORIENTED_EDGE('',*,*,#15956,.F.);
#17430 = ADVANCED_FACE('',(#17431),#16002,.F.);
#17431 = FACE_BOUND('',#17432,.F.);
#17432 = EDGE_LOOP('',(#17433,#17434,#17457,#17478));
#17433 = ORIENTED_EDGE('',*,*,#17409,.T.);
#17434 = ORIENTED_EDGE('',*,*,#17435,.T.);
#17435 = EDGE_CURVE('',#17387,#17436,#17438,.T.);
#17436 = VERTEX_POINT('',#17437);
#17437 = CARTESIAN_POINT('',(8.14833984375,-4.84873046875,3.));
#17438 = SURFACE_CURVE('',#17439,(#17443,#17450),.PCURVE_S1.);
#17439 = B_SPLINE_CURVE_WITH_KNOTS('',2,(#17440,#17441,#17442),
  .UNSPECIFIED.,.F.,.F.,(3,3),(0.,1.),.PIECEWISE_BEZIER_KNOTS.);
#17440 = CARTESIAN_POINT('',(8.10234375,-4.57890625,3.));
#17441 = CARTESIAN_POINT('',(8.10234375,-4.7587890625,3.));
#17442 = CARTESIAN_POINT('',(8.14833984375,-4.84873046875,3.));
#17443 = PCURVE('',#16002,#17444);
#17444 = DEFINITIONAL_REPRESENTATION('',(#17445),#17449);
#17445 = LINE('',#17446,#17447);
#17446 = CARTESIAN_POINT('',(0.,-0.3));
#17447 = VECTOR('',#17448,1.);
#17448 = DIRECTION('',(1.,0.));
#17449 = ( GEOMETRIC_REPRESENTATION_CONTEXT(2) 
PARAMETRIC_REPRESENTATION_CONTEXT() REPRESENTATION_CONTEXT('2D SPACE',''
  ) );
#17450 = PCURVE('',#17348,#17451);
#17451 = DEFINITIONAL_REPRESENTATION('',(#17452),#17456);
#17452 = B_SPLINE_CURVE_WITH_KNOTS('',2,(#17453,#17454,#17455),
  .UNSPECIFIED.,.F.,.F.,(3,3),(0.,1.),.PIECEWISE_BEZIER_KNOTS.);
#17453 = CARTESIAN_POINT('',(8.10234375,-4.57890625));
#17454 = CARTESIAN_POINT('',(8.10234375,-4.7587890625));
#17455 = CARTESIAN_POINT('',(8.14833984375,-4.84873046875));
#17456 = ( GEOMETRIC_REPRESENTATION_CONTEXT(2) 
PARAMETRIC_REPRESENTATION_CONTEXT() REPRESENTATION_CONTEXT('2D SPACE',''
  ) );
#17457 = ORIENTED_EDGE('',*,*,#17458,.F.);
#17458 = EDGE_CURVE('',#15987,#17436,#17459,.T.);
#17459 = SURFACE_CURVE('',#17460,(#17464,#17471),.PCURVE_S1.);
#17460 = LINE('',#17461,#17462);
#17461 = CARTESIAN_POINT('',(8.14833984375,-4.84873046875,2.7));
#17462 = VECTOR('',#17463,1.);
#17463 = DIRECTION('',(0.,0.,1.));
#17464 = PCURVE('',#16002,#17465);
#17465 = DEFINITIONAL_REPRESENTATION('',(#17466),#17470);
#17466 = LINE('',#17467,#17468);
#17467 = CARTESIAN_POINT('',(1.,0.));
#17468 = VECTOR('',#17469,1.);
#17469 = DIRECTION('',(0.,-1.));
#17470 = ( GEOMETRIC_REPRESENTATION_CONTEXT(2) 
PARAMETRIC_REPRESENTATION_CONTEXT() REPRESENTATION_CONTEXT('2D SPACE',''
  ) );
#17471 = PCURVE('',#16032,#17472);
#17472 = DEFINITIONAL_REPRESENTATION('',(#17473),#17477);
#17473 = LINE('',#17474,#17475);
#17474 = CARTESIAN_POINT('',(0.,0.));
#17475 = VECTOR('',#17476,1.);
#17476 = DIRECTION('',(0.,-1.));
#17477 = ( GEOMETRIC_REPRESENTATION_CONTEXT(2) 
PARAMETRIC_REPRESENTATION_CONTEXT() REPRESENTATION_CONTEXT('2D SPACE',''
  ) );
#17478 = ORIENTED_EDGE('',*,*,#15986,.F.);
#17479 = ADVANCED_FACE('',(#17480),#16032,.F.);
#17480 = FACE_BOUND('',#17481,.F.);
#17481 = EDGE_LOOP('',(#17482,#17483,#17506,#17527));
#17482 = ORIENTED_EDGE('',*,*,#17458,.T.);
#17483 = ORIENTED_EDGE('',*,*,#17484,.T.);
#17484 = EDGE_CURVE('',#17436,#17485,#17487,.T.);
#17485 = VERTEX_POINT('',#17486);
#17486 = CARTESIAN_POINT('',(8.2857421875,-4.938671875,3.));
#17487 = SURFACE_CURVE('',#17488,(#17492,#17499),.PCURVE_S1.);
#17488 = B_SPLINE_CURVE_WITH_KNOTS('',2,(#17489,#17490,#17491),
  .UNSPECIFIED.,.F.,.F.,(3,3),(0.,1.),.PIECEWISE_BEZIER_KNOTS.);
#17489 = CARTESIAN_POINT('',(8.14833984375,-4.84873046875,3.));
#17490 = CARTESIAN_POINT('',(8.1943359375,-4.938671875,3.));
#17491 = CARTESIAN_POINT('',(8.2857421875,-4.938671875,3.));
#17492 = PCURVE('',#16032,#17493);
#17493 = DEFINITIONAL_REPRESENTATION('',(#17494),#17498);
#17494 = LINE('',#17495,#17496);
#17495 = CARTESIAN_POINT('',(0.,-0.3));
#17496 = VECTOR('',#17497,1.);
#17497 = DIRECTION('',(1.,0.));
#17498 = ( GEOMETRIC_REPRESENTATION_CONTEXT(2) 
PARAMETRIC_REPRESENTATION_CONTEXT() REPRESENTATION_CONTEXT('2D SPACE',''
  ) );
#17499 = PCURVE('',#17348,#17500);
#17500 = DEFINITIONAL_REPRESENTATION('',(#17501),#17505);
#17501 = B_SPLINE_CURVE_WITH_KNOTS('',2,(#17502,#17503,#17504),
  .UNSPECIFIED.,.F.,.F.,(3,3),(0.,1.),.PIECEWISE_BEZIER_KNOTS.);
#17502 = CARTESIAN_POINT('',(8.14833984375,-4.84873046875));
#17503 = CARTESIAN_POINT('',(8.1943359375,-4.938671875));
#17504 = CARTESIAN_POINT('',(8.2857421875,-4.938671875));
#17505 = ( GEOMETRIC_REPRESENTATION_CONTEXT(2) 
PARAMETRIC_REPRESENTATION_CONTEXT() REPRESENTATION_CONTEXT('2D SPACE',''
  ) );
#17506 = ORIENTED_EDGE('',*,*,#17507,.F.);
#17507 = EDGE_CURVE('',#16017,#17485,#17508,.T.);
#17508 = SURFACE_CURVE('',#17509,(#17513,#17520),.PCURVE_S1.);
#17509 = LINE('',#17510,#17511);
#17510 = CARTESIAN_POINT('',(8.2857421875,-4.938671875,2.7));
#17511 = VECTOR('',#17512,1.);
#17512 = DIRECTION('',(0.,0.,1.));
#17513 = PCURVE('',#16032,#17514);
#17514 = DEFINITIONAL_REPRESENTATION('',(#17515),#17519);
#17515 = LINE('',#17516,#17517);
#17516 = CARTESIAN_POINT('',(1.,0.));
#17517 = VECTOR('',#17518,1.);
#17518 = DIRECTION('',(0.,-1.));
#17519 = ( GEOMETRIC_REPRESENTATION_CONTEXT(2) 
PARAMETRIC_REPRESENTATION_CONTEXT() REPRESENTATION_CONTEXT('2D SPACE',''
  ) );
#17520 = PCURVE('',#16062,#17521);
#17521 = DEFINITIONAL_REPRESENTATION('',(#17522),#17526);
#17522 = LINE('',#17523,#17524);
#17523 = CARTESIAN_POINT('',(0.,0.));
#17524 = VECTOR('',#17525,1.);
#17525 = DIRECTION('',(0.,-1.));
#17526 = ( GEOMETRIC_REPRESENTATION_CONTEXT(2) 
PARAMETRIC_REPRESENTATION_CONTEXT() REPRESENTATION_CONTEXT('2D SPACE',''
  ) );
#17527 = ORIENTED_EDGE('',*,*,#16016,.F.);
#17528 = ADVANCED_FACE('',(#17529),#16062,.F.);
#17529 = FACE_BOUND('',#17530,.F.);
#17530 = EDGE_LOOP('',(#17531,#17532,#17555,#17576));
#17531 = ORIENTED_EDGE('',*,*,#17507,.T.);
#17532 = ORIENTED_EDGE('',*,*,#17533,.T.);
#17533 = EDGE_CURVE('',#17485,#17534,#17536,.T.);
#17534 = VERTEX_POINT('',#17535);
#17535 = CARTESIAN_POINT('',(8.42373046875,-4.84873046875,3.));
#17536 = SURFACE_CURVE('',#17537,(#17541,#17548),.PCURVE_S1.);
#17537 = B_SPLINE_CURVE_WITH_KNOTS('',2,(#17538,#17539,#17540),
  .UNSPECIFIED.,.F.,.F.,(3,3),(0.,1.),.PIECEWISE_BEZIER_KNOTS.);
#17538 = CARTESIAN_POINT('',(8.2857421875,-4.938671875,3.));
#17539 = CARTESIAN_POINT('',(8.377734375,-4.938671875,3.));
#17540 = CARTESIAN_POINT('',(8.42373046875,-4.84873046875,3.));
#17541 = PCURVE('',#16062,#17542);
#17542 = DEFINITIONAL_REPRESENTATION('',(#17543),#17547);
#17543 = LINE('',#17544,#17545);
#17544 = CARTESIAN_POINT('',(0.,-0.3));
#17545 = VECTOR('',#17546,1.);
#17546 = DIRECTION('',(1.,0.));
#17547 = ( GEOMETRIC_REPRESENTATION_CONTEXT(2) 
PARAMETRIC_REPRESENTATION_CONTEXT() REPRESENTATION_CONTEXT('2D SPACE',''
  ) );
#17548 = PCURVE('',#17348,#17549);
#17549 = DEFINITIONAL_REPRESENTATION('',(#17550),#17554);
#17550 = B_SPLINE_CURVE_WITH_KNOTS('',2,(#17551,#17552,#17553),
  .UNSPECIFIED.,.F.,.F.,(3,3),(0.,1.),.PIECEWISE_BEZIER_KNOTS.);
#17551 = CARTESIAN_POINT('',(8.2857421875,-4.938671875));
#17552 = CARTESIAN_POINT('',(8.377734375,-4.938671875));
#17553 = CARTESIAN_POINT('',(8.42373046875,-4.84873046875));
#17554 = ( GEOMETRIC_REPRESENTATION_CONTEXT(2) 
PARAMETRIC_REPRESENTATION_CONTEXT() REPRESENTATION_CONTEXT('2D SPACE',''
  ) );
#17555 = ORIENTED_EDGE('',*,*,#17556,.F.);
#17556 = EDGE_CURVE('',#16047,#17534,#17557,.T.);
#17557 = SURFACE_CURVE('',#17558,(#17562,#17569),.PCURVE_S1.);
#17558 = LINE('',#17559,#17560);
#17559 = CARTESIAN_POINT('',(8.42373046875,-4.84873046875,2.7));
#17560 = VECTOR('',#17561,1.);
#17561 = DIRECTION('',(0.,0.,1.));
#17562 = PCURVE('',#16062,#17563);
#17563 = DEFINITIONAL_REPRESENTATION('',(#17564),#17568);
#17564 = LINE('',#17565,#17566);
#17565 = CARTESIAN_POINT('',(1.,0.));
#17566 = VECTOR('',#17567,1.);
#17567 = DIRECTION('',(0.,-1.));
#17568 = ( GEOMETRIC_REPRESENTATION_CONTEXT(2) 
PARAMETRIC_REPRESENTATION_CONTEXT() REPRESENTATION_CONTEXT('2D SPACE',''
  ) );
#17569 = PCURVE('',#16092,#17570);
#17570 = DEFINITIONAL_REPRESENTATION('',(#17571),#17575);
#17571 = LINE('',#17572,#17573);
#17572 = CARTESIAN_POINT('',(0.,0.));
#17573 = VECTOR('',#17574,1.);
#17574 = DIRECTION('',(0.,-1.));
#17575 = ( GEOMETRIC_REPRESENTATION_CONTEXT(2) 
PARAMETRIC_REPRESENTATION_CONTEXT() REPRESENTATION_CONTEXT('2D SPACE',''
  ) );
#17576 = ORIENTED_EDGE('',*,*,#16046,.F.);
#17577 = ADVANCED_FACE('',(#17578),#16092,.F.);
#17578 = FACE_BOUND('',#17579,.F.);
#17579 = EDGE_LOOP('',(#17580,#17581,#17604,#17625));
#17580 = ORIENTED_EDGE('',*,*,#17556,.T.);
#17581 = ORIENTED_EDGE('',*,*,#17582,.T.);
#17582 = EDGE_CURVE('',#17534,#17583,#17585,.T.);
#17583 = VERTEX_POINT('',#17584);
#17584 = CARTESIAN_POINT('',(8.4697265625,-4.57890625,3.));
#17585 = SURFACE_CURVE('',#17586,(#17590,#17597),.PCURVE_S1.);
#17586 = B_SPLINE_CURVE_WITH_KNOTS('',2,(#17587,#17588,#17589),
  .UNSPECIFIED.,.F.,.F.,(3,3),(0.,1.),.PIECEWISE_BEZIER_KNOTS.);
#17587 = CARTESIAN_POINT('',(8.42373046875,-4.84873046875,3.));
#17588 = CARTESIAN_POINT('',(8.4697265625,-4.7587890625,3.));
#17589 = CARTESIAN_POINT('',(8.4697265625,-4.57890625,3.));
#17590 = PCURVE('',#16092,#17591);
#17591 = DEFINITIONAL_REPRESENTATION('',(#17592),#17596);
#17592 = LINE('',#17593,#17594);
#17593 = CARTESIAN_POINT('',(0.,-0.3));
#17594 = VECTOR('',#17595,1.);
#17595 = DIRECTION('',(1.,0.));
#17596 = ( GEOMETRIC_REPRESENTATION_CONTEXT(2) 
PARAMETRIC_REPRESENTATION_CONTEXT() REPRESENTATION_CONTEXT('2D SPACE',''
  ) );
#17597 = PCURVE('',#17348,#17598);
#17598 = DEFINITIONAL_REPRESENTATION('',(#17599),#17603);
#17599 = B_SPLINE_CURVE_WITH_KNOTS('',2,(#17600,#17601,#17602),
  .UNSPECIFIED.,.F.,.F.,(3,3),(0.,1.),.PIECEWISE_BEZIER_KNOTS.);
#17600 = CARTESIAN_POINT('',(8.42373046875,-4.84873046875));
#17601 = CARTESIAN_POINT('',(8.4697265625,-4.7587890625));
#17602 = CARTESIAN_POINT('',(8.4697265625,-4.57890625));
#17603 = ( GEOMETRIC_REPRESENTATION_CONTEXT(2) 
PARAMETRIC_REPRESENTATION_CONTEXT() REPRESENTATION_CONTEXT('2D SPACE',''
  ) );
#17604 = ORIENTED_EDGE('',*,*,#17605,.F.);
#17605 = EDGE_CURVE('',#16077,#17583,#17606,.T.);
#17606 = SURFACE_CURVE('',#17607,(#17611,#17618),.PCURVE_S1.);
#17607 = LINE('',#17608,#17609);
#17608 = CARTESIAN_POINT('',(8.4697265625,-4.57890625,2.7));
#17609 = VECTOR('',#17610,1.);
#17610 = DIRECTION('',(0.,0.,1.));
#17611 = PCURVE('',#16092,#17612);
#17612 = DEFINITIONAL_REPRESENTATION('',(#17613),#17617);
#17613 = LINE('',#17614,#17615);
#17614 = CARTESIAN_POINT('',(1.,0.));
#17615 = VECTOR('',#17616,1.);
#17616 = DIRECTION('',(0.,-1.));
#17617 = ( GEOMETRIC_REPRESENTATION_CONTEXT(2) 
PARAMETRIC_REPRESENTATION_CONTEXT() REPRESENTATION_CONTEXT('2D SPACE',''
  ) );
#17618 = PCURVE('',#16122,#17619);
#17619 = DEFINITIONAL_REPRESENTATION('',(#17620),#17624);
#17620 = LINE('',#17621,#17622);
#17621 = CARTESIAN_POINT('',(0.,0.));
#17622 = VECTOR('',#17623,1.);
#17623 = DIRECTION('',(0.,-1.));
#17624 = ( GEOMETRIC_REPRESENTATION_CONTEXT(2) 
PARAMETRIC_REPRESENTATION_CONTEXT() REPRESENTATION_CONTEXT('2D SPACE',''
  ) );
#17625 = ORIENTED_EDGE('',*,*,#16076,.F.);
#17626 = ADVANCED_FACE('',(#17627),#16122,.F.);
#17627 = FACE_BOUND('',#17628,.F.);
#17628 = EDGE_LOOP('',(#17629,#17630,#17653,#17674));
#17629 = ORIENTED_EDGE('',*,*,#17605,.T.);
#17630 = ORIENTED_EDGE('',*,*,#17631,.T.);
#17631 = EDGE_CURVE('',#17583,#17632,#17634,.T.);
#17632 = VERTEX_POINT('',#17633);
#17633 = CARTESIAN_POINT('',(8.42373046875,-4.30849609375,3.));
#17634 = SURFACE_CURVE('',#17635,(#17639,#17646),.PCURVE_S1.);
#17635 = B_SPLINE_CURVE_WITH_KNOTS('',2,(#17636,#17637,#17638),
  .UNSPECIFIED.,.F.,.F.,(3,3),(0.,1.),.PIECEWISE_BEZIER_KNOTS.);
#17636 = CARTESIAN_POINT('',(8.4697265625,-4.57890625,3.));
#17637 = CARTESIAN_POINT('',(8.4697265625,-4.3984375,3.));
#17638 = CARTESIAN_POINT('',(8.42373046875,-4.30849609375,3.));
#17639 = PCURVE('',#16122,#17640);
#17640 = DEFINITIONAL_REPRESENTATION('',(#17641),#17645);
#17641 = LINE('',#17642,#17643);
#17642 = CARTESIAN_POINT('',(0.,-0.3));
#17643 = VECTOR('',#17644,1.);
#17644 = DIRECTION('',(1.,0.));
#17645 = ( GEOMETRIC_REPRESENTATION_CONTEXT(2) 
PARAMETRIC_REPRESENTATION_CONTEXT() REPRESENTATION_CONTEXT('2D SPACE',''
  ) );
#17646 = PCURVE('',#17348,#17647);
#17647 = DEFINITIONAL_REPRESENTATION('',(#17648),#17652);
#17648 = B_SPLINE_CURVE_WITH_KNOTS('',2,(#17649,#17650,#17651),
  .UNSPECIFIED.,.F.,.F.,(3,3),(0.,1.),.PIECEWISE_BEZIER_KNOTS.);
#17649 = CARTESIAN_POINT('',(8.4697265625,-4.57890625));
#17650 = CARTESIAN_POINT('',(8.4697265625,-4.3984375));
#17651 = CARTESIAN_POINT('',(8.42373046875,-4.30849609375));
#17652 = ( GEOMETRIC_REPRESENTATION_CONTEXT(2) 
PARAMETRIC_REPRESENTATION_CONTEXT() REPRESENTATION_CONTEXT('2D SPACE',''
  ) );
#17653 = ORIENTED_EDGE('',*,*,#17654,.F.);
#17654 = EDGE_CURVE('',#16107,#17632,#17655,.T.);
#17655 = SURFACE_CURVE('',#17656,(#17660,#17667),.PCURVE_S1.);
#17656 = LINE('',#17657,#17658);
#17657 = CARTESIAN_POINT('',(8.42373046875,-4.30849609375,2.7));
#17658 = VECTOR('',#17659,1.);
#17659 = DIRECTION('',(0.,0.,1.));
#17660 = PCURVE('',#16122,#17661);
#17661 = DEFINITIONAL_REPRESENTATION('',(#17662),#17666);
#17662 = LINE('',#17663,#17664);
#17663 = CARTESIAN_POINT('',(1.,0.));
#17664 = VECTOR('',#17665,1.);
#17665 = DIRECTION('',(0.,-1.));
#17666 = ( GEOMETRIC_REPRESENTATION_CONTEXT(2) 
PARAMETRIC_REPRESENTATION_CONTEXT() REPRESENTATION_CONTEXT('2D SPACE',''
  ) );
#17667 = PCURVE('',#16150,#17668);
#17668 = DEFINITIONAL_REPRESENTATION('',(#17669),#17673);
#17669 = LINE('',#17670,#17671);
#17670 = CARTESIAN_POINT('',(0.,0.));
#17671 = VECTOR('',#17672,1.);
#17672 = DIRECTION('',(0.,-1.));
#17673 = ( GEOMETRIC_REPRESENTATION_CONTEXT(2) 
PARAMETRIC_REPRESENTATION_CONTEXT() REPRESENTATION_CONTEXT('2D SPACE',''
  ) );
#17674 = ORIENTED_EDGE('',*,*,#16106,.F.);
#17675 = ADVANCED_FACE('',(#17676),#16150,.F.);
#17676 = FACE_BOUND('',#17677,.F.);
#17677 = EDGE_LOOP('',(#17678,#17679,#17700,#17701));
#17678 = ORIENTED_EDGE('',*,*,#17654,.T.);
#17679 = ORIENTED_EDGE('',*,*,#17680,.T.);
#17680 = EDGE_CURVE('',#17632,#17310,#17681,.T.);
#17681 = SURFACE_CURVE('',#17682,(#17686,#17693),.PCURVE_S1.);
#17682 = B_SPLINE_CURVE_WITH_KNOTS('',2,(#17683,#17684,#17685),
  .UNSPECIFIED.,.F.,.F.,(3,3),(0.,1.),.PIECEWISE_BEZIER_KNOTS.);
#17683 = CARTESIAN_POINT('',(8.42373046875,-4.30849609375,3.));
#17684 = CARTESIAN_POINT('',(8.377734375,-4.2185546875,3.));
#17685 = CARTESIAN_POINT('',(8.2857421875,-4.2185546875,3.));
#17686 = PCURVE('',#16150,#17687);
#17687 = DEFINITIONAL_REPRESENTATION('',(#17688),#17692);
#17688 = LINE('',#17689,#17690);
#17689 = CARTESIAN_POINT('',(0.,-0.3));
#17690 = VECTOR('',#17691,1.);
#17691 = DIRECTION('',(1.,0.));
#17692 = ( GEOMETRIC_REPRESENTATION_CONTEXT(2) 
PARAMETRIC_REPRESENTATION_CONTEXT() REPRESENTATION_CONTEXT('2D SPACE',''
  ) );
#17693 = PCURVE('',#17348,#17694);
#17694 = DEFINITIONAL_REPRESENTATION('',(#17695),#17699);
#17695 = B_SPLINE_CURVE_WITH_KNOTS('',2,(#17696,#17697,#17698),
  .UNSPECIFIED.,.F.,.F.,(3,3),(0.,1.),.PIECEWISE_BEZIER_KNOTS.);
#17696 = CARTESIAN_POINT('',(8.42373046875,-4.30849609375));
#17697 = CARTESIAN_POINT('',(8.377734375,-4.2185546875));
#17698 = CARTESIAN_POINT('',(8.2857421875,-4.2185546875));
#17699 = ( GEOMETRIC_REPRESENTATION_CONTEXT(2) 
PARAMETRIC_REPRESENTATION_CONTEXT() REPRESENTATION_CONTEXT('2D SPACE',''
  ) );
#17700 = ORIENTED_EDGE('',*,*,#17309,.F.);
#17701 = ORIENTED_EDGE('',*,*,#16136,.F.);
#17702 = ADVANCED_FACE('',(#17703),#16206,.T.);
#17703 = FACE_BOUND('',#17704,.T.);
#17704 = EDGE_LOOP('',(#17705,#17706,#17707,#17708,#17709,#17710,#17711,
    #17712));
#17705 = ORIENTED_EDGE('',*,*,#16538,.T.);
#17706 = ORIENTED_EDGE('',*,*,#16190,.T.);
#17707 = ORIENTED_EDGE('',*,*,#16244,.T.);
#17708 = ORIENTED_EDGE('',*,*,#16293,.T.);
#17709 = ORIENTED_EDGE('',*,*,#16342,.T.);
#17710 = ORIENTED_EDGE('',*,*,#16391,.T.);
#17711 = ORIENTED_EDGE('',*,*,#16440,.T.);
#17712 = ORIENTED_EDGE('',*,*,#16489,.T.);
#17713 = ADVANCED_FACE('',(#17714),#16603,.T.);
#17714 = FACE_BOUND('',#17715,.T.);
#17715 = EDGE_LOOP('',(#17716,#17717,#17718,#17719,#17720,#17721,#17722,
    #17723));
#17716 = ORIENTED_EDGE('',*,*,#16935,.T.);
#17717 = ORIENTED_EDGE('',*,*,#16587,.T.);
#17718 = ORIENTED_EDGE('',*,*,#16641,.T.);
#17719 = ORIENTED_EDGE('',*,*,#16690,.T.);
#17720 = ORIENTED_EDGE('',*,*,#16739,.T.);
#17721 = ORIENTED_EDGE('',*,*,#16788,.T.);
#17722 = ORIENTED_EDGE('',*,*,#16837,.T.);
#17723 = ORIENTED_EDGE('',*,*,#16886,.T.);
#17724 = ADVANCED_FACE('',(#17725),#17000,.T.);
#17725 = FACE_BOUND('',#17726,.T.);
#17726 = EDGE_LOOP('',(#17727,#17728,#17729,#17730,#17731,#17732,#17733)
  );
#17727 = ORIENTED_EDGE('',*,*,#17283,.T.);
#17728 = ORIENTED_EDGE('',*,*,#16984,.T.);
#17729 = ORIENTED_EDGE('',*,*,#17038,.T.);
#17730 = ORIENTED_EDGE('',*,*,#17087,.T.);
#17731 = ORIENTED_EDGE('',*,*,#17136,.T.);
#17732 = ORIENTED_EDGE('',*,*,#17185,.T.);
#17733 = ORIENTED_EDGE('',*,*,#17234,.T.);
#17734 = ADVANCED_FACE('',(#17735),#17348,.T.);
#17735 = FACE_BOUND('',#17736,.T.);
#17736 = EDGE_LOOP('',(#17737,#17738,#17739,#17740,#17741,#17742,#17743,
    #17744));
#17737 = ORIENTED_EDGE('',*,*,#17680,.T.);
#17738 = ORIENTED_EDGE('',*,*,#17332,.T.);
#17739 = ORIENTED_EDGE('',*,*,#17386,.T.);
#17740 = ORIENTED_EDGE('',*,*,#17435,.T.);
#17741 = ORIENTED_EDGE('',*,*,#17484,.T.);
#17742 = ORIENTED_EDGE('',*,*,#17533,.T.);
#17743 = ORIENTED_EDGE('',*,*,#17582,.T.);
#17744 = ORIENTED_EDGE('',*,*,#17631,.T.);
#17745 = ( GEOMETRIC_REPRESENTATION_CONTEXT(3) 
GLOBAL_UNCERTAINTY_ASSIGNED_CONTEXT((#17749)) 
GLOBAL_UNIT_ASSIGNED_CONTEXT((#17746,#17747,#17748)) 
REPRESENTATION_CONTEXT('Context #1',
  '3D Context with UNIT and UNCERTAINTY') );
#17746 = ( LENGTH_UNIT() NAMED_UNIT(*) SI_UNIT(.MILLI.,.METRE.) );
#17747 = ( NAMED_UNIT(*) PLANE_ANGLE_UNIT() SI_UNIT($,.RADIAN.) );
#17748 = ( NAMED_UNIT(*) SI_UNIT($,.STERADIAN.) SOLID_ANGLE_UNIT() );
#17749 = UNCERTAINTY_MEASURE_WITH_UNIT(LENGTH_MEASURE(1.E-07),#17746,
  'distance_accuracy_value','confusion accuracy');
#17750 = PRODUCT_RELATED_PRODUCT_CATEGORY('part',$,(#7));
ENDSEC;
END-ISO-10303-21;
