ISO-10303-21;
HEADER;
FILE_DESCRIPTION(('Open CASCADE Model'),'2;1');
FILE_NAME('Open CASCADE Shape Model','2026-09-13T12:11:45',('Author'),(
    'Open CASCADE'),'Open CASCADE STEP processor 7.8','Open CASCADE 7.8'
  ,'Unknown');
FILE_SCHEMA(('AUTOMOTIVE_DESIGN { 1 0 10303 214 1 1 1 1 }'));
ENDSEC;
DATA;
#1 = APPLICATION_PROTOCOL_DEFINITION('international standard',
  'automotive_design',2000,#2);
#2 = APPLICATION_CONTEXT(
  'core data for automotive mechanical design processes');
#3 = SHAPE_DEFINITION_REPRESENTATION(#4,#10);
#4 = PRODUCT_DEFINITION_SHAPE('','',#5);
#5 = PRODUCT_DEFINITION('design','',#6,#9);
#6 = PRODUCT_DEFINITION_FORMATION('','',#7);
#7 = PRODUCT('Open CASCADE STEP translator 7.8 4',
  'Open CASCADE STEP translator 7.8 4','',(#8));
#8 = PRODUCT_CONTEXT('',#2,'mechanical');
#9 = PRODUCT_DEFINITION_CONTEXT('part definition',#2,'design');
#10 = ADVANCED_BREP_SHAPE_REPRESENTATION('',(#11,#15),#2669);
#11 = AXIS2_PLACEMENT_3D('',#12,#13,#14);
#12 = CARTESIAN_POINT('',(0.,0.,0.));
#13 = DIRECTION('',(0.,0.,1.));
#14 = DIRECTION('',(1.,0.,-0.));
#15 = MANIFOLD_SOLID_BREP('',#16);
#16 = CLOSED_SHELL('',(#17,#135,#267,#314,#432,#459,#486,#513,#520,#575,
    #857,#932,#986,#1049,#1101,#1165,#1228,#1272,#1348,#1397,#1446,#1495
    ,#1544,#1593,#1620,#1836,#1912,#1966,#2020,#2092,#2164,#2236,#2286,
    #2360,#2409,#2457,#2513,#2568,#2624,#2659));
#17 = ADVANCED_FACE('',(#18),#32,.F.);
#18 = FACE_BOUND('',#19,.F.);
#19 = EDGE_LOOP('',(#20,#55,#83,#109));
#20 = ORIENTED_EDGE('',*,*,#21,.F.);
#21 = EDGE_CURVE('',#22,#24,#26,.T.);
#22 = VERTEX_POINT('',#23);
#23 = CARTESIAN_POINT('',(2.525,1.457809429704,0.));
#24 = VERTEX_POINT('',#25);
#25 = CARTESIAN_POINT('',(1.785301651854E-16,2.915618859408,0.));
#26 = SURFACE_CURVE('',#27,(#31,#43),.PCURVE_S1.);
#27 = LINE('',#28,#29);
#28 = CARTESIAN_POINT('',(2.525,1.457809429704,0.));
#29 = VECTOR('',#30,1.);
#30 = DIRECTION('',(-0.866025403784,0.5,0.));
#31 = PCURVE('',#32,#37);
#32 = PLANE('',#33);
#33 = AXIS2_PLACEMENT_3D('',#34,#35,#36);
#34 = CARTESIAN_POINT('',(2.525,1.457809429704,0.));
#35 = DIRECTION('',(-0.5,-0.866025403784,0.));
#36 = DIRECTION('',(-0.866025403784,0.5,0.));
#37 = DEFINITIONAL_REPRESENTATION('',(#38),#42);
#38 = LINE('',#39,#40);
#39 = CARTESIAN_POINT('',(0.,0.));
#40 = VECTOR('',#41,1.);
#41 = DIRECTION('',(1.,0.));
#42 = ( GEOMETRIC_REPRESENTATION_CONTEXT(2) 
PARAMETRIC_REPRESENTATION_CONTEXT() REPRESENTATION_CONTEXT('2D SPACE',''
  ) );
#43 = PCURVE('',#44,#49);
#44 = PLANE('',#45);
#45 = AXIS2_PLACEMENT_3D('',#46,#47,#48);
#46 = CARTESIAN_POINT('',(7.61569380746E-17,0.,0.));
#47 = DIRECTION('',(0.,0.,1.));
#48 = DIRECTION('',(1.,0.,-0.));
#49 = DEFINITIONAL_REPRESENTATION('',(#50),#54);
#50 = LINE('',#51,#52);
#51 = CARTESIAN_POINT('',(2.525,1.457809429704));
#52 = VECTOR('',#53,1.);
#53 = DIRECTION('',(-0.866025403784,0.5));
#54 = ( GEOMETRIC_REPRESENTATION_CONTEXT(2) 
PARAMETRIC_REPRESENTATION_CONTEXT() REPRESENTATION_CONTEXT('2D SPACE',''
  ) );
#55 = ORIENTED_EDGE('',*,*,#56,.T.);
#56 = EDGE_CURVE('',#22,#57,#59,.T.);
#57 = VERTEX_POINT('',#58);
#58 = CARTESIAN_POINT('',(2.525,1.457809429704,1.87));
#59 = SURFACE_CURVE('',#60,(#64,#71),.PCURVE_S1.);
#60 = LINE('',#61,#62);
#61 = CARTESIAN_POINT('',(2.525,1.457809429704,0.));
#62 = VECTOR('',#63,1.);
#63 = DIRECTION('',(0.,0.,1.));
#64 = PCURVE('',#32,#65);
#65 = DEFINITIONAL_REPRESENTATION('',(#66),#70);
#66 = LINE('',#67,#68);
#67 = CARTESIAN_POINT('',(0.,0.));
#68 = VECTOR('',#69,1.);
#69 = DIRECTION('',(0.,-1.));
#70 = ( GEOMETRIC_REPRESENTATION_CONTEXT(2) 
PARAMETRIC_REPRESENTATION_CONTEXT() REPRESENTATION_CONTEXT('2D SPACE',''
  ) );
#71 = PCURVE('',#72,#77);
#72 = PLANE('',#73);
#73 = AXIS2_PLACEMENT_3D('',#74,#75,#76);
#74 = CARTESIAN_POINT('',(2.525,-1.457809429704,0.));
#75 = DIRECTION('',(-1.,3.046277522984E-16,0.));
#76 = DIRECTION('',(3.046277522984E-16,1.,0.));
#77 = DEFINITIONAL_REPRESENTATION('',(#78),#82);
#78 = LINE('',#79,#80);
#79 = CARTESIAN_POINT('',(2.915618859408,0.));
#80 = VECTOR('',#81,1.);
#81 = DIRECTION('',(0.,-1.));
#82 = ( GEOMETRIC_REPRESENTATION_CONTEXT(2) 
PARAMETRIC_REPRESENTATION_CONTEXT() REPRESENTATION_CONTEXT('2D SPACE',''
  ) );
#83 = ORIENTED_EDGE('',*,*,#84,.T.);
#84 = EDGE_CURVE('',#57,#85,#87,.T.);
#85 = VERTEX_POINT('',#86);
#86 = CARTESIAN_POINT('',(1.785301651854E-16,2.915618859408,1.87));
#87 = SURFACE_CURVE('',#88,(#92,#98),.PCURVE_S1.);
#88 = LINE('',#89,#90);
#89 = CARTESIAN_POINT('',(1.89375,1.82226178713,1.87));
#90 = VECTOR('',#91,1.);
#91 = DIRECTION('',(-0.866025403784,0.5,0.));
#92 = PCURVE('',#32,#93);
#93 = DEFINITIONAL_REPRESENTATION('',(#94),#97);
#94 = B_SPLINE_CURVE_WITH_KNOTS('',1,(#95,#96),.UNSPECIFIED.,.F.,.F.,(2,
    2),(-0.728904714852,2.186714144556),.PIECEWISE_BEZIER_KNOTS.);
#95 = CARTESIAN_POINT('',(0.,-1.87));
#96 = CARTESIAN_POINT('',(2.915618859408,-1.87));
#97 = ( GEOMETRIC_REPRESENTATION_CONTEXT(2) 
PARAMETRIC_REPRESENTATION_CONTEXT() REPRESENTATION_CONTEXT('2D SPACE',''
  ) );
#98 = PCURVE('',#99,#104);
#99 = PLANE('',#100);
#100 = AXIS2_PLACEMENT_3D('',#101,#102,#103);
#101 = CARTESIAN_POINT('',(0.,0.,1.87));
#102 = DIRECTION('',(0.,0.,1.));
#103 = DIRECTION('',(1.,0.,0.));
#104 = DEFINITIONAL_REPRESENTATION('',(#105),#108);
#105 = B_SPLINE_CURVE_WITH_KNOTS('',1,(#106,#107),.UNSPECIFIED.,.F.,.F.,
  (2,2),(-0.728904714852,2.186714144556),.PIECEWISE_BEZIER_KNOTS.);
#106 = CARTESIAN_POINT('',(2.525,1.457809429704));
#107 = CARTESIAN_POINT('',(-2.22044604925E-16,2.915618859408));
#108 = ( GEOMETRIC_REPRESENTATION_CONTEXT(2) 
PARAMETRIC_REPRESENTATION_CONTEXT() REPRESENTATION_CONTEXT('2D SPACE',''
  ) );
#109 = ORIENTED_EDGE('',*,*,#110,.F.);
#110 = EDGE_CURVE('',#24,#85,#111,.T.);
#111 = SURFACE_CURVE('',#112,(#116,#123),.PCURVE_S1.);
#112 = LINE('',#113,#114);
#113 = CARTESIAN_POINT('',(1.785301651854E-16,2.915618859408,0.));
#114 = VECTOR('',#115,1.);
#115 = DIRECTION('',(0.,0.,1.));
#116 = PCURVE('',#32,#117);
#117 = DEFINITIONAL_REPRESENTATION('',(#118),#122);
#118 = LINE('',#119,#120);
#119 = CARTESIAN_POINT('',(2.915618859408,0.));
#120 = VECTOR('',#121,1.);
#121 = DIRECTION('',(0.,-1.));
#122 = ( GEOMETRIC_REPRESENTATION_CONTEXT(2) 
PARAMETRIC_REPRESENTATION_CONTEXT() REPRESENTATION_CONTEXT('2D SPACE',''
  ) );
#123 = PCURVE('',#124,#129);
#124 = PLANE('',#125);
#125 = AXIS2_PLACEMENT_3D('',#126,#127,#128);
#126 = CARTESIAN_POINT('',(1.785301651854E-16,2.915618859408,0.));
#127 = DIRECTION('',(0.5,-0.866025403784,0.));
#128 = DIRECTION('',(-0.866025403784,-0.5,0.));
#129 = DEFINITIONAL_REPRESENTATION('',(#130),#134);
#130 = LINE('',#131,#132);
#131 = CARTESIAN_POINT('',(0.,0.));
#132 = VECTOR('',#133,1.);
#133 = DIRECTION('',(0.,-1.));
#134 = ( GEOMETRIC_REPRESENTATION_CONTEXT(2) 
PARAMETRIC_REPRESENTATION_CONTEXT() REPRESENTATION_CONTEXT('2D SPACE',''
  ) );
#135 = ADVANCED_FACE('',(#136),#44,.F.);
#136 = FACE_BOUND('',#137,.F.);
#137 = EDGE_LOOP('',(#138,#139,#162,#190,#218,#246));
#138 = ORIENTED_EDGE('',*,*,#21,.T.);
#139 = ORIENTED_EDGE('',*,*,#140,.T.);
#140 = EDGE_CURVE('',#24,#141,#143,.T.);
#141 = VERTEX_POINT('',#142);
#142 = CARTESIAN_POINT('',(-2.525,1.457809429704,0.));
#143 = SURFACE_CURVE('',#144,(#148,#155),.PCURVE_S1.);
#144 = LINE('',#145,#146);
#145 = CARTESIAN_POINT('',(1.785301651854E-16,2.915618859408,0.));
#146 = VECTOR('',#147,1.);
#147 = DIRECTION('',(-0.866025403784,-0.5,0.));
#148 = PCURVE('',#44,#149);
#149 = DEFINITIONAL_REPRESENTATION('',(#150),#154);
#150 = LINE('',#151,#152);
#151 = CARTESIAN_POINT('',(1.023732271108E-16,2.915618859408));
#152 = VECTOR('',#153,1.);
#153 = DIRECTION('',(-0.866025403784,-0.5));
#154 = ( GEOMETRIC_REPRESENTATION_CONTEXT(2) 
PARAMETRIC_REPRESENTATION_CONTEXT() REPRESENTATION_CONTEXT('2D SPACE',''
  ) );
#155 = PCURVE('',#124,#156);
#156 = DEFINITIONAL_REPRESENTATION('',(#157),#161);
#157 = LINE('',#158,#159);
#158 = CARTESIAN_POINT('',(0.,0.));
#159 = VECTOR('',#160,1.);
#160 = DIRECTION('',(1.,0.));
#161 = ( GEOMETRIC_REPRESENTATION_CONTEXT(2) 
PARAMETRIC_REPRESENTATION_CONTEXT() REPRESENTATION_CONTEXT('2D SPACE',''
  ) );
#162 = ORIENTED_EDGE('',*,*,#163,.T.);
#163 = EDGE_CURVE('',#141,#164,#166,.T.);
#164 = VERTEX_POINT('',#165);
#165 = CARTESIAN_POINT('',(-2.525,-1.457809429704,0.));
#166 = SURFACE_CURVE('',#167,(#171,#178),.PCURVE_S1.);
#167 = LINE('',#168,#169);
#168 = CARTESIAN_POINT('',(-2.525,1.457809429704,0.));
#169 = VECTOR('',#170,1.);
#170 = DIRECTION('',(1.523138761492E-16,-1.,0.));
#171 = PCURVE('',#44,#172);
#172 = DEFINITIONAL_REPRESENTATION('',(#173),#177);
#173 = LINE('',#174,#175);
#174 = CARTESIAN_POINT('',(-2.525,1.457809429704));
#175 = VECTOR('',#176,1.);
#176 = DIRECTION('',(1.523138761492E-16,-1.));
#177 = ( GEOMETRIC_REPRESENTATION_CONTEXT(2) 
PARAMETRIC_REPRESENTATION_CONTEXT() REPRESENTATION_CONTEXT('2D SPACE',''
  ) );
#178 = PCURVE('',#179,#184);
#179 = PLANE('',#180);
#180 = AXIS2_PLACEMENT_3D('',#181,#182,#183);
#181 = CARTESIAN_POINT('',(-2.525,1.457809429704,0.));
#182 = DIRECTION('',(1.,1.523138761492E-16,-0.));
#183 = DIRECTION('',(1.523138761492E-16,-1.,0.));
#184 = DEFINITIONAL_REPRESENTATION('',(#185),#189);
#185 = LINE('',#186,#187);
#186 = CARTESIAN_POINT('',(0.,0.));
#187 = VECTOR('',#188,1.);
#188 = DIRECTION('',(1.,0.));
#189 = ( GEOMETRIC_REPRESENTATION_CONTEXT(2) 
PARAMETRIC_REPRESENTATION_CONTEXT() REPRESENTATION_CONTEXT('2D SPACE',''
  ) );
#190 = ORIENTED_EDGE('',*,*,#191,.T.);
#191 = EDGE_CURVE('',#164,#192,#194,.T.);
#192 = VERTEX_POINT('',#193);
#193 = CARTESIAN_POINT('',(-5.355904955561E-16,-2.915618859408,0.));
#194 = SURFACE_CURVE('',#195,(#199,#206),.PCURVE_S1.);
#195 = LINE('',#196,#197);
#196 = CARTESIAN_POINT('',(-2.525,-1.457809429704,0.));
#197 = VECTOR('',#198,1.);
#198 = DIRECTION('',(0.866025403784,-0.5,0.));
#199 = PCURVE('',#44,#200);
#200 = DEFINITIONAL_REPRESENTATION('',(#201),#205);
#201 = LINE('',#202,#203);
#202 = CARTESIAN_POINT('',(-2.525,-1.457809429704));
#203 = VECTOR('',#204,1.);
#204 = DIRECTION('',(0.866025403784,-0.5));
#205 = ( GEOMETRIC_REPRESENTATION_CONTEXT(2) 
PARAMETRIC_REPRESENTATION_CONTEXT() REPRESENTATION_CONTEXT('2D SPACE',''
  ) );
#206 = PCURVE('',#207,#212);
#207 = PLANE('',#208);
#208 = AXIS2_PLACEMENT_3D('',#209,#210,#211);
#209 = CARTESIAN_POINT('',(-2.525,-1.457809429704,0.));
#210 = DIRECTION('',(0.5,0.866025403784,-0.));
#211 = DIRECTION('',(0.866025403784,-0.5,0.));
#212 = DEFINITIONAL_REPRESENTATION('',(#213),#217);
#213 = LINE('',#214,#215);
#214 = CARTESIAN_POINT('',(0.,0.));
#215 = VECTOR('',#216,1.);
#216 = DIRECTION('',(1.,0.));
#217 = ( GEOMETRIC_REPRESENTATION_CONTEXT(2) 
PARAMETRIC_REPRESENTATION_CONTEXT() REPRESENTATION_CONTEXT('2D SPACE',''
  ) );
#218 = ORIENTED_EDGE('',*,*,#219,.T.);
#219 = EDGE_CURVE('',#192,#220,#222,.T.);
#220 = VERTEX_POINT('',#221);
#221 = CARTESIAN_POINT('',(2.525,-1.457809429704,0.));
#222 = SURFACE_CURVE('',#223,(#227,#234),.PCURVE_S1.);
#223 = LINE('',#224,#225);
#224 = CARTESIAN_POINT('',(-5.355904955561E-16,-2.915618859408,0.));
#225 = VECTOR('',#226,1.);
#226 = DIRECTION('',(0.866025403784,0.5,0.));
#227 = PCURVE('',#44,#228);
#228 = DEFINITIONAL_REPRESENTATION('',(#229),#233);
#229 = LINE('',#230,#231);
#230 = CARTESIAN_POINT('',(-6.117474336307E-16,-2.915618859408));
#231 = VECTOR('',#232,1.);
#232 = DIRECTION('',(0.866025403784,0.5));
#233 = ( GEOMETRIC_REPRESENTATION_CONTEXT(2) 
PARAMETRIC_REPRESENTATION_CONTEXT() REPRESENTATION_CONTEXT('2D SPACE',''
  ) );
#234 = PCURVE('',#235,#240);
#235 = PLANE('',#236);
#236 = AXIS2_PLACEMENT_3D('',#237,#238,#239);
#237 = CARTESIAN_POINT('',(-5.355904955561E-16,-2.915618859408,0.));
#238 = DIRECTION('',(-0.5,0.866025403784,0.));
#239 = DIRECTION('',(0.866025403784,0.5,0.));
#240 = DEFINITIONAL_REPRESENTATION('',(#241),#245);
#241 = LINE('',#242,#243);
#242 = CARTESIAN_POINT('',(0.,0.));
#243 = VECTOR('',#244,1.);
#244 = DIRECTION('',(1.,0.));
#245 = ( GEOMETRIC_REPRESENTATION_CONTEXT(2) 
PARAMETRIC_REPRESENTATION_CONTEXT() REPRESENTATION_CONTEXT('2D SPACE',''
  ) );
#246 = ORIENTED_EDGE('',*,*,#247,.T.);
#247 = EDGE_CURVE('',#220,#22,#248,.T.);
#248 = SURFACE_CURVE('',#249,(#253,#260),.PCURVE_S1.);
#249 = LINE('',#250,#251);
#250 = CARTESIAN_POINT('',(2.525,-1.457809429704,0.));
#251 = VECTOR('',#252,1.);
#252 = DIRECTION('',(3.046277522984E-16,1.,0.));
#253 = PCURVE('',#44,#254);
#254 = DEFINITIONAL_REPRESENTATION('',(#255),#259);
#255 = LINE('',#256,#257);
#256 = CARTESIAN_POINT('',(2.525,-1.457809429704));
#257 = VECTOR('',#258,1.);
#258 = DIRECTION('',(3.046277522984E-16,1.));
#259 = ( GEOMETRIC_REPRESENTATION_CONTEXT(2) 
PARAMETRIC_REPRESENTATION_CONTEXT() REPRESENTATION_CONTEXT('2D SPACE',''
  ) );
#260 = PCURVE('',#72,#261);
#261 = DEFINITIONAL_REPRESENTATION('',(#262),#266);
#262 = LINE('',#263,#264);
#263 = CARTESIAN_POINT('',(0.,0.));
#264 = VECTOR('',#265,1.);
#265 = DIRECTION('',(1.,0.));
#266 = ( GEOMETRIC_REPRESENTATION_CONTEXT(2) 
PARAMETRIC_REPRESENTATION_CONTEXT() REPRESENTATION_CONTEXT('2D SPACE',''
  ) );
#267 = ADVANCED_FACE('',(#268),#124,.F.);
#268 = FACE_BOUND('',#269,.F.);
#269 = EDGE_LOOP('',(#270,#271,#272,#293));
#270 = ORIENTED_EDGE('',*,*,#140,.F.);
#271 = ORIENTED_EDGE('',*,*,#110,.T.);
#272 = ORIENTED_EDGE('',*,*,#273,.T.);
#273 = EDGE_CURVE('',#85,#274,#276,.T.);
#274 = VERTEX_POINT('',#275);
#275 = CARTESIAN_POINT('',(-2.525,1.457809429704,1.87));
#276 = SURFACE_CURVE('',#277,(#281,#287),.PCURVE_S1.);
#277 = LINE('',#278,#279);
#278 = CARTESIAN_POINT('',(-0.63125,2.551166501982,1.87));
#279 = VECTOR('',#280,1.);
#280 = DIRECTION('',(-0.866025403784,-0.5,0.));
#281 = PCURVE('',#124,#282);
#282 = DEFINITIONAL_REPRESENTATION('',(#283),#286);
#283 = B_SPLINE_CURVE_WITH_KNOTS('',1,(#284,#285),.UNSPECIFIED.,.F.,.F.,
  (2,2),(-0.728904714852,2.186714144556),.PIECEWISE_BEZIER_KNOTS.);
#284 = CARTESIAN_POINT('',(0.,-1.87));
#285 = CARTESIAN_POINT('',(2.915618859408,-1.87));
#286 = ( GEOMETRIC_REPRESENTATION_CONTEXT(2) 
PARAMETRIC_REPRESENTATION_CONTEXT() REPRESENTATION_CONTEXT('2D SPACE',''
  ) );
#287 = PCURVE('',#99,#288);
#288 = DEFINITIONAL_REPRESENTATION('',(#289),#292);
#289 = B_SPLINE_CURVE_WITH_KNOTS('',1,(#290,#291),.UNSPECIFIED.,.F.,.F.,
  (2,2),(-0.728904714852,2.186714144556),.PIECEWISE_BEZIER_KNOTS.);
#290 = CARTESIAN_POINT('',(2.22044604925E-16,2.915618859408));
#291 = CARTESIAN_POINT('',(-2.525,1.457809429704));
#292 = ( GEOMETRIC_REPRESENTATION_CONTEXT(2) 
PARAMETRIC_REPRESENTATION_CONTEXT() REPRESENTATION_CONTEXT('2D SPACE',''
  ) );
#293 = ORIENTED_EDGE('',*,*,#294,.F.);
#294 = EDGE_CURVE('',#141,#274,#295,.T.);
#295 = SURFACE_CURVE('',#296,(#300,#307),.PCURVE_S1.);
#296 = LINE('',#297,#298);
#297 = CARTESIAN_POINT('',(-2.525,1.457809429704,0.));
#298 = VECTOR('',#299,1.);
#299 = DIRECTION('',(0.,0.,1.));
#300 = PCURVE('',#124,#301);
#301 = DEFINITIONAL_REPRESENTATION('',(#302),#306);
#302 = LINE('',#303,#304);
#303 = CARTESIAN_POINT('',(2.915618859408,0.));
#304 = VECTOR('',#305,1.);
#305 = DIRECTION('',(0.,-1.));
#306 = ( GEOMETRIC_REPRESENTATION_CONTEXT(2) 
PARAMETRIC_REPRESENTATION_CONTEXT() REPRESENTATION_CONTEXT('2D SPACE',''
  ) );
#307 = PCURVE('',#179,#308);
#308 = DEFINITIONAL_REPRESENTATION('',(#309),#313);
#309 = LINE('',#310,#311);
#310 = CARTESIAN_POINT('',(0.,0.));
#311 = VECTOR('',#312,1.);
#312 = DIRECTION('',(0.,-1.));
#313 = ( GEOMETRIC_REPRESENTATION_CONTEXT(2) 
PARAMETRIC_REPRESENTATION_CONTEXT() REPRESENTATION_CONTEXT('2D SPACE',''
  ) );
#314 = ADVANCED_FACE('',(#315,#401),#99,.T.);
#315 = FACE_BOUND('',#316,.T.);
#316 = EDGE_LOOP('',(#317,#338,#339,#340,#361,#382));
#317 = ORIENTED_EDGE('',*,*,#318,.T.);
#318 = EDGE_CURVE('',#319,#57,#321,.T.);
#319 = VERTEX_POINT('',#320);
#320 = CARTESIAN_POINT('',(2.525,-1.457809429704,1.87));
#321 = SURFACE_CURVE('',#322,(#326,#332),.PCURVE_S1.);
#322 = LINE('',#323,#324);
#323 = CARTESIAN_POINT('',(2.525,-0.728904714852,1.87));
#324 = VECTOR('',#325,1.);
#325 = DIRECTION('',(3.046277522984E-16,1.,-0.));
#326 = PCURVE('',#99,#327);
#327 = DEFINITIONAL_REPRESENTATION('',(#328),#331);
#328 = B_SPLINE_CURVE_WITH_KNOTS('',1,(#329,#330),.UNSPECIFIED.,.F.,.F.,
  (2,2),(-0.728904714852,2.186714144556),.PIECEWISE_BEZIER_KNOTS.);
#329 = CARTESIAN_POINT('',(2.525,-1.457809429704));
#330 = CARTESIAN_POINT('',(2.525,1.457809429704));
#331 = ( GEOMETRIC_REPRESENTATION_CONTEXT(2) 
PARAMETRIC_REPRESENTATION_CONTEXT() REPRESENTATION_CONTEXT('2D SPACE',''
  ) );
#332 = PCURVE('',#72,#333);
#333 = DEFINITIONAL_REPRESENTATION('',(#334),#337);
#334 = B_SPLINE_CURVE_WITH_KNOTS('',1,(#335,#336),.UNSPECIFIED.,.F.,.F.,
  (2,2),(-0.728904714852,2.186714144556),.PIECEWISE_BEZIER_KNOTS.);
#335 = CARTESIAN_POINT('',(0.,-1.87));
#336 = CARTESIAN_POINT('',(2.915618859408,-1.87));
#337 = ( GEOMETRIC_REPRESENTATION_CONTEXT(2) 
PARAMETRIC_REPRESENTATION_CONTEXT() REPRESENTATION_CONTEXT('2D SPACE',''
  ) );
#338 = ORIENTED_EDGE('',*,*,#84,.T.);
#339 = ORIENTED_EDGE('',*,*,#273,.T.);
#340 = ORIENTED_EDGE('',*,*,#341,.T.);
#341 = EDGE_CURVE('',#274,#342,#344,.T.);
#342 = VERTEX_POINT('',#343);
#343 = CARTESIAN_POINT('',(-2.525,-1.457809429704,1.87));
#344 = SURFACE_CURVE('',#345,(#349,#355),.PCURVE_S1.);
#345 = LINE('',#346,#347);
#346 = CARTESIAN_POINT('',(-2.525,0.728904714852,1.87));
#347 = VECTOR('',#348,1.);
#348 = DIRECTION('',(1.523138761492E-16,-1.,0.));
#349 = PCURVE('',#99,#350);
#350 = DEFINITIONAL_REPRESENTATION('',(#351),#354);
#351 = B_SPLINE_CURVE_WITH_KNOTS('',1,(#352,#353),.UNSPECIFIED.,.F.,.F.,
  (2,2),(-0.728904714852,2.186714144556),.PIECEWISE_BEZIER_KNOTS.);
#352 = CARTESIAN_POINT('',(-2.525,1.457809429704));
#353 = CARTESIAN_POINT('',(-2.525,-1.457809429704));
#354 = ( GEOMETRIC_REPRESENTATION_CONTEXT(2) 
PARAMETRIC_REPRESENTATION_CONTEXT() REPRESENTATION_CONTEXT('2D SPACE',''
  ) );
#355 = PCURVE('',#179,#356);
#356 = DEFINITIONAL_REPRESENTATION('',(#357),#360);
#357 = B_SPLINE_CURVE_WITH_KNOTS('',1,(#358,#359),.UNSPECIFIED.,.F.,.F.,
  (2,2),(-0.728904714852,2.186714144556),.PIECEWISE_BEZIER_KNOTS.);
#358 = CARTESIAN_POINT('',(0.,-1.87));
#359 = CARTESIAN_POINT('',(2.915618859408,-1.87));
#360 = ( GEOMETRIC_REPRESENTATION_CONTEXT(2) 
PARAMETRIC_REPRESENTATION_CONTEXT() REPRESENTATION_CONTEXT('2D SPACE',''
  ) );
#361 = ORIENTED_EDGE('',*,*,#362,.T.);
#362 = EDGE_CURVE('',#342,#363,#365,.T.);
#363 = VERTEX_POINT('',#364);
#364 = CARTESIAN_POINT('',(-5.355904955561E-16,-2.915618859408,1.87));
#365 = SURFACE_CURVE('',#366,(#370,#376),.PCURVE_S1.);
#366 = LINE('',#367,#368);
#367 = CARTESIAN_POINT('',(-1.89375,-1.82226178713,1.87));
#368 = VECTOR('',#369,1.);
#369 = DIRECTION('',(0.866025403784,-0.5,0.));
#370 = PCURVE('',#99,#371);
#371 = DEFINITIONAL_REPRESENTATION('',(#372),#375);
#372 = B_SPLINE_CURVE_WITH_KNOTS('',1,(#373,#374),.UNSPECIFIED.,.F.,.F.,
  (2,2),(-0.728904714852,2.186714144556),.PIECEWISE_BEZIER_KNOTS.);
#373 = CARTESIAN_POINT('',(-2.525,-1.457809429704));
#374 = CARTESIAN_POINT('',(0.,-2.915618859408));
#375 = ( GEOMETRIC_REPRESENTATION_CONTEXT(2) 
PARAMETRIC_REPRESENTATION_CONTEXT() REPRESENTATION_CONTEXT('2D SPACE',''
  ) );
#376 = PCURVE('',#207,#377);
#377 = DEFINITIONAL_REPRESENTATION('',(#378),#381);
#378 = B_SPLINE_CURVE_WITH_KNOTS('',1,(#379,#380),.UNSPECIFIED.,.F.,.F.,
  (2,2),(-0.728904714852,2.186714144556),.PIECEWISE_BEZIER_KNOTS.);
#379 = CARTESIAN_POINT('',(0.,-1.87));
#380 = CARTESIAN_POINT('',(2.915618859408,-1.87));
#381 = ( GEOMETRIC_REPRESENTATION_CONTEXT(2) 
PARAMETRIC_REPRESENTATION_CONTEXT() REPRESENTATION_CONTEXT('2D SPACE',''
  ) );
#382 = ORIENTED_EDGE('',*,*,#383,.T.);
#383 = EDGE_CURVE('',#363,#319,#384,.T.);
#384 = SURFACE_CURVE('',#385,(#389,#395),.PCURVE_S1.);
#385 = LINE('',#386,#387);
#386 = CARTESIAN_POINT('',(0.63125,-2.551166501982,1.87));
#387 = VECTOR('',#388,1.);
#388 = DIRECTION('',(0.866025403784,0.5,-0.));
#389 = PCURVE('',#99,#390);
#390 = DEFINITIONAL_REPRESENTATION('',(#391),#394);
#391 = B_SPLINE_CURVE_WITH_KNOTS('',1,(#392,#393),.UNSPECIFIED.,.F.,.F.,
  (2,2),(-0.728904714852,2.186714144556),.PIECEWISE_BEZIER_KNOTS.);
#392 = CARTESIAN_POINT('',(-5.551115123126E-16,-2.915618859408));
#393 = CARTESIAN_POINT('',(2.525,-1.457809429704));
#394 = ( GEOMETRIC_REPRESENTATION_CONTEXT(2) 
PARAMETRIC_REPRESENTATION_CONTEXT() REPRESENTATION_CONTEXT('2D SPACE',''
  ) );
#395 = PCURVE('',#235,#396);
#396 = DEFINITIONAL_REPRESENTATION('',(#397),#400);
#397 = B_SPLINE_CURVE_WITH_KNOTS('',1,(#398,#399),.UNSPECIFIED.,.F.,.F.,
  (2,2),(-0.728904714852,2.186714144556),.PIECEWISE_BEZIER_KNOTS.);
#398 = CARTESIAN_POINT('',(0.,-1.87));
#399 = CARTESIAN_POINT('',(2.915618859408,-1.87));
#400 = ( GEOMETRIC_REPRESENTATION_CONTEXT(2) 
PARAMETRIC_REPRESENTATION_CONTEXT() REPRESENTATION_CONTEXT('2D SPACE',''
  ) );
#401 = FACE_BOUND('',#402,.T.);
#402 = EDGE_LOOP('',(#403));
#403 = ORIENTED_EDGE('',*,*,#404,.F.);
#404 = EDGE_CURVE('',#405,#405,#407,.T.);
#405 = VERTEX_POINT('',#406);
#406 = CARTESIAN_POINT('',(1.47,0.,1.87));
#407 = SURFACE_CURVE('',#408,(#413,#420),.PCURVE_S1.);
#408 = CIRCLE('',#409,1.47);
#409 = AXIS2_PLACEMENT_3D('',#410,#411,#412);
#410 = CARTESIAN_POINT('',(0.,0.,1.87));
#411 = DIRECTION('',(0.,0.,1.));
#412 = DIRECTION('',(1.,0.,0.));
#413 = PCURVE('',#99,#414);
#414 = DEFINITIONAL_REPRESENTATION('',(#415),#419);
#415 = CIRCLE('',#416,1.47);
#416 = AXIS2_PLACEMENT_2D('',#417,#418);
#417 = CARTESIAN_POINT('',(0.,0.));
#418 = DIRECTION('',(1.,0.));
#419 = ( GEOMETRIC_REPRESENTATION_CONTEXT(2) 
PARAMETRIC_REPRESENTATION_CONTEXT() REPRESENTATION_CONTEXT('2D SPACE',''
  ) );
#420 = PCURVE('',#421,#426);
#421 = CYLINDRICAL_SURFACE('',#422,1.47);
#422 = AXIS2_PLACEMENT_3D('',#423,#424,#425);
#423 = CARTESIAN_POINT('',(0.,0.,1.87));
#424 = DIRECTION('',(-0.,-0.,-1.));
#425 = DIRECTION('',(1.,0.,0.));
#426 = DEFINITIONAL_REPRESENTATION('',(#427),#431);
#427 = LINE('',#428,#429);
#428 = CARTESIAN_POINT('',(-0.,0.));
#429 = VECTOR('',#430,1.);
#430 = DIRECTION('',(-1.,0.));
#431 = ( GEOMETRIC_REPRESENTATION_CONTEXT(2) 
PARAMETRIC_REPRESENTATION_CONTEXT() REPRESENTATION_CONTEXT('2D SPACE',''
  ) );
#432 = ADVANCED_FACE('',(#433),#72,.F.);
#433 = FACE_BOUND('',#434,.F.);
#434 = EDGE_LOOP('',(#435,#436,#457,#458));
#435 = ORIENTED_EDGE('',*,*,#247,.F.);
#436 = ORIENTED_EDGE('',*,*,#437,.T.);
#437 = EDGE_CURVE('',#220,#319,#438,.T.);
#438 = SURFACE_CURVE('',#439,(#443,#450),.PCURVE_S1.);
#439 = LINE('',#440,#441);
#440 = CARTESIAN_POINT('',(2.525,-1.457809429704,0.));
#441 = VECTOR('',#442,1.);
#442 = DIRECTION('',(0.,0.,1.));
#443 = PCURVE('',#72,#444);
#444 = DEFINITIONAL_REPRESENTATION('',(#445),#449);
#445 = LINE('',#446,#447);
#446 = CARTESIAN_POINT('',(0.,0.));
#447 = VECTOR('',#448,1.);
#448 = DIRECTION('',(0.,-1.));
#449 = ( GEOMETRIC_REPRESENTATION_CONTEXT(2) 
PARAMETRIC_REPRESENTATION_CONTEXT() REPRESENTATION_CONTEXT('2D SPACE',''
  ) );
#450 = PCURVE('',#235,#451);
#451 = DEFINITIONAL_REPRESENTATION('',(#452),#456);
#452 = LINE('',#453,#454);
#453 = CARTESIAN_POINT('',(2.915618859408,0.));
#454 = VECTOR('',#455,1.);
#455 = DIRECTION('',(0.,-1.));
#456 = ( GEOMETRIC_REPRESENTATION_CONTEXT(2) 
PARAMETRIC_REPRESENTATION_CONTEXT() REPRESENTATION_CONTEXT('2D SPACE',''
  ) );
#457 = ORIENTED_EDGE('',*,*,#318,.T.);
#458 = ORIENTED_EDGE('',*,*,#56,.F.);
#459 = ADVANCED_FACE('',(#460),#179,.F.);
#460 = FACE_BOUND('',#461,.F.);
#461 = EDGE_LOOP('',(#462,#463,#464,#465));
#462 = ORIENTED_EDGE('',*,*,#163,.F.);
#463 = ORIENTED_EDGE('',*,*,#294,.T.);
#464 = ORIENTED_EDGE('',*,*,#341,.T.);
#465 = ORIENTED_EDGE('',*,*,#466,.F.);
#466 = EDGE_CURVE('',#164,#342,#467,.T.);
#467 = SURFACE_CURVE('',#468,(#472,#479),.PCURVE_S1.);
#468 = LINE('',#469,#470);
#469 = CARTESIAN_POINT('',(-2.525,-1.457809429704,0.));
#470 = VECTOR('',#471,1.);
#471 = DIRECTION('',(0.,0.,1.));
#472 = PCURVE('',#179,#473);
#473 = DEFINITIONAL_REPRESENTATION('',(#474),#478);
#474 = LINE('',#475,#476);
#475 = CARTESIAN_POINT('',(2.915618859408,0.));
#476 = VECTOR('',#477,1.);
#477 = DIRECTION('',(0.,-1.));
#478 = ( GEOMETRIC_REPRESENTATION_CONTEXT(2) 
PARAMETRIC_REPRESENTATION_CONTEXT() REPRESENTATION_CONTEXT('2D SPACE',''
  ) );
#479 = PCURVE('',#207,#480);
#480 = DEFINITIONAL_REPRESENTATION('',(#481),#485);
#481 = LINE('',#482,#483);
#482 = CARTESIAN_POINT('',(0.,0.));
#483 = VECTOR('',#484,1.);
#484 = DIRECTION('',(0.,-1.));
#485 = ( GEOMETRIC_REPRESENTATION_CONTEXT(2) 
PARAMETRIC_REPRESENTATION_CONTEXT() REPRESENTATION_CONTEXT('2D SPACE',''
  ) );
#486 = ADVANCED_FACE('',(#487),#207,.F.);
#487 = FACE_BOUND('',#488,.F.);
#488 = EDGE_LOOP('',(#489,#490,#491,#492));
#489 = ORIENTED_EDGE('',*,*,#191,.F.);
#490 = ORIENTED_EDGE('',*,*,#466,.T.);
#491 = ORIENTED_EDGE('',*,*,#362,.T.);
#492 = ORIENTED_EDGE('',*,*,#493,.F.);
#493 = EDGE_CURVE('',#192,#363,#494,.T.);
#494 = SURFACE_CURVE('',#495,(#499,#506),.PCURVE_S1.);
#495 = LINE('',#496,#497);
#496 = CARTESIAN_POINT('',(-5.355904955561E-16,-2.915618859408,0.));
#497 = VECTOR('',#498,1.);
#498 = DIRECTION('',(0.,0.,1.));
#499 = PCURVE('',#207,#500);
#500 = DEFINITIONAL_REPRESENTATION('',(#501),#505);
#501 = LINE('',#502,#503);
#502 = CARTESIAN_POINT('',(2.915618859408,0.));
#503 = VECTOR('',#504,1.);
#504 = DIRECTION('',(0.,-1.));
#505 = ( GEOMETRIC_REPRESENTATION_CONTEXT(2) 
PARAMETRIC_REPRESENTATION_CONTEXT() REPRESENTATION_CONTEXT('2D SPACE',''
  ) );
#506 = PCURVE('',#235,#507);
#507 = DEFINITIONAL_REPRESENTATION('',(#508),#512);
#508 = LINE('',#509,#510);
#509 = CARTESIAN_POINT('',(0.,0.));
#510 = VECTOR('',#511,1.);
#511 = DIRECTION('',(0.,-1.));
#512 = ( GEOMETRIC_REPRESENTATION_CONTEXT(2) 
PARAMETRIC_REPRESENTATION_CONTEXT() REPRESENTATION_CONTEXT('2D SPACE',''
  ) );
#513 = ADVANCED_FACE('',(#514),#235,.F.);
#514 = FACE_BOUND('',#515,.F.);
#515 = EDGE_LOOP('',(#516,#517,#518,#519));
#516 = ORIENTED_EDGE('',*,*,#219,.F.);
#517 = ORIENTED_EDGE('',*,*,#493,.T.);
#518 = ORIENTED_EDGE('',*,*,#383,.T.);
#519 = ORIENTED_EDGE('',*,*,#437,.F.);
#520 = ADVANCED_FACE('',(#521),#421,.T.);
#521 = FACE_BOUND('',#522,.F.);
#522 = EDGE_LOOP('',(#523,#546,#573,#574));
#523 = ORIENTED_EDGE('',*,*,#524,.T.);
#524 = EDGE_CURVE('',#405,#525,#527,.T.);
#525 = VERTEX_POINT('',#526);
#526 = CARTESIAN_POINT('',(1.47,0.,2.07));
#527 = SEAM_CURVE('',#528,(#532,#539),.PCURVE_S1.);
#528 = LINE('',#529,#530);
#529 = CARTESIAN_POINT('',(1.47,0.,1.87));
#530 = VECTOR('',#531,1.);
#531 = DIRECTION('',(0.,0.,1.));
#532 = PCURVE('',#421,#533);
#533 = DEFINITIONAL_REPRESENTATION('',(#534),#538);
#534 = LINE('',#535,#536);
#535 = CARTESIAN_POINT('',(-0.,0.));
#536 = VECTOR('',#537,1.);
#537 = DIRECTION('',(-0.,-1.));
#538 = ( GEOMETRIC_REPRESENTATION_CONTEXT(2) 
PARAMETRIC_REPRESENTATION_CONTEXT() REPRESENTATION_CONTEXT('2D SPACE',''
  ) );
#539 = PCURVE('',#421,#540);
#540 = DEFINITIONAL_REPRESENTATION('',(#541),#545);
#541 = LINE('',#542,#543);
#542 = CARTESIAN_POINT('',(-6.28318530718,0.));
#543 = VECTOR('',#544,1.);
#544 = DIRECTION('',(-0.,-1.));
#545 = ( GEOMETRIC_REPRESENTATION_CONTEXT(2) 
PARAMETRIC_REPRESENTATION_CONTEXT() REPRESENTATION_CONTEXT('2D SPACE',''
  ) );
#546 = ORIENTED_EDGE('',*,*,#547,.T.);
#547 = EDGE_CURVE('',#525,#525,#548,.T.);
#548 = SURFACE_CURVE('',#549,(#554,#561),.PCURVE_S1.);
#549 = CIRCLE('',#550,1.47);
#550 = AXIS2_PLACEMENT_3D('',#551,#552,#553);
#551 = CARTESIAN_POINT('',(0.,0.,2.07));
#552 = DIRECTION('',(0.,0.,1.));
#553 = DIRECTION('',(1.,0.,0.));
#554 = PCURVE('',#421,#555);
#555 = DEFINITIONAL_REPRESENTATION('',(#556),#560);
#556 = LINE('',#557,#558);
#557 = CARTESIAN_POINT('',(-0.,-0.2));
#558 = VECTOR('',#559,1.);
#559 = DIRECTION('',(-1.,0.));
#560 = ( GEOMETRIC_REPRESENTATION_CONTEXT(2) 
PARAMETRIC_REPRESENTATION_CONTEXT() REPRESENTATION_CONTEXT('2D SPACE',''
  ) );
#561 = PCURVE('',#562,#567);
#562 = PLANE('',#563);
#563 = AXIS2_PLACEMENT_3D('',#564,#565,#566);
#564 = CARTESIAN_POINT('',(-8.720919212624E-17,1.725501525117E-16,2.07)
  );
#565 = DIRECTION('',(0.,0.,1.));
#566 = DIRECTION('',(1.,0.,0.));
#567 = DEFINITIONAL_REPRESENTATION('',(#568),#572);
#568 = CIRCLE('',#569,1.47);
#569 = AXIS2_PLACEMENT_2D('',#570,#571);
#570 = CARTESIAN_POINT('',(8.720919212624E-17,-1.725501525117E-16));
#571 = DIRECTION('',(1.,0.));
#572 = ( GEOMETRIC_REPRESENTATION_CONTEXT(2) 
PARAMETRIC_REPRESENTATION_CONTEXT() REPRESENTATION_CONTEXT('2D SPACE',''
  ) );
#573 = ORIENTED_EDGE('',*,*,#524,.F.);
#574 = ORIENTED_EDGE('',*,*,#404,.F.);
#575 = ADVANCED_FACE('',(#576,#854),#562,.T.);
#576 = FACE_BOUND('',#577,.T.);
#577 = EDGE_LOOP('',(#578,#608,#654,#704,#754,#800,#828));
#578 = ORIENTED_EDGE('',*,*,#579,.T.);
#579 = EDGE_CURVE('',#580,#582,#584,.T.);
#580 = VERTEX_POINT('',#581);
#581 = CARTESIAN_POINT('',(-0.61373046875,0.805625,2.07));
#582 = VERTEX_POINT('',#583);
#583 = CARTESIAN_POINT('',(-0.16845703125,0.805625,2.07));
#584 = SURFACE_CURVE('',#585,(#589,#596),.PCURVE_S1.);
#585 = LINE('',#586,#587);
#586 = CARTESIAN_POINT('',(-0.57373046875,0.805625,2.07));
#587 = VECTOR('',#588,1.);
#588 = DIRECTION('',(1.,0.,0.));
#589 = PCURVE('',#562,#590);
#590 = DEFINITIONAL_REPRESENTATION('',(#591),#595);
#591 = LINE('',#592,#593);
#592 = CARTESIAN_POINT('',(-0.57373046875,0.805625));
#593 = VECTOR('',#594,1.);
#594 = DIRECTION('',(1.,0.));
#595 = ( GEOMETRIC_REPRESENTATION_CONTEXT(2) 
PARAMETRIC_REPRESENTATION_CONTEXT() REPRESENTATION_CONTEXT('2D SPACE',''
  ) );
#596 = PCURVE('',#597,#602);
#597 = PLANE('',#598);
#598 = AXIS2_PLACEMENT_3D('',#599,#600,#601);
#599 = CARTESIAN_POINT('',(-0.57373046875,0.785625,2.05));
#600 = DIRECTION('',(0.,-0.707106781187,0.707106781187));
#601 = DIRECTION('',(-1.,-0.,-0.));
#602 = DEFINITIONAL_REPRESENTATION('',(#603),#607);
#603 = LINE('',#604,#605);
#604 = CARTESIAN_POINT('',(-0.,-2.828427124746E-02));
#605 = VECTOR('',#606,1.);
#606 = DIRECTION('',(-1.,0.));
#607 = ( GEOMETRIC_REPRESENTATION_CONTEXT(2) 
PARAMETRIC_REPRESENTATION_CONTEXT() REPRESENTATION_CONTEXT('2D SPACE',''
  ) );
#608 = ORIENTED_EDGE('',*,*,#609,.T.);
#609 = EDGE_CURVE('',#582,#610,#612,.T.);
#610 = VERTEX_POINT('',#611);
#611 = CARTESIAN_POINT('',(0.480192403016,0.61924777744,2.07));
#612 = SURFACE_CURVE('',#613,(#621,#632),.PCURVE_S1.);
#613 = B_SPLINE_CURVE_WITH_KNOTS('',6,(#614,#615,#616,#617,#618,#619,
    #620),.UNSPECIFIED.,.F.,.F.,(7,7),(0.4052734375,1.036439018048),
  .PIECEWISE_BEZIER_KNOTS.);
#614 = CARTESIAN_POINT('',(-0.16845703125,0.805625,2.07));
#615 = CARTESIAN_POINT('',(-2.440833213326E-02,0.805625,2.07));
#616 = CARTESIAN_POINT('',(0.105216291903,0.793658398008,2.07));
#617 = CARTESIAN_POINT('',(0.220404982217,0.769431749772,2.07));
#618 = CARTESIAN_POINT('',(0.321517782812,0.733184602223,2.07));
#619 = CARTESIAN_POINT('',(0.408298529021,0.683131503183,2.07));
#620 = CARTESIAN_POINT('',(0.480192403016,0.61924777744,2.07));
#621 = PCURVE('',#562,#622);
#622 = DEFINITIONAL_REPRESENTATION('',(#623),#631);
#623 = B_SPLINE_CURVE_WITH_KNOTS('',6,(#624,#625,#626,#627,#628,#629,
    #630),.UNSPECIFIED.,.F.,.F.,(7,7),(0.4052734375,1.036439018048),
  .PIECEWISE_BEZIER_KNOTS.);
#624 = CARTESIAN_POINT('',(-0.16845703125,0.805625));
#625 = CARTESIAN_POINT('',(-2.440833213326E-02,0.805625));
#626 = CARTESIAN_POINT('',(0.105216291903,0.793658398008));
#627 = CARTESIAN_POINT('',(0.220404982217,0.769431749772));
#628 = CARTESIAN_POINT('',(0.321517782812,0.733184602223));
#629 = CARTESIAN_POINT('',(0.408298529021,0.683131503183));
#630 = CARTESIAN_POINT('',(0.480192403016,0.61924777744));
#631 = ( GEOMETRIC_REPRESENTATION_CONTEXT(2) 
PARAMETRIC_REPRESENTATION_CONTEXT() REPRESENTATION_CONTEXT('2D SPACE',''
  ) );
#632 = PCURVE('',#633,#648);
#633 = B_SPLINE_SURFACE_WITH_KNOTS('',1,6,(
    (#634,#635,#636,#637,#638,#639,#640)
    ,(#641,#642,#643,#644,#645,#646,#647
    )),.UNSPECIFIED.,.F.,.F.,.F.,(2,2),(7,7),(0.,0.631165580548),(
    0.4052734375,1.036439018048),.PIECEWISE_BEZIER_KNOTS.);
#634 = CARTESIAN_POINT('',(-0.16845703125,0.805625,2.07));
#635 = CARTESIAN_POINT('',(-2.440833213326E-02,0.805625,2.07));
#636 = CARTESIAN_POINT('',(0.105216291903,0.793658398008,2.07));
#637 = CARTESIAN_POINT('',(0.220404982217,0.769431749772,2.07));
#638 = CARTESIAN_POINT('',(0.321517782812,0.733184602223,2.07));
#639 = CARTESIAN_POINT('',(0.408298529021,0.683131503183,2.07));
#640 = CARTESIAN_POINT('',(0.480192403016,0.61924777744,2.07));
#641 = CARTESIAN_POINT('',(-0.16845703125,0.765625,2.03));
#642 = CARTESIAN_POINT('',(-2.718098958333E-02,0.765625,2.03));
#643 = CARTESIAN_POINT('',(9.902658310831E-02,0.753876510958,
    2.029999954888));
#644 = CARTESIAN_POINT('',(0.210354826423,0.730374590852,2.030000019));
#645 = CARTESIAN_POINT('',(0.306008256968,0.695059992922,2.030000208416)
  );
#646 = CARTESIAN_POINT('',(0.386982044015,0.648601470331,2.03));
#647 = CARTESIAN_POINT('',(0.45361328125,0.58935546875,2.03));
#648 = DEFINITIONAL_REPRESENTATION('',(#649),#653);
#649 = LINE('',#650,#651);
#650 = CARTESIAN_POINT('',(0.,0.));
#651 = VECTOR('',#652,1.);
#652 = DIRECTION('',(0.,1.));
#653 = ( GEOMETRIC_REPRESENTATION_CONTEXT(2) 
PARAMETRIC_REPRESENTATION_CONTEXT() REPRESENTATION_CONTEXT('2D SPACE',''
  ) );
#654 = ORIENTED_EDGE('',*,*,#655,.T.);
#655 = EDGE_CURVE('',#610,#656,#658,.T.);
#656 = VERTEX_POINT('',#657);
#657 = CARTESIAN_POINT('',(0.691855467999,3.80859375E-02,2.07));
#658 = SURFACE_CURVE('',#659,(#668,#680),.PCURVE_S1.);
#659 = B_SPLINE_CURVE_WITH_KNOTS('',7,(#660,#661,#662,#663,#664,#665,
    #666,#667),.UNSPECIFIED.,.F.,.F.,(8,8),(1.036439018048,
    1.667604598596),.PIECEWISE_BEZIER_KNOTS.);
#660 = CARTESIAN_POINT('',(0.480192403016,0.61924777744,2.07));
#661 = CARTESIAN_POINT('',(0.541797770071,0.564506261822,2.07));
#662 = CARTESIAN_POINT('',(0.59281115256,0.49991980053,2.07));
#663 = CARTESIAN_POINT('',(0.63332408434,0.424939862624,2.07));
#664 = CARTESIAN_POINT('',(0.662513042606,0.340042178279,2.07));
#665 = CARTESIAN_POINT('',(0.682120534632,0.244656934009,2.07));
#666 = CARTESIAN_POINT('',(0.691835461754,0.141357941346,2.07));
#667 = CARTESIAN_POINT('',(0.691855467999,3.80859375E-02,2.07));
#668 = PCURVE('',#562,#669);
#669 = DEFINITIONAL_REPRESENTATION('',(#670),#679);
#670 = B_SPLINE_CURVE_WITH_KNOTS('',7,(#671,#672,#673,#674,#675,#676,
    #677,#678),.UNSPECIFIED.,.F.,.F.,(8,8),(1.036439018048,
    1.667604598596),.PIECEWISE_BEZIER_KNOTS.);
#671 = CARTESIAN_POINT('',(0.480192403016,0.61924777744));
#672 = CARTESIAN_POINT('',(0.541797770071,0.564506261822));
#673 = CARTESIAN_POINT('',(0.59281115256,0.49991980053));
#674 = CARTESIAN_POINT('',(0.63332408434,0.424939862624));
#675 = CARTESIAN_POINT('',(0.662513042606,0.340042178279));
#676 = CARTESIAN_POINT('',(0.682120534632,0.244656934009));
#677 = CARTESIAN_POINT('',(0.691835461754,0.141357941346));
#678 = CARTESIAN_POINT('',(0.691855467999,3.80859375E-02));
#679 = ( GEOMETRIC_REPRESENTATION_CONTEXT(2) 
PARAMETRIC_REPRESENTATION_CONTEXT() REPRESENTATION_CONTEXT('2D SPACE',''
  ) );
#680 = PCURVE('',#681,#698);
#681 = B_SPLINE_SURFACE_WITH_KNOTS('',1,7,(
    (#682,#683,#684,#685,#686,#687,#688,#689)
    ,(#690,#691,#692,#693,#694,#695,#696,#697
  )),.UNSPECIFIED.,.F.,.F.,.F.,(2,2),(8,8),(0.,0.631165580548),(
    1.036439018048,1.667604598596),.PIECEWISE_BEZIER_KNOTS.);
#682 = CARTESIAN_POINT('',(0.480192403016,0.61924777744,2.07));
#683 = CARTESIAN_POINT('',(0.541797770071,0.564506261822,2.07));
#684 = CARTESIAN_POINT('',(0.59281115256,0.49991980053,2.07));
#685 = CARTESIAN_POINT('',(0.63332408434,0.424939862624,2.07));
#686 = CARTESIAN_POINT('',(0.662513042606,0.340042178279,2.07));
#687 = CARTESIAN_POINT('',(0.682120534632,0.244656934009,2.07));
#688 = CARTESIAN_POINT('',(0.691835461754,0.141357941346,2.07));
#689 = CARTESIAN_POINT('',(0.691855467999,3.80859375E-02,2.07));
#690 = CARTESIAN_POINT('',(0.45361328125,0.58935546875,2.03));
#691 = CARTESIAN_POINT('',(0.510725770308,0.538573181681,2.03));
#692 = CARTESIAN_POINT('',(0.557630611789,0.478677363061,2.030007724396)
  );
#693 = CARTESIAN_POINT('',(0.594995944507,0.409997532756,2.029973837686)
  );
#694 = CARTESIAN_POINT('',(0.624787062993,0.330205063141,2.030032337195)
  );
#695 = CARTESIAN_POINT('',(0.643612972127,0.238147742862,2.029999970073)
  );
#696 = CARTESIAN_POINT('',(0.65185546875,0.138123666446,2.03));
#697 = CARTESIAN_POINT('',(0.65185546875,3.80859375E-02,2.03));
#698 = DEFINITIONAL_REPRESENTATION('',(#699),#703);
#699 = LINE('',#700,#701);
#700 = CARTESIAN_POINT('',(0.,0.));
#701 = VECTOR('',#702,1.);
#702 = DIRECTION('',(0.,1.));
#703 = ( GEOMETRIC_REPRESENTATION_CONTEXT(2) 
PARAMETRIC_REPRESENTATION_CONTEXT() REPRESENTATION_CONTEXT('2D SPACE',''
  ) );
#704 = ORIENTED_EDGE('',*,*,#705,.T.);
#705 = EDGE_CURVE('',#656,#706,#708,.T.);
#706 = VERTEX_POINT('',#707);
#707 = CARTESIAN_POINT('',(0.479183947477,-0.545545633482,2.07));
#708 = SURFACE_CURVE('',#709,(#718,#730),.PCURVE_S1.);
#709 = B_SPLINE_CURVE_WITH_KNOTS('',7,(#710,#711,#712,#713,#714,#715,
    #716,#717),.UNSPECIFIED.,.F.,.F.,(8,8),(1.667604598596,
    2.302057499875),.PIECEWISE_BEZIER_KNOTS.);
#710 = CARTESIAN_POINT('',(0.691855467999,3.80859375E-02,2.07));
#711 = CARTESIAN_POINT('',(0.691875578443,-6.570840193741E-02,2.07));
#712 = CARTESIAN_POINT('',(0.682099668538,-0.169512832391,2.07));
#713 = CARTESIAN_POINT('',(0.662378172884,-0.265336471936,2.07));
#714 = CARTESIAN_POINT('',(0.633030660608,-0.350597417853,2.07));
#715 = CARTESIAN_POINT('',(0.592281131574,-0.4258595267,2.07));
#716 = CARTESIAN_POINT('',(0.541009038217,-0.490640150606,2.07));
#717 = CARTESIAN_POINT('',(0.479183947477,-0.545545633482,2.07));
#718 = PCURVE('',#562,#719);
#719 = DEFINITIONAL_REPRESENTATION('',(#720),#729);
#720 = B_SPLINE_CURVE_WITH_KNOTS('',7,(#721,#722,#723,#724,#725,#726,
    #727,#728),.UNSPECIFIED.,.F.,.F.,(8,8),(1.667604598596,
    2.302057499875),.PIECEWISE_BEZIER_KNOTS.);
#721 = CARTESIAN_POINT('',(0.691855467999,3.80859375E-02));
#722 = CARTESIAN_POINT('',(0.691875578443,-6.570840193741E-02));
#723 = CARTESIAN_POINT('',(0.682099668538,-0.169512832391));
#724 = CARTESIAN_POINT('',(0.662378172884,-0.265336471936));
#725 = CARTESIAN_POINT('',(0.633030660608,-0.350597417853));
#726 = CARTESIAN_POINT('',(0.592281131574,-0.4258595267));
#727 = CARTESIAN_POINT('',(0.541009038217,-0.490640150606));
#728 = CARTESIAN_POINT('',(0.479183947477,-0.545545633482));
#729 = ( GEOMETRIC_REPRESENTATION_CONTEXT(2) 
PARAMETRIC_REPRESENTATION_CONTEXT() REPRESENTATION_CONTEXT('2D SPACE',''
  ) );
#730 = PCURVE('',#731,#748);
#731 = B_SPLINE_SURFACE_WITH_KNOTS('',1,7,(
    (#732,#733,#734,#735,#736,#737,#738,#739)
    ,(#740,#741,#742,#743,#744,#745,#746,#747
  )),.UNSPECIFIED.,.F.,.F.,.F.,(2,2),(8,8),(0.,0.63445290128),(
    1.667604598596,2.302057499875),.PIECEWISE_BEZIER_KNOTS.);
#732 = CARTESIAN_POINT('',(0.691855467999,3.80859375E-02,2.07));
#733 = CARTESIAN_POINT('',(0.691875578443,-6.570840193741E-02,2.07));
#734 = CARTESIAN_POINT('',(0.682099668538,-0.169512832391,2.07));
#735 = CARTESIAN_POINT('',(0.662378172884,-0.265336471936,2.07));
#736 = CARTESIAN_POINT('',(0.633030660608,-0.350597417853,2.07));
#737 = CARTESIAN_POINT('',(0.592281131574,-0.4258595267,2.07));
#738 = CARTESIAN_POINT('',(0.541009038217,-0.490640150606,2.07));
#739 = CARTESIAN_POINT('',(0.479183947477,-0.545545633482,2.07));
#740 = CARTESIAN_POINT('',(0.65185546875,3.80859375E-02,2.03));
#741 = CARTESIAN_POINT('',(0.65185546875,-6.247282128444E-02,2.03));
#742 = CARTESIAN_POINT('',(0.643572793559,-0.162988894235,2.029999037651
    ));
#743 = CARTESIAN_POINT('',(0.624655479331,-0.255492665033,2.030032344766
    ));
#744 = CARTESIAN_POINT('',(0.594719214299,-0.335628041326,2.029975145243
    ));
#745 = CARTESIAN_POINT('',(0.557171862284,-0.404612045802,2.030007075833
    ));
#746 = CARTESIAN_POINT('',(0.509998326161,-0.46473063264,2.03));
#747 = CARTESIAN_POINT('',(0.45263671875,-0.515625,2.03));
#748 = DEFINITIONAL_REPRESENTATION('',(#749),#753);
#749 = LINE('',#750,#751);
#750 = CARTESIAN_POINT('',(0.,0.));
#751 = VECTOR('',#752,1.);
#752 = DIRECTION('',(0.,1.));
#753 = ( GEOMETRIC_REPRESENTATION_CONTEXT(2) 
PARAMETRIC_REPRESENTATION_CONTEXT() REPRESENTATION_CONTEXT('2D SPACE',''
  ) );
#754 = ORIENTED_EDGE('',*,*,#755,.T.);
#755 = EDGE_CURVE('',#706,#756,#758,.T.);
#756 = VERTEX_POINT('',#757);
#757 = CARTESIAN_POINT('',(-0.16845703125,-0.7323828125,2.07));
#758 = SURFACE_CURVE('',#759,(#767,#778),.PCURVE_S1.);
#759 = B_SPLINE_CURVE_WITH_KNOTS('',6,(#760,#761,#762,#763,#764,#765,
    #766),.UNSPECIFIED.,.F.,.F.,(7,7),(2.302057499875,2.936510401155),
  .PIECEWISE_BEZIER_KNOTS.);
#760 = CARTESIAN_POINT('',(0.479183947477,-0.545545633482,2.07));
#761 = CARTESIAN_POINT('',(0.407084513947,-0.609575555372,2.07));
#762 = CARTESIAN_POINT('',(0.320165539335,-0.659722632398,2.07));
#763 = CARTESIAN_POINT('',(0.219096734057,-0.696084603127,2.07));
#764 = CARTESIAN_POINT('',(0.104148499293,-0.720379201546,2.07));
#765 = CARTESIAN_POINT('',(-2.503882137346E-02,-0.7323828125,2.07));
#766 = CARTESIAN_POINT('',(-0.16845703125,-0.7323828125,2.07));
#767 = PCURVE('',#562,#768);
#768 = DEFINITIONAL_REPRESENTATION('',(#769),#777);
#769 = B_SPLINE_CURVE_WITH_KNOTS('',6,(#770,#771,#772,#773,#774,#775,
    #776),.UNSPECIFIED.,.F.,.F.,(7,7),(2.302057499875,2.936510401155),
  .PIECEWISE_BEZIER_KNOTS.);
#770 = CARTESIAN_POINT('',(0.479183947477,-0.545545633482));
#771 = CARTESIAN_POINT('',(0.407084513947,-0.609575555372));
#772 = CARTESIAN_POINT('',(0.320165539335,-0.659722632398));
#773 = CARTESIAN_POINT('',(0.219096734057,-0.696084603127));
#774 = CARTESIAN_POINT('',(0.104148499293,-0.720379201546));
#775 = CARTESIAN_POINT('',(-2.503882137346E-02,-0.7323828125));
#776 = CARTESIAN_POINT('',(-0.16845703125,-0.7323828125));
#777 = ( GEOMETRIC_REPRESENTATION_CONTEXT(2) 
PARAMETRIC_REPRESENTATION_CONTEXT() REPRESENTATION_CONTEXT('2D SPACE',''
  ) );
#778 = PCURVE('',#779,#794);
#779 = B_SPLINE_SURFACE_WITH_KNOTS('',1,6,(
    (#780,#781,#782,#783,#784,#785,#786)
    ,(#787,#788,#789,#790,#791,#792,#793
    )),.UNSPECIFIED.,.F.,.F.,.F.,(2,2),(7,7),(0.,0.63445290128),(
    2.302057499875,2.936510401155),.PIECEWISE_BEZIER_KNOTS.);
#780 = CARTESIAN_POINT('',(0.479183947477,-0.545545633482,2.07));
#781 = CARTESIAN_POINT('',(0.407084513947,-0.609575555372,2.07));
#782 = CARTESIAN_POINT('',(0.320165539335,-0.659722632398,2.07));
#783 = CARTESIAN_POINT('',(0.219096734057,-0.696084603127,2.07));
#784 = CARTESIAN_POINT('',(0.104148499293,-0.720379201546,2.07));
#785 = CARTESIAN_POINT('',(-2.503882137346E-02,-0.7323828125,2.07));
#786 = CARTESIAN_POINT('',(-0.16845703125,-0.7323828125,2.07));
#787 = CARTESIAN_POINT('',(0.45263671875,-0.515625,2.03));
#788 = CARTESIAN_POINT('',(0.385714843437,-0.57500176192,2.03));
#789 = CARTESIAN_POINT('',(0.30462688058,-0.621612148966,2.030000467261)
  );
#790 = CARTESIAN_POINT('',(0.208979365254,-0.657042703304,2.029999819218
    ));
#791 = CARTESIAN_POINT('',(9.792193073226E-02,-0.680599175321,
    2.030000016044));
#792 = CARTESIAN_POINT('',(-2.783203125E-02,-0.6923828125,2.03));
#793 = CARTESIAN_POINT('',(-0.16845703125,-0.6923828125,2.03));
#794 = DEFINITIONAL_REPRESENTATION('',(#795),#799);
#795 = LINE('',#796,#797);
#796 = CARTESIAN_POINT('',(0.,0.));
#797 = VECTOR('',#798,1.);
#798 = DIRECTION('',(0.,1.));
#799 = ( GEOMETRIC_REPRESENTATION_CONTEXT(2) 
PARAMETRIC_REPRESENTATION_CONTEXT() REPRESENTATION_CONTEXT('2D SPACE',''
  ) );
#800 = ORIENTED_EDGE('',*,*,#801,.T.);
#801 = EDGE_CURVE('',#756,#802,#804,.T.);
#802 = VERTEX_POINT('',#803);
#803 = CARTESIAN_POINT('',(-0.61373046875,-0.7323828125,2.07));
#804 = SURFACE_CURVE('',#805,(#809,#816),.PCURVE_S1.);
#805 = LINE('',#806,#807);
#806 = CARTESIAN_POINT('',(-0.16845703125,-0.7323828125,2.07));
#807 = VECTOR('',#808,1.);
#808 = DIRECTION('',(-1.,0.,0.));
#809 = PCURVE('',#562,#810);
#810 = DEFINITIONAL_REPRESENTATION('',(#811),#815);
#811 = LINE('',#812,#813);
#812 = CARTESIAN_POINT('',(-0.16845703125,-0.7323828125));
#813 = VECTOR('',#814,1.);
#814 = DIRECTION('',(-1.,0.));
#815 = ( GEOMETRIC_REPRESENTATION_CONTEXT(2) 
PARAMETRIC_REPRESENTATION_CONTEXT() REPRESENTATION_CONTEXT('2D SPACE',''
  ) );
#816 = PCURVE('',#817,#822);
#817 = PLANE('',#818);
#818 = AXIS2_PLACEMENT_3D('',#819,#820,#821);
#819 = CARTESIAN_POINT('',(-0.16845703125,-0.7123828125,2.05));
#820 = DIRECTION('',(0.,0.707106781187,0.707106781187));
#821 = DIRECTION('',(1.,-0.,-0.));
#822 = DEFINITIONAL_REPRESENTATION('',(#823),#827);
#823 = LINE('',#824,#825);
#824 = CARTESIAN_POINT('',(-0.,-2.828427124746E-02));
#825 = VECTOR('',#826,1.);
#826 = DIRECTION('',(-1.,0.));
#827 = ( GEOMETRIC_REPRESENTATION_CONTEXT(2) 
PARAMETRIC_REPRESENTATION_CONTEXT() REPRESENTATION_CONTEXT('2D SPACE',''
  ) );
#828 = ORIENTED_EDGE('',*,*,#829,.T.);
#829 = EDGE_CURVE('',#802,#580,#830,.T.);
#830 = SURFACE_CURVE('',#831,(#835,#842),.PCURVE_S1.);
#831 = LINE('',#832,#833);
#832 = CARTESIAN_POINT('',(-0.61373046875,-0.6923828125,2.07));
#833 = VECTOR('',#834,1.);
#834 = DIRECTION('',(0.,1.,0.));
#835 = PCURVE('',#562,#836);
#836 = DEFINITIONAL_REPRESENTATION('',(#837),#841);
#837 = LINE('',#838,#839);
#838 = CARTESIAN_POINT('',(-0.61373046875,-0.6923828125));
#839 = VECTOR('',#840,1.);
#840 = DIRECTION('',(0.,1.));
#841 = ( GEOMETRIC_REPRESENTATION_CONTEXT(2) 
PARAMETRIC_REPRESENTATION_CONTEXT() REPRESENTATION_CONTEXT('2D SPACE',''
  ) );
#842 = PCURVE('',#843,#848);
#843 = PLANE('',#844);
#844 = AXIS2_PLACEMENT_3D('',#845,#846,#847);
#845 = CARTESIAN_POINT('',(-0.59373046875,-0.6923828125,2.05));
#846 = DIRECTION('',(0.707106781187,0.,0.707106781187));
#847 = DIRECTION('',(-0.,-1.,-0.));
#848 = DEFINITIONAL_REPRESENTATION('',(#849),#853);
#849 = LINE('',#850,#851);
#850 = CARTESIAN_POINT('',(-0.,-2.828427124746E-02));
#851 = VECTOR('',#852,1.);
#852 = DIRECTION('',(-1.,0.));
#853 = ( GEOMETRIC_REPRESENTATION_CONTEXT(2) 
PARAMETRIC_REPRESENTATION_CONTEXT() REPRESENTATION_CONTEXT('2D SPACE',''
  ) );
#854 = FACE_BOUND('',#855,.T.);
#855 = EDGE_LOOP('',(#856));
#856 = ORIENTED_EDGE('',*,*,#547,.T.);
#857 = ADVANCED_FACE('',(#858),#597,.T.);
#858 = FACE_BOUND('',#859,.F.);
#859 = EDGE_LOOP('',(#860,#883,#884,#906));
#860 = ORIENTED_EDGE('',*,*,#861,.F.);
#861 = EDGE_CURVE('',#580,#862,#864,.T.);
#862 = VERTEX_POINT('',#863);
#863 = CARTESIAN_POINT('',(-0.57373046875,0.765625,2.03));
#864 = SURFACE_CURVE('',#865,(#869,#876),.PCURVE_S1.);
#865 = LINE('',#866,#867);
#866 = CARTESIAN_POINT('',(-0.3440625,0.53595703125,1.80033203125));
#867 = VECTOR('',#868,1.);
#868 = DIRECTION('',(0.57735026919,-0.57735026919,-0.57735026919));
#869 = PCURVE('',#597,#870);
#870 = DEFINITIONAL_REPRESENTATION('',(#871),#875);
#871 = LINE('',#872,#873);
#872 = CARTESIAN_POINT('',(-0.22966796875,0.353083827496));
#873 = VECTOR('',#874,1.);
#874 = DIRECTION('',(-0.57735026919,0.816496580928));
#875 = ( GEOMETRIC_REPRESENTATION_CONTEXT(2) 
PARAMETRIC_REPRESENTATION_CONTEXT() REPRESENTATION_CONTEXT('2D SPACE',''
  ) );
#876 = PCURVE('',#843,#877);
#877 = DEFINITIONAL_REPRESENTATION('',(#878),#882);
#878 = LINE('',#879,#880);
#879 = CARTESIAN_POINT('',(-1.22833984375,0.353083827496));
#880 = VECTOR('',#881,1.);
#881 = DIRECTION('',(0.57735026919,0.816496580928));
#882 = ( GEOMETRIC_REPRESENTATION_CONTEXT(2) 
PARAMETRIC_REPRESENTATION_CONTEXT() REPRESENTATION_CONTEXT('2D SPACE',''
  ) );
#883 = ORIENTED_EDGE('',*,*,#579,.T.);
#884 = ORIENTED_EDGE('',*,*,#885,.T.);
#885 = EDGE_CURVE('',#582,#886,#888,.T.);
#886 = VERTEX_POINT('',#887);
#887 = CARTESIAN_POINT('',(-0.16845703125,0.765625,2.03));
#888 = SURFACE_CURVE('',#889,(#893,#900),.PCURVE_S1.);
#889 = LINE('',#890,#891);
#890 = CARTESIAN_POINT('',(-0.16845703125,0.785625,2.05));
#891 = VECTOR('',#892,1.);
#892 = DIRECTION('',(0.,-0.707106781187,-0.707106781187));
#893 = PCURVE('',#597,#894);
#894 = DEFINITIONAL_REPRESENTATION('',(#895),#899);
#895 = LINE('',#896,#897);
#896 = CARTESIAN_POINT('',(-0.4052734375,0.));
#897 = VECTOR('',#898,1.);
#898 = DIRECTION('',(-0.,1.));
#899 = ( GEOMETRIC_REPRESENTATION_CONTEXT(2) 
PARAMETRIC_REPRESENTATION_CONTEXT() REPRESENTATION_CONTEXT('2D SPACE',''
  ) );
#900 = PCURVE('',#633,#901);
#901 = DEFINITIONAL_REPRESENTATION('',(#902),#905);
#902 = B_SPLINE_CURVE_WITH_KNOTS('',1,(#903,#904),.UNSPECIFIED.,.F.,.F.,
  (2,2),(-2.828427124746E-02,2.828427124746E-02),
  .PIECEWISE_BEZIER_KNOTS.);
#903 = CARTESIAN_POINT('',(0.,0.4052734375));
#904 = CARTESIAN_POINT('',(0.631165580548,0.4052734375));
#905 = ( GEOMETRIC_REPRESENTATION_CONTEXT(2) 
PARAMETRIC_REPRESENTATION_CONTEXT() REPRESENTATION_CONTEXT('2D SPACE',''
  ) );
#906 = ORIENTED_EDGE('',*,*,#907,.F.);
#907 = EDGE_CURVE('',#862,#886,#908,.T.);
#908 = SURFACE_CURVE('',#909,(#913,#920),.PCURVE_S1.);
#909 = LINE('',#910,#911);
#910 = CARTESIAN_POINT('',(-0.57373046875,0.765625,2.03));
#911 = VECTOR('',#912,1.);
#912 = DIRECTION('',(1.,0.,0.));
#913 = PCURVE('',#597,#914);
#914 = DEFINITIONAL_REPRESENTATION('',(#915),#919);
#915 = LINE('',#916,#917);
#916 = CARTESIAN_POINT('',(-0.,2.828427124746E-02));
#917 = VECTOR('',#918,1.);
#918 = DIRECTION('',(-1.,0.));
#919 = ( GEOMETRIC_REPRESENTATION_CONTEXT(2) 
PARAMETRIC_REPRESENTATION_CONTEXT() REPRESENTATION_CONTEXT('2D SPACE',''
  ) );
#920 = PCURVE('',#921,#926);
#921 = PLANE('',#922);
#922 = AXIS2_PLACEMENT_3D('',#923,#924,#925);
#923 = CARTESIAN_POINT('',(-0.57373046875,0.765625,2.07));
#924 = DIRECTION('',(0.,-1.,0.));
#925 = DIRECTION('',(1.,0.,0.));
#926 = DEFINITIONAL_REPRESENTATION('',(#927),#931);
#927 = LINE('',#928,#929);
#928 = CARTESIAN_POINT('',(0.,-4.E-02));
#929 = VECTOR('',#930,1.);
#930 = DIRECTION('',(1.,0.));
#931 = ( GEOMETRIC_REPRESENTATION_CONTEXT(2) 
PARAMETRIC_REPRESENTATION_CONTEXT() REPRESENTATION_CONTEXT('2D SPACE',''
  ) );
#932 = ADVANCED_FACE('',(#933),#843,.T.);
#933 = FACE_BOUND('',#934,.F.);
#934 = EDGE_LOOP('',(#935,#958,#959,#960));
#935 = ORIENTED_EDGE('',*,*,#936,.F.);
#936 = EDGE_CURVE('',#802,#937,#939,.T.);
#937 = VERTEX_POINT('',#938);
#938 = CARTESIAN_POINT('',(-0.57373046875,-0.6923828125,2.03));
#939 = SURFACE_CURVE('',#940,(#944,#951),.PCURVE_S1.);
#940 = LINE('',#941,#942);
#941 = CARTESIAN_POINT('',(-0.519518229167,-0.638170572917,
    1.975787760417));
#942 = VECTOR('',#943,1.);
#943 = DIRECTION('',(0.57735026919,0.57735026919,-0.57735026919));
#944 = PCURVE('',#843,#945);
#945 = DEFINITIONAL_REPRESENTATION('',(#946),#950);
#946 = LINE('',#947,#948);
#947 = CARTESIAN_POINT('',(-5.421223958333E-02,0.104951955713));
#948 = VECTOR('',#949,1.);
#949 = DIRECTION('',(-0.57735026919,0.816496580928));
#950 = ( GEOMETRIC_REPRESENTATION_CONTEXT(2) 
PARAMETRIC_REPRESENTATION_CONTEXT() REPRESENTATION_CONTEXT('2D SPACE',''
  ) );
#951 = PCURVE('',#817,#952);
#952 = DEFINITIONAL_REPRESENTATION('',(#953),#957);
#953 = LINE('',#954,#955);
#954 = CARTESIAN_POINT('',(-0.351061197917,0.104951955713));
#955 = VECTOR('',#956,1.);
#956 = DIRECTION('',(0.57735026919,0.816496580928));
#957 = ( GEOMETRIC_REPRESENTATION_CONTEXT(2) 
PARAMETRIC_REPRESENTATION_CONTEXT() REPRESENTATION_CONTEXT('2D SPACE',''
  ) );
#958 = ORIENTED_EDGE('',*,*,#829,.T.);
#959 = ORIENTED_EDGE('',*,*,#861,.T.);
#960 = ORIENTED_EDGE('',*,*,#961,.F.);
#961 = EDGE_CURVE('',#937,#862,#962,.T.);
#962 = SURFACE_CURVE('',#963,(#967,#974),.PCURVE_S1.);
#963 = LINE('',#964,#965);
#964 = CARTESIAN_POINT('',(-0.57373046875,-0.6923828125,2.03));
#965 = VECTOR('',#966,1.);
#966 = DIRECTION('',(0.,1.,0.));
#967 = PCURVE('',#843,#968);
#968 = DEFINITIONAL_REPRESENTATION('',(#969),#973);
#969 = LINE('',#970,#971);
#970 = CARTESIAN_POINT('',(-0.,2.828427124746E-02));
#971 = VECTOR('',#972,1.);
#972 = DIRECTION('',(-1.,0.));
#973 = ( GEOMETRIC_REPRESENTATION_CONTEXT(2) 
PARAMETRIC_REPRESENTATION_CONTEXT() REPRESENTATION_CONTEXT('2D SPACE',''
  ) );
#974 = PCURVE('',#975,#980);
#975 = PLANE('',#976);
#976 = AXIS2_PLACEMENT_3D('',#977,#978,#979);
#977 = CARTESIAN_POINT('',(-0.57373046875,-0.6923828125,2.07));
#978 = DIRECTION('',(1.,0.,0.));
#979 = DIRECTION('',(0.,1.,0.));
#980 = DEFINITIONAL_REPRESENTATION('',(#981),#985);
#981 = LINE('',#982,#983);
#982 = CARTESIAN_POINT('',(0.,-4.E-02));
#983 = VECTOR('',#984,1.);
#984 = DIRECTION('',(1.,0.));
#985 = ( GEOMETRIC_REPRESENTATION_CONTEXT(2) 
PARAMETRIC_REPRESENTATION_CONTEXT() REPRESENTATION_CONTEXT('2D SPACE',''
  ) );
#986 = ADVANCED_FACE('',(#987),#633,.T.);
#987 = FACE_BOUND('',#988,.T.);
#988 = EDGE_LOOP('',(#989,#990,#1028,#1048));
#989 = ORIENTED_EDGE('',*,*,#885,.T.);
#990 = ORIENTED_EDGE('',*,*,#991,.T.);
#991 = EDGE_CURVE('',#886,#992,#994,.T.);
#992 = VERTEX_POINT('',#993);
#993 = CARTESIAN_POINT('',(0.45361328125,0.58935546875,2.03));
#994 = SURFACE_CURVE('',#995,(#1003,#1010),.PCURVE_S1.);
#995 = B_SPLINE_CURVE_WITH_KNOTS('',6,(#996,#997,#998,#999,#1000,#1001,
    #1002),.UNSPECIFIED.,.F.,.F.,(7,7),(0.4052734375,1.036439018048),
  .PIECEWISE_BEZIER_KNOTS.);
#996 = CARTESIAN_POINT('',(-0.16845703125,0.765625,2.03));
#997 = CARTESIAN_POINT('',(-2.718098958333E-02,0.765625,2.03));
#998 = CARTESIAN_POINT('',(9.902658310831E-02,0.753876510958,
    2.029999954888));
#999 = CARTESIAN_POINT('',(0.210354826423,0.730374590852,2.030000019));
#1000 = CARTESIAN_POINT('',(0.306008256968,0.695059992922,2.030000208416
    ));
#1001 = CARTESIAN_POINT('',(0.386982044015,0.648601470331,2.03));
#1002 = CARTESIAN_POINT('',(0.45361328125,0.58935546875,2.03));
#1003 = PCURVE('',#633,#1004);
#1004 = DEFINITIONAL_REPRESENTATION('',(#1005),#1009);
#1005 = LINE('',#1006,#1007);
#1006 = CARTESIAN_POINT('',(0.631165580548,0.));
#1007 = VECTOR('',#1008,1.);
#1008 = DIRECTION('',(0.,1.));
#1009 = ( GEOMETRIC_REPRESENTATION_CONTEXT(2) 
PARAMETRIC_REPRESENTATION_CONTEXT() REPRESENTATION_CONTEXT('2D SPACE',''
  ) );
#1010 = PCURVE('',#1011,#1018);
#1011 = SURFACE_OF_LINEAR_EXTRUSION('',#1012,#1016);
#1012 = B_SPLINE_CURVE_WITH_KNOTS('',2,(#1013,#1014,#1015),
  .UNSPECIFIED.,.F.,.F.,(3,3),(0.,1.),.PIECEWISE_BEZIER_KNOTS.);
#1013 = CARTESIAN_POINT('',(-0.16845703125,0.765625,2.07));
#1014 = CARTESIAN_POINT('',(0.25537109375,0.765625,2.07));
#1015 = CARTESIAN_POINT('',(0.45361328125,0.58935546875,2.07));
#1016 = VECTOR('',#1017,1.);
#1017 = DIRECTION('',(0.,0.,1.));
#1018 = DEFINITIONAL_REPRESENTATION('',(#1019),#1027);
#1019 = B_SPLINE_CURVE_WITH_KNOTS('',6,(#1020,#1021,#1022,#1023,#1024,
    #1025,#1026),.UNSPECIFIED.,.F.,.F.,(7,7),(0.4052734375,
    1.036439018048),.PIECEWISE_BEZIER_KNOTS.);
#1020 = CARTESIAN_POINT('',(0.,-4.E-02));
#1021 = CARTESIAN_POINT('',(0.166666666667,-4.E-02));
#1022 = CARTESIAN_POINT('',(0.333297281744,-4.000004511212E-02));
#1023 = CARTESIAN_POINT('',(0.500108755964,-3.999998100029E-02));
#1024 = CARTESIAN_POINT('',(0.66627846917,-3.999979158424E-02));
#1025 = CARTESIAN_POINT('',(0.831944859782,-4.E-02));
#1026 = CARTESIAN_POINT('',(1.,-4.E-02));
#1027 = ( GEOMETRIC_REPRESENTATION_CONTEXT(2) 
PARAMETRIC_REPRESENTATION_CONTEXT() REPRESENTATION_CONTEXT('2D SPACE',''
  ) );
#1028 = ORIENTED_EDGE('',*,*,#1029,.F.);
#1029 = EDGE_CURVE('',#610,#992,#1030,.T.);
#1030 = SURFACE_CURVE('',#1031,(#1034,#1041),.PCURVE_S1.);
#1031 = B_SPLINE_CURVE_WITH_KNOTS('',1,(#1032,#1033),.UNSPECIFIED.,.F.,
  .F.,(2,2),(0.,0.631165580548),.PIECEWISE_BEZIER_KNOTS.);
#1032 = CARTESIAN_POINT('',(0.480192403016,0.61924777744,2.07));
#1033 = CARTESIAN_POINT('',(0.45361328125,0.58935546875,2.03));
#1034 = PCURVE('',#633,#1035);
#1035 = DEFINITIONAL_REPRESENTATION('',(#1036),#1040);
#1036 = LINE('',#1037,#1038);
#1037 = CARTESIAN_POINT('',(0.,1.036439018048));
#1038 = VECTOR('',#1039,1.);
#1039 = DIRECTION('',(1.,0.));
#1040 = ( GEOMETRIC_REPRESENTATION_CONTEXT(2) 
PARAMETRIC_REPRESENTATION_CONTEXT() REPRESENTATION_CONTEXT('2D SPACE',''
  ) );
#1041 = PCURVE('',#681,#1042);
#1042 = DEFINITIONAL_REPRESENTATION('',(#1043),#1047);
#1043 = LINE('',#1044,#1045);
#1044 = CARTESIAN_POINT('',(0.,1.036439018048));
#1045 = VECTOR('',#1046,1.);
#1046 = DIRECTION('',(1.,0.));
#1047 = ( GEOMETRIC_REPRESENTATION_CONTEXT(2) 
PARAMETRIC_REPRESENTATION_CONTEXT() REPRESENTATION_CONTEXT('2D SPACE',''
  ) );
#1048 = ORIENTED_EDGE('',*,*,#609,.F.);
#1049 = ADVANCED_FACE('',(#1050),#817,.T.);
#1050 = FACE_BOUND('',#1051,.F.);
#1051 = EDGE_LOOP('',(#1052,#1073,#1074,#1075));
#1052 = ORIENTED_EDGE('',*,*,#1053,.F.);
#1053 = EDGE_CURVE('',#756,#1054,#1056,.T.);
#1054 = VERTEX_POINT('',#1055);
#1055 = CARTESIAN_POINT('',(-0.16845703125,-0.6923828125,2.03));
#1056 = SURFACE_CURVE('',#1057,(#1060,#1066),.PCURVE_S1.);
#1057 = B_SPLINE_CURVE_WITH_KNOTS('',1,(#1058,#1059),.UNSPECIFIED.,.F.,
  .F.,(2,2),(0.,0.63445290128),.PIECEWISE_BEZIER_KNOTS.);
#1058 = CARTESIAN_POINT('',(-0.16845703125,-0.7323828125,2.07));
#1059 = CARTESIAN_POINT('',(-0.16845703125,-0.6923828125,2.03));
#1060 = PCURVE('',#817,#1061);
#1061 = DEFINITIONAL_REPRESENTATION('',(#1062),#1065);
#1062 = B_SPLINE_CURVE_WITH_KNOTS('',1,(#1063,#1064),.UNSPECIFIED.,.F.,
  .F.,(2,2),(0.,0.63445290128),.PIECEWISE_BEZIER_KNOTS.);
#1063 = CARTESIAN_POINT('',(0.,-2.828427124746E-02));
#1064 = CARTESIAN_POINT('',(0.,2.828427124746E-02));
#1065 = ( GEOMETRIC_REPRESENTATION_CONTEXT(2) 
PARAMETRIC_REPRESENTATION_CONTEXT() REPRESENTATION_CONTEXT('2D SPACE',''
  ) );
#1066 = PCURVE('',#779,#1067);
#1067 = DEFINITIONAL_REPRESENTATION('',(#1068),#1072);
#1068 = LINE('',#1069,#1070);
#1069 = CARTESIAN_POINT('',(0.,2.936510401155));
#1070 = VECTOR('',#1071,1.);
#1071 = DIRECTION('',(1.,0.));
#1072 = ( GEOMETRIC_REPRESENTATION_CONTEXT(2) 
PARAMETRIC_REPRESENTATION_CONTEXT() REPRESENTATION_CONTEXT('2D SPACE',''
  ) );
#1073 = ORIENTED_EDGE('',*,*,#801,.T.);
#1074 = ORIENTED_EDGE('',*,*,#936,.T.);
#1075 = ORIENTED_EDGE('',*,*,#1076,.F.);
#1076 = EDGE_CURVE('',#1054,#937,#1077,.T.);
#1077 = SURFACE_CURVE('',#1078,(#1082,#1089),.PCURVE_S1.);
#1078 = LINE('',#1079,#1080);
#1079 = CARTESIAN_POINT('',(-0.16845703125,-0.6923828125,2.03));
#1080 = VECTOR('',#1081,1.);
#1081 = DIRECTION('',(-1.,0.,0.));
#1082 = PCURVE('',#817,#1083);
#1083 = DEFINITIONAL_REPRESENTATION('',(#1084),#1088);
#1084 = LINE('',#1085,#1086);
#1085 = CARTESIAN_POINT('',(-0.,2.828427124746E-02));
#1086 = VECTOR('',#1087,1.);
#1087 = DIRECTION('',(-1.,0.));
#1088 = ( GEOMETRIC_REPRESENTATION_CONTEXT(2) 
PARAMETRIC_REPRESENTATION_CONTEXT() REPRESENTATION_CONTEXT('2D SPACE',''
  ) );
#1089 = PCURVE('',#1090,#1095);
#1090 = PLANE('',#1091);
#1091 = AXIS2_PLACEMENT_3D('',#1092,#1093,#1094);
#1092 = CARTESIAN_POINT('',(-0.16845703125,-0.6923828125,2.07));
#1093 = DIRECTION('',(0.,1.,0.));
#1094 = DIRECTION('',(-1.,0.,0.));
#1095 = DEFINITIONAL_REPRESENTATION('',(#1096),#1100);
#1096 = LINE('',#1097,#1098);
#1097 = CARTESIAN_POINT('',(0.,-4.E-02));
#1098 = VECTOR('',#1099,1.);
#1099 = DIRECTION('',(1.,0.));
#1100 = ( GEOMETRIC_REPRESENTATION_CONTEXT(2) 
PARAMETRIC_REPRESENTATION_CONTEXT() REPRESENTATION_CONTEXT('2D SPACE',''
  ) );
#1101 = ADVANCED_FACE('',(#1102),#681,.T.);
#1102 = FACE_BOUND('',#1103,.T.);
#1103 = EDGE_LOOP('',(#1104,#1105,#1145,#1164));
#1104 = ORIENTED_EDGE('',*,*,#1029,.T.);
#1105 = ORIENTED_EDGE('',*,*,#1106,.T.);
#1106 = EDGE_CURVE('',#992,#1107,#1109,.T.);
#1107 = VERTEX_POINT('',#1108);
#1108 = CARTESIAN_POINT('',(0.65185546875,3.80859375E-02,2.03));
#1109 = SURFACE_CURVE('',#1110,(#1119,#1126),.PCURVE_S1.);
#1110 = B_SPLINE_CURVE_WITH_KNOTS('',7,(#1111,#1112,#1113,#1114,#1115,
    #1116,#1117,#1118),.UNSPECIFIED.,.F.,.F.,(8,8),(1.036439018048,
    1.667604598596),.PIECEWISE_BEZIER_KNOTS.);
#1111 = CARTESIAN_POINT('',(0.45361328125,0.58935546875,2.03));
#1112 = CARTESIAN_POINT('',(0.510725770308,0.538573181681,2.03));
#1113 = CARTESIAN_POINT('',(0.557630611789,0.478677363061,2.030007724396
    ));
#1114 = CARTESIAN_POINT('',(0.594995944507,0.409997532756,2.029973837686
    ));
#1115 = CARTESIAN_POINT('',(0.624787062993,0.330205063141,2.030032337195
    ));
#1116 = CARTESIAN_POINT('',(0.643612972127,0.238147742862,2.029999970073
    ));
#1117 = CARTESIAN_POINT('',(0.65185546875,0.138123666446,2.03));
#1118 = CARTESIAN_POINT('',(0.65185546875,3.80859375E-02,2.03));
#1119 = PCURVE('',#681,#1120);
#1120 = DEFINITIONAL_REPRESENTATION('',(#1121),#1125);
#1121 = LINE('',#1122,#1123);
#1122 = CARTESIAN_POINT('',(0.631165580548,0.));
#1123 = VECTOR('',#1124,1.);
#1124 = DIRECTION('',(0.,1.));
#1125 = ( GEOMETRIC_REPRESENTATION_CONTEXT(2) 
PARAMETRIC_REPRESENTATION_CONTEXT() REPRESENTATION_CONTEXT('2D SPACE',''
  ) );
#1126 = PCURVE('',#1127,#1134);
#1127 = SURFACE_OF_LINEAR_EXTRUSION('',#1128,#1132);
#1128 = B_SPLINE_CURVE_WITH_KNOTS('',2,(#1129,#1130,#1131),
  .UNSPECIFIED.,.F.,.F.,(3,3),(0.,1.),.PIECEWISE_BEZIER_KNOTS.);
#1129 = CARTESIAN_POINT('',(0.45361328125,0.58935546875,2.07));
#1130 = CARTESIAN_POINT('',(0.65185546875,0.4130859375,2.07));
#1131 = CARTESIAN_POINT('',(0.65185546875,3.80859375E-02,2.07));
#1132 = VECTOR('',#1133,1.);
#1133 = DIRECTION('',(0.,0.,1.));
#1134 = DEFINITIONAL_REPRESENTATION('',(#1135),#1144);
#1135 = B_SPLINE_CURVE_WITH_KNOTS('',7,(#1136,#1137,#1138,#1139,#1140,
    #1141,#1142,#1143),.UNSPECIFIED.,.F.,.F.,(8,8),(1.036439018048,
    1.667604598596),.PIECEWISE_BEZIER_KNOTS.);
#1136 = CARTESIAN_POINT('',(0.,-4.E-02));
#1137 = CARTESIAN_POINT('',(0.144047263044,-4.E-02));
#1138 = CARTESIAN_POINT('',(0.286600941113,-3.999227558147E-02));
#1139 = CARTESIAN_POINT('',(0.428120247147,-4.002616240207E-02));
#1140 = CARTESIAN_POINT('',(0.574327160992,-3.996766267588E-02));
#1141 = CARTESIAN_POINT('',(0.722233643575,-4.000002997731E-02));
#1142 = CARTESIAN_POINT('',(0.866616361405,-4.E-02));
#1143 = CARTESIAN_POINT('',(1.,-4.E-02));
#1144 = ( GEOMETRIC_REPRESENTATION_CONTEXT(2) 
PARAMETRIC_REPRESENTATION_CONTEXT() REPRESENTATION_CONTEXT('2D SPACE',''
  ) );
#1145 = ORIENTED_EDGE('',*,*,#1146,.F.);
#1146 = EDGE_CURVE('',#656,#1107,#1147,.T.);
#1147 = SURFACE_CURVE('',#1148,(#1151,#1158),.PCURVE_S1.);
#1148 = B_SPLINE_CURVE_WITH_KNOTS('',1,(#1149,#1150),.UNSPECIFIED.,.F.,
  .F.,(2,2),(0.,0.631165580548),.PIECEWISE_BEZIER_KNOTS.);
#1149 = CARTESIAN_POINT('',(0.691855467999,3.80859375E-02,2.07));
#1150 = CARTESIAN_POINT('',(0.65185546875,3.80859375E-02,2.03));
#1151 = PCURVE('',#681,#1152);
#1152 = DEFINITIONAL_REPRESENTATION('',(#1153),#1157);
#1153 = LINE('',#1154,#1155);
#1154 = CARTESIAN_POINT('',(0.,1.667604598596));
#1155 = VECTOR('',#1156,1.);
#1156 = DIRECTION('',(1.,0.));
#1157 = ( GEOMETRIC_REPRESENTATION_CONTEXT(2) 
PARAMETRIC_REPRESENTATION_CONTEXT() REPRESENTATION_CONTEXT('2D SPACE',''
  ) );
#1158 = PCURVE('',#731,#1159);
#1159 = DEFINITIONAL_REPRESENTATION('',(#1160),#1163);
#1160 = B_SPLINE_CURVE_WITH_KNOTS('',1,(#1161,#1162),.UNSPECIFIED.,.F.,
  .F.,(2,2),(0.,0.631165580548),.PIECEWISE_BEZIER_KNOTS.);
#1161 = CARTESIAN_POINT('',(0.,1.667604598596));
#1162 = CARTESIAN_POINT('',(0.63445290128,1.667604598596));
#1163 = ( GEOMETRIC_REPRESENTATION_CONTEXT(2) 
PARAMETRIC_REPRESENTATION_CONTEXT() REPRESENTATION_CONTEXT('2D SPACE',''
  ) );
#1164 = ORIENTED_EDGE('',*,*,#655,.F.);
#1165 = ADVANCED_FACE('',(#1166),#779,.T.);
#1166 = FACE_BOUND('',#1167,.T.);
#1167 = EDGE_LOOP('',(#1168,#1190,#1226,#1227));
#1168 = ORIENTED_EDGE('',*,*,#1169,.T.);
#1169 = EDGE_CURVE('',#706,#1170,#1172,.T.);
#1170 = VERTEX_POINT('',#1171);
#1171 = CARTESIAN_POINT('',(0.45263671875,-0.515625,2.03));
#1172 = SURFACE_CURVE('',#1173,(#1176,#1183),.PCURVE_S1.);
#1173 = B_SPLINE_CURVE_WITH_KNOTS('',1,(#1174,#1175),.UNSPECIFIED.,.F.,
  .F.,(2,2),(0.,0.63445290128),.PIECEWISE_BEZIER_KNOTS.);
#1174 = CARTESIAN_POINT('',(0.479183947477,-0.545545633482,2.07));
#1175 = CARTESIAN_POINT('',(0.45263671875,-0.515625,2.03));
#1176 = PCURVE('',#779,#1177);
#1177 = DEFINITIONAL_REPRESENTATION('',(#1178),#1182);
#1178 = LINE('',#1179,#1180);
#1179 = CARTESIAN_POINT('',(0.,2.302057499875));
#1180 = VECTOR('',#1181,1.);
#1181 = DIRECTION('',(1.,0.));
#1182 = ( GEOMETRIC_REPRESENTATION_CONTEXT(2) 
PARAMETRIC_REPRESENTATION_CONTEXT() REPRESENTATION_CONTEXT('2D SPACE',''
  ) );
#1183 = PCURVE('',#731,#1184);
#1184 = DEFINITIONAL_REPRESENTATION('',(#1185),#1189);
#1185 = LINE('',#1186,#1187);
#1186 = CARTESIAN_POINT('',(0.,2.302057499875));
#1187 = VECTOR('',#1188,1.);
#1188 = DIRECTION('',(1.,0.));
#1189 = ( GEOMETRIC_REPRESENTATION_CONTEXT(2) 
PARAMETRIC_REPRESENTATION_CONTEXT() REPRESENTATION_CONTEXT('2D SPACE',''
  ) );
#1190 = ORIENTED_EDGE('',*,*,#1191,.T.);
#1191 = EDGE_CURVE('',#1170,#1054,#1192,.T.);
#1192 = SURFACE_CURVE('',#1193,(#1201,#1208),.PCURVE_S1.);
#1193 = B_SPLINE_CURVE_WITH_KNOTS('',6,(#1194,#1195,#1196,#1197,#1198,
    #1199,#1200),.UNSPECIFIED.,.F.,.F.,(7,7),(2.302057499875,
    2.936510401155),.PIECEWISE_BEZIER_KNOTS.);
#1194 = CARTESIAN_POINT('',(0.45263671875,-0.515625,2.03));
#1195 = CARTESIAN_POINT('',(0.385714843437,-0.57500176192,2.03));
#1196 = CARTESIAN_POINT('',(0.30462688058,-0.621612148966,2.030000467261
    ));
#1197 = CARTESIAN_POINT('',(0.208979365254,-0.657042703304,
    2.029999819218));
#1198 = CARTESIAN_POINT('',(9.792193073226E-02,-0.680599175321,
    2.030000016044));
#1199 = CARTESIAN_POINT('',(-2.783203125E-02,-0.6923828125,2.03));
#1200 = CARTESIAN_POINT('',(-0.16845703125,-0.6923828125,2.03));
#1201 = PCURVE('',#779,#1202);
#1202 = DEFINITIONAL_REPRESENTATION('',(#1203),#1207);
#1203 = LINE('',#1204,#1205);
#1204 = CARTESIAN_POINT('',(0.63445290128,0.));
#1205 = VECTOR('',#1206,1.);
#1206 = DIRECTION('',(0.,1.));
#1207 = ( GEOMETRIC_REPRESENTATION_CONTEXT(2) 
PARAMETRIC_REPRESENTATION_CONTEXT() REPRESENTATION_CONTEXT('2D SPACE',''
  ) );
#1208 = PCURVE('',#1209,#1216);
#1209 = SURFACE_OF_LINEAR_EXTRUSION('',#1210,#1214);
#1210 = B_SPLINE_CURVE_WITH_KNOTS('',2,(#1211,#1212,#1213),
  .UNSPECIFIED.,.F.,.F.,(3,3),(0.,1.),.PIECEWISE_BEZIER_KNOTS.);
#1211 = CARTESIAN_POINT('',(0.45263671875,-0.515625,2.07));
#1212 = CARTESIAN_POINT('',(0.25341796875,-0.6923828125,2.07));
#1213 = CARTESIAN_POINT('',(-0.16845703125,-0.6923828125,2.07));
#1214 = VECTOR('',#1215,1.);
#1215 = DIRECTION('',(0.,0.,1.));
#1216 = DEFINITIONAL_REPRESENTATION('',(#1217),#1225);
#1217 = B_SPLINE_CURVE_WITH_KNOTS('',6,(#1218,#1219,#1220,#1221,#1222,
    #1223,#1224),.UNSPECIFIED.,.F.,.F.,(7,7),(2.302057499875,
    2.936510401155),.PIECEWISE_BEZIER_KNOTS.);
#1218 = CARTESIAN_POINT('',(1.110223024625E-16,-4.E-02));
#1219 = CARTESIAN_POINT('',(0.167960785099,-4.E-02));
#1220 = CARTESIAN_POINT('',(0.333649510016,-3.999953273896E-02));
#1221 = CARTESIAN_POINT('',(0.499911274902,-4.00001807821E-02));
#1222 = CARTESIAN_POINT('',(0.666697029017,-3.999998395586E-02));
#1223 = CARTESIAN_POINT('',(0.833333333333,-4.E-02));
#1224 = CARTESIAN_POINT('',(1.,-4.E-02));
#1225 = ( GEOMETRIC_REPRESENTATION_CONTEXT(2) 
PARAMETRIC_REPRESENTATION_CONTEXT() REPRESENTATION_CONTEXT('2D SPACE',''
  ) );
#1226 = ORIENTED_EDGE('',*,*,#1053,.F.);
#1227 = ORIENTED_EDGE('',*,*,#755,.F.);
#1228 = ADVANCED_FACE('',(#1229),#731,.T.);
#1229 = FACE_BOUND('',#1230,.T.);
#1230 = EDGE_LOOP('',(#1231,#1232,#1270,#1271));
#1231 = ORIENTED_EDGE('',*,*,#1146,.T.);
#1232 = ORIENTED_EDGE('',*,*,#1233,.T.);
#1233 = EDGE_CURVE('',#1107,#1170,#1234,.T.);
#1234 = SURFACE_CURVE('',#1235,(#1244,#1251),.PCURVE_S1.);
#1235 = B_SPLINE_CURVE_WITH_KNOTS('',7,(#1236,#1237,#1238,#1239,#1240,
    #1241,#1242,#1243),.UNSPECIFIED.,.F.,.F.,(8,8),(1.667604598596,
    2.302057499875),.PIECEWISE_BEZIER_KNOTS.);
#1236 = CARTESIAN_POINT('',(0.65185546875,3.80859375E-02,2.03));
#1237 = CARTESIAN_POINT('',(0.65185546875,-6.247282128444E-02,2.03));
#1238 = CARTESIAN_POINT('',(0.643572793559,-0.162988894235,
    2.029999037651));
#1239 = CARTESIAN_POINT('',(0.624655479331,-0.255492665033,
    2.030032344766));
#1240 = CARTESIAN_POINT('',(0.594719214299,-0.335628041326,
    2.029975145243));
#1241 = CARTESIAN_POINT('',(0.557171862284,-0.404612045802,
    2.030007075833));
#1242 = CARTESIAN_POINT('',(0.509998326161,-0.46473063264,2.03));
#1243 = CARTESIAN_POINT('',(0.45263671875,-0.515625,2.03));
#1244 = PCURVE('',#731,#1245);
#1245 = DEFINITIONAL_REPRESENTATION('',(#1246),#1250);
#1246 = LINE('',#1247,#1248);
#1247 = CARTESIAN_POINT('',(0.63445290128,0.));
#1248 = VECTOR('',#1249,1.);
#1249 = DIRECTION('',(0.,1.));
#1250 = ( GEOMETRIC_REPRESENTATION_CONTEXT(2) 
PARAMETRIC_REPRESENTATION_CONTEXT() REPRESENTATION_CONTEXT('2D SPACE',''
  ) );
#1251 = PCURVE('',#1252,#1259);
#1252 = SURFACE_OF_LINEAR_EXTRUSION('',#1253,#1257);
#1253 = B_SPLINE_CURVE_WITH_KNOTS('',2,(#1254,#1255,#1256),
  .UNSPECIFIED.,.F.,.F.,(3,3),(0.,1.),.PIECEWISE_BEZIER_KNOTS.);
#1254 = CARTESIAN_POINT('',(0.65185546875,3.80859375E-02,2.07));
#1255 = CARTESIAN_POINT('',(0.65185546875,-0.3388671875,2.07));
#1256 = CARTESIAN_POINT('',(0.45263671875,-0.515625,2.07));
#1257 = VECTOR('',#1258,1.);
#1258 = DIRECTION('',(0.,0.,1.));
#1259 = DEFINITIONAL_REPRESENTATION('',(#1260),#1269);
#1260 = B_SPLINE_CURVE_WITH_KNOTS('',7,(#1261,#1262,#1263,#1264,#1265,
    #1266,#1267,#1268),.UNSPECIFIED.,.F.,.F.,(8,8),(1.667604598596,
    2.302057499875),.PIECEWISE_BEZIER_KNOTS.);
#1261 = CARTESIAN_POINT('',(1.110223024625E-16,-4.E-02));
#1262 = CARTESIAN_POINT('',(0.133383638595,-4.E-02));
#1263 = CARTESIAN_POINT('',(0.277751280749,-4.000096239355E-02));
#1264 = CARTESIAN_POINT('',(0.425665568974,-3.996765511531E-02));
#1265 = CARTESIAN_POINT('',(0.571860676984,-4.002485484E-02));
#1266 = CARTESIAN_POINT('',(0.713413006758,-3.999292414578E-02));
#1267 = CARTESIAN_POINT('',(0.856033612773,-4.E-02));
#1268 = CARTESIAN_POINT('',(1.,-4.E-02));
#1269 = ( GEOMETRIC_REPRESENTATION_CONTEXT(2) 
PARAMETRIC_REPRESENTATION_CONTEXT() REPRESENTATION_CONTEXT('2D SPACE',''
  ) );
#1270 = ORIENTED_EDGE('',*,*,#1169,.F.);
#1271 = ORIENTED_EDGE('',*,*,#705,.F.);
#1272 = ADVANCED_FACE('',(#1273),#921,.T.);
#1273 = FACE_BOUND('',#1274,.T.);
#1274 = EDGE_LOOP('',(#1275,#1298,#1326,#1347));
#1275 = ORIENTED_EDGE('',*,*,#1276,.T.);
#1276 = EDGE_CURVE('',#862,#1277,#1279,.T.);
#1277 = VERTEX_POINT('',#1278);
#1278 = CARTESIAN_POINT('',(-0.57373046875,0.765625,1.97));
#1279 = SURFACE_CURVE('',#1280,(#1284,#1291),.PCURVE_S1.);
#1280 = LINE('',#1281,#1282);
#1281 = CARTESIAN_POINT('',(-0.57373046875,0.765625,2.07));
#1282 = VECTOR('',#1283,1.);
#1283 = DIRECTION('',(-0.,-0.,-1.));
#1284 = PCURVE('',#921,#1285);
#1285 = DEFINITIONAL_REPRESENTATION('',(#1286),#1290);
#1286 = LINE('',#1287,#1288);
#1287 = CARTESIAN_POINT('',(0.,0.));
#1288 = VECTOR('',#1289,1.);
#1289 = DIRECTION('',(0.,-1.));
#1290 = ( GEOMETRIC_REPRESENTATION_CONTEXT(2) 
PARAMETRIC_REPRESENTATION_CONTEXT() REPRESENTATION_CONTEXT('2D SPACE',''
  ) );
#1291 = PCURVE('',#975,#1292);
#1292 = DEFINITIONAL_REPRESENTATION('',(#1293),#1297);
#1293 = LINE('',#1294,#1295);
#1294 = CARTESIAN_POINT('',(1.4580078125,0.));
#1295 = VECTOR('',#1296,1.);
#1296 = DIRECTION('',(0.,-1.));
#1297 = ( GEOMETRIC_REPRESENTATION_CONTEXT(2) 
PARAMETRIC_REPRESENTATION_CONTEXT() REPRESENTATION_CONTEXT('2D SPACE',''
  ) );
#1298 = ORIENTED_EDGE('',*,*,#1299,.T.);
#1299 = EDGE_CURVE('',#1277,#1300,#1302,.T.);
#1300 = VERTEX_POINT('',#1301);
#1301 = CARTESIAN_POINT('',(-0.16845703125,0.765625,1.97));
#1302 = SURFACE_CURVE('',#1303,(#1307,#1314),.PCURVE_S1.);
#1303 = LINE('',#1304,#1305);
#1304 = CARTESIAN_POINT('',(-0.57373046875,0.765625,1.97));
#1305 = VECTOR('',#1306,1.);
#1306 = DIRECTION('',(1.,0.,0.));
#1307 = PCURVE('',#921,#1308);
#1308 = DEFINITIONAL_REPRESENTATION('',(#1309),#1313);
#1309 = LINE('',#1310,#1311);
#1310 = CARTESIAN_POINT('',(0.,-0.1));
#1311 = VECTOR('',#1312,1.);
#1312 = DIRECTION('',(1.,0.));
#1313 = ( GEOMETRIC_REPRESENTATION_CONTEXT(2) 
PARAMETRIC_REPRESENTATION_CONTEXT() REPRESENTATION_CONTEXT('2D SPACE',''
  ) );
#1314 = PCURVE('',#1315,#1320);
#1315 = PLANE('',#1316);
#1316 = AXIS2_PLACEMENT_3D('',#1317,#1318,#1319);
#1317 = CARTESIAN_POINT('',(-0.77001953125,-0.6923828125,1.97));
#1318 = DIRECTION('',(0.,0.,1.));
#1319 = DIRECTION('',(1.,0.,0.));
#1320 = DEFINITIONAL_REPRESENTATION('',(#1321),#1325);
#1321 = LINE('',#1322,#1323);
#1322 = CARTESIAN_POINT('',(0.1962890625,1.4580078125));
#1323 = VECTOR('',#1324,1.);
#1324 = DIRECTION('',(1.,0.));
#1325 = ( GEOMETRIC_REPRESENTATION_CONTEXT(2) 
PARAMETRIC_REPRESENTATION_CONTEXT() REPRESENTATION_CONTEXT('2D SPACE',''
  ) );
#1326 = ORIENTED_EDGE('',*,*,#1327,.F.);
#1327 = EDGE_CURVE('',#886,#1300,#1328,.T.);
#1328 = SURFACE_CURVE('',#1329,(#1333,#1340),.PCURVE_S1.);
#1329 = LINE('',#1330,#1331);
#1330 = CARTESIAN_POINT('',(-0.16845703125,0.765625,2.07));
#1331 = VECTOR('',#1332,1.);
#1332 = DIRECTION('',(-0.,-0.,-1.));
#1333 = PCURVE('',#921,#1334);
#1334 = DEFINITIONAL_REPRESENTATION('',(#1335),#1339);
#1335 = LINE('',#1336,#1337);
#1336 = CARTESIAN_POINT('',(0.4052734375,0.));
#1337 = VECTOR('',#1338,1.);
#1338 = DIRECTION('',(0.,-1.));
#1339 = ( GEOMETRIC_REPRESENTATION_CONTEXT(2) 
PARAMETRIC_REPRESENTATION_CONTEXT() REPRESENTATION_CONTEXT('2D SPACE',''
  ) );
#1340 = PCURVE('',#1011,#1341);
#1341 = DEFINITIONAL_REPRESENTATION('',(#1342),#1346);
#1342 = LINE('',#1343,#1344);
#1343 = CARTESIAN_POINT('',(0.,0.));
#1344 = VECTOR('',#1345,1.);
#1345 = DIRECTION('',(0.,-1.));
#1346 = ( GEOMETRIC_REPRESENTATION_CONTEXT(2) 
PARAMETRIC_REPRESENTATION_CONTEXT() REPRESENTATION_CONTEXT('2D SPACE',''
  ) );
#1347 = ORIENTED_EDGE('',*,*,#907,.F.);
#1348 = ADVANCED_FACE('',(#1349),#975,.T.);
#1349 = FACE_BOUND('',#1350,.T.);
#1350 = EDGE_LOOP('',(#1351,#1374,#1395,#1396));
#1351 = ORIENTED_EDGE('',*,*,#1352,.T.);
#1352 = EDGE_CURVE('',#937,#1353,#1355,.T.);
#1353 = VERTEX_POINT('',#1354);
#1354 = CARTESIAN_POINT('',(-0.57373046875,-0.6923828125,1.97));
#1355 = SURFACE_CURVE('',#1356,(#1360,#1367),.PCURVE_S1.);
#1356 = LINE('',#1357,#1358);
#1357 = CARTESIAN_POINT('',(-0.57373046875,-0.6923828125,2.07));
#1358 = VECTOR('',#1359,1.);
#1359 = DIRECTION('',(-0.,-0.,-1.));
#1360 = PCURVE('',#975,#1361);
#1361 = DEFINITIONAL_REPRESENTATION('',(#1362),#1366);
#1362 = LINE('',#1363,#1364);
#1363 = CARTESIAN_POINT('',(0.,0.));
#1364 = VECTOR('',#1365,1.);
#1365 = DIRECTION('',(0.,-1.));
#1366 = ( GEOMETRIC_REPRESENTATION_CONTEXT(2) 
PARAMETRIC_REPRESENTATION_CONTEXT() REPRESENTATION_CONTEXT('2D SPACE',''
  ) );
#1367 = PCURVE('',#1090,#1368);
#1368 = DEFINITIONAL_REPRESENTATION('',(#1369),#1373);
#1369 = LINE('',#1370,#1371);
#1370 = CARTESIAN_POINT('',(0.4052734375,0.));
#1371 = VECTOR('',#1372,1.);
#1372 = DIRECTION('',(0.,-1.));
#1373 = ( GEOMETRIC_REPRESENTATION_CONTEXT(2) 
PARAMETRIC_REPRESENTATION_CONTEXT() REPRESENTATION_CONTEXT('2D SPACE',''
  ) );
#1374 = ORIENTED_EDGE('',*,*,#1375,.T.);
#1375 = EDGE_CURVE('',#1353,#1277,#1376,.T.);
#1376 = SURFACE_CURVE('',#1377,(#1381,#1388),.PCURVE_S1.);
#1377 = LINE('',#1378,#1379);
#1378 = CARTESIAN_POINT('',(-0.57373046875,-0.6923828125,1.97));
#1379 = VECTOR('',#1380,1.);
#1380 = DIRECTION('',(0.,1.,0.));
#1381 = PCURVE('',#975,#1382);
#1382 = DEFINITIONAL_REPRESENTATION('',(#1383),#1387);
#1383 = LINE('',#1384,#1385);
#1384 = CARTESIAN_POINT('',(0.,-0.1));
#1385 = VECTOR('',#1386,1.);
#1386 = DIRECTION('',(1.,0.));
#1387 = ( GEOMETRIC_REPRESENTATION_CONTEXT(2) 
PARAMETRIC_REPRESENTATION_CONTEXT() REPRESENTATION_CONTEXT('2D SPACE',''
  ) );
#1388 = PCURVE('',#1315,#1389);
#1389 = DEFINITIONAL_REPRESENTATION('',(#1390),#1394);
#1390 = LINE('',#1391,#1392);
#1391 = CARTESIAN_POINT('',(0.1962890625,0.));
#1392 = VECTOR('',#1393,1.);
#1393 = DIRECTION('',(0.,1.));
#1394 = ( GEOMETRIC_REPRESENTATION_CONTEXT(2) 
PARAMETRIC_REPRESENTATION_CONTEXT() REPRESENTATION_CONTEXT('2D SPACE',''
  ) );
#1395 = ORIENTED_EDGE('',*,*,#1276,.F.);
#1396 = ORIENTED_EDGE('',*,*,#961,.F.);
#1397 = ADVANCED_FACE('',(#1398),#1011,.T.);
#1398 = FACE_BOUND('',#1399,.T.);
#1399 = EDGE_LOOP('',(#1400,#1401,#1424,#1445));
#1400 = ORIENTED_EDGE('',*,*,#1327,.T.);
#1401 = ORIENTED_EDGE('',*,*,#1402,.T.);
#1402 = EDGE_CURVE('',#1300,#1403,#1405,.T.);
#1403 = VERTEX_POINT('',#1404);
#1404 = CARTESIAN_POINT('',(0.45361328125,0.58935546875,1.97));
#1405 = SURFACE_CURVE('',#1406,(#1410,#1417),.PCURVE_S1.);
#1406 = B_SPLINE_CURVE_WITH_KNOTS('',2,(#1407,#1408,#1409),
  .UNSPECIFIED.,.F.,.F.,(3,3),(0.,1.),.PIECEWISE_BEZIER_KNOTS.);
#1407 = CARTESIAN_POINT('',(-0.16845703125,0.765625,1.97));
#1408 = CARTESIAN_POINT('',(0.25537109375,0.765625,1.97));
#1409 = CARTESIAN_POINT('',(0.45361328125,0.58935546875,1.97));
#1410 = PCURVE('',#1011,#1411);
#1411 = DEFINITIONAL_REPRESENTATION('',(#1412),#1416);
#1412 = LINE('',#1413,#1414);
#1413 = CARTESIAN_POINT('',(0.,-0.1));
#1414 = VECTOR('',#1415,1.);
#1415 = DIRECTION('',(1.,0.));
#1416 = ( GEOMETRIC_REPRESENTATION_CONTEXT(2) 
PARAMETRIC_REPRESENTATION_CONTEXT() REPRESENTATION_CONTEXT('2D SPACE',''
  ) );
#1417 = PCURVE('',#1315,#1418);
#1418 = DEFINITIONAL_REPRESENTATION('',(#1419),#1423);
#1419 = B_SPLINE_CURVE_WITH_KNOTS('',2,(#1420,#1421,#1422),
  .UNSPECIFIED.,.F.,.F.,(3,3),(0.,1.),.PIECEWISE_BEZIER_KNOTS.);
#1420 = CARTESIAN_POINT('',(0.6015625,1.4580078125));
#1421 = CARTESIAN_POINT('',(1.025390625,1.4580078125));
#1422 = CARTESIAN_POINT('',(1.2236328125,1.28173828125));
#1423 = ( GEOMETRIC_REPRESENTATION_CONTEXT(2) 
PARAMETRIC_REPRESENTATION_CONTEXT() REPRESENTATION_CONTEXT('2D SPACE',''
  ) );
#1424 = ORIENTED_EDGE('',*,*,#1425,.F.);
#1425 = EDGE_CURVE('',#992,#1403,#1426,.T.);
#1426 = SURFACE_CURVE('',#1427,(#1431,#1438),.PCURVE_S1.);
#1427 = LINE('',#1428,#1429);
#1428 = CARTESIAN_POINT('',(0.45361328125,0.58935546875,2.07));
#1429 = VECTOR('',#1430,1.);
#1430 = DIRECTION('',(-0.,-0.,-1.));
#1431 = PCURVE('',#1011,#1432);
#1432 = DEFINITIONAL_REPRESENTATION('',(#1433),#1437);
#1433 = LINE('',#1434,#1435);
#1434 = CARTESIAN_POINT('',(1.,0.));
#1435 = VECTOR('',#1436,1.);
#1436 = DIRECTION('',(0.,-1.));
#1437 = ( GEOMETRIC_REPRESENTATION_CONTEXT(2) 
PARAMETRIC_REPRESENTATION_CONTEXT() REPRESENTATION_CONTEXT('2D SPACE',''
  ) );
#1438 = PCURVE('',#1127,#1439);
#1439 = DEFINITIONAL_REPRESENTATION('',(#1440),#1444);
#1440 = LINE('',#1441,#1442);
#1441 = CARTESIAN_POINT('',(0.,0.));
#1442 = VECTOR('',#1443,1.);
#1443 = DIRECTION('',(0.,-1.));
#1444 = ( GEOMETRIC_REPRESENTATION_CONTEXT(2) 
PARAMETRIC_REPRESENTATION_CONTEXT() REPRESENTATION_CONTEXT('2D SPACE',''
  ) );
#1445 = ORIENTED_EDGE('',*,*,#991,.F.);
#1446 = ADVANCED_FACE('',(#1447),#1090,.T.);
#1447 = FACE_BOUND('',#1448,.T.);
#1448 = EDGE_LOOP('',(#1449,#1472,#1493,#1494));
#1449 = ORIENTED_EDGE('',*,*,#1450,.T.);
#1450 = EDGE_CURVE('',#1054,#1451,#1453,.T.);
#1451 = VERTEX_POINT('',#1452);
#1452 = CARTESIAN_POINT('',(-0.16845703125,-0.6923828125,1.97));
#1453 = SURFACE_CURVE('',#1454,(#1458,#1465),.PCURVE_S1.);
#1454 = LINE('',#1455,#1456);
#1455 = CARTESIAN_POINT('',(-0.16845703125,-0.6923828125,2.07));
#1456 = VECTOR('',#1457,1.);
#1457 = DIRECTION('',(-0.,-0.,-1.));
#1458 = PCURVE('',#1090,#1459);
#1459 = DEFINITIONAL_REPRESENTATION('',(#1460),#1464);
#1460 = LINE('',#1461,#1462);
#1461 = CARTESIAN_POINT('',(0.,0.));
#1462 = VECTOR('',#1463,1.);
#1463 = DIRECTION('',(0.,-1.));
#1464 = ( GEOMETRIC_REPRESENTATION_CONTEXT(2) 
PARAMETRIC_REPRESENTATION_CONTEXT() REPRESENTATION_CONTEXT('2D SPACE',''
  ) );
#1465 = PCURVE('',#1209,#1466);
#1466 = DEFINITIONAL_REPRESENTATION('',(#1467),#1471);
#1467 = LINE('',#1468,#1469);
#1468 = CARTESIAN_POINT('',(1.,0.));
#1469 = VECTOR('',#1470,1.);
#1470 = DIRECTION('',(0.,-1.));
#1471 = ( GEOMETRIC_REPRESENTATION_CONTEXT(2) 
PARAMETRIC_REPRESENTATION_CONTEXT() REPRESENTATION_CONTEXT('2D SPACE',''
  ) );
#1472 = ORIENTED_EDGE('',*,*,#1473,.T.);
#1473 = EDGE_CURVE('',#1451,#1353,#1474,.T.);
#1474 = SURFACE_CURVE('',#1475,(#1479,#1486),.PCURVE_S1.);
#1475 = LINE('',#1476,#1477);
#1476 = CARTESIAN_POINT('',(-0.16845703125,-0.6923828125,1.97));
#1477 = VECTOR('',#1478,1.);
#1478 = DIRECTION('',(-1.,0.,0.));
#1479 = PCURVE('',#1090,#1480);
#1480 = DEFINITIONAL_REPRESENTATION('',(#1481),#1485);
#1481 = LINE('',#1482,#1483);
#1482 = CARTESIAN_POINT('',(0.,-0.1));
#1483 = VECTOR('',#1484,1.);
#1484 = DIRECTION('',(1.,0.));
#1485 = ( GEOMETRIC_REPRESENTATION_CONTEXT(2) 
PARAMETRIC_REPRESENTATION_CONTEXT() REPRESENTATION_CONTEXT('2D SPACE',''
  ) );
#1486 = PCURVE('',#1315,#1487);
#1487 = DEFINITIONAL_REPRESENTATION('',(#1488),#1492);
#1488 = LINE('',#1489,#1490);
#1489 = CARTESIAN_POINT('',(0.6015625,0.));
#1490 = VECTOR('',#1491,1.);
#1491 = DIRECTION('',(-1.,0.));
#1492 = ( GEOMETRIC_REPRESENTATION_CONTEXT(2) 
PARAMETRIC_REPRESENTATION_CONTEXT() REPRESENTATION_CONTEXT('2D SPACE',''
  ) );
#1493 = ORIENTED_EDGE('',*,*,#1352,.F.);
#1494 = ORIENTED_EDGE('',*,*,#1076,.F.);
#1495 = ADVANCED_FACE('',(#1496),#1127,.T.);
#1496 = FACE_BOUND('',#1497,.T.);
#1497 = EDGE_LOOP('',(#1498,#1499,#1522,#1543));
#1498 = ORIENTED_EDGE('',*,*,#1425,.T.);
#1499 = ORIENTED_EDGE('',*,*,#1500,.T.);
#1500 = EDGE_CURVE('',#1403,#1501,#1503,.T.);
#1501 = VERTEX_POINT('',#1502);
#1502 = CARTESIAN_POINT('',(0.65185546875,3.80859375E-02,1.97));
#1503 = SURFACE_CURVE('',#1504,(#1508,#1515),.PCURVE_S1.);
#1504 = B_SPLINE_CURVE_WITH_KNOTS('',2,(#1505,#1506,#1507),
  .UNSPECIFIED.,.F.,.F.,(3,3),(0.,1.),.PIECEWISE_BEZIER_KNOTS.);
#1505 = CARTESIAN_POINT('',(0.45361328125,0.58935546875,1.97));
#1506 = CARTESIAN_POINT('',(0.65185546875,0.4130859375,1.97));
#1507 = CARTESIAN_POINT('',(0.65185546875,3.80859375E-02,1.97));
#1508 = PCURVE('',#1127,#1509);
#1509 = DEFINITIONAL_REPRESENTATION('',(#1510),#1514);
#1510 = LINE('',#1511,#1512);
#1511 = CARTESIAN_POINT('',(0.,-0.1));
#1512 = VECTOR('',#1513,1.);
#1513 = DIRECTION('',(1.,0.));
#1514 = ( GEOMETRIC_REPRESENTATION_CONTEXT(2) 
PARAMETRIC_REPRESENTATION_CONTEXT() REPRESENTATION_CONTEXT('2D SPACE',''
  ) );
#1515 = PCURVE('',#1315,#1516);
#1516 = DEFINITIONAL_REPRESENTATION('',(#1517),#1521);
#1517 = B_SPLINE_CURVE_WITH_KNOTS('',2,(#1518,#1519,#1520),
  .UNSPECIFIED.,.F.,.F.,(3,3),(0.,1.),.PIECEWISE_BEZIER_KNOTS.);
#1518 = CARTESIAN_POINT('',(1.2236328125,1.28173828125));
#1519 = CARTESIAN_POINT('',(1.421875,1.10546875));
#1520 = CARTESIAN_POINT('',(1.421875,0.73046875));
#1521 = ( GEOMETRIC_REPRESENTATION_CONTEXT(2) 
PARAMETRIC_REPRESENTATION_CONTEXT() REPRESENTATION_CONTEXT('2D SPACE',''
  ) );
#1522 = ORIENTED_EDGE('',*,*,#1523,.F.);
#1523 = EDGE_CURVE('',#1107,#1501,#1524,.T.);
#1524 = SURFACE_CURVE('',#1525,(#1529,#1536),.PCURVE_S1.);
#1525 = LINE('',#1526,#1527);
#1526 = CARTESIAN_POINT('',(0.65185546875,3.80859375E-02,2.07));
#1527 = VECTOR('',#1528,1.);
#1528 = DIRECTION('',(-0.,-0.,-1.));
#1529 = PCURVE('',#1127,#1530);
#1530 = DEFINITIONAL_REPRESENTATION('',(#1531),#1535);
#1531 = LINE('',#1532,#1533);
#1532 = CARTESIAN_POINT('',(1.,0.));
#1533 = VECTOR('',#1534,1.);
#1534 = DIRECTION('',(0.,-1.));
#1535 = ( GEOMETRIC_REPRESENTATION_CONTEXT(2) 
PARAMETRIC_REPRESENTATION_CONTEXT() REPRESENTATION_CONTEXT('2D SPACE',''
  ) );
#1536 = PCURVE('',#1252,#1537);
#1537 = DEFINITIONAL_REPRESENTATION('',(#1538),#1542);
#1538 = LINE('',#1539,#1540);
#1539 = CARTESIAN_POINT('',(0.,0.));
#1540 = VECTOR('',#1541,1.);
#1541 = DIRECTION('',(0.,-1.));
#1542 = ( GEOMETRIC_REPRESENTATION_CONTEXT(2) 
PARAMETRIC_REPRESENTATION_CONTEXT() REPRESENTATION_CONTEXT('2D SPACE',''
  ) );
#1543 = ORIENTED_EDGE('',*,*,#1106,.F.);
#1544 = ADVANCED_FACE('',(#1545),#1209,.T.);
#1545 = FACE_BOUND('',#1546,.T.);
#1546 = EDGE_LOOP('',(#1547,#1570,#1591,#1592));
#1547 = ORIENTED_EDGE('',*,*,#1548,.T.);
#1548 = EDGE_CURVE('',#1170,#1549,#1551,.T.);
#1549 = VERTEX_POINT('',#1550);
#1550 = CARTESIAN_POINT('',(0.45263671875,-0.515625,1.97));
#1551 = SURFACE_CURVE('',#1552,(#1556,#1563),.PCURVE_S1.);
#1552 = LINE('',#1553,#1554);
#1553 = CARTESIAN_POINT('',(0.45263671875,-0.515625,2.07));
#1554 = VECTOR('',#1555,1.);
#1555 = DIRECTION('',(-0.,-0.,-1.));
#1556 = PCURVE('',#1209,#1557);
#1557 = DEFINITIONAL_REPRESENTATION('',(#1558),#1562);
#1558 = LINE('',#1559,#1560);
#1559 = CARTESIAN_POINT('',(0.,0.));
#1560 = VECTOR('',#1561,1.);
#1561 = DIRECTION('',(0.,-1.));
#1562 = ( GEOMETRIC_REPRESENTATION_CONTEXT(2) 
PARAMETRIC_REPRESENTATION_CONTEXT() REPRESENTATION_CONTEXT('2D SPACE',''
  ) );
#1563 = PCURVE('',#1252,#1564);
#1564 = DEFINITIONAL_REPRESENTATION('',(#1565),#1569);
#1565 = LINE('',#1566,#1567);
#1566 = CARTESIAN_POINT('',(1.,0.));
#1567 = VECTOR('',#1568,1.);
#1568 = DIRECTION('',(0.,-1.));
#1569 = ( GEOMETRIC_REPRESENTATION_CONTEXT(2) 
PARAMETRIC_REPRESENTATION_CONTEXT() REPRESENTATION_CONTEXT('2D SPACE',''
  ) );
#1570 = ORIENTED_EDGE('',*,*,#1571,.T.);
#1571 = EDGE_CURVE('',#1549,#1451,#1572,.T.);
#1572 = SURFACE_CURVE('',#1573,(#1577,#1584),.PCURVE_S1.);
#1573 = B_SPLINE_CURVE_WITH_KNOTS('',2,(#1574,#1575,#1576),
  .UNSPECIFIED.,.F.,.F.,(3,3),(0.,1.),.PIECEWISE_BEZIER_KNOTS.);
#1574 = CARTESIAN_POINT('',(0.45263671875,-0.515625,1.97));
#1575 = CARTESIAN_POINT('',(0.25341796875,-0.6923828125,1.97));
#1576 = CARTESIAN_POINT('',(-0.16845703125,-0.6923828125,1.97));
#1577 = PCURVE('',#1209,#1578);
#1578 = DEFINITIONAL_REPRESENTATION('',(#1579),#1583);
#1579 = LINE('',#1580,#1581);
#1580 = CARTESIAN_POINT('',(0.,-0.1));
#1581 = VECTOR('',#1582,1.);
#1582 = DIRECTION('',(1.,0.));
#1583 = ( GEOMETRIC_REPRESENTATION_CONTEXT(2) 
PARAMETRIC_REPRESENTATION_CONTEXT() REPRESENTATION_CONTEXT('2D SPACE',''
  ) );
#1584 = PCURVE('',#1315,#1585);
#1585 = DEFINITIONAL_REPRESENTATION('',(#1586),#1590);
#1586 = B_SPLINE_CURVE_WITH_KNOTS('',2,(#1587,#1588,#1589),
  .UNSPECIFIED.,.F.,.F.,(3,3),(0.,1.),.PIECEWISE_BEZIER_KNOTS.);
#1587 = CARTESIAN_POINT('',(1.22265625,0.1767578125));
#1588 = CARTESIAN_POINT('',(1.0234375,0.));
#1589 = CARTESIAN_POINT('',(0.6015625,0.));
#1590 = ( GEOMETRIC_REPRESENTATION_CONTEXT(2) 
PARAMETRIC_REPRESENTATION_CONTEXT() REPRESENTATION_CONTEXT('2D SPACE',''
  ) );
#1591 = ORIENTED_EDGE('',*,*,#1450,.F.);
#1592 = ORIENTED_EDGE('',*,*,#1191,.F.);
#1593 = ADVANCED_FACE('',(#1594),#1252,.T.);
#1594 = FACE_BOUND('',#1595,.T.);
#1595 = EDGE_LOOP('',(#1596,#1597,#1618,#1619));
#1596 = ORIENTED_EDGE('',*,*,#1523,.T.);
#1597 = ORIENTED_EDGE('',*,*,#1598,.T.);
#1598 = EDGE_CURVE('',#1501,#1549,#1599,.T.);
#1599 = SURFACE_CURVE('',#1600,(#1604,#1611),.PCURVE_S1.);
#1600 = B_SPLINE_CURVE_WITH_KNOTS('',2,(#1601,#1602,#1603),
  .UNSPECIFIED.,.F.,.F.,(3,3),(0.,1.),.PIECEWISE_BEZIER_KNOTS.);
#1601 = CARTESIAN_POINT('',(0.65185546875,3.80859375E-02,1.97));
#1602 = CARTESIAN_POINT('',(0.65185546875,-0.3388671875,1.97));
#1603 = CARTESIAN_POINT('',(0.45263671875,-0.515625,1.97));
#1604 = PCURVE('',#1252,#1605);
#1605 = DEFINITIONAL_REPRESENTATION('',(#1606),#1610);
#1606 = LINE('',#1607,#1608);
#1607 = CARTESIAN_POINT('',(0.,-0.1));
#1608 = VECTOR('',#1609,1.);
#1609 = DIRECTION('',(1.,0.));
#1610 = ( GEOMETRIC_REPRESENTATION_CONTEXT(2) 
PARAMETRIC_REPRESENTATION_CONTEXT() REPRESENTATION_CONTEXT('2D SPACE',''
  ) );
#1611 = PCURVE('',#1315,#1612);
#1612 = DEFINITIONAL_REPRESENTATION('',(#1613),#1617);
#1613 = B_SPLINE_CURVE_WITH_KNOTS('',2,(#1614,#1615,#1616),
  .UNSPECIFIED.,.F.,.F.,(3,3),(0.,1.),.PIECEWISE_BEZIER_KNOTS.);
#1614 = CARTESIAN_POINT('',(1.421875,0.73046875));
#1615 = CARTESIAN_POINT('',(1.421875,0.353515625));
#1616 = CARTESIAN_POINT('',(1.22265625,0.1767578125));
#1617 = ( GEOMETRIC_REPRESENTATION_CONTEXT(2) 
PARAMETRIC_REPRESENTATION_CONTEXT() REPRESENTATION_CONTEXT('2D SPACE',''
  ) );
#1618 = ORIENTED_EDGE('',*,*,#1548,.F.);
#1619 = ORIENTED_EDGE('',*,*,#1233,.F.);
#1620 = ADVANCED_FACE('',(#1621,#1630),#1315,.T.);
#1621 = FACE_BOUND('',#1622,.F.);
#1622 = EDGE_LOOP('',(#1623,#1624,#1625,#1626,#1627,#1628,#1629));
#1623 = ORIENTED_EDGE('',*,*,#1375,.T.);
#1624 = ORIENTED_EDGE('',*,*,#1299,.T.);
#1625 = ORIENTED_EDGE('',*,*,#1402,.T.);
#1626 = ORIENTED_EDGE('',*,*,#1500,.T.);
#1627 = ORIENTED_EDGE('',*,*,#1598,.T.);
#1628 = ORIENTED_EDGE('',*,*,#1571,.T.);
#1629 = ORIENTED_EDGE('',*,*,#1473,.T.);
#1630 = FACE_BOUND('',#1631,.F.);
#1631 = EDGE_LOOP('',(#1632,#1662,#1690,#1718,#1748,#1778,#1808));
#1632 = ORIENTED_EDGE('',*,*,#1633,.T.);
#1633 = EDGE_CURVE('',#1634,#1636,#1638,.T.);
#1634 = VERTEX_POINT('',#1635);
#1635 = CARTESIAN_POINT('',(-0.13818359375,0.603515625,1.97));
#1636 = VERTEX_POINT('',#1637);
#1637 = CARTESIAN_POINT('',(-0.37646484375,0.603515625,1.97));
#1638 = SURFACE_CURVE('',#1639,(#1643,#1650),.PCURVE_S1.);
#1639 = LINE('',#1640,#1641);
#1640 = CARTESIAN_POINT('',(-0.13818359375,0.603515625,1.97));
#1641 = VECTOR('',#1642,1.);
#1642 = DIRECTION('',(-1.,0.,0.));
#1643 = PCURVE('',#1315,#1644);
#1644 = DEFINITIONAL_REPRESENTATION('',(#1645),#1649);
#1645 = LINE('',#1646,#1647);
#1646 = CARTESIAN_POINT('',(0.6318359375,1.2958984375));
#1647 = VECTOR('',#1648,1.);
#1648 = DIRECTION('',(-1.,0.));
#1649 = ( GEOMETRIC_REPRESENTATION_CONTEXT(2) 
PARAMETRIC_REPRESENTATION_CONTEXT() REPRESENTATION_CONTEXT('2D SPACE',''
  ) );
#1650 = PCURVE('',#1651,#1656);
#1651 = PLANE('',#1652);
#1652 = AXIS2_PLACEMENT_3D('',#1653,#1654,#1655);
#1653 = CARTESIAN_POINT('',(-0.13818359375,0.603515625,2.07));
#1654 = DIRECTION('',(0.,1.,0.));
#1655 = DIRECTION('',(-1.,0.,0.));
#1656 = DEFINITIONAL_REPRESENTATION('',(#1657),#1661);
#1657 = LINE('',#1658,#1659);
#1658 = CARTESIAN_POINT('',(0.,-0.1));
#1659 = VECTOR('',#1660,1.);
#1660 = DIRECTION('',(1.,0.));
#1661 = ( GEOMETRIC_REPRESENTATION_CONTEXT(2) 
PARAMETRIC_REPRESENTATION_CONTEXT() REPRESENTATION_CONTEXT('2D SPACE',''
  ) );
#1662 = ORIENTED_EDGE('',*,*,#1663,.T.);
#1663 = EDGE_CURVE('',#1636,#1664,#1666,.T.);
#1664 = VERTEX_POINT('',#1665);
#1665 = CARTESIAN_POINT('',(-0.37646484375,-0.5302734375,1.97));
#1666 = SURFACE_CURVE('',#1667,(#1671,#1678),.PCURVE_S1.);
#1667 = LINE('',#1668,#1669);
#1668 = CARTESIAN_POINT('',(-0.37646484375,0.603515625,1.97));
#1669 = VECTOR('',#1670,1.);
#1670 = DIRECTION('',(0.,-1.,0.));
#1671 = PCURVE('',#1315,#1672);
#1672 = DEFINITIONAL_REPRESENTATION('',(#1673),#1677);
#1673 = LINE('',#1674,#1675);
#1674 = CARTESIAN_POINT('',(0.3935546875,1.2958984375));
#1675 = VECTOR('',#1676,1.);
#1676 = DIRECTION('',(0.,-1.));
#1677 = ( GEOMETRIC_REPRESENTATION_CONTEXT(2) 
PARAMETRIC_REPRESENTATION_CONTEXT() REPRESENTATION_CONTEXT('2D SPACE',''
  ) );
#1678 = PCURVE('',#1679,#1684);
#1679 = PLANE('',#1680);
#1680 = AXIS2_PLACEMENT_3D('',#1681,#1682,#1683);
#1681 = CARTESIAN_POINT('',(-0.37646484375,0.603515625,2.07));
#1682 = DIRECTION('',(-1.,0.,0.));
#1683 = DIRECTION('',(0.,-1.,0.));
#1684 = DEFINITIONAL_REPRESENTATION('',(#1685),#1689);
#1685 = LINE('',#1686,#1687);
#1686 = CARTESIAN_POINT('',(0.,-0.1));
#1687 = VECTOR('',#1688,1.);
#1688 = DIRECTION('',(1.,0.));
#1689 = ( GEOMETRIC_REPRESENTATION_CONTEXT(2) 
PARAMETRIC_REPRESENTATION_CONTEXT() REPRESENTATION_CONTEXT('2D SPACE',''
  ) );
#1690 = ORIENTED_EDGE('',*,*,#1691,.T.);
#1691 = EDGE_CURVE('',#1664,#1692,#1694,.T.);
#1692 = VERTEX_POINT('',#1693);
#1693 = CARTESIAN_POINT('',(-0.13818359375,-0.5302734375,1.97));
#1694 = SURFACE_CURVE('',#1695,(#1699,#1706),.PCURVE_S1.);
#1695 = LINE('',#1696,#1697);
#1696 = CARTESIAN_POINT('',(-0.37646484375,-0.5302734375,1.97));
#1697 = VECTOR('',#1698,1.);
#1698 = DIRECTION('',(1.,0.,0.));
#1699 = PCURVE('',#1315,#1700);
#1700 = DEFINITIONAL_REPRESENTATION('',(#1701),#1705);
#1701 = LINE('',#1702,#1703);
#1702 = CARTESIAN_POINT('',(0.3935546875,0.162109375));
#1703 = VECTOR('',#1704,1.);
#1704 = DIRECTION('',(1.,0.));
#1705 = ( GEOMETRIC_REPRESENTATION_CONTEXT(2) 
PARAMETRIC_REPRESENTATION_CONTEXT() REPRESENTATION_CONTEXT('2D SPACE',''
  ) );
#1706 = PCURVE('',#1707,#1712);
#1707 = PLANE('',#1708);
#1708 = AXIS2_PLACEMENT_3D('',#1709,#1710,#1711);
#1709 = CARTESIAN_POINT('',(-0.37646484375,-0.5302734375,2.07));
#1710 = DIRECTION('',(0.,-1.,0.));
#1711 = DIRECTION('',(1.,0.,0.));
#1712 = DEFINITIONAL_REPRESENTATION('',(#1713),#1717);
#1713 = LINE('',#1714,#1715);
#1714 = CARTESIAN_POINT('',(0.,-0.1));
#1715 = VECTOR('',#1716,1.);
#1716 = DIRECTION('',(1.,0.));
#1717 = ( GEOMETRIC_REPRESENTATION_CONTEXT(2) 
PARAMETRIC_REPRESENTATION_CONTEXT() REPRESENTATION_CONTEXT('2D SPACE',''
  ) );
#1718 = ORIENTED_EDGE('',*,*,#1719,.T.);
#1719 = EDGE_CURVE('',#1692,#1720,#1722,.T.);
#1720 = VERTEX_POINT('',#1721);
#1721 = CARTESIAN_POINT('',(0.3037109375,-0.3935546875,1.97));
#1722 = SURFACE_CURVE('',#1723,(#1727,#1734),.PCURVE_S1.);
#1723 = B_SPLINE_CURVE_WITH_KNOTS('',2,(#1724,#1725,#1726),
  .UNSPECIFIED.,.F.,.F.,(3,3),(0.,1.),.PIECEWISE_BEZIER_KNOTS.);
#1724 = CARTESIAN_POINT('',(-0.13818359375,-0.5302734375,1.97));
#1725 = CARTESIAN_POINT('',(0.16357421875,-0.5302734375,1.97));
#1726 = CARTESIAN_POINT('',(0.3037109375,-0.3935546875,1.97));
#1727 = PCURVE('',#1315,#1728);
#1728 = DEFINITIONAL_REPRESENTATION('',(#1729),#1733);
#1729 = B_SPLINE_CURVE_WITH_KNOTS('',2,(#1730,#1731,#1732),
  .UNSPECIFIED.,.F.,.F.,(3,3),(0.,1.),.PIECEWISE_BEZIER_KNOTS.);
#1730 = CARTESIAN_POINT('',(0.6318359375,0.162109375));
#1731 = CARTESIAN_POINT('',(0.93359375,0.162109375));
#1732 = CARTESIAN_POINT('',(1.07373046875,0.298828125));
#1733 = ( GEOMETRIC_REPRESENTATION_CONTEXT(2) 
PARAMETRIC_REPRESENTATION_CONTEXT() REPRESENTATION_CONTEXT('2D SPACE',''
  ) );
#1734 = PCURVE('',#1735,#1742);
#1735 = SURFACE_OF_LINEAR_EXTRUSION('',#1736,#1740);
#1736 = B_SPLINE_CURVE_WITH_KNOTS('',2,(#1737,#1738,#1739),
  .UNSPECIFIED.,.F.,.F.,(3,3),(0.,1.),.PIECEWISE_BEZIER_KNOTS.);
#1737 = CARTESIAN_POINT('',(-0.13818359375,-0.5302734375,2.07));
#1738 = CARTESIAN_POINT('',(0.16357421875,-0.5302734375,2.07));
#1739 = CARTESIAN_POINT('',(0.3037109375,-0.3935546875,2.07));
#1740 = VECTOR('',#1741,1.);
#1741 = DIRECTION('',(0.,0.,1.));
#1742 = DEFINITIONAL_REPRESENTATION('',(#1743),#1747);
#1743 = LINE('',#1744,#1745);
#1744 = CARTESIAN_POINT('',(0.,-0.1));
#1745 = VECTOR('',#1746,1.);
#1746 = DIRECTION('',(1.,0.));
#1747 = ( GEOMETRIC_REPRESENTATION_CONTEXT(2) 
PARAMETRIC_REPRESENTATION_CONTEXT() REPRESENTATION_CONTEXT('2D SPACE',''
  ) );
#1748 = ORIENTED_EDGE('',*,*,#1749,.T.);
#1749 = EDGE_CURVE('',#1720,#1750,#1752,.T.);
#1750 = VERTEX_POINT('',#1751);
#1751 = CARTESIAN_POINT('',(0.44384765625,3.80859375E-02,1.97));
#1752 = SURFACE_CURVE('',#1753,(#1757,#1764),.PCURVE_S1.);
#1753 = B_SPLINE_CURVE_WITH_KNOTS('',2,(#1754,#1755,#1756),
  .UNSPECIFIED.,.F.,.F.,(3,3),(0.,1.),.PIECEWISE_BEZIER_KNOTS.);
#1754 = CARTESIAN_POINT('',(0.3037109375,-0.3935546875,1.97));
#1755 = CARTESIAN_POINT('',(0.44384765625,-0.2568359375,1.97));
#1756 = CARTESIAN_POINT('',(0.44384765625,3.80859375E-02,1.97));
#1757 = PCURVE('',#1315,#1758);
#1758 = DEFINITIONAL_REPRESENTATION('',(#1759),#1763);
#1759 = B_SPLINE_CURVE_WITH_KNOTS('',2,(#1760,#1761,#1762),
  .UNSPECIFIED.,.F.,.F.,(3,3),(0.,1.),.PIECEWISE_BEZIER_KNOTS.);
#1760 = CARTESIAN_POINT('',(1.07373046875,0.298828125));
#1761 = CARTESIAN_POINT('',(1.2138671875,0.435546875));
#1762 = CARTESIAN_POINT('',(1.2138671875,0.73046875));
#1763 = ( GEOMETRIC_REPRESENTATION_CONTEXT(2) 
PARAMETRIC_REPRESENTATION_CONTEXT() REPRESENTATION_CONTEXT('2D SPACE',''
  ) );
#1764 = PCURVE('',#1765,#1772);
#1765 = SURFACE_OF_LINEAR_EXTRUSION('',#1766,#1770);
#1766 = B_SPLINE_CURVE_WITH_KNOTS('',2,(#1767,#1768,#1769),
  .UNSPECIFIED.,.F.,.F.,(3,3),(0.,1.),.PIECEWISE_BEZIER_KNOTS.);
#1767 = CARTESIAN_POINT('',(0.3037109375,-0.3935546875,2.07));
#1768 = CARTESIAN_POINT('',(0.44384765625,-0.2568359375,2.07));
#1769 = CARTESIAN_POINT('',(0.44384765625,3.80859375E-02,2.07));
#1770 = VECTOR('',#1771,1.);
#1771 = DIRECTION('',(0.,0.,1.));
#1772 = DEFINITIONAL_REPRESENTATION('',(#1773),#1777);
#1773 = LINE('',#1774,#1775);
#1774 = CARTESIAN_POINT('',(0.,-0.1));
#1775 = VECTOR('',#1776,1.);
#1776 = DIRECTION('',(1.,0.));
#1777 = ( GEOMETRIC_REPRESENTATION_CONTEXT(2) 
PARAMETRIC_REPRESENTATION_CONTEXT() REPRESENTATION_CONTEXT('2D SPACE',''
  ) );
#1778 = ORIENTED_EDGE('',*,*,#1779,.T.);
#1779 = EDGE_CURVE('',#1750,#1780,#1782,.T.);
#1780 = VERTEX_POINT('',#1781);
#1781 = CARTESIAN_POINT('',(0.3037109375,0.46728515625,1.97));
#1782 = SURFACE_CURVE('',#1783,(#1787,#1794),.PCURVE_S1.);
#1783 = B_SPLINE_CURVE_WITH_KNOTS('',2,(#1784,#1785,#1786),
  .UNSPECIFIED.,.F.,.F.,(3,3),(0.,1.),.PIECEWISE_BEZIER_KNOTS.);
#1784 = CARTESIAN_POINT('',(0.44384765625,3.80859375E-02,1.97));
#1785 = CARTESIAN_POINT('',(0.44384765625,0.3310546875,1.97));
#1786 = CARTESIAN_POINT('',(0.3037109375,0.46728515625,1.97));
#1787 = PCURVE('',#1315,#1788);
#1788 = DEFINITIONAL_REPRESENTATION('',(#1789),#1793);
#1789 = B_SPLINE_CURVE_WITH_KNOTS('',2,(#1790,#1791,#1792),
  .UNSPECIFIED.,.F.,.F.,(3,3),(0.,1.),.PIECEWISE_BEZIER_KNOTS.);
#1790 = CARTESIAN_POINT('',(1.2138671875,0.73046875));
#1791 = CARTESIAN_POINT('',(1.2138671875,1.0234375));
#1792 = CARTESIAN_POINT('',(1.07373046875,1.15966796875));
#1793 = ( GEOMETRIC_REPRESENTATION_CONTEXT(2) 
PARAMETRIC_REPRESENTATION_CONTEXT() REPRESENTATION_CONTEXT('2D SPACE',''
  ) );
#1794 = PCURVE('',#1795,#1802);
#1795 = SURFACE_OF_LINEAR_EXTRUSION('',#1796,#1800);
#1796 = B_SPLINE_CURVE_WITH_KNOTS('',2,(#1797,#1798,#1799),
  .UNSPECIFIED.,.F.,.F.,(3,3),(0.,1.),.PIECEWISE_BEZIER_KNOTS.);
#1797 = CARTESIAN_POINT('',(0.44384765625,3.80859375E-02,2.07));
#1798 = CARTESIAN_POINT('',(0.44384765625,0.3310546875,2.07));
#1799 = CARTESIAN_POINT('',(0.3037109375,0.46728515625,2.07));
#1800 = VECTOR('',#1801,1.);
#1801 = DIRECTION('',(0.,0.,1.));
#1802 = DEFINITIONAL_REPRESENTATION('',(#1803),#1807);
#1803 = LINE('',#1804,#1805);
#1804 = CARTESIAN_POINT('',(0.,-0.1));
#1805 = VECTOR('',#1806,1.);
#1806 = DIRECTION('',(1.,0.));
#1807 = ( GEOMETRIC_REPRESENTATION_CONTEXT(2) 
PARAMETRIC_REPRESENTATION_CONTEXT() REPRESENTATION_CONTEXT('2D SPACE',''
  ) );
#1808 = ORIENTED_EDGE('',*,*,#1809,.T.);
#1809 = EDGE_CURVE('',#1780,#1634,#1810,.T.);
#1810 = SURFACE_CURVE('',#1811,(#1815,#1822),.PCURVE_S1.);
#1811 = B_SPLINE_CURVE_WITH_KNOTS('',2,(#1812,#1813,#1814),
  .UNSPECIFIED.,.F.,.F.,(3,3),(0.,1.),.PIECEWISE_BEZIER_KNOTS.);
#1812 = CARTESIAN_POINT('',(0.3037109375,0.46728515625,1.97));
#1813 = CARTESIAN_POINT('',(0.16357421875,0.603515625,1.97));
#1814 = CARTESIAN_POINT('',(-0.13818359375,0.603515625,1.97));
#1815 = PCURVE('',#1315,#1816);
#1816 = DEFINITIONAL_REPRESENTATION('',(#1817),#1821);
#1817 = B_SPLINE_CURVE_WITH_KNOTS('',2,(#1818,#1819,#1820),
  .UNSPECIFIED.,.F.,.F.,(3,3),(0.,1.),.PIECEWISE_BEZIER_KNOTS.);
#1818 = CARTESIAN_POINT('',(1.07373046875,1.15966796875));
#1819 = CARTESIAN_POINT('',(0.93359375,1.2958984375));
#1820 = CARTESIAN_POINT('',(0.6318359375,1.2958984375));
#1821 = ( GEOMETRIC_REPRESENTATION_CONTEXT(2) 
PARAMETRIC_REPRESENTATION_CONTEXT() REPRESENTATION_CONTEXT('2D SPACE',''
  ) );
#1822 = PCURVE('',#1823,#1830);
#1823 = SURFACE_OF_LINEAR_EXTRUSION('',#1824,#1828);
#1824 = B_SPLINE_CURVE_WITH_KNOTS('',2,(#1825,#1826,#1827),
  .UNSPECIFIED.,.F.,.F.,(3,3),(0.,1.),.PIECEWISE_BEZIER_KNOTS.);
#1825 = CARTESIAN_POINT('',(0.3037109375,0.46728515625,2.07));
#1826 = CARTESIAN_POINT('',(0.16357421875,0.603515625,2.07));
#1827 = CARTESIAN_POINT('',(-0.13818359375,0.603515625,2.07));
#1828 = VECTOR('',#1829,1.);
#1829 = DIRECTION('',(0.,0.,1.));
#1830 = DEFINITIONAL_REPRESENTATION('',(#1831),#1835);
#1831 = LINE('',#1832,#1833);
#1832 = CARTESIAN_POINT('',(0.,-0.1));
#1833 = VECTOR('',#1834,1.);
#1834 = DIRECTION('',(1.,0.));
#1835 = ( GEOMETRIC_REPRESENTATION_CONTEXT(2) 
PARAMETRIC_REPRESENTATION_CONTEXT() REPRESENTATION_CONTEXT('2D SPACE',''
  ) );
#1836 = ADVANCED_FACE('',(#1837),#1651,.T.);
#1837 = FACE_BOUND('',#1838,.T.);
#1838 = EDGE_LOOP('',(#1839,#1862,#1863,#1886));
#1839 = ORIENTED_EDGE('',*,*,#1840,.T.);
#1840 = EDGE_CURVE('',#1841,#1634,#1843,.T.);
#1841 = VERTEX_POINT('',#1842);
#1842 = CARTESIAN_POINT('',(-0.13818359375,0.603515625,2.03));
#1843 = SURFACE_CURVE('',#1844,(#1848,#1855),.PCURVE_S1.);
#1844 = LINE('',#1845,#1846);
#1845 = CARTESIAN_POINT('',(-0.13818359375,0.603515625,2.07));
#1846 = VECTOR('',#1847,1.);
#1847 = DIRECTION('',(-0.,-0.,-1.));
#1848 = PCURVE('',#1651,#1849);
#1849 = DEFINITIONAL_REPRESENTATION('',(#1850),#1854);
#1850 = LINE('',#1851,#1852);
#1851 = CARTESIAN_POINT('',(0.,0.));
#1852 = VECTOR('',#1853,1.);
#1853 = DIRECTION('',(0.,-1.));
#1854 = ( GEOMETRIC_REPRESENTATION_CONTEXT(2) 
PARAMETRIC_REPRESENTATION_CONTEXT() REPRESENTATION_CONTEXT('2D SPACE',''
  ) );
#1855 = PCURVE('',#1823,#1856);
#1856 = DEFINITIONAL_REPRESENTATION('',(#1857),#1861);
#1857 = LINE('',#1858,#1859);
#1858 = CARTESIAN_POINT('',(1.,0.));
#1859 = VECTOR('',#1860,1.);
#1860 = DIRECTION('',(0.,-1.));
#1861 = ( GEOMETRIC_REPRESENTATION_CONTEXT(2) 
PARAMETRIC_REPRESENTATION_CONTEXT() REPRESENTATION_CONTEXT('2D SPACE',''
  ) );
#1862 = ORIENTED_EDGE('',*,*,#1633,.T.);
#1863 = ORIENTED_EDGE('',*,*,#1864,.F.);
#1864 = EDGE_CURVE('',#1865,#1636,#1867,.T.);
#1865 = VERTEX_POINT('',#1866);
#1866 = CARTESIAN_POINT('',(-0.37646484375,0.603515625,2.03));
#1867 = SURFACE_CURVE('',#1868,(#1872,#1879),.PCURVE_S1.);
#1868 = LINE('',#1869,#1870);
#1869 = CARTESIAN_POINT('',(-0.37646484375,0.603515625,2.07));
#1870 = VECTOR('',#1871,1.);
#1871 = DIRECTION('',(-0.,-0.,-1.));
#1872 = PCURVE('',#1651,#1873);
#1873 = DEFINITIONAL_REPRESENTATION('',(#1874),#1878);
#1874 = LINE('',#1875,#1876);
#1875 = CARTESIAN_POINT('',(0.23828125,0.));
#1876 = VECTOR('',#1877,1.);
#1877 = DIRECTION('',(0.,-1.));
#1878 = ( GEOMETRIC_REPRESENTATION_CONTEXT(2) 
PARAMETRIC_REPRESENTATION_CONTEXT() REPRESENTATION_CONTEXT('2D SPACE',''
  ) );
#1879 = PCURVE('',#1679,#1880);
#1880 = DEFINITIONAL_REPRESENTATION('',(#1881),#1885);
#1881 = LINE('',#1882,#1883);
#1882 = CARTESIAN_POINT('',(0.,0.));
#1883 = VECTOR('',#1884,1.);
#1884 = DIRECTION('',(0.,-1.));
#1885 = ( GEOMETRIC_REPRESENTATION_CONTEXT(2) 
PARAMETRIC_REPRESENTATION_CONTEXT() REPRESENTATION_CONTEXT('2D SPACE',''
  ) );
#1886 = ORIENTED_EDGE('',*,*,#1887,.F.);
#1887 = EDGE_CURVE('',#1841,#1865,#1888,.T.);
#1888 = SURFACE_CURVE('',#1889,(#1893,#1900),.PCURVE_S1.);
#1889 = LINE('',#1890,#1891);
#1890 = CARTESIAN_POINT('',(-0.13818359375,0.603515625,2.03));
#1891 = VECTOR('',#1892,1.);
#1892 = DIRECTION('',(-1.,0.,0.));
#1893 = PCURVE('',#1651,#1894);
#1894 = DEFINITIONAL_REPRESENTATION('',(#1895),#1899);
#1895 = LINE('',#1896,#1897);
#1896 = CARTESIAN_POINT('',(0.,-4.E-02));
#1897 = VECTOR('',#1898,1.);
#1898 = DIRECTION('',(1.,0.));
#1899 = ( GEOMETRIC_REPRESENTATION_CONTEXT(2) 
PARAMETRIC_REPRESENTATION_CONTEXT() REPRESENTATION_CONTEXT('2D SPACE',''
  ) );
#1900 = PCURVE('',#1901,#1906);
#1901 = PLANE('',#1902);
#1902 = AXIS2_PLACEMENT_3D('',#1903,#1904,#1905);
#1903 = CARTESIAN_POINT('',(-0.13818359375,0.583515625,2.05));
#1904 = DIRECTION('',(0.,0.707106781187,0.707106781187));
#1905 = DIRECTION('',(-1.,0.,0.));
#1906 = DEFINITIONAL_REPRESENTATION('',(#1907),#1911);
#1907 = LINE('',#1908,#1909);
#1908 = CARTESIAN_POINT('',(0.,-2.828427124746E-02));
#1909 = VECTOR('',#1910,1.);
#1910 = DIRECTION('',(1.,0.));
#1911 = ( GEOMETRIC_REPRESENTATION_CONTEXT(2) 
PARAMETRIC_REPRESENTATION_CONTEXT() REPRESENTATION_CONTEXT('2D SPACE',''
  ) );
#1912 = ADVANCED_FACE('',(#1913),#1679,.T.);
#1913 = FACE_BOUND('',#1914,.T.);
#1914 = EDGE_LOOP('',(#1915,#1916,#1917,#1940));
#1915 = ORIENTED_EDGE('',*,*,#1864,.T.);
#1916 = ORIENTED_EDGE('',*,*,#1663,.T.);
#1917 = ORIENTED_EDGE('',*,*,#1918,.F.);
#1918 = EDGE_CURVE('',#1919,#1664,#1921,.T.);
#1919 = VERTEX_POINT('',#1920);
#1920 = CARTESIAN_POINT('',(-0.37646484375,-0.5302734375,2.03));
#1921 = SURFACE_CURVE('',#1922,(#1926,#1933),.PCURVE_S1.);
#1922 = LINE('',#1923,#1924);
#1923 = CARTESIAN_POINT('',(-0.37646484375,-0.5302734375,2.07));
#1924 = VECTOR('',#1925,1.);
#1925 = DIRECTION('',(-0.,-0.,-1.));
#1926 = PCURVE('',#1679,#1927);
#1927 = DEFINITIONAL_REPRESENTATION('',(#1928),#1932);
#1928 = LINE('',#1929,#1930);
#1929 = CARTESIAN_POINT('',(1.1337890625,0.));
#1930 = VECTOR('',#1931,1.);
#1931 = DIRECTION('',(0.,-1.));
#1932 = ( GEOMETRIC_REPRESENTATION_CONTEXT(2) 
PARAMETRIC_REPRESENTATION_CONTEXT() REPRESENTATION_CONTEXT('2D SPACE',''
  ) );
#1933 = PCURVE('',#1707,#1934);
#1934 = DEFINITIONAL_REPRESENTATION('',(#1935),#1939);
#1935 = LINE('',#1936,#1937);
#1936 = CARTESIAN_POINT('',(0.,0.));
#1937 = VECTOR('',#1938,1.);
#1938 = DIRECTION('',(0.,-1.));
#1939 = ( GEOMETRIC_REPRESENTATION_CONTEXT(2) 
PARAMETRIC_REPRESENTATION_CONTEXT() REPRESENTATION_CONTEXT('2D SPACE',''
  ) );
#1940 = ORIENTED_EDGE('',*,*,#1941,.F.);
#1941 = EDGE_CURVE('',#1865,#1919,#1942,.T.);
#1942 = SURFACE_CURVE('',#1943,(#1947,#1954),.PCURVE_S1.);
#1943 = LINE('',#1944,#1945);
#1944 = CARTESIAN_POINT('',(-0.37646484375,0.603515625,2.03));
#1945 = VECTOR('',#1946,1.);
#1946 = DIRECTION('',(0.,-1.,0.));
#1947 = PCURVE('',#1679,#1948);
#1948 = DEFINITIONAL_REPRESENTATION('',(#1949),#1953);
#1949 = LINE('',#1950,#1951);
#1950 = CARTESIAN_POINT('',(0.,-4.E-02));
#1951 = VECTOR('',#1952,1.);
#1952 = DIRECTION('',(1.,0.));
#1953 = ( GEOMETRIC_REPRESENTATION_CONTEXT(2) 
PARAMETRIC_REPRESENTATION_CONTEXT() REPRESENTATION_CONTEXT('2D SPACE',''
  ) );
#1954 = PCURVE('',#1955,#1960);
#1955 = PLANE('',#1956);
#1956 = AXIS2_PLACEMENT_3D('',#1957,#1958,#1959);
#1957 = CARTESIAN_POINT('',(-0.35646484375,0.603515625,2.05));
#1958 = DIRECTION('',(-0.707106781187,0.,0.707106781187));
#1959 = DIRECTION('',(0.,-1.,0.));
#1960 = DEFINITIONAL_REPRESENTATION('',(#1961),#1965);
#1961 = LINE('',#1962,#1963);
#1962 = CARTESIAN_POINT('',(-0.,-2.828427124746E-02));
#1963 = VECTOR('',#1964,1.);
#1964 = DIRECTION('',(1.,0.));
#1965 = ( GEOMETRIC_REPRESENTATION_CONTEXT(2) 
PARAMETRIC_REPRESENTATION_CONTEXT() REPRESENTATION_CONTEXT('2D SPACE',''
  ) );
#1966 = ADVANCED_FACE('',(#1967),#1707,.T.);
#1967 = FACE_BOUND('',#1968,.T.);
#1968 = EDGE_LOOP('',(#1969,#1970,#1971,#1994));
#1969 = ORIENTED_EDGE('',*,*,#1918,.T.);
#1970 = ORIENTED_EDGE('',*,*,#1691,.T.);
#1971 = ORIENTED_EDGE('',*,*,#1972,.F.);
#1972 = EDGE_CURVE('',#1973,#1692,#1975,.T.);
#1973 = VERTEX_POINT('',#1974);
#1974 = CARTESIAN_POINT('',(-0.13818359375,-0.5302734375,2.03));
#1975 = SURFACE_CURVE('',#1976,(#1980,#1987),.PCURVE_S1.);
#1976 = LINE('',#1977,#1978);
#1977 = CARTESIAN_POINT('',(-0.13818359375,-0.5302734375,2.07));
#1978 = VECTOR('',#1979,1.);
#1979 = DIRECTION('',(-0.,-0.,-1.));
#1980 = PCURVE('',#1707,#1981);
#1981 = DEFINITIONAL_REPRESENTATION('',(#1982),#1986);
#1982 = LINE('',#1983,#1984);
#1983 = CARTESIAN_POINT('',(0.23828125,0.));
#1984 = VECTOR('',#1985,1.);
#1985 = DIRECTION('',(0.,-1.));
#1986 = ( GEOMETRIC_REPRESENTATION_CONTEXT(2) 
PARAMETRIC_REPRESENTATION_CONTEXT() REPRESENTATION_CONTEXT('2D SPACE',''
  ) );
#1987 = PCURVE('',#1735,#1988);
#1988 = DEFINITIONAL_REPRESENTATION('',(#1989),#1993);
#1989 = LINE('',#1990,#1991);
#1990 = CARTESIAN_POINT('',(0.,0.));
#1991 = VECTOR('',#1992,1.);
#1992 = DIRECTION('',(0.,-1.));
#1993 = ( GEOMETRIC_REPRESENTATION_CONTEXT(2) 
PARAMETRIC_REPRESENTATION_CONTEXT() REPRESENTATION_CONTEXT('2D SPACE',''
  ) );
#1994 = ORIENTED_EDGE('',*,*,#1995,.F.);
#1995 = EDGE_CURVE('',#1919,#1973,#1996,.T.);
#1996 = SURFACE_CURVE('',#1997,(#2001,#2008),.PCURVE_S1.);
#1997 = LINE('',#1998,#1999);
#1998 = CARTESIAN_POINT('',(-0.37646484375,-0.5302734375,2.03));
#1999 = VECTOR('',#2000,1.);
#2000 = DIRECTION('',(1.,0.,0.));
#2001 = PCURVE('',#1707,#2002);
#2002 = DEFINITIONAL_REPRESENTATION('',(#2003),#2007);
#2003 = LINE('',#2004,#2005);
#2004 = CARTESIAN_POINT('',(0.,-4.E-02));
#2005 = VECTOR('',#2006,1.);
#2006 = DIRECTION('',(1.,0.));
#2007 = ( GEOMETRIC_REPRESENTATION_CONTEXT(2) 
PARAMETRIC_REPRESENTATION_CONTEXT() REPRESENTATION_CONTEXT('2D SPACE',''
  ) );
#2008 = PCURVE('',#2009,#2014);
#2009 = PLANE('',#2010);
#2010 = AXIS2_PLACEMENT_3D('',#2011,#2012,#2013);
#2011 = CARTESIAN_POINT('',(-0.37646484375,-0.5102734375,2.05));
#2012 = DIRECTION('',(0.,-0.707106781187,0.707106781187));
#2013 = DIRECTION('',(1.,0.,0.));
#2014 = DEFINITIONAL_REPRESENTATION('',(#2015),#2019);
#2015 = LINE('',#2016,#2017);
#2016 = CARTESIAN_POINT('',(0.,-2.828427124746E-02));
#2017 = VECTOR('',#2018,1.);
#2018 = DIRECTION('',(1.,0.));
#2019 = ( GEOMETRIC_REPRESENTATION_CONTEXT(2) 
PARAMETRIC_REPRESENTATION_CONTEXT() REPRESENTATION_CONTEXT('2D SPACE',''
  ) );
#2020 = ADVANCED_FACE('',(#2021),#1735,.T.);
#2021 = FACE_BOUND('',#2022,.T.);
#2022 = EDGE_LOOP('',(#2023,#2024,#2025,#2048));
#2023 = ORIENTED_EDGE('',*,*,#1972,.T.);
#2024 = ORIENTED_EDGE('',*,*,#1719,.T.);
#2025 = ORIENTED_EDGE('',*,*,#2026,.F.);
#2026 = EDGE_CURVE('',#2027,#1720,#2029,.T.);
#2027 = VERTEX_POINT('',#2028);
#2028 = CARTESIAN_POINT('',(0.3037109375,-0.3935546875,2.03));
#2029 = SURFACE_CURVE('',#2030,(#2034,#2041),.PCURVE_S1.);
#2030 = LINE('',#2031,#2032);
#2031 = CARTESIAN_POINT('',(0.3037109375,-0.3935546875,2.07));
#2032 = VECTOR('',#2033,1.);
#2033 = DIRECTION('',(-0.,-0.,-1.));
#2034 = PCURVE('',#1735,#2035);
#2035 = DEFINITIONAL_REPRESENTATION('',(#2036),#2040);
#2036 = LINE('',#2037,#2038);
#2037 = CARTESIAN_POINT('',(1.,0.));
#2038 = VECTOR('',#2039,1.);
#2039 = DIRECTION('',(0.,-1.));
#2040 = ( GEOMETRIC_REPRESENTATION_CONTEXT(2) 
PARAMETRIC_REPRESENTATION_CONTEXT() REPRESENTATION_CONTEXT('2D SPACE',''
  ) );
#2041 = PCURVE('',#1765,#2042);
#2042 = DEFINITIONAL_REPRESENTATION('',(#2043),#2047);
#2043 = LINE('',#2044,#2045);
#2044 = CARTESIAN_POINT('',(0.,0.));
#2045 = VECTOR('',#2046,1.);
#2046 = DIRECTION('',(0.,-1.));
#2047 = ( GEOMETRIC_REPRESENTATION_CONTEXT(2) 
PARAMETRIC_REPRESENTATION_CONTEXT() REPRESENTATION_CONTEXT('2D SPACE',''
  ) );
#2048 = ORIENTED_EDGE('',*,*,#2049,.F.);
#2049 = EDGE_CURVE('',#1973,#2027,#2050,.T.);
#2050 = SURFACE_CURVE('',#2051,(#2059,#2070),.PCURVE_S1.);
#2051 = B_SPLINE_CURVE_WITH_KNOTS('',6,(#2052,#2053,#2054,#2055,#2056,
    #2057,#2058),.UNSPECIFIED.,.F.,.F.,(7,7),(0.23828125,0.709330028379)
  ,.PIECEWISE_BEZIER_KNOTS.);
#2052 = CARTESIAN_POINT('',(-0.13818359375,-0.5302734375,2.03));
#2053 = CARTESIAN_POINT('',(-3.759765625E-02,-0.5302734375,2.03));
#2054 = CARTESIAN_POINT('',(5.21869131451E-02,-0.521163133895,
    2.029999982208));
#2055 = CARTESIAN_POINT('',(0.131342317306,-0.502927969837,
    2.029999943035));
#2056 = CARTESIAN_POINT('',(0.199168934198,-0.475538270217,
    2.030000282199));
#2057 = CARTESIAN_POINT('',(0.256545649343,-0.439569602776,2.03));
#2058 = CARTESIAN_POINT('',(0.3037109375,-0.3935546875,2.03));
#2059 = PCURVE('',#1735,#2060);
#2060 = DEFINITIONAL_REPRESENTATION('',(#2061),#2069);
#2061 = B_SPLINE_CURVE_WITH_KNOTS('',6,(#2062,#2063,#2064,#2065,#2066,
    #2067,#2068),.UNSPECIFIED.,.F.,.F.,(7,7),(0.23828125,0.709330028379)
  ,.PIECEWISE_BEZIER_KNOTS.);
#2062 = CARTESIAN_POINT('',(0.,-4.E-02));
#2063 = CARTESIAN_POINT('',(0.166666666667,-4.E-02));
#2064 = CARTESIAN_POINT('',(0.333284635266,-4.00000177923E-02));
#2065 = CARTESIAN_POINT('',(0.500149777,-4.000005696574E-02));
#2066 = CARTESIAN_POINT('',(0.666195444767,-3.999971780134E-02));
#2067 = CARTESIAN_POINT('',(0.831716881278,-4.E-02));
#2068 = CARTESIAN_POINT('',(1.,-4.E-02));
#2069 = ( GEOMETRIC_REPRESENTATION_CONTEXT(2) 
PARAMETRIC_REPRESENTATION_CONTEXT() REPRESENTATION_CONTEXT('2D SPACE',''
  ) );
#2070 = PCURVE('',#2071,#2086);
#2071 = B_SPLINE_SURFACE_WITH_KNOTS('',1,6,(
    (#2072,#2073,#2074,#2075,#2076,#2077,#2078)
    ,(#2079,#2080,#2081,#2082,#2083,#2084,#2085
  )),.UNSPECIFIED.,.F.,.F.,.F.,(2,2),(7,7),(0.,0.471048778379),(
    0.23828125,0.709330028379),.PIECEWISE_BEZIER_KNOTS.);
#2072 = CARTESIAN_POINT('',(-0.13818359375,-0.5302734375,2.03));
#2073 = CARTESIAN_POINT('',(-3.759765625E-02,-0.5302734375,2.03));
#2074 = CARTESIAN_POINT('',(5.21869131451E-02,-0.521163133895,
    2.029999982208));
#2075 = CARTESIAN_POINT('',(0.131342317306,-0.502927969837,
    2.029999943035));
#2076 = CARTESIAN_POINT('',(0.199168934198,-0.475538270217,
    2.030000282199));
#2077 = CARTESIAN_POINT('',(0.256545649343,-0.439569602776,2.03));
#2078 = CARTESIAN_POINT('',(0.3037109375,-0.3935546875,2.03));
#2079 = CARTESIAN_POINT('',(-0.13818359375,-0.4902734375,2.07));
#2080 = CARTESIAN_POINT('',(-4.061815247438E-02,-0.4902734375,2.07));
#2081 = CARTESIAN_POINT('',(4.549022872633E-02,-0.481424708508,2.07));
#2082 = CARTESIAN_POINT('',(0.120228913558,-0.464013920354,2.07));
#2083 = CARTESIAN_POINT('',(0.18263423092,-0.438321118452,2.07));
#2084 = CARTESIAN_POINT('',(0.233705477311,-0.405979495803,2.07));
#2085 = CARTESIAN_POINT('',(0.275777983613,-0.364923409766,2.07));
#2086 = DEFINITIONAL_REPRESENTATION('',(#2087),#2091);
#2087 = LINE('',#2088,#2089);
#2088 = CARTESIAN_POINT('',(0.,0.));
#2089 = VECTOR('',#2090,1.);
#2090 = DIRECTION('',(0.,1.));
#2091 = ( GEOMETRIC_REPRESENTATION_CONTEXT(2) 
PARAMETRIC_REPRESENTATION_CONTEXT() REPRESENTATION_CONTEXT('2D SPACE',''
  ) );
#2092 = ADVANCED_FACE('',(#2093),#1765,.T.);
#2093 = FACE_BOUND('',#2094,.T.);
#2094 = EDGE_LOOP('',(#2095,#2096,#2097,#2120));
#2095 = ORIENTED_EDGE('',*,*,#2026,.T.);
#2096 = ORIENTED_EDGE('',*,*,#1749,.T.);
#2097 = ORIENTED_EDGE('',*,*,#2098,.F.);
#2098 = EDGE_CURVE('',#2099,#1750,#2101,.T.);
#2099 = VERTEX_POINT('',#2100);
#2100 = CARTESIAN_POINT('',(0.44384765625,3.80859375E-02,2.03));
#2101 = SURFACE_CURVE('',#2102,(#2106,#2113),.PCURVE_S1.);
#2102 = LINE('',#2103,#2104);
#2103 = CARTESIAN_POINT('',(0.44384765625,3.80859375E-02,2.07));
#2104 = VECTOR('',#2105,1.);
#2105 = DIRECTION('',(-0.,-0.,-1.));
#2106 = PCURVE('',#1765,#2107);
#2107 = DEFINITIONAL_REPRESENTATION('',(#2108),#2112);
#2108 = LINE('',#2109,#2110);
#2109 = CARTESIAN_POINT('',(1.,0.));
#2110 = VECTOR('',#2111,1.);
#2111 = DIRECTION('',(0.,-1.));
#2112 = ( GEOMETRIC_REPRESENTATION_CONTEXT(2) 
PARAMETRIC_REPRESENTATION_CONTEXT() REPRESENTATION_CONTEXT('2D SPACE',''
  ) );
#2113 = PCURVE('',#1795,#2114);
#2114 = DEFINITIONAL_REPRESENTATION('',(#2115),#2119);
#2115 = LINE('',#2116,#2117);
#2116 = CARTESIAN_POINT('',(0.,0.));
#2117 = VECTOR('',#2118,1.);
#2118 = DIRECTION('',(0.,-1.));
#2119 = ( GEOMETRIC_REPRESENTATION_CONTEXT(2) 
PARAMETRIC_REPRESENTATION_CONTEXT() REPRESENTATION_CONTEXT('2D SPACE',''
  ) );
#2120 = ORIENTED_EDGE('',*,*,#2121,.F.);
#2121 = EDGE_CURVE('',#2027,#2099,#2122,.T.);
#2122 = SURFACE_CURVE('',#2123,(#2131,#2142),.PCURVE_S1.);
#2123 = B_SPLINE_CURVE_WITH_KNOTS('',6,(#2124,#2125,#2126,#2127,#2128,
    #2129,#2130),.UNSPECIFIED.,.F.,.F.,(7,7),(0.709330028379,
    1.180378806759),.PIECEWISE_BEZIER_KNOTS.);
#2124 = CARTESIAN_POINT('',(0.3037109375,-0.3935546875,2.03));
#2125 = CARTESIAN_POINT('',(0.350876225657,-0.347539772224,2.03));
#2126 = CARTESIAN_POINT('',(0.387670648858,-0.291428576594,
    2.029998092719));
#2127 = CARTESIAN_POINT('',(0.416056723061,-0.225704491992,
    2.030001435217));
#2128 = CARTESIAN_POINT('',(0.435815207167,-0.145331004816,
    2.030006098133));
#2129 = CARTESIAN_POINT('',(0.44384765625,-5.36383512486E-02,2.03));
#2130 = CARTESIAN_POINT('',(0.44384765625,3.80859375E-02,2.03));
#2131 = PCURVE('',#1765,#2132);
#2132 = DEFINITIONAL_REPRESENTATION('',(#2133),#2141);
#2133 = B_SPLINE_CURVE_WITH_KNOTS('',6,(#2134,#2135,#2136,#2137,#2138,
    #2139,#2140),.UNSPECIFIED.,.F.,.F.,(7,7),(0.709330028379,
    1.180378806759),.PIECEWISE_BEZIER_KNOTS.);
#2134 = CARTESIAN_POINT('',(0.,-4.E-02));
#2135 = CARTESIAN_POINT('',(0.168283118722,-4.E-02));
#2136 = CARTESIAN_POINT('',(0.333809474314,-4.000190714591E-02));
#2137 = CARTESIAN_POINT('',(0.499631360182,-3.999856522524E-02));
#2138 = CARTESIAN_POINT('',(0.673645728885,-3.999390149164E-02));
#2139 = CARTESIAN_POINT('',(0.844493921062,-4.E-02));
#2140 = CARTESIAN_POINT('',(1.,-4.E-02));
#2141 = ( GEOMETRIC_REPRESENTATION_CONTEXT(2) 
PARAMETRIC_REPRESENTATION_CONTEXT() REPRESENTATION_CONTEXT('2D SPACE',''
  ) );
#2142 = PCURVE('',#2143,#2158);
#2143 = B_SPLINE_SURFACE_WITH_KNOTS('',1,6,(
    (#2144,#2145,#2146,#2147,#2148,#2149,#2150)
    ,(#2151,#2152,#2153,#2154,#2155,#2156,#2157
  )),.UNSPECIFIED.,.F.,.F.,.F.,(2,2),(7,7),(0.,0.471048778379),(
    0.709330028379,1.180378806759),.PIECEWISE_BEZIER_KNOTS.);
#2144 = CARTESIAN_POINT('',(0.3037109375,-0.3935546875,2.03));
#2145 = CARTESIAN_POINT('',(0.350876225657,-0.347539772224,2.03));
#2146 = CARTESIAN_POINT('',(0.387670648858,-0.291428576594,
    2.029998092719));
#2147 = CARTESIAN_POINT('',(0.416056723061,-0.225704491992,
    2.030001435217));
#2148 = CARTESIAN_POINT('',(0.435815207167,-0.145331004816,
    2.030006098133));
#2149 = CARTESIAN_POINT('',(0.44384765625,-5.36383512486E-02,2.03));
#2150 = CARTESIAN_POINT('',(0.44384765625,3.80859375E-02,2.03));
#2151 = CARTESIAN_POINT('',(0.275777983613,-0.364923409766,2.07));
#2152 = CARTESIAN_POINT('',(0.317843699328,-0.323873948693,2.07));
#2153 = CARTESIAN_POINT('',(0.350764648983,-0.27417052725,2.07));
#2154 = CARTESIAN_POINT('',(0.376775724648,-0.214194880454,2.07));
#2155 = CARTESIAN_POINT('',(0.394906963267,-0.138463894447,2.07));
#2156 = CARTESIAN_POINT('',(0.403885136259,-5.023755907069E-02,2.07));
#2157 = CARTESIAN_POINT('',(0.403847659852,3.80859375E-02,2.07));
#2158 = DEFINITIONAL_REPRESENTATION('',(#2159),#2163);
#2159 = LINE('',#2160,#2161);
#2160 = CARTESIAN_POINT('',(0.,0.));
#2161 = VECTOR('',#2162,1.);
#2162 = DIRECTION('',(0.,1.));
#2163 = ( GEOMETRIC_REPRESENTATION_CONTEXT(2) 
PARAMETRIC_REPRESENTATION_CONTEXT() REPRESENTATION_CONTEXT('2D SPACE',''
  ) );
#2164 = ADVANCED_FACE('',(#2165),#1795,.T.);
#2165 = FACE_BOUND('',#2166,.T.);
#2166 = EDGE_LOOP('',(#2167,#2168,#2169,#2192));
#2167 = ORIENTED_EDGE('',*,*,#2098,.T.);
#2168 = ORIENTED_EDGE('',*,*,#1779,.T.);
#2169 = ORIENTED_EDGE('',*,*,#2170,.F.);
#2170 = EDGE_CURVE('',#2171,#1780,#2173,.T.);
#2171 = VERTEX_POINT('',#2172);
#2172 = CARTESIAN_POINT('',(0.3037109375,0.46728515625,2.03));
#2173 = SURFACE_CURVE('',#2174,(#2178,#2185),.PCURVE_S1.);
#2174 = LINE('',#2175,#2176);
#2175 = CARTESIAN_POINT('',(0.3037109375,0.46728515625,2.07));
#2176 = VECTOR('',#2177,1.);
#2177 = DIRECTION('',(-0.,-0.,-1.));
#2178 = PCURVE('',#1795,#2179);
#2179 = DEFINITIONAL_REPRESENTATION('',(#2180),#2184);
#2180 = LINE('',#2181,#2182);
#2181 = CARTESIAN_POINT('',(1.,0.));
#2182 = VECTOR('',#2183,1.);
#2183 = DIRECTION('',(0.,-1.));
#2184 = ( GEOMETRIC_REPRESENTATION_CONTEXT(2) 
PARAMETRIC_REPRESENTATION_CONTEXT() REPRESENTATION_CONTEXT('2D SPACE',''
  ) );
#2185 = PCURVE('',#1823,#2186);
#2186 = DEFINITIONAL_REPRESENTATION('',(#2187),#2191);
#2187 = LINE('',#2188,#2189);
#2188 = CARTESIAN_POINT('',(0.,0.));
#2189 = VECTOR('',#2190,1.);
#2190 = DIRECTION('',(0.,-1.));
#2191 = ( GEOMETRIC_REPRESENTATION_CONTEXT(2) 
PARAMETRIC_REPRESENTATION_CONTEXT() REPRESENTATION_CONTEXT('2D SPACE',''
  ) );
#2192 = ORIENTED_EDGE('',*,*,#2193,.F.);
#2193 = EDGE_CURVE('',#2099,#2171,#2194,.T.);
#2194 = SURFACE_CURVE('',#2195,(#2203,#2214),.PCURVE_S1.);
#2195 = B_SPLINE_CURVE_WITH_KNOTS('',6,(#2196,#2197,#2198,#2199,#2200,
    #2201,#2202),.UNSPECIFIED.,.F.,.F.,(7,7),(1.180378806759,
    1.648308056804),.PIECEWISE_BEZIER_KNOTS.);
#2196 = CARTESIAN_POINT('',(0.44384765625,3.80859375E-02,2.03));
#2197 = CARTESIAN_POINT('',(0.44384765625,0.129202780628,2.03));
#2198 = CARTESIAN_POINT('',(0.435814884602,0.220332879009,2.030007705933
    ));
#2199 = CARTESIAN_POINT('',(0.416050406695,0.300217129134,2.030000421316
    ));
#2200 = CARTESIAN_POINT('',(0.387670469806,0.365593763023,2.029998338051
    ));
#2201 = CARTESIAN_POINT('',(0.350866835826,0.421443708052,2.03));
#2202 = CARTESIAN_POINT('',(0.3037109375,0.46728515625,2.03));
#2203 = PCURVE('',#1795,#2204);
#2204 = DEFINITIONAL_REPRESENTATION('',(#2205),#2213);
#2205 = B_SPLINE_CURVE_WITH_KNOTS('',6,(#2206,#2207,#2208,#2209,#2210,
    #2211,#2212),.UNSPECIFIED.,.F.,.F.,(7,7),(1.180378806759,
    1.648308056804),.PIECEWISE_BEZIER_KNOTS.);
#2206 = CARTESIAN_POINT('',(1.09683177475E-16,-4.E-02));
#2207 = CARTESIAN_POINT('',(0.155506078938,-4.E-02));
#2208 = CARTESIAN_POINT('',(0.32639023243,-3.999229362968E-02));
#2209 = CARTESIAN_POINT('',(0.500389413602,-3.999957918957E-02));
#2210 = CARTESIAN_POINT('',(0.666204930696,-4.00016617927E-02));
#2211 = CARTESIAN_POINT('',(0.831750383673,-4.E-02));
#2212 = CARTESIAN_POINT('',(1.,-4.E-02));
#2213 = ( GEOMETRIC_REPRESENTATION_CONTEXT(2) 
PARAMETRIC_REPRESENTATION_CONTEXT() REPRESENTATION_CONTEXT('2D SPACE',''
  ) );
#2214 = PCURVE('',#2215,#2230);
#2215 = B_SPLINE_SURFACE_WITH_KNOTS('',1,6,(
    (#2216,#2217,#2218,#2219,#2220,#2221,#2222)
    ,(#2223,#2224,#2225,#2226,#2227,#2228,#2229
  )),.UNSPECIFIED.,.F.,.F.,.F.,(2,2),(7,7),(0.,0.467929250046),(
    1.180378806759,1.648308056804),.PIECEWISE_BEZIER_KNOTS.);
#2216 = CARTESIAN_POINT('',(0.44384765625,3.80859375E-02,2.03));
#2217 = CARTESIAN_POINT('',(0.44384765625,0.129202780628,2.03));
#2218 = CARTESIAN_POINT('',(0.435814884602,0.220332879009,2.030007705933
    ));
#2219 = CARTESIAN_POINT('',(0.416050406695,0.300217129134,2.030000421316
    ));
#2220 = CARTESIAN_POINT('',(0.387670469806,0.365593763023,2.029998338051
    ));
#2221 = CARTESIAN_POINT('',(0.350866835826,0.421443708052,2.03));
#2222 = CARTESIAN_POINT('',(0.3037109375,0.46728515625,2.03));
#2223 = CARTESIAN_POINT('',(0.403847659852,3.80859375E-02,2.07));
#2224 = CARTESIAN_POINT('',(0.403810431633,0.125790671474,2.07));
#2225 = CARTESIAN_POINT('',(0.394879288925,0.213421475266,2.07));
#2226 = CARTESIAN_POINT('',(0.376778202712,0.288647787211,2.07));
#2227 = CARTESIAN_POINT('',(0.350806782492,0.348241161287,2.07));
#2228 = CARTESIAN_POINT('',(0.317898223098,0.397714651799,2.07));
#2229 = CARTESIAN_POINT('',(0.275829228974,0.438603972211,2.07));
#2230 = DEFINITIONAL_REPRESENTATION('',(#2231),#2235);
#2231 = LINE('',#2232,#2233);
#2232 = CARTESIAN_POINT('',(0.,0.));
#2233 = VECTOR('',#2234,1.);
#2234 = DIRECTION('',(0.,1.));
#2235 = ( GEOMETRIC_REPRESENTATION_CONTEXT(2) 
PARAMETRIC_REPRESENTATION_CONTEXT() REPRESENTATION_CONTEXT('2D SPACE',''
  ) );
#2236 = ADVANCED_FACE('',(#2237),#1823,.T.);
#2237 = FACE_BOUND('',#2238,.T.);
#2238 = EDGE_LOOP('',(#2239,#2240,#2241,#2242));
#2239 = ORIENTED_EDGE('',*,*,#2170,.T.);
#2240 = ORIENTED_EDGE('',*,*,#1809,.T.);
#2241 = ORIENTED_EDGE('',*,*,#1840,.F.);
#2242 = ORIENTED_EDGE('',*,*,#2243,.F.);
#2243 = EDGE_CURVE('',#2171,#1841,#2244,.T.);
#2244 = SURFACE_CURVE('',#2245,(#2253,#2264),.PCURVE_S1.);
#2245 = B_SPLINE_CURVE_WITH_KNOTS('',6,(#2246,#2247,#2248,#2249,#2250,
    #2251,#2252),.UNSPECIFIED.,.F.,.F.,(7,7),(1.648308056804,
    2.11623730685),.PIECEWISE_BEZIER_KNOTS.);
#2246 = CARTESIAN_POINT('',(0.3037109375,0.46728515625,2.03));
#2247 = CARTESIAN_POINT('',(0.256555039174,0.513126604448,2.03));
#2248 = CARTESIAN_POINT('',(0.199172177924,0.548979822336,2.030000219181
    ));
#2249 = CARTESIAN_POINT('',(0.131339991404,0.576266339926,2.029999979248
    ));
#2250 = CARTESIAN_POINT('',(5.218764774246E-02,0.594438191141,
    2.02999997388));
#2251 = CARTESIAN_POINT('',(-3.759765625E-02,0.603515625,2.03));
#2252 = CARTESIAN_POINT('',(-0.13818359375,0.603515625,2.03));
#2253 = PCURVE('',#1823,#2254);
#2254 = DEFINITIONAL_REPRESENTATION('',(#2255),#2263);
#2255 = B_SPLINE_CURVE_WITH_KNOTS('',6,(#2256,#2257,#2258,#2259,#2260,
    #2261,#2262),.UNSPECIFIED.,.F.,.F.,(7,7),(1.648308056804,
    2.11623730685),.PIECEWISE_BEZIER_KNOTS.);
#2256 = CARTESIAN_POINT('',(2.919320359687E-16,-4.E-02));
#2257 = CARTESIAN_POINT('',(0.168249616327,-4.E-02));
#2258 = CARTESIAN_POINT('',(0.333806771352,-3.999978081937E-02));
#2259 = CARTESIAN_POINT('',(0.499851164079,-4.000002075232E-02));
#2260 = CARTESIAN_POINT('',(0.666714812068,-4.000002611979E-02));
#2261 = CARTESIAN_POINT('',(0.833333333333,-4.E-02));
#2262 = CARTESIAN_POINT('',(1.,-4.E-02));
#2263 = ( GEOMETRIC_REPRESENTATION_CONTEXT(2) 
PARAMETRIC_REPRESENTATION_CONTEXT() REPRESENTATION_CONTEXT('2D SPACE',''
  ) );
#2264 = PCURVE('',#2265,#2280);
#2265 = B_SPLINE_SURFACE_WITH_KNOTS('',1,6,(
    (#2266,#2267,#2268,#2269,#2270,#2271,#2272)
    ,(#2273,#2274,#2275,#2276,#2277,#2278,#2279
  )),.UNSPECIFIED.,.F.,.F.,.F.,(2,2),(7,7),(0.,0.467929250046),(
    1.648308056804,2.11623730685),.PIECEWISE_BEZIER_KNOTS.);
#2266 = CARTESIAN_POINT('',(0.3037109375,0.46728515625,2.03));
#2267 = CARTESIAN_POINT('',(0.256555039174,0.513126604448,2.03));
#2268 = CARTESIAN_POINT('',(0.199172177924,0.548979822336,2.030000219181
    ));
#2269 = CARTESIAN_POINT('',(0.131339991404,0.576266339926,2.029999979248
    ));
#2270 = CARTESIAN_POINT('',(5.218764774246E-02,0.594438191141,
    2.02999997388));
#2271 = CARTESIAN_POINT('',(-3.759765625E-02,0.603515625,2.03));
#2272 = CARTESIAN_POINT('',(-0.13818359375,0.603515625,2.03));
#2273 = CARTESIAN_POINT('',(0.275829228974,0.438603972211,2.07));
#2274 = CARTESIAN_POINT('',(0.233765155983,0.479488508663,2.07));
#2275 = CARTESIAN_POINT('',(0.182686377835,0.511732999547,2.07));
#2276 = CARTESIAN_POINT('',(0.120265440863,0.537346398035,2.07));
#2277 = CARTESIAN_POINT('',(4.551444354665E-02,0.554697428997,2.07));
#2278 = CARTESIAN_POINT('',(-4.060736498786E-02,0.563515625,2.07));
#2279 = CARTESIAN_POINT('',(-0.13818359375,0.563515625,2.07));
#2280 = DEFINITIONAL_REPRESENTATION('',(#2281),#2285);
#2281 = LINE('',#2282,#2283);
#2282 = CARTESIAN_POINT('',(0.,0.));
#2283 = VECTOR('',#2284,1.);
#2284 = DIRECTION('',(0.,1.));
#2285 = ( GEOMETRIC_REPRESENTATION_CONTEXT(2) 
PARAMETRIC_REPRESENTATION_CONTEXT() REPRESENTATION_CONTEXT('2D SPACE',''
  ) );
#2286 = ADVANCED_FACE('',(#2287),#1901,.T.);
#2287 = FACE_BOUND('',#2288,.T.);
#2288 = EDGE_LOOP('',(#2289,#2310,#2311,#2334));
#2289 = ORIENTED_EDGE('',*,*,#2290,.F.);
#2290 = EDGE_CURVE('',#1841,#2291,#2293,.T.);
#2291 = VERTEX_POINT('',#2292);
#2292 = CARTESIAN_POINT('',(-0.13818359375,0.563515625,2.07));
#2293 = SURFACE_CURVE('',#2294,(#2297,#2303),.PCURVE_S1.);
#2294 = B_SPLINE_CURVE_WITH_KNOTS('',1,(#2295,#2296),.UNSPECIFIED.,.F.,
  .F.,(2,2),(0.,0.467929250046),.PIECEWISE_BEZIER_KNOTS.);
#2295 = CARTESIAN_POINT('',(-0.13818359375,0.603515625,2.03));
#2296 = CARTESIAN_POINT('',(-0.13818359375,0.563515625,2.07));
#2297 = PCURVE('',#1901,#2298);
#2298 = DEFINITIONAL_REPRESENTATION('',(#2299),#2302);
#2299 = B_SPLINE_CURVE_WITH_KNOTS('',1,(#2300,#2301),.UNSPECIFIED.,.F.,
  .F.,(2,2),(0.,0.467929250046),.PIECEWISE_BEZIER_KNOTS.);
#2300 = CARTESIAN_POINT('',(0.,-2.828427124746E-02));
#2301 = CARTESIAN_POINT('',(0.,2.828427124746E-02));
#2302 = ( GEOMETRIC_REPRESENTATION_CONTEXT(2) 
PARAMETRIC_REPRESENTATION_CONTEXT() REPRESENTATION_CONTEXT('2D SPACE',''
  ) );
#2303 = PCURVE('',#2265,#2304);
#2304 = DEFINITIONAL_REPRESENTATION('',(#2305),#2309);
#2305 = LINE('',#2306,#2307);
#2306 = CARTESIAN_POINT('',(0.,2.11623730685));
#2307 = VECTOR('',#2308,1.);
#2308 = DIRECTION('',(1.,0.));
#2309 = ( GEOMETRIC_REPRESENTATION_CONTEXT(2) 
PARAMETRIC_REPRESENTATION_CONTEXT() REPRESENTATION_CONTEXT('2D SPACE',''
  ) );
#2310 = ORIENTED_EDGE('',*,*,#1887,.T.);
#2311 = ORIENTED_EDGE('',*,*,#2312,.T.);
#2312 = EDGE_CURVE('',#1865,#2313,#2315,.T.);
#2313 = VERTEX_POINT('',#2314);
#2314 = CARTESIAN_POINT('',(-0.33646484375,0.563515625,2.07));
#2315 = SURFACE_CURVE('',#2316,(#2320,#2327),.PCURVE_S1.);
#2316 = LINE('',#2317,#2318);
#2317 = CARTESIAN_POINT('',(-0.32341796875,0.55046875,2.083046875));
#2318 = VECTOR('',#2319,1.);
#2319 = DIRECTION('',(0.57735026919,-0.57735026919,0.57735026919));
#2320 = PCURVE('',#1901,#2321);
#2321 = DEFINITIONAL_REPRESENTATION('',(#2322),#2326);
#2322 = LINE('',#2323,#2324);
#2323 = CARTESIAN_POINT('',(0.185234375,4.673533881905E-02));
#2324 = VECTOR('',#2325,1.);
#2325 = DIRECTION('',(-0.57735026919,0.816496580928));
#2326 = ( GEOMETRIC_REPRESENTATION_CONTEXT(2) 
PARAMETRIC_REPRESENTATION_CONTEXT() REPRESENTATION_CONTEXT('2D SPACE',''
  ) );
#2327 = PCURVE('',#1955,#2328);
#2328 = DEFINITIONAL_REPRESENTATION('',(#2329),#2333);
#2329 = LINE('',#2330,#2331);
#2330 = CARTESIAN_POINT('',(5.3046875E-02,4.673533881905E-02));
#2331 = VECTOR('',#2332,1.);
#2332 = DIRECTION('',(0.57735026919,0.816496580928));
#2333 = ( GEOMETRIC_REPRESENTATION_CONTEXT(2) 
PARAMETRIC_REPRESENTATION_CONTEXT() REPRESENTATION_CONTEXT('2D SPACE',''
  ) );
#2334 = ORIENTED_EDGE('',*,*,#2335,.F.);
#2335 = EDGE_CURVE('',#2291,#2313,#2336,.T.);
#2336 = SURFACE_CURVE('',#2337,(#2341,#2348),.PCURVE_S1.);
#2337 = LINE('',#2338,#2339);
#2338 = CARTESIAN_POINT('',(-0.13818359375,0.563515625,2.07));
#2339 = VECTOR('',#2340,1.);
#2340 = DIRECTION('',(-1.,0.,0.));
#2341 = PCURVE('',#1901,#2342);
#2342 = DEFINITIONAL_REPRESENTATION('',(#2343),#2347);
#2343 = LINE('',#2344,#2345);
#2344 = CARTESIAN_POINT('',(0.,2.828427124746E-02));
#2345 = VECTOR('',#2346,1.);
#2346 = DIRECTION('',(1.,0.));
#2347 = ( GEOMETRIC_REPRESENTATION_CONTEXT(2) 
PARAMETRIC_REPRESENTATION_CONTEXT() REPRESENTATION_CONTEXT('2D SPACE',''
  ) );
#2348 = PCURVE('',#2349,#2354);
#2349 = PLANE('',#2350);
#2350 = AXIS2_PLACEMENT_3D('',#2351,#2352,#2353);
#2351 = CARTESIAN_POINT('',(-8.720919212624E-17,1.725501525117E-16,2.07)
  );
#2352 = DIRECTION('',(0.,0.,1.));
#2353 = DIRECTION('',(1.,0.,0.));
#2354 = DEFINITIONAL_REPRESENTATION('',(#2355),#2359);
#2355 = LINE('',#2356,#2357);
#2356 = CARTESIAN_POINT('',(-0.13818359375,0.563515625));
#2357 = VECTOR('',#2358,1.);
#2358 = DIRECTION('',(-1.,0.));
#2359 = ( GEOMETRIC_REPRESENTATION_CONTEXT(2) 
PARAMETRIC_REPRESENTATION_CONTEXT() REPRESENTATION_CONTEXT('2D SPACE',''
  ) );
#2360 = ADVANCED_FACE('',(#2361),#1955,.T.);
#2361 = FACE_BOUND('',#2362,.T.);
#2362 = EDGE_LOOP('',(#2363,#2364,#2365,#2388));
#2363 = ORIENTED_EDGE('',*,*,#2312,.F.);
#2364 = ORIENTED_EDGE('',*,*,#1941,.T.);
#2365 = ORIENTED_EDGE('',*,*,#2366,.T.);
#2366 = EDGE_CURVE('',#1919,#2367,#2369,.T.);
#2367 = VERTEX_POINT('',#2368);
#2368 = CARTESIAN_POINT('',(-0.33646484375,-0.4902734375,2.07));
#2369 = SURFACE_CURVE('',#2370,(#2374,#2381),.PCURVE_S1.);
#2370 = LINE('',#2371,#2372);
#2371 = CARTESIAN_POINT('',(-0.174166666667,-0.327975260417,
    2.232298177083));
#2372 = VECTOR('',#2373,1.);
#2373 = DIRECTION('',(0.57735026919,0.57735026919,0.57735026919));
#2374 = PCURVE('',#1955,#2375);
#2375 = DEFINITIONAL_REPRESENTATION('',(#2376),#2380);
#2376 = LINE('',#2377,#2378);
#2377 = CARTESIAN_POINT('',(0.931490885417,0.257808554427));
#2378 = VECTOR('',#2379,1.);
#2379 = DIRECTION('',(-0.57735026919,0.816496580928));
#2380 = ( GEOMETRIC_REPRESENTATION_CONTEXT(2) 
PARAMETRIC_REPRESENTATION_CONTEXT() REPRESENTATION_CONTEXT('2D SPACE',''
  ) );
#2381 = PCURVE('',#2009,#2382);
#2382 = DEFINITIONAL_REPRESENTATION('',(#2383),#2387);
#2383 = LINE('',#2384,#2385);
#2384 = CARTESIAN_POINT('',(0.202298177083,0.257808554427));
#2385 = VECTOR('',#2386,1.);
#2386 = DIRECTION('',(0.57735026919,0.816496580928));
#2387 = ( GEOMETRIC_REPRESENTATION_CONTEXT(2) 
PARAMETRIC_REPRESENTATION_CONTEXT() REPRESENTATION_CONTEXT('2D SPACE',''
  ) );
#2388 = ORIENTED_EDGE('',*,*,#2389,.F.);
#2389 = EDGE_CURVE('',#2313,#2367,#2390,.T.);
#2390 = SURFACE_CURVE('',#2391,(#2395,#2402),.PCURVE_S1.);
#2391 = LINE('',#2392,#2393);
#2392 = CARTESIAN_POINT('',(-0.33646484375,0.603515625,2.07));
#2393 = VECTOR('',#2394,1.);
#2394 = DIRECTION('',(0.,-1.,0.));
#2395 = PCURVE('',#1955,#2396);
#2396 = DEFINITIONAL_REPRESENTATION('',(#2397),#2401);
#2397 = LINE('',#2398,#2399);
#2398 = CARTESIAN_POINT('',(0.,2.828427124746E-02));
#2399 = VECTOR('',#2400,1.);
#2400 = DIRECTION('',(1.,0.));
#2401 = ( GEOMETRIC_REPRESENTATION_CONTEXT(2) 
PARAMETRIC_REPRESENTATION_CONTEXT() REPRESENTATION_CONTEXT('2D SPACE',''
  ) );
#2402 = PCURVE('',#2349,#2403);
#2403 = DEFINITIONAL_REPRESENTATION('',(#2404),#2408);
#2404 = LINE('',#2405,#2406);
#2405 = CARTESIAN_POINT('',(-0.33646484375,0.603515625));
#2406 = VECTOR('',#2407,1.);
#2407 = DIRECTION('',(0.,-1.));
#2408 = ( GEOMETRIC_REPRESENTATION_CONTEXT(2) 
PARAMETRIC_REPRESENTATION_CONTEXT() REPRESENTATION_CONTEXT('2D SPACE',''
  ) );
#2409 = ADVANCED_FACE('',(#2410),#2009,.T.);
#2410 = FACE_BOUND('',#2411,.T.);
#2411 = EDGE_LOOP('',(#2412,#2413,#2414,#2436));
#2412 = ORIENTED_EDGE('',*,*,#2366,.F.);
#2413 = ORIENTED_EDGE('',*,*,#1995,.T.);
#2414 = ORIENTED_EDGE('',*,*,#2415,.T.);
#2415 = EDGE_CURVE('',#1973,#2416,#2418,.T.);
#2416 = VERTEX_POINT('',#2417);
#2417 = CARTESIAN_POINT('',(-0.13818359375,-0.4902734375,2.07));
#2418 = SURFACE_CURVE('',#2419,(#2423,#2430),.PCURVE_S1.);
#2419 = LINE('',#2420,#2421);
#2420 = CARTESIAN_POINT('',(-0.13818359375,-0.5102734375,2.05));
#2421 = VECTOR('',#2422,1.);
#2422 = DIRECTION('',(0.,0.707106781187,0.707106781187));
#2423 = PCURVE('',#2009,#2424);
#2424 = DEFINITIONAL_REPRESENTATION('',(#2425),#2429);
#2425 = LINE('',#2426,#2427);
#2426 = CARTESIAN_POINT('',(0.23828125,0.));
#2427 = VECTOR('',#2428,1.);
#2428 = DIRECTION('',(0.,1.));
#2429 = ( GEOMETRIC_REPRESENTATION_CONTEXT(2) 
PARAMETRIC_REPRESENTATION_CONTEXT() REPRESENTATION_CONTEXT('2D SPACE',''
  ) );
#2430 = PCURVE('',#2071,#2431);
#2431 = DEFINITIONAL_REPRESENTATION('',(#2432),#2435);
#2432 = B_SPLINE_CURVE_WITH_KNOTS('',1,(#2433,#2434),.UNSPECIFIED.,.F.,
  .F.,(2,2),(-2.828427124746E-02,2.828427124746E-02),
  .PIECEWISE_BEZIER_KNOTS.);
#2433 = CARTESIAN_POINT('',(0.,0.23828125));
#2434 = CARTESIAN_POINT('',(0.471048778379,0.23828125));
#2435 = ( GEOMETRIC_REPRESENTATION_CONTEXT(2) 
PARAMETRIC_REPRESENTATION_CONTEXT() REPRESENTATION_CONTEXT('2D SPACE',''
  ) );
#2436 = ORIENTED_EDGE('',*,*,#2437,.F.);
#2437 = EDGE_CURVE('',#2367,#2416,#2438,.T.);
#2438 = SURFACE_CURVE('',#2439,(#2443,#2450),.PCURVE_S1.);
#2439 = LINE('',#2440,#2441);
#2440 = CARTESIAN_POINT('',(-0.37646484375,-0.4902734375,2.07));
#2441 = VECTOR('',#2442,1.);
#2442 = DIRECTION('',(1.,0.,0.));
#2443 = PCURVE('',#2009,#2444);
#2444 = DEFINITIONAL_REPRESENTATION('',(#2445),#2449);
#2445 = LINE('',#2446,#2447);
#2446 = CARTESIAN_POINT('',(0.,2.828427124746E-02));
#2447 = VECTOR('',#2448,1.);
#2448 = DIRECTION('',(1.,0.));
#2449 = ( GEOMETRIC_REPRESENTATION_CONTEXT(2) 
PARAMETRIC_REPRESENTATION_CONTEXT() REPRESENTATION_CONTEXT('2D SPACE',''
  ) );
#2450 = PCURVE('',#2349,#2451);
#2451 = DEFINITIONAL_REPRESENTATION('',(#2452),#2456);
#2452 = LINE('',#2453,#2454);
#2453 = CARTESIAN_POINT('',(-0.37646484375,-0.4902734375));
#2454 = VECTOR('',#2455,1.);
#2455 = DIRECTION('',(1.,0.));
#2456 = ( GEOMETRIC_REPRESENTATION_CONTEXT(2) 
PARAMETRIC_REPRESENTATION_CONTEXT() REPRESENTATION_CONTEXT('2D SPACE',''
  ) );
#2457 = ADVANCED_FACE('',(#2458),#2071,.F.);
#2458 = FACE_BOUND('',#2459,.F.);
#2459 = EDGE_LOOP('',(#2460,#2461,#2492,#2512));
#2460 = ORIENTED_EDGE('',*,*,#2415,.T.);
#2461 = ORIENTED_EDGE('',*,*,#2462,.T.);
#2462 = EDGE_CURVE('',#2416,#2463,#2465,.T.);
#2463 = VERTEX_POINT('',#2464);
#2464 = CARTESIAN_POINT('',(0.275777983613,-0.364923409766,2.07));
#2465 = SURFACE_CURVE('',#2466,(#2474,#2481),.PCURVE_S1.);
#2466 = B_SPLINE_CURVE_WITH_KNOTS('',6,(#2467,#2468,#2469,#2470,#2471,
    #2472,#2473),.UNSPECIFIED.,.F.,.F.,(7,7),(0.23828125,0.709330028379)
  ,.PIECEWISE_BEZIER_KNOTS.);
#2467 = CARTESIAN_POINT('',(-0.13818359375,-0.4902734375,2.07));
#2468 = CARTESIAN_POINT('',(-4.061815247438E-02,-0.4902734375,2.07));
#2469 = CARTESIAN_POINT('',(4.549022872633E-02,-0.481424708508,2.07));
#2470 = CARTESIAN_POINT('',(0.120228913558,-0.464013920354,2.07));
#2471 = CARTESIAN_POINT('',(0.18263423092,-0.438321118452,2.07));
#2472 = CARTESIAN_POINT('',(0.233705477311,-0.405979495803,2.07));
#2473 = CARTESIAN_POINT('',(0.275777983613,-0.364923409766,2.07));
#2474 = PCURVE('',#2071,#2475);
#2475 = DEFINITIONAL_REPRESENTATION('',(#2476),#2480);
#2476 = LINE('',#2477,#2478);
#2477 = CARTESIAN_POINT('',(0.471048778379,0.));
#2478 = VECTOR('',#2479,1.);
#2479 = DIRECTION('',(0.,1.));
#2480 = ( GEOMETRIC_REPRESENTATION_CONTEXT(2) 
PARAMETRIC_REPRESENTATION_CONTEXT() REPRESENTATION_CONTEXT('2D SPACE',''
  ) );
#2481 = PCURVE('',#2349,#2482);
#2482 = DEFINITIONAL_REPRESENTATION('',(#2483),#2491);
#2483 = B_SPLINE_CURVE_WITH_KNOTS('',6,(#2484,#2485,#2486,#2487,#2488,
    #2489,#2490),.UNSPECIFIED.,.F.,.F.,(7,7),(0.23828125,0.709330028379)
  ,.PIECEWISE_BEZIER_KNOTS.);
#2484 = CARTESIAN_POINT('',(-0.13818359375,-0.4902734375));
#2485 = CARTESIAN_POINT('',(-4.061815247438E-02,-0.4902734375));
#2486 = CARTESIAN_POINT('',(4.549022872633E-02,-0.481424708508));
#2487 = CARTESIAN_POINT('',(0.120228913558,-0.464013920354));
#2488 = CARTESIAN_POINT('',(0.18263423092,-0.438321118452));
#2489 = CARTESIAN_POINT('',(0.233705477311,-0.405979495803));
#2490 = CARTESIAN_POINT('',(0.275777983613,-0.364923409766));
#2491 = ( GEOMETRIC_REPRESENTATION_CONTEXT(2) 
PARAMETRIC_REPRESENTATION_CONTEXT() REPRESENTATION_CONTEXT('2D SPACE',''
  ) );
#2492 = ORIENTED_EDGE('',*,*,#2493,.F.);
#2493 = EDGE_CURVE('',#2027,#2463,#2494,.T.);
#2494 = SURFACE_CURVE('',#2495,(#2498,#2505),.PCURVE_S1.);
#2495 = B_SPLINE_CURVE_WITH_KNOTS('',1,(#2496,#2497),.UNSPECIFIED.,.F.,
  .F.,(2,2),(0.,0.471048778379),.PIECEWISE_BEZIER_KNOTS.);
#2496 = CARTESIAN_POINT('',(0.3037109375,-0.3935546875,2.03));
#2497 = CARTESIAN_POINT('',(0.275777983613,-0.364923409766,2.07));
#2498 = PCURVE('',#2071,#2499);
#2499 = DEFINITIONAL_REPRESENTATION('',(#2500),#2504);
#2500 = LINE('',#2501,#2502);
#2501 = CARTESIAN_POINT('',(0.,0.709330028379));
#2502 = VECTOR('',#2503,1.);
#2503 = DIRECTION('',(1.,0.));
#2504 = ( GEOMETRIC_REPRESENTATION_CONTEXT(2) 
PARAMETRIC_REPRESENTATION_CONTEXT() REPRESENTATION_CONTEXT('2D SPACE',''
  ) );
#2505 = PCURVE('',#2143,#2506);
#2506 = DEFINITIONAL_REPRESENTATION('',(#2507),#2511);
#2507 = LINE('',#2508,#2509);
#2508 = CARTESIAN_POINT('',(0.,0.709330028379));
#2509 = VECTOR('',#2510,1.);
#2510 = DIRECTION('',(1.,0.));
#2511 = ( GEOMETRIC_REPRESENTATION_CONTEXT(2) 
PARAMETRIC_REPRESENTATION_CONTEXT() REPRESENTATION_CONTEXT('2D SPACE',''
  ) );
#2512 = ORIENTED_EDGE('',*,*,#2049,.F.);
#2513 = ADVANCED_FACE('',(#2514),#2143,.F.);
#2514 = FACE_BOUND('',#2515,.F.);
#2515 = EDGE_LOOP('',(#2516,#2517,#2548,#2567));
#2516 = ORIENTED_EDGE('',*,*,#2493,.T.);
#2517 = ORIENTED_EDGE('',*,*,#2518,.T.);
#2518 = EDGE_CURVE('',#2463,#2519,#2521,.T.);
#2519 = VERTEX_POINT('',#2520);
#2520 = CARTESIAN_POINT('',(0.403847659852,3.80859375E-02,2.07));
#2521 = SURFACE_CURVE('',#2522,(#2530,#2537),.PCURVE_S1.);
#2522 = B_SPLINE_CURVE_WITH_KNOTS('',6,(#2523,#2524,#2525,#2526,#2527,
    #2528,#2529),.UNSPECIFIED.,.F.,.F.,(7,7),(0.709330028379,
    1.180378806759),.PIECEWISE_BEZIER_KNOTS.);
#2523 = CARTESIAN_POINT('',(0.275777983613,-0.364923409766,2.07));
#2524 = CARTESIAN_POINT('',(0.317843699328,-0.323873948693,2.07));
#2525 = CARTESIAN_POINT('',(0.350764648983,-0.27417052725,2.07));
#2526 = CARTESIAN_POINT('',(0.376775724648,-0.214194880454,2.07));
#2527 = CARTESIAN_POINT('',(0.394906963267,-0.138463894447,2.07));
#2528 = CARTESIAN_POINT('',(0.403885136259,-5.023755907069E-02,2.07));
#2529 = CARTESIAN_POINT('',(0.403847659852,3.80859375E-02,2.07));
#2530 = PCURVE('',#2143,#2531);
#2531 = DEFINITIONAL_REPRESENTATION('',(#2532),#2536);
#2532 = LINE('',#2533,#2534);
#2533 = CARTESIAN_POINT('',(0.471048778379,0.));
#2534 = VECTOR('',#2535,1.);
#2535 = DIRECTION('',(0.,1.));
#2536 = ( GEOMETRIC_REPRESENTATION_CONTEXT(2) 
PARAMETRIC_REPRESENTATION_CONTEXT() REPRESENTATION_CONTEXT('2D SPACE',''
  ) );
#2537 = PCURVE('',#2349,#2538);
#2538 = DEFINITIONAL_REPRESENTATION('',(#2539),#2547);
#2539 = B_SPLINE_CURVE_WITH_KNOTS('',6,(#2540,#2541,#2542,#2543,#2544,
    #2545,#2546),.UNSPECIFIED.,.F.,.F.,(7,7),(0.709330028379,
    1.180378806759),.PIECEWISE_BEZIER_KNOTS.);
#2540 = CARTESIAN_POINT('',(0.275777983613,-0.364923409766));
#2541 = CARTESIAN_POINT('',(0.317843699328,-0.323873948693));
#2542 = CARTESIAN_POINT('',(0.350764648983,-0.27417052725));
#2543 = CARTESIAN_POINT('',(0.376775724648,-0.214194880454));
#2544 = CARTESIAN_POINT('',(0.394906963267,-0.138463894447));
#2545 = CARTESIAN_POINT('',(0.403885136259,-5.023755907069E-02));
#2546 = CARTESIAN_POINT('',(0.403847659852,3.80859375E-02));
#2547 = ( GEOMETRIC_REPRESENTATION_CONTEXT(2) 
PARAMETRIC_REPRESENTATION_CONTEXT() REPRESENTATION_CONTEXT('2D SPACE',''
  ) );
#2548 = ORIENTED_EDGE('',*,*,#2549,.F.);
#2549 = EDGE_CURVE('',#2099,#2519,#2550,.T.);
#2550 = SURFACE_CURVE('',#2551,(#2554,#2561),.PCURVE_S1.);
#2551 = B_SPLINE_CURVE_WITH_KNOTS('',1,(#2552,#2553),.UNSPECIFIED.,.F.,
  .F.,(2,2),(0.,0.471048778379),.PIECEWISE_BEZIER_KNOTS.);
#2552 = CARTESIAN_POINT('',(0.44384765625,3.80859375E-02,2.03));
#2553 = CARTESIAN_POINT('',(0.403847659852,3.80859375E-02,2.07));
#2554 = PCURVE('',#2143,#2555);
#2555 = DEFINITIONAL_REPRESENTATION('',(#2556),#2560);
#2556 = LINE('',#2557,#2558);
#2557 = CARTESIAN_POINT('',(0.,1.180378806759));
#2558 = VECTOR('',#2559,1.);
#2559 = DIRECTION('',(1.,0.));
#2560 = ( GEOMETRIC_REPRESENTATION_CONTEXT(2) 
PARAMETRIC_REPRESENTATION_CONTEXT() REPRESENTATION_CONTEXT('2D SPACE',''
  ) );
#2561 = PCURVE('',#2215,#2562);
#2562 = DEFINITIONAL_REPRESENTATION('',(#2563),#2566);
#2563 = B_SPLINE_CURVE_WITH_KNOTS('',1,(#2564,#2565),.UNSPECIFIED.,.F.,
  .F.,(2,2),(0.,0.471048778379),.PIECEWISE_BEZIER_KNOTS.);
#2564 = CARTESIAN_POINT('',(0.,1.180378806759));
#2565 = CARTESIAN_POINT('',(0.467929250046,1.180378806759));
#2566 = ( GEOMETRIC_REPRESENTATION_CONTEXT(2) 
PARAMETRIC_REPRESENTATION_CONTEXT() REPRESENTATION_CONTEXT('2D SPACE',''
  ) );
#2567 = ORIENTED_EDGE('',*,*,#2121,.F.);
#2568 = ADVANCED_FACE('',(#2569),#2215,.F.);
#2569 = FACE_BOUND('',#2570,.F.);
#2570 = EDGE_LOOP('',(#2571,#2572,#2603,#2623));
#2571 = ORIENTED_EDGE('',*,*,#2549,.T.);
#2572 = ORIENTED_EDGE('',*,*,#2573,.T.);
#2573 = EDGE_CURVE('',#2519,#2574,#2576,.T.);
#2574 = VERTEX_POINT('',#2575);
#2575 = CARTESIAN_POINT('',(0.275829228974,0.438603972211,2.07));
#2576 = SURFACE_CURVE('',#2577,(#2585,#2592),.PCURVE_S1.);
#2577 = B_SPLINE_CURVE_WITH_KNOTS('',6,(#2578,#2579,#2580,#2581,#2582,
    #2583,#2584),.UNSPECIFIED.,.F.,.F.,(7,7),(1.180378806759,
    1.648308056804),.PIECEWISE_BEZIER_KNOTS.);
#2578 = CARTESIAN_POINT('',(0.403847659852,3.80859375E-02,2.07));
#2579 = CARTESIAN_POINT('',(0.403810431633,0.125790671474,2.07));
#2580 = CARTESIAN_POINT('',(0.394879288925,0.213421475266,2.07));
#2581 = CARTESIAN_POINT('',(0.376778202712,0.288647787211,2.07));
#2582 = CARTESIAN_POINT('',(0.350806782492,0.348241161287,2.07));
#2583 = CARTESIAN_POINT('',(0.317898223098,0.397714651799,2.07));
#2584 = CARTESIAN_POINT('',(0.275829228974,0.438603972211,2.07));
#2585 = PCURVE('',#2215,#2586);
#2586 = DEFINITIONAL_REPRESENTATION('',(#2587),#2591);
#2587 = LINE('',#2588,#2589);
#2588 = CARTESIAN_POINT('',(0.467929250046,0.));
#2589 = VECTOR('',#2590,1.);
#2590 = DIRECTION('',(0.,1.));
#2591 = ( GEOMETRIC_REPRESENTATION_CONTEXT(2) 
PARAMETRIC_REPRESENTATION_CONTEXT() REPRESENTATION_CONTEXT('2D SPACE',''
  ) );
#2592 = PCURVE('',#2349,#2593);
#2593 = DEFINITIONAL_REPRESENTATION('',(#2594),#2602);
#2594 = B_SPLINE_CURVE_WITH_KNOTS('',6,(#2595,#2596,#2597,#2598,#2599,
    #2600,#2601),.UNSPECIFIED.,.F.,.F.,(7,7),(1.180378806759,
    1.648308056804),.PIECEWISE_BEZIER_KNOTS.);
#2595 = CARTESIAN_POINT('',(0.403847659852,3.80859375E-02));
#2596 = CARTESIAN_POINT('',(0.403810431633,0.125790671474));
#2597 = CARTESIAN_POINT('',(0.394879288925,0.213421475266));
#2598 = CARTESIAN_POINT('',(0.376778202712,0.288647787211));
#2599 = CARTESIAN_POINT('',(0.350806782492,0.348241161287));
#2600 = CARTESIAN_POINT('',(0.317898223098,0.397714651799));
#2601 = CARTESIAN_POINT('',(0.275829228974,0.438603972211));
#2602 = ( GEOMETRIC_REPRESENTATION_CONTEXT(2) 
PARAMETRIC_REPRESENTATION_CONTEXT() REPRESENTATION_CONTEXT('2D SPACE',''
  ) );
#2603 = ORIENTED_EDGE('',*,*,#2604,.F.);
#2604 = EDGE_CURVE('',#2171,#2574,#2605,.T.);
#2605 = SURFACE_CURVE('',#2606,(#2609,#2616),.PCURVE_S1.);
#2606 = B_SPLINE_CURVE_WITH_KNOTS('',1,(#2607,#2608),.UNSPECIFIED.,.F.,
  .F.,(2,2),(0.,0.467929250046),.PIECEWISE_BEZIER_KNOTS.);
#2607 = CARTESIAN_POINT('',(0.3037109375,0.46728515625,2.03));
#2608 = CARTESIAN_POINT('',(0.275829228974,0.438603972211,2.07));
#2609 = PCURVE('',#2215,#2610);
#2610 = DEFINITIONAL_REPRESENTATION('',(#2611),#2615);
#2611 = LINE('',#2612,#2613);
#2612 = CARTESIAN_POINT('',(0.,1.648308056804));
#2613 = VECTOR('',#2614,1.);
#2614 = DIRECTION('',(1.,0.));
#2615 = ( GEOMETRIC_REPRESENTATION_CONTEXT(2) 
PARAMETRIC_REPRESENTATION_CONTEXT() REPRESENTATION_CONTEXT('2D SPACE',''
  ) );
#2616 = PCURVE('',#2265,#2617);
#2617 = DEFINITIONAL_REPRESENTATION('',(#2618),#2622);
#2618 = LINE('',#2619,#2620);
#2619 = CARTESIAN_POINT('',(0.,1.648308056804));
#2620 = VECTOR('',#2621,1.);
#2621 = DIRECTION('',(1.,0.));
#2622 = ( GEOMETRIC_REPRESENTATION_CONTEXT(2) 
PARAMETRIC_REPRESENTATION_CONTEXT() REPRESENTATION_CONTEXT('2D SPACE',''
  ) );
#2623 = ORIENTED_EDGE('',*,*,#2193,.F.);
#2624 = ADVANCED_FACE('',(#2625),#2265,.F.);
#2625 = FACE_BOUND('',#2626,.F.);
#2626 = EDGE_LOOP('',(#2627,#2628,#2657,#2658));
#2627 = ORIENTED_EDGE('',*,*,#2604,.T.);
#2628 = ORIENTED_EDGE('',*,*,#2629,.T.);
#2629 = EDGE_CURVE('',#2574,#2291,#2630,.T.);
#2630 = SURFACE_CURVE('',#2631,(#2639,#2646),.PCURVE_S1.);
#2631 = B_SPLINE_CURVE_WITH_KNOTS('',6,(#2632,#2633,#2634,#2635,#2636,
    #2637,#2638),.UNSPECIFIED.,.F.,.F.,(7,7),(1.648308056804,
    2.11623730685),.PIECEWISE_BEZIER_KNOTS.);
#2632 = CARTESIAN_POINT('',(0.275829228974,0.438603972211,2.07));
#2633 = CARTESIAN_POINT('',(0.233765155983,0.479488508663,2.07));
#2634 = CARTESIAN_POINT('',(0.182686377835,0.511732999547,2.07));
#2635 = CARTESIAN_POINT('',(0.120265440863,0.537346398035,2.07));
#2636 = CARTESIAN_POINT('',(4.551444354665E-02,0.554697428997,2.07));
#2637 = CARTESIAN_POINT('',(-4.060736498786E-02,0.563515625,2.07));
#2638 = CARTESIAN_POINT('',(-0.13818359375,0.563515625,2.07));
#2639 = PCURVE('',#2265,#2640);
#2640 = DEFINITIONAL_REPRESENTATION('',(#2641),#2645);
#2641 = LINE('',#2642,#2643);
#2642 = CARTESIAN_POINT('',(0.467929250046,0.));
#2643 = VECTOR('',#2644,1.);
#2644 = DIRECTION('',(0.,1.));
#2645 = ( GEOMETRIC_REPRESENTATION_CONTEXT(2) 
PARAMETRIC_REPRESENTATION_CONTEXT() REPRESENTATION_CONTEXT('2D SPACE',''
  ) );
#2646 = PCURVE('',#2349,#2647);
#2647 = DEFINITIONAL_REPRESENTATION('',(#2648),#2656);
#2648 = B_SPLINE_CURVE_WITH_KNOTS('',6,(#2649,#2650,#2651,#2652,#2653,
    #2654,#2655),.UNSPECIFIED.,.F.,.F.,(7,7),(1.648308056804,
    2.11623730685),.PIECEWISE_BEZIER_KNOTS.);
#2649 = CARTESIAN_POINT('',(0.275829228974,0.438603972211));
#2650 = CARTESIAN_POINT('',(0.233765155983,0.479488508663));
#2651 = CARTESIAN_POINT('',(0.182686377835,0.511732999547));
#2652 = CARTESIAN_POINT('',(0.120265440863,0.537346398035));
#2653 = CARTESIAN_POINT('',(4.551444354665E-02,0.554697428997));
#2654 = CARTESIAN_POINT('',(-4.060736498786E-02,0.563515625));
#2655 = CARTESIAN_POINT('',(-0.13818359375,0.563515625));
#2656 = ( GEOMETRIC_REPRESENTATION_CONTEXT(2) 
PARAMETRIC_REPRESENTATION_CONTEXT() REPRESENTATION_CONTEXT('2D SPACE',''
  ) );
#2657 = ORIENTED_EDGE('',*,*,#2290,.F.);
#2658 = ORIENTED_EDGE('',*,*,#2243,.F.);
#2659 = ADVANCED_FACE('',(#2660),#2349,.T.);
#2660 = FACE_BOUND('',#2661,.T.);
#2661 = EDGE_LOOP('',(#2662,#2663,#2664,#2665,#2666,#2667,#2668));
#2662 = ORIENTED_EDGE('',*,*,#2437,.T.);
#2663 = ORIENTED_EDGE('',*,*,#2462,.T.);
#2664 = ORIENTED_EDGE('',*,*,#2518,.T.);
#2665 = ORIENTED_EDGE('',*,*,#2573,.T.);
#2666 = ORIENTED_EDGE('',*,*,#2629,.T.);
#2667 = ORIENTED_EDGE('',*,*,#2335,.T.);
#2668 = ORIENTED_EDGE('',*,*,#2389,.T.);
#2669 = ( GEOMETRIC_REPRESENTATION_CONTEXT(3) 
GLOBAL_UNCERTAINTY_ASSIGNED_CONTEXT((#2673)) 
GLOBAL_UNIT_ASSIGNED_CONTEXT((#2670,#2671,#2672)) REPRESENTATION_CONTEXT
('Context #1','3D Context with UNIT and UNCERTAINTY') );
#2670 = ( LENGTH_UNIT() NAMED_UNIT(*) SI_UNIT(.MILLI.,.METRE.) );
#2671 = ( NAMED_UNIT(*) PLANE_ANGLE_UNIT() SI_UNIT($,.RADIAN.) );
#2672 = ( NAMED_UNIT(*) SI_UNIT($,.STERADIAN.) SOLID_ANGLE_UNIT() );
#2673 = UNCERTAINTY_MEASURE_WITH_UNIT(LENGTH_MEASURE(2.E-05),#2670,
  'distance_accuracy_value','confusion accuracy');
#2674 = PRODUCT_RELATED_PRODUCT_CATEGORY('part',$,(#7));
ENDSEC;
END-ISO-10303-21;
