ISO-10303-21;
HEADER;
FILE_DESCRIPTION(('Open CASCADE Model'),'2;1');
FILE_NAME('Open CASCADE Shape Model','2026-09-15T00:30:32',('Author'),(
    'Open CASCADE'),'Open CASCADE STEP processor 7.8','Open CASCADE 7.8'
  ,'Unknown');
FILE_SCHEMA(('AUTOMOTIVE_DESIGN { 1 0 10303 214 1 1 1 1 }'));
ENDSEC;
DATA;
#1 = APPLICATION_PROTOCOL_DEFINITION('international standard',
  'automotive_design',2000,#2);
#2 = APPLICATION_CONTEXT(
  'core data for automotive mechanical design processes');
#3 = SHAPE_DEFINITION_REPRESENTATION(#4,#10);
#4 = PRODUCT_DEFINITION_SHAPE('','',#5);
#5 = PRODUCT_DEFINITION('design','',#6,#9);
#6 = PRODUCT_DEFINITION_FORMATION('','',#7);
#7 = PRODUCT('Open CASCADE STEP translator 7.8 10',
  'Open CASCADE STEP translator 7.8 10','',(#8));
#8 = PRODUCT_CONTEXT('',#2,'mechanical');
#9 = PRODUCT_DEFINITION_CONTEXT('part definition',#2,'design');
#10 = ADVANCED_BREP_SHAPE_REPRESENTATION('',(#11,#15),#18132);
#11 = AXIS2_PLACEMENT_3D('',#12,#13,#14);
#12 = CARTESIAN_POINT('',(0.,0.,0.));
#13 = DIRECTION('',(0.,0.,1.));
#14 = DIRECTION('',(1.,0.,-0.));
#15 = MANIFOLD_SOLID_BREP('',#16);
#16 = CLOSED_SHELL('',(#17,#137,#213,#2564,#2613,#5223,#5250,#5277,#5304
    ,#5331,#5358,#5385,#5485,#5512,#5539,#5566,#5593,#5620,#5647,#5674,
    #5701,#5728,#5755,#5782,#5809,#5836,#5863,#5890,#5917,#5944,#5971,
    #5998,#6005,#6168,#6325,#6374,#6427,#6556,#6605,#6654,#6703,#6813,
    #6993,#7042,#7095,#7201,#7250,#7299,#7348,#7458,#7615,#7664,#7717,
    #7823,#7872,#7921,#7970,#8080,#8237,#8286,#8339,#8445,#8494,#8543,
    #8592,#8702,#8859,#8908,#8961,#9067,#9116,#9165,#9214,#9324,#9481,
    #9530,#9583,#9689,#9738,#9787,#9814,#9863,#9890,#9964,#10038,#10112,
    #10186,#10260,#10334,#10410,#10459,#10508,#10557,#10606,#10655,
    #10704,#10753,#10802,#10851,#10900,#10949,#10998,#11047,#11096,
    #11145,#11194,#11221,#11295,#11369,#11443,#11519,#11568,#11617,
    #11666,#11715,#11764,#11813,#11862,#11911,#11960,#11987,#12063,
    #12112,#12161,#12210,#12259,#12308,#12357,#12406,#12455,#12504,
    #12553,#12602,#12651,#12700,#12749,#12798,#12847,#12896,#12945,
    #12994,#13021,#13095,#13169,#13243,#13249,#13275,#13302,#14126,
    #14154,#14182,#14208,#14215,#14243,#14271,#14297,#14304,#14332,
    #14360,#14386,#14393,#14421,#14449,#14475,#14482,#14510,#14538,
    #14564,#14571,#14599,#14627,#14648,#15074,#15098,#15157,#15216,
    #15275,#15334,#15393,#15452,#15511,#15570,#15629,#15688,#15747,
    #15806,#15865,#15924,#15983,#16042,#16101,#16160,#16219,#16295,
    #16344,#16393,#16442,#16491,#16540,#16567,#16643,#16692,#16741,
    #16790,#16839,#16888,#16915,#16950,#16985,#17020,#17055,#17090,
    #17125,#17160,#17195,#17230,#17265,#17300,#17335,#17370,#17405,
    #17440,#17475,#17510,#17545,#17580,#17590,#17600,#17628,#17656,
    #17684,#17712,#17740,#17768,#17796,#17824,#17852,#17880,#17908,
    #17936,#17964,#17992,#18020,#18048,#18076,#18104));
#17 = ADVANCED_FACE('',(#18),#32,.F.);
#18 = FACE_BOUND('',#19,.F.);
#19 = EDGE_LOOP('',(#20,#55,#83,#111));
#20 = ORIENTED_EDGE('',*,*,#21,.F.);
#21 = EDGE_CURVE('',#22,#24,#26,.T.);
#22 = VERTEX_POINT('',#23);
#23 = CARTESIAN_POINT('',(5.2,-16.05033748347,4.4));
#24 = VERTEX_POINT('',#25);
#25 = CARTESIAN_POINT('',(5.2,-16.05033748347,1.7763568394E-15));
#26 = SURFACE_CURVE('',#27,(#31,#43),.PCURVE_S1.);
#27 = LINE('',#28,#29);
#28 = CARTESIAN_POINT('',(5.2,-16.05033748347,4.4));
#29 = VECTOR('',#30,1.);
#30 = DIRECTION('',(0.,-1.224646799147E-16,-1.));
#31 = PCURVE('',#32,#37);
#32 = PLANE('',#33);
#33 = AXIS2_PLACEMENT_3D('',#34,#35,#36);
#34 = CARTESIAN_POINT('',(11.3,-12.52850084141,4.));
#35 = DIRECTION('',(-0.5,0.866025403784,-1.060575238725E-16));
#36 = DIRECTION('',(-0.866025403784,-0.5,6.123233995737E-17));
#37 = DEFINITIONAL_REPRESENTATION('',(#38),#42);
#38 = LINE('',#39,#40);
#39 = CARTESIAN_POINT('',(7.043673284113,0.4));
#40 = VECTOR('',#41,1.);
#41 = DIRECTION('',(0.,-1.));
#42 = ( GEOMETRIC_REPRESENTATION_CONTEXT(2) 
PARAMETRIC_REPRESENTATION_CONTEXT() REPRESENTATION_CONTEXT('2D SPACE',''
  ) );
#43 = PCURVE('',#44,#49);
#44 = PLANE('',#45);
#45 = AXIS2_PLACEMENT_3D('',#46,#47,#48);
#46 = CARTESIAN_POINT('',(5.2,-16.05033748347,4.));
#47 = DIRECTION('',(0.5,0.866025403784,-1.060575238725E-16));
#48 = DIRECTION('',(-0.866025403784,0.5,-6.123233995737E-17));
#49 = DEFINITIONAL_REPRESENTATION('',(#50),#54);
#50 = LINE('',#51,#52);
#51 = CARTESIAN_POINT('',(-2.449293598295E-17,0.4));
#52 = VECTOR('',#53,1.);
#53 = DIRECTION('',(0.,-1.));
#54 = ( GEOMETRIC_REPRESENTATION_CONTEXT(2) 
PARAMETRIC_REPRESENTATION_CONTEXT() REPRESENTATION_CONTEXT('2D SPACE',''
  ) );
#55 = ORIENTED_EDGE('',*,*,#56,.F.);
#56 = EDGE_CURVE('',#57,#22,#59,.T.);
#57 = VERTEX_POINT('',#58);
#58 = CARTESIAN_POINT('',(11.3,-12.52850084141,4.4));
#59 = SURFACE_CURVE('',#60,(#64,#71),.PCURVE_S1.);
#60 = LINE('',#61,#62);
#61 = CARTESIAN_POINT('',(11.3,-12.52850084141,4.4));
#62 = VECTOR('',#63,1.);
#63 = DIRECTION('',(-0.866025403784,-0.5,6.123233995737E-17));
#64 = PCURVE('',#32,#65);
#65 = DEFINITIONAL_REPRESENTATION('',(#66),#70);
#66 = LINE('',#67,#68);
#67 = CARTESIAN_POINT('',(2.449293598295E-17,0.4));
#68 = VECTOR('',#69,1.);
#69 = DIRECTION('',(1.,0.));
#70 = ( GEOMETRIC_REPRESENTATION_CONTEXT(2) 
PARAMETRIC_REPRESENTATION_CONTEXT() REPRESENTATION_CONTEXT('2D SPACE',''
  ) );
#71 = PCURVE('',#72,#77);
#72 = PLANE('',#73);
#73 = AXIS2_PLACEMENT_3D('',#74,#75,#76);
#74 = CARTESIAN_POINT('',(-10.4,1.631438850498E-16,4.4));
#75 = DIRECTION('',(0.,-1.224646799147E-16,-1.));
#76 = DIRECTION('',(1.,0.,0.));
#77 = DEFINITIONAL_REPRESENTATION('',(#78),#82);
#78 = LINE('',#79,#80);
#79 = CARTESIAN_POINT('',(21.7,12.528500841415));
#80 = VECTOR('',#81,1.);
#81 = DIRECTION('',(-0.866025403784,0.5));
#82 = ( GEOMETRIC_REPRESENTATION_CONTEXT(2) 
PARAMETRIC_REPRESENTATION_CONTEXT() REPRESENTATION_CONTEXT('2D SPACE',''
  ) );
#83 = ORIENTED_EDGE('',*,*,#84,.F.);
#84 = EDGE_CURVE('',#85,#57,#87,.T.);
#85 = VERTEX_POINT('',#86);
#86 = CARTESIAN_POINT('',(11.3,-12.52850084141,1.7763568394E-15));
#87 = SURFACE_CURVE('',#88,(#92,#99),.PCURVE_S1.);
#88 = LINE('',#89,#90);
#89 = CARTESIAN_POINT('',(11.3,-12.52850084141,1.7763568394E-15));
#90 = VECTOR('',#91,1.);
#91 = DIRECTION('',(0.,1.224646799147E-16,1.));
#92 = PCURVE('',#32,#93);
#93 = DEFINITIONAL_REPRESENTATION('',(#94),#98);
#94 = LINE('',#95,#96);
#95 = CARTESIAN_POINT('',(-2.449293598295E-16,-4.));
#96 = VECTOR('',#97,1.);
#97 = DIRECTION('',(0.,1.));
#98 = ( GEOMETRIC_REPRESENTATION_CONTEXT(2) 
PARAMETRIC_REPRESENTATION_CONTEXT() REPRESENTATION_CONTEXT('2D SPACE',''
  ) );
#99 = PCURVE('',#100,#105);
#100 = PLANE('',#101);
#101 = AXIS2_PLACEMENT_3D('',#102,#103,#104);
#102 = CARTESIAN_POINT('',(11.3,-5.484827557301,4.));
#103 = DIRECTION('',(-1.,-5.043836554449E-16,6.176918291828E-32));
#104 = DIRECTION('',(5.043836554449E-16,-1.,1.224646799147E-16));
#105 = DEFINITIONAL_REPRESENTATION('',(#106),#110);
#106 = LINE('',#107,#108);
#107 = CARTESIAN_POINT('',(7.043673284113,-4.));
#108 = VECTOR('',#109,1.);
#109 = DIRECTION('',(0.,1.));
#110 = ( GEOMETRIC_REPRESENTATION_CONTEXT(2) 
PARAMETRIC_REPRESENTATION_CONTEXT() REPRESENTATION_CONTEXT('2D SPACE',''
  ) );
#111 = ORIENTED_EDGE('',*,*,#112,.T.);
#112 = EDGE_CURVE('',#85,#24,#113,.T.);
#113 = SURFACE_CURVE('',#114,(#118,#125),.PCURVE_S1.);
#114 = LINE('',#115,#116);
#115 = CARTESIAN_POINT('',(11.3,-12.52850084141,1.7763568394E-15));
#116 = VECTOR('',#117,1.);
#117 = DIRECTION('',(-0.866025403784,-0.5,6.123233995737E-17));
#118 = PCURVE('',#32,#119);
#119 = DEFINITIONAL_REPRESENTATION('',(#120),#124);
#120 = LINE('',#121,#122);
#121 = CARTESIAN_POINT('',(-2.449293598295E-16,-4.));
#122 = VECTOR('',#123,1.);
#123 = DIRECTION('',(1.,0.));
#124 = ( GEOMETRIC_REPRESENTATION_CONTEXT(2) 
PARAMETRIC_REPRESENTATION_CONTEXT() REPRESENTATION_CONTEXT('2D SPACE',''
  ) );
#125 = PCURVE('',#126,#131);
#126 = PLANE('',#127);
#127 = AXIS2_PLACEMENT_3D('',#128,#129,#130);
#128 = CARTESIAN_POINT('',(-7.8,4.503332099679,-8.881784197001E-16));
#129 = DIRECTION('',(0.,-1.224646799147E-16,-1.));
#130 = DIRECTION('',(1.,0.,0.));
#131 = DEFINITIONAL_REPRESENTATION('',(#132),#136);
#132 = LINE('',#133,#134);
#133 = CARTESIAN_POINT('',(19.1,17.031832941094));
#134 = VECTOR('',#135,1.);
#135 = DIRECTION('',(-0.866025403784,0.5));
#136 = ( GEOMETRIC_REPRESENTATION_CONTEXT(2) 
PARAMETRIC_REPRESENTATION_CONTEXT() REPRESENTATION_CONTEXT('2D SPACE',''
  ) );
#137 = ADVANCED_FACE('',(#138),#44,.F.);
#138 = FACE_BOUND('',#139,.F.);
#139 = EDGE_LOOP('',(#140,#170,#191,#192));
#140 = ORIENTED_EDGE('',*,*,#141,.F.);
#141 = EDGE_CURVE('',#142,#144,#146,.T.);
#142 = VERTEX_POINT('',#143);
#143 = CARTESIAN_POINT('',(2.6,-14.54922678357,4.4));
#144 = VERTEX_POINT('',#145);
#145 = CARTESIAN_POINT('',(2.6,-14.54922678357,1.7763568394E-15));
#146 = SURFACE_CURVE('',#147,(#151,#158),.PCURVE_S1.);
#147 = LINE('',#148,#149);
#148 = CARTESIAN_POINT('',(2.6,-14.54922678357,4.4));
#149 = VECTOR('',#150,1.);
#150 = DIRECTION('',(0.,-1.224646799147E-16,-1.));
#151 = PCURVE('',#44,#152);
#152 = DEFINITIONAL_REPRESENTATION('',(#153),#157);
#153 = LINE('',#154,#155);
#154 = CARTESIAN_POINT('',(3.002221399786,0.4));
#155 = VECTOR('',#156,1.);
#156 = DIRECTION('',(0.,-1.));
#157 = ( GEOMETRIC_REPRESENTATION_CONTEXT(2) 
PARAMETRIC_REPRESENTATION_CONTEXT() REPRESENTATION_CONTEXT('2D SPACE',''
  ) );
#158 = PCURVE('',#159,#164);
#159 = PLANE('',#160);
#160 = AXIS2_PLACEMENT_3D('',#161,#162,#163);
#161 = CARTESIAN_POINT('',(6.1,-12.52850084141,4.));
#162 = DIRECTION('',(-0.5,0.866025403784,-1.060575238725E-16));
#163 = DIRECTION('',(-0.866025403784,-0.5,6.123233995737E-17));
#164 = DEFINITIONAL_REPRESENTATION('',(#165),#169);
#165 = LINE('',#166,#167);
#166 = CARTESIAN_POINT('',(4.041451884327,0.4));
#167 = VECTOR('',#168,1.);
#168 = DIRECTION('',(0.,-1.));
#169 = ( GEOMETRIC_REPRESENTATION_CONTEXT(2) 
PARAMETRIC_REPRESENTATION_CONTEXT() REPRESENTATION_CONTEXT('2D SPACE',''
  ) );
#170 = ORIENTED_EDGE('',*,*,#171,.F.);
#171 = EDGE_CURVE('',#22,#142,#172,.T.);
#172 = SURFACE_CURVE('',#173,(#177,#184),.PCURVE_S1.);
#173 = LINE('',#174,#175);
#174 = CARTESIAN_POINT('',(5.2,-16.05033748347,4.4));
#175 = VECTOR('',#176,1.);
#176 = DIRECTION('',(-0.866025403784,0.5,-6.123233995737E-17));
#177 = PCURVE('',#44,#178);
#178 = DEFINITIONAL_REPRESENTATION('',(#179),#183);
#179 = LINE('',#180,#181);
#180 = CARTESIAN_POINT('',(-2.449293598295E-17,0.4));
#181 = VECTOR('',#182,1.);
#182 = DIRECTION('',(1.,0.));
#183 = ( GEOMETRIC_REPRESENTATION_CONTEXT(2) 
PARAMETRIC_REPRESENTATION_CONTEXT() REPRESENTATION_CONTEXT('2D SPACE',''
  ) );
#184 = PCURVE('',#72,#185);
#185 = DEFINITIONAL_REPRESENTATION('',(#186),#190);
#186 = LINE('',#187,#188);
#187 = CARTESIAN_POINT('',(15.6,16.050337483472));
#188 = VECTOR('',#189,1.);
#189 = DIRECTION('',(-0.866025403784,-0.5));
#190 = ( GEOMETRIC_REPRESENTATION_CONTEXT(2) 
PARAMETRIC_REPRESENTATION_CONTEXT() REPRESENTATION_CONTEXT('2D SPACE',''
  ) );
#191 = ORIENTED_EDGE('',*,*,#21,.T.);
#192 = ORIENTED_EDGE('',*,*,#193,.T.);
#193 = EDGE_CURVE('',#24,#144,#194,.T.);
#194 = SURFACE_CURVE('',#195,(#199,#206),.PCURVE_S1.);
#195 = LINE('',#196,#197);
#196 = CARTESIAN_POINT('',(5.2,-16.05033748347,1.7763568394E-15));
#197 = VECTOR('',#198,1.);
#198 = DIRECTION('',(-0.866025403784,0.5,-6.123233995737E-17));
#199 = PCURVE('',#44,#200);
#200 = DEFINITIONAL_REPRESENTATION('',(#201),#205);
#201 = LINE('',#202,#203);
#202 = CARTESIAN_POINT('',(2.449293598295E-16,-4.));
#203 = VECTOR('',#204,1.);
#204 = DIRECTION('',(1.,0.));
#205 = ( GEOMETRIC_REPRESENTATION_CONTEXT(2) 
PARAMETRIC_REPRESENTATION_CONTEXT() REPRESENTATION_CONTEXT('2D SPACE',''
  ) );
#206 = PCURVE('',#126,#207);
#207 = DEFINITIONAL_REPRESENTATION('',(#208),#212);
#208 = LINE('',#209,#210);
#209 = CARTESIAN_POINT('',(13.,20.553669583151));
#210 = VECTOR('',#211,1.);
#211 = DIRECTION('',(-0.866025403784,-0.5));
#212 = ( GEOMETRIC_REPRESENTATION_CONTEXT(2) 
PARAMETRIC_REPRESENTATION_CONTEXT() REPRESENTATION_CONTEXT('2D SPACE',''
  ) );
#213 = ADVANCED_FACE('',(#214,#990),#72,.F.);
#214 = FACE_BOUND('',#215,.F.);
#215 = EDGE_LOOP('',(#216,#217,#218,#241,#269,#297,#325,#353,#381,#409,
    #437,#465,#493,#521,#549,#577,#605,#633,#661,#689,#717,#745,#773,
    #801,#829,#857,#885,#913,#941,#969));
#216 = ORIENTED_EDGE('',*,*,#56,.T.);
#217 = ORIENTED_EDGE('',*,*,#171,.T.);
#218 = ORIENTED_EDGE('',*,*,#219,.T.);
#219 = EDGE_CURVE('',#142,#220,#222,.T.);
#220 = VERTEX_POINT('',#221);
#221 = CARTESIAN_POINT('',(4.313005970815E-16,-16.05033748347,4.4));
#222 = SURFACE_CURVE('',#223,(#227,#234),.PCURVE_S1.);
#223 = LINE('',#224,#225);
#224 = CARTESIAN_POINT('',(6.1,-12.52850084141,4.4));
#225 = VECTOR('',#226,1.);
#226 = DIRECTION('',(-0.866025403784,-0.5,6.123233995737E-17));
#227 = PCURVE('',#72,#228);
#228 = DEFINITIONAL_REPRESENTATION('',(#229),#233);
#229 = LINE('',#230,#231);
#230 = CARTESIAN_POINT('',(16.5,12.528500841415));
#231 = VECTOR('',#232,1.);
#232 = DIRECTION('',(-0.866025403784,0.5));
#233 = ( GEOMETRIC_REPRESENTATION_CONTEXT(2) 
PARAMETRIC_REPRESENTATION_CONTEXT() REPRESENTATION_CONTEXT('2D SPACE',''
  ) );
#234 = PCURVE('',#159,#235);
#235 = DEFINITIONAL_REPRESENTATION('',(#236),#240);
#236 = LINE('',#237,#238);
#237 = CARTESIAN_POINT('',(2.449293598295E-17,0.4));
#238 = VECTOR('',#239,1.);
#239 = DIRECTION('',(1.,0.));
#240 = ( GEOMETRIC_REPRESENTATION_CONTEXT(2) 
PARAMETRIC_REPRESENTATION_CONTEXT() REPRESENTATION_CONTEXT('2D SPACE',''
  ) );
#241 = ORIENTED_EDGE('',*,*,#242,.T.);
#242 = EDGE_CURVE('',#220,#243,#245,.T.);
#243 = VERTEX_POINT('',#244);
#244 = CARTESIAN_POINT('',(-2.6,-14.54922678357,4.4));
#245 = SURFACE_CURVE('',#246,(#250,#257),.PCURVE_S1.);
#246 = LINE('',#247,#248);
#247 = CARTESIAN_POINT('',(4.313005970815E-16,-16.05033748347,4.4));
#248 = VECTOR('',#249,1.);
#249 = DIRECTION('',(-0.866025403784,0.5,-6.123233995737E-17));
#250 = PCURVE('',#72,#251);
#251 = DEFINITIONAL_REPRESENTATION('',(#252),#256);
#252 = LINE('',#253,#254);
#253 = CARTESIAN_POINT('',(10.4,16.050337483472));
#254 = VECTOR('',#255,1.);
#255 = DIRECTION('',(-0.866025403784,-0.5));
#256 = ( GEOMETRIC_REPRESENTATION_CONTEXT(2) 
PARAMETRIC_REPRESENTATION_CONTEXT() REPRESENTATION_CONTEXT('2D SPACE',''
  ) );
#257 = PCURVE('',#258,#263);
#258 = PLANE('',#259);
#259 = AXIS2_PLACEMENT_3D('',#260,#261,#262);
#260 = CARTESIAN_POINT('',(4.313005970815E-16,-16.05033748347,4.4));
#261 = DIRECTION('',(0.5,0.866025403784,-1.060575238725E-16));
#262 = DIRECTION('',(-0.866025403784,0.5,-6.123233995737E-17));
#263 = DEFINITIONAL_REPRESENTATION('',(#264),#268);
#264 = LINE('',#265,#266);
#265 = CARTESIAN_POINT('',(0.,0.));
#266 = VECTOR('',#267,1.);
#267 = DIRECTION('',(1.,0.));
#268 = ( GEOMETRIC_REPRESENTATION_CONTEXT(2) 
PARAMETRIC_REPRESENTATION_CONTEXT() REPRESENTATION_CONTEXT('2D SPACE',''
  ) );
#269 = ORIENTED_EDGE('',*,*,#270,.T.);
#270 = EDGE_CURVE('',#243,#271,#273,.T.);
#271 = VERTEX_POINT('',#272);
#272 = CARTESIAN_POINT('',(-5.2,-16.05033748347,4.4));
#273 = SURFACE_CURVE('',#274,(#278,#285),.PCURVE_S1.);
#274 = LINE('',#275,#276);
#275 = CARTESIAN_POINT('',(0.9,-12.52850084141,4.4));
#276 = VECTOR('',#277,1.);
#277 = DIRECTION('',(-0.866025403784,-0.5,6.123233995737E-17));
#278 = PCURVE('',#72,#279);
#279 = DEFINITIONAL_REPRESENTATION('',(#280),#284);
#280 = LINE('',#281,#282);
#281 = CARTESIAN_POINT('',(11.3,12.528500841415));
#282 = VECTOR('',#283,1.);
#283 = DIRECTION('',(-0.866025403784,0.5));
#284 = ( GEOMETRIC_REPRESENTATION_CONTEXT(2) 
PARAMETRIC_REPRESENTATION_CONTEXT() REPRESENTATION_CONTEXT('2D SPACE',''
  ) );
#285 = PCURVE('',#286,#291);
#286 = PLANE('',#287);
#287 = AXIS2_PLACEMENT_3D('',#288,#289,#290);
#288 = CARTESIAN_POINT('',(0.9,-12.52850084141,4.4));
#289 = DIRECTION('',(-0.5,0.866025403784,-1.060575238725E-16));
#290 = DIRECTION('',(-0.866025403784,-0.5,6.123233995737E-17));
#291 = DEFINITIONAL_REPRESENTATION('',(#292),#296);
#292 = LINE('',#293,#294);
#293 = CARTESIAN_POINT('',(0.,0.));
#294 = VECTOR('',#295,1.);
#295 = DIRECTION('',(1.,0.));
#296 = ( GEOMETRIC_REPRESENTATION_CONTEXT(2) 
PARAMETRIC_REPRESENTATION_CONTEXT() REPRESENTATION_CONTEXT('2D SPACE',''
  ) );
#297 = ORIENTED_EDGE('',*,*,#298,.T.);
#298 = EDGE_CURVE('',#271,#299,#301,.T.);
#299 = VERTEX_POINT('',#300);
#300 = CARTESIAN_POINT('',(-11.3,-12.52850084141,4.4));
#301 = SURFACE_CURVE('',#302,(#306,#313),.PCURVE_S1.);
#302 = LINE('',#303,#304);
#303 = CARTESIAN_POINT('',(-5.2,-16.05033748347,4.4));
#304 = VECTOR('',#305,1.);
#305 = DIRECTION('',(-0.866025403784,0.5,-6.123233995737E-17));
#306 = PCURVE('',#72,#307);
#307 = DEFINITIONAL_REPRESENTATION('',(#308),#312);
#308 = LINE('',#309,#310);
#309 = CARTESIAN_POINT('',(5.2,16.050337483472));
#310 = VECTOR('',#311,1.);
#311 = DIRECTION('',(-0.866025403784,-0.5));
#312 = ( GEOMETRIC_REPRESENTATION_CONTEXT(2) 
PARAMETRIC_REPRESENTATION_CONTEXT() REPRESENTATION_CONTEXT('2D SPACE',''
  ) );
#313 = PCURVE('',#314,#319);
#314 = PLANE('',#315);
#315 = AXIS2_PLACEMENT_3D('',#316,#317,#318);
#316 = CARTESIAN_POINT('',(-5.2,-16.05033748347,4.4));
#317 = DIRECTION('',(0.5,0.866025403784,-1.060575238725E-16));
#318 = DIRECTION('',(-0.866025403784,0.5,-6.123233995737E-17));
#319 = DEFINITIONAL_REPRESENTATION('',(#320),#324);
#320 = LINE('',#321,#322);
#321 = CARTESIAN_POINT('',(0.,0.));
#322 = VECTOR('',#323,1.);
#323 = DIRECTION('',(1.,0.));
#324 = ( GEOMETRIC_REPRESENTATION_CONTEXT(2) 
PARAMETRIC_REPRESENTATION_CONTEXT() REPRESENTATION_CONTEXT('2D SPACE',''
  ) );
#325 = ORIENTED_EDGE('',*,*,#326,.T.);
#326 = EDGE_CURVE('',#299,#327,#329,.T.);
#327 = VERTEX_POINT('',#328);
#328 = CARTESIAN_POINT('',(-11.3,-9.526279441629,4.4));
#329 = SURFACE_CURVE('',#330,(#334,#341),.PCURVE_S1.);
#330 = LINE('',#331,#332);
#331 = CARTESIAN_POINT('',(-11.3,-12.52850084141,4.4));
#332 = VECTOR('',#333,1.);
#333 = DIRECTION('',(0.,1.,-1.224646799147E-16));
#334 = PCURVE('',#72,#335);
#335 = DEFINITIONAL_REPRESENTATION('',(#336),#340);
#336 = LINE('',#337,#338);
#337 = CARTESIAN_POINT('',(-0.9,12.528500841415));
#338 = VECTOR('',#339,1.);
#339 = DIRECTION('',(0.,-1.));
#340 = ( GEOMETRIC_REPRESENTATION_CONTEXT(2) 
PARAMETRIC_REPRESENTATION_CONTEXT() REPRESENTATION_CONTEXT('2D SPACE',''
  ) );
#341 = PCURVE('',#342,#347);
#342 = PLANE('',#343);
#343 = AXIS2_PLACEMENT_3D('',#344,#345,#346);
#344 = CARTESIAN_POINT('',(-11.3,-12.52850084141,4.4));
#345 = DIRECTION('',(1.,0.,0.));
#346 = DIRECTION('',(0.,1.,-1.224646799147E-16));
#347 = DEFINITIONAL_REPRESENTATION('',(#348),#352);
#348 = LINE('',#349,#350);
#349 = CARTESIAN_POINT('',(0.,0.));
#350 = VECTOR('',#351,1.);
#351 = DIRECTION('',(1.,0.));
#352 = ( GEOMETRIC_REPRESENTATION_CONTEXT(2) 
PARAMETRIC_REPRESENTATION_CONTEXT() REPRESENTATION_CONTEXT('2D SPACE',''
  ) );
#353 = ORIENTED_EDGE('',*,*,#354,.T.);
#354 = EDGE_CURVE('',#327,#355,#357,.T.);
#355 = VERTEX_POINT('',#356);
#356 = CARTESIAN_POINT('',(-13.9,-8.025168741736,4.4));
#357 = SURFACE_CURVE('',#358,(#362,#369),.PCURVE_S1.);
#358 = LINE('',#359,#360);
#359 = CARTESIAN_POINT('',(-7.8,-11.54700538379,4.4));
#360 = VECTOR('',#361,1.);
#361 = DIRECTION('',(-0.866025403784,0.5,-6.123233995737E-17));
#362 = PCURVE('',#72,#363);
#363 = DEFINITIONAL_REPRESENTATION('',(#364),#368);
#364 = LINE('',#365,#366);
#365 = CARTESIAN_POINT('',(2.6,11.547005383793));
#366 = VECTOR('',#367,1.);
#367 = DIRECTION('',(-0.866025403784,-0.5));
#368 = ( GEOMETRIC_REPRESENTATION_CONTEXT(2) 
PARAMETRIC_REPRESENTATION_CONTEXT() REPRESENTATION_CONTEXT('2D SPACE',''
  ) );
#369 = PCURVE('',#370,#375);
#370 = PLANE('',#371);
#371 = AXIS2_PLACEMENT_3D('',#372,#373,#374);
#372 = CARTESIAN_POINT('',(-7.8,-11.54700538379,4.4));
#373 = DIRECTION('',(0.5,0.866025403784,-1.060575238725E-16));
#374 = DIRECTION('',(-0.866025403784,0.5,-6.123233995737E-17));
#375 = DEFINITIONAL_REPRESENTATION('',(#376),#380);
#376 = LINE('',#377,#378);
#377 = CARTESIAN_POINT('',(0.,0.));
#378 = VECTOR('',#379,1.);
#379 = DIRECTION('',(1.,0.));
#380 = ( GEOMETRIC_REPRESENTATION_CONTEXT(2) 
PARAMETRIC_REPRESENTATION_CONTEXT() REPRESENTATION_CONTEXT('2D SPACE',''
  ) );
#381 = ORIENTED_EDGE('',*,*,#382,.T.);
#382 = EDGE_CURVE('',#355,#383,#385,.T.);
#383 = VERTEX_POINT('',#384);
#384 = CARTESIAN_POINT('',(-13.9,-5.02294734195,4.4));
#385 = SURFACE_CURVE('',#386,(#390,#397),.PCURVE_S1.);
#386 = LINE('',#387,#388);
#387 = CARTESIAN_POINT('',(-13.9,-8.025168741736,4.4));
#388 = VECTOR('',#389,1.);
#389 = DIRECTION('',(2.521918277224E-16,1.,-1.224646799147E-16));
#390 = PCURVE('',#72,#391);
#391 = DEFINITIONAL_REPRESENTATION('',(#392),#396);
#392 = LINE('',#393,#394);
#393 = CARTESIAN_POINT('',(-3.5,8.025168741736));
#394 = VECTOR('',#395,1.);
#395 = DIRECTION('',(2.521918277224E-16,-1.));
#396 = ( GEOMETRIC_REPRESENTATION_CONTEXT(2) 
PARAMETRIC_REPRESENTATION_CONTEXT() REPRESENTATION_CONTEXT('2D SPACE',''
  ) );
#397 = PCURVE('',#398,#403);
#398 = PLANE('',#399);
#399 = AXIS2_PLACEMENT_3D('',#400,#401,#402);
#400 = CARTESIAN_POINT('',(-13.9,-8.025168741736,4.4));
#401 = DIRECTION('',(1.,-2.521918277224E-16,3.088459145914E-32));
#402 = DIRECTION('',(2.521918277224E-16,1.,-1.224646799147E-16));
#403 = DEFINITIONAL_REPRESENTATION('',(#404),#408);
#404 = LINE('',#405,#406);
#405 = CARTESIAN_POINT('',(0.,0.));
#406 = VECTOR('',#407,1.);
#407 = DIRECTION('',(1.,0.));
#408 = ( GEOMETRIC_REPRESENTATION_CONTEXT(2) 
PARAMETRIC_REPRESENTATION_CONTEXT() REPRESENTATION_CONTEXT('2D SPACE',''
  ) );
#409 = ORIENTED_EDGE('',*,*,#410,.T.);
#410 = EDGE_CURVE('',#383,#411,#413,.T.);
#411 = VERTEX_POINT('',#412);
#412 = CARTESIAN_POINT('',(-16.5,-3.521836642057,4.4));
#413 = SURFACE_CURVE('',#414,(#418,#425),.PCURVE_S1.);
#414 = LINE('',#415,#416);
#415 = CARTESIAN_POINT('',(-10.4,-7.043673284113,4.4));
#416 = VECTOR('',#417,1.);
#417 = DIRECTION('',(-0.866025403784,0.5,-6.123233995737E-17));
#418 = PCURVE('',#72,#419);
#419 = DEFINITIONAL_REPRESENTATION('',(#420),#424);
#420 = LINE('',#421,#422);
#421 = CARTESIAN_POINT('',(-1.7763568394E-15,7.043673284113));
#422 = VECTOR('',#423,1.);
#423 = DIRECTION('',(-0.866025403784,-0.5));
#424 = ( GEOMETRIC_REPRESENTATION_CONTEXT(2) 
PARAMETRIC_REPRESENTATION_CONTEXT() REPRESENTATION_CONTEXT('2D SPACE',''
  ) );
#425 = PCURVE('',#426,#431);
#426 = PLANE('',#427);
#427 = AXIS2_PLACEMENT_3D('',#428,#429,#430);
#428 = CARTESIAN_POINT('',(-10.4,-7.043673284113,4.4));
#429 = DIRECTION('',(0.5,0.866025403784,-1.060575238725E-16));
#430 = DIRECTION('',(-0.866025403784,0.5,-6.123233995737E-17));
#431 = DEFINITIONAL_REPRESENTATION('',(#432),#436);
#432 = LINE('',#433,#434);
#433 = CARTESIAN_POINT('',(0.,0.));
#434 = VECTOR('',#435,1.);
#435 = DIRECTION('',(1.,0.));
#436 = ( GEOMETRIC_REPRESENTATION_CONTEXT(2) 
PARAMETRIC_REPRESENTATION_CONTEXT() REPRESENTATION_CONTEXT('2D SPACE',''
  ) );
#437 = ORIENTED_EDGE('',*,*,#438,.T.);
#438 = EDGE_CURVE('',#411,#439,#441,.T.);
#439 = VERTEX_POINT('',#440);
#440 = CARTESIAN_POINT('',(-16.5,3.521836642057,4.4));
#441 = SURFACE_CURVE('',#442,(#446,#453),.PCURVE_S1.);
#442 = LINE('',#443,#444);
#443 = CARTESIAN_POINT('',(-16.5,-3.521836642057,4.4));
#444 = VECTOR('',#445,1.);
#445 = DIRECTION('',(0.,1.,-1.224646799147E-16));
#446 = PCURVE('',#72,#447);
#447 = DEFINITIONAL_REPRESENTATION('',(#448),#452);
#448 = LINE('',#449,#450);
#449 = CARTESIAN_POINT('',(-6.1,3.521836642057));
#450 = VECTOR('',#451,1.);
#451 = DIRECTION('',(0.,-1.));
#452 = ( GEOMETRIC_REPRESENTATION_CONTEXT(2) 
PARAMETRIC_REPRESENTATION_CONTEXT() REPRESENTATION_CONTEXT('2D SPACE',''
  ) );
#453 = PCURVE('',#454,#459);
#454 = PLANE('',#455);
#455 = AXIS2_PLACEMENT_3D('',#456,#457,#458);
#456 = CARTESIAN_POINT('',(-16.5,-3.521836642057,4.4));
#457 = DIRECTION('',(1.,0.,0.));
#458 = DIRECTION('',(0.,1.,-1.224646799147E-16));
#459 = DEFINITIONAL_REPRESENTATION('',(#460),#464);
#460 = LINE('',#461,#462);
#461 = CARTESIAN_POINT('',(0.,0.));
#462 = VECTOR('',#463,1.);
#463 = DIRECTION('',(1.,0.));
#464 = ( GEOMETRIC_REPRESENTATION_CONTEXT(2) 
PARAMETRIC_REPRESENTATION_CONTEXT() REPRESENTATION_CONTEXT('2D SPACE',''
  ) );
#465 = ORIENTED_EDGE('',*,*,#466,.T.);
#466 = EDGE_CURVE('',#439,#467,#469,.T.);
#467 = VERTEX_POINT('',#468);
#468 = CARTESIAN_POINT('',(-13.9,5.02294734195,4.4));
#469 = SURFACE_CURVE('',#470,(#474,#481),.PCURVE_S1.);
#470 = LINE('',#471,#472);
#471 = CARTESIAN_POINT('',(-16.5,3.521836642057,4.4));
#472 = VECTOR('',#473,1.);
#473 = DIRECTION('',(0.866025403784,0.5,-6.123233995737E-17));
#474 = PCURVE('',#72,#475);
#475 = DEFINITIONAL_REPRESENTATION('',(#476),#480);
#476 = LINE('',#477,#478);
#477 = CARTESIAN_POINT('',(-6.1,-3.521836642057));
#478 = VECTOR('',#479,1.);
#479 = DIRECTION('',(0.866025403784,-0.5));
#480 = ( GEOMETRIC_REPRESENTATION_CONTEXT(2) 
PARAMETRIC_REPRESENTATION_CONTEXT() REPRESENTATION_CONTEXT('2D SPACE',''
  ) );
#481 = PCURVE('',#482,#487);
#482 = PLANE('',#483);
#483 = AXIS2_PLACEMENT_3D('',#484,#485,#486);
#484 = CARTESIAN_POINT('',(-16.5,3.521836642057,4.4));
#485 = DIRECTION('',(0.5,-0.866025403784,1.060575238725E-16));
#486 = DIRECTION('',(0.866025403784,0.5,-6.123233995737E-17));
#487 = DEFINITIONAL_REPRESENTATION('',(#488),#492);
#488 = LINE('',#489,#490);
#489 = CARTESIAN_POINT('',(0.,0.));
#490 = VECTOR('',#491,1.);
#491 = DIRECTION('',(1.,0.));
#492 = ( GEOMETRIC_REPRESENTATION_CONTEXT(2) 
PARAMETRIC_REPRESENTATION_CONTEXT() REPRESENTATION_CONTEXT('2D SPACE',''
  ) );
#493 = ORIENTED_EDGE('',*,*,#494,.T.);
#494 = EDGE_CURVE('',#467,#495,#497,.T.);
#495 = VERTEX_POINT('',#496);
#496 = CARTESIAN_POINT('',(-13.9,8.025168741736,4.4));
#497 = SURFACE_CURVE('',#498,(#502,#509),.PCURVE_S1.);
#498 = LINE('',#499,#500);
#499 = CARTESIAN_POINT('',(-13.9,0.981495457622,4.4));
#500 = VECTOR('',#501,1.);
#501 = DIRECTION('',(2.521918277224E-16,1.,-1.224646799147E-16));
#502 = PCURVE('',#72,#503);
#503 = DEFINITIONAL_REPRESENTATION('',(#504),#508);
#504 = LINE('',#505,#506);
#505 = CARTESIAN_POINT('',(-3.5,-0.981495457622));
#506 = VECTOR('',#507,1.);
#507 = DIRECTION('',(2.521918277224E-16,-1.));
#508 = ( GEOMETRIC_REPRESENTATION_CONTEXT(2) 
PARAMETRIC_REPRESENTATION_CONTEXT() REPRESENTATION_CONTEXT('2D SPACE',''
  ) );
#509 = PCURVE('',#510,#515);
#510 = PLANE('',#511);
#511 = AXIS2_PLACEMENT_3D('',#512,#513,#514);
#512 = CARTESIAN_POINT('',(-13.9,0.981495457622,4.4));
#513 = DIRECTION('',(1.,-2.521918277224E-16,3.088459145914E-32));
#514 = DIRECTION('',(2.521918277224E-16,1.,-1.224646799147E-16));
#515 = DEFINITIONAL_REPRESENTATION('',(#516),#520);
#516 = LINE('',#517,#518);
#517 = CARTESIAN_POINT('',(0.,0.));
#518 = VECTOR('',#519,1.);
#519 = DIRECTION('',(1.,0.));
#520 = ( GEOMETRIC_REPRESENTATION_CONTEXT(2) 
PARAMETRIC_REPRESENTATION_CONTEXT() REPRESENTATION_CONTEXT('2D SPACE',''
  ) );
#521 = ORIENTED_EDGE('',*,*,#522,.T.);
#522 = EDGE_CURVE('',#495,#523,#525,.T.);
#523 = VERTEX_POINT('',#524);
#524 = CARTESIAN_POINT('',(-11.3,9.526279441629,4.4));
#525 = SURFACE_CURVE('',#526,(#530,#537),.PCURVE_S1.);
#526 = LINE('',#527,#528);
#527 = CARTESIAN_POINT('',(-13.9,8.025168741736,4.4));
#528 = VECTOR('',#529,1.);
#529 = DIRECTION('',(0.866025403784,0.5,-6.123233995737E-17));
#530 = PCURVE('',#72,#531);
#531 = DEFINITIONAL_REPRESENTATION('',(#532),#536);
#532 = LINE('',#533,#534);
#533 = CARTESIAN_POINT('',(-3.5,-8.025168741736));
#534 = VECTOR('',#535,1.);
#535 = DIRECTION('',(0.866025403784,-0.5));
#536 = ( GEOMETRIC_REPRESENTATION_CONTEXT(2) 
PARAMETRIC_REPRESENTATION_CONTEXT() REPRESENTATION_CONTEXT('2D SPACE',''
  ) );
#537 = PCURVE('',#538,#543);
#538 = PLANE('',#539);
#539 = AXIS2_PLACEMENT_3D('',#540,#541,#542);
#540 = CARTESIAN_POINT('',(-13.9,8.025168741736,4.4));
#541 = DIRECTION('',(0.5,-0.866025403784,1.060575238725E-16));
#542 = DIRECTION('',(0.866025403784,0.5,-6.123233995737E-17));
#543 = DEFINITIONAL_REPRESENTATION('',(#544),#548);
#544 = LINE('',#545,#546);
#545 = CARTESIAN_POINT('',(0.,0.));
#546 = VECTOR('',#547,1.);
#547 = DIRECTION('',(1.,0.));
#548 = ( GEOMETRIC_REPRESENTATION_CONTEXT(2) 
PARAMETRIC_REPRESENTATION_CONTEXT() REPRESENTATION_CONTEXT('2D SPACE',''
  ) );
#549 = ORIENTED_EDGE('',*,*,#550,.T.);
#550 = EDGE_CURVE('',#523,#551,#553,.T.);
#551 = VERTEX_POINT('',#552);
#552 = CARTESIAN_POINT('',(-11.3,12.528500841415,4.4));
#553 = SURFACE_CURVE('',#554,(#558,#565),.PCURVE_S1.);
#554 = LINE('',#555,#556);
#555 = CARTESIAN_POINT('',(-11.3,5.484827557301,4.4));
#556 = VECTOR('',#557,1.);
#557 = DIRECTION('',(0.,1.,-1.224646799147E-16));
#558 = PCURVE('',#72,#559);
#559 = DEFINITIONAL_REPRESENTATION('',(#560),#564);
#560 = LINE('',#561,#562);
#561 = CARTESIAN_POINT('',(-0.9,-5.484827557301));
#562 = VECTOR('',#563,1.);
#563 = DIRECTION('',(0.,-1.));
#564 = ( GEOMETRIC_REPRESENTATION_CONTEXT(2) 
PARAMETRIC_REPRESENTATION_CONTEXT() REPRESENTATION_CONTEXT('2D SPACE',''
  ) );
#565 = PCURVE('',#566,#571);
#566 = PLANE('',#567);
#567 = AXIS2_PLACEMENT_3D('',#568,#569,#570);
#568 = CARTESIAN_POINT('',(-11.3,5.484827557301,4.4));
#569 = DIRECTION('',(1.,0.,0.));
#570 = DIRECTION('',(0.,1.,-1.224646799147E-16));
#571 = DEFINITIONAL_REPRESENTATION('',(#572),#576);
#572 = LINE('',#573,#574);
#573 = CARTESIAN_POINT('',(0.,0.));
#574 = VECTOR('',#575,1.);
#575 = DIRECTION('',(1.,0.));
#576 = ( GEOMETRIC_REPRESENTATION_CONTEXT(2) 
PARAMETRIC_REPRESENTATION_CONTEXT() REPRESENTATION_CONTEXT('2D SPACE',''
  ) );
#577 = ORIENTED_EDGE('',*,*,#578,.T.);
#578 = EDGE_CURVE('',#551,#579,#581,.T.);
#579 = VERTEX_POINT('',#580);
#580 = CARTESIAN_POINT('',(-5.2,16.050337483472,4.4));
#581 = SURFACE_CURVE('',#582,(#586,#593),.PCURVE_S1.);
#582 = LINE('',#583,#584);
#583 = CARTESIAN_POINT('',(-11.3,12.528500841415,4.4));
#584 = VECTOR('',#585,1.);
#585 = DIRECTION('',(0.866025403784,0.5,-6.123233995737E-17));
#586 = PCURVE('',#72,#587);
#587 = DEFINITIONAL_REPRESENTATION('',(#588),#592);
#588 = LINE('',#589,#590);
#589 = CARTESIAN_POINT('',(-0.9,-12.52850084141));
#590 = VECTOR('',#591,1.);
#591 = DIRECTION('',(0.866025403784,-0.5));
#592 = ( GEOMETRIC_REPRESENTATION_CONTEXT(2) 
PARAMETRIC_REPRESENTATION_CONTEXT() REPRESENTATION_CONTEXT('2D SPACE',''
  ) );
#593 = PCURVE('',#594,#599);
#594 = PLANE('',#595);
#595 = AXIS2_PLACEMENT_3D('',#596,#597,#598);
#596 = CARTESIAN_POINT('',(-11.3,12.528500841415,4.4));
#597 = DIRECTION('',(0.5,-0.866025403784,1.060575238725E-16));
#598 = DIRECTION('',(0.866025403784,0.5,-6.123233995737E-17));
#599 = DEFINITIONAL_REPRESENTATION('',(#600),#604);
#600 = LINE('',#601,#602);
#601 = CARTESIAN_POINT('',(0.,0.));
#602 = VECTOR('',#603,1.);
#603 = DIRECTION('',(1.,0.));
#604 = ( GEOMETRIC_REPRESENTATION_CONTEXT(2) 
PARAMETRIC_REPRESENTATION_CONTEXT() REPRESENTATION_CONTEXT('2D SPACE',''
  ) );
#605 = ORIENTED_EDGE('',*,*,#606,.T.);
#606 = EDGE_CURVE('',#579,#607,#609,.T.);
#607 = VERTEX_POINT('',#608);
#608 = CARTESIAN_POINT('',(-2.6,14.549226783579,4.4));
#609 = SURFACE_CURVE('',#610,(#614,#621),.PCURVE_S1.);
#610 = LINE('',#611,#612);
#611 = CARTESIAN_POINT('',(-5.2,16.050337483472,4.4));
#612 = VECTOR('',#613,1.);
#613 = DIRECTION('',(0.866025403784,-0.5,6.123233995737E-17));
#614 = PCURVE('',#72,#615);
#615 = DEFINITIONAL_REPRESENTATION('',(#616),#620);
#616 = LINE('',#617,#618);
#617 = CARTESIAN_POINT('',(5.2,-16.05033748347));
#618 = VECTOR('',#619,1.);
#619 = DIRECTION('',(0.866025403784,0.5));
#620 = ( GEOMETRIC_REPRESENTATION_CONTEXT(2) 
PARAMETRIC_REPRESENTATION_CONTEXT() REPRESENTATION_CONTEXT('2D SPACE',''
  ) );
#621 = PCURVE('',#622,#627);
#622 = PLANE('',#623);
#623 = AXIS2_PLACEMENT_3D('',#624,#625,#626);
#624 = CARTESIAN_POINT('',(-5.2,16.050337483472,4.4));
#625 = DIRECTION('',(-0.5,-0.866025403784,1.060575238725E-16));
#626 = DIRECTION('',(0.866025403784,-0.5,6.123233995737E-17));
#627 = DEFINITIONAL_REPRESENTATION('',(#628),#632);
#628 = LINE('',#629,#630);
#629 = CARTESIAN_POINT('',(0.,0.));
#630 = VECTOR('',#631,1.);
#631 = DIRECTION('',(1.,0.));
#632 = ( GEOMETRIC_REPRESENTATION_CONTEXT(2) 
PARAMETRIC_REPRESENTATION_CONTEXT() REPRESENTATION_CONTEXT('2D SPACE',''
  ) );
#633 = ORIENTED_EDGE('',*,*,#634,.T.);
#634 = EDGE_CURVE('',#607,#635,#637,.T.);
#635 = VERTEX_POINT('',#636);
#636 = CARTESIAN_POINT('',(-1.293901791244E-15,16.050337483472,4.4));
#637 = SURFACE_CURVE('',#638,(#642,#649),.PCURVE_S1.);
#638 = LINE('',#639,#640);
#639 = CARTESIAN_POINT('',(-6.1,12.528500841415,4.4));
#640 = VECTOR('',#641,1.);
#641 = DIRECTION('',(0.866025403784,0.5,-6.123233995737E-17));
#642 = PCURVE('',#72,#643);
#643 = DEFINITIONAL_REPRESENTATION('',(#644),#648);
#644 = LINE('',#645,#646);
#645 = CARTESIAN_POINT('',(4.3,-12.52850084141));
#646 = VECTOR('',#647,1.);
#647 = DIRECTION('',(0.866025403784,-0.5));
#648 = ( GEOMETRIC_REPRESENTATION_CONTEXT(2) 
PARAMETRIC_REPRESENTATION_CONTEXT() REPRESENTATION_CONTEXT('2D SPACE',''
  ) );
#649 = PCURVE('',#650,#655);
#650 = PLANE('',#651);
#651 = AXIS2_PLACEMENT_3D('',#652,#653,#654);
#652 = CARTESIAN_POINT('',(-6.1,12.528500841415,4.4));
#653 = DIRECTION('',(0.5,-0.866025403784,1.060575238725E-16));
#654 = DIRECTION('',(0.866025403784,0.5,-6.123233995737E-17));
#655 = DEFINITIONAL_REPRESENTATION('',(#656),#660);
#656 = LINE('',#657,#658);
#657 = CARTESIAN_POINT('',(0.,0.));
#658 = VECTOR('',#659,1.);
#659 = DIRECTION('',(1.,0.));
#660 = ( GEOMETRIC_REPRESENTATION_CONTEXT(2) 
PARAMETRIC_REPRESENTATION_CONTEXT() REPRESENTATION_CONTEXT('2D SPACE',''
  ) );
#661 = ORIENTED_EDGE('',*,*,#662,.T.);
#662 = EDGE_CURVE('',#635,#663,#665,.T.);
#663 = VERTEX_POINT('',#664);
#664 = CARTESIAN_POINT('',(2.6,14.549226783579,4.4));
#665 = SURFACE_CURVE('',#666,(#670,#677),.PCURVE_S1.);
#666 = LINE('',#667,#668);
#667 = CARTESIAN_POINT('',(-1.293901791244E-15,16.050337483472,4.4));
#668 = VECTOR('',#669,1.);
#669 = DIRECTION('',(0.866025403784,-0.5,6.123233995737E-17));
#670 = PCURVE('',#72,#671);
#671 = DEFINITIONAL_REPRESENTATION('',(#672),#676);
#672 = LINE('',#673,#674);
#673 = CARTESIAN_POINT('',(10.4,-16.05033748347));
#674 = VECTOR('',#675,1.);
#675 = DIRECTION('',(0.866025403784,0.5));
#676 = ( GEOMETRIC_REPRESENTATION_CONTEXT(2) 
PARAMETRIC_REPRESENTATION_CONTEXT() REPRESENTATION_CONTEXT('2D SPACE',''
  ) );
#677 = PCURVE('',#678,#683);
#678 = PLANE('',#679);
#679 = AXIS2_PLACEMENT_3D('',#680,#681,#682);
#680 = CARTESIAN_POINT('',(-1.293901791244E-15,16.050337483472,4.4));
#681 = DIRECTION('',(-0.5,-0.866025403784,1.060575238725E-16));
#682 = DIRECTION('',(0.866025403784,-0.5,6.123233995737E-17));
#683 = DEFINITIONAL_REPRESENTATION('',(#684),#688);
#684 = LINE('',#685,#686);
#685 = CARTESIAN_POINT('',(0.,0.));
#686 = VECTOR('',#687,1.);
#687 = DIRECTION('',(1.,0.));
#688 = ( GEOMETRIC_REPRESENTATION_CONTEXT(2) 
PARAMETRIC_REPRESENTATION_CONTEXT() REPRESENTATION_CONTEXT('2D SPACE',''
  ) );
#689 = ORIENTED_EDGE('',*,*,#690,.T.);
#690 = EDGE_CURVE('',#663,#691,#693,.T.);
#691 = VERTEX_POINT('',#692);
#692 = CARTESIAN_POINT('',(5.2,16.050337483472,4.4));
#693 = SURFACE_CURVE('',#694,(#698,#705),.PCURVE_S1.);
#694 = LINE('',#695,#696);
#695 = CARTESIAN_POINT('',(-0.9,12.528500841415,4.4));
#696 = VECTOR('',#697,1.);
#697 = DIRECTION('',(0.866025403784,0.5,-6.123233995737E-17));
#698 = PCURVE('',#72,#699);
#699 = DEFINITIONAL_REPRESENTATION('',(#700),#704);
#700 = LINE('',#701,#702);
#701 = CARTESIAN_POINT('',(9.5,-12.52850084141));
#702 = VECTOR('',#703,1.);
#703 = DIRECTION('',(0.866025403784,-0.5));
#704 = ( GEOMETRIC_REPRESENTATION_CONTEXT(2) 
PARAMETRIC_REPRESENTATION_CONTEXT() REPRESENTATION_CONTEXT('2D SPACE',''
  ) );
#705 = PCURVE('',#706,#711);
#706 = PLANE('',#707);
#707 = AXIS2_PLACEMENT_3D('',#708,#709,#710);
#708 = CARTESIAN_POINT('',(-0.9,12.528500841415,4.4));
#709 = DIRECTION('',(0.5,-0.866025403784,1.060575238725E-16));
#710 = DIRECTION('',(0.866025403784,0.5,-6.123233995737E-17));
#711 = DEFINITIONAL_REPRESENTATION('',(#712),#716);
#712 = LINE('',#713,#714);
#713 = CARTESIAN_POINT('',(0.,0.));
#714 = VECTOR('',#715,1.);
#715 = DIRECTION('',(1.,0.));
#716 = ( GEOMETRIC_REPRESENTATION_CONTEXT(2) 
PARAMETRIC_REPRESENTATION_CONTEXT() REPRESENTATION_CONTEXT('2D SPACE',''
  ) );
#717 = ORIENTED_EDGE('',*,*,#718,.T.);
#718 = EDGE_CURVE('',#691,#719,#721,.T.);
#719 = VERTEX_POINT('',#720);
#720 = CARTESIAN_POINT('',(11.3,12.528500841415,4.4));
#721 = SURFACE_CURVE('',#722,(#726,#733),.PCURVE_S1.);
#722 = LINE('',#723,#724);
#723 = CARTESIAN_POINT('',(5.2,16.050337483472,4.4));
#724 = VECTOR('',#725,1.);
#725 = DIRECTION('',(0.866025403784,-0.5,6.123233995737E-17));
#726 = PCURVE('',#72,#727);
#727 = DEFINITIONAL_REPRESENTATION('',(#728),#732);
#728 = LINE('',#729,#730);
#729 = CARTESIAN_POINT('',(15.6,-16.05033748347));
#730 = VECTOR('',#731,1.);
#731 = DIRECTION('',(0.866025403784,0.5));
#732 = ( GEOMETRIC_REPRESENTATION_CONTEXT(2) 
PARAMETRIC_REPRESENTATION_CONTEXT() REPRESENTATION_CONTEXT('2D SPACE',''
  ) );
#733 = PCURVE('',#734,#739);
#734 = PLANE('',#735);
#735 = AXIS2_PLACEMENT_3D('',#736,#737,#738);
#736 = CARTESIAN_POINT('',(5.2,16.050337483472,4.4));
#737 = DIRECTION('',(-0.5,-0.866025403784,1.060575238725E-16));
#738 = DIRECTION('',(0.866025403784,-0.5,6.123233995737E-17));
#739 = DEFINITIONAL_REPRESENTATION('',(#740),#744);
#740 = LINE('',#741,#742);
#741 = CARTESIAN_POINT('',(0.,0.));
#742 = VECTOR('',#743,1.);
#743 = DIRECTION('',(1.,0.));
#744 = ( GEOMETRIC_REPRESENTATION_CONTEXT(2) 
PARAMETRIC_REPRESENTATION_CONTEXT() REPRESENTATION_CONTEXT('2D SPACE',''
  ) );
#745 = ORIENTED_EDGE('',*,*,#746,.T.);
#746 = EDGE_CURVE('',#719,#747,#749,.T.);
#747 = VERTEX_POINT('',#748);
#748 = CARTESIAN_POINT('',(11.3,9.526279441629,4.4));
#749 = SURFACE_CURVE('',#750,(#754,#761),.PCURVE_S1.);
#750 = LINE('',#751,#752);
#751 = CARTESIAN_POINT('',(11.3,12.528500841415,4.4));
#752 = VECTOR('',#753,1.);
#753 = DIRECTION('',(5.043836554449E-16,-1.,1.224646799147E-16));
#754 = PCURVE('',#72,#755);
#755 = DEFINITIONAL_REPRESENTATION('',(#756),#760);
#756 = LINE('',#757,#758);
#757 = CARTESIAN_POINT('',(21.7,-12.52850084141));
#758 = VECTOR('',#759,1.);
#759 = DIRECTION('',(5.043836554449E-16,1.));
#760 = ( GEOMETRIC_REPRESENTATION_CONTEXT(2) 
PARAMETRIC_REPRESENTATION_CONTEXT() REPRESENTATION_CONTEXT('2D SPACE',''
  ) );
#761 = PCURVE('',#762,#767);
#762 = PLANE('',#763);
#763 = AXIS2_PLACEMENT_3D('',#764,#765,#766);
#764 = CARTESIAN_POINT('',(11.3,12.528500841415,4.4));
#765 = DIRECTION('',(-1.,-5.043836554449E-16,6.176918291828E-32));
#766 = DIRECTION('',(5.043836554449E-16,-1.,1.224646799147E-16));
#767 = DEFINITIONAL_REPRESENTATION('',(#768),#772);
#768 = LINE('',#769,#770);
#769 = CARTESIAN_POINT('',(0.,0.));
#770 = VECTOR('',#771,1.);
#771 = DIRECTION('',(1.,0.));
#772 = ( GEOMETRIC_REPRESENTATION_CONTEXT(2) 
PARAMETRIC_REPRESENTATION_CONTEXT() REPRESENTATION_CONTEXT('2D SPACE',''
  ) );
#773 = ORIENTED_EDGE('',*,*,#774,.T.);
#774 = EDGE_CURVE('',#747,#775,#777,.T.);
#775 = VERTEX_POINT('',#776);
#776 = CARTESIAN_POINT('',(13.9,8.025168741736,4.4));
#777 = SURFACE_CURVE('',#778,(#782,#789),.PCURVE_S1.);
#778 = LINE('',#779,#780);
#779 = CARTESIAN_POINT('',(7.8,11.547005383793,4.4));
#780 = VECTOR('',#781,1.);
#781 = DIRECTION('',(0.866025403784,-0.5,6.123233995737E-17));
#782 = PCURVE('',#72,#783);
#783 = DEFINITIONAL_REPRESENTATION('',(#784),#788);
#784 = LINE('',#785,#786);
#785 = CARTESIAN_POINT('',(18.2,-11.54700538379));
#786 = VECTOR('',#787,1.);
#787 = DIRECTION('',(0.866025403784,0.5));
#788 = ( GEOMETRIC_REPRESENTATION_CONTEXT(2) 
PARAMETRIC_REPRESENTATION_CONTEXT() REPRESENTATION_CONTEXT('2D SPACE',''
  ) );
#789 = PCURVE('',#790,#795);
#790 = PLANE('',#791);
#791 = AXIS2_PLACEMENT_3D('',#792,#793,#794);
#792 = CARTESIAN_POINT('',(7.8,11.547005383793,4.4));
#793 = DIRECTION('',(-0.5,-0.866025403784,1.060575238725E-16));
#794 = DIRECTION('',(0.866025403784,-0.5,6.123233995737E-17));
#795 = DEFINITIONAL_REPRESENTATION('',(#796),#800);
#796 = LINE('',#797,#798);
#797 = CARTESIAN_POINT('',(0.,0.));
#798 = VECTOR('',#799,1.);
#799 = DIRECTION('',(1.,1.232595164408E-32));
#800 = ( GEOMETRIC_REPRESENTATION_CONTEXT(2) 
PARAMETRIC_REPRESENTATION_CONTEXT() REPRESENTATION_CONTEXT('2D SPACE',''
  ) );
#801 = ORIENTED_EDGE('',*,*,#802,.T.);
#802 = EDGE_CURVE('',#775,#803,#805,.T.);
#803 = VERTEX_POINT('',#804);
#804 = CARTESIAN_POINT('',(13.9,5.02294734195,4.4));
#805 = SURFACE_CURVE('',#806,(#810,#817),.PCURVE_S1.);
#806 = LINE('',#807,#808);
#807 = CARTESIAN_POINT('',(13.9,8.025168741736,4.4));
#808 = VECTOR('',#809,1.);
#809 = DIRECTION('',(5.043836554449E-16,-1.,1.224646799147E-16));
#810 = PCURVE('',#72,#811);
#811 = DEFINITIONAL_REPRESENTATION('',(#812),#816);
#812 = LINE('',#813,#814);
#813 = CARTESIAN_POINT('',(24.3,-8.025168741736));
#814 = VECTOR('',#815,1.);
#815 = DIRECTION('',(5.043836554449E-16,1.));
#816 = ( GEOMETRIC_REPRESENTATION_CONTEXT(2) 
PARAMETRIC_REPRESENTATION_CONTEXT() REPRESENTATION_CONTEXT('2D SPACE',''
  ) );
#817 = PCURVE('',#818,#823);
#818 = PLANE('',#819);
#819 = AXIS2_PLACEMENT_3D('',#820,#821,#822);
#820 = CARTESIAN_POINT('',(13.9,8.025168741736,4.4));
#821 = DIRECTION('',(-1.,-5.043836554449E-16,6.176918291828E-32));
#822 = DIRECTION('',(5.043836554449E-16,-1.,1.224646799147E-16));
#823 = DEFINITIONAL_REPRESENTATION('',(#824),#828);
#824 = LINE('',#825,#826);
#825 = CARTESIAN_POINT('',(0.,0.));
#826 = VECTOR('',#827,1.);
#827 = DIRECTION('',(1.,0.));
#828 = ( GEOMETRIC_REPRESENTATION_CONTEXT(2) 
PARAMETRIC_REPRESENTATION_CONTEXT() REPRESENTATION_CONTEXT('2D SPACE',''
  ) );
#829 = ORIENTED_EDGE('',*,*,#830,.T.);
#830 = EDGE_CURVE('',#803,#831,#833,.T.);
#831 = VERTEX_POINT('',#832);
#832 = CARTESIAN_POINT('',(16.5,3.521836642057,4.4));
#833 = SURFACE_CURVE('',#834,(#838,#845),.PCURVE_S1.);
#834 = LINE('',#835,#836);
#835 = CARTESIAN_POINT('',(10.4,7.043673284113,4.4));
#836 = VECTOR('',#837,1.);
#837 = DIRECTION('',(0.866025403784,-0.5,6.123233995737E-17));
#838 = PCURVE('',#72,#839);
#839 = DEFINITIONAL_REPRESENTATION('',(#840),#844);
#840 = LINE('',#841,#842);
#841 = CARTESIAN_POINT('',(20.8,-7.043673284113));
#842 = VECTOR('',#843,1.);
#843 = DIRECTION('',(0.866025403784,0.5));
#844 = ( GEOMETRIC_REPRESENTATION_CONTEXT(2) 
PARAMETRIC_REPRESENTATION_CONTEXT() REPRESENTATION_CONTEXT('2D SPACE',''
  ) );
#845 = PCURVE('',#846,#851);
#846 = PLANE('',#847);
#847 = AXIS2_PLACEMENT_3D('',#848,#849,#850);
#848 = CARTESIAN_POINT('',(10.4,7.043673284113,4.4));
#849 = DIRECTION('',(-0.5,-0.866025403784,1.060575238725E-16));
#850 = DIRECTION('',(0.866025403784,-0.5,6.123233995737E-17));
#851 = DEFINITIONAL_REPRESENTATION('',(#852),#856);
#852 = LINE('',#853,#854);
#853 = CARTESIAN_POINT('',(0.,0.));
#854 = VECTOR('',#855,1.);
#855 = DIRECTION('',(1.,1.232595164408E-32));
#856 = ( GEOMETRIC_REPRESENTATION_CONTEXT(2) 
PARAMETRIC_REPRESENTATION_CONTEXT() REPRESENTATION_CONTEXT('2D SPACE',''
  ) );
#857 = ORIENTED_EDGE('',*,*,#858,.T.);
#858 = EDGE_CURVE('',#831,#859,#861,.T.);
#859 = VERTEX_POINT('',#860);
#860 = CARTESIAN_POINT('',(16.5,-3.521836642057,4.4));
#861 = SURFACE_CURVE('',#862,(#866,#873),.PCURVE_S1.);
#862 = LINE('',#863,#864);
#863 = CARTESIAN_POINT('',(16.5,3.521836642057,4.4));
#864 = VECTOR('',#865,1.);
#865 = DIRECTION('',(0.,-1.,1.224646799147E-16));
#866 = PCURVE('',#72,#867);
#867 = DEFINITIONAL_REPRESENTATION('',(#868),#872);
#868 = LINE('',#869,#870);
#869 = CARTESIAN_POINT('',(26.9,-3.521836642057));
#870 = VECTOR('',#871,1.);
#871 = DIRECTION('',(0.,1.));
#872 = ( GEOMETRIC_REPRESENTATION_CONTEXT(2) 
PARAMETRIC_REPRESENTATION_CONTEXT() REPRESENTATION_CONTEXT('2D SPACE',''
  ) );
#873 = PCURVE('',#874,#879);
#874 = PLANE('',#875);
#875 = AXIS2_PLACEMENT_3D('',#876,#877,#878);
#876 = CARTESIAN_POINT('',(16.5,3.521836642057,4.4));
#877 = DIRECTION('',(-1.,-0.,0.));
#878 = DIRECTION('',(0.,-1.,1.224646799147E-16));
#879 = DEFINITIONAL_REPRESENTATION('',(#880),#884);
#880 = LINE('',#881,#882);
#881 = CARTESIAN_POINT('',(0.,0.));
#882 = VECTOR('',#883,1.);
#883 = DIRECTION('',(1.,0.));
#884 = ( GEOMETRIC_REPRESENTATION_CONTEXT(2) 
PARAMETRIC_REPRESENTATION_CONTEXT() REPRESENTATION_CONTEXT('2D SPACE',''
  ) );
#885 = ORIENTED_EDGE('',*,*,#886,.T.);
#886 = EDGE_CURVE('',#859,#887,#889,.T.);
#887 = VERTEX_POINT('',#888);
#888 = CARTESIAN_POINT('',(13.9,-5.02294734195,4.4));
#889 = SURFACE_CURVE('',#890,(#894,#901),.PCURVE_S1.);
#890 = LINE('',#891,#892);
#891 = CARTESIAN_POINT('',(16.5,-3.521836642057,4.4));
#892 = VECTOR('',#893,1.);
#893 = DIRECTION('',(-0.866025403784,-0.5,6.123233995737E-17));
#894 = PCURVE('',#72,#895);
#895 = DEFINITIONAL_REPRESENTATION('',(#896),#900);
#896 = LINE('',#897,#898);
#897 = CARTESIAN_POINT('',(26.9,3.521836642057));
#898 = VECTOR('',#899,1.);
#899 = DIRECTION('',(-0.866025403784,0.5));
#900 = ( GEOMETRIC_REPRESENTATION_CONTEXT(2) 
PARAMETRIC_REPRESENTATION_CONTEXT() REPRESENTATION_CONTEXT('2D SPACE',''
  ) );
#901 = PCURVE('',#902,#907);
#902 = PLANE('',#903);
#903 = AXIS2_PLACEMENT_3D('',#904,#905,#906);
#904 = CARTESIAN_POINT('',(16.5,-3.521836642057,4.4));
#905 = DIRECTION('',(-0.5,0.866025403784,-1.060575238725E-16));
#906 = DIRECTION('',(-0.866025403784,-0.5,6.123233995737E-17));
#907 = DEFINITIONAL_REPRESENTATION('',(#908),#912);
#908 = LINE('',#909,#910);
#909 = CARTESIAN_POINT('',(0.,0.));
#910 = VECTOR('',#911,1.);
#911 = DIRECTION('',(1.,0.));
#912 = ( GEOMETRIC_REPRESENTATION_CONTEXT(2) 
PARAMETRIC_REPRESENTATION_CONTEXT() REPRESENTATION_CONTEXT('2D SPACE',''
  ) );
#913 = ORIENTED_EDGE('',*,*,#914,.T.);
#914 = EDGE_CURVE('',#887,#915,#917,.T.);
#915 = VERTEX_POINT('',#916);
#916 = CARTESIAN_POINT('',(13.9,-8.025168741736,4.4));
#917 = SURFACE_CURVE('',#918,(#922,#929),.PCURVE_S1.);
#918 = LINE('',#919,#920);
#919 = CARTESIAN_POINT('',(13.9,-0.981495457622,4.4));
#920 = VECTOR('',#921,1.);
#921 = DIRECTION('',(5.043836554449E-16,-1.,1.224646799147E-16));
#922 = PCURVE('',#72,#923);
#923 = DEFINITIONAL_REPRESENTATION('',(#924),#928);
#924 = LINE('',#925,#926);
#925 = CARTESIAN_POINT('',(24.3,0.981495457622));
#926 = VECTOR('',#927,1.);
#927 = DIRECTION('',(5.043836554449E-16,1.));
#928 = ( GEOMETRIC_REPRESENTATION_CONTEXT(2) 
PARAMETRIC_REPRESENTATION_CONTEXT() REPRESENTATION_CONTEXT('2D SPACE',''
  ) );
#929 = PCURVE('',#930,#935);
#930 = PLANE('',#931);
#931 = AXIS2_PLACEMENT_3D('',#932,#933,#934);
#932 = CARTESIAN_POINT('',(13.9,-0.981495457622,4.4));
#933 = DIRECTION('',(-1.,-5.043836554449E-16,6.176918291828E-32));
#934 = DIRECTION('',(5.043836554449E-16,-1.,1.224646799147E-16));
#935 = DEFINITIONAL_REPRESENTATION('',(#936),#940);
#936 = LINE('',#937,#938);
#937 = CARTESIAN_POINT('',(0.,0.));
#938 = VECTOR('',#939,1.);
#939 = DIRECTION('',(1.,0.));
#940 = ( GEOMETRIC_REPRESENTATION_CONTEXT(2) 
PARAMETRIC_REPRESENTATION_CONTEXT() REPRESENTATION_CONTEXT('2D SPACE',''
  ) );
#941 = ORIENTED_EDGE('',*,*,#942,.T.);
#942 = EDGE_CURVE('',#915,#943,#945,.T.);
#943 = VERTEX_POINT('',#944);
#944 = CARTESIAN_POINT('',(11.3,-9.526279441629,4.4));
#945 = SURFACE_CURVE('',#946,(#950,#957),.PCURVE_S1.);
#946 = LINE('',#947,#948);
#947 = CARTESIAN_POINT('',(13.9,-8.025168741736,4.4));
#948 = VECTOR('',#949,1.);
#949 = DIRECTION('',(-0.866025403784,-0.5,6.123233995737E-17));
#950 = PCURVE('',#72,#951);
#951 = DEFINITIONAL_REPRESENTATION('',(#952),#956);
#952 = LINE('',#953,#954);
#953 = CARTESIAN_POINT('',(24.3,8.025168741736));
#954 = VECTOR('',#955,1.);
#955 = DIRECTION('',(-0.866025403784,0.5));
#956 = ( GEOMETRIC_REPRESENTATION_CONTEXT(2) 
PARAMETRIC_REPRESENTATION_CONTEXT() REPRESENTATION_CONTEXT('2D SPACE',''
  ) );
#957 = PCURVE('',#958,#963);
#958 = PLANE('',#959);
#959 = AXIS2_PLACEMENT_3D('',#960,#961,#962);
#960 = CARTESIAN_POINT('',(13.9,-8.025168741736,4.));
#961 = DIRECTION('',(-0.5,0.866025403784,-1.060575238725E-16));
#962 = DIRECTION('',(-0.866025403784,-0.5,6.123233995737E-17));
#963 = DEFINITIONAL_REPRESENTATION('',(#964),#968);
#964 = LINE('',#965,#966);
#965 = CARTESIAN_POINT('',(2.449293598295E-17,0.4));
#966 = VECTOR('',#967,1.);
#967 = DIRECTION('',(1.,0.));
#968 = ( GEOMETRIC_REPRESENTATION_CONTEXT(2) 
PARAMETRIC_REPRESENTATION_CONTEXT() REPRESENTATION_CONTEXT('2D SPACE',''
  ) );
#969 = ORIENTED_EDGE('',*,*,#970,.T.);
#970 = EDGE_CURVE('',#943,#57,#971,.T.);
#971 = SURFACE_CURVE('',#972,(#976,#983),.PCURVE_S1.);
#972 = LINE('',#973,#974);
#973 = CARTESIAN_POINT('',(11.3,-5.484827557301,4.4));
#974 = VECTOR('',#975,1.);
#975 = DIRECTION('',(5.043836554449E-16,-1.,1.224646799147E-16));
#976 = PCURVE('',#72,#977);
#977 = DEFINITIONAL_REPRESENTATION('',(#978),#982);
#978 = LINE('',#979,#980);
#979 = CARTESIAN_POINT('',(21.7,5.484827557301));
#980 = VECTOR('',#981,1.);
#981 = DIRECTION('',(5.043836554449E-16,1.));
#982 = ( GEOMETRIC_REPRESENTATION_CONTEXT(2) 
PARAMETRIC_REPRESENTATION_CONTEXT() REPRESENTATION_CONTEXT('2D SPACE',''
  ) );
#983 = PCURVE('',#100,#984);
#984 = DEFINITIONAL_REPRESENTATION('',(#985),#989);
#985 = LINE('',#986,#987);
#986 = CARTESIAN_POINT('',(4.898587196589E-17,0.4));
#987 = VECTOR('',#988,1.);
#988 = DIRECTION('',(1.,0.));
#989 = ( GEOMETRIC_REPRESENTATION_CONTEXT(2) 
PARAMETRIC_REPRESENTATION_CONTEXT() REPRESENTATION_CONTEXT('2D SPACE',''
  ) );
#990 = FACE_BOUND('',#991,.F.);
#991 = EDGE_LOOP('',(#992,#1022,#1050,#1078,#1106,#1135,#1159,#1187,
    #1215,#1244,#1268,#1296,#1324,#1352,#1380,#1409,#1433,#1461,#1489,
    #1518,#1542,#1570,#1598,#1626,#1654,#1683,#1707,#1735,#1763,#1792,
    #1816,#1844,#1872,#1900,#1928,#1957,#1981,#2009,#2037,#2066,#2090,
    #2118,#2146,#2174,#2202,#2231,#2255,#2283,#2311,#2340,#2368,#2396,
    #2424,#2452,#2481,#2509,#2537));
#992 = ORIENTED_EDGE('',*,*,#993,.F.);
#993 = EDGE_CURVE('',#994,#996,#998,.T.);
#994 = VERTEX_POINT('',#995);
#995 = CARTESIAN_POINT('',(-8.4,-10.85418506076,4.4));
#996 = VERTEX_POINT('',#997);
#997 = CARTESIAN_POINT('',(-8.4,-8.744012857934,4.4));
#998 = SURFACE_CURVE('',#999,(#1003,#1010),.PCURVE_S1.);
#999 = LINE('',#1000,#1001);
#1000 = CARTESIAN_POINT('',(-8.4,-10.85418506076,4.4));
#1001 = VECTOR('',#1002,1.);
#1002 = DIRECTION('',(0.,1.,-1.224646799147E-16));
#1003 = PCURVE('',#72,#1004);
#1004 = DEFINITIONAL_REPRESENTATION('',(#1005),#1009);
#1005 = LINE('',#1006,#1007);
#1006 = CARTESIAN_POINT('',(2.,10.854185060765));
#1007 = VECTOR('',#1008,1.);
#1008 = DIRECTION('',(0.,-1.));
#1009 = ( GEOMETRIC_REPRESENTATION_CONTEXT(2) 
PARAMETRIC_REPRESENTATION_CONTEXT() REPRESENTATION_CONTEXT('2D SPACE',''
  ) );
#1010 = PCURVE('',#1011,#1016);
#1011 = PLANE('',#1012);
#1012 = AXIS2_PLACEMENT_3D('',#1013,#1014,#1015);
#1013 = CARTESIAN_POINT('',(-8.4,-10.85418506076,4.4));
#1014 = DIRECTION('',(1.,0.,0.));
#1015 = DIRECTION('',(0.,1.,-1.224646799147E-16));
#1016 = DEFINITIONAL_REPRESENTATION('',(#1017),#1021);
#1017 = LINE('',#1018,#1019);
#1018 = CARTESIAN_POINT('',(0.,0.));
#1019 = VECTOR('',#1020,1.);
#1020 = DIRECTION('',(1.,0.));
#1021 = ( GEOMETRIC_REPRESENTATION_CONTEXT(2) 
PARAMETRIC_REPRESENTATION_CONTEXT() REPRESENTATION_CONTEXT('2D SPACE',''
  ) );
#1022 = ORIENTED_EDGE('',*,*,#1023,.F.);
#1023 = EDGE_CURVE('',#1024,#994,#1026,.T.);
#1024 = VERTEX_POINT('',#1025);
#1025 = CARTESIAN_POINT('',(-5.2,-12.70170592217,4.4));
#1026 = SURFACE_CURVE('',#1027,(#1031,#1038),.PCURVE_S1.);
#1027 = LINE('',#1028,#1029);
#1028 = CARTESIAN_POINT('',(-5.2,-12.70170592217,4.4));
#1029 = VECTOR('',#1030,1.);
#1030 = DIRECTION('',(-0.866025403784,0.5,-6.123233995737E-17));
#1031 = PCURVE('',#72,#1032);
#1032 = DEFINITIONAL_REPRESENTATION('',(#1033),#1037);
#1033 = LINE('',#1034,#1035);
#1034 = CARTESIAN_POINT('',(5.2,12.701705922172));
#1035 = VECTOR('',#1036,1.);
#1036 = DIRECTION('',(-0.866025403784,-0.5));
#1037 = ( GEOMETRIC_REPRESENTATION_CONTEXT(2) 
PARAMETRIC_REPRESENTATION_CONTEXT() REPRESENTATION_CONTEXT('2D SPACE',''
  ) );
#1038 = PCURVE('',#1039,#1044);
#1039 = PLANE('',#1040);
#1040 = AXIS2_PLACEMENT_3D('',#1041,#1042,#1043);
#1041 = CARTESIAN_POINT('',(-5.2,-12.70170592217,4.4));
#1042 = DIRECTION('',(0.5,0.866025403784,-1.060575238725E-16));
#1043 = DIRECTION('',(-0.866025403784,0.5,-6.123233995737E-17));
#1044 = DEFINITIONAL_REPRESENTATION('',(#1045),#1049);
#1045 = LINE('',#1046,#1047);
#1046 = CARTESIAN_POINT('',(0.,0.));
#1047 = VECTOR('',#1048,1.);
#1048 = DIRECTION('',(1.,0.));
#1049 = ( GEOMETRIC_REPRESENTATION_CONTEXT(2) 
PARAMETRIC_REPRESENTATION_CONTEXT() REPRESENTATION_CONTEXT('2D SPACE',''
  ) );
#1050 = ORIENTED_EDGE('',*,*,#1051,.F.);
#1051 = EDGE_CURVE('',#1052,#1024,#1054,.T.);
#1052 = VERTEX_POINT('',#1053);
#1053 = CARTESIAN_POINT('',(-2.6,-11.20059522227,4.4));
#1054 = SURFACE_CURVE('',#1055,(#1059,#1066),.PCURVE_S1.);
#1055 = LINE('',#1056,#1057);
#1056 = CARTESIAN_POINT('',(-2.,-10.85418506076,4.4));
#1057 = VECTOR('',#1058,1.);
#1058 = DIRECTION('',(-0.866025403784,-0.5,6.123233995737E-17));
#1059 = PCURVE('',#72,#1060);
#1060 = DEFINITIONAL_REPRESENTATION('',(#1061),#1065);
#1061 = LINE('',#1062,#1063);
#1062 = CARTESIAN_POINT('',(8.4,10.854185060765));
#1063 = VECTOR('',#1064,1.);
#1064 = DIRECTION('',(-0.866025403784,0.5));
#1065 = ( GEOMETRIC_REPRESENTATION_CONTEXT(2) 
PARAMETRIC_REPRESENTATION_CONTEXT() REPRESENTATION_CONTEXT('2D SPACE',''
  ) );
#1066 = PCURVE('',#1067,#1072);
#1067 = PLANE('',#1068);
#1068 = AXIS2_PLACEMENT_3D('',#1069,#1070,#1071);
#1069 = CARTESIAN_POINT('',(-2.,-10.85418506076,4.4));
#1070 = DIRECTION('',(-0.5,0.866025403784,-1.060575238725E-16));
#1071 = DIRECTION('',(-0.866025403784,-0.5,6.123233995737E-17));
#1072 = DEFINITIONAL_REPRESENTATION('',(#1073),#1077);
#1073 = LINE('',#1074,#1075);
#1074 = CARTESIAN_POINT('',(0.,0.));
#1075 = VECTOR('',#1076,1.);
#1076 = DIRECTION('',(1.,0.));
#1077 = ( GEOMETRIC_REPRESENTATION_CONTEXT(2) 
PARAMETRIC_REPRESENTATION_CONTEXT() REPRESENTATION_CONTEXT('2D SPACE',''
  ) );
#1078 = ORIENTED_EDGE('',*,*,#1079,.F.);
#1079 = EDGE_CURVE('',#1080,#1052,#1082,.T.);
#1080 = VERTEX_POINT('',#1081);
#1081 = CARTESIAN_POINT('',(-1.750001936058,-11.6913418333,4.4));
#1082 = SURFACE_CURVE('',#1083,(#1087,#1094),.PCURVE_S1.);
#1083 = LINE('',#1084,#1085);
#1084 = CARTESIAN_POINT('',(2.26256050928E-16,-12.70170592217,4.4));
#1085 = VECTOR('',#1086,1.);
#1086 = DIRECTION('',(-0.866025403784,0.5,-6.123233995737E-17));
#1087 = PCURVE('',#72,#1088);
#1088 = DEFINITIONAL_REPRESENTATION('',(#1089),#1093);
#1089 = LINE('',#1090,#1091);
#1090 = CARTESIAN_POINT('',(10.4,12.701705922172));
#1091 = VECTOR('',#1092,1.);
#1092 = DIRECTION('',(-0.866025403784,-0.5));
#1093 = ( GEOMETRIC_REPRESENTATION_CONTEXT(2) 
PARAMETRIC_REPRESENTATION_CONTEXT() REPRESENTATION_CONTEXT('2D SPACE',''
  ) );
#1094 = PCURVE('',#1095,#1100);
#1095 = PLANE('',#1096);
#1096 = AXIS2_PLACEMENT_3D('',#1097,#1098,#1099);
#1097 = CARTESIAN_POINT('',(2.26256050928E-16,-12.70170592217,4.4));
#1098 = DIRECTION('',(0.5,0.866025403784,-1.060575238725E-16));
#1099 = DIRECTION('',(-0.866025403784,0.5,-6.123233995737E-17));
#1100 = DEFINITIONAL_REPRESENTATION('',(#1101),#1105);
#1101 = LINE('',#1102,#1103);
#1102 = CARTESIAN_POINT('',(0.,0.));
#1103 = VECTOR('',#1104,1.);
#1104 = DIRECTION('',(1.,0.));
#1105 = ( GEOMETRIC_REPRESENTATION_CONTEXT(2) 
PARAMETRIC_REPRESENTATION_CONTEXT() REPRESENTATION_CONTEXT('2D SPACE',''
  ) );
#1106 = ORIENTED_EDGE('',*,*,#1107,.F.);
#1107 = EDGE_CURVE('',#1108,#1080,#1110,.T.);
#1108 = VERTEX_POINT('',#1109);
#1109 = CARTESIAN_POINT('',(-0.73,-12.92,4.4));
#1110 = SURFACE_CURVE('',#1111,(#1116,#1123),.PCURVE_S1.);
#1111 = CIRCLE('',#1112,1.25);
#1112 = AXIS2_PLACEMENT_3D('',#1113,#1114,#1115);
#1113 = CARTESIAN_POINT('',(-1.98,-12.92,4.4));
#1114 = DIRECTION('',(0.,-1.224646799147E-16,-1.));
#1115 = DIRECTION('',(1.,0.,0.));
#1116 = PCURVE('',#72,#1117);
#1117 = DEFINITIONAL_REPRESENTATION('',(#1118),#1122);
#1118 = CIRCLE('',#1119,1.25);
#1119 = AXIS2_PLACEMENT_2D('',#1120,#1121);
#1120 = CARTESIAN_POINT('',(8.42,12.92));
#1121 = DIRECTION('',(1.,0.));
#1122 = ( GEOMETRIC_REPRESENTATION_CONTEXT(2) 
PARAMETRIC_REPRESENTATION_CONTEXT() REPRESENTATION_CONTEXT('2D SPACE',''
  ) );
#1123 = PCURVE('',#1124,#1129);
#1124 = CONICAL_SURFACE('',#1125,1.25,8.502181265222E-02);
#1125 = AXIS2_PLACEMENT_3D('',#1126,#1127,#1128);
#1126 = CARTESIAN_POINT('',(-1.98,-12.92,4.4));
#1127 = DIRECTION('',(-0.,1.224646799147E-16,1.));
#1128 = DIRECTION('',(1.,0.,0.));
#1129 = DEFINITIONAL_REPRESENTATION('',(#1130),#1134);
#1130 = LINE('',#1131,#1132);
#1131 = CARTESIAN_POINT('',(-0.,-0.));
#1132 = VECTOR('',#1133,1.);
#1133 = DIRECTION('',(-1.,-0.));
#1134 = ( GEOMETRIC_REPRESENTATION_CONTEXT(2) 
PARAMETRIC_REPRESENTATION_CONTEXT() REPRESENTATION_CONTEXT('2D SPACE',''
  ) );
#1135 = ORIENTED_EDGE('',*,*,#1136,.F.);
#1136 = EDGE_CURVE('',#1137,#1108,#1139,.T.);
#1137 = VERTEX_POINT('',#1138);
#1138 = CARTESIAN_POINT('',(-1.030949847047,-12.10648675045,4.4));
#1139 = SURFACE_CURVE('',#1140,(#1145,#1152),.PCURVE_S1.);
#1140 = CIRCLE('',#1141,1.25);
#1141 = AXIS2_PLACEMENT_3D('',#1142,#1143,#1144);
#1142 = CARTESIAN_POINT('',(-1.98,-12.92,4.4));
#1143 = DIRECTION('',(0.,-1.224646799147E-16,-1.));
#1144 = DIRECTION('',(1.,0.,0.));
#1145 = PCURVE('',#72,#1146);
#1146 = DEFINITIONAL_REPRESENTATION('',(#1147),#1151);
#1147 = CIRCLE('',#1148,1.25);
#1148 = AXIS2_PLACEMENT_2D('',#1149,#1150);
#1149 = CARTESIAN_POINT('',(8.42,12.92));
#1150 = DIRECTION('',(1.,0.));
#1151 = ( GEOMETRIC_REPRESENTATION_CONTEXT(2) 
PARAMETRIC_REPRESENTATION_CONTEXT() REPRESENTATION_CONTEXT('2D SPACE',''
  ) );
#1152 = PCURVE('',#1124,#1153);
#1153 = DEFINITIONAL_REPRESENTATION('',(#1154),#1158);
#1154 = LINE('',#1155,#1156);
#1155 = CARTESIAN_POINT('',(-0.,-0.));
#1156 = VECTOR('',#1157,1.);
#1157 = DIRECTION('',(-1.,-0.));
#1158 = ( GEOMETRIC_REPRESENTATION_CONTEXT(2) 
PARAMETRIC_REPRESENTATION_CONTEXT() REPRESENTATION_CONTEXT('2D SPACE',''
  ) );
#1159 = ORIENTED_EDGE('',*,*,#1160,.F.);
#1160 = EDGE_CURVE('',#1161,#1137,#1163,.T.);
#1161 = VERTEX_POINT('',#1162);
#1162 = CARTESIAN_POINT('',(2.26256050928E-16,-12.70170592217,4.4));
#1163 = SURFACE_CURVE('',#1164,(#1168,#1175),.PCURVE_S1.);
#1164 = LINE('',#1165,#1166);
#1165 = CARTESIAN_POINT('',(2.26256050928E-16,-12.70170592217,4.4));
#1166 = VECTOR('',#1167,1.);
#1167 = DIRECTION('',(-0.866025403784,0.5,-6.123233995737E-17));
#1168 = PCURVE('',#72,#1169);
#1169 = DEFINITIONAL_REPRESENTATION('',(#1170),#1174);
#1170 = LINE('',#1171,#1172);
#1171 = CARTESIAN_POINT('',(10.4,12.701705922172));
#1172 = VECTOR('',#1173,1.);
#1173 = DIRECTION('',(-0.866025403784,-0.5));
#1174 = ( GEOMETRIC_REPRESENTATION_CONTEXT(2) 
PARAMETRIC_REPRESENTATION_CONTEXT() REPRESENTATION_CONTEXT('2D SPACE',''
  ) );
#1175 = PCURVE('',#1176,#1181);
#1176 = PLANE('',#1177);
#1177 = AXIS2_PLACEMENT_3D('',#1178,#1179,#1180);
#1178 = CARTESIAN_POINT('',(2.26256050928E-16,-12.70170592217,4.4));
#1179 = DIRECTION('',(0.5,0.866025403784,-1.060575238725E-16));
#1180 = DIRECTION('',(-0.866025403784,0.5,-6.123233995737E-17));
#1181 = DEFINITIONAL_REPRESENTATION('',(#1182),#1186);
#1182 = LINE('',#1183,#1184);
#1183 = CARTESIAN_POINT('',(0.,0.));
#1184 = VECTOR('',#1185,1.);
#1185 = DIRECTION('',(1.,0.));
#1186 = ( GEOMETRIC_REPRESENTATION_CONTEXT(2) 
PARAMETRIC_REPRESENTATION_CONTEXT() REPRESENTATION_CONTEXT('2D SPACE',''
  ) );
#1187 = ORIENTED_EDGE('',*,*,#1188,.F.);
#1188 = EDGE_CURVE('',#1189,#1161,#1191,.T.);
#1189 = VERTEX_POINT('',#1190);
#1190 = CARTESIAN_POINT('',(1.532180953835,-11.81710083602,4.4));
#1191 = SURFACE_CURVE('',#1192,(#1196,#1203),.PCURVE_S1.);
#1192 = LINE('',#1193,#1194);
#1193 = CARTESIAN_POINT('',(3.2,-10.85418506076,4.4));
#1194 = VECTOR('',#1195,1.);
#1195 = DIRECTION('',(-0.866025403784,-0.5,6.123233995737E-17));
#1196 = PCURVE('',#72,#1197);
#1197 = DEFINITIONAL_REPRESENTATION('',(#1198),#1202);
#1198 = LINE('',#1199,#1200);
#1199 = CARTESIAN_POINT('',(13.6,10.854185060765));
#1200 = VECTOR('',#1201,1.);
#1201 = DIRECTION('',(-0.866025403784,0.5));
#1202 = ( GEOMETRIC_REPRESENTATION_CONTEXT(2) 
PARAMETRIC_REPRESENTATION_CONTEXT() REPRESENTATION_CONTEXT('2D SPACE',''
  ) );
#1203 = PCURVE('',#1204,#1209);
#1204 = PLANE('',#1205);
#1205 = AXIS2_PLACEMENT_3D('',#1206,#1207,#1208);
#1206 = CARTESIAN_POINT('',(3.2,-10.85418506076,4.4));
#1207 = DIRECTION('',(-0.5,0.866025403784,-1.060575238725E-16));
#1208 = DIRECTION('',(-0.866025403784,-0.5,6.123233995737E-17));
#1209 = DEFINITIONAL_REPRESENTATION('',(#1210),#1214);
#1210 = LINE('',#1211,#1212);
#1211 = CARTESIAN_POINT('',(0.,0.));
#1212 = VECTOR('',#1213,1.);
#1213 = DIRECTION('',(1.,0.));
#1214 = ( GEOMETRIC_REPRESENTATION_CONTEXT(2) 
PARAMETRIC_REPRESENTATION_CONTEXT() REPRESENTATION_CONTEXT('2D SPACE',''
  ) );
#1215 = ORIENTED_EDGE('',*,*,#1216,.F.);
#1216 = EDGE_CURVE('',#1217,#1189,#1219,.T.);
#1217 = VERTEX_POINT('',#1218);
#1218 = CARTESIAN_POINT('',(3.78,-12.57,4.4));
#1219 = SURFACE_CURVE('',#1220,(#1225,#1232),.PCURVE_S1.);
#1220 = CIRCLE('',#1221,1.25);
#1221 = AXIS2_PLACEMENT_3D('',#1222,#1223,#1224);
#1222 = CARTESIAN_POINT('',(2.53,-12.57,4.4));
#1223 = DIRECTION('',(0.,-1.224646799147E-16,-1.));
#1224 = DIRECTION('',(1.,0.,0.));
#1225 = PCURVE('',#72,#1226);
#1226 = DEFINITIONAL_REPRESENTATION('',(#1227),#1231);
#1227 = CIRCLE('',#1228,1.25);
#1228 = AXIS2_PLACEMENT_2D('',#1229,#1230);
#1229 = CARTESIAN_POINT('',(12.93,12.57));
#1230 = DIRECTION('',(1.,0.));
#1231 = ( GEOMETRIC_REPRESENTATION_CONTEXT(2) 
PARAMETRIC_REPRESENTATION_CONTEXT() REPRESENTATION_CONTEXT('2D SPACE',''
  ) );
#1232 = PCURVE('',#1233,#1238);
#1233 = CONICAL_SURFACE('',#1234,1.25,8.502181265222E-02);
#1234 = AXIS2_PLACEMENT_3D('',#1235,#1236,#1237);
#1235 = CARTESIAN_POINT('',(2.53,-12.57,4.4));
#1236 = DIRECTION('',(-0.,1.224646799147E-16,1.));
#1237 = DIRECTION('',(1.,0.,0.));
#1238 = DEFINITIONAL_REPRESENTATION('',(#1239),#1243);
#1239 = LINE('',#1240,#1241);
#1240 = CARTESIAN_POINT('',(-0.,-0.));
#1241 = VECTOR('',#1242,1.);
#1242 = DIRECTION('',(-1.,-0.));
#1243 = ( GEOMETRIC_REPRESENTATION_CONTEXT(2) 
PARAMETRIC_REPRESENTATION_CONTEXT() REPRESENTATION_CONTEXT('2D SPACE',''
  ) );
#1244 = ORIENTED_EDGE('',*,*,#1245,.F.);
#1245 = EDGE_CURVE('',#1246,#1217,#1248,.T.);
#1246 = VERTEX_POINT('',#1247);
#1247 = CARTESIAN_POINT('',(3.372537265989,-11.64661982075,4.4));
#1248 = SURFACE_CURVE('',#1249,(#1254,#1261),.PCURVE_S1.);
#1249 = CIRCLE('',#1250,1.25);
#1250 = AXIS2_PLACEMENT_3D('',#1251,#1252,#1253);
#1251 = CARTESIAN_POINT('',(2.53,-12.57,4.4));
#1252 = DIRECTION('',(0.,-1.224646799147E-16,-1.));
#1253 = DIRECTION('',(1.,0.,0.));
#1254 = PCURVE('',#72,#1255);
#1255 = DEFINITIONAL_REPRESENTATION('',(#1256),#1260);
#1256 = CIRCLE('',#1257,1.25);
#1257 = AXIS2_PLACEMENT_2D('',#1258,#1259);
#1258 = CARTESIAN_POINT('',(12.93,12.57));
#1259 = DIRECTION('',(1.,0.));
#1260 = ( GEOMETRIC_REPRESENTATION_CONTEXT(2) 
PARAMETRIC_REPRESENTATION_CONTEXT() REPRESENTATION_CONTEXT('2D SPACE',''
  ) );
#1261 = PCURVE('',#1233,#1262);
#1262 = DEFINITIONAL_REPRESENTATION('',(#1263),#1267);
#1263 = LINE('',#1264,#1265);
#1264 = CARTESIAN_POINT('',(-0.,-0.));
#1265 = VECTOR('',#1266,1.);
#1266 = DIRECTION('',(-1.,-0.));
#1267 = ( GEOMETRIC_REPRESENTATION_CONTEXT(2) 
PARAMETRIC_REPRESENTATION_CONTEXT() REPRESENTATION_CONTEXT('2D SPACE',''
  ) );
#1268 = ORIENTED_EDGE('',*,*,#1269,.F.);
#1269 = EDGE_CURVE('',#1270,#1246,#1272,.T.);
#1270 = VERTEX_POINT('',#1271);
#1271 = CARTESIAN_POINT('',(5.2,-12.70170592217,4.4));
#1272 = SURFACE_CURVE('',#1273,(#1277,#1284),.PCURVE_S1.);
#1273 = LINE('',#1274,#1275);
#1274 = CARTESIAN_POINT('',(5.2,-12.70170592217,4.4));
#1275 = VECTOR('',#1276,1.);
#1276 = DIRECTION('',(-0.866025403784,0.5,-6.123233995737E-17));
#1277 = PCURVE('',#72,#1278);
#1278 = DEFINITIONAL_REPRESENTATION('',(#1279),#1283);
#1279 = LINE('',#1280,#1281);
#1280 = CARTESIAN_POINT('',(15.6,12.701705922172));
#1281 = VECTOR('',#1282,1.);
#1282 = DIRECTION('',(-0.866025403784,-0.5));
#1283 = ( GEOMETRIC_REPRESENTATION_CONTEXT(2) 
PARAMETRIC_REPRESENTATION_CONTEXT() REPRESENTATION_CONTEXT('2D SPACE',''
  ) );
#1284 = PCURVE('',#1285,#1290);
#1285 = PLANE('',#1286);
#1286 = AXIS2_PLACEMENT_3D('',#1287,#1288,#1289);
#1287 = CARTESIAN_POINT('',(5.2,-12.70170592217,4.4));
#1288 = DIRECTION('',(0.5,0.866025403784,-1.060575238725E-16));
#1289 = DIRECTION('',(-0.866025403784,0.5,-6.123233995737E-17));
#1290 = DEFINITIONAL_REPRESENTATION('',(#1291),#1295);
#1291 = LINE('',#1292,#1293);
#1292 = CARTESIAN_POINT('',(0.,0.));
#1293 = VECTOR('',#1294,1.);
#1294 = DIRECTION('',(1.,0.));
#1295 = ( GEOMETRIC_REPRESENTATION_CONTEXT(2) 
PARAMETRIC_REPRESENTATION_CONTEXT() REPRESENTATION_CONTEXT('2D SPACE',''
  ) );
#1296 = ORIENTED_EDGE('',*,*,#1297,.F.);
#1297 = EDGE_CURVE('',#1298,#1270,#1300,.T.);
#1298 = VERTEX_POINT('',#1299);
#1299 = CARTESIAN_POINT('',(8.4,-10.85418506076,4.4));
#1300 = SURFACE_CURVE('',#1301,(#1305,#1312),.PCURVE_S1.);
#1301 = LINE('',#1302,#1303);
#1302 = CARTESIAN_POINT('',(8.4,-10.85418506076,4.4));
#1303 = VECTOR('',#1304,1.);
#1304 = DIRECTION('',(-0.866025403784,-0.5,6.123233995737E-17));
#1305 = PCURVE('',#72,#1306);
#1306 = DEFINITIONAL_REPRESENTATION('',(#1307),#1311);
#1307 = LINE('',#1308,#1309);
#1308 = CARTESIAN_POINT('',(18.8,10.854185060765));
#1309 = VECTOR('',#1310,1.);
#1310 = DIRECTION('',(-0.866025403784,0.5));
#1311 = ( GEOMETRIC_REPRESENTATION_CONTEXT(2) 
PARAMETRIC_REPRESENTATION_CONTEXT() REPRESENTATION_CONTEXT('2D SPACE',''
  ) );
#1312 = PCURVE('',#1313,#1318);
#1313 = PLANE('',#1314);
#1314 = AXIS2_PLACEMENT_3D('',#1315,#1316,#1317);
#1315 = CARTESIAN_POINT('',(8.4,-10.85418506076,4.4));
#1316 = DIRECTION('',(-0.5,0.866025403784,-1.060575238725E-16));
#1317 = DIRECTION('',(-0.866025403784,-0.5,6.123233995737E-17));
#1318 = DEFINITIONAL_REPRESENTATION('',(#1319),#1323);
#1319 = LINE('',#1320,#1321);
#1320 = CARTESIAN_POINT('',(0.,0.));
#1321 = VECTOR('',#1322,1.);
#1322 = DIRECTION('',(1.,0.));
#1323 = ( GEOMETRIC_REPRESENTATION_CONTEXT(2) 
PARAMETRIC_REPRESENTATION_CONTEXT() REPRESENTATION_CONTEXT('2D SPACE',''
  ) );
#1324 = ORIENTED_EDGE('',*,*,#1325,.F.);
#1325 = EDGE_CURVE('',#1326,#1298,#1328,.T.);
#1326 = VERTEX_POINT('',#1327);
#1327 = CARTESIAN_POINT('',(8.4,-7.851963660979,4.4));
#1328 = SURFACE_CURVE('',#1329,(#1333,#1340),.PCURVE_S1.);
#1329 = LINE('',#1330,#1331);
#1330 = CARTESIAN_POINT('',(8.4,-7.159143337951,4.4));
#1331 = VECTOR('',#1332,1.);
#1332 = DIRECTION('',(4.807406715959E-16,-1.,1.224646799147E-16));
#1333 = PCURVE('',#72,#1334);
#1334 = DEFINITIONAL_REPRESENTATION('',(#1335),#1339);
#1335 = LINE('',#1336,#1337);
#1336 = CARTESIAN_POINT('',(18.8,7.159143337951));
#1337 = VECTOR('',#1338,1.);
#1338 = DIRECTION('',(4.807406715959E-16,1.));
#1339 = ( GEOMETRIC_REPRESENTATION_CONTEXT(2) 
PARAMETRIC_REPRESENTATION_CONTEXT() REPRESENTATION_CONTEXT('2D SPACE',''
  ) );
#1340 = PCURVE('',#1341,#1346);
#1341 = PLANE('',#1342);
#1342 = AXIS2_PLACEMENT_3D('',#1343,#1344,#1345);
#1343 = CARTESIAN_POINT('',(8.4,-7.159143337951,4.4));
#1344 = DIRECTION('',(-1.,-4.807406715959E-16,5.887375246899E-32));
#1345 = DIRECTION('',(4.807406715959E-16,-1.,1.224646799147E-16));
#1346 = DEFINITIONAL_REPRESENTATION('',(#1347),#1351);
#1347 = LINE('',#1348,#1349);
#1348 = CARTESIAN_POINT('',(0.,0.));
#1349 = VECTOR('',#1350,1.);
#1350 = DIRECTION('',(1.,0.));
#1351 = ( GEOMETRIC_REPRESENTATION_CONTEXT(2) 
PARAMETRIC_REPRESENTATION_CONTEXT() REPRESENTATION_CONTEXT('2D SPACE',''
  ) );
#1352 = ORIENTED_EDGE('',*,*,#1353,.F.);
#1353 = EDGE_CURVE('',#1354,#1326,#1356,.T.);
#1354 = VERTEX_POINT('',#1355);
#1355 = CARTESIAN_POINT('',(9.249998063942,-7.361217049951,4.4));
#1356 = SURFACE_CURVE('',#1357,(#1361,#1368),.PCURVE_S1.);
#1357 = LINE('',#1358,#1359);
#1358 = CARTESIAN_POINT('',(11.,-6.350852961086,4.4));
#1359 = VECTOR('',#1360,1.);
#1360 = DIRECTION('',(-0.866025403784,-0.5,6.123233995737E-17));
#1361 = PCURVE('',#72,#1362);
#1362 = DEFINITIONAL_REPRESENTATION('',(#1363),#1367);
#1363 = LINE('',#1364,#1365);
#1364 = CARTESIAN_POINT('',(21.4,6.350852961086));
#1365 = VECTOR('',#1366,1.);
#1366 = DIRECTION('',(-0.866025403784,0.5));
#1367 = ( GEOMETRIC_REPRESENTATION_CONTEXT(2) 
PARAMETRIC_REPRESENTATION_CONTEXT() REPRESENTATION_CONTEXT('2D SPACE',''
  ) );
#1368 = PCURVE('',#1369,#1374);
#1369 = PLANE('',#1370);
#1370 = AXIS2_PLACEMENT_3D('',#1371,#1372,#1373);
#1371 = CARTESIAN_POINT('',(11.,-6.350852961086,4.4));
#1372 = DIRECTION('',(-0.5,0.866025403784,-1.060575238725E-16));
#1373 = DIRECTION('',(-0.866025403784,-0.5,6.123233995737E-17));
#1374 = DEFINITIONAL_REPRESENTATION('',(#1375),#1379);
#1375 = LINE('',#1376,#1377);
#1376 = CARTESIAN_POINT('',(0.,0.));
#1377 = VECTOR('',#1378,1.);
#1378 = DIRECTION('',(1.,0.));
#1379 = ( GEOMETRIC_REPRESENTATION_CONTEXT(2) 
PARAMETRIC_REPRESENTATION_CONTEXT() REPRESENTATION_CONTEXT('2D SPACE',''
  ) );
#1380 = ORIENTED_EDGE('',*,*,#1381,.F.);
#1381 = EDGE_CURVE('',#1382,#1354,#1384,.T.);
#1382 = VERTEX_POINT('',#1383);
#1383 = CARTESIAN_POINT('',(11.449048216895,-8.174730299493,4.4));
#1384 = SURFACE_CURVE('',#1385,(#1390,#1397),.PCURVE_S1.);
#1385 = CIRCLE('',#1386,1.25);
#1386 = AXIS2_PLACEMENT_3D('',#1387,#1388,#1389);
#1387 = CARTESIAN_POINT('',(10.199048216895,-8.174730299493,4.4));
#1388 = DIRECTION('',(0.,-1.224646799147E-16,-1.));
#1389 = DIRECTION('',(1.,0.,0.));
#1390 = PCURVE('',#72,#1391);
#1391 = DEFINITIONAL_REPRESENTATION('',(#1392),#1396);
#1392 = CIRCLE('',#1393,1.25);
#1393 = AXIS2_PLACEMENT_2D('',#1394,#1395);
#1394 = CARTESIAN_POINT('',(20.599048216895,8.174730299493));
#1395 = DIRECTION('',(1.,0.));
#1396 = ( GEOMETRIC_REPRESENTATION_CONTEXT(2) 
PARAMETRIC_REPRESENTATION_CONTEXT() REPRESENTATION_CONTEXT('2D SPACE',''
  ) );
#1397 = PCURVE('',#1398,#1403);
#1398 = CONICAL_SURFACE('',#1399,1.25,8.502181265222E-02);
#1399 = AXIS2_PLACEMENT_3D('',#1400,#1401,#1402);
#1400 = CARTESIAN_POINT('',(10.199048216895,-8.174730299493,4.4));
#1401 = DIRECTION('',(-0.,1.224646799147E-16,1.));
#1402 = DIRECTION('',(1.,0.,0.));
#1403 = DEFINITIONAL_REPRESENTATION('',(#1404),#1408);
#1404 = LINE('',#1405,#1406);
#1405 = CARTESIAN_POINT('',(-0.,-0.));
#1406 = VECTOR('',#1407,1.);
#1407 = DIRECTION('',(-1.,-0.));
#1408 = ( GEOMETRIC_REPRESENTATION_CONTEXT(2) 
PARAMETRIC_REPRESENTATION_CONTEXT() REPRESENTATION_CONTEXT('2D SPACE',''
  ) );
#1409 = ORIENTED_EDGE('',*,*,#1410,.F.);
#1410 = EDGE_CURVE('',#1411,#1382,#1413,.T.);
#1411 = VERTEX_POINT('',#1412);
#1412 = CARTESIAN_POINT('',(9.969050152953,-6.9460721328,4.4));
#1413 = SURFACE_CURVE('',#1414,(#1419,#1426),.PCURVE_S1.);
#1414 = CIRCLE('',#1415,1.25);
#1415 = AXIS2_PLACEMENT_3D('',#1416,#1417,#1418);
#1416 = CARTESIAN_POINT('',(10.199048216895,-8.174730299493,4.4));
#1417 = DIRECTION('',(0.,-1.224646799147E-16,-1.));
#1418 = DIRECTION('',(1.,0.,0.));
#1419 = PCURVE('',#72,#1420);
#1420 = DEFINITIONAL_REPRESENTATION('',(#1421),#1425);
#1421 = CIRCLE('',#1422,1.25);
#1422 = AXIS2_PLACEMENT_2D('',#1423,#1424);
#1423 = CARTESIAN_POINT('',(20.599048216895,8.174730299493));
#1424 = DIRECTION('',(1.,0.));
#1425 = ( GEOMETRIC_REPRESENTATION_CONTEXT(2) 
PARAMETRIC_REPRESENTATION_CONTEXT() REPRESENTATION_CONTEXT('2D SPACE',''
  ) );
#1426 = PCURVE('',#1398,#1427);
#1427 = DEFINITIONAL_REPRESENTATION('',(#1428),#1432);
#1428 = LINE('',#1429,#1430);
#1429 = CARTESIAN_POINT('',(-0.,-0.));
#1430 = VECTOR('',#1431,1.);
#1431 = DIRECTION('',(-1.,-0.));
#1432 = ( GEOMETRIC_REPRESENTATION_CONTEXT(2) 
PARAMETRIC_REPRESENTATION_CONTEXT() REPRESENTATION_CONTEXT('2D SPACE',''
  ) );
#1433 = ORIENTED_EDGE('',*,*,#1434,.F.);
#1434 = EDGE_CURVE('',#1435,#1411,#1437,.T.);
#1435 = VERTEX_POINT('',#1436);
#1436 = CARTESIAN_POINT('',(11.,-6.350852961086,4.4));
#1437 = SURFACE_CURVE('',#1438,(#1442,#1449),.PCURVE_S1.);
#1438 = LINE('',#1439,#1440);
#1439 = CARTESIAN_POINT('',(11.,-6.350852961086,4.4));
#1440 = VECTOR('',#1441,1.);
#1441 = DIRECTION('',(-0.866025403784,-0.5,6.123233995737E-17));
#1442 = PCURVE('',#72,#1443);
#1443 = DEFINITIONAL_REPRESENTATION('',(#1444),#1448);
#1444 = LINE('',#1445,#1446);
#1445 = CARTESIAN_POINT('',(21.4,6.350852961086));
#1446 = VECTOR('',#1447,1.);
#1447 = DIRECTION('',(-0.866025403784,0.5));
#1448 = ( GEOMETRIC_REPRESENTATION_CONTEXT(2) 
PARAMETRIC_REPRESENTATION_CONTEXT() REPRESENTATION_CONTEXT('2D SPACE',''
  ) );
#1449 = PCURVE('',#1450,#1455);
#1450 = PLANE('',#1451);
#1451 = AXIS2_PLACEMENT_3D('',#1452,#1453,#1454);
#1452 = CARTESIAN_POINT('',(11.,-6.350852961086,4.4));
#1453 = DIRECTION('',(-0.5,0.866025403784,-1.060575238725E-16));
#1454 = DIRECTION('',(-0.866025403784,-0.5,6.123233995737E-17));
#1455 = DEFINITIONAL_REPRESENTATION('',(#1456),#1460);
#1456 = LINE('',#1457,#1458);
#1457 = CARTESIAN_POINT('',(0.,0.));
#1458 = VECTOR('',#1459,1.);
#1459 = DIRECTION('',(1.,0.));
#1460 = ( GEOMETRIC_REPRESENTATION_CONTEXT(2) 
PARAMETRIC_REPRESENTATION_CONTEXT() REPRESENTATION_CONTEXT('2D SPACE',''
  ) );
#1461 = ORIENTED_EDGE('',*,*,#1462,.F.);
#1462 = EDGE_CURVE('',#1463,#1435,#1465,.T.);
#1463 = VERTEX_POINT('',#1464);
#1464 = CARTESIAN_POINT('',(11.,-4.581642788799,4.4));
#1465 = SURFACE_CURVE('',#1466,(#1470,#1477),.PCURVE_S1.);
#1466 = LINE('',#1467,#1468);
#1467 = CARTESIAN_POINT('',(11.,-2.655811238272,4.4));
#1468 = VECTOR('',#1469,1.);
#1469 = DIRECTION('',(4.807406715959E-16,-1.,1.224646799147E-16));
#1470 = PCURVE('',#72,#1471);
#1471 = DEFINITIONAL_REPRESENTATION('',(#1472),#1476);
#1472 = LINE('',#1473,#1474);
#1473 = CARTESIAN_POINT('',(21.4,2.655811238272));
#1474 = VECTOR('',#1475,1.);
#1475 = DIRECTION('',(4.807406715959E-16,1.));
#1476 = ( GEOMETRIC_REPRESENTATION_CONTEXT(2) 
PARAMETRIC_REPRESENTATION_CONTEXT() REPRESENTATION_CONTEXT('2D SPACE',''
  ) );
#1477 = PCURVE('',#1478,#1483);
#1478 = PLANE('',#1479);
#1479 = AXIS2_PLACEMENT_3D('',#1480,#1481,#1482);
#1480 = CARTESIAN_POINT('',(11.,-2.655811238272,4.4));
#1481 = DIRECTION('',(-1.,-4.807406715959E-16,5.887375246899E-32));
#1482 = DIRECTION('',(4.807406715959E-16,-1.,1.224646799147E-16));
#1483 = DEFINITIONAL_REPRESENTATION('',(#1484),#1488);
#1484 = LINE('',#1485,#1486);
#1485 = CARTESIAN_POINT('',(0.,0.));
#1486 = VECTOR('',#1487,1.);
#1487 = DIRECTION('',(1.,0.));
#1488 = ( GEOMETRIC_REPRESENTATION_CONTEXT(2) 
PARAMETRIC_REPRESENTATION_CONTEXT() REPRESENTATION_CONTEXT('2D SPACE',''
  ) );
#1489 = ORIENTED_EDGE('',*,*,#1490,.F.);
#1490 = EDGE_CURVE('',#1491,#1463,#1493,.T.);
#1491 = VERTEX_POINT('',#1492);
#1492 = CARTESIAN_POINT('',(13.40093932557,-4.093955728425,4.4));
#1493 = SURFACE_CURVE('',#1494,(#1499,#1506),.PCURVE_S1.);
#1494 = CIRCLE('',#1495,1.25);
#1495 = AXIS2_PLACEMENT_3D('',#1496,#1497,#1498);
#1496 = CARTESIAN_POINT('',(12.15093932557,-4.093955728425,4.4));
#1497 = DIRECTION('',(0.,-1.224646799147E-16,-1.));
#1498 = DIRECTION('',(1.,0.,0.));
#1499 = PCURVE('',#72,#1500);
#1500 = DEFINITIONAL_REPRESENTATION('',(#1501),#1505);
#1501 = CIRCLE('',#1502,1.25);
#1502 = AXIS2_PLACEMENT_2D('',#1503,#1504);
#1503 = CARTESIAN_POINT('',(22.55093932557,4.093955728425));
#1504 = DIRECTION('',(1.,0.));
#1505 = ( GEOMETRIC_REPRESENTATION_CONTEXT(2) 
PARAMETRIC_REPRESENTATION_CONTEXT() REPRESENTATION_CONTEXT('2D SPACE',''
  ) );
#1506 = PCURVE('',#1507,#1512);
#1507 = CONICAL_SURFACE('',#1508,1.25,8.502181265222E-02);
#1508 = AXIS2_PLACEMENT_3D('',#1509,#1510,#1511);
#1509 = CARTESIAN_POINT('',(12.15093932557,-4.093955728425,4.4));
#1510 = DIRECTION('',(-0.,1.224646799147E-16,1.));
#1511 = DIRECTION('',(1.,0.,0.));
#1512 = DEFINITIONAL_REPRESENTATION('',(#1513),#1517);
#1513 = LINE('',#1514,#1515);
#1514 = CARTESIAN_POINT('',(-0.,-0.));
#1515 = VECTOR('',#1516,1.);
#1516 = DIRECTION('',(-1.,-0.));
#1517 = ( GEOMETRIC_REPRESENTATION_CONTEXT(2) 
PARAMETRIC_REPRESENTATION_CONTEXT() REPRESENTATION_CONTEXT('2D SPACE',''
  ) );
#1518 = ORIENTED_EDGE('',*,*,#1519,.F.);
#1519 = EDGE_CURVE('',#1520,#1491,#1522,.T.);
#1520 = VERTEX_POINT('',#1521);
#1521 = CARTESIAN_POINT('',(11.772537265989,-2.902606962822,4.4));
#1522 = SURFACE_CURVE('',#1523,(#1528,#1535),.PCURVE_S1.);
#1523 = CIRCLE('',#1524,1.25);
#1524 = AXIS2_PLACEMENT_3D('',#1525,#1526,#1527);
#1525 = CARTESIAN_POINT('',(12.15093932557,-4.093955728425,4.4));
#1526 = DIRECTION('',(0.,-1.224646799147E-16,-1.));
#1527 = DIRECTION('',(1.,0.,0.));
#1528 = PCURVE('',#72,#1529);
#1529 = DEFINITIONAL_REPRESENTATION('',(#1530),#1534);
#1530 = CIRCLE('',#1531,1.25);
#1531 = AXIS2_PLACEMENT_2D('',#1532,#1533);
#1532 = CARTESIAN_POINT('',(22.55093932557,4.093955728425));
#1533 = DIRECTION('',(1.,0.));
#1534 = ( GEOMETRIC_REPRESENTATION_CONTEXT(2) 
PARAMETRIC_REPRESENTATION_CONTEXT() REPRESENTATION_CONTEXT('2D SPACE',''
  ) );
#1535 = PCURVE('',#1507,#1536);
#1536 = DEFINITIONAL_REPRESENTATION('',(#1537),#1541);
#1537 = LINE('',#1538,#1539);
#1538 = CARTESIAN_POINT('',(-0.,-0.));
#1539 = VECTOR('',#1540,1.);
#1540 = DIRECTION('',(-1.,-0.));
#1541 = ( GEOMETRIC_REPRESENTATION_CONTEXT(2) 
PARAMETRIC_REPRESENTATION_CONTEXT() REPRESENTATION_CONTEXT('2D SPACE',''
  ) );
#1542 = ORIENTED_EDGE('',*,*,#1543,.F.);
#1543 = EDGE_CURVE('',#1544,#1520,#1546,.T.);
#1544 = VERTEX_POINT('',#1545);
#1545 = CARTESIAN_POINT('',(13.6,-1.847520861407,4.4));
#1546 = SURFACE_CURVE('',#1547,(#1551,#1558),.PCURVE_S1.);
#1547 = LINE('',#1548,#1549);
#1548 = CARTESIAN_POINT('',(13.6,-1.847520861407,4.4));
#1549 = VECTOR('',#1550,1.);
#1550 = DIRECTION('',(-0.866025403784,-0.5,6.123233995737E-17));
#1551 = PCURVE('',#72,#1552);
#1552 = DEFINITIONAL_REPRESENTATION('',(#1553),#1557);
#1553 = LINE('',#1554,#1555);
#1554 = CARTESIAN_POINT('',(24.,1.847520861407));
#1555 = VECTOR('',#1556,1.);
#1556 = DIRECTION('',(-0.866025403784,0.5));
#1557 = ( GEOMETRIC_REPRESENTATION_CONTEXT(2) 
PARAMETRIC_REPRESENTATION_CONTEXT() REPRESENTATION_CONTEXT('2D SPACE',''
  ) );
#1558 = PCURVE('',#1559,#1564);
#1559 = PLANE('',#1560);
#1560 = AXIS2_PLACEMENT_3D('',#1561,#1562,#1563);
#1561 = CARTESIAN_POINT('',(13.6,-1.847520861407,4.4));
#1562 = DIRECTION('',(-0.5,0.866025403784,-1.060575238725E-16));
#1563 = DIRECTION('',(-0.866025403784,-0.5,6.123233995737E-17));
#1564 = DEFINITIONAL_REPRESENTATION('',(#1565),#1569);
#1565 = LINE('',#1566,#1567);
#1566 = CARTESIAN_POINT('',(0.,0.));
#1567 = VECTOR('',#1568,1.);
#1568 = DIRECTION('',(1.,0.));
#1569 = ( GEOMETRIC_REPRESENTATION_CONTEXT(2) 
PARAMETRIC_REPRESENTATION_CONTEXT() REPRESENTATION_CONTEXT('2D SPACE',''
  ) );
#1570 = ORIENTED_EDGE('',*,*,#1571,.F.);
#1571 = EDGE_CURVE('',#1572,#1544,#1574,.T.);
#1572 = VERTEX_POINT('',#1573);
#1573 = CARTESIAN_POINT('',(13.6,1.847520861407,4.4));
#1574 = SURFACE_CURVE('',#1575,(#1579,#1586),.PCURVE_S1.);
#1575 = LINE('',#1576,#1577);
#1576 = CARTESIAN_POINT('',(13.6,1.847520861407,4.4));
#1577 = VECTOR('',#1578,1.);
#1578 = DIRECTION('',(4.807406715959E-16,-1.,1.224646799147E-16));
#1579 = PCURVE('',#72,#1580);
#1580 = DEFINITIONAL_REPRESENTATION('',(#1581),#1585);
#1581 = LINE('',#1582,#1583);
#1582 = CARTESIAN_POINT('',(24.,-1.847520861407));
#1583 = VECTOR('',#1584,1.);
#1584 = DIRECTION('',(4.807406715959E-16,1.));
#1585 = ( GEOMETRIC_REPRESENTATION_CONTEXT(2) 
PARAMETRIC_REPRESENTATION_CONTEXT() REPRESENTATION_CONTEXT('2D SPACE',''
  ) );
#1586 = PCURVE('',#1587,#1592);
#1587 = PLANE('',#1588);
#1588 = AXIS2_PLACEMENT_3D('',#1589,#1590,#1591);
#1589 = CARTESIAN_POINT('',(13.6,1.847520861407,4.4));
#1590 = DIRECTION('',(-1.,-4.807406715959E-16,5.887375246899E-32));
#1591 = DIRECTION('',(4.807406715959E-16,-1.,1.224646799147E-16));
#1592 = DEFINITIONAL_REPRESENTATION('',(#1593),#1597);
#1593 = LINE('',#1594,#1595);
#1594 = CARTESIAN_POINT('',(0.,0.));
#1595 = VECTOR('',#1596,1.);
#1596 = DIRECTION('',(1.,0.));
#1597 = ( GEOMETRIC_REPRESENTATION_CONTEXT(2) 
PARAMETRIC_REPRESENTATION_CONTEXT() REPRESENTATION_CONTEXT('2D SPACE',''
  ) );
#1598 = ORIENTED_EDGE('',*,*,#1599,.F.);
#1599 = EDGE_CURVE('',#1600,#1572,#1602,.T.);
#1600 = VERTEX_POINT('',#1601);
#1601 = CARTESIAN_POINT('',(11.,3.3486315613,4.4));
#1602 = SURFACE_CURVE('',#1603,(#1607,#1614),.PCURVE_S1.);
#1603 = LINE('',#1604,#1605);
#1604 = CARTESIAN_POINT('',(10.4,3.695041722814,4.4));
#1605 = VECTOR('',#1606,1.);
#1606 = DIRECTION('',(0.866025403784,-0.5,6.123233995737E-17));
#1607 = PCURVE('',#72,#1608);
#1608 = DEFINITIONAL_REPRESENTATION('',(#1609),#1613);
#1609 = LINE('',#1610,#1611);
#1610 = CARTESIAN_POINT('',(20.8,-3.695041722814));
#1611 = VECTOR('',#1612,1.);
#1612 = DIRECTION('',(0.866025403784,0.5));
#1613 = ( GEOMETRIC_REPRESENTATION_CONTEXT(2) 
PARAMETRIC_REPRESENTATION_CONTEXT() REPRESENTATION_CONTEXT('2D SPACE',''
  ) );
#1614 = PCURVE('',#1615,#1620);
#1615 = PLANE('',#1616);
#1616 = AXIS2_PLACEMENT_3D('',#1617,#1618,#1619);
#1617 = CARTESIAN_POINT('',(10.4,3.695041722814,4.4));
#1618 = DIRECTION('',(-0.5,-0.866025403784,1.060575238725E-16));
#1619 = DIRECTION('',(0.866025403784,-0.5,6.123233995737E-17));
#1620 = DEFINITIONAL_REPRESENTATION('',(#1621),#1625);
#1621 = LINE('',#1622,#1623);
#1622 = CARTESIAN_POINT('',(0.,0.));
#1623 = VECTOR('',#1624,1.);
#1624 = DIRECTION('',(1.,0.));
#1625 = ( GEOMETRIC_REPRESENTATION_CONTEXT(2) 
PARAMETRIC_REPRESENTATION_CONTEXT() REPRESENTATION_CONTEXT('2D SPACE',''
  ) );
#1626 = ORIENTED_EDGE('',*,*,#1627,.F.);
#1627 = EDGE_CURVE('',#1628,#1600,#1630,.T.);
#1628 = VERTEX_POINT('',#1629);
#1629 = CARTESIAN_POINT('',(11.,4.330124783355,4.4));
#1630 = SURFACE_CURVE('',#1631,(#1635,#1642),.PCURVE_S1.);
#1631 = LINE('',#1632,#1633);
#1632 = CARTESIAN_POINT('',(11.,6.350852961086,4.4));
#1633 = VECTOR('',#1634,1.);
#1634 = DIRECTION('',(4.807406715959E-16,-1.,1.224646799147E-16));
#1635 = PCURVE('',#72,#1636);
#1636 = DEFINITIONAL_REPRESENTATION('',(#1637),#1641);
#1637 = LINE('',#1638,#1639);
#1638 = CARTESIAN_POINT('',(21.4,-6.350852961086));
#1639 = VECTOR('',#1640,1.);
#1640 = DIRECTION('',(4.807406715959E-16,1.));
#1641 = ( GEOMETRIC_REPRESENTATION_CONTEXT(2) 
PARAMETRIC_REPRESENTATION_CONTEXT() REPRESENTATION_CONTEXT('2D SPACE',''
  ) );
#1642 = PCURVE('',#1643,#1648);
#1643 = PLANE('',#1644);
#1644 = AXIS2_PLACEMENT_3D('',#1645,#1646,#1647);
#1645 = CARTESIAN_POINT('',(11.,6.350852961086,4.4));
#1646 = DIRECTION('',(-1.,-4.807406715959E-16,5.887375246899E-32));
#1647 = DIRECTION('',(4.807406715959E-16,-1.,1.224646799147E-16));
#1648 = DEFINITIONAL_REPRESENTATION('',(#1649),#1653);
#1649 = LINE('',#1650,#1651);
#1650 = CARTESIAN_POINT('',(0.,0.));
#1651 = VECTOR('',#1652,1.);
#1652 = DIRECTION('',(1.,0.));
#1653 = ( GEOMETRIC_REPRESENTATION_CONTEXT(2) 
PARAMETRIC_REPRESENTATION_CONTEXT() REPRESENTATION_CONTEXT('2D SPACE',''
  ) );
#1654 = ORIENTED_EDGE('',*,*,#1655,.F.);
#1655 = EDGE_CURVE('',#1656,#1628,#1658,.T.);
#1656 = VERTEX_POINT('',#1657);
#1657 = CARTESIAN_POINT('',(13.429048216895,4.745269700507,4.4));
#1658 = SURFACE_CURVE('',#1659,(#1664,#1671),.PCURVE_S1.);
#1659 = CIRCLE('',#1660,1.25);
#1660 = AXIS2_PLACEMENT_3D('',#1661,#1662,#1663);
#1661 = CARTESIAN_POINT('',(12.179048216895,4.745269700507,4.4));
#1662 = DIRECTION('',(0.,-1.224646799147E-16,-1.));
#1663 = DIRECTION('',(1.,0.,0.));
#1664 = PCURVE('',#72,#1665);
#1665 = DEFINITIONAL_REPRESENTATION('',(#1666),#1670);
#1666 = CIRCLE('',#1667,1.25);
#1667 = AXIS2_PLACEMENT_2D('',#1668,#1669);
#1668 = CARTESIAN_POINT('',(22.579048216895,-4.745269700507));
#1669 = DIRECTION('',(1.,0.));
#1670 = ( GEOMETRIC_REPRESENTATION_CONTEXT(2) 
PARAMETRIC_REPRESENTATION_CONTEXT() REPRESENTATION_CONTEXT('2D SPACE',''
  ) );
#1671 = PCURVE('',#1672,#1677);
#1672 = CONICAL_SURFACE('',#1673,1.25,8.502181265222E-02);
#1673 = AXIS2_PLACEMENT_3D('',#1674,#1675,#1676);
#1674 = CARTESIAN_POINT('',(12.179048216895,4.745269700507,4.4));
#1675 = DIRECTION('',(-0.,1.224646799147E-16,1.));
#1676 = DIRECTION('',(1.,0.,0.));
#1677 = DEFINITIONAL_REPRESENTATION('',(#1678),#1682);
#1678 = LINE('',#1679,#1680);
#1679 = CARTESIAN_POINT('',(-0.,-0.));
#1680 = VECTOR('',#1681,1.);
#1681 = DIRECTION('',(-1.,-0.));
#1682 = ( GEOMETRIC_REPRESENTATION_CONTEXT(2) 
PARAMETRIC_REPRESENTATION_CONTEXT() REPRESENTATION_CONTEXT('2D SPACE',''
  ) );
#1683 = ORIENTED_EDGE('',*,*,#1684,.F.);
#1684 = EDGE_CURVE('',#1685,#1656,#1687,.T.);
#1685 = VERTEX_POINT('',#1686);
#1686 = CARTESIAN_POINT('',(11.,5.160414617658,4.4));
#1687 = SURFACE_CURVE('',#1688,(#1693,#1700),.PCURVE_S1.);
#1688 = CIRCLE('',#1689,1.25);
#1689 = AXIS2_PLACEMENT_3D('',#1690,#1691,#1692);
#1690 = CARTESIAN_POINT('',(12.179048216895,4.745269700507,4.4));
#1691 = DIRECTION('',(0.,-1.224646799147E-16,-1.));
#1692 = DIRECTION('',(1.,0.,0.));
#1693 = PCURVE('',#72,#1694);
#1694 = DEFINITIONAL_REPRESENTATION('',(#1695),#1699);
#1695 = CIRCLE('',#1696,1.25);
#1696 = AXIS2_PLACEMENT_2D('',#1697,#1698);
#1697 = CARTESIAN_POINT('',(22.579048216895,-4.745269700507));
#1698 = DIRECTION('',(1.,0.));
#1699 = ( GEOMETRIC_REPRESENTATION_CONTEXT(2) 
PARAMETRIC_REPRESENTATION_CONTEXT() REPRESENTATION_CONTEXT('2D SPACE',''
  ) );
#1700 = PCURVE('',#1672,#1701);
#1701 = DEFINITIONAL_REPRESENTATION('',(#1702),#1706);
#1702 = LINE('',#1703,#1704);
#1703 = CARTESIAN_POINT('',(-0.,-0.));
#1704 = VECTOR('',#1705,1.);
#1705 = DIRECTION('',(-1.,-0.));
#1706 = ( GEOMETRIC_REPRESENTATION_CONTEXT(2) 
PARAMETRIC_REPRESENTATION_CONTEXT() REPRESENTATION_CONTEXT('2D SPACE',''
  ) );
#1707 = ORIENTED_EDGE('',*,*,#1708,.F.);
#1708 = EDGE_CURVE('',#1709,#1685,#1711,.T.);
#1709 = VERTEX_POINT('',#1710);
#1710 = CARTESIAN_POINT('',(11.,6.350852961086,4.4));
#1711 = SURFACE_CURVE('',#1712,(#1716,#1723),.PCURVE_S1.);
#1712 = LINE('',#1713,#1714);
#1713 = CARTESIAN_POINT('',(11.,6.350852961086,4.4));
#1714 = VECTOR('',#1715,1.);
#1715 = DIRECTION('',(4.807406715959E-16,-1.,1.224646799147E-16));
#1716 = PCURVE('',#72,#1717);
#1717 = DEFINITIONAL_REPRESENTATION('',(#1718),#1722);
#1718 = LINE('',#1719,#1720);
#1719 = CARTESIAN_POINT('',(21.4,-6.350852961086));
#1720 = VECTOR('',#1721,1.);
#1721 = DIRECTION('',(4.807406715959E-16,1.));
#1722 = ( GEOMETRIC_REPRESENTATION_CONTEXT(2) 
PARAMETRIC_REPRESENTATION_CONTEXT() REPRESENTATION_CONTEXT('2D SPACE',''
  ) );
#1723 = PCURVE('',#1724,#1729);
#1724 = PLANE('',#1725);
#1725 = AXIS2_PLACEMENT_3D('',#1726,#1727,#1728);
#1726 = CARTESIAN_POINT('',(11.,6.350852961086,4.4));
#1727 = DIRECTION('',(-1.,-4.807406715959E-16,5.887375246899E-32));
#1728 = DIRECTION('',(4.807406715959E-16,-1.,1.224646799147E-16));
#1729 = DEFINITIONAL_REPRESENTATION('',(#1730),#1734);
#1730 = LINE('',#1731,#1732);
#1731 = CARTESIAN_POINT('',(0.,0.));
#1732 = VECTOR('',#1733,1.);
#1733 = DIRECTION('',(1.,0.));
#1734 = ( GEOMETRIC_REPRESENTATION_CONTEXT(2) 
PARAMETRIC_REPRESENTATION_CONTEXT() REPRESENTATION_CONTEXT('2D SPACE',''
  ) );
#1735 = ORIENTED_EDGE('',*,*,#1736,.F.);
#1736 = EDGE_CURVE('',#1737,#1709,#1739,.T.);
#1737 = VERTEX_POINT('',#1738);
#1738 = CARTESIAN_POINT('',(9.467819046165,7.235458047229,4.4));
#1739 = SURFACE_CURVE('',#1740,(#1744,#1751),.PCURVE_S1.);
#1740 = LINE('',#1741,#1742);
#1741 = CARTESIAN_POINT('',(7.8,8.198373822493,4.4));
#1742 = VECTOR('',#1743,1.);
#1743 = DIRECTION('',(0.866025403784,-0.5,6.123233995737E-17));
#1744 = PCURVE('',#72,#1745);
#1745 = DEFINITIONAL_REPRESENTATION('',(#1746),#1750);
#1746 = LINE('',#1747,#1748);
#1747 = CARTESIAN_POINT('',(18.2,-8.198373822493));
#1748 = VECTOR('',#1749,1.);
#1749 = DIRECTION('',(0.866025403784,0.5));
#1750 = ( GEOMETRIC_REPRESENTATION_CONTEXT(2) 
PARAMETRIC_REPRESENTATION_CONTEXT() REPRESENTATION_CONTEXT('2D SPACE',''
  ) );
#1751 = PCURVE('',#1752,#1757);
#1752 = PLANE('',#1753);
#1753 = AXIS2_PLACEMENT_3D('',#1754,#1755,#1756);
#1754 = CARTESIAN_POINT('',(7.8,8.198373822493,4.4));
#1755 = DIRECTION('',(-0.5,-0.866025403784,1.060575238725E-16));
#1756 = DIRECTION('',(0.866025403784,-0.5,6.123233995737E-17));
#1757 = DEFINITIONAL_REPRESENTATION('',(#1758),#1762);
#1758 = LINE('',#1759,#1760);
#1759 = CARTESIAN_POINT('',(0.,0.));
#1760 = VECTOR('',#1761,1.);
#1761 = DIRECTION('',(1.,0.));
#1762 = ( GEOMETRIC_REPRESENTATION_CONTEXT(2) 
PARAMETRIC_REPRESENTATION_CONTEXT() REPRESENTATION_CONTEXT('2D SPACE',''
  ) );
#1763 = ORIENTED_EDGE('',*,*,#1764,.F.);
#1764 = EDGE_CURVE('',#1765,#1737,#1767,.T.);
#1765 = VERTEX_POINT('',#1766);
#1766 = CARTESIAN_POINT('',(10.87093932557,8.476044271575,4.4));
#1767 = SURFACE_CURVE('',#1768,(#1773,#1780),.PCURVE_S1.);
#1768 = CIRCLE('',#1769,1.25);
#1769 = AXIS2_PLACEMENT_3D('',#1770,#1771,#1772);
#1770 = CARTESIAN_POINT('',(9.62093932557,8.476044271575,4.4));
#1771 = DIRECTION('',(0.,-1.224646799147E-16,-1.));
#1772 = DIRECTION('',(1.,0.,0.));
#1773 = PCURVE('',#72,#1774);
#1774 = DEFINITIONAL_REPRESENTATION('',(#1775),#1779);
#1775 = CIRCLE('',#1776,1.25);
#1776 = AXIS2_PLACEMENT_2D('',#1777,#1778);
#1777 = CARTESIAN_POINT('',(20.02093932557,-8.476044271575));
#1778 = DIRECTION('',(1.,0.));
#1779 = ( GEOMETRIC_REPRESENTATION_CONTEXT(2) 
PARAMETRIC_REPRESENTATION_CONTEXT() REPRESENTATION_CONTEXT('2D SPACE',''
  ) );
#1780 = PCURVE('',#1781,#1786);
#1781 = CONICAL_SURFACE('',#1782,1.25,8.502181265222E-02);
#1782 = AXIS2_PLACEMENT_3D('',#1783,#1784,#1785);
#1783 = CARTESIAN_POINT('',(9.62093932557,8.476044271575,4.4));
#1784 = DIRECTION('',(-0.,1.224646799147E-16,1.));
#1785 = DIRECTION('',(1.,0.,0.));
#1786 = DEFINITIONAL_REPRESENTATION('',(#1787),#1791);
#1787 = LINE('',#1788,#1789);
#1788 = CARTESIAN_POINT('',(-0.,-0.));
#1789 = VECTOR('',#1790,1.);
#1790 = DIRECTION('',(-1.,-0.));
#1791 = ( GEOMETRIC_REPRESENTATION_CONTEXT(2) 
PARAMETRIC_REPRESENTATION_CONTEXT() REPRESENTATION_CONTEXT('2D SPACE',''
  ) );
#1792 = ORIENTED_EDGE('',*,*,#1793,.F.);
#1793 = EDGE_CURVE('',#1794,#1765,#1796,.T.);
#1794 = VERTEX_POINT('',#1795);
#1795 = CARTESIAN_POINT('',(8.4,8.744012857935,4.4));
#1796 = SURFACE_CURVE('',#1797,(#1802,#1809),.PCURVE_S1.);
#1797 = CIRCLE('',#1798,1.25);
#1798 = AXIS2_PLACEMENT_3D('',#1799,#1800,#1801);
#1799 = CARTESIAN_POINT('',(9.62093932557,8.476044271575,4.4));
#1800 = DIRECTION('',(0.,-1.224646799147E-16,-1.));
#1801 = DIRECTION('',(1.,0.,0.));
#1802 = PCURVE('',#72,#1803);
#1803 = DEFINITIONAL_REPRESENTATION('',(#1804),#1808);
#1804 = CIRCLE('',#1805,1.25);
#1805 = AXIS2_PLACEMENT_2D('',#1806,#1807);
#1806 = CARTESIAN_POINT('',(20.02093932557,-8.476044271575));
#1807 = DIRECTION('',(1.,0.));
#1808 = ( GEOMETRIC_REPRESENTATION_CONTEXT(2) 
PARAMETRIC_REPRESENTATION_CONTEXT() REPRESENTATION_CONTEXT('2D SPACE',''
  ) );
#1809 = PCURVE('',#1781,#1810);
#1810 = DEFINITIONAL_REPRESENTATION('',(#1811),#1815);
#1811 = LINE('',#1812,#1813);
#1812 = CARTESIAN_POINT('',(-0.,-0.));
#1813 = VECTOR('',#1814,1.);
#1814 = DIRECTION('',(-1.,-0.));
#1815 = ( GEOMETRIC_REPRESENTATION_CONTEXT(2) 
PARAMETRIC_REPRESENTATION_CONTEXT() REPRESENTATION_CONTEXT('2D SPACE',''
  ) );
#1816 = ORIENTED_EDGE('',*,*,#1817,.F.);
#1817 = EDGE_CURVE('',#1818,#1794,#1820,.T.);
#1818 = VERTEX_POINT('',#1819);
#1819 = CARTESIAN_POINT('',(8.4,10.854185060765,4.4));
#1820 = SURFACE_CURVE('',#1821,(#1825,#1832),.PCURVE_S1.);
#1821 = LINE('',#1822,#1823);
#1822 = CARTESIAN_POINT('',(8.4,10.854185060765,4.4));
#1823 = VECTOR('',#1824,1.);
#1824 = DIRECTION('',(4.807406715959E-16,-1.,1.224646799147E-16));
#1825 = PCURVE('',#72,#1826);
#1826 = DEFINITIONAL_REPRESENTATION('',(#1827),#1831);
#1827 = LINE('',#1828,#1829);
#1828 = CARTESIAN_POINT('',(18.8,-10.85418506076));
#1829 = VECTOR('',#1830,1.);
#1830 = DIRECTION('',(4.807406715959E-16,1.));
#1831 = ( GEOMETRIC_REPRESENTATION_CONTEXT(2) 
PARAMETRIC_REPRESENTATION_CONTEXT() REPRESENTATION_CONTEXT('2D SPACE',''
  ) );
#1832 = PCURVE('',#1833,#1838);
#1833 = PLANE('',#1834);
#1834 = AXIS2_PLACEMENT_3D('',#1835,#1836,#1837);
#1835 = CARTESIAN_POINT('',(8.4,10.854185060765,4.4));
#1836 = DIRECTION('',(-1.,-4.807406715959E-16,5.887375246899E-32));
#1837 = DIRECTION('',(4.807406715959E-16,-1.,1.224646799147E-16));
#1838 = DEFINITIONAL_REPRESENTATION('',(#1839),#1843);
#1839 = LINE('',#1840,#1841);
#1840 = CARTESIAN_POINT('',(0.,0.));
#1841 = VECTOR('',#1842,1.);
#1842 = DIRECTION('',(1.,0.));
#1843 = ( GEOMETRIC_REPRESENTATION_CONTEXT(2) 
PARAMETRIC_REPRESENTATION_CONTEXT() REPRESENTATION_CONTEXT('2D SPACE',''
  ) );
#1844 = ORIENTED_EDGE('',*,*,#1845,.F.);
#1845 = EDGE_CURVE('',#1846,#1818,#1848,.T.);
#1846 = VERTEX_POINT('',#1847);
#1847 = CARTESIAN_POINT('',(5.2,12.701705922172,4.4));
#1848 = SURFACE_CURVE('',#1849,(#1853,#1860),.PCURVE_S1.);
#1849 = LINE('',#1850,#1851);
#1850 = CARTESIAN_POINT('',(5.2,12.701705922172,4.4));
#1851 = VECTOR('',#1852,1.);
#1852 = DIRECTION('',(0.866025403784,-0.5,6.123233995737E-17));
#1853 = PCURVE('',#72,#1854);
#1854 = DEFINITIONAL_REPRESENTATION('',(#1855),#1859);
#1855 = LINE('',#1856,#1857);
#1856 = CARTESIAN_POINT('',(15.6,-12.70170592217));
#1857 = VECTOR('',#1858,1.);
#1858 = DIRECTION('',(0.866025403784,0.5));
#1859 = ( GEOMETRIC_REPRESENTATION_CONTEXT(2) 
PARAMETRIC_REPRESENTATION_CONTEXT() REPRESENTATION_CONTEXT('2D SPACE',''
  ) );
#1860 = PCURVE('',#1861,#1866);
#1861 = PLANE('',#1862);
#1862 = AXIS2_PLACEMENT_3D('',#1863,#1864,#1865);
#1863 = CARTESIAN_POINT('',(5.2,12.701705922172,4.4));
#1864 = DIRECTION('',(-0.5,-0.866025403784,1.060575238725E-16));
#1865 = DIRECTION('',(0.866025403784,-0.5,6.123233995737E-17));
#1866 = DEFINITIONAL_REPRESENTATION('',(#1867),#1871);
#1867 = LINE('',#1868,#1869);
#1868 = CARTESIAN_POINT('',(0.,0.));
#1869 = VECTOR('',#1870,1.);
#1870 = DIRECTION('',(1.,0.));
#1871 = ( GEOMETRIC_REPRESENTATION_CONTEXT(2) 
PARAMETRIC_REPRESENTATION_CONTEXT() REPRESENTATION_CONTEXT('2D SPACE',''
  ) );
#1872 = ORIENTED_EDGE('',*,*,#1873,.F.);
#1873 = EDGE_CURVE('',#1874,#1846,#1876,.T.);
#1874 = VERTEX_POINT('',#1875);
#1875 = CARTESIAN_POINT('',(2.6,11.200595222279,4.4));
#1876 = SURFACE_CURVE('',#1877,(#1881,#1888),.PCURVE_S1.);
#1877 = LINE('',#1878,#1879);
#1878 = CARTESIAN_POINT('',(2.,10.854185060765,4.4));
#1879 = VECTOR('',#1880,1.);
#1880 = DIRECTION('',(0.866025403784,0.5,-6.123233995737E-17));
#1881 = PCURVE('',#72,#1882);
#1882 = DEFINITIONAL_REPRESENTATION('',(#1883),#1887);
#1883 = LINE('',#1884,#1885);
#1884 = CARTESIAN_POINT('',(12.4,-10.85418506076));
#1885 = VECTOR('',#1886,1.);
#1886 = DIRECTION('',(0.866025403784,-0.5));
#1887 = ( GEOMETRIC_REPRESENTATION_CONTEXT(2) 
PARAMETRIC_REPRESENTATION_CONTEXT() REPRESENTATION_CONTEXT('2D SPACE',''
  ) );
#1888 = PCURVE('',#1889,#1894);
#1889 = PLANE('',#1890);
#1890 = AXIS2_PLACEMENT_3D('',#1891,#1892,#1893);
#1891 = CARTESIAN_POINT('',(2.,10.854185060765,4.4));
#1892 = DIRECTION('',(0.5,-0.866025403784,1.060575238725E-16));
#1893 = DIRECTION('',(0.866025403784,0.5,-6.123233995737E-17));
#1894 = DEFINITIONAL_REPRESENTATION('',(#1895),#1899);
#1895 = LINE('',#1896,#1897);
#1896 = CARTESIAN_POINT('',(0.,0.));
#1897 = VECTOR('',#1898,1.);
#1898 = DIRECTION('',(1.,0.));
#1899 = ( GEOMETRIC_REPRESENTATION_CONTEXT(2) 
PARAMETRIC_REPRESENTATION_CONTEXT() REPRESENTATION_CONTEXT('2D SPACE',''
  ) );
#1900 = ORIENTED_EDGE('',*,*,#1901,.F.);
#1901 = EDGE_CURVE('',#1902,#1874,#1904,.T.);
#1902 = VERTEX_POINT('',#1903);
#1903 = CARTESIAN_POINT('',(1.750001936058,11.691341833306,4.4));
#1904 = SURFACE_CURVE('',#1905,(#1909,#1916),.PCURVE_S1.);
#1905 = LINE('',#1906,#1907);
#1906 = CARTESIAN_POINT('',(-6.787681527839E-16,12.701705922172,4.4));
#1907 = VECTOR('',#1908,1.);
#1908 = DIRECTION('',(0.866025403784,-0.5,6.123233995737E-17));
#1909 = PCURVE('',#72,#1910);
#1910 = DEFINITIONAL_REPRESENTATION('',(#1911),#1915);
#1911 = LINE('',#1912,#1913);
#1912 = CARTESIAN_POINT('',(10.4,-12.70170592217));
#1913 = VECTOR('',#1914,1.);
#1914 = DIRECTION('',(0.866025403784,0.5));
#1915 = ( GEOMETRIC_REPRESENTATION_CONTEXT(2) 
PARAMETRIC_REPRESENTATION_CONTEXT() REPRESENTATION_CONTEXT('2D SPACE',''
  ) );
#1916 = PCURVE('',#1917,#1922);
#1917 = PLANE('',#1918);
#1918 = AXIS2_PLACEMENT_3D('',#1919,#1920,#1921);
#1919 = CARTESIAN_POINT('',(-6.787681527839E-16,12.701705922172,4.4));
#1920 = DIRECTION('',(-0.5,-0.866025403784,1.060575238725E-16));
#1921 = DIRECTION('',(0.866025403784,-0.5,6.123233995737E-17));
#1922 = DEFINITIONAL_REPRESENTATION('',(#1923),#1927);
#1923 = LINE('',#1924,#1925);
#1924 = CARTESIAN_POINT('',(0.,0.));
#1925 = VECTOR('',#1926,1.);
#1926 = DIRECTION('',(1.,0.));
#1927 = ( GEOMETRIC_REPRESENTATION_CONTEXT(2) 
PARAMETRIC_REPRESENTATION_CONTEXT() REPRESENTATION_CONTEXT('2D SPACE',''
  ) );
#1928 = ORIENTED_EDGE('',*,*,#1929,.F.);
#1929 = EDGE_CURVE('',#1930,#1902,#1932,.T.);
#1930 = VERTEX_POINT('',#1931);
#1931 = CARTESIAN_POINT('',(3.23,12.92,4.4));
#1932 = SURFACE_CURVE('',#1933,(#1938,#1945),.PCURVE_S1.);
#1933 = CIRCLE('',#1934,1.25);
#1934 = AXIS2_PLACEMENT_3D('',#1935,#1936,#1937);
#1935 = CARTESIAN_POINT('',(1.98,12.92,4.4));
#1936 = DIRECTION('',(0.,-1.224646799147E-16,-1.));
#1937 = DIRECTION('',(1.,0.,0.));
#1938 = PCURVE('',#72,#1939);
#1939 = DEFINITIONAL_REPRESENTATION('',(#1940),#1944);
#1940 = CIRCLE('',#1941,1.25);
#1941 = AXIS2_PLACEMENT_2D('',#1942,#1943);
#1942 = CARTESIAN_POINT('',(12.38,-12.92));
#1943 = DIRECTION('',(1.,0.));
#1944 = ( GEOMETRIC_REPRESENTATION_CONTEXT(2) 
PARAMETRIC_REPRESENTATION_CONTEXT() REPRESENTATION_CONTEXT('2D SPACE',''
  ) );
#1945 = PCURVE('',#1946,#1951);
#1946 = CONICAL_SURFACE('',#1947,1.25,8.502181265222E-02);
#1947 = AXIS2_PLACEMENT_3D('',#1948,#1949,#1950);
#1948 = CARTESIAN_POINT('',(1.98,12.92,4.4));
#1949 = DIRECTION('',(-0.,1.224646799147E-16,1.));
#1950 = DIRECTION('',(1.,0.,0.));
#1951 = DEFINITIONAL_REPRESENTATION('',(#1952),#1956);
#1952 = LINE('',#1953,#1954);
#1953 = CARTESIAN_POINT('',(-0.,-0.));
#1954 = VECTOR('',#1955,1.);
#1955 = DIRECTION('',(-1.,-0.));
#1956 = ( GEOMETRIC_REPRESENTATION_CONTEXT(2) 
PARAMETRIC_REPRESENTATION_CONTEXT() REPRESENTATION_CONTEXT('2D SPACE',''
  ) );
#1957 = ORIENTED_EDGE('',*,*,#1958,.F.);
#1958 = EDGE_CURVE('',#1959,#1930,#1961,.T.);
#1959 = VERTEX_POINT('',#1960);
#1960 = CARTESIAN_POINT('',(1.030949847047,12.106486750458,4.4));
#1961 = SURFACE_CURVE('',#1962,(#1967,#1974),.PCURVE_S1.);
#1962 = CIRCLE('',#1963,1.25);
#1963 = AXIS2_PLACEMENT_3D('',#1964,#1965,#1966);
#1964 = CARTESIAN_POINT('',(1.98,12.92,4.4));
#1965 = DIRECTION('',(0.,-1.224646799147E-16,-1.));
#1966 = DIRECTION('',(1.,0.,0.));
#1967 = PCURVE('',#72,#1968);
#1968 = DEFINITIONAL_REPRESENTATION('',(#1969),#1973);
#1969 = CIRCLE('',#1970,1.25);
#1970 = AXIS2_PLACEMENT_2D('',#1971,#1972);
#1971 = CARTESIAN_POINT('',(12.38,-12.92));
#1972 = DIRECTION('',(1.,0.));
#1973 = ( GEOMETRIC_REPRESENTATION_CONTEXT(2) 
PARAMETRIC_REPRESENTATION_CONTEXT() REPRESENTATION_CONTEXT('2D SPACE',''
  ) );
#1974 = PCURVE('',#1946,#1975);
#1975 = DEFINITIONAL_REPRESENTATION('',(#1976),#1980);
#1976 = LINE('',#1977,#1978);
#1977 = CARTESIAN_POINT('',(-0.,-0.));
#1978 = VECTOR('',#1979,1.);
#1979 = DIRECTION('',(-1.,-0.));
#1980 = ( GEOMETRIC_REPRESENTATION_CONTEXT(2) 
PARAMETRIC_REPRESENTATION_CONTEXT() REPRESENTATION_CONTEXT('2D SPACE',''
  ) );
#1981 = ORIENTED_EDGE('',*,*,#1982,.F.);
#1982 = EDGE_CURVE('',#1983,#1959,#1985,.T.);
#1983 = VERTEX_POINT('',#1984);
#1984 = CARTESIAN_POINT('',(-6.787681527839E-16,12.701705922172,4.4));
#1985 = SURFACE_CURVE('',#1986,(#1990,#1997),.PCURVE_S1.);
#1986 = LINE('',#1987,#1988);
#1987 = CARTESIAN_POINT('',(-6.787681527839E-16,12.701705922172,4.4));
#1988 = VECTOR('',#1989,1.);
#1989 = DIRECTION('',(0.866025403784,-0.5,6.123233995737E-17));
#1990 = PCURVE('',#72,#1991);
#1991 = DEFINITIONAL_REPRESENTATION('',(#1992),#1996);
#1992 = LINE('',#1993,#1994);
#1993 = CARTESIAN_POINT('',(10.4,-12.70170592217));
#1994 = VECTOR('',#1995,1.);
#1995 = DIRECTION('',(0.866025403784,0.5));
#1996 = ( GEOMETRIC_REPRESENTATION_CONTEXT(2) 
PARAMETRIC_REPRESENTATION_CONTEXT() REPRESENTATION_CONTEXT('2D SPACE',''
  ) );
#1997 = PCURVE('',#1998,#2003);
#1998 = PLANE('',#1999);
#1999 = AXIS2_PLACEMENT_3D('',#2000,#2001,#2002);
#2000 = CARTESIAN_POINT('',(-6.787681527839E-16,12.701705922172,4.4));
#2001 = DIRECTION('',(-0.5,-0.866025403784,1.060575238725E-16));
#2002 = DIRECTION('',(0.866025403784,-0.5,6.123233995737E-17));
#2003 = DEFINITIONAL_REPRESENTATION('',(#2004),#2008);
#2004 = LINE('',#2005,#2006);
#2005 = CARTESIAN_POINT('',(0.,0.));
#2006 = VECTOR('',#2007,1.);
#2007 = DIRECTION('',(1.,0.));
#2008 = ( GEOMETRIC_REPRESENTATION_CONTEXT(2) 
PARAMETRIC_REPRESENTATION_CONTEXT() REPRESENTATION_CONTEXT('2D SPACE',''
  ) );
#2009 = ORIENTED_EDGE('',*,*,#2010,.F.);
#2010 = EDGE_CURVE('',#2011,#1983,#2013,.T.);
#2011 = VERTEX_POINT('',#2012);
#2012 = CARTESIAN_POINT('',(-1.532180953835,11.817100836028,4.4));
#2013 = SURFACE_CURVE('',#2014,(#2018,#2025),.PCURVE_S1.);
#2014 = LINE('',#2015,#2016);
#2015 = CARTESIAN_POINT('',(-3.2,10.854185060765,4.4));
#2016 = VECTOR('',#2017,1.);
#2017 = DIRECTION('',(0.866025403784,0.5,-6.123233995737E-17));
#2018 = PCURVE('',#72,#2019);
#2019 = DEFINITIONAL_REPRESENTATION('',(#2020),#2024);
#2020 = LINE('',#2021,#2022);
#2021 = CARTESIAN_POINT('',(7.2,-10.85418506076));
#2022 = VECTOR('',#2023,1.);
#2023 = DIRECTION('',(0.866025403784,-0.5));
#2024 = ( GEOMETRIC_REPRESENTATION_CONTEXT(2) 
PARAMETRIC_REPRESENTATION_CONTEXT() REPRESENTATION_CONTEXT('2D SPACE',''
  ) );
#2025 = PCURVE('',#2026,#2031);
#2026 = PLANE('',#2027);
#2027 = AXIS2_PLACEMENT_3D('',#2028,#2029,#2030);
#2028 = CARTESIAN_POINT('',(-3.2,10.854185060765,4.4));
#2029 = DIRECTION('',(0.5,-0.866025403784,1.060575238725E-16));
#2030 = DIRECTION('',(0.866025403784,0.5,-6.123233995737E-17));
#2031 = DEFINITIONAL_REPRESENTATION('',(#2032),#2036);
#2032 = LINE('',#2033,#2034);
#2033 = CARTESIAN_POINT('',(0.,0.));
#2034 = VECTOR('',#2035,1.);
#2035 = DIRECTION('',(1.,0.));
#2036 = ( GEOMETRIC_REPRESENTATION_CONTEXT(2) 
PARAMETRIC_REPRESENTATION_CONTEXT() REPRESENTATION_CONTEXT('2D SPACE',''
  ) );
#2037 = ORIENTED_EDGE('',*,*,#2038,.F.);
#2038 = EDGE_CURVE('',#2039,#2011,#2041,.T.);
#2039 = VERTEX_POINT('',#2040);
#2040 = CARTESIAN_POINT('',(-1.28,12.57,4.4));
#2041 = SURFACE_CURVE('',#2042,(#2047,#2054),.PCURVE_S1.);
#2042 = CIRCLE('',#2043,1.25);
#2043 = AXIS2_PLACEMENT_3D('',#2044,#2045,#2046);
#2044 = CARTESIAN_POINT('',(-2.53,12.57,4.4));
#2045 = DIRECTION('',(0.,-1.224646799147E-16,-1.));
#2046 = DIRECTION('',(1.,0.,0.));
#2047 = PCURVE('',#72,#2048);
#2048 = DEFINITIONAL_REPRESENTATION('',(#2049),#2053);
#2049 = CIRCLE('',#2050,1.25);
#2050 = AXIS2_PLACEMENT_2D('',#2051,#2052);
#2051 = CARTESIAN_POINT('',(7.87,-12.57));
#2052 = DIRECTION('',(1.,0.));
#2053 = ( GEOMETRIC_REPRESENTATION_CONTEXT(2) 
PARAMETRIC_REPRESENTATION_CONTEXT() REPRESENTATION_CONTEXT('2D SPACE',''
  ) );
#2054 = PCURVE('',#2055,#2060);
#2055 = CONICAL_SURFACE('',#2056,1.25,8.502181265222E-02);
#2056 = AXIS2_PLACEMENT_3D('',#2057,#2058,#2059);
#2057 = CARTESIAN_POINT('',(-2.53,12.57,4.4));
#2058 = DIRECTION('',(-0.,1.224646799147E-16,1.));
#2059 = DIRECTION('',(1.,0.,0.));
#2060 = DEFINITIONAL_REPRESENTATION('',(#2061),#2065);
#2061 = LINE('',#2062,#2063);
#2062 = CARTESIAN_POINT('',(-0.,-0.));
#2063 = VECTOR('',#2064,1.);
#2064 = DIRECTION('',(-1.,-0.));
#2065 = ( GEOMETRIC_REPRESENTATION_CONTEXT(2) 
PARAMETRIC_REPRESENTATION_CONTEXT() REPRESENTATION_CONTEXT('2D SPACE',''
  ) );
#2066 = ORIENTED_EDGE('',*,*,#2067,.F.);
#2067 = EDGE_CURVE('',#2068,#2039,#2070,.T.);
#2068 = VERTEX_POINT('',#2069);
#2069 = CARTESIAN_POINT('',(-3.372537265989,11.646619820757,4.4));
#2070 = SURFACE_CURVE('',#2071,(#2076,#2083),.PCURVE_S1.);
#2071 = CIRCLE('',#2072,1.25);
#2072 = AXIS2_PLACEMENT_3D('',#2073,#2074,#2075);
#2073 = CARTESIAN_POINT('',(-2.53,12.57,4.4));
#2074 = DIRECTION('',(0.,-1.224646799147E-16,-1.));
#2075 = DIRECTION('',(1.,0.,0.));
#2076 = PCURVE('',#72,#2077);
#2077 = DEFINITIONAL_REPRESENTATION('',(#2078),#2082);
#2078 = CIRCLE('',#2079,1.25);
#2079 = AXIS2_PLACEMENT_2D('',#2080,#2081);
#2080 = CARTESIAN_POINT('',(7.87,-12.57));
#2081 = DIRECTION('',(1.,0.));
#2082 = ( GEOMETRIC_REPRESENTATION_CONTEXT(2) 
PARAMETRIC_REPRESENTATION_CONTEXT() REPRESENTATION_CONTEXT('2D SPACE',''
  ) );
#2083 = PCURVE('',#2055,#2084);
#2084 = DEFINITIONAL_REPRESENTATION('',(#2085),#2089);
#2085 = LINE('',#2086,#2087);
#2086 = CARTESIAN_POINT('',(-0.,-0.));
#2087 = VECTOR('',#2088,1.);
#2088 = DIRECTION('',(-1.,-0.));
#2089 = ( GEOMETRIC_REPRESENTATION_CONTEXT(2) 
PARAMETRIC_REPRESENTATION_CONTEXT() REPRESENTATION_CONTEXT('2D SPACE',''
  ) );
#2090 = ORIENTED_EDGE('',*,*,#2091,.F.);
#2091 = EDGE_CURVE('',#2092,#2068,#2094,.T.);
#2092 = VERTEX_POINT('',#2093);
#2093 = CARTESIAN_POINT('',(-5.2,12.701705922172,4.4));
#2094 = SURFACE_CURVE('',#2095,(#2099,#2106),.PCURVE_S1.);
#2095 = LINE('',#2096,#2097);
#2096 = CARTESIAN_POINT('',(-5.2,12.701705922172,4.4));
#2097 = VECTOR('',#2098,1.);
#2098 = DIRECTION('',(0.866025403784,-0.5,6.123233995737E-17));
#2099 = PCURVE('',#72,#2100);
#2100 = DEFINITIONAL_REPRESENTATION('',(#2101),#2105);
#2101 = LINE('',#2102,#2103);
#2102 = CARTESIAN_POINT('',(5.2,-12.70170592217));
#2103 = VECTOR('',#2104,1.);
#2104 = DIRECTION('',(0.866025403784,0.5));
#2105 = ( GEOMETRIC_REPRESENTATION_CONTEXT(2) 
PARAMETRIC_REPRESENTATION_CONTEXT() REPRESENTATION_CONTEXT('2D SPACE',''
  ) );
#2106 = PCURVE('',#2107,#2112);
#2107 = PLANE('',#2108);
#2108 = AXIS2_PLACEMENT_3D('',#2109,#2110,#2111);
#2109 = CARTESIAN_POINT('',(-5.2,12.701705922172,4.4));
#2110 = DIRECTION('',(-0.5,-0.866025403784,1.060575238725E-16));
#2111 = DIRECTION('',(0.866025403784,-0.5,6.123233995737E-17));
#2112 = DEFINITIONAL_REPRESENTATION('',(#2113),#2117);
#2113 = LINE('',#2114,#2115);
#2114 = CARTESIAN_POINT('',(0.,0.));
#2115 = VECTOR('',#2116,1.);
#2116 = DIRECTION('',(1.,0.));
#2117 = ( GEOMETRIC_REPRESENTATION_CONTEXT(2) 
PARAMETRIC_REPRESENTATION_CONTEXT() REPRESENTATION_CONTEXT('2D SPACE',''
  ) );
#2118 = ORIENTED_EDGE('',*,*,#2119,.F.);
#2119 = EDGE_CURVE('',#2120,#2092,#2122,.T.);
#2120 = VERTEX_POINT('',#2121);
#2121 = CARTESIAN_POINT('',(-8.4,10.854185060765,4.4));
#2122 = SURFACE_CURVE('',#2123,(#2127,#2134),.PCURVE_S1.);
#2123 = LINE('',#2124,#2125);
#2124 = CARTESIAN_POINT('',(-8.4,10.854185060765,4.4));
#2125 = VECTOR('',#2126,1.);
#2126 = DIRECTION('',(0.866025403784,0.5,-6.123233995737E-17));
#2127 = PCURVE('',#72,#2128);
#2128 = DEFINITIONAL_REPRESENTATION('',(#2129),#2133);
#2129 = LINE('',#2130,#2131);
#2130 = CARTESIAN_POINT('',(2.,-10.85418506076));
#2131 = VECTOR('',#2132,1.);
#2132 = DIRECTION('',(0.866025403784,-0.5));
#2133 = ( GEOMETRIC_REPRESENTATION_CONTEXT(2) 
PARAMETRIC_REPRESENTATION_CONTEXT() REPRESENTATION_CONTEXT('2D SPACE',''
  ) );
#2134 = PCURVE('',#2135,#2140);
#2135 = PLANE('',#2136);
#2136 = AXIS2_PLACEMENT_3D('',#2137,#2138,#2139);
#2137 = CARTESIAN_POINT('',(-8.4,10.854185060765,4.4));
#2138 = DIRECTION('',(0.5,-0.866025403784,1.060575238725E-16));
#2139 = DIRECTION('',(0.866025403784,0.5,-6.123233995737E-17));
#2140 = DEFINITIONAL_REPRESENTATION('',(#2141),#2145);
#2141 = LINE('',#2142,#2143);
#2142 = CARTESIAN_POINT('',(0.,0.));
#2143 = VECTOR('',#2144,1.);
#2144 = DIRECTION('',(1.,0.));
#2145 = ( GEOMETRIC_REPRESENTATION_CONTEXT(2) 
PARAMETRIC_REPRESENTATION_CONTEXT() REPRESENTATION_CONTEXT('2D SPACE',''
  ) );
#2146 = ORIENTED_EDGE('',*,*,#2147,.F.);
#2147 = EDGE_CURVE('',#2148,#2120,#2150,.T.);
#2148 = VERTEX_POINT('',#2149);
#2149 = CARTESIAN_POINT('',(-8.4,7.851963660979,4.4));
#2150 = SURFACE_CURVE('',#2151,(#2155,#2162),.PCURVE_S1.);
#2151 = LINE('',#2152,#2153);
#2152 = CARTESIAN_POINT('',(-8.4,7.159143337951,4.4));
#2153 = VECTOR('',#2154,1.);
#2154 = DIRECTION('',(0.,1.,-1.224646799147E-16));
#2155 = PCURVE('',#72,#2156);
#2156 = DEFINITIONAL_REPRESENTATION('',(#2157),#2161);
#2157 = LINE('',#2158,#2159);
#2158 = CARTESIAN_POINT('',(2.,-7.159143337951));
#2159 = VECTOR('',#2160,1.);
#2160 = DIRECTION('',(0.,-1.));
#2161 = ( GEOMETRIC_REPRESENTATION_CONTEXT(2) 
PARAMETRIC_REPRESENTATION_CONTEXT() REPRESENTATION_CONTEXT('2D SPACE',''
  ) );
#2162 = PCURVE('',#2163,#2168);
#2163 = PLANE('',#2164);
#2164 = AXIS2_PLACEMENT_3D('',#2165,#2166,#2167);
#2165 = CARTESIAN_POINT('',(-8.4,7.159143337951,4.4));
#2166 = DIRECTION('',(1.,0.,0.));
#2167 = DIRECTION('',(0.,1.,-1.224646799147E-16));
#2168 = DEFINITIONAL_REPRESENTATION('',(#2169),#2173);
#2169 = LINE('',#2170,#2171);
#2170 = CARTESIAN_POINT('',(0.,0.));
#2171 = VECTOR('',#2172,1.);
#2172 = DIRECTION('',(1.,0.));
#2173 = ( GEOMETRIC_REPRESENTATION_CONTEXT(2) 
PARAMETRIC_REPRESENTATION_CONTEXT() REPRESENTATION_CONTEXT('2D SPACE',''
  ) );
#2174 = ORIENTED_EDGE('',*,*,#2175,.F.);
#2175 = EDGE_CURVE('',#2176,#2148,#2178,.T.);
#2176 = VERTEX_POINT('',#2177);
#2177 = CARTESIAN_POINT('',(-9.249998063942,7.361217049951,4.4));
#2178 = SURFACE_CURVE('',#2179,(#2183,#2190),.PCURVE_S1.);
#2179 = LINE('',#2180,#2181);
#2180 = CARTESIAN_POINT('',(-11.,6.350852961086,4.4));
#2181 = VECTOR('',#2182,1.);
#2182 = DIRECTION('',(0.866025403784,0.5,-6.123233995737E-17));
#2183 = PCURVE('',#72,#2184);
#2184 = DEFINITIONAL_REPRESENTATION('',(#2185),#2189);
#2185 = LINE('',#2186,#2187);
#2186 = CARTESIAN_POINT('',(-0.6,-6.350852961086));
#2187 = VECTOR('',#2188,1.);
#2188 = DIRECTION('',(0.866025403784,-0.5));
#2189 = ( GEOMETRIC_REPRESENTATION_CONTEXT(2) 
PARAMETRIC_REPRESENTATION_CONTEXT() REPRESENTATION_CONTEXT('2D SPACE',''
  ) );
#2190 = PCURVE('',#2191,#2196);
#2191 = PLANE('',#2192);
#2192 = AXIS2_PLACEMENT_3D('',#2193,#2194,#2195);
#2193 = CARTESIAN_POINT('',(-11.,6.350852961086,4.4));
#2194 = DIRECTION('',(0.5,-0.866025403784,1.060575238725E-16));
#2195 = DIRECTION('',(0.866025403784,0.5,-6.123233995737E-17));
#2196 = DEFINITIONAL_REPRESENTATION('',(#2197),#2201);
#2197 = LINE('',#2198,#2199);
#2198 = CARTESIAN_POINT('',(0.,0.));
#2199 = VECTOR('',#2200,1.);
#2200 = DIRECTION('',(1.,0.));
#2201 = ( GEOMETRIC_REPRESENTATION_CONTEXT(2) 
PARAMETRIC_REPRESENTATION_CONTEXT() REPRESENTATION_CONTEXT('2D SPACE',''
  ) );
#2202 = ORIENTED_EDGE('',*,*,#2203,.F.);
#2203 = EDGE_CURVE('',#2204,#2176,#2206,.T.);
#2204 = VERTEX_POINT('',#2205);
#2205 = CARTESIAN_POINT('',(-8.949048216895,8.174730299493,4.4));
#2206 = SURFACE_CURVE('',#2207,(#2212,#2219),.PCURVE_S1.);
#2207 = CIRCLE('',#2208,1.25);
#2208 = AXIS2_PLACEMENT_3D('',#2209,#2210,#2211);
#2209 = CARTESIAN_POINT('',(-10.19904821689,8.174730299493,4.4));
#2210 = DIRECTION('',(0.,-1.224646799147E-16,-1.));
#2211 = DIRECTION('',(1.,0.,0.));
#2212 = PCURVE('',#72,#2213);
#2213 = DEFINITIONAL_REPRESENTATION('',(#2214),#2218);
#2214 = CIRCLE('',#2215,1.25);
#2215 = AXIS2_PLACEMENT_2D('',#2216,#2217);
#2216 = CARTESIAN_POINT('',(0.200951783105,-8.174730299493));
#2217 = DIRECTION('',(1.,0.));
#2218 = ( GEOMETRIC_REPRESENTATION_CONTEXT(2) 
PARAMETRIC_REPRESENTATION_CONTEXT() REPRESENTATION_CONTEXT('2D SPACE',''
  ) );
#2219 = PCURVE('',#2220,#2225);
#2220 = CONICAL_SURFACE('',#2221,1.25,8.502181265222E-02);
#2221 = AXIS2_PLACEMENT_3D('',#2222,#2223,#2224);
#2222 = CARTESIAN_POINT('',(-10.19904821689,8.174730299493,4.4));
#2223 = DIRECTION('',(-0.,1.224646799147E-16,1.));
#2224 = DIRECTION('',(1.,0.,0.));
#2225 = DEFINITIONAL_REPRESENTATION('',(#2226),#2230);
#2226 = LINE('',#2227,#2228);
#2227 = CARTESIAN_POINT('',(-0.,-0.));
#2228 = VECTOR('',#2229,1.);
#2229 = DIRECTION('',(-1.,-0.));
#2230 = ( GEOMETRIC_REPRESENTATION_CONTEXT(2) 
PARAMETRIC_REPRESENTATION_CONTEXT() REPRESENTATION_CONTEXT('2D SPACE',''
  ) );
#2231 = ORIENTED_EDGE('',*,*,#2232,.F.);
#2232 = EDGE_CURVE('',#2233,#2204,#2235,.T.);
#2233 = VERTEX_POINT('',#2234);
#2234 = CARTESIAN_POINT('',(-9.969050152953,6.9460721328,4.4));
#2235 = SURFACE_CURVE('',#2236,(#2241,#2248),.PCURVE_S1.);
#2236 = CIRCLE('',#2237,1.25);
#2237 = AXIS2_PLACEMENT_3D('',#2238,#2239,#2240);
#2238 = CARTESIAN_POINT('',(-10.19904821689,8.174730299493,4.4));
#2239 = DIRECTION('',(0.,-1.224646799147E-16,-1.));
#2240 = DIRECTION('',(1.,0.,0.));
#2241 = PCURVE('',#72,#2242);
#2242 = DEFINITIONAL_REPRESENTATION('',(#2243),#2247);
#2243 = CIRCLE('',#2244,1.25);
#2244 = AXIS2_PLACEMENT_2D('',#2245,#2246);
#2245 = CARTESIAN_POINT('',(0.200951783105,-8.174730299493));
#2246 = DIRECTION('',(1.,0.));
#2247 = ( GEOMETRIC_REPRESENTATION_CONTEXT(2) 
PARAMETRIC_REPRESENTATION_CONTEXT() REPRESENTATION_CONTEXT('2D SPACE',''
  ) );
#2248 = PCURVE('',#2220,#2249);
#2249 = DEFINITIONAL_REPRESENTATION('',(#2250),#2254);
#2250 = LINE('',#2251,#2252);
#2251 = CARTESIAN_POINT('',(-0.,-0.));
#2252 = VECTOR('',#2253,1.);
#2253 = DIRECTION('',(-1.,-0.));
#2254 = ( GEOMETRIC_REPRESENTATION_CONTEXT(2) 
PARAMETRIC_REPRESENTATION_CONTEXT() REPRESENTATION_CONTEXT('2D SPACE',''
  ) );
#2255 = ORIENTED_EDGE('',*,*,#2256,.F.);
#2256 = EDGE_CURVE('',#2257,#2233,#2259,.T.);
#2257 = VERTEX_POINT('',#2258);
#2258 = CARTESIAN_POINT('',(-11.,6.350852961086,4.4));
#2259 = SURFACE_CURVE('',#2260,(#2264,#2271),.PCURVE_S1.);
#2260 = LINE('',#2261,#2262);
#2261 = CARTESIAN_POINT('',(-11.,6.350852961086,4.4));
#2262 = VECTOR('',#2263,1.);
#2263 = DIRECTION('',(0.866025403784,0.5,-6.123233995737E-17));
#2264 = PCURVE('',#72,#2265);
#2265 = DEFINITIONAL_REPRESENTATION('',(#2266),#2270);
#2266 = LINE('',#2267,#2268);
#2267 = CARTESIAN_POINT('',(-0.6,-6.350852961086));
#2268 = VECTOR('',#2269,1.);
#2269 = DIRECTION('',(0.866025403784,-0.5));
#2270 = ( GEOMETRIC_REPRESENTATION_CONTEXT(2) 
PARAMETRIC_REPRESENTATION_CONTEXT() REPRESENTATION_CONTEXT('2D SPACE',''
  ) );
#2271 = PCURVE('',#2272,#2277);
#2272 = PLANE('',#2273);
#2273 = AXIS2_PLACEMENT_3D('',#2274,#2275,#2276);
#2274 = CARTESIAN_POINT('',(-11.,6.350852961086,4.4));
#2275 = DIRECTION('',(0.5,-0.866025403784,1.060575238725E-16));
#2276 = DIRECTION('',(0.866025403784,0.5,-6.123233995737E-17));
#2277 = DEFINITIONAL_REPRESENTATION('',(#2278),#2282);
#2278 = LINE('',#2279,#2280);
#2279 = CARTESIAN_POINT('',(0.,0.));
#2280 = VECTOR('',#2281,1.);
#2281 = DIRECTION('',(1.,0.));
#2282 = ( GEOMETRIC_REPRESENTATION_CONTEXT(2) 
PARAMETRIC_REPRESENTATION_CONTEXT() REPRESENTATION_CONTEXT('2D SPACE',''
  ) );
#2283 = ORIENTED_EDGE('',*,*,#2284,.F.);
#2284 = EDGE_CURVE('',#2285,#2257,#2287,.T.);
#2285 = VERTEX_POINT('',#2286);
#2286 = CARTESIAN_POINT('',(-11.,4.581642788798,4.4));
#2287 = SURFACE_CURVE('',#2288,(#2292,#2299),.PCURVE_S1.);
#2288 = LINE('',#2289,#2290);
#2289 = CARTESIAN_POINT('',(-11.,2.655811238272,4.4));
#2290 = VECTOR('',#2291,1.);
#2291 = DIRECTION('',(4.807406715959E-16,1.,-1.224646799147E-16));
#2292 = PCURVE('',#72,#2293);
#2293 = DEFINITIONAL_REPRESENTATION('',(#2294),#2298);
#2294 = LINE('',#2295,#2296);
#2295 = CARTESIAN_POINT('',(-0.6,-2.655811238272));
#2296 = VECTOR('',#2297,1.);
#2297 = DIRECTION('',(4.807406715959E-16,-1.));
#2298 = ( GEOMETRIC_REPRESENTATION_CONTEXT(2) 
PARAMETRIC_REPRESENTATION_CONTEXT() REPRESENTATION_CONTEXT('2D SPACE',''
  ) );
#2299 = PCURVE('',#2300,#2305);
#2300 = PLANE('',#2301);
#2301 = AXIS2_PLACEMENT_3D('',#2302,#2303,#2304);
#2302 = CARTESIAN_POINT('',(-11.,2.655811238272,4.4));
#2303 = DIRECTION('',(1.,-4.807406715959E-16,5.887375246899E-32));
#2304 = DIRECTION('',(4.807406715959E-16,1.,-1.224646799147E-16));
#2305 = DEFINITIONAL_REPRESENTATION('',(#2306),#2310);
#2306 = LINE('',#2307,#2308);
#2307 = CARTESIAN_POINT('',(0.,0.));
#2308 = VECTOR('',#2309,1.);
#2309 = DIRECTION('',(1.,0.));
#2310 = ( GEOMETRIC_REPRESENTATION_CONTEXT(2) 
PARAMETRIC_REPRESENTATION_CONTEXT() REPRESENTATION_CONTEXT('2D SPACE',''
  ) );
#2311 = ORIENTED_EDGE('',*,*,#2312,.F.);
#2312 = EDGE_CURVE('',#2313,#2285,#2315,.T.);
#2313 = VERTEX_POINT('',#2314);
#2314 = CARTESIAN_POINT('',(-11.77253726598,2.902606962822,4.4));
#2315 = SURFACE_CURVE('',#2316,(#2321,#2328),.PCURVE_S1.);
#2316 = CIRCLE('',#2317,1.25);
#2317 = AXIS2_PLACEMENT_3D('',#2318,#2319,#2320);
#2318 = CARTESIAN_POINT('',(-12.15093932557,4.093955728425,4.4));
#2319 = DIRECTION('',(0.,-1.224646799147E-16,-1.));
#2320 = DIRECTION('',(1.,0.,0.));
#2321 = PCURVE('',#72,#2322);
#2322 = DEFINITIONAL_REPRESENTATION('',(#2323),#2327);
#2323 = CIRCLE('',#2324,1.25);
#2324 = AXIS2_PLACEMENT_2D('',#2325,#2326);
#2325 = CARTESIAN_POINT('',(-1.75093932557,-4.093955728425));
#2326 = DIRECTION('',(1.,0.));
#2327 = ( GEOMETRIC_REPRESENTATION_CONTEXT(2) 
PARAMETRIC_REPRESENTATION_CONTEXT() REPRESENTATION_CONTEXT('2D SPACE',''
  ) );
#2328 = PCURVE('',#2329,#2334);
#2329 = CONICAL_SURFACE('',#2330,1.25,8.502181265222E-02);
#2330 = AXIS2_PLACEMENT_3D('',#2331,#2332,#2333);
#2331 = CARTESIAN_POINT('',(-12.15093932557,4.093955728425,4.4));
#2332 = DIRECTION('',(-0.,1.224646799147E-16,1.));
#2333 = DIRECTION('',(1.,0.,0.));
#2334 = DEFINITIONAL_REPRESENTATION('',(#2335),#2339);
#2335 = LINE('',#2336,#2337);
#2336 = CARTESIAN_POINT('',(-0.,-0.));
#2337 = VECTOR('',#2338,1.);
#2338 = DIRECTION('',(-1.,-0.));
#2339 = ( GEOMETRIC_REPRESENTATION_CONTEXT(2) 
PARAMETRIC_REPRESENTATION_CONTEXT() REPRESENTATION_CONTEXT('2D SPACE',''
  ) );
#2340 = ORIENTED_EDGE('',*,*,#2341,.F.);
#2341 = EDGE_CURVE('',#2342,#2313,#2344,.T.);
#2342 = VERTEX_POINT('',#2343);
#2343 = CARTESIAN_POINT('',(-13.6,1.847520861407,4.4));
#2344 = SURFACE_CURVE('',#2345,(#2349,#2356),.PCURVE_S1.);
#2345 = LINE('',#2346,#2347);
#2346 = CARTESIAN_POINT('',(-13.6,1.847520861407,4.4));
#2347 = VECTOR('',#2348,1.);
#2348 = DIRECTION('',(0.866025403784,0.5,-6.123233995737E-17));
#2349 = PCURVE('',#72,#2350);
#2350 = DEFINITIONAL_REPRESENTATION('',(#2351),#2355);
#2351 = LINE('',#2352,#2353);
#2352 = CARTESIAN_POINT('',(-3.2,-1.847520861407));
#2353 = VECTOR('',#2354,1.);
#2354 = DIRECTION('',(0.866025403784,-0.5));
#2355 = ( GEOMETRIC_REPRESENTATION_CONTEXT(2) 
PARAMETRIC_REPRESENTATION_CONTEXT() REPRESENTATION_CONTEXT('2D SPACE',''
  ) );
#2356 = PCURVE('',#2357,#2362);
#2357 = PLANE('',#2358);
#2358 = AXIS2_PLACEMENT_3D('',#2359,#2360,#2361);
#2359 = CARTESIAN_POINT('',(-13.6,1.847520861407,4.4));
#2360 = DIRECTION('',(0.5,-0.866025403784,1.060575238725E-16));
#2361 = DIRECTION('',(0.866025403784,0.5,-6.123233995737E-17));
#2362 = DEFINITIONAL_REPRESENTATION('',(#2363),#2367);
#2363 = LINE('',#2364,#2365);
#2364 = CARTESIAN_POINT('',(0.,0.));
#2365 = VECTOR('',#2366,1.);
#2366 = DIRECTION('',(1.,0.));
#2367 = ( GEOMETRIC_REPRESENTATION_CONTEXT(2) 
PARAMETRIC_REPRESENTATION_CONTEXT() REPRESENTATION_CONTEXT('2D SPACE',''
  ) );
#2368 = ORIENTED_EDGE('',*,*,#2369,.F.);
#2369 = EDGE_CURVE('',#2370,#2342,#2372,.T.);
#2370 = VERTEX_POINT('',#2371);
#2371 = CARTESIAN_POINT('',(-13.6,-1.847520861407,4.4));
#2372 = SURFACE_CURVE('',#2373,(#2377,#2384),.PCURVE_S1.);
#2373 = LINE('',#2374,#2375);
#2374 = CARTESIAN_POINT('',(-13.6,-1.847520861407,4.4));
#2375 = VECTOR('',#2376,1.);
#2376 = DIRECTION('',(0.,1.,-1.224646799147E-16));
#2377 = PCURVE('',#72,#2378);
#2378 = DEFINITIONAL_REPRESENTATION('',(#2379),#2383);
#2379 = LINE('',#2380,#2381);
#2380 = CARTESIAN_POINT('',(-3.2,1.847520861407));
#2381 = VECTOR('',#2382,1.);
#2382 = DIRECTION('',(0.,-1.));
#2383 = ( GEOMETRIC_REPRESENTATION_CONTEXT(2) 
PARAMETRIC_REPRESENTATION_CONTEXT() REPRESENTATION_CONTEXT('2D SPACE',''
  ) );
#2384 = PCURVE('',#2385,#2390);
#2385 = PLANE('',#2386);
#2386 = AXIS2_PLACEMENT_3D('',#2387,#2388,#2389);
#2387 = CARTESIAN_POINT('',(-13.6,-1.847520861407,4.4));
#2388 = DIRECTION('',(1.,0.,0.));
#2389 = DIRECTION('',(0.,1.,-1.224646799147E-16));
#2390 = DEFINITIONAL_REPRESENTATION('',(#2391),#2395);
#2391 = LINE('',#2392,#2393);
#2392 = CARTESIAN_POINT('',(0.,0.));
#2393 = VECTOR('',#2394,1.);
#2394 = DIRECTION('',(1.,0.));
#2395 = ( GEOMETRIC_REPRESENTATION_CONTEXT(2) 
PARAMETRIC_REPRESENTATION_CONTEXT() REPRESENTATION_CONTEXT('2D SPACE',''
  ) );
#2396 = ORIENTED_EDGE('',*,*,#2397,.F.);
#2397 = EDGE_CURVE('',#2398,#2370,#2400,.T.);
#2398 = VERTEX_POINT('',#2399);
#2399 = CARTESIAN_POINT('',(-11.,-3.3486315613,4.4));
#2400 = SURFACE_CURVE('',#2401,(#2405,#2412),.PCURVE_S1.);
#2401 = LINE('',#2402,#2403);
#2402 = CARTESIAN_POINT('',(-10.4,-3.695041722814,4.4));
#2403 = VECTOR('',#2404,1.);
#2404 = DIRECTION('',(-0.866025403784,0.5,-6.123233995737E-17));
#2405 = PCURVE('',#72,#2406);
#2406 = DEFINITIONAL_REPRESENTATION('',(#2407),#2411);
#2407 = LINE('',#2408,#2409);
#2408 = CARTESIAN_POINT('',(-1.7763568394E-15,3.695041722814));
#2409 = VECTOR('',#2410,1.);
#2410 = DIRECTION('',(-0.866025403784,-0.5));
#2411 = ( GEOMETRIC_REPRESENTATION_CONTEXT(2) 
PARAMETRIC_REPRESENTATION_CONTEXT() REPRESENTATION_CONTEXT('2D SPACE',''
  ) );
#2412 = PCURVE('',#2413,#2418);
#2413 = PLANE('',#2414);
#2414 = AXIS2_PLACEMENT_3D('',#2415,#2416,#2417);
#2415 = CARTESIAN_POINT('',(-10.4,-3.695041722814,4.4));
#2416 = DIRECTION('',(0.5,0.866025403784,-1.060575238725E-16));
#2417 = DIRECTION('',(-0.866025403784,0.5,-6.123233995737E-17));
#2418 = DEFINITIONAL_REPRESENTATION('',(#2419),#2423);
#2419 = LINE('',#2420,#2421);
#2420 = CARTESIAN_POINT('',(0.,0.));
#2421 = VECTOR('',#2422,1.);
#2422 = DIRECTION('',(1.,0.));
#2423 = ( GEOMETRIC_REPRESENTATION_CONTEXT(2) 
PARAMETRIC_REPRESENTATION_CONTEXT() REPRESENTATION_CONTEXT('2D SPACE',''
  ) );
#2424 = ORIENTED_EDGE('',*,*,#2425,.F.);
#2425 = EDGE_CURVE('',#2426,#2398,#2428,.T.);
#2426 = VERTEX_POINT('',#2427);
#2427 = CARTESIAN_POINT('',(-11.,-4.330124783355,4.4));
#2428 = SURFACE_CURVE('',#2429,(#2433,#2440),.PCURVE_S1.);
#2429 = LINE('',#2430,#2431);
#2430 = CARTESIAN_POINT('',(-11.,-6.350852961086,4.4));
#2431 = VECTOR('',#2432,1.);
#2432 = DIRECTION('',(4.807406715959E-16,1.,-1.224646799147E-16));
#2433 = PCURVE('',#72,#2434);
#2434 = DEFINITIONAL_REPRESENTATION('',(#2435),#2439);
#2435 = LINE('',#2436,#2437);
#2436 = CARTESIAN_POINT('',(-0.6,6.350852961086));
#2437 = VECTOR('',#2438,1.);
#2438 = DIRECTION('',(4.807406715959E-16,-1.));
#2439 = ( GEOMETRIC_REPRESENTATION_CONTEXT(2) 
PARAMETRIC_REPRESENTATION_CONTEXT() REPRESENTATION_CONTEXT('2D SPACE',''
  ) );
#2440 = PCURVE('',#2441,#2446);
#2441 = PLANE('',#2442);
#2442 = AXIS2_PLACEMENT_3D('',#2443,#2444,#2445);
#2443 = CARTESIAN_POINT('',(-11.,-6.350852961086,4.4));
#2444 = DIRECTION('',(1.,-4.807406715959E-16,5.887375246899E-32));
#2445 = DIRECTION('',(4.807406715959E-16,1.,-1.224646799147E-16));
#2446 = DEFINITIONAL_REPRESENTATION('',(#2447),#2451);
#2447 = LINE('',#2448,#2449);
#2448 = CARTESIAN_POINT('',(0.,0.));
#2449 = VECTOR('',#2450,1.);
#2450 = DIRECTION('',(1.,0.));
#2451 = ( GEOMETRIC_REPRESENTATION_CONTEXT(2) 
PARAMETRIC_REPRESENTATION_CONTEXT() REPRESENTATION_CONTEXT('2D SPACE',''
  ) );
#2452 = ORIENTED_EDGE('',*,*,#2453,.F.);
#2453 = EDGE_CURVE('',#2454,#2426,#2456,.T.);
#2454 = VERTEX_POINT('',#2455);
#2455 = CARTESIAN_POINT('',(-11.,-5.160414617658,4.4));
#2456 = SURFACE_CURVE('',#2457,(#2462,#2469),.PCURVE_S1.);
#2457 = CIRCLE('',#2458,1.25);
#2458 = AXIS2_PLACEMENT_3D('',#2459,#2460,#2461);
#2459 = CARTESIAN_POINT('',(-12.17904821689,-4.745269700507,4.4));
#2460 = DIRECTION('',(0.,-1.224646799147E-16,-1.));
#2461 = DIRECTION('',(1.,0.,0.));
#2462 = PCURVE('',#72,#2463);
#2463 = DEFINITIONAL_REPRESENTATION('',(#2464),#2468);
#2464 = CIRCLE('',#2465,1.25);
#2465 = AXIS2_PLACEMENT_2D('',#2466,#2467);
#2466 = CARTESIAN_POINT('',(-1.779048216895,4.745269700507));
#2467 = DIRECTION('',(1.,0.));
#2468 = ( GEOMETRIC_REPRESENTATION_CONTEXT(2) 
PARAMETRIC_REPRESENTATION_CONTEXT() REPRESENTATION_CONTEXT('2D SPACE',''
  ) );
#2469 = PCURVE('',#2470,#2475);
#2470 = CONICAL_SURFACE('',#2471,1.25,8.502181265222E-02);
#2471 = AXIS2_PLACEMENT_3D('',#2472,#2473,#2474);
#2472 = CARTESIAN_POINT('',(-12.17904821689,-4.745269700507,4.4));
#2473 = DIRECTION('',(-0.,1.224646799147E-16,1.));
#2474 = DIRECTION('',(1.,0.,0.));
#2475 = DEFINITIONAL_REPRESENTATION('',(#2476),#2480);
#2476 = LINE('',#2477,#2478);
#2477 = CARTESIAN_POINT('',(-0.,-0.));
#2478 = VECTOR('',#2479,1.);
#2479 = DIRECTION('',(-1.,-0.));
#2480 = ( GEOMETRIC_REPRESENTATION_CONTEXT(2) 
PARAMETRIC_REPRESENTATION_CONTEXT() REPRESENTATION_CONTEXT('2D SPACE',''
  ) );
#2481 = ORIENTED_EDGE('',*,*,#2482,.F.);
#2482 = EDGE_CURVE('',#2483,#2454,#2485,.T.);
#2483 = VERTEX_POINT('',#2484);
#2484 = CARTESIAN_POINT('',(-11.,-6.350852961086,4.4));
#2485 = SURFACE_CURVE('',#2486,(#2490,#2497),.PCURVE_S1.);
#2486 = LINE('',#2487,#2488);
#2487 = CARTESIAN_POINT('',(-11.,-6.350852961086,4.4));
#2488 = VECTOR('',#2489,1.);
#2489 = DIRECTION('',(4.807406715959E-16,1.,-1.224646799147E-16));
#2490 = PCURVE('',#72,#2491);
#2491 = DEFINITIONAL_REPRESENTATION('',(#2492),#2496);
#2492 = LINE('',#2493,#2494);
#2493 = CARTESIAN_POINT('',(-0.6,6.350852961086));
#2494 = VECTOR('',#2495,1.);
#2495 = DIRECTION('',(4.807406715959E-16,-1.));
#2496 = ( GEOMETRIC_REPRESENTATION_CONTEXT(2) 
PARAMETRIC_REPRESENTATION_CONTEXT() REPRESENTATION_CONTEXT('2D SPACE',''
  ) );
#2497 = PCURVE('',#2498,#2503);
#2498 = PLANE('',#2499);
#2499 = AXIS2_PLACEMENT_3D('',#2500,#2501,#2502);
#2500 = CARTESIAN_POINT('',(-11.,-6.350852961086,4.4));
#2501 = DIRECTION('',(1.,-4.807406715959E-16,5.887375246899E-32));
#2502 = DIRECTION('',(4.807406715959E-16,1.,-1.224646799147E-16));
#2503 = DEFINITIONAL_REPRESENTATION('',(#2504),#2508);
#2504 = LINE('',#2505,#2506);
#2505 = CARTESIAN_POINT('',(0.,0.));
#2506 = VECTOR('',#2507,1.);
#2507 = DIRECTION('',(1.,0.));
#2508 = ( GEOMETRIC_REPRESENTATION_CONTEXT(2) 
PARAMETRIC_REPRESENTATION_CONTEXT() REPRESENTATION_CONTEXT('2D SPACE',''
  ) );
#2509 = ORIENTED_EDGE('',*,*,#2510,.F.);
#2510 = EDGE_CURVE('',#2511,#2483,#2513,.T.);
#2511 = VERTEX_POINT('',#2512);
#2512 = CARTESIAN_POINT('',(-9.467819046165,-7.235458047229,4.4));
#2513 = SURFACE_CURVE('',#2514,(#2518,#2525),.PCURVE_S1.);
#2514 = LINE('',#2515,#2516);
#2515 = CARTESIAN_POINT('',(-7.8,-8.198373822493,4.4));
#2516 = VECTOR('',#2517,1.);
#2517 = DIRECTION('',(-0.866025403784,0.5,-6.123233995737E-17));
#2518 = PCURVE('',#72,#2519);
#2519 = DEFINITIONAL_REPRESENTATION('',(#2520),#2524);
#2520 = LINE('',#2521,#2522);
#2521 = CARTESIAN_POINT('',(2.6,8.198373822493));
#2522 = VECTOR('',#2523,1.);
#2523 = DIRECTION('',(-0.866025403784,-0.5));
#2524 = ( GEOMETRIC_REPRESENTATION_CONTEXT(2) 
PARAMETRIC_REPRESENTATION_CONTEXT() REPRESENTATION_CONTEXT('2D SPACE',''
  ) );
#2525 = PCURVE('',#2526,#2531);
#2526 = PLANE('',#2527);
#2527 = AXIS2_PLACEMENT_3D('',#2528,#2529,#2530);
#2528 = CARTESIAN_POINT('',(-7.8,-8.198373822493,4.4));
#2529 = DIRECTION('',(0.5,0.866025403784,-1.060575238725E-16));
#2530 = DIRECTION('',(-0.866025403784,0.5,-6.123233995737E-17));
#2531 = DEFINITIONAL_REPRESENTATION('',(#2532),#2536);
#2532 = LINE('',#2533,#2534);
#2533 = CARTESIAN_POINT('',(0.,0.));
#2534 = VECTOR('',#2535,1.);
#2535 = DIRECTION('',(1.,0.));
#2536 = ( GEOMETRIC_REPRESENTATION_CONTEXT(2) 
PARAMETRIC_REPRESENTATION_CONTEXT() REPRESENTATION_CONTEXT('2D SPACE',''
  ) );
#2537 = ORIENTED_EDGE('',*,*,#2538,.F.);
#2538 = EDGE_CURVE('',#996,#2511,#2539,.T.);
#2539 = SURFACE_CURVE('',#2540,(#2545,#2552),.PCURVE_S1.);
#2540 = CIRCLE('',#2541,1.25);
#2541 = AXIS2_PLACEMENT_3D('',#2542,#2543,#2544);
#2542 = CARTESIAN_POINT('',(-9.62093932557,-8.476044271575,4.4));
#2543 = DIRECTION('',(0.,-1.224646799147E-16,-1.));
#2544 = DIRECTION('',(1.,0.,0.));
#2545 = PCURVE('',#72,#2546);
#2546 = DEFINITIONAL_REPRESENTATION('',(#2547),#2551);
#2547 = CIRCLE('',#2548,1.25);
#2548 = AXIS2_PLACEMENT_2D('',#2549,#2550);
#2549 = CARTESIAN_POINT('',(0.77906067443,8.476044271575));
#2550 = DIRECTION('',(1.,0.));
#2551 = ( GEOMETRIC_REPRESENTATION_CONTEXT(2) 
PARAMETRIC_REPRESENTATION_CONTEXT() REPRESENTATION_CONTEXT('2D SPACE',''
  ) );
#2552 = PCURVE('',#2553,#2558);
#2553 = CONICAL_SURFACE('',#2554,1.25,8.502181265222E-02);
#2554 = AXIS2_PLACEMENT_3D('',#2555,#2556,#2557);
#2555 = CARTESIAN_POINT('',(-9.62093932557,-8.476044271575,4.4));
#2556 = DIRECTION('',(-0.,1.224646799147E-16,1.));
#2557 = DIRECTION('',(1.,0.,0.));
#2558 = DEFINITIONAL_REPRESENTATION('',(#2559),#2563);
#2559 = LINE('',#2560,#2561);
#2560 = CARTESIAN_POINT('',(-0.,-0.));
#2561 = VECTOR('',#2562,1.);
#2562 = DIRECTION('',(-1.,-0.));
#2563 = ( GEOMETRIC_REPRESENTATION_CONTEXT(2) 
PARAMETRIC_REPRESENTATION_CONTEXT() REPRESENTATION_CONTEXT('2D SPACE',''
  ) );
#2564 = ADVANCED_FACE('',(#2565),#100,.F.);
#2565 = FACE_BOUND('',#2566,.F.);
#2566 = EDGE_LOOP('',(#2567,#2568,#2591,#2612));
#2567 = ORIENTED_EDGE('',*,*,#970,.F.);
#2568 = ORIENTED_EDGE('',*,*,#2569,.F.);
#2569 = EDGE_CURVE('',#2570,#943,#2572,.T.);
#2570 = VERTEX_POINT('',#2571);
#2571 = CARTESIAN_POINT('',(11.3,-9.526279441629,8.881784197001E-16));
#2572 = SURFACE_CURVE('',#2573,(#2577,#2584),.PCURVE_S1.);
#2573 = LINE('',#2574,#2575);
#2574 = CARTESIAN_POINT('',(11.3,-9.526279441629,8.881784197001E-16));
#2575 = VECTOR('',#2576,1.);
#2576 = DIRECTION('',(0.,1.224646799147E-16,1.));
#2577 = PCURVE('',#100,#2578);
#2578 = DEFINITIONAL_REPRESENTATION('',(#2579),#2583);
#2579 = LINE('',#2580,#2581);
#2580 = CARTESIAN_POINT('',(4.041451884327,-4.));
#2581 = VECTOR('',#2582,1.);
#2582 = DIRECTION('',(0.,1.));
#2583 = ( GEOMETRIC_REPRESENTATION_CONTEXT(2) 
PARAMETRIC_REPRESENTATION_CONTEXT() REPRESENTATION_CONTEXT('2D SPACE',''
  ) );
#2584 = PCURVE('',#958,#2585);
#2585 = DEFINITIONAL_REPRESENTATION('',(#2586),#2590);
#2586 = LINE('',#2587,#2588);
#2587 = CARTESIAN_POINT('',(3.002221399786,-4.));
#2588 = VECTOR('',#2589,1.);
#2589 = DIRECTION('',(0.,1.));
#2590 = ( GEOMETRIC_REPRESENTATION_CONTEXT(2) 
PARAMETRIC_REPRESENTATION_CONTEXT() REPRESENTATION_CONTEXT('2D SPACE',''
  ) );
#2591 = ORIENTED_EDGE('',*,*,#2592,.T.);
#2592 = EDGE_CURVE('',#2570,#85,#2593,.T.);
#2593 = SURFACE_CURVE('',#2594,(#2598,#2605),.PCURVE_S1.);
#2594 = LINE('',#2595,#2596);
#2595 = CARTESIAN_POINT('',(11.3,-5.484827557301,8.881784197001E-16));
#2596 = VECTOR('',#2597,1.);
#2597 = DIRECTION('',(5.043836554449E-16,-1.,1.224646799147E-16));
#2598 = PCURVE('',#100,#2599);
#2599 = DEFINITIONAL_REPRESENTATION('',(#2600),#2604);
#2600 = LINE('',#2601,#2602);
#2601 = CARTESIAN_POINT('',(3.983197000412E-16,-4.));
#2602 = VECTOR('',#2603,1.);
#2603 = DIRECTION('',(1.,0.));
#2604 = ( GEOMETRIC_REPRESENTATION_CONTEXT(2) 
PARAMETRIC_REPRESENTATION_CONTEXT() REPRESENTATION_CONTEXT('2D SPACE',''
  ) );
#2605 = PCURVE('',#126,#2606);
#2606 = DEFINITIONAL_REPRESENTATION('',(#2607),#2611);
#2607 = LINE('',#2608,#2609);
#2608 = CARTESIAN_POINT('',(19.1,9.988159656981));
#2609 = VECTOR('',#2610,1.);
#2610 = DIRECTION('',(5.043836554449E-16,1.));
#2611 = ( GEOMETRIC_REPRESENTATION_CONTEXT(2) 
PARAMETRIC_REPRESENTATION_CONTEXT() REPRESENTATION_CONTEXT('2D SPACE',''
  ) );
#2612 = ORIENTED_EDGE('',*,*,#84,.T.);
#2613 = ADVANCED_FACE('',(#2614,#3317,#3352,#3387,#3422,#3457,#3492,
    #3527,#4065,#4100,#4135,#4170,#4496,#5118,#5153,#5188),#126,.T.);
#2614 = FACE_BOUND('',#2615,.T.);
#2615 = EDGE_LOOP('',(#2616,#2617,#2618,#2619,#2642,#2665,#2688,#2711,
    #2734,#2757,#2780,#2803,#2826,#2849,#2872,#2895,#2918,#2941,#2964,
    #2987,#3010,#3033,#3056,#3079,#3102,#3125,#3148,#3171,#3199,#3227,
    #3250,#3273,#3296));
#2616 = ORIENTED_EDGE('',*,*,#2592,.T.);
#2617 = ORIENTED_EDGE('',*,*,#112,.T.);
#2618 = ORIENTED_EDGE('',*,*,#193,.T.);
#2619 = ORIENTED_EDGE('',*,*,#2620,.T.);
#2620 = EDGE_CURVE('',#144,#2621,#2623,.T.);
#2621 = VERTEX_POINT('',#2622);
#2622 = CARTESIAN_POINT('',(4.313005970815E-16,-16.05033748347,
    1.7763568394E-15));
#2623 = SURFACE_CURVE('',#2624,(#2628,#2635),.PCURVE_S1.);
#2624 = LINE('',#2625,#2626);
#2625 = CARTESIAN_POINT('',(6.1,-12.52850084141,1.7763568394E-15));
#2626 = VECTOR('',#2627,1.);
#2627 = DIRECTION('',(-0.866025403784,-0.5,6.123233995737E-17));
#2628 = PCURVE('',#126,#2629);
#2629 = DEFINITIONAL_REPRESENTATION('',(#2630),#2634);
#2630 = LINE('',#2631,#2632);
#2631 = CARTESIAN_POINT('',(13.9,17.031832941094));
#2632 = VECTOR('',#2633,1.);
#2633 = DIRECTION('',(-0.866025403784,0.5));
#2634 = ( GEOMETRIC_REPRESENTATION_CONTEXT(2) 
PARAMETRIC_REPRESENTATION_CONTEXT() REPRESENTATION_CONTEXT('2D SPACE',''
  ) );
#2635 = PCURVE('',#159,#2636);
#2636 = DEFINITIONAL_REPRESENTATION('',(#2637),#2641);
#2637 = LINE('',#2638,#2639);
#2638 = CARTESIAN_POINT('',(-2.449293598295E-16,-4.));
#2639 = VECTOR('',#2640,1.);
#2640 = DIRECTION('',(1.,0.));
#2641 = ( GEOMETRIC_REPRESENTATION_CONTEXT(2) 
PARAMETRIC_REPRESENTATION_CONTEXT() REPRESENTATION_CONTEXT('2D SPACE',''
  ) );
#2642 = ORIENTED_EDGE('',*,*,#2643,.T.);
#2643 = EDGE_CURVE('',#2621,#2644,#2646,.T.);
#2644 = VERTEX_POINT('',#2645);
#2645 = CARTESIAN_POINT('',(-2.6,-14.54922678357,1.7763568394E-15));
#2646 = SURFACE_CURVE('',#2647,(#2651,#2658),.PCURVE_S1.);
#2647 = LINE('',#2648,#2649);
#2648 = CARTESIAN_POINT('',(4.313005970815E-16,-16.05033748347,
    1.7763568394E-15));
#2649 = VECTOR('',#2650,1.);
#2650 = DIRECTION('',(-0.866025403784,0.5,-6.123233995737E-17));
#2651 = PCURVE('',#126,#2652);
#2652 = DEFINITIONAL_REPRESENTATION('',(#2653),#2657);
#2653 = LINE('',#2654,#2655);
#2654 = CARTESIAN_POINT('',(7.8,20.553669583151));
#2655 = VECTOR('',#2656,1.);
#2656 = DIRECTION('',(-0.866025403784,-0.5));
#2657 = ( GEOMETRIC_REPRESENTATION_CONTEXT(2) 
PARAMETRIC_REPRESENTATION_CONTEXT() REPRESENTATION_CONTEXT('2D SPACE',''
  ) );
#2658 = PCURVE('',#258,#2659);
#2659 = DEFINITIONAL_REPRESENTATION('',(#2660),#2664);
#2660 = LINE('',#2661,#2662);
#2661 = CARTESIAN_POINT('',(4.714890176717E-16,-4.4));
#2662 = VECTOR('',#2663,1.);
#2663 = DIRECTION('',(1.,0.));
#2664 = ( GEOMETRIC_REPRESENTATION_CONTEXT(2) 
PARAMETRIC_REPRESENTATION_CONTEXT() REPRESENTATION_CONTEXT('2D SPACE',''
  ) );
#2665 = ORIENTED_EDGE('',*,*,#2666,.T.);
#2666 = EDGE_CURVE('',#2644,#2667,#2669,.T.);
#2667 = VERTEX_POINT('',#2668);
#2668 = CARTESIAN_POINT('',(-5.2,-16.05033748347,1.7763568394E-15));
#2669 = SURFACE_CURVE('',#2670,(#2674,#2681),.PCURVE_S1.);
#2670 = LINE('',#2671,#2672);
#2671 = CARTESIAN_POINT('',(0.9,-12.52850084141,1.7763568394E-15));
#2672 = VECTOR('',#2673,1.);
#2673 = DIRECTION('',(-0.866025403784,-0.5,6.123233995737E-17));
#2674 = PCURVE('',#126,#2675);
#2675 = DEFINITIONAL_REPRESENTATION('',(#2676),#2680);
#2676 = LINE('',#2677,#2678);
#2677 = CARTESIAN_POINT('',(8.7,17.031832941094));
#2678 = VECTOR('',#2679,1.);
#2679 = DIRECTION('',(-0.866025403784,0.5));
#2680 = ( GEOMETRIC_REPRESENTATION_CONTEXT(2) 
PARAMETRIC_REPRESENTATION_CONTEXT() REPRESENTATION_CONTEXT('2D SPACE',''
  ) );
#2681 = PCURVE('',#286,#2682);
#2682 = DEFINITIONAL_REPRESENTATION('',(#2683),#2687);
#2683 = LINE('',#2684,#2685);
#2684 = CARTESIAN_POINT('',(-4.617185644508E-16,-4.4));
#2685 = VECTOR('',#2686,1.);
#2686 = DIRECTION('',(1.,0.));
#2687 = ( GEOMETRIC_REPRESENTATION_CONTEXT(2) 
PARAMETRIC_REPRESENTATION_CONTEXT() REPRESENTATION_CONTEXT('2D SPACE',''
  ) );
#2688 = ORIENTED_EDGE('',*,*,#2689,.T.);
#2689 = EDGE_CURVE('',#2667,#2690,#2692,.T.);
#2690 = VERTEX_POINT('',#2691);
#2691 = CARTESIAN_POINT('',(-11.3,-12.52850084141,1.7763568394E-15));
#2692 = SURFACE_CURVE('',#2693,(#2697,#2704),.PCURVE_S1.);
#2693 = LINE('',#2694,#2695);
#2694 = CARTESIAN_POINT('',(-5.2,-16.05033748347,1.7763568394E-15));
#2695 = VECTOR('',#2696,1.);
#2696 = DIRECTION('',(-0.866025403784,0.5,-6.123233995737E-17));
#2697 = PCURVE('',#126,#2698);
#2698 = DEFINITIONAL_REPRESENTATION('',(#2699),#2703);
#2699 = LINE('',#2700,#2701);
#2700 = CARTESIAN_POINT('',(2.6,20.553669583151));
#2701 = VECTOR('',#2702,1.);
#2702 = DIRECTION('',(-0.866025403784,-0.5));
#2703 = ( GEOMETRIC_REPRESENTATION_CONTEXT(2) 
PARAMETRIC_REPRESENTATION_CONTEXT() REPRESENTATION_CONTEXT('2D SPACE',''
  ) );
#2704 = PCURVE('',#314,#2705);
#2705 = DEFINITIONAL_REPRESENTATION('',(#2706),#2710);
#2706 = LINE('',#2707,#2708);
#2707 = CARTESIAN_POINT('',(2.694222958124E-16,-4.4));
#2708 = VECTOR('',#2709,1.);
#2709 = DIRECTION('',(1.,0.));
#2710 = ( GEOMETRIC_REPRESENTATION_CONTEXT(2) 
PARAMETRIC_REPRESENTATION_CONTEXT() REPRESENTATION_CONTEXT('2D SPACE',''
  ) );
#2711 = ORIENTED_EDGE('',*,*,#2712,.T.);
#2712 = EDGE_CURVE('',#2690,#2713,#2715,.T.);
#2713 = VERTEX_POINT('',#2714);
#2714 = CARTESIAN_POINT('',(-11.3,-9.526279441629,8.881784197001E-16));
#2715 = SURFACE_CURVE('',#2716,(#2720,#2727),.PCURVE_S1.);
#2716 = LINE('',#2717,#2718);
#2717 = CARTESIAN_POINT('',(-11.3,-12.52850084141,1.7763568394E-15));
#2718 = VECTOR('',#2719,1.);
#2719 = DIRECTION('',(0.,1.,-1.224646799147E-16));
#2720 = PCURVE('',#126,#2721);
#2721 = DEFINITIONAL_REPRESENTATION('',(#2722),#2726);
#2722 = LINE('',#2723,#2724);
#2723 = CARTESIAN_POINT('',(-3.5,17.031832941094));
#2724 = VECTOR('',#2725,1.);
#2725 = DIRECTION('',(0.,-1.));
#2726 = ( GEOMETRIC_REPRESENTATION_CONTEXT(2) 
PARAMETRIC_REPRESENTATION_CONTEXT() REPRESENTATION_CONTEXT('2D SPACE',''
  ) );
#2727 = PCURVE('',#342,#2728);
#2728 = DEFINITIONAL_REPRESENTATION('',(#2729),#2733);
#2729 = LINE('',#2730,#2731);
#2730 = CARTESIAN_POINT('',(5.388445916248E-16,-4.4));
#2731 = VECTOR('',#2732,1.);
#2732 = DIRECTION('',(1.,0.));
#2733 = ( GEOMETRIC_REPRESENTATION_CONTEXT(2) 
PARAMETRIC_REPRESENTATION_CONTEXT() REPRESENTATION_CONTEXT('2D SPACE',''
  ) );
#2734 = ORIENTED_EDGE('',*,*,#2735,.T.);
#2735 = EDGE_CURVE('',#2713,#2736,#2738,.T.);
#2736 = VERTEX_POINT('',#2737);
#2737 = CARTESIAN_POINT('',(-13.9,-8.025168741736,8.881784197001E-16));
#2738 = SURFACE_CURVE('',#2739,(#2743,#2750),.PCURVE_S1.);
#2739 = LINE('',#2740,#2741);
#2740 = CARTESIAN_POINT('',(-7.8,-11.54700538379,1.7763568394E-15));
#2741 = VECTOR('',#2742,1.);
#2742 = DIRECTION('',(-0.866025403784,0.5,-6.123233995737E-17));
#2743 = PCURVE('',#126,#2744);
#2744 = DEFINITIONAL_REPRESENTATION('',(#2745),#2749);
#2745 = LINE('',#2746,#2747);
#2746 = CARTESIAN_POINT('',(-1.7763568394E-15,16.050337483472));
#2747 = VECTOR('',#2748,1.);
#2748 = DIRECTION('',(-0.866025403784,-0.5));
#2749 = ( GEOMETRIC_REPRESENTATION_CONTEXT(2) 
PARAMETRIC_REPRESENTATION_CONTEXT() REPRESENTATION_CONTEXT('2D SPACE',''
  ) );
#2750 = PCURVE('',#370,#2751);
#2751 = DEFINITIONAL_REPRESENTATION('',(#2752),#2756);
#2752 = LINE('',#2753,#2754);
#2753 = CARTESIAN_POINT('',(2.694222958124E-16,-4.4));
#2754 = VECTOR('',#2755,1.);
#2755 = DIRECTION('',(1.,0.));
#2756 = ( GEOMETRIC_REPRESENTATION_CONTEXT(2) 
PARAMETRIC_REPRESENTATION_CONTEXT() REPRESENTATION_CONTEXT('2D SPACE',''
  ) );
#2757 = ORIENTED_EDGE('',*,*,#2758,.T.);
#2758 = EDGE_CURVE('',#2736,#2759,#2761,.T.);
#2759 = VERTEX_POINT('',#2760);
#2760 = CARTESIAN_POINT('',(-13.9,-5.02294734195,8.881784197001E-16));
#2761 = SURFACE_CURVE('',#2762,(#2766,#2773),.PCURVE_S1.);
#2762 = LINE('',#2763,#2764);
#2763 = CARTESIAN_POINT('',(-13.9,-8.025168741736,8.881784197001E-16));
#2764 = VECTOR('',#2765,1.);
#2765 = DIRECTION('',(2.521918277224E-16,1.,-1.224646799147E-16));
#2766 = PCURVE('',#126,#2767);
#2767 = DEFINITIONAL_REPRESENTATION('',(#2768),#2772);
#2768 = LINE('',#2769,#2770);
#2769 = CARTESIAN_POINT('',(-6.1,12.528500841415));
#2770 = VECTOR('',#2771,1.);
#2771 = DIRECTION('',(2.521918277224E-16,-1.));
#2772 = ( GEOMETRIC_REPRESENTATION_CONTEXT(2) 
PARAMETRIC_REPRESENTATION_CONTEXT() REPRESENTATION_CONTEXT('2D SPACE',''
  ) );
#2773 = PCURVE('',#398,#2774);
#2774 = DEFINITIONAL_REPRESENTATION('',(#2775),#2779);
#2775 = LINE('',#2776,#2777);
#2776 = CARTESIAN_POINT('',(5.388445916248E-16,-4.4));
#2777 = VECTOR('',#2778,1.);
#2778 = DIRECTION('',(1.,0.));
#2779 = ( GEOMETRIC_REPRESENTATION_CONTEXT(2) 
PARAMETRIC_REPRESENTATION_CONTEXT() REPRESENTATION_CONTEXT('2D SPACE',''
  ) );
#2780 = ORIENTED_EDGE('',*,*,#2781,.T.);
#2781 = EDGE_CURVE('',#2759,#2782,#2784,.T.);
#2782 = VERTEX_POINT('',#2783);
#2783 = CARTESIAN_POINT('',(-16.5,-3.521836642057,0.));
#2784 = SURFACE_CURVE('',#2785,(#2789,#2796),.PCURVE_S1.);
#2785 = LINE('',#2786,#2787);
#2786 = CARTESIAN_POINT('',(-10.4,-7.043673284113,8.881784197001E-16));
#2787 = VECTOR('',#2788,1.);
#2788 = DIRECTION('',(-0.866025403784,0.5,-6.123233995737E-17));
#2789 = PCURVE('',#126,#2790);
#2790 = DEFINITIONAL_REPRESENTATION('',(#2791),#2795);
#2791 = LINE('',#2792,#2793);
#2792 = CARTESIAN_POINT('',(-2.6,11.547005383793));
#2793 = VECTOR('',#2794,1.);
#2794 = DIRECTION('',(-0.866025403784,-0.5));
#2795 = ( GEOMETRIC_REPRESENTATION_CONTEXT(2) 
PARAMETRIC_REPRESENTATION_CONTEXT() REPRESENTATION_CONTEXT('2D SPACE',''
  ) );
#2796 = PCURVE('',#426,#2797);
#2797 = DEFINITIONAL_REPRESENTATION('',(#2798),#2802);
#2798 = LINE('',#2799,#2800);
#2799 = CARTESIAN_POINT('',(-1.746669140376E-16,-4.4));
#2800 = VECTOR('',#2801,1.);
#2801 = DIRECTION('',(1.,0.));
#2802 = ( GEOMETRIC_REPRESENTATION_CONTEXT(2) 
PARAMETRIC_REPRESENTATION_CONTEXT() REPRESENTATION_CONTEXT('2D SPACE',''
  ) );
#2803 = ORIENTED_EDGE('',*,*,#2804,.T.);
#2804 = EDGE_CURVE('',#2782,#2805,#2807,.T.);
#2805 = VERTEX_POINT('',#2806);
#2806 = CARTESIAN_POINT('',(-16.5,3.521836642057,0.));
#2807 = SURFACE_CURVE('',#2808,(#2812,#2819),.PCURVE_S1.);
#2808 = LINE('',#2809,#2810);
#2809 = CARTESIAN_POINT('',(-16.5,-3.521836642057,0.));
#2810 = VECTOR('',#2811,1.);
#2811 = DIRECTION('',(0.,1.,-1.224646799147E-16));
#2812 = PCURVE('',#126,#2813);
#2813 = DEFINITIONAL_REPRESENTATION('',(#2814),#2818);
#2814 = LINE('',#2815,#2816);
#2815 = CARTESIAN_POINT('',(-8.7,8.025168741736));
#2816 = VECTOR('',#2817,1.);
#2817 = DIRECTION('',(0.,-1.));
#2818 = ( GEOMETRIC_REPRESENTATION_CONTEXT(2) 
PARAMETRIC_REPRESENTATION_CONTEXT() REPRESENTATION_CONTEXT('2D SPACE',''
  ) );
#2819 = PCURVE('',#454,#2820);
#2820 = DEFINITIONAL_REPRESENTATION('',(#2821),#2825);
#2821 = LINE('',#2822,#2823);
#2822 = CARTESIAN_POINT('',(9.475538177477E-17,-4.4));
#2823 = VECTOR('',#2824,1.);
#2824 = DIRECTION('',(1.,0.));
#2825 = ( GEOMETRIC_REPRESENTATION_CONTEXT(2) 
PARAMETRIC_REPRESENTATION_CONTEXT() REPRESENTATION_CONTEXT('2D SPACE',''
  ) );
#2826 = ORIENTED_EDGE('',*,*,#2827,.T.);
#2827 = EDGE_CURVE('',#2805,#2828,#2830,.T.);
#2828 = VERTEX_POINT('',#2829);
#2829 = CARTESIAN_POINT('',(-13.9,5.02294734195,-8.881784197001E-16));
#2830 = SURFACE_CURVE('',#2831,(#2835,#2842),.PCURVE_S1.);
#2831 = LINE('',#2832,#2833);
#2832 = CARTESIAN_POINT('',(-16.5,3.521836642057,0.));
#2833 = VECTOR('',#2834,1.);
#2834 = DIRECTION('',(0.866025403784,0.5,-6.123233995737E-17));
#2835 = PCURVE('',#126,#2836);
#2836 = DEFINITIONAL_REPRESENTATION('',(#2837),#2841);
#2837 = LINE('',#2838,#2839);
#2838 = CARTESIAN_POINT('',(-8.7,0.981495457622));
#2839 = VECTOR('',#2840,1.);
#2840 = DIRECTION('',(0.866025403784,-0.5));
#2841 = ( GEOMETRIC_REPRESENTATION_CONTEXT(2) 
PARAMETRIC_REPRESENTATION_CONTEXT() REPRESENTATION_CONTEXT('2D SPACE',''
  ) );
#2842 = PCURVE('',#482,#2843);
#2843 = DEFINITIONAL_REPRESENTATION('',(#2844),#2848);
#2844 = LINE('',#2845,#2846);
#2845 = CARTESIAN_POINT('',(4.737769088739E-17,-4.4));
#2846 = VECTOR('',#2847,1.);
#2847 = DIRECTION('',(1.,0.));
#2848 = ( GEOMETRIC_REPRESENTATION_CONTEXT(2) 
PARAMETRIC_REPRESENTATION_CONTEXT() REPRESENTATION_CONTEXT('2D SPACE',''
  ) );
#2849 = ORIENTED_EDGE('',*,*,#2850,.T.);
#2850 = EDGE_CURVE('',#2828,#2851,#2853,.T.);
#2851 = VERTEX_POINT('',#2852);
#2852 = CARTESIAN_POINT('',(-13.9,8.025168741736,-8.881784197001E-16));
#2853 = SURFACE_CURVE('',#2854,(#2858,#2865),.PCURVE_S1.);
#2854 = LINE('',#2855,#2856);
#2855 = CARTESIAN_POINT('',(-13.9,0.981495457622,0.));
#2856 = VECTOR('',#2857,1.);
#2857 = DIRECTION('',(2.521918277224E-16,1.,-1.224646799147E-16));
#2858 = PCURVE('',#126,#2859);
#2859 = DEFINITIONAL_REPRESENTATION('',(#2860),#2864);
#2860 = LINE('',#2861,#2862);
#2861 = CARTESIAN_POINT('',(-6.1,3.521836642057));
#2862 = VECTOR('',#2863,1.);
#2863 = DIRECTION('',(2.521918277224E-16,-1.));
#2864 = ( GEOMETRIC_REPRESENTATION_CONTEXT(2) 
PARAMETRIC_REPRESENTATION_CONTEXT() REPRESENTATION_CONTEXT('2D SPACE',''
  ) );
#2865 = PCURVE('',#510,#2866);
#2866 = DEFINITIONAL_REPRESENTATION('',(#2867),#2871);
#2867 = LINE('',#2868,#2869);
#2868 = CARTESIAN_POINT('',(-1.626692068774E-17,-4.4));
#2869 = VECTOR('',#2870,1.);
#2870 = DIRECTION('',(1.,0.));
#2871 = ( GEOMETRIC_REPRESENTATION_CONTEXT(2) 
PARAMETRIC_REPRESENTATION_CONTEXT() REPRESENTATION_CONTEXT('2D SPACE',''
  ) );
#2872 = ORIENTED_EDGE('',*,*,#2873,.T.);
#2873 = EDGE_CURVE('',#2851,#2874,#2876,.T.);
#2874 = VERTEX_POINT('',#2875);
#2875 = CARTESIAN_POINT('',(-11.3,9.526279441629,-8.881784197001E-16));
#2876 = SURFACE_CURVE('',#2877,(#2881,#2888),.PCURVE_S1.);
#2877 = LINE('',#2878,#2879);
#2878 = CARTESIAN_POINT('',(-13.9,8.025168741736,-8.881784197001E-16));
#2879 = VECTOR('',#2880,1.);
#2880 = DIRECTION('',(0.866025403784,0.5,-6.123233995737E-17));
#2881 = PCURVE('',#126,#2882);
#2882 = DEFINITIONAL_REPRESENTATION('',(#2883),#2887);
#2883 = LINE('',#2884,#2885);
#2884 = CARTESIAN_POINT('',(-6.1,-3.521836642057));
#2885 = VECTOR('',#2886,1.);
#2886 = DIRECTION('',(0.866025403784,-0.5));
#2887 = ( GEOMETRIC_REPRESENTATION_CONTEXT(2) 
PARAMETRIC_REPRESENTATION_CONTEXT() REPRESENTATION_CONTEXT('2D SPACE',''
  ) );
#2888 = PCURVE('',#538,#2889);
#2889 = DEFINITIONAL_REPRESENTATION('',(#2890),#2894);
#2890 = LINE('',#2891,#2892);
#2891 = CARTESIAN_POINT('',(2.694222958124E-16,-4.4));
#2892 = VECTOR('',#2893,1.);
#2893 = DIRECTION('',(1.,0.));
#2894 = ( GEOMETRIC_REPRESENTATION_CONTEXT(2) 
PARAMETRIC_REPRESENTATION_CONTEXT() REPRESENTATION_CONTEXT('2D SPACE',''
  ) );
#2895 = ORIENTED_EDGE('',*,*,#2896,.T.);
#2896 = EDGE_CURVE('',#2874,#2897,#2899,.T.);
#2897 = VERTEX_POINT('',#2898);
#2898 = CARTESIAN_POINT('',(-11.3,12.528500841415,-1.7763568394E-15));
#2899 = SURFACE_CURVE('',#2900,(#2904,#2911),.PCURVE_S1.);
#2900 = LINE('',#2901,#2902);
#2901 = CARTESIAN_POINT('',(-11.3,5.484827557301,-8.881784197001E-16));
#2902 = VECTOR('',#2903,1.);
#2903 = DIRECTION('',(0.,1.,-1.224646799147E-16));
#2904 = PCURVE('',#126,#2905);
#2905 = DEFINITIONAL_REPRESENTATION('',(#2906),#2910);
#2906 = LINE('',#2907,#2908);
#2907 = CARTESIAN_POINT('',(-3.5,-0.981495457622));
#2908 = VECTOR('',#2909,1.);
#2909 = DIRECTION('',(0.,-1.));
#2910 = ( GEOMETRIC_REPRESENTATION_CONTEXT(2) 
PARAMETRIC_REPRESENTATION_CONTEXT() REPRESENTATION_CONTEXT('2D SPACE',''
  ) );
#2911 = PCURVE('',#566,#2912);
#2912 = DEFINITIONAL_REPRESENTATION('',(#2913),#2917);
#2913 = LINE('',#2914,#2915);
#2914 = CARTESIAN_POINT('',(-3.493338280753E-16,-4.4));
#2915 = VECTOR('',#2916,1.);
#2916 = DIRECTION('',(1.,0.));
#2917 = ( GEOMETRIC_REPRESENTATION_CONTEXT(2) 
PARAMETRIC_REPRESENTATION_CONTEXT() REPRESENTATION_CONTEXT('2D SPACE',''
  ) );
#2918 = ORIENTED_EDGE('',*,*,#2919,.T.);
#2919 = EDGE_CURVE('',#2897,#2920,#2922,.T.);
#2920 = VERTEX_POINT('',#2921);
#2921 = CARTESIAN_POINT('',(-5.2,16.050337483472,-1.7763568394E-15));
#2922 = SURFACE_CURVE('',#2923,(#2927,#2934),.PCURVE_S1.);
#2923 = LINE('',#2924,#2925);
#2924 = CARTESIAN_POINT('',(-11.3,12.528500841415,-1.7763568394E-15));
#2925 = VECTOR('',#2926,1.);
#2926 = DIRECTION('',(0.866025403784,0.5,-6.123233995737E-17));
#2927 = PCURVE('',#126,#2928);
#2928 = DEFINITIONAL_REPRESENTATION('',(#2929),#2933);
#2929 = LINE('',#2930,#2931);
#2930 = CARTESIAN_POINT('',(-3.5,-8.025168741736));
#2931 = VECTOR('',#2932,1.);
#2932 = DIRECTION('',(0.866025403784,-0.5));
#2933 = ( GEOMETRIC_REPRESENTATION_CONTEXT(2) 
PARAMETRIC_REPRESENTATION_CONTEXT() REPRESENTATION_CONTEXT('2D SPACE',''
  ) );
#2934 = PCURVE('',#594,#2935);
#2935 = DEFINITIONAL_REPRESENTATION('',(#2936),#2940);
#2936 = LINE('',#2937,#2938);
#2937 = CARTESIAN_POINT('',(2.694222958124E-16,-4.4));
#2938 = VECTOR('',#2939,1.);
#2939 = DIRECTION('',(1.,0.));
#2940 = ( GEOMETRIC_REPRESENTATION_CONTEXT(2) 
PARAMETRIC_REPRESENTATION_CONTEXT() REPRESENTATION_CONTEXT('2D SPACE',''
  ) );
#2941 = ORIENTED_EDGE('',*,*,#2942,.T.);
#2942 = EDGE_CURVE('',#2920,#2943,#2945,.T.);
#2943 = VERTEX_POINT('',#2944);
#2944 = CARTESIAN_POINT('',(-2.6,14.549226783579,-1.7763568394E-15));
#2945 = SURFACE_CURVE('',#2946,(#2950,#2957),.PCURVE_S1.);
#2946 = LINE('',#2947,#2948);
#2947 = CARTESIAN_POINT('',(-5.2,16.050337483472,-1.7763568394E-15));
#2948 = VECTOR('',#2949,1.);
#2949 = DIRECTION('',(0.866025403784,-0.5,6.123233995737E-17));
#2950 = PCURVE('',#126,#2951);
#2951 = DEFINITIONAL_REPRESENTATION('',(#2952),#2956);
#2952 = LINE('',#2953,#2954);
#2953 = CARTESIAN_POINT('',(2.6,-11.54700538379));
#2954 = VECTOR('',#2955,1.);
#2955 = DIRECTION('',(0.866025403784,0.5));
#2956 = ( GEOMETRIC_REPRESENTATION_CONTEXT(2) 
PARAMETRIC_REPRESENTATION_CONTEXT() REPRESENTATION_CONTEXT('2D SPACE',''
  ) );
#2957 = PCURVE('',#622,#2958);
#2958 = DEFINITIONAL_REPRESENTATION('',(#2959),#2963);
#2959 = LINE('',#2960,#2961);
#2960 = CARTESIAN_POINT('',(-2.694222958124E-16,-4.4));
#2961 = VECTOR('',#2962,1.);
#2962 = DIRECTION('',(1.,0.));
#2963 = ( GEOMETRIC_REPRESENTATION_CONTEXT(2) 
PARAMETRIC_REPRESENTATION_CONTEXT() REPRESENTATION_CONTEXT('2D SPACE',''
  ) );
#2964 = ORIENTED_EDGE('',*,*,#2965,.T.);
#2965 = EDGE_CURVE('',#2943,#2966,#2968,.T.);
#2966 = VERTEX_POINT('',#2967);
#2967 = CARTESIAN_POINT('',(-1.293901791244E-15,16.050337483472,
    -1.7763568394E-15));
#2968 = SURFACE_CURVE('',#2969,(#2973,#2980),.PCURVE_S1.);
#2969 = LINE('',#2970,#2971);
#2970 = CARTESIAN_POINT('',(-6.1,12.528500841415,-1.7763568394E-15));
#2971 = VECTOR('',#2972,1.);
#2972 = DIRECTION('',(0.866025403784,0.5,-6.123233995737E-17));
#2973 = PCURVE('',#126,#2974);
#2974 = DEFINITIONAL_REPRESENTATION('',(#2975),#2979);
#2975 = LINE('',#2976,#2977);
#2976 = CARTESIAN_POINT('',(1.7,-8.025168741736));
#2977 = VECTOR('',#2978,1.);
#2978 = DIRECTION('',(0.866025403784,-0.5));
#2979 = ( GEOMETRIC_REPRESENTATION_CONTEXT(2) 
PARAMETRIC_REPRESENTATION_CONTEXT() REPRESENTATION_CONTEXT('2D SPACE',''
  ) );
#2980 = PCURVE('',#650,#2981);
#2981 = DEFINITIONAL_REPRESENTATION('',(#2982),#2986);
#2982 = LINE('',#2983,#2984);
#2983 = CARTESIAN_POINT('',(2.694222958124E-16,-4.4));
#2984 = VECTOR('',#2985,1.);
#2985 = DIRECTION('',(1.,0.));
#2986 = ( GEOMETRIC_REPRESENTATION_CONTEXT(2) 
PARAMETRIC_REPRESENTATION_CONTEXT() REPRESENTATION_CONTEXT('2D SPACE',''
  ) );
#2987 = ORIENTED_EDGE('',*,*,#2988,.T.);
#2988 = EDGE_CURVE('',#2966,#2989,#2991,.T.);
#2989 = VERTEX_POINT('',#2990);
#2990 = CARTESIAN_POINT('',(2.6,14.549226783579,-1.7763568394E-15));
#2991 = SURFACE_CURVE('',#2992,(#2996,#3003),.PCURVE_S1.);
#2992 = LINE('',#2993,#2994);
#2993 = CARTESIAN_POINT('',(-1.293901791244E-15,16.050337483472,
    -1.7763568394E-15));
#2994 = VECTOR('',#2995,1.);
#2995 = DIRECTION('',(0.866025403784,-0.5,6.123233995737E-17));
#2996 = PCURVE('',#126,#2997);
#2997 = DEFINITIONAL_REPRESENTATION('',(#2998),#3002);
#2998 = LINE('',#2999,#3000);
#2999 = CARTESIAN_POINT('',(7.8,-11.54700538379));
#3000 = VECTOR('',#3001,1.);
#3001 = DIRECTION('',(0.866025403784,0.5));
#3002 = ( GEOMETRIC_REPRESENTATION_CONTEXT(2) 
PARAMETRIC_REPRESENTATION_CONTEXT() REPRESENTATION_CONTEXT('2D SPACE',''
  ) );
#3003 = PCURVE('',#678,#3004);
#3004 = DEFINITIONAL_REPRESENTATION('',(#3005),#3009);
#3005 = LINE('',#3006,#3007);
#3006 = CARTESIAN_POINT('',(-4.714890176717E-16,-4.4));
#3007 = VECTOR('',#3008,1.);
#3008 = DIRECTION('',(1.,0.));
#3009 = ( GEOMETRIC_REPRESENTATION_CONTEXT(2) 
PARAMETRIC_REPRESENTATION_CONTEXT() REPRESENTATION_CONTEXT('2D SPACE',''
  ) );
#3010 = ORIENTED_EDGE('',*,*,#3011,.T.);
#3011 = EDGE_CURVE('',#2989,#3012,#3014,.T.);
#3012 = VERTEX_POINT('',#3013);
#3013 = CARTESIAN_POINT('',(5.2,16.050337483472,-1.7763568394E-15));
#3014 = SURFACE_CURVE('',#3015,(#3019,#3026),.PCURVE_S1.);
#3015 = LINE('',#3016,#3017);
#3016 = CARTESIAN_POINT('',(-0.9,12.528500841415,-1.7763568394E-15));
#3017 = VECTOR('',#3018,1.);
#3018 = DIRECTION('',(0.866025403784,0.5,-6.123233995737E-17));
#3019 = PCURVE('',#126,#3020);
#3020 = DEFINITIONAL_REPRESENTATION('',(#3021),#3025);
#3021 = LINE('',#3022,#3023);
#3022 = CARTESIAN_POINT('',(6.9,-8.025168741736));
#3023 = VECTOR('',#3024,1.);
#3024 = DIRECTION('',(0.866025403784,-0.5));
#3025 = ( GEOMETRIC_REPRESENTATION_CONTEXT(2) 
PARAMETRIC_REPRESENTATION_CONTEXT() REPRESENTATION_CONTEXT('2D SPACE',''
  ) );
#3026 = PCURVE('',#706,#3027);
#3027 = DEFINITIONAL_REPRESENTATION('',(#3028),#3032);
#3028 = LINE('',#3029,#3030);
#3029 = CARTESIAN_POINT('',(4.617185644508E-16,-4.4));
#3030 = VECTOR('',#3031,1.);
#3031 = DIRECTION('',(1.,0.));
#3032 = ( GEOMETRIC_REPRESENTATION_CONTEXT(2) 
PARAMETRIC_REPRESENTATION_CONTEXT() REPRESENTATION_CONTEXT('2D SPACE',''
  ) );
#3033 = ORIENTED_EDGE('',*,*,#3034,.T.);
#3034 = EDGE_CURVE('',#3012,#3035,#3037,.T.);
#3035 = VERTEX_POINT('',#3036);
#3036 = CARTESIAN_POINT('',(11.3,12.528500841415,-1.7763568394E-15));
#3037 = SURFACE_CURVE('',#3038,(#3042,#3049),.PCURVE_S1.);
#3038 = LINE('',#3039,#3040);
#3039 = CARTESIAN_POINT('',(5.2,16.050337483472,-1.7763568394E-15));
#3040 = VECTOR('',#3041,1.);
#3041 = DIRECTION('',(0.866025403784,-0.5,6.123233995737E-17));
#3042 = PCURVE('',#126,#3043);
#3043 = DEFINITIONAL_REPRESENTATION('',(#3044),#3048);
#3044 = LINE('',#3045,#3046);
#3045 = CARTESIAN_POINT('',(13.,-11.54700538379));
#3046 = VECTOR('',#3047,1.);
#3047 = DIRECTION('',(0.866025403784,0.5));
#3048 = ( GEOMETRIC_REPRESENTATION_CONTEXT(2) 
PARAMETRIC_REPRESENTATION_CONTEXT() REPRESENTATION_CONTEXT('2D SPACE',''
  ) );
#3049 = PCURVE('',#734,#3050);
#3050 = DEFINITIONAL_REPRESENTATION('',(#3051),#3055);
#3051 = LINE('',#3052,#3053);
#3052 = CARTESIAN_POINT('',(-2.694222958124E-16,-4.4));
#3053 = VECTOR('',#3054,1.);
#3054 = DIRECTION('',(1.,0.));
#3055 = ( GEOMETRIC_REPRESENTATION_CONTEXT(2) 
PARAMETRIC_REPRESENTATION_CONTEXT() REPRESENTATION_CONTEXT('2D SPACE',''
  ) );
#3056 = ORIENTED_EDGE('',*,*,#3057,.T.);
#3057 = EDGE_CURVE('',#3035,#3058,#3060,.T.);
#3058 = VERTEX_POINT('',#3059);
#3059 = CARTESIAN_POINT('',(11.3,9.526279441629,-8.881784197001E-16));
#3060 = SURFACE_CURVE('',#3061,(#3065,#3072),.PCURVE_S1.);
#3061 = LINE('',#3062,#3063);
#3062 = CARTESIAN_POINT('',(11.3,12.528500841415,-1.7763568394E-15));
#3063 = VECTOR('',#3064,1.);
#3064 = DIRECTION('',(5.043836554449E-16,-1.,1.224646799147E-16));
#3065 = PCURVE('',#126,#3066);
#3066 = DEFINITIONAL_REPRESENTATION('',(#3067),#3071);
#3067 = LINE('',#3068,#3069);
#3068 = CARTESIAN_POINT('',(19.1,-8.025168741736));
#3069 = VECTOR('',#3070,1.);
#3070 = DIRECTION('',(5.043836554449E-16,1.));
#3071 = ( GEOMETRIC_REPRESENTATION_CONTEXT(2) 
PARAMETRIC_REPRESENTATION_CONTEXT() REPRESENTATION_CONTEXT('2D SPACE',''
  ) );
#3072 = PCURVE('',#762,#3073);
#3073 = DEFINITIONAL_REPRESENTATION('',(#3074),#3078);
#3074 = LINE('',#3075,#3076);
#3075 = CARTESIAN_POINT('',(-5.388445916248E-16,-4.4));
#3076 = VECTOR('',#3077,1.);
#3077 = DIRECTION('',(1.,0.));
#3078 = ( GEOMETRIC_REPRESENTATION_CONTEXT(2) 
PARAMETRIC_REPRESENTATION_CONTEXT() REPRESENTATION_CONTEXT('2D SPACE',''
  ) );
#3079 = ORIENTED_EDGE('',*,*,#3080,.T.);
#3080 = EDGE_CURVE('',#3058,#3081,#3083,.T.);
#3081 = VERTEX_POINT('',#3082);
#3082 = CARTESIAN_POINT('',(13.9,8.025168741736,-8.881784197001E-16));
#3083 = SURFACE_CURVE('',#3084,(#3088,#3095),.PCURVE_S1.);
#3084 = LINE('',#3085,#3086);
#3085 = CARTESIAN_POINT('',(7.8,11.547005383793,-1.7763568394E-15));
#3086 = VECTOR('',#3087,1.);
#3087 = DIRECTION('',(0.866025403784,-0.5,6.123233995737E-17));
#3088 = PCURVE('',#126,#3089);
#3089 = DEFINITIONAL_REPRESENTATION('',(#3090),#3094);
#3090 = LINE('',#3091,#3092);
#3091 = CARTESIAN_POINT('',(15.6,-7.043673284113));
#3092 = VECTOR('',#3093,1.);
#3093 = DIRECTION('',(0.866025403784,0.5));
#3094 = ( GEOMETRIC_REPRESENTATION_CONTEXT(2) 
PARAMETRIC_REPRESENTATION_CONTEXT() REPRESENTATION_CONTEXT('2D SPACE',''
  ) );
#3095 = PCURVE('',#790,#3096);
#3096 = DEFINITIONAL_REPRESENTATION('',(#3097),#3101);
#3097 = LINE('',#3098,#3099);
#3098 = CARTESIAN_POINT('',(-2.694222958124E-16,-4.4));
#3099 = VECTOR('',#3100,1.);
#3100 = DIRECTION('',(1.,1.232595164408E-32));
#3101 = ( GEOMETRIC_REPRESENTATION_CONTEXT(2) 
PARAMETRIC_REPRESENTATION_CONTEXT() REPRESENTATION_CONTEXT('2D SPACE',''
  ) );
#3102 = ORIENTED_EDGE('',*,*,#3103,.T.);
#3103 = EDGE_CURVE('',#3081,#3104,#3106,.T.);
#3104 = VERTEX_POINT('',#3105);
#3105 = CARTESIAN_POINT('',(13.9,5.02294734195,-8.881784197001E-16));
#3106 = SURFACE_CURVE('',#3107,(#3111,#3118),.PCURVE_S1.);
#3107 = LINE('',#3108,#3109);
#3108 = CARTESIAN_POINT('',(13.9,8.025168741736,-8.881784197001E-16));
#3109 = VECTOR('',#3110,1.);
#3110 = DIRECTION('',(5.043836554449E-16,-1.,1.224646799147E-16));
#3111 = PCURVE('',#126,#3112);
#3112 = DEFINITIONAL_REPRESENTATION('',(#3113),#3117);
#3113 = LINE('',#3114,#3115);
#3114 = CARTESIAN_POINT('',(21.7,-3.521836642057));
#3115 = VECTOR('',#3116,1.);
#3116 = DIRECTION('',(5.043836554449E-16,1.));
#3117 = ( GEOMETRIC_REPRESENTATION_CONTEXT(2) 
PARAMETRIC_REPRESENTATION_CONTEXT() REPRESENTATION_CONTEXT('2D SPACE',''
  ) );
#3118 = PCURVE('',#818,#3119);
#3119 = DEFINITIONAL_REPRESENTATION('',(#3120),#3124);
#3120 = LINE('',#3121,#3122);
#3121 = CARTESIAN_POINT('',(-5.388445916248E-16,-4.4));
#3122 = VECTOR('',#3123,1.);
#3123 = DIRECTION('',(1.,0.));
#3124 = ( GEOMETRIC_REPRESENTATION_CONTEXT(2) 
PARAMETRIC_REPRESENTATION_CONTEXT() REPRESENTATION_CONTEXT('2D SPACE',''
  ) );
#3125 = ORIENTED_EDGE('',*,*,#3126,.T.);
#3126 = EDGE_CURVE('',#3104,#3127,#3129,.T.);
#3127 = VERTEX_POINT('',#3128);
#3128 = CARTESIAN_POINT('',(16.5,3.521836642057,0.));
#3129 = SURFACE_CURVE('',#3130,(#3134,#3141),.PCURVE_S1.);
#3130 = LINE('',#3131,#3132);
#3131 = CARTESIAN_POINT('',(10.4,7.043673284113,-8.881784197001E-16));
#3132 = VECTOR('',#3133,1.);
#3133 = DIRECTION('',(0.866025403784,-0.5,6.123233995737E-17));
#3134 = PCURVE('',#126,#3135);
#3135 = DEFINITIONAL_REPRESENTATION('',(#3136),#3140);
#3136 = LINE('',#3137,#3138);
#3137 = CARTESIAN_POINT('',(18.2,-2.540341184434));
#3138 = VECTOR('',#3139,1.);
#3139 = DIRECTION('',(0.866025403784,0.5));
#3140 = ( GEOMETRIC_REPRESENTATION_CONTEXT(2) 
PARAMETRIC_REPRESENTATION_CONTEXT() REPRESENTATION_CONTEXT('2D SPACE',''
  ) );
#3141 = PCURVE('',#846,#3142);
#3142 = DEFINITIONAL_REPRESENTATION('',(#3143),#3147);
#3143 = LINE('',#3144,#3145);
#3144 = CARTESIAN_POINT('',(1.746669140376E-16,-4.4));
#3145 = VECTOR('',#3146,1.);
#3146 = DIRECTION('',(1.,1.232595164408E-32));
#3147 = ( GEOMETRIC_REPRESENTATION_CONTEXT(2) 
PARAMETRIC_REPRESENTATION_CONTEXT() REPRESENTATION_CONTEXT('2D SPACE',''
  ) );
#3148 = ORIENTED_EDGE('',*,*,#3149,.T.);
#3149 = EDGE_CURVE('',#3127,#3150,#3152,.T.);
#3150 = VERTEX_POINT('',#3151);
#3151 = CARTESIAN_POINT('',(16.5,0.615384615385,0.));
#3152 = SURFACE_CURVE('',#3153,(#3157,#3164),.PCURVE_S1.);
#3153 = LINE('',#3154,#3155);
#3154 = CARTESIAN_POINT('',(16.5,3.521836642057,0.));
#3155 = VECTOR('',#3156,1.);
#3156 = DIRECTION('',(0.,-1.,1.224646799147E-16));
#3157 = PCURVE('',#126,#3158);
#3158 = DEFINITIONAL_REPRESENTATION('',(#3159),#3163);
#3159 = LINE('',#3160,#3161);
#3160 = CARTESIAN_POINT('',(24.3,0.981495457622));
#3161 = VECTOR('',#3162,1.);
#3162 = DIRECTION('',(0.,1.));
#3163 = ( GEOMETRIC_REPRESENTATION_CONTEXT(2) 
PARAMETRIC_REPRESENTATION_CONTEXT() REPRESENTATION_CONTEXT('2D SPACE',''
  ) );
#3164 = PCURVE('',#874,#3165);
#3165 = DEFINITIONAL_REPRESENTATION('',(#3166),#3170);
#3166 = LINE('',#3167,#3168);
#3167 = CARTESIAN_POINT('',(-9.475538177477E-17,-4.4));
#3168 = VECTOR('',#3169,1.);
#3169 = DIRECTION('',(1.,0.));
#3170 = ( GEOMETRIC_REPRESENTATION_CONTEXT(2) 
PARAMETRIC_REPRESENTATION_CONTEXT() REPRESENTATION_CONTEXT('2D SPACE',''
  ) );
#3171 = ORIENTED_EDGE('',*,*,#3172,.F.);
#3172 = EDGE_CURVE('',#3173,#3150,#3175,.T.);
#3173 = VERTEX_POINT('',#3174);
#3174 = CARTESIAN_POINT('',(17.5,-7.960204194458E-16,0.));
#3175 = SURFACE_CURVE('',#3176,(#3180,#3187),.PCURVE_S1.);
#3176 = LINE('',#3177,#3178);
#3177 = CARTESIAN_POINT('',(17.5,-7.960204194458E-16,0.));
#3178 = VECTOR('',#3179,1.);
#3179 = DIRECTION('',(-0.851658316705,0.524097425664,-6.418342347812E-17
    ));
#3180 = PCURVE('',#126,#3181);
#3181 = DEFINITIONAL_REPRESENTATION('',(#3182),#3186);
#3182 = LINE('',#3183,#3184);
#3183 = CARTESIAN_POINT('',(25.3,4.503332099679));
#3184 = VECTOR('',#3185,1.);
#3185 = DIRECTION('',(-0.851658316705,-0.524097425664));
#3186 = ( GEOMETRIC_REPRESENTATION_CONTEXT(2) 
PARAMETRIC_REPRESENTATION_CONTEXT() REPRESENTATION_CONTEXT('2D SPACE',''
  ) );
#3187 = PCURVE('',#3188,#3193);
#3188 = PLANE('',#3189);
#3189 = AXIS2_PLACEMENT_3D('',#3190,#3191,#3192);
#3190 = CARTESIAN_POINT('',(17.5,-3.061616997868E-16,4.));
#3191 = DIRECTION('',(0.524097425664,0.851658316705,-1.042980631519E-16)
  );
#3192 = DIRECTION('',(-0.851658316705,0.524097425664,-6.418342347812E-17
    ));
#3193 = DEFINITIONAL_REPRESENTATION('',(#3194),#3198);
#3194 = LINE('',#3195,#3196);
#3195 = CARTESIAN_POINT('',(4.930380657631E-32,-4.));
#3196 = VECTOR('',#3197,1.);
#3197 = DIRECTION('',(1.,0.));
#3198 = ( GEOMETRIC_REPRESENTATION_CONTEXT(2) 
PARAMETRIC_REPRESENTATION_CONTEXT() REPRESENTATION_CONTEXT('2D SPACE',''
  ) );
#3199 = ORIENTED_EDGE('',*,*,#3200,.F.);
#3200 = EDGE_CURVE('',#3201,#3173,#3203,.T.);
#3201 = VERTEX_POINT('',#3202);
#3202 = CARTESIAN_POINT('',(16.5,-0.615384615385,0.));
#3203 = SURFACE_CURVE('',#3204,(#3208,#3215),.PCURVE_S1.);
#3204 = LINE('',#3205,#3206);
#3205 = CARTESIAN_POINT('',(16.2,-0.8,0.));
#3206 = VECTOR('',#3207,1.);
#3207 = DIRECTION('',(0.851658316705,0.524097425664,-6.418342347812E-17)
  );
#3208 = PCURVE('',#126,#3209);
#3209 = DEFINITIONAL_REPRESENTATION('',(#3210),#3214);
#3210 = LINE('',#3211,#3212);
#3211 = CARTESIAN_POINT('',(24.,5.303332099679));
#3212 = VECTOR('',#3213,1.);
#3213 = DIRECTION('',(0.851658316705,-0.524097425664));
#3214 = ( GEOMETRIC_REPRESENTATION_CONTEXT(2) 
PARAMETRIC_REPRESENTATION_CONTEXT() REPRESENTATION_CONTEXT('2D SPACE',''
  ) );
#3215 = PCURVE('',#3216,#3221);
#3216 = PLANE('',#3217);
#3217 = AXIS2_PLACEMENT_3D('',#3218,#3219,#3220);
#3218 = CARTESIAN_POINT('',(16.2,-0.8,4.));
#3219 = DIRECTION('',(0.524097425664,-0.851658316705,1.042980631519E-16)
  );
#3220 = DIRECTION('',(0.851658316705,0.524097425664,-6.418342347812E-17)
  );
#3221 = DEFINITIONAL_REPRESENTATION('',(#3222),#3226);
#3222 = LINE('',#3223,#3224);
#3223 = CARTESIAN_POINT('',(2.398768226475E-17,-4.));
#3224 = VECTOR('',#3225,1.);
#3225 = DIRECTION('',(1.,0.));
#3226 = ( GEOMETRIC_REPRESENTATION_CONTEXT(2) 
PARAMETRIC_REPRESENTATION_CONTEXT() REPRESENTATION_CONTEXT('2D SPACE',''
  ) );
#3227 = ORIENTED_EDGE('',*,*,#3228,.T.);
#3228 = EDGE_CURVE('',#3201,#3229,#3231,.T.);
#3229 = VERTEX_POINT('',#3230);
#3230 = CARTESIAN_POINT('',(16.5,-3.521836642057,0.));
#3231 = SURFACE_CURVE('',#3232,(#3236,#3243),.PCURVE_S1.);
#3232 = LINE('',#3233,#3234);
#3233 = CARTESIAN_POINT('',(16.5,3.521836642057,0.));
#3234 = VECTOR('',#3235,1.);
#3235 = DIRECTION('',(0.,-1.,1.224646799147E-16));
#3236 = PCURVE('',#126,#3237);
#3237 = DEFINITIONAL_REPRESENTATION('',(#3238),#3242);
#3238 = LINE('',#3239,#3240);
#3239 = CARTESIAN_POINT('',(24.3,0.981495457622));
#3240 = VECTOR('',#3241,1.);
#3241 = DIRECTION('',(0.,1.));
#3242 = ( GEOMETRIC_REPRESENTATION_CONTEXT(2) 
PARAMETRIC_REPRESENTATION_CONTEXT() REPRESENTATION_CONTEXT('2D SPACE',''
  ) );
#3243 = PCURVE('',#874,#3244);
#3244 = DEFINITIONAL_REPRESENTATION('',(#3245),#3249);
#3245 = LINE('',#3246,#3247);
#3246 = CARTESIAN_POINT('',(-9.475538177477E-17,-4.4));
#3247 = VECTOR('',#3248,1.);
#3248 = DIRECTION('',(1.,0.));
#3249 = ( GEOMETRIC_REPRESENTATION_CONTEXT(2) 
PARAMETRIC_REPRESENTATION_CONTEXT() REPRESENTATION_CONTEXT('2D SPACE',''
  ) );
#3250 = ORIENTED_EDGE('',*,*,#3251,.T.);
#3251 = EDGE_CURVE('',#3229,#3252,#3254,.T.);
#3252 = VERTEX_POINT('',#3253);
#3253 = CARTESIAN_POINT('',(13.9,-5.02294734195,8.881784197001E-16));
#3254 = SURFACE_CURVE('',#3255,(#3259,#3266),.PCURVE_S1.);
#3255 = LINE('',#3256,#3257);
#3256 = CARTESIAN_POINT('',(16.5,-3.521836642057,0.));
#3257 = VECTOR('',#3258,1.);
#3258 = DIRECTION('',(-0.866025403784,-0.5,6.123233995737E-17));
#3259 = PCURVE('',#126,#3260);
#3260 = DEFINITIONAL_REPRESENTATION('',(#3261),#3265);
#3261 = LINE('',#3262,#3263);
#3262 = CARTESIAN_POINT('',(24.3,8.025168741736));
#3263 = VECTOR('',#3264,1.);
#3264 = DIRECTION('',(-0.866025403784,0.5));
#3265 = ( GEOMETRIC_REPRESENTATION_CONTEXT(2) 
PARAMETRIC_REPRESENTATION_CONTEXT() REPRESENTATION_CONTEXT('2D SPACE',''
  ) );
#3266 = PCURVE('',#902,#3267);
#3267 = DEFINITIONAL_REPRESENTATION('',(#3268),#3272);
#3268 = LINE('',#3269,#3270);
#3269 = CARTESIAN_POINT('',(-4.737769088739E-17,-4.4));
#3270 = VECTOR('',#3271,1.);
#3271 = DIRECTION('',(1.,0.));
#3272 = ( GEOMETRIC_REPRESENTATION_CONTEXT(2) 
PARAMETRIC_REPRESENTATION_CONTEXT() REPRESENTATION_CONTEXT('2D SPACE',''
  ) );
#3273 = ORIENTED_EDGE('',*,*,#3274,.T.);
#3274 = EDGE_CURVE('',#3252,#3275,#3277,.T.);
#3275 = VERTEX_POINT('',#3276);
#3276 = CARTESIAN_POINT('',(13.9,-8.025168741736,8.881784197001E-16));
#3277 = SURFACE_CURVE('',#3278,(#3282,#3289),.PCURVE_S1.);
#3278 = LINE('',#3279,#3280);
#3279 = CARTESIAN_POINT('',(13.9,-0.981495457622,0.));
#3280 = VECTOR('',#3281,1.);
#3281 = DIRECTION('',(5.043836554449E-16,-1.,1.224646799147E-16));
#3282 = PCURVE('',#126,#3283);
#3283 = DEFINITIONAL_REPRESENTATION('',(#3284),#3288);
#3284 = LINE('',#3285,#3286);
#3285 = CARTESIAN_POINT('',(21.7,5.484827557301));
#3286 = VECTOR('',#3287,1.);
#3287 = DIRECTION('',(5.043836554449E-16,1.));
#3288 = ( GEOMETRIC_REPRESENTATION_CONTEXT(2) 
PARAMETRIC_REPRESENTATION_CONTEXT() REPRESENTATION_CONTEXT('2D SPACE',''
  ) );
#3289 = PCURVE('',#930,#3290);
#3290 = DEFINITIONAL_REPRESENTATION('',(#3291),#3295);
#3291 = LINE('',#3292,#3293);
#3292 = CARTESIAN_POINT('',(1.626692068774E-17,-4.4));
#3293 = VECTOR('',#3294,1.);
#3294 = DIRECTION('',(1.,0.));
#3295 = ( GEOMETRIC_REPRESENTATION_CONTEXT(2) 
PARAMETRIC_REPRESENTATION_CONTEXT() REPRESENTATION_CONTEXT('2D SPACE',''
  ) );
#3296 = ORIENTED_EDGE('',*,*,#3297,.T.);
#3297 = EDGE_CURVE('',#3275,#2570,#3298,.T.);
#3298 = SURFACE_CURVE('',#3299,(#3303,#3310),.PCURVE_S1.);
#3299 = LINE('',#3300,#3301);
#3300 = CARTESIAN_POINT('',(13.9,-8.025168741736,8.881784197001E-16));
#3301 = VECTOR('',#3302,1.);
#3302 = DIRECTION('',(-0.866025403784,-0.5,6.123233995737E-17));
#3303 = PCURVE('',#126,#3304);
#3304 = DEFINITIONAL_REPRESENTATION('',(#3305),#3309);
#3305 = LINE('',#3306,#3307);
#3306 = CARTESIAN_POINT('',(21.7,12.528500841415));
#3307 = VECTOR('',#3308,1.);
#3308 = DIRECTION('',(-0.866025403784,0.5));
#3309 = ( GEOMETRIC_REPRESENTATION_CONTEXT(2) 
PARAMETRIC_REPRESENTATION_CONTEXT() REPRESENTATION_CONTEXT('2D SPACE',''
  ) );
#3310 = PCURVE('',#958,#3311);
#3311 = DEFINITIONAL_REPRESENTATION('',(#3312),#3316);
#3312 = LINE('',#3313,#3314);
#3313 = CARTESIAN_POINT('',(-2.449293598295E-16,-4.));
#3314 = VECTOR('',#3315,1.);
#3315 = DIRECTION('',(1.,0.));
#3316 = ( GEOMETRIC_REPRESENTATION_CONTEXT(2) 
PARAMETRIC_REPRESENTATION_CONTEXT() REPRESENTATION_CONTEXT('2D SPACE',''
  ) );
#3317 = FACE_BOUND('',#3318,.T.);
#3318 = EDGE_LOOP('',(#3319));
#3319 = ORIENTED_EDGE('',*,*,#3320,.T.);
#3320 = EDGE_CURVE('',#3321,#3321,#3323,.T.);
#3321 = VERTEX_POINT('',#3322);
#3322 = CARTESIAN_POINT('',(-11.44904821689,8.174730299493,
    -8.881784197001E-16));
#3323 = SURFACE_CURVE('',#3324,(#3329,#3340),.PCURVE_S1.);
#3324 = CIRCLE('',#3325,1.25);
#3325 = AXIS2_PLACEMENT_3D('',#3326,#3327,#3328);
#3326 = CARTESIAN_POINT('',(-10.19904821689,8.174730299493,
    -8.881784197001E-16));
#3327 = DIRECTION('',(0.,1.224646799147E-16,1.));
#3328 = DIRECTION('',(-1.,0.,0.));
#3329 = PCURVE('',#126,#3330);
#3330 = DEFINITIONAL_REPRESENTATION('',(#3331),#3339);
#3331 = ( BOUNDED_CURVE() B_SPLINE_CURVE(2,(#3332,#3333,#3334,#3335,
#3336,#3337,#3338),.UNSPECIFIED.,.T.,.F.) B_SPLINE_CURVE_WITH_KNOTS((1,2
    ,2,2,2,1),(-2.094395102393,0.,2.094395102393,4.188790204786,
6.28318530718,8.377580409573),.UNSPECIFIED.) CURVE() 
GEOMETRIC_REPRESENTATION_ITEM() RATIONAL_B_SPLINE_CURVE((1.,0.5,1.,0.5,
1.,0.5,1.)) REPRESENTATION_ITEM('') );
#3332 = CARTESIAN_POINT('',(-3.649048216895,-3.671398199814));
#3333 = CARTESIAN_POINT('',(-3.649048216895,-1.506334690353));
#3334 = CARTESIAN_POINT('',(-1.774048216895,-2.588866445084));
#3335 = CARTESIAN_POINT('',(0.100951783105,-3.671398199814));
#3336 = CARTESIAN_POINT('',(-1.774048216895,-4.753929954545));
#3337 = CARTESIAN_POINT('',(-3.649048216895,-5.836461709275));
#3338 = CARTESIAN_POINT('',(-3.649048216895,-3.671398199814));
#3339 = ( GEOMETRIC_REPRESENTATION_CONTEXT(2) 
PARAMETRIC_REPRESENTATION_CONTEXT() REPRESENTATION_CONTEXT('2D SPACE',''
  ) );
#3340 = PCURVE('',#3341,#3346);
#3341 = CONICAL_SURFACE('',#3342,1.25,8.502181265222E-02);
#3342 = AXIS2_PLACEMENT_3D('',#3343,#3344,#3345);
#3343 = CARTESIAN_POINT('',(-10.19904821689,8.174730299493,
    -8.881784197001E-16));
#3344 = DIRECTION('',(-0.,-1.224646799147E-16,-1.));
#3345 = DIRECTION('',(-1.,0.,0.));
#3346 = DEFINITIONAL_REPRESENTATION('',(#3347),#3351);
#3347 = LINE('',#3348,#3349);
#3348 = CARTESIAN_POINT('',(-0.,-0.));
#3349 = VECTOR('',#3350,1.);
#3350 = DIRECTION('',(-1.,-0.));
#3351 = ( GEOMETRIC_REPRESENTATION_CONTEXT(2) 
PARAMETRIC_REPRESENTATION_CONTEXT() REPRESENTATION_CONTEXT('2D SPACE',''
  ) );
#3352 = FACE_BOUND('',#3353,.T.);
#3353 = EDGE_LOOP('',(#3354));
#3354 = ORIENTED_EDGE('',*,*,#3355,.T.);
#3355 = EDGE_CURVE('',#3356,#3356,#3358,.T.);
#3356 = VERTEX_POINT('',#3357);
#3357 = CARTESIAN_POINT('',(-3.78,12.57,-1.7763568394E-15));
#3358 = SURFACE_CURVE('',#3359,(#3364,#3375),.PCURVE_S1.);
#3359 = CIRCLE('',#3360,1.25);
#3360 = AXIS2_PLACEMENT_3D('',#3361,#3362,#3363);
#3361 = CARTESIAN_POINT('',(-2.53,12.57,-1.7763568394E-15));
#3362 = DIRECTION('',(0.,1.224646799147E-16,1.));
#3363 = DIRECTION('',(-1.,0.,0.));
#3364 = PCURVE('',#126,#3365);
#3365 = DEFINITIONAL_REPRESENTATION('',(#3366),#3374);
#3366 = ( BOUNDED_CURVE() B_SPLINE_CURVE(2,(#3367,#3368,#3369,#3370,
#3371,#3372,#3373),.UNSPECIFIED.,.T.,.F.) B_SPLINE_CURVE_WITH_KNOTS((1,2
    ,2,2,2,1),(-2.094395102393,0.,2.094395102393,4.188790204786,
6.28318530718,8.377580409573),.UNSPECIFIED.) CURVE() 
GEOMETRIC_REPRESENTATION_ITEM() RATIONAL_B_SPLINE_CURVE((1.,0.5,1.,0.5,
1.,0.5,1.)) REPRESENTATION_ITEM('') );
#3367 = CARTESIAN_POINT('',(4.02,-8.066667900321));
#3368 = CARTESIAN_POINT('',(4.02,-5.90160439086));
#3369 = CARTESIAN_POINT('',(5.895,-6.98413614559));
#3370 = CARTESIAN_POINT('',(7.77,-8.066667900321));
#3371 = CARTESIAN_POINT('',(5.895,-9.149199655051));
#3372 = CARTESIAN_POINT('',(4.02,-10.23173140978));
#3373 = CARTESIAN_POINT('',(4.02,-8.066667900321));
#3374 = ( GEOMETRIC_REPRESENTATION_CONTEXT(2) 
PARAMETRIC_REPRESENTATION_CONTEXT() REPRESENTATION_CONTEXT('2D SPACE',''
  ) );
#3375 = PCURVE('',#3376,#3381);
#3376 = CONICAL_SURFACE('',#3377,1.25,8.502181265222E-02);
#3377 = AXIS2_PLACEMENT_3D('',#3378,#3379,#3380);
#3378 = CARTESIAN_POINT('',(-2.53,12.57,-1.7763568394E-15));
#3379 = DIRECTION('',(-0.,-1.224646799147E-16,-1.));
#3380 = DIRECTION('',(-1.,0.,0.));
#3381 = DEFINITIONAL_REPRESENTATION('',(#3382),#3386);
#3382 = LINE('',#3383,#3384);
#3383 = CARTESIAN_POINT('',(-0.,-0.));
#3384 = VECTOR('',#3385,1.);
#3385 = DIRECTION('',(-1.,-0.));
#3386 = ( GEOMETRIC_REPRESENTATION_CONTEXT(2) 
PARAMETRIC_REPRESENTATION_CONTEXT() REPRESENTATION_CONTEXT('2D SPACE',''
  ) );
#3387 = FACE_BOUND('',#3388,.T.);
#3388 = EDGE_LOOP('',(#3389));
#3389 = ORIENTED_EDGE('',*,*,#3390,.T.);
#3390 = EDGE_CURVE('',#3391,#3391,#3393,.T.);
#3391 = VERTEX_POINT('',#3392);
#3392 = CARTESIAN_POINT('',(-13.40093932557,4.093955728425,
    -8.881784197001E-16));
#3393 = SURFACE_CURVE('',#3394,(#3399,#3410),.PCURVE_S1.);
#3394 = CIRCLE('',#3395,1.25);
#3395 = AXIS2_PLACEMENT_3D('',#3396,#3397,#3398);
#3396 = CARTESIAN_POINT('',(-12.15093932557,4.093955728425,
    -8.881784197001E-16));
#3397 = DIRECTION('',(0.,1.224646799147E-16,1.));
#3398 = DIRECTION('',(-1.,0.,0.));
#3399 = PCURVE('',#126,#3400);
#3400 = DEFINITIONAL_REPRESENTATION('',(#3401),#3409);
#3401 = ( BOUNDED_CURVE() B_SPLINE_CURVE(2,(#3402,#3403,#3404,#3405,
#3406,#3407,#3408),.UNSPECIFIED.,.T.,.F.) B_SPLINE_CURVE_WITH_KNOTS((1,2
    ,2,2,2,1),(-2.094395102393,0.,2.094395102393,4.188790204786,
6.28318530718,8.377580409573),.UNSPECIFIED.) CURVE() 
GEOMETRIC_REPRESENTATION_ITEM() RATIONAL_B_SPLINE_CURVE((1.,0.5,1.,0.5,
1.,0.5,1.)) REPRESENTATION_ITEM('') );
#3402 = CARTESIAN_POINT('',(-5.60093932557,0.409376371254));
#3403 = CARTESIAN_POINT('',(-5.60093932557,2.574439880715));
#3404 = CARTESIAN_POINT('',(-3.72593932557,1.491908125984));
#3405 = CARTESIAN_POINT('',(-1.85093932557,0.409376371254));
#3406 = CARTESIAN_POINT('',(-3.72593932557,-0.673155383477));
#3407 = CARTESIAN_POINT('',(-5.60093932557,-1.755687138207));
#3408 = CARTESIAN_POINT('',(-5.60093932557,0.409376371254));
#3409 = ( GEOMETRIC_REPRESENTATION_CONTEXT(2) 
PARAMETRIC_REPRESENTATION_CONTEXT() REPRESENTATION_CONTEXT('2D SPACE',''
  ) );
#3410 = PCURVE('',#3411,#3416);
#3411 = CONICAL_SURFACE('',#3412,1.25,8.502181265222E-02);
#3412 = AXIS2_PLACEMENT_3D('',#3413,#3414,#3415);
#3413 = CARTESIAN_POINT('',(-12.15093932557,4.093955728425,
    -8.881784197001E-16));
#3414 = DIRECTION('',(-0.,-1.224646799147E-16,-1.));
#3415 = DIRECTION('',(-1.,0.,0.));
#3416 = DEFINITIONAL_REPRESENTATION('',(#3417),#3421);
#3417 = LINE('',#3418,#3419);
#3418 = CARTESIAN_POINT('',(-0.,-0.));
#3419 = VECTOR('',#3420,1.);
#3420 = DIRECTION('',(-1.,-0.));
#3421 = ( GEOMETRIC_REPRESENTATION_CONTEXT(2) 
PARAMETRIC_REPRESENTATION_CONTEXT() REPRESENTATION_CONTEXT('2D SPACE',''
  ) );
#3422 = FACE_BOUND('',#3423,.T.);
#3423 = EDGE_LOOP('',(#3424));
#3424 = ORIENTED_EDGE('',*,*,#3425,.T.);
#3425 = EDGE_CURVE('',#3426,#3426,#3428,.T.);
#3426 = VERTEX_POINT('',#3427);
#3427 = CARTESIAN_POINT('',(0.73,12.92,-1.7763568394E-15));
#3428 = SURFACE_CURVE('',#3429,(#3434,#3445),.PCURVE_S1.);
#3429 = CIRCLE('',#3430,1.25);
#3430 = AXIS2_PLACEMENT_3D('',#3431,#3432,#3433);
#3431 = CARTESIAN_POINT('',(1.98,12.92,-1.7763568394E-15));
#3432 = DIRECTION('',(0.,1.224646799147E-16,1.));
#3433 = DIRECTION('',(-1.,0.,0.));
#3434 = PCURVE('',#126,#3435);
#3435 = DEFINITIONAL_REPRESENTATION('',(#3436),#3444);
#3436 = ( BOUNDED_CURVE() B_SPLINE_CURVE(2,(#3437,#3438,#3439,#3440,
#3441,#3442,#3443),.UNSPECIFIED.,.T.,.F.) B_SPLINE_CURVE_WITH_KNOTS((1,2
    ,2,2,2,1),(-2.094395102393,0.,2.094395102393,4.188790204786,
6.28318530718,8.377580409573),.UNSPECIFIED.) CURVE() 
GEOMETRIC_REPRESENTATION_ITEM() RATIONAL_B_SPLINE_CURVE((1.,0.5,1.,0.5,
1.,0.5,1.)) REPRESENTATION_ITEM('') );
#3437 = CARTESIAN_POINT('',(8.53,-8.416667900321));
#3438 = CARTESIAN_POINT('',(8.53,-6.25160439086));
#3439 = CARTESIAN_POINT('',(10.405,-7.33413614559));
#3440 = CARTESIAN_POINT('',(12.28,-8.416667900321));
#3441 = CARTESIAN_POINT('',(10.405,-9.499199655051));
#3442 = CARTESIAN_POINT('',(8.53,-10.58173140978));
#3443 = CARTESIAN_POINT('',(8.53,-8.416667900321));
#3444 = ( GEOMETRIC_REPRESENTATION_CONTEXT(2) 
PARAMETRIC_REPRESENTATION_CONTEXT() REPRESENTATION_CONTEXT('2D SPACE',''
  ) );
#3445 = PCURVE('',#3446,#3451);
#3446 = CONICAL_SURFACE('',#3447,1.25,8.502181265222E-02);
#3447 = AXIS2_PLACEMENT_3D('',#3448,#3449,#3450);
#3448 = CARTESIAN_POINT('',(1.98,12.92,-1.7763568394E-15));
#3449 = DIRECTION('',(-0.,-1.224646799147E-16,-1.));
#3450 = DIRECTION('',(-1.,0.,0.));
#3451 = DEFINITIONAL_REPRESENTATION('',(#3452),#3456);
#3452 = LINE('',#3453,#3454);
#3453 = CARTESIAN_POINT('',(-0.,-0.));
#3454 = VECTOR('',#3455,1.);
#3455 = DIRECTION('',(-1.,-0.));
#3456 = ( GEOMETRIC_REPRESENTATION_CONTEXT(2) 
PARAMETRIC_REPRESENTATION_CONTEXT() REPRESENTATION_CONTEXT('2D SPACE',''
  ) );
#3457 = FACE_BOUND('',#3458,.T.);
#3458 = EDGE_LOOP('',(#3459));
#3459 = ORIENTED_EDGE('',*,*,#3460,.T.);
#3460 = EDGE_CURVE('',#3461,#3461,#3463,.T.);
#3461 = VERTEX_POINT('',#3462);
#3462 = CARTESIAN_POINT('',(8.37093932557,8.476044271575,
    -8.881784197001E-16));
#3463 = SURFACE_CURVE('',#3464,(#3469,#3480),.PCURVE_S1.);
#3464 = CIRCLE('',#3465,1.25);
#3465 = AXIS2_PLACEMENT_3D('',#3466,#3467,#3468);
#3466 = CARTESIAN_POINT('',(9.62093932557,8.476044271575,
    -8.881784197001E-16));
#3467 = DIRECTION('',(0.,1.224646799147E-16,1.));
#3468 = DIRECTION('',(-1.,0.,0.));
#3469 = PCURVE('',#126,#3470);
#3470 = DEFINITIONAL_REPRESENTATION('',(#3471),#3479);
#3471 = ( BOUNDED_CURVE() B_SPLINE_CURVE(2,(#3472,#3473,#3474,#3475,
#3476,#3477,#3478),.UNSPECIFIED.,.T.,.F.) B_SPLINE_CURVE_WITH_KNOTS((1,2
    ,2,2,2,1),(-2.094395102393,0.,2.094395102393,4.188790204786,
6.28318530718,8.377580409573),.UNSPECIFIED.) CURVE() 
GEOMETRIC_REPRESENTATION_ITEM() RATIONAL_B_SPLINE_CURVE((1.,0.5,1.,0.5,
1.,0.5,1.)) REPRESENTATION_ITEM('') );
#3472 = CARTESIAN_POINT('',(16.17093932557,-3.972712171896));
#3473 = CARTESIAN_POINT('',(16.17093932557,-1.807648662434));
#3474 = CARTESIAN_POINT('',(18.04593932557,-2.890180417165));
#3475 = CARTESIAN_POINT('',(19.92093932557,-3.972712171896));
#3476 = CARTESIAN_POINT('',(18.04593932557,-5.055243926626));
#3477 = CARTESIAN_POINT('',(16.17093932557,-6.137775681357));
#3478 = CARTESIAN_POINT('',(16.17093932557,-3.972712171896));
#3479 = ( GEOMETRIC_REPRESENTATION_CONTEXT(2) 
PARAMETRIC_REPRESENTATION_CONTEXT() REPRESENTATION_CONTEXT('2D SPACE',''
  ) );
#3480 = PCURVE('',#3481,#3486);
#3481 = CONICAL_SURFACE('',#3482,1.25,8.502181265222E-02);
#3482 = AXIS2_PLACEMENT_3D('',#3483,#3484,#3485);
#3483 = CARTESIAN_POINT('',(9.62093932557,8.476044271575,
    -8.881784197001E-16));
#3484 = DIRECTION('',(-0.,-1.224646799147E-16,-1.));
#3485 = DIRECTION('',(-1.,0.,0.));
#3486 = DEFINITIONAL_REPRESENTATION('',(#3487),#3491);
#3487 = LINE('',#3488,#3489);
#3488 = CARTESIAN_POINT('',(-0.,-0.));
#3489 = VECTOR('',#3490,1.);
#3490 = DIRECTION('',(-1.,-0.));
#3491 = ( GEOMETRIC_REPRESENTATION_CONTEXT(2) 
PARAMETRIC_REPRESENTATION_CONTEXT() REPRESENTATION_CONTEXT('2D SPACE',''
  ) );
#3492 = FACE_BOUND('',#3493,.T.);
#3493 = EDGE_LOOP('',(#3494));
#3494 = ORIENTED_EDGE('',*,*,#3495,.T.);
#3495 = EDGE_CURVE('',#3496,#3496,#3498,.T.);
#3496 = VERTEX_POINT('',#3497);
#3497 = CARTESIAN_POINT('',(10.929048216895,4.745269700507,
    -8.881784197001E-16));
#3498 = SURFACE_CURVE('',#3499,(#3504,#3515),.PCURVE_S1.);
#3499 = CIRCLE('',#3500,1.25);
#3500 = AXIS2_PLACEMENT_3D('',#3501,#3502,#3503);
#3501 = CARTESIAN_POINT('',(12.179048216895,4.745269700507,
    -8.881784197001E-16));
#3502 = DIRECTION('',(0.,1.224646799147E-16,1.));
#3503 = DIRECTION('',(-1.,0.,0.));
#3504 = PCURVE('',#126,#3505);
#3505 = DEFINITIONAL_REPRESENTATION('',(#3506),#3514);
#3506 = ( BOUNDED_CURVE() B_SPLINE_CURVE(2,(#3507,#3508,#3509,#3510,
#3511,#3512,#3513),.UNSPECIFIED.,.T.,.F.) B_SPLINE_CURVE_WITH_KNOTS((1,2
    ,2,2,2,1),(-2.094395102393,0.,2.094395102393,4.188790204786,
6.28318530718,8.377580409573),.UNSPECIFIED.) CURVE() 
GEOMETRIC_REPRESENTATION_ITEM() RATIONAL_B_SPLINE_CURVE((1.,0.5,1.,0.5,
1.,0.5,1.)) REPRESENTATION_ITEM('') );
#3507 = CARTESIAN_POINT('',(18.729048216895,-0.241937600828));
#3508 = CARTESIAN_POINT('',(18.729048216895,1.923125908633));
#3509 = CARTESIAN_POINT('',(20.604048216895,0.840594153903));
#3510 = CARTESIAN_POINT('',(22.479048216895,-0.241937600828));
#3511 = CARTESIAN_POINT('',(20.604048216895,-1.324469355558));
#3512 = CARTESIAN_POINT('',(18.729048216895,-2.407001110289));
#3513 = CARTESIAN_POINT('',(18.729048216895,-0.241937600828));
#3514 = ( GEOMETRIC_REPRESENTATION_CONTEXT(2) 
PARAMETRIC_REPRESENTATION_CONTEXT() REPRESENTATION_CONTEXT('2D SPACE',''
  ) );
#3515 = PCURVE('',#3516,#3521);
#3516 = CONICAL_SURFACE('',#3517,1.25,8.502181265222E-02);
#3517 = AXIS2_PLACEMENT_3D('',#3518,#3519,#3520);
#3518 = CARTESIAN_POINT('',(12.179048216895,4.745269700507,
    -8.881784197001E-16));
#3519 = DIRECTION('',(-0.,-1.224646799147E-16,-1.));
#3520 = DIRECTION('',(-1.,0.,0.));
#3521 = DEFINITIONAL_REPRESENTATION('',(#3522),#3526);
#3522 = LINE('',#3523,#3524);
#3523 = CARTESIAN_POINT('',(-0.,-0.));
#3524 = VECTOR('',#3525,1.);
#3525 = DIRECTION('',(-1.,-0.));
#3526 = ( GEOMETRIC_REPRESENTATION_CONTEXT(2) 
PARAMETRIC_REPRESENTATION_CONTEXT() REPRESENTATION_CONTEXT('2D SPACE',''
  ) );
#3527 = FACE_BOUND('',#3528,.T.);
#3528 = EDGE_LOOP('',(#3529,#3561,#3589,#3619,#3649,#3679,#3709,#3739,
    #3769,#3799,#3829,#3857,#3887,#3917,#3947,#3977,#4007,#4037));
#3529 = ORIENTED_EDGE('',*,*,#3530,.T.);
#3530 = EDGE_CURVE('',#3531,#3533,#3535,.T.);
#3531 = VERTEX_POINT('',#3532);
#3532 = CARTESIAN_POINT('',(14.04267578125,0.94970703125,0.));
#3533 = VERTEX_POINT('',#3534);
#3534 = CARTESIAN_POINT('',(14.1466796875,0.732421875,0.));
#3535 = SURFACE_CURVE('',#3536,(#3540,#3547),.PCURVE_S1.);
#3536 = B_SPLINE_CURVE_WITH_KNOTS('',2,(#3537,#3538,#3539),
  .UNSPECIFIED.,.F.,.F.,(3,3),(0.,1.),.PIECEWISE_BEZIER_KNOTS.);
#3537 = CARTESIAN_POINT('',(14.04267578125,0.94970703125,0.));
#3538 = CARTESIAN_POINT('',(14.07734375,0.833984375,0.));
#3539 = CARTESIAN_POINT('',(14.1466796875,0.732421875,0.));
#3540 = PCURVE('',#126,#3541);
#3541 = DEFINITIONAL_REPRESENTATION('',(#3542),#3546);
#3542 = B_SPLINE_CURVE_WITH_KNOTS('',2,(#3543,#3544,#3545),
  .UNSPECIFIED.,.F.,.F.,(3,3),(0.,1.),.PIECEWISE_BEZIER_KNOTS.);
#3543 = CARTESIAN_POINT('',(21.84267578125,3.553625068429));
#3544 = CARTESIAN_POINT('',(21.87734375,3.669347724679));
#3545 = CARTESIAN_POINT('',(21.9466796875,3.770910224679));
#3546 = ( GEOMETRIC_REPRESENTATION_CONTEXT(2) 
PARAMETRIC_REPRESENTATION_CONTEXT() REPRESENTATION_CONTEXT('2D SPACE',''
  ) );
#3547 = PCURVE('',#3548,#3555);
#3548 = SURFACE_OF_LINEAR_EXTRUSION('',#3549,#3553);
#3549 = B_SPLINE_CURVE_WITH_KNOTS('',2,(#3550,#3551,#3552),
  .UNSPECIFIED.,.F.,.F.,(3,3),(0.,1.),.PIECEWISE_BEZIER_KNOTS.);
#3550 = CARTESIAN_POINT('',(14.04267578125,0.94970703125,0.));
#3551 = CARTESIAN_POINT('',(14.07734375,0.833984375,0.));
#3552 = CARTESIAN_POINT('',(14.1466796875,0.732421875,0.));
#3553 = VECTOR('',#3554,1.);
#3554 = DIRECTION('',(0.,-1.224646799147E-16,-1.));
#3555 = DEFINITIONAL_REPRESENTATION('',(#3556),#3560);
#3556 = LINE('',#3557,#3558);
#3557 = CARTESIAN_POINT('',(0.,0.));
#3558 = VECTOR('',#3559,1.);
#3559 = DIRECTION('',(1.,0.));
#3560 = ( GEOMETRIC_REPRESENTATION_CONTEXT(2) 
PARAMETRIC_REPRESENTATION_CONTEXT() REPRESENTATION_CONTEXT('2D SPACE',''
  ) );
#3561 = ORIENTED_EDGE('',*,*,#3562,.T.);
#3562 = EDGE_CURVE('',#3533,#3563,#3565,.T.);
#3563 = VERTEX_POINT('',#3564);
#3564 = CARTESIAN_POINT('',(14.3546875,0.732421875,0.));
#3565 = SURFACE_CURVE('',#3566,(#3570,#3577),.PCURVE_S1.);
#3566 = LINE('',#3567,#3568);
#3567 = CARTESIAN_POINT('',(14.1466796875,0.732421875,0.));
#3568 = VECTOR('',#3569,1.);
#3569 = DIRECTION('',(1.,1.110223024625E-16,-1.359631073447E-32));
#3570 = PCURVE('',#126,#3571);
#3571 = DEFINITIONAL_REPRESENTATION('',(#3572),#3576);
#3572 = LINE('',#3573,#3574);
#3573 = CARTESIAN_POINT('',(21.9466796875,3.770910224679));
#3574 = VECTOR('',#3575,1.);
#3575 = DIRECTION('',(1.,-1.110223024625E-16));
#3576 = ( GEOMETRIC_REPRESENTATION_CONTEXT(2) 
PARAMETRIC_REPRESENTATION_CONTEXT() REPRESENTATION_CONTEXT('2D SPACE',''
  ) );
#3577 = PCURVE('',#3578,#3583);
#3578 = PLANE('',#3579);
#3579 = AXIS2_PLACEMENT_3D('',#3580,#3581,#3582);
#3580 = CARTESIAN_POINT('',(14.1466796875,0.732421875,0.));
#3581 = DIRECTION('',(-1.110223024625E-16,1.,-1.224646799147E-16));
#3582 = DIRECTION('',(1.,1.110223024625E-16,-1.359631073447E-32));
#3583 = DEFINITIONAL_REPRESENTATION('',(#3584),#3588);
#3584 = LINE('',#3585,#3586);
#3585 = CARTESIAN_POINT('',(3.697193311765E-64,2.719262146894E-32));
#3586 = VECTOR('',#3587,1.);
#3587 = DIRECTION('',(1.,0.));
#3588 = ( GEOMETRIC_REPRESENTATION_CONTEXT(2) 
PARAMETRIC_REPRESENTATION_CONTEXT() REPRESENTATION_CONTEXT('2D SPACE',''
  ) );
#3589 = ORIENTED_EDGE('',*,*,#3590,.T.);
#3590 = EDGE_CURVE('',#3563,#3591,#3593,.T.);
#3591 = VERTEX_POINT('',#3592);
#3592 = CARTESIAN_POINT('',(14.216015625,0.94482421875,0.));
#3593 = SURFACE_CURVE('',#3594,(#3598,#3605),.PCURVE_S1.);
#3594 = B_SPLINE_CURVE_WITH_KNOTS('',2,(#3595,#3596,#3597),
  .UNSPECIFIED.,.F.,.F.,(3,3),(0.,1.),.PIECEWISE_BEZIER_KNOTS.);
#3595 = CARTESIAN_POINT('',(14.3546875,0.732421875,0.));
#3596 = CARTESIAN_POINT('',(14.2619140625,0.83203125,0.));
#3597 = CARTESIAN_POINT('',(14.216015625,0.94482421875,0.));
#3598 = PCURVE('',#126,#3599);
#3599 = DEFINITIONAL_REPRESENTATION('',(#3600),#3604);
#3600 = B_SPLINE_CURVE_WITH_KNOTS('',2,(#3601,#3602,#3603),
  .UNSPECIFIED.,.F.,.F.,(3,3),(0.,1.),.PIECEWISE_BEZIER_KNOTS.);
#3601 = CARTESIAN_POINT('',(22.1546875,3.770910224679));
#3602 = CARTESIAN_POINT('',(22.0619140625,3.671300849679));
#3603 = CARTESIAN_POINT('',(22.016015625,3.558507880929));
#3604 = ( GEOMETRIC_REPRESENTATION_CONTEXT(2) 
PARAMETRIC_REPRESENTATION_CONTEXT() REPRESENTATION_CONTEXT('2D SPACE',''
  ) );
#3605 = PCURVE('',#3606,#3613);
#3606 = SURFACE_OF_LINEAR_EXTRUSION('',#3607,#3611);
#3607 = B_SPLINE_CURVE_WITH_KNOTS('',2,(#3608,#3609,#3610),
  .UNSPECIFIED.,.F.,.F.,(3,3),(0.,1.),.PIECEWISE_BEZIER_KNOTS.);
#3608 = CARTESIAN_POINT('',(14.3546875,0.732421875,0.));
#3609 = CARTESIAN_POINT('',(14.2619140625,0.83203125,0.));
#3610 = CARTESIAN_POINT('',(14.216015625,0.94482421875,0.));
#3611 = VECTOR('',#3612,1.);
#3612 = DIRECTION('',(0.,-1.224646799147E-16,-1.));
#3613 = DEFINITIONAL_REPRESENTATION('',(#3614),#3618);
#3614 = LINE('',#3615,#3616);
#3615 = CARTESIAN_POINT('',(0.,0.));
#3616 = VECTOR('',#3617,1.);
#3617 = DIRECTION('',(1.,0.));
#3618 = ( GEOMETRIC_REPRESENTATION_CONTEXT(2) 
PARAMETRIC_REPRESENTATION_CONTEXT() REPRESENTATION_CONTEXT('2D SPACE',''
  ) );
#3619 = ORIENTED_EDGE('',*,*,#3620,.T.);
#3620 = EDGE_CURVE('',#3591,#3621,#3623,.T.);
#3621 = VERTEX_POINT('',#3622);
#3622 = CARTESIAN_POINT('',(14.1701171875,1.1845703125,0.));
#3623 = SURFACE_CURVE('',#3624,(#3628,#3635),.PCURVE_S1.);
#3624 = B_SPLINE_CURVE_WITH_KNOTS('',2,(#3625,#3626,#3627),
  .UNSPECIFIED.,.F.,.F.,(3,3),(0.,1.),.PIECEWISE_BEZIER_KNOTS.);
#3625 = CARTESIAN_POINT('',(14.216015625,0.94482421875,0.));
#3626 = CARTESIAN_POINT('',(14.1701171875,1.0576171875,0.));
#3627 = CARTESIAN_POINT('',(14.1701171875,1.1845703125,0.));
#3628 = PCURVE('',#126,#3629);
#3629 = DEFINITIONAL_REPRESENTATION('',(#3630),#3634);
#3630 = B_SPLINE_CURVE_WITH_KNOTS('',2,(#3631,#3632,#3633),
  .UNSPECIFIED.,.F.,.F.,(3,3),(0.,1.),.PIECEWISE_BEZIER_KNOTS.);
#3631 = CARTESIAN_POINT('',(22.016015625,3.558507880929));
#3632 = CARTESIAN_POINT('',(21.9701171875,3.445714912179));
#3633 = CARTESIAN_POINT('',(21.9701171875,3.318761787179));
#3634 = ( GEOMETRIC_REPRESENTATION_CONTEXT(2) 
PARAMETRIC_REPRESENTATION_CONTEXT() REPRESENTATION_CONTEXT('2D SPACE',''
  ) );
#3635 = PCURVE('',#3636,#3643);
#3636 = SURFACE_OF_LINEAR_EXTRUSION('',#3637,#3641);
#3637 = B_SPLINE_CURVE_WITH_KNOTS('',2,(#3638,#3639,#3640),
  .UNSPECIFIED.,.F.,.F.,(3,3),(0.,1.),.PIECEWISE_BEZIER_KNOTS.);
#3638 = CARTESIAN_POINT('',(14.216015625,0.94482421875,0.));
#3639 = CARTESIAN_POINT('',(14.1701171875,1.0576171875,0.));
#3640 = CARTESIAN_POINT('',(14.1701171875,1.1845703125,0.));
#3641 = VECTOR('',#3642,1.);
#3642 = DIRECTION('',(0.,-1.224646799147E-16,-1.));
#3643 = DEFINITIONAL_REPRESENTATION('',(#3644),#3648);
#3644 = LINE('',#3645,#3646);
#3645 = CARTESIAN_POINT('',(0.,0.));
#3646 = VECTOR('',#3647,1.);
#3647 = DIRECTION('',(1.,0.));
#3648 = ( GEOMETRIC_REPRESENTATION_CONTEXT(2) 
PARAMETRIC_REPRESENTATION_CONTEXT() REPRESENTATION_CONTEXT('2D SPACE',''
  ) );
#3649 = ORIENTED_EDGE('',*,*,#3650,.T.);
#3650 = EDGE_CURVE('',#3621,#3651,#3653,.T.);
#3651 = VERTEX_POINT('',#3652);
#3652 = CARTESIAN_POINT('',(14.32294921875,1.5673828125,0.));
#3653 = SURFACE_CURVE('',#3654,(#3658,#3665),.PCURVE_S1.);
#3654 = B_SPLINE_CURVE_WITH_KNOTS('',2,(#3655,#3656,#3657),
  .UNSPECIFIED.,.F.,.F.,(3,3),(0.,1.),.PIECEWISE_BEZIER_KNOTS.);
#3655 = CARTESIAN_POINT('',(14.1701171875,1.1845703125,0.));
#3656 = CARTESIAN_POINT('',(14.1701171875,1.4345703125,0.));
#3657 = CARTESIAN_POINT('',(14.32294921875,1.5673828125,0.));
#3658 = PCURVE('',#126,#3659);
#3659 = DEFINITIONAL_REPRESENTATION('',(#3660),#3664);
#3660 = B_SPLINE_CURVE_WITH_KNOTS('',2,(#3661,#3662,#3663),
  .UNSPECIFIED.,.F.,.F.,(3,3),(0.,1.),.PIECEWISE_BEZIER_KNOTS.);
#3661 = CARTESIAN_POINT('',(21.9701171875,3.318761787179));
#3662 = CARTESIAN_POINT('',(21.9701171875,3.068761787179));
#3663 = CARTESIAN_POINT('',(22.12294921875,2.935949287179));
#3664 = ( GEOMETRIC_REPRESENTATION_CONTEXT(2) 
PARAMETRIC_REPRESENTATION_CONTEXT() REPRESENTATION_CONTEXT('2D SPACE',''
  ) );
#3665 = PCURVE('',#3666,#3673);
#3666 = SURFACE_OF_LINEAR_EXTRUSION('',#3667,#3671);
#3667 = B_SPLINE_CURVE_WITH_KNOTS('',2,(#3668,#3669,#3670),
  .UNSPECIFIED.,.F.,.F.,(3,3),(0.,1.),.PIECEWISE_BEZIER_KNOTS.);
#3668 = CARTESIAN_POINT('',(14.1701171875,1.1845703125,0.));
#3669 = CARTESIAN_POINT('',(14.1701171875,1.4345703125,0.));
#3670 = CARTESIAN_POINT('',(14.32294921875,1.5673828125,0.));
#3671 = VECTOR('',#3672,1.);
#3672 = DIRECTION('',(0.,-1.224646799147E-16,-1.));
#3673 = DEFINITIONAL_REPRESENTATION('',(#3674),#3678);
#3674 = LINE('',#3675,#3676);
#3675 = CARTESIAN_POINT('',(0.,0.));
#3676 = VECTOR('',#3677,1.);
#3677 = DIRECTION('',(1.,0.));
#3678 = ( GEOMETRIC_REPRESENTATION_CONTEXT(2) 
PARAMETRIC_REPRESENTATION_CONTEXT() REPRESENTATION_CONTEXT('2D SPACE',''
  ) );
#3679 = ORIENTED_EDGE('',*,*,#3680,.T.);
#3680 = EDGE_CURVE('',#3651,#3681,#3683,.T.);
#3681 = VERTEX_POINT('',#3682);
#3682 = CARTESIAN_POINT('',(14.76484375,1.7001953125,0.));
#3683 = SURFACE_CURVE('',#3684,(#3688,#3695),.PCURVE_S1.);
#3684 = B_SPLINE_CURVE_WITH_KNOTS('',2,(#3685,#3686,#3687),
  .UNSPECIFIED.,.F.,.F.,(3,3),(0.,1.),.PIECEWISE_BEZIER_KNOTS.);
#3685 = CARTESIAN_POINT('',(14.32294921875,1.5673828125,0.));
#3686 = CARTESIAN_POINT('',(14.47578125,1.7001953125,0.));
#3687 = CARTESIAN_POINT('',(14.76484375,1.7001953125,0.));
#3688 = PCURVE('',#126,#3689);
#3689 = DEFINITIONAL_REPRESENTATION('',(#3690),#3694);
#3690 = B_SPLINE_CURVE_WITH_KNOTS('',2,(#3691,#3692,#3693),
  .UNSPECIFIED.,.F.,.F.,(3,3),(0.,1.),.PIECEWISE_BEZIER_KNOTS.);
#3691 = CARTESIAN_POINT('',(22.12294921875,2.935949287179));
#3692 = CARTESIAN_POINT('',(22.27578125,2.803136787179));
#3693 = CARTESIAN_POINT('',(22.56484375,2.803136787179));
#3694 = ( GEOMETRIC_REPRESENTATION_CONTEXT(2) 
PARAMETRIC_REPRESENTATION_CONTEXT() REPRESENTATION_CONTEXT('2D SPACE',''
  ) );
#3695 = PCURVE('',#3696,#3703);
#3696 = SURFACE_OF_LINEAR_EXTRUSION('',#3697,#3701);
#3697 = B_SPLINE_CURVE_WITH_KNOTS('',2,(#3698,#3699,#3700),
  .UNSPECIFIED.,.F.,.F.,(3,3),(0.,1.),.PIECEWISE_BEZIER_KNOTS.);
#3698 = CARTESIAN_POINT('',(14.32294921875,1.5673828125,0.));
#3699 = CARTESIAN_POINT('',(14.47578125,1.7001953125,0.));
#3700 = CARTESIAN_POINT('',(14.76484375,1.7001953125,0.));
#3701 = VECTOR('',#3702,1.);
#3702 = DIRECTION('',(0.,-1.224646799147E-16,-1.));
#3703 = DEFINITIONAL_REPRESENTATION('',(#3704),#3708);
#3704 = LINE('',#3705,#3706);
#3705 = CARTESIAN_POINT('',(0.,0.));
#3706 = VECTOR('',#3707,1.);
#3707 = DIRECTION('',(1.,0.));
#3708 = ( GEOMETRIC_REPRESENTATION_CONTEXT(2) 
PARAMETRIC_REPRESENTATION_CONTEXT() REPRESENTATION_CONTEXT('2D SPACE',''
  ) );
#3709 = ORIENTED_EDGE('',*,*,#3710,.T.);
#3710 = EDGE_CURVE('',#3681,#3711,#3713,.T.);
#3711 = VERTEX_POINT('',#3712);
#3712 = CARTESIAN_POINT('',(15.20576171875,1.5673828125,0.));
#3713 = SURFACE_CURVE('',#3714,(#3718,#3725),.PCURVE_S1.);
#3714 = B_SPLINE_CURVE_WITH_KNOTS('',2,(#3715,#3716,#3717),
  .UNSPECIFIED.,.F.,.F.,(3,3),(0.,1.),.PIECEWISE_BEZIER_KNOTS.);
#3715 = CARTESIAN_POINT('',(14.76484375,1.7001953125,0.));
#3716 = CARTESIAN_POINT('',(15.0529296875,1.7001953125,0.));
#3717 = CARTESIAN_POINT('',(15.20576171875,1.5673828125,0.));
#3718 = PCURVE('',#126,#3719);
#3719 = DEFINITIONAL_REPRESENTATION('',(#3720),#3724);
#3720 = B_SPLINE_CURVE_WITH_KNOTS('',2,(#3721,#3722,#3723),
  .UNSPECIFIED.,.F.,.F.,(3,3),(0.,1.),.PIECEWISE_BEZIER_KNOTS.);
#3721 = CARTESIAN_POINT('',(22.56484375,2.803136787179));
#3722 = CARTESIAN_POINT('',(22.8529296875,2.803136787179));
#3723 = CARTESIAN_POINT('',(23.00576171875,2.935949287179));
#3724 = ( GEOMETRIC_REPRESENTATION_CONTEXT(2) 
PARAMETRIC_REPRESENTATION_CONTEXT() REPRESENTATION_CONTEXT('2D SPACE',''
  ) );
#3725 = PCURVE('',#3726,#3733);
#3726 = SURFACE_OF_LINEAR_EXTRUSION('',#3727,#3731);
#3727 = B_SPLINE_CURVE_WITH_KNOTS('',2,(#3728,#3729,#3730),
  .UNSPECIFIED.,.F.,.F.,(3,3),(0.,1.),.PIECEWISE_BEZIER_KNOTS.);
#3728 = CARTESIAN_POINT('',(14.76484375,1.7001953125,0.));
#3729 = CARTESIAN_POINT('',(15.0529296875,1.7001953125,0.));
#3730 = CARTESIAN_POINT('',(15.20576171875,1.5673828125,0.));
#3731 = VECTOR('',#3732,1.);
#3732 = DIRECTION('',(0.,-1.224646799147E-16,-1.));
#3733 = DEFINITIONAL_REPRESENTATION('',(#3734),#3738);
#3734 = LINE('',#3735,#3736);
#3735 = CARTESIAN_POINT('',(0.,0.));
#3736 = VECTOR('',#3737,1.);
#3737 = DIRECTION('',(1.,0.));
#3738 = ( GEOMETRIC_REPRESENTATION_CONTEXT(2) 
PARAMETRIC_REPRESENTATION_CONTEXT() REPRESENTATION_CONTEXT('2D SPACE',''
  ) );
#3739 = ORIENTED_EDGE('',*,*,#3740,.T.);
#3740 = EDGE_CURVE('',#3711,#3741,#3743,.T.);
#3741 = VERTEX_POINT('',#3742);
#3742 = CARTESIAN_POINT('',(15.35859375,1.1845703125,0.));
#3743 = SURFACE_CURVE('',#3744,(#3748,#3755),.PCURVE_S1.);
#3744 = B_SPLINE_CURVE_WITH_KNOTS('',2,(#3745,#3746,#3747),
  .UNSPECIFIED.,.F.,.F.,(3,3),(0.,1.),.PIECEWISE_BEZIER_KNOTS.);
#3745 = CARTESIAN_POINT('',(15.20576171875,1.5673828125,0.));
#3746 = CARTESIAN_POINT('',(15.35859375,1.4345703125,0.));
#3747 = CARTESIAN_POINT('',(15.35859375,1.1845703125,0.));
#3748 = PCURVE('',#126,#3749);
#3749 = DEFINITIONAL_REPRESENTATION('',(#3750),#3754);
#3750 = B_SPLINE_CURVE_WITH_KNOTS('',2,(#3751,#3752,#3753),
  .UNSPECIFIED.,.F.,.F.,(3,3),(0.,1.),.PIECEWISE_BEZIER_KNOTS.);
#3751 = CARTESIAN_POINT('',(23.00576171875,2.935949287179));
#3752 = CARTESIAN_POINT('',(23.15859375,3.068761787179));
#3753 = CARTESIAN_POINT('',(23.15859375,3.318761787179));
#3754 = ( GEOMETRIC_REPRESENTATION_CONTEXT(2) 
PARAMETRIC_REPRESENTATION_CONTEXT() REPRESENTATION_CONTEXT('2D SPACE',''
  ) );
#3755 = PCURVE('',#3756,#3763);
#3756 = SURFACE_OF_LINEAR_EXTRUSION('',#3757,#3761);
#3757 = B_SPLINE_CURVE_WITH_KNOTS('',2,(#3758,#3759,#3760),
  .UNSPECIFIED.,.F.,.F.,(3,3),(0.,1.),.PIECEWISE_BEZIER_KNOTS.);
#3758 = CARTESIAN_POINT('',(15.20576171875,1.5673828125,0.));
#3759 = CARTESIAN_POINT('',(15.35859375,1.4345703125,0.));
#3760 = CARTESIAN_POINT('',(15.35859375,1.1845703125,0.));
#3761 = VECTOR('',#3762,1.);
#3762 = DIRECTION('',(0.,-1.224646799147E-16,-1.));
#3763 = DEFINITIONAL_REPRESENTATION('',(#3764),#3768);
#3764 = LINE('',#3765,#3766);
#3765 = CARTESIAN_POINT('',(0.,0.));
#3766 = VECTOR('',#3767,1.);
#3767 = DIRECTION('',(1.,0.));
#3768 = ( GEOMETRIC_REPRESENTATION_CONTEXT(2) 
PARAMETRIC_REPRESENTATION_CONTEXT() REPRESENTATION_CONTEXT('2D SPACE',''
  ) );
#3769 = ORIENTED_EDGE('',*,*,#3770,.T.);
#3770 = EDGE_CURVE('',#3741,#3771,#3773,.T.);
#3771 = VERTEX_POINT('',#3772);
#3772 = CARTESIAN_POINT('',(15.3126953125,0.94482421875,0.));
#3773 = SURFACE_CURVE('',#3774,(#3778,#3785),.PCURVE_S1.);
#3774 = B_SPLINE_CURVE_WITH_KNOTS('',2,(#3775,#3776,#3777),
  .UNSPECIFIED.,.F.,.F.,(3,3),(0.,1.),.PIECEWISE_BEZIER_KNOTS.);
#3775 = CARTESIAN_POINT('',(15.35859375,1.1845703125,0.));
#3776 = CARTESIAN_POINT('',(15.35859375,1.0576171875,0.));
#3777 = CARTESIAN_POINT('',(15.3126953125,0.94482421875,0.));
#3778 = PCURVE('',#126,#3779);
#3779 = DEFINITIONAL_REPRESENTATION('',(#3780),#3784);
#3780 = B_SPLINE_CURVE_WITH_KNOTS('',2,(#3781,#3782,#3783),
  .UNSPECIFIED.,.F.,.F.,(3,3),(0.,1.),.PIECEWISE_BEZIER_KNOTS.);
#3781 = CARTESIAN_POINT('',(23.15859375,3.318761787179));
#3782 = CARTESIAN_POINT('',(23.15859375,3.445714912179));
#3783 = CARTESIAN_POINT('',(23.1126953125,3.558507880929));
#3784 = ( GEOMETRIC_REPRESENTATION_CONTEXT(2) 
PARAMETRIC_REPRESENTATION_CONTEXT() REPRESENTATION_CONTEXT('2D SPACE',''
  ) );
#3785 = PCURVE('',#3786,#3793);
#3786 = SURFACE_OF_LINEAR_EXTRUSION('',#3787,#3791);
#3787 = B_SPLINE_CURVE_WITH_KNOTS('',2,(#3788,#3789,#3790),
  .UNSPECIFIED.,.F.,.F.,(3,3),(0.,1.),.PIECEWISE_BEZIER_KNOTS.);
#3788 = CARTESIAN_POINT('',(15.35859375,1.1845703125,0.));
#3789 = CARTESIAN_POINT('',(15.35859375,1.0576171875,0.));
#3790 = CARTESIAN_POINT('',(15.3126953125,0.94482421875,0.));
#3791 = VECTOR('',#3792,1.);
#3792 = DIRECTION('',(0.,-1.224646799147E-16,-1.));
#3793 = DEFINITIONAL_REPRESENTATION('',(#3794),#3798);
#3794 = LINE('',#3795,#3796);
#3795 = CARTESIAN_POINT('',(0.,0.));
#3796 = VECTOR('',#3797,1.);
#3797 = DIRECTION('',(1.,0.));
#3798 = ( GEOMETRIC_REPRESENTATION_CONTEXT(2) 
PARAMETRIC_REPRESENTATION_CONTEXT() REPRESENTATION_CONTEXT('2D SPACE',''
  ) );
#3799 = ORIENTED_EDGE('',*,*,#3800,.T.);
#3800 = EDGE_CURVE('',#3771,#3801,#3803,.T.);
#3801 = VERTEX_POINT('',#3802);
#3802 = CARTESIAN_POINT('',(15.1740234375,0.732421875,0.));
#3803 = SURFACE_CURVE('',#3804,(#3808,#3815),.PCURVE_S1.);
#3804 = B_SPLINE_CURVE_WITH_KNOTS('',2,(#3805,#3806,#3807),
  .UNSPECIFIED.,.F.,.F.,(3,3),(0.,1.),.PIECEWISE_BEZIER_KNOTS.);
#3805 = CARTESIAN_POINT('',(15.3126953125,0.94482421875,0.));
#3806 = CARTESIAN_POINT('',(15.266796875,0.83203125,0.));
#3807 = CARTESIAN_POINT('',(15.1740234375,0.732421875,0.));
#3808 = PCURVE('',#126,#3809);
#3809 = DEFINITIONAL_REPRESENTATION('',(#3810),#3814);
#3810 = B_SPLINE_CURVE_WITH_KNOTS('',2,(#3811,#3812,#3813),
  .UNSPECIFIED.,.F.,.F.,(3,3),(0.,1.),.PIECEWISE_BEZIER_KNOTS.);
#3811 = CARTESIAN_POINT('',(23.1126953125,3.558507880929));
#3812 = CARTESIAN_POINT('',(23.066796875,3.671300849679));
#3813 = CARTESIAN_POINT('',(22.9740234375,3.770910224679));
#3814 = ( GEOMETRIC_REPRESENTATION_CONTEXT(2) 
PARAMETRIC_REPRESENTATION_CONTEXT() REPRESENTATION_CONTEXT('2D SPACE',''
  ) );
#3815 = PCURVE('',#3816,#3823);
#3816 = SURFACE_OF_LINEAR_EXTRUSION('',#3817,#3821);
#3817 = B_SPLINE_CURVE_WITH_KNOTS('',2,(#3818,#3819,#3820),
  .UNSPECIFIED.,.F.,.F.,(3,3),(0.,1.),.PIECEWISE_BEZIER_KNOTS.);
#3818 = CARTESIAN_POINT('',(15.3126953125,0.94482421875,0.));
#3819 = CARTESIAN_POINT('',(15.266796875,0.83203125,0.));
#3820 = CARTESIAN_POINT('',(15.1740234375,0.732421875,0.));
#3821 = VECTOR('',#3822,1.);
#3822 = DIRECTION('',(0.,-1.224646799147E-16,-1.));
#3823 = DEFINITIONAL_REPRESENTATION('',(#3824),#3828);
#3824 = LINE('',#3825,#3826);
#3825 = CARTESIAN_POINT('',(0.,0.));
#3826 = VECTOR('',#3827,1.);
#3827 = DIRECTION('',(1.,0.));
#3828 = ( GEOMETRIC_REPRESENTATION_CONTEXT(2) 
PARAMETRIC_REPRESENTATION_CONTEXT() REPRESENTATION_CONTEXT('2D SPACE',''
  ) );
#3829 = ORIENTED_EDGE('',*,*,#3830,.T.);
#3830 = EDGE_CURVE('',#3801,#3831,#3833,.T.);
#3831 = VERTEX_POINT('',#3832);
#3832 = CARTESIAN_POINT('',(15.380078125,0.732421875,0.));
#3833 = SURFACE_CURVE('',#3834,(#3838,#3845),.PCURVE_S1.);
#3834 = LINE('',#3835,#3836);
#3835 = CARTESIAN_POINT('',(15.1740234375,0.732421875,0.));
#3836 = VECTOR('',#3837,1.);
#3837 = DIRECTION('',(1.,1.110223024625E-16,-1.359631073447E-32));
#3838 = PCURVE('',#126,#3839);
#3839 = DEFINITIONAL_REPRESENTATION('',(#3840),#3844);
#3840 = LINE('',#3841,#3842);
#3841 = CARTESIAN_POINT('',(22.9740234375,3.770910224679));
#3842 = VECTOR('',#3843,1.);
#3843 = DIRECTION('',(1.,-1.110223024625E-16));
#3844 = ( GEOMETRIC_REPRESENTATION_CONTEXT(2) 
PARAMETRIC_REPRESENTATION_CONTEXT() REPRESENTATION_CONTEXT('2D SPACE',''
  ) );
#3845 = PCURVE('',#3846,#3851);
#3846 = PLANE('',#3847);
#3847 = AXIS2_PLACEMENT_3D('',#3848,#3849,#3850);
#3848 = CARTESIAN_POINT('',(15.1740234375,0.732421875,0.));
#3849 = DIRECTION('',(-1.110223024625E-16,1.,-1.224646799147E-16));
#3850 = DIRECTION('',(1.,1.110223024625E-16,-1.359631073447E-32));
#3851 = DEFINITIONAL_REPRESENTATION('',(#3852),#3856);
#3852 = LINE('',#3853,#3854);
#3853 = CARTESIAN_POINT('',(1.848596655882E-64,1.359631073447E-32));
#3854 = VECTOR('',#3855,1.);
#3855 = DIRECTION('',(1.,0.));
#3856 = ( GEOMETRIC_REPRESENTATION_CONTEXT(2) 
PARAMETRIC_REPRESENTATION_CONTEXT() REPRESENTATION_CONTEXT('2D SPACE',''
  ) );
#3857 = ORIENTED_EDGE('',*,*,#3858,.T.);
#3858 = EDGE_CURVE('',#3831,#3859,#3861,.T.);
#3859 = VERTEX_POINT('',#3860);
#3860 = CARTESIAN_POINT('',(15.485546875,0.95166015625,0.));
#3861 = SURFACE_CURVE('',#3862,(#3866,#3873),.PCURVE_S1.);
#3862 = B_SPLINE_CURVE_WITH_KNOTS('',2,(#3863,#3864,#3865),
  .UNSPECIFIED.,.F.,.F.,(3,3),(0.,1.),.PIECEWISE_BEZIER_KNOTS.);
#3863 = CARTESIAN_POINT('',(15.380078125,0.732421875,0.));
#3864 = CARTESIAN_POINT('',(15.450390625,0.8359375,0.));
#3865 = CARTESIAN_POINT('',(15.485546875,0.95166015625,0.));
#3866 = PCURVE('',#126,#3867);
#3867 = DEFINITIONAL_REPRESENTATION('',(#3868),#3872);
#3868 = B_SPLINE_CURVE_WITH_KNOTS('',2,(#3869,#3870,#3871),
  .UNSPECIFIED.,.F.,.F.,(3,3),(0.,1.),.PIECEWISE_BEZIER_KNOTS.);
#3869 = CARTESIAN_POINT('',(23.180078125,3.770910224679));
#3870 = CARTESIAN_POINT('',(23.250390625,3.667394599679));
#3871 = CARTESIAN_POINT('',(23.285546875,3.551671943429));
#3872 = ( GEOMETRIC_REPRESENTATION_CONTEXT(2) 
PARAMETRIC_REPRESENTATION_CONTEXT() REPRESENTATION_CONTEXT('2D SPACE',''
  ) );
#3873 = PCURVE('',#3874,#3881);
#3874 = SURFACE_OF_LINEAR_EXTRUSION('',#3875,#3879);
#3875 = B_SPLINE_CURVE_WITH_KNOTS('',2,(#3876,#3877,#3878),
  .UNSPECIFIED.,.F.,.F.,(3,3),(0.,1.),.PIECEWISE_BEZIER_KNOTS.);
#3876 = CARTESIAN_POINT('',(15.380078125,0.732421875,0.));
#3877 = CARTESIAN_POINT('',(15.450390625,0.8359375,0.));
#3878 = CARTESIAN_POINT('',(15.485546875,0.95166015625,0.));
#3879 = VECTOR('',#3880,1.);
#3880 = DIRECTION('',(0.,-1.224646799147E-16,-1.));
#3881 = DEFINITIONAL_REPRESENTATION('',(#3882),#3886);
#3882 = LINE('',#3883,#3884);
#3883 = CARTESIAN_POINT('',(0.,0.));
#3884 = VECTOR('',#3885,1.);
#3885 = DIRECTION('',(1.,0.));
#3886 = ( GEOMETRIC_REPRESENTATION_CONTEXT(2) 
PARAMETRIC_REPRESENTATION_CONTEXT() REPRESENTATION_CONTEXT('2D SPACE',''
  ) );
#3887 = ORIENTED_EDGE('',*,*,#3888,.T.);
#3888 = EDGE_CURVE('',#3859,#3889,#3891,.T.);
#3889 = VERTEX_POINT('',#3890);
#3890 = CARTESIAN_POINT('',(15.520703125,1.1962890625,0.));
#3891 = SURFACE_CURVE('',#3892,(#3896,#3903),.PCURVE_S1.);
#3892 = B_SPLINE_CURVE_WITH_KNOTS('',2,(#3893,#3894,#3895),
  .UNSPECIFIED.,.F.,.F.,(3,3),(0.,1.),.PIECEWISE_BEZIER_KNOTS.);
#3893 = CARTESIAN_POINT('',(15.485546875,0.95166015625,0.));
#3894 = CARTESIAN_POINT('',(15.520703125,1.0673828125,0.));
#3895 = CARTESIAN_POINT('',(15.520703125,1.1962890625,0.));
#3896 = PCURVE('',#126,#3897);
#3897 = DEFINITIONAL_REPRESENTATION('',(#3898),#3902);
#3898 = B_SPLINE_CURVE_WITH_KNOTS('',2,(#3899,#3900,#3901),
  .UNSPECIFIED.,.F.,.F.,(3,3),(0.,1.),.PIECEWISE_BEZIER_KNOTS.);
#3899 = CARTESIAN_POINT('',(23.285546875,3.551671943429));
#3900 = CARTESIAN_POINT('',(23.320703125,3.435949287179));
#3901 = CARTESIAN_POINT('',(23.320703125,3.307043037179));
#3902 = ( GEOMETRIC_REPRESENTATION_CONTEXT(2) 
PARAMETRIC_REPRESENTATION_CONTEXT() REPRESENTATION_CONTEXT('2D SPACE',''
  ) );
#3903 = PCURVE('',#3904,#3911);
#3904 = SURFACE_OF_LINEAR_EXTRUSION('',#3905,#3909);
#3905 = B_SPLINE_CURVE_WITH_KNOTS('',2,(#3906,#3907,#3908),
  .UNSPECIFIED.,.F.,.F.,(3,3),(0.,1.),.PIECEWISE_BEZIER_KNOTS.);
#3906 = CARTESIAN_POINT('',(15.485546875,0.95166015625,0.));
#3907 = CARTESIAN_POINT('',(15.520703125,1.0673828125,0.));
#3908 = CARTESIAN_POINT('',(15.520703125,1.1962890625,0.));
#3909 = VECTOR('',#3910,1.);
#3910 = DIRECTION('',(0.,-1.224646799147E-16,-1.));
#3911 = DEFINITIONAL_REPRESENTATION('',(#3912),#3916);
#3912 = LINE('',#3913,#3914);
#3913 = CARTESIAN_POINT('',(0.,0.));
#3914 = VECTOR('',#3915,1.);
#3915 = DIRECTION('',(1.,0.));
#3916 = ( GEOMETRIC_REPRESENTATION_CONTEXT(2) 
PARAMETRIC_REPRESENTATION_CONTEXT() REPRESENTATION_CONTEXT('2D SPACE',''
  ) );
#3917 = ORIENTED_EDGE('',*,*,#3918,.T.);
#3918 = EDGE_CURVE('',#3889,#3919,#3921,.T.);
#3919 = VERTEX_POINT('',#3920);
#3920 = CARTESIAN_POINT('',(15.31806640625,1.7177734375,0.));
#3921 = SURFACE_CURVE('',#3922,(#3926,#3933),.PCURVE_S1.);
#3922 = B_SPLINE_CURVE_WITH_KNOTS('',2,(#3923,#3924,#3925),
  .UNSPECIFIED.,.F.,.F.,(3,3),(0.,1.),.PIECEWISE_BEZIER_KNOTS.);
#3923 = CARTESIAN_POINT('',(15.520703125,1.1962890625,0.));
#3924 = CARTESIAN_POINT('',(15.520703125,1.52734375,0.));
#3925 = CARTESIAN_POINT('',(15.31806640625,1.7177734375,0.));
#3926 = PCURVE('',#126,#3927);
#3927 = DEFINITIONAL_REPRESENTATION('',(#3928),#3932);
#3928 = B_SPLINE_CURVE_WITH_KNOTS('',2,(#3929,#3930,#3931),
  .UNSPECIFIED.,.F.,.F.,(3,3),(0.,1.),.PIECEWISE_BEZIER_KNOTS.);
#3929 = CARTESIAN_POINT('',(23.320703125,3.307043037179));
#3930 = CARTESIAN_POINT('',(23.320703125,2.975988349679));
#3931 = CARTESIAN_POINT('',(23.11806640625,2.785558662179));
#3932 = ( GEOMETRIC_REPRESENTATION_CONTEXT(2) 
PARAMETRIC_REPRESENTATION_CONTEXT() REPRESENTATION_CONTEXT('2D SPACE',''
  ) );
#3933 = PCURVE('',#3934,#3941);
#3934 = SURFACE_OF_LINEAR_EXTRUSION('',#3935,#3939);
#3935 = B_SPLINE_CURVE_WITH_KNOTS('',2,(#3936,#3937,#3938),
  .UNSPECIFIED.,.F.,.F.,(3,3),(0.,1.),.PIECEWISE_BEZIER_KNOTS.);
#3936 = CARTESIAN_POINT('',(15.520703125,1.1962890625,0.));
#3937 = CARTESIAN_POINT('',(15.520703125,1.52734375,0.));
#3938 = CARTESIAN_POINT('',(15.31806640625,1.7177734375,0.));
#3939 = VECTOR('',#3940,1.);
#3940 = DIRECTION('',(0.,-1.224646799147E-16,-1.));
#3941 = DEFINITIONAL_REPRESENTATION('',(#3942),#3946);
#3942 = LINE('',#3943,#3944);
#3943 = CARTESIAN_POINT('',(0.,0.));
#3944 = VECTOR('',#3945,1.);
#3945 = DIRECTION('',(1.,0.));
#3946 = ( GEOMETRIC_REPRESENTATION_CONTEXT(2) 
PARAMETRIC_REPRESENTATION_CONTEXT() REPRESENTATION_CONTEXT('2D SPACE',''
  ) );
#3947 = ORIENTED_EDGE('',*,*,#3948,.T.);
#3948 = EDGE_CURVE('',#3919,#3949,#3951,.T.);
#3949 = VERTEX_POINT('',#3950);
#3950 = CARTESIAN_POINT('',(14.76484375,1.908203125,0.));
#3951 = SURFACE_CURVE('',#3952,(#3956,#3963),.PCURVE_S1.);
#3952 = B_SPLINE_CURVE_WITH_KNOTS('',2,(#3953,#3954,#3955),
  .UNSPECIFIED.,.F.,.F.,(3,3),(0.,1.),.PIECEWISE_BEZIER_KNOTS.);
#3953 = CARTESIAN_POINT('',(15.31806640625,1.7177734375,0.));
#3954 = CARTESIAN_POINT('',(15.1154296875,1.908203125,0.));
#3955 = CARTESIAN_POINT('',(14.76484375,1.908203125,0.));
#3956 = PCURVE('',#126,#3957);
#3957 = DEFINITIONAL_REPRESENTATION('',(#3958),#3962);
#3958 = B_SPLINE_CURVE_WITH_KNOTS('',2,(#3959,#3960,#3961),
  .UNSPECIFIED.,.F.,.F.,(3,3),(0.,1.),.PIECEWISE_BEZIER_KNOTS.);
#3959 = CARTESIAN_POINT('',(23.11806640625,2.785558662179));
#3960 = CARTESIAN_POINT('',(22.9154296875,2.595128974679));
#3961 = CARTESIAN_POINT('',(22.56484375,2.595128974679));
#3962 = ( GEOMETRIC_REPRESENTATION_CONTEXT(2) 
PARAMETRIC_REPRESENTATION_CONTEXT() REPRESENTATION_CONTEXT('2D SPACE',''
  ) );
#3963 = PCURVE('',#3964,#3971);
#3964 = SURFACE_OF_LINEAR_EXTRUSION('',#3965,#3969);
#3965 = B_SPLINE_CURVE_WITH_KNOTS('',2,(#3966,#3967,#3968),
  .UNSPECIFIED.,.F.,.F.,(3,3),(0.,1.),.PIECEWISE_BEZIER_KNOTS.);
#3966 = CARTESIAN_POINT('',(15.31806640625,1.7177734375,0.));
#3967 = CARTESIAN_POINT('',(15.1154296875,1.908203125,0.));
#3968 = CARTESIAN_POINT('',(14.76484375,1.908203125,0.));
#3969 = VECTOR('',#3970,1.);
#3970 = DIRECTION('',(0.,-1.224646799147E-16,-1.));
#3971 = DEFINITIONAL_REPRESENTATION('',(#3972),#3976);
#3972 = LINE('',#3973,#3974);
#3973 = CARTESIAN_POINT('',(0.,0.));
#3974 = VECTOR('',#3975,1.);
#3975 = DIRECTION('',(1.,0.));
#3976 = ( GEOMETRIC_REPRESENTATION_CONTEXT(2) 
PARAMETRIC_REPRESENTATION_CONTEXT() REPRESENTATION_CONTEXT('2D SPACE',''
  ) );
#3977 = ORIENTED_EDGE('',*,*,#3978,.T.);
#3978 = EDGE_CURVE('',#3949,#3979,#3981,.T.);
#3979 = VERTEX_POINT('',#3980);
#3980 = CARTESIAN_POINT('',(14.21064453125,1.7177734375,0.));
#3981 = SURFACE_CURVE('',#3982,(#3986,#3993),.PCURVE_S1.);
#3982 = B_SPLINE_CURVE_WITH_KNOTS('',2,(#3983,#3984,#3985),
  .UNSPECIFIED.,.F.,.F.,(3,3),(0.,1.),.PIECEWISE_BEZIER_KNOTS.);
#3983 = CARTESIAN_POINT('',(14.76484375,1.908203125,0.));
#3984 = CARTESIAN_POINT('',(14.41328125,1.908203125,0.));
#3985 = CARTESIAN_POINT('',(14.21064453125,1.7177734375,0.));
#3986 = PCURVE('',#126,#3987);
#3987 = DEFINITIONAL_REPRESENTATION('',(#3988),#3992);
#3988 = B_SPLINE_CURVE_WITH_KNOTS('',2,(#3989,#3990,#3991),
  .UNSPECIFIED.,.F.,.F.,(3,3),(0.,1.),.PIECEWISE_BEZIER_KNOTS.);
#3989 = CARTESIAN_POINT('',(22.56484375,2.595128974679));
#3990 = CARTESIAN_POINT('',(22.21328125,2.595128974679));
#3991 = CARTESIAN_POINT('',(22.01064453125,2.785558662179));
#3992 = ( GEOMETRIC_REPRESENTATION_CONTEXT(2) 
PARAMETRIC_REPRESENTATION_CONTEXT() REPRESENTATION_CONTEXT('2D SPACE',''
  ) );
#3993 = PCURVE('',#3994,#4001);
#3994 = SURFACE_OF_LINEAR_EXTRUSION('',#3995,#3999);
#3995 = B_SPLINE_CURVE_WITH_KNOTS('',2,(#3996,#3997,#3998),
  .UNSPECIFIED.,.F.,.F.,(3,3),(0.,1.),.PIECEWISE_BEZIER_KNOTS.);
#3996 = CARTESIAN_POINT('',(14.76484375,1.908203125,0.));
#3997 = CARTESIAN_POINT('',(14.41328125,1.908203125,0.));
#3998 = CARTESIAN_POINT('',(14.21064453125,1.7177734375,0.));
#3999 = VECTOR('',#4000,1.);
#4000 = DIRECTION('',(0.,-1.224646799147E-16,-1.));
#4001 = DEFINITIONAL_REPRESENTATION('',(#4002),#4006);
#4002 = LINE('',#4003,#4004);
#4003 = CARTESIAN_POINT('',(0.,0.));
#4004 = VECTOR('',#4005,1.);
#4005 = DIRECTION('',(1.,0.));
#4006 = ( GEOMETRIC_REPRESENTATION_CONTEXT(2) 
PARAMETRIC_REPRESENTATION_CONTEXT() REPRESENTATION_CONTEXT('2D SPACE',''
  ) );
#4007 = ORIENTED_EDGE('',*,*,#4008,.T.);
#4008 = EDGE_CURVE('',#3979,#4009,#4011,.T.);
#4009 = VERTEX_POINT('',#4010);
#4010 = CARTESIAN_POINT('',(14.0080078125,1.1962890625,0.));
#4011 = SURFACE_CURVE('',#4012,(#4016,#4023),.PCURVE_S1.);
#4012 = B_SPLINE_CURVE_WITH_KNOTS('',2,(#4013,#4014,#4015),
  .UNSPECIFIED.,.F.,.F.,(3,3),(0.,1.),.PIECEWISE_BEZIER_KNOTS.);
#4013 = CARTESIAN_POINT('',(14.21064453125,1.7177734375,0.));
#4014 = CARTESIAN_POINT('',(14.0080078125,1.52734375,0.));
#4015 = CARTESIAN_POINT('',(14.0080078125,1.1962890625,0.));
#4016 = PCURVE('',#126,#4017);
#4017 = DEFINITIONAL_REPRESENTATION('',(#4018),#4022);
#4018 = B_SPLINE_CURVE_WITH_KNOTS('',2,(#4019,#4020,#4021),
  .UNSPECIFIED.,.F.,.F.,(3,3),(0.,1.),.PIECEWISE_BEZIER_KNOTS.);
#4019 = CARTESIAN_POINT('',(22.01064453125,2.785558662179));
#4020 = CARTESIAN_POINT('',(21.8080078125,2.975988349679));
#4021 = CARTESIAN_POINT('',(21.8080078125,3.307043037179));
#4022 = ( GEOMETRIC_REPRESENTATION_CONTEXT(2) 
PARAMETRIC_REPRESENTATION_CONTEXT() REPRESENTATION_CONTEXT('2D SPACE',''
  ) );
#4023 = PCURVE('',#4024,#4031);
#4024 = SURFACE_OF_LINEAR_EXTRUSION('',#4025,#4029);
#4025 = B_SPLINE_CURVE_WITH_KNOTS('',2,(#4026,#4027,#4028),
  .UNSPECIFIED.,.F.,.F.,(3,3),(0.,1.),.PIECEWISE_BEZIER_KNOTS.);
#4026 = CARTESIAN_POINT('',(14.21064453125,1.7177734375,0.));
#4027 = CARTESIAN_POINT('',(14.0080078125,1.52734375,0.));
#4028 = CARTESIAN_POINT('',(14.0080078125,1.1962890625,0.));
#4029 = VECTOR('',#4030,1.);
#4030 = DIRECTION('',(0.,-1.224646799147E-16,-1.));
#4031 = DEFINITIONAL_REPRESENTATION('',(#4032),#4036);
#4032 = LINE('',#4033,#4034);
#4033 = CARTESIAN_POINT('',(0.,0.));
#4034 = VECTOR('',#4035,1.);
#4035 = DIRECTION('',(1.,0.));
#4036 = ( GEOMETRIC_REPRESENTATION_CONTEXT(2) 
PARAMETRIC_REPRESENTATION_CONTEXT() REPRESENTATION_CONTEXT('2D SPACE',''
  ) );
#4037 = ORIENTED_EDGE('',*,*,#4038,.T.);
#4038 = EDGE_CURVE('',#4009,#3531,#4039,.T.);
#4039 = SURFACE_CURVE('',#4040,(#4044,#4051),.PCURVE_S1.);
#4040 = B_SPLINE_CURVE_WITH_KNOTS('',2,(#4041,#4042,#4043),
  .UNSPECIFIED.,.F.,.F.,(3,3),(0.,1.),.PIECEWISE_BEZIER_KNOTS.);
#4041 = CARTESIAN_POINT('',(14.0080078125,1.1962890625,0.));
#4042 = CARTESIAN_POINT('',(14.0080078125,1.0654296875,0.));
#4043 = CARTESIAN_POINT('',(14.04267578125,0.94970703125,0.));
#4044 = PCURVE('',#126,#4045);
#4045 = DEFINITIONAL_REPRESENTATION('',(#4046),#4050);
#4046 = B_SPLINE_CURVE_WITH_KNOTS('',2,(#4047,#4048,#4049),
  .UNSPECIFIED.,.F.,.F.,(3,3),(0.,1.),.PIECEWISE_BEZIER_KNOTS.);
#4047 = CARTESIAN_POINT('',(21.8080078125,3.307043037179));
#4048 = CARTESIAN_POINT('',(21.8080078125,3.437902412179));
#4049 = CARTESIAN_POINT('',(21.84267578125,3.553625068429));
#4050 = ( GEOMETRIC_REPRESENTATION_CONTEXT(2) 
PARAMETRIC_REPRESENTATION_CONTEXT() REPRESENTATION_CONTEXT('2D SPACE',''
  ) );
#4051 = PCURVE('',#4052,#4059);
#4052 = SURFACE_OF_LINEAR_EXTRUSION('',#4053,#4057);
#4053 = B_SPLINE_CURVE_WITH_KNOTS('',2,(#4054,#4055,#4056),
  .UNSPECIFIED.,.F.,.F.,(3,3),(0.,1.),.PIECEWISE_BEZIER_KNOTS.);
#4054 = CARTESIAN_POINT('',(14.0080078125,1.1962890625,0.));
#4055 = CARTESIAN_POINT('',(14.0080078125,1.0654296875,0.));
#4056 = CARTESIAN_POINT('',(14.04267578125,0.94970703125,0.));
#4057 = VECTOR('',#4058,1.);
#4058 = DIRECTION('',(0.,-1.224646799147E-16,-1.));
#4059 = DEFINITIONAL_REPRESENTATION('',(#4060),#4064);
#4060 = LINE('',#4061,#4062);
#4061 = CARTESIAN_POINT('',(0.,0.));
#4062 = VECTOR('',#4063,1.);
#4063 = DIRECTION('',(1.,0.));
#4064 = ( GEOMETRIC_REPRESENTATION_CONTEXT(2) 
PARAMETRIC_REPRESENTATION_CONTEXT() REPRESENTATION_CONTEXT('2D SPACE',''
  ) );
#4065 = FACE_BOUND('',#4066,.T.);
#4066 = EDGE_LOOP('',(#4067));
#4067 = ORIENTED_EDGE('',*,*,#4068,.T.);
#4068 = EDGE_CURVE('',#4069,#4069,#4071,.T.);
#4069 = VERTEX_POINT('',#4070);
#4070 = CARTESIAN_POINT('',(-13.42904821689,-4.745269700507,
    8.881784197001E-16));
#4071 = SURFACE_CURVE('',#4072,(#4077,#4088),.PCURVE_S1.);
#4072 = CIRCLE('',#4073,1.25);
#4073 = AXIS2_PLACEMENT_3D('',#4074,#4075,#4076);
#4074 = CARTESIAN_POINT('',(-12.17904821689,-4.745269700507,
    8.881784197001E-16));
#4075 = DIRECTION('',(0.,1.224646799147E-16,1.));
#4076 = DIRECTION('',(-1.,0.,0.));
#4077 = PCURVE('',#126,#4078);
#4078 = DEFINITIONAL_REPRESENTATION('',(#4079),#4087);
#4079 = ( BOUNDED_CURVE() B_SPLINE_CURVE(2,(#4080,#4081,#4082,#4083,
#4084,#4085,#4086),.UNSPECIFIED.,.T.,.F.) B_SPLINE_CURVE_WITH_KNOTS((1,2
    ,2,2,2,1),(-2.094395102393,0.,2.094395102393,4.188790204786,
6.28318530718,8.377580409573),.UNSPECIFIED.) CURVE() 
GEOMETRIC_REPRESENTATION_ITEM() RATIONAL_B_SPLINE_CURVE((1.,0.5,1.,0.5,
1.,0.5,1.)) REPRESENTATION_ITEM('') );
#4080 = CARTESIAN_POINT('',(-5.629048216895,9.248601800186));
#4081 = CARTESIAN_POINT('',(-5.629048216895,11.413665309647));
#4082 = CARTESIAN_POINT('',(-3.754048216895,10.331133554916));
#4083 = CARTESIAN_POINT('',(-1.879048216895,9.248601800186));
#4084 = CARTESIAN_POINT('',(-3.754048216895,8.166070045455));
#4085 = CARTESIAN_POINT('',(-5.629048216895,7.083538290725));
#4086 = CARTESIAN_POINT('',(-5.629048216895,9.248601800186));
#4087 = ( GEOMETRIC_REPRESENTATION_CONTEXT(2) 
PARAMETRIC_REPRESENTATION_CONTEXT() REPRESENTATION_CONTEXT('2D SPACE',''
  ) );
#4088 = PCURVE('',#4089,#4094);
#4089 = CONICAL_SURFACE('',#4090,1.25,8.502181265222E-02);
#4090 = AXIS2_PLACEMENT_3D('',#4091,#4092,#4093);
#4091 = CARTESIAN_POINT('',(-12.17904821689,-4.745269700507,
    8.881784197001E-16));
#4092 = DIRECTION('',(-0.,-1.224646799147E-16,-1.));
#4093 = DIRECTION('',(-1.,0.,0.));
#4094 = DEFINITIONAL_REPRESENTATION('',(#4095),#4099);
#4095 = LINE('',#4096,#4097);
#4096 = CARTESIAN_POINT('',(-0.,-0.));
#4097 = VECTOR('',#4098,1.);
#4098 = DIRECTION('',(-1.,-0.));
#4099 = ( GEOMETRIC_REPRESENTATION_CONTEXT(2) 
PARAMETRIC_REPRESENTATION_CONTEXT() REPRESENTATION_CONTEXT('2D SPACE',''
  ) );
#4100 = FACE_BOUND('',#4101,.T.);
#4101 = EDGE_LOOP('',(#4102));
#4102 = ORIENTED_EDGE('',*,*,#4103,.T.);
#4103 = EDGE_CURVE('',#4104,#4104,#4106,.T.);
#4104 = VERTEX_POINT('',#4105);
#4105 = CARTESIAN_POINT('',(-10.87093932557,-8.476044271575,
    8.881784197001E-16));
#4106 = SURFACE_CURVE('',#4107,(#4112,#4123),.PCURVE_S1.);
#4107 = CIRCLE('',#4108,1.25);
#4108 = AXIS2_PLACEMENT_3D('',#4109,#4110,#4111);
#4109 = CARTESIAN_POINT('',(-9.62093932557,-8.476044271575,
    8.881784197001E-16));
#4110 = DIRECTION('',(0.,1.224646799147E-16,1.));
#4111 = DIRECTION('',(-1.,0.,0.));
#4112 = PCURVE('',#126,#4113);
#4113 = DEFINITIONAL_REPRESENTATION('',(#4114),#4122);
#4114 = ( BOUNDED_CURVE() B_SPLINE_CURVE(2,(#4115,#4116,#4117,#4118,
#4119,#4120,#4121),.UNSPECIFIED.,.T.,.F.) B_SPLINE_CURVE_WITH_KNOTS((1,2
    ,2,2,2,1),(-2.094395102393,0.,2.094395102393,4.188790204786,
6.28318530718,8.377580409573),.UNSPECIFIED.) CURVE() 
GEOMETRIC_REPRESENTATION_ITEM() RATIONAL_B_SPLINE_CURVE((1.,0.5,1.,0.5,
1.,0.5,1.)) REPRESENTATION_ITEM('') );
#4115 = CARTESIAN_POINT('',(-3.07093932557,12.979376371254));
#4116 = CARTESIAN_POINT('',(-3.07093932557,15.144439880715));
#4117 = CARTESIAN_POINT('',(-1.19593932557,14.061908125984));
#4118 = CARTESIAN_POINT('',(0.67906067443,12.979376371254));
#4119 = CARTESIAN_POINT('',(-1.19593932557,11.896844616523));
#4120 = CARTESIAN_POINT('',(-3.07093932557,10.814312861793));
#4121 = CARTESIAN_POINT('',(-3.07093932557,12.979376371254));
#4122 = ( GEOMETRIC_REPRESENTATION_CONTEXT(2) 
PARAMETRIC_REPRESENTATION_CONTEXT() REPRESENTATION_CONTEXT('2D SPACE',''
  ) );
#4123 = PCURVE('',#4124,#4129);
#4124 = CONICAL_SURFACE('',#4125,1.25,8.502181265222E-02);
#4125 = AXIS2_PLACEMENT_3D('',#4126,#4127,#4128);
#4126 = CARTESIAN_POINT('',(-9.62093932557,-8.476044271575,
    8.881784197001E-16));
#4127 = DIRECTION('',(-0.,-1.224646799147E-16,-1.));
#4128 = DIRECTION('',(-1.,0.,0.));
#4129 = DEFINITIONAL_REPRESENTATION('',(#4130),#4134);
#4130 = LINE('',#4131,#4132);
#4131 = CARTESIAN_POINT('',(-0.,-0.));
#4132 = VECTOR('',#4133,1.);
#4133 = DIRECTION('',(-1.,-0.));
#4134 = ( GEOMETRIC_REPRESENTATION_CONTEXT(2) 
PARAMETRIC_REPRESENTATION_CONTEXT() REPRESENTATION_CONTEXT('2D SPACE',''
  ) );
#4135 = FACE_BOUND('',#4136,.T.);
#4136 = EDGE_LOOP('',(#4137));
#4137 = ORIENTED_EDGE('',*,*,#4138,.T.);
#4138 = EDGE_CURVE('',#4139,#4139,#4141,.T.);
#4139 = VERTEX_POINT('',#4140);
#4140 = CARTESIAN_POINT('',(-3.23,-12.92,1.7763568394E-15));
#4141 = SURFACE_CURVE('',#4142,(#4147,#4158),.PCURVE_S1.);
#4142 = CIRCLE('',#4143,1.25);
#4143 = AXIS2_PLACEMENT_3D('',#4144,#4145,#4146);
#4144 = CARTESIAN_POINT('',(-1.98,-12.92,1.7763568394E-15));
#4145 = DIRECTION('',(0.,1.224646799147E-16,1.));
#4146 = DIRECTION('',(-1.,0.,0.));
#4147 = PCURVE('',#126,#4148);
#4148 = DEFINITIONAL_REPRESENTATION('',(#4149),#4157);
#4149 = ( BOUNDED_CURVE() B_SPLINE_CURVE(2,(#4150,#4151,#4152,#4153,
#4154,#4155,#4156),.UNSPECIFIED.,.T.,.F.) B_SPLINE_CURVE_WITH_KNOTS((1,2
    ,2,2,2,1),(-2.094395102393,0.,2.094395102393,4.188790204786,
6.28318530718,8.377580409573),.UNSPECIFIED.) CURVE() 
GEOMETRIC_REPRESENTATION_ITEM() RATIONAL_B_SPLINE_CURVE((1.,0.5,1.,0.5,
1.,0.5,1.)) REPRESENTATION_ITEM('') );
#4150 = CARTESIAN_POINT('',(4.57,17.423332099679));
#4151 = CARTESIAN_POINT('',(4.57,19.58839560914));
#4152 = CARTESIAN_POINT('',(6.445,18.50586385441));
#4153 = CARTESIAN_POINT('',(8.32,17.423332099679));
#4154 = CARTESIAN_POINT('',(6.445,16.340800344949));
#4155 = CARTESIAN_POINT('',(4.57,15.258268590218));
#4156 = CARTESIAN_POINT('',(4.57,17.423332099679));
#4157 = ( GEOMETRIC_REPRESENTATION_CONTEXT(2) 
PARAMETRIC_REPRESENTATION_CONTEXT() REPRESENTATION_CONTEXT('2D SPACE',''
  ) );
#4158 = PCURVE('',#4159,#4164);
#4159 = CONICAL_SURFACE('',#4160,1.25,8.502181265222E-02);
#4160 = AXIS2_PLACEMENT_3D('',#4161,#4162,#4163);
#4161 = CARTESIAN_POINT('',(-1.98,-12.92,1.7763568394E-15));
#4162 = DIRECTION('',(-0.,-1.224646799147E-16,-1.));
#4163 = DIRECTION('',(-1.,0.,0.));
#4164 = DEFINITIONAL_REPRESENTATION('',(#4165),#4169);
#4165 = LINE('',#4166,#4167);
#4166 = CARTESIAN_POINT('',(-0.,-0.));
#4167 = VECTOR('',#4168,1.);
#4168 = DIRECTION('',(-1.,-0.));
#4169 = ( GEOMETRIC_REPRESENTATION_CONTEXT(2) 
PARAMETRIC_REPRESENTATION_CONTEXT() REPRESENTATION_CONTEXT('2D SPACE',''
  ) );
#4170 = FACE_BOUND('',#4171,.T.);
#4171 = EDGE_LOOP('',(#4172,#4202,#4230,#4258,#4288,#4318,#4348,#4378,
    #4408,#4438,#4468));
#4172 = ORIENTED_EDGE('',*,*,#4173,.T.);
#4173 = EDGE_CURVE('',#4174,#4176,#4178,.T.);
#4174 = VERTEX_POINT('',#4175);
#4175 = CARTESIAN_POINT('',(15.4923828125,-9.5703125E-02,0.));
#4176 = VERTEX_POINT('',#4177);
#4177 = CARTESIAN_POINT('',(15.4923828125,0.427734375,0.));
#4178 = SURFACE_CURVE('',#4179,(#4183,#4190),.PCURVE_S1.);
#4179 = LINE('',#4180,#4181);
#4180 = CARTESIAN_POINT('',(15.4923828125,-9.5703125E-02,0.));
#4181 = VECTOR('',#4182,1.);
#4182 = DIRECTION('',(-1.110223024625E-16,1.,-1.224646799147E-16));
#4183 = PCURVE('',#126,#4184);
#4184 = DEFINITIONAL_REPRESENTATION('',(#4185),#4189);
#4185 = LINE('',#4186,#4187);
#4186 = CARTESIAN_POINT('',(23.2923828125,4.599035224679));
#4187 = VECTOR('',#4188,1.);
#4188 = DIRECTION('',(-1.110223024625E-16,-1.));
#4189 = ( GEOMETRIC_REPRESENTATION_CONTEXT(2) 
PARAMETRIC_REPRESENTATION_CONTEXT() REPRESENTATION_CONTEXT('2D SPACE',''
  ) );
#4190 = PCURVE('',#4191,#4196);
#4191 = PLANE('',#4192);
#4192 = AXIS2_PLACEMENT_3D('',#4193,#4194,#4195);
#4193 = CARTESIAN_POINT('',(15.4923828125,-9.5703125E-02,0.));
#4194 = DIRECTION('',(-1.,-1.110223024625E-16,1.359631073447E-32));
#4195 = DIRECTION('',(-1.110223024625E-16,1.,-1.224646799147E-16));
#4196 = DEFINITIONAL_REPRESENTATION('',(#4197),#4201);
#4197 = LINE('',#4198,#4199);
#4198 = CARTESIAN_POINT('',(4.163336342344E-17,-5.098616525426E-33));
#4199 = VECTOR('',#4200,1.);
#4200 = DIRECTION('',(1.,0.));
#4201 = ( GEOMETRIC_REPRESENTATION_CONTEXT(2) 
PARAMETRIC_REPRESENTATION_CONTEXT() REPRESENTATION_CONTEXT('2D SPACE',''
  ) );
#4202 = ORIENTED_EDGE('',*,*,#4203,.T.);
#4203 = EDGE_CURVE('',#4176,#4204,#4206,.T.);
#4204 = VERTEX_POINT('',#4205);
#4205 = CARTESIAN_POINT('',(14.034375,0.427734375,0.));
#4206 = SURFACE_CURVE('',#4207,(#4211,#4218),.PCURVE_S1.);
#4207 = LINE('',#4208,#4209);
#4208 = CARTESIAN_POINT('',(15.4923828125,0.427734375,0.));
#4209 = VECTOR('',#4210,1.);
#4210 = DIRECTION('',(-1.,-1.110223024625E-16,1.359631073447E-32));
#4211 = PCURVE('',#126,#4212);
#4212 = DEFINITIONAL_REPRESENTATION('',(#4213),#4217);
#4213 = LINE('',#4214,#4215);
#4214 = CARTESIAN_POINT('',(23.2923828125,4.075597724679));
#4215 = VECTOR('',#4216,1.);
#4216 = DIRECTION('',(-1.,1.110223024625E-16));
#4217 = ( GEOMETRIC_REPRESENTATION_CONTEXT(2) 
PARAMETRIC_REPRESENTATION_CONTEXT() REPRESENTATION_CONTEXT('2D SPACE',''
  ) );
#4218 = PCURVE('',#4219,#4224);
#4219 = PLANE('',#4220);
#4220 = AXIS2_PLACEMENT_3D('',#4221,#4222,#4223);
#4221 = CARTESIAN_POINT('',(15.4923828125,0.427734375,0.));
#4222 = DIRECTION('',(1.110223024625E-16,-1.,1.224646799147E-16));
#4223 = DIRECTION('',(-1.,-1.110223024625E-16,1.359631073447E-32));
#4224 = DEFINITIONAL_REPRESENTATION('',(#4225),#4229);
#4225 = LINE('',#4226,#4227);
#4226 = CARTESIAN_POINT('',(9.242983279412E-65,-6.798155367234E-33));
#4227 = VECTOR('',#4228,1.);
#4228 = DIRECTION('',(1.,0.));
#4229 = ( GEOMETRIC_REPRESENTATION_CONTEXT(2) 
PARAMETRIC_REPRESENTATION_CONTEXT() REPRESENTATION_CONTEXT('2D SPACE',''
  ) );
#4230 = ORIENTED_EDGE('',*,*,#4231,.T.);
#4231 = EDGE_CURVE('',#4204,#4232,#4234,.T.);
#4232 = VERTEX_POINT('',#4233);
#4233 = CARTESIAN_POINT('',(14.034375,-7.6171875E-02,0.));
#4234 = SURFACE_CURVE('',#4235,(#4239,#4246),.PCURVE_S1.);
#4235 = LINE('',#4236,#4237);
#4236 = CARTESIAN_POINT('',(14.034375,0.427734375,0.));
#4237 = VECTOR('',#4238,1.);
#4238 = DIRECTION('',(1.110223024625E-16,-1.,1.224646799147E-16));
#4239 = PCURVE('',#126,#4240);
#4240 = DEFINITIONAL_REPRESENTATION('',(#4241),#4245);
#4241 = LINE('',#4242,#4243);
#4242 = CARTESIAN_POINT('',(21.834375,4.075597724679));
#4243 = VECTOR('',#4244,1.);
#4244 = DIRECTION('',(1.110223024625E-16,1.));
#4245 = ( GEOMETRIC_REPRESENTATION_CONTEXT(2) 
PARAMETRIC_REPRESENTATION_CONTEXT() REPRESENTATION_CONTEXT('2D SPACE',''
  ) );
#4246 = PCURVE('',#4247,#4252);
#4247 = PLANE('',#4248);
#4248 = AXIS2_PLACEMENT_3D('',#4249,#4250,#4251);
#4249 = CARTESIAN_POINT('',(14.034375,0.427734375,0.));
#4250 = DIRECTION('',(1.,1.110223024625E-16,-1.359631073447E-32));
#4251 = DIRECTION('',(1.110223024625E-16,-1.,1.224646799147E-16));
#4252 = DEFINITIONAL_REPRESENTATION('',(#4253),#4257);
#4253 = LINE('',#4254,#4255);
#4254 = CARTESIAN_POINT('',(0.,0.));
#4255 = VECTOR('',#4256,1.);
#4256 = DIRECTION('',(1.,0.));
#4257 = ( GEOMETRIC_REPRESENTATION_CONTEXT(2) 
PARAMETRIC_REPRESENTATION_CONTEXT() REPRESENTATION_CONTEXT('2D SPACE',''
  ) );
#4258 = ORIENTED_EDGE('',*,*,#4259,.T.);
#4259 = EDGE_CURVE('',#4232,#4260,#4262,.T.);
#4260 = VERTEX_POINT('',#4261);
#4261 = CARTESIAN_POINT('',(14.128125,-0.423828125,0.));
#4262 = SURFACE_CURVE('',#4263,(#4267,#4274),.PCURVE_S1.);
#4263 = B_SPLINE_CURVE_WITH_KNOTS('',2,(#4264,#4265,#4266),
  .UNSPECIFIED.,.F.,.F.,(3,3),(0.,1.),.PIECEWISE_BEZIER_KNOTS.);
#4264 = CARTESIAN_POINT('',(14.034375,-7.6171875E-02,0.));
#4265 = CARTESIAN_POINT('',(14.034375,-0.3017578125,0.));
#4266 = CARTESIAN_POINT('',(14.128125,-0.423828125,0.));
#4267 = PCURVE('',#126,#4268);
#4268 = DEFINITIONAL_REPRESENTATION('',(#4269),#4273);
#4269 = B_SPLINE_CURVE_WITH_KNOTS('',2,(#4270,#4271,#4272),
  .UNSPECIFIED.,.F.,.F.,(3,3),(0.,1.),.PIECEWISE_BEZIER_KNOTS.);
#4270 = CARTESIAN_POINT('',(21.834375,4.579503974679));
#4271 = CARTESIAN_POINT('',(21.834375,4.805089912179));
#4272 = CARTESIAN_POINT('',(21.928125,4.927160224679));
#4273 = ( GEOMETRIC_REPRESENTATION_CONTEXT(2) 
PARAMETRIC_REPRESENTATION_CONTEXT() REPRESENTATION_CONTEXT('2D SPACE',''
  ) );
#4274 = PCURVE('',#4275,#4282);
#4275 = SURFACE_OF_LINEAR_EXTRUSION('',#4276,#4280);
#4276 = B_SPLINE_CURVE_WITH_KNOTS('',2,(#4277,#4278,#4279),
  .UNSPECIFIED.,.F.,.F.,(3,3),(0.,1.),.PIECEWISE_BEZIER_KNOTS.);
#4277 = CARTESIAN_POINT('',(14.034375,-7.6171875E-02,0.));
#4278 = CARTESIAN_POINT('',(14.034375,-0.3017578125,0.));
#4279 = CARTESIAN_POINT('',(14.128125,-0.423828125,0.));
#4280 = VECTOR('',#4281,1.);
#4281 = DIRECTION('',(0.,-1.224646799147E-16,-1.));
#4282 = DEFINITIONAL_REPRESENTATION('',(#4283),#4287);
#4283 = LINE('',#4284,#4285);
#4284 = CARTESIAN_POINT('',(0.,0.));
#4285 = VECTOR('',#4286,1.);
#4286 = DIRECTION('',(1.,0.));
#4287 = ( GEOMETRIC_REPRESENTATION_CONTEXT(2) 
PARAMETRIC_REPRESENTATION_CONTEXT() REPRESENTATION_CONTEXT('2D SPACE',''
  ) );
#4288 = ORIENTED_EDGE('',*,*,#4289,.T.);
#4289 = EDGE_CURVE('',#4260,#4290,#4292,.T.);
#4290 = VERTEX_POINT('',#4291);
#4291 = CARTESIAN_POINT('',(14.3947265625,-0.5458984375,0.));
#4292 = SURFACE_CURVE('',#4293,(#4297,#4304),.PCURVE_S1.);
#4293 = B_SPLINE_CURVE_WITH_KNOTS('',2,(#4294,#4295,#4296),
  .UNSPECIFIED.,.F.,.F.,(3,3),(0.,1.),.PIECEWISE_BEZIER_KNOTS.);
#4294 = CARTESIAN_POINT('',(14.128125,-0.423828125,0.));
#4295 = CARTESIAN_POINT('',(14.221875,-0.5458984375,0.));
#4296 = CARTESIAN_POINT('',(14.3947265625,-0.5458984375,0.));
#4297 = PCURVE('',#126,#4298);
#4298 = DEFINITIONAL_REPRESENTATION('',(#4299),#4303);
#4299 = B_SPLINE_CURVE_WITH_KNOTS('',2,(#4300,#4301,#4302),
  .UNSPECIFIED.,.F.,.F.,(3,3),(0.,1.),.PIECEWISE_BEZIER_KNOTS.);
#4300 = CARTESIAN_POINT('',(21.928125,4.927160224679));
#4301 = CARTESIAN_POINT('',(22.021875,5.049230537179));
#4302 = CARTESIAN_POINT('',(22.1947265625,5.049230537179));
#4303 = ( GEOMETRIC_REPRESENTATION_CONTEXT(2) 
PARAMETRIC_REPRESENTATION_CONTEXT() REPRESENTATION_CONTEXT('2D SPACE',''
  ) );
#4304 = PCURVE('',#4305,#4312);
#4305 = SURFACE_OF_LINEAR_EXTRUSION('',#4306,#4310);
#4306 = B_SPLINE_CURVE_WITH_KNOTS('',2,(#4307,#4308,#4309),
  .UNSPECIFIED.,.F.,.F.,(3,3),(0.,1.),.PIECEWISE_BEZIER_KNOTS.);
#4307 = CARTESIAN_POINT('',(14.128125,-0.423828125,0.));
#4308 = CARTESIAN_POINT('',(14.221875,-0.5458984375,0.));
#4309 = CARTESIAN_POINT('',(14.3947265625,-0.5458984375,0.));
#4310 = VECTOR('',#4311,1.);
#4311 = DIRECTION('',(0.,-1.224646799147E-16,-1.));
#4312 = DEFINITIONAL_REPRESENTATION('',(#4313),#4317);
#4313 = LINE('',#4314,#4315);
#4314 = CARTESIAN_POINT('',(0.,0.));
#4315 = VECTOR('',#4316,1.);
#4316 = DIRECTION('',(1.,0.));
#4317 = ( GEOMETRIC_REPRESENTATION_CONTEXT(2) 
PARAMETRIC_REPRESENTATION_CONTEXT() REPRESENTATION_CONTEXT('2D SPACE',''
  ) );
#4318 = ORIENTED_EDGE('',*,*,#4319,.T.);
#4319 = EDGE_CURVE('',#4290,#4320,#4322,.T.);
#4320 = VERTEX_POINT('',#4321);
#4321 = CARTESIAN_POINT('',(14.6076171875,-0.4833984375,0.));
#4322 = SURFACE_CURVE('',#4323,(#4327,#4334),.PCURVE_S1.);
#4323 = B_SPLINE_CURVE_WITH_KNOTS('',2,(#4324,#4325,#4326),
  .UNSPECIFIED.,.F.,.F.,(3,3),(0.,1.),.PIECEWISE_BEZIER_KNOTS.);
#4324 = CARTESIAN_POINT('',(14.3947265625,-0.5458984375,0.));
#4325 = CARTESIAN_POINT('',(14.528515625,-0.5458984375,0.));
#4326 = CARTESIAN_POINT('',(14.6076171875,-0.4833984375,0.));
#4327 = PCURVE('',#126,#4328);
#4328 = DEFINITIONAL_REPRESENTATION('',(#4329),#4333);
#4329 = B_SPLINE_CURVE_WITH_KNOTS('',2,(#4330,#4331,#4332),
  .UNSPECIFIED.,.F.,.F.,(3,3),(0.,1.),.PIECEWISE_BEZIER_KNOTS.);
#4330 = CARTESIAN_POINT('',(22.1947265625,5.049230537179));
#4331 = CARTESIAN_POINT('',(22.328515625,5.049230537179));
#4332 = CARTESIAN_POINT('',(22.4076171875,4.986730537179));
#4333 = ( GEOMETRIC_REPRESENTATION_CONTEXT(2) 
PARAMETRIC_REPRESENTATION_CONTEXT() REPRESENTATION_CONTEXT('2D SPACE',''
  ) );
#4334 = PCURVE('',#4335,#4342);
#4335 = SURFACE_OF_LINEAR_EXTRUSION('',#4336,#4340);
#4336 = B_SPLINE_CURVE_WITH_KNOTS('',2,(#4337,#4338,#4339),
  .UNSPECIFIED.,.F.,.F.,(3,3),(0.,1.),.PIECEWISE_BEZIER_KNOTS.);
#4337 = CARTESIAN_POINT('',(14.3947265625,-0.5458984375,0.));
#4338 = CARTESIAN_POINT('',(14.528515625,-0.5458984375,0.));
#4339 = CARTESIAN_POINT('',(14.6076171875,-0.4833984375,0.));
#4340 = VECTOR('',#4341,1.);
#4341 = DIRECTION('',(0.,-1.224646799147E-16,-1.));
#4342 = DEFINITIONAL_REPRESENTATION('',(#4343),#4347);
#4343 = LINE('',#4344,#4345);
#4344 = CARTESIAN_POINT('',(0.,0.));
#4345 = VECTOR('',#4346,1.);
#4346 = DIRECTION('',(1.,0.));
#4347 = ( GEOMETRIC_REPRESENTATION_CONTEXT(2) 
PARAMETRIC_REPRESENTATION_CONTEXT() REPRESENTATION_CONTEXT('2D SPACE',''
  ) );
#4348 = ORIENTED_EDGE('',*,*,#4349,.T.);
#4349 = EDGE_CURVE('',#4320,#4350,#4352,.T.);
#4350 = VERTEX_POINT('',#4351);
#4351 = CARTESIAN_POINT('',(14.70625,-0.2998046875,0.));
#4352 = SURFACE_CURVE('',#4353,(#4357,#4364),.PCURVE_S1.);
#4353 = B_SPLINE_CURVE_WITH_KNOTS('',2,(#4354,#4355,#4356),
  .UNSPECIFIED.,.F.,.F.,(3,3),(0.,1.),.PIECEWISE_BEZIER_KNOTS.);
#4354 = CARTESIAN_POINT('',(14.6076171875,-0.4833984375,0.));
#4355 = CARTESIAN_POINT('',(14.68671875,-0.4208984375,0.));
#4356 = CARTESIAN_POINT('',(14.70625,-0.2998046875,0.));
#4357 = PCURVE('',#126,#4358);
#4358 = DEFINITIONAL_REPRESENTATION('',(#4359),#4363);
#4359 = B_SPLINE_CURVE_WITH_KNOTS('',2,(#4360,#4361,#4362),
  .UNSPECIFIED.,.F.,.F.,(3,3),(0.,1.),.PIECEWISE_BEZIER_KNOTS.);
#4360 = CARTESIAN_POINT('',(22.4076171875,4.986730537179));
#4361 = CARTESIAN_POINT('',(22.48671875,4.924230537179));
#4362 = CARTESIAN_POINT('',(22.50625,4.803136787179));
#4363 = ( GEOMETRIC_REPRESENTATION_CONTEXT(2) 
PARAMETRIC_REPRESENTATION_CONTEXT() REPRESENTATION_CONTEXT('2D SPACE',''
  ) );
#4364 = PCURVE('',#4365,#4372);
#4365 = SURFACE_OF_LINEAR_EXTRUSION('',#4366,#4370);
#4366 = B_SPLINE_CURVE_WITH_KNOTS('',2,(#4367,#4368,#4369),
  .UNSPECIFIED.,.F.,.F.,(3,3),(0.,1.),.PIECEWISE_BEZIER_KNOTS.);
#4367 = CARTESIAN_POINT('',(14.6076171875,-0.4833984375,0.));
#4368 = CARTESIAN_POINT('',(14.68671875,-0.4208984375,0.));
#4369 = CARTESIAN_POINT('',(14.70625,-0.2998046875,0.));
#4370 = VECTOR('',#4371,1.);
#4371 = DIRECTION('',(0.,-1.224646799147E-16,-1.));
#4372 = DEFINITIONAL_REPRESENTATION('',(#4373),#4377);
#4373 = LINE('',#4374,#4375);
#4374 = CARTESIAN_POINT('',(0.,0.));
#4375 = VECTOR('',#4376,1.);
#4376 = DIRECTION('',(1.,0.));
#4377 = ( GEOMETRIC_REPRESENTATION_CONTEXT(2) 
PARAMETRIC_REPRESENTATION_CONTEXT() REPRESENTATION_CONTEXT('2D SPACE',''
  ) );
#4378 = ORIENTED_EDGE('',*,*,#4379,.T.);
#4379 = EDGE_CURVE('',#4350,#4380,#4382,.T.);
#4380 = VERTEX_POINT('',#4381);
#4381 = CARTESIAN_POINT('',(14.83662109375,-0.52587890625,0.));
#4382 = SURFACE_CURVE('',#4383,(#4387,#4394),.PCURVE_S1.);
#4383 = B_SPLINE_CURVE_WITH_KNOTS('',2,(#4384,#4385,#4386),
  .UNSPECIFIED.,.F.,.F.,(3,3),(0.,1.),.PIECEWISE_BEZIER_KNOTS.);
#4384 = CARTESIAN_POINT('',(14.70625,-0.2998046875,0.));
#4385 = CARTESIAN_POINT('',(14.7375,-0.4453125,0.));
#4386 = CARTESIAN_POINT('',(14.83662109375,-0.52587890625,0.));
#4387 = PCURVE('',#126,#4388);
#4388 = DEFINITIONAL_REPRESENTATION('',(#4389),#4393);
#4389 = B_SPLINE_CURVE_WITH_KNOTS('',2,(#4390,#4391,#4392),
  .UNSPECIFIED.,.F.,.F.,(3,3),(0.,1.),.PIECEWISE_BEZIER_KNOTS.);
#4390 = CARTESIAN_POINT('',(22.50625,4.803136787179));
#4391 = CARTESIAN_POINT('',(22.5375,4.948644599679));
#4392 = CARTESIAN_POINT('',(22.63662109375,5.029211005929));
#4393 = ( GEOMETRIC_REPRESENTATION_CONTEXT(2) 
PARAMETRIC_REPRESENTATION_CONTEXT() REPRESENTATION_CONTEXT('2D SPACE',''
  ) );
#4394 = PCURVE('',#4395,#4402);
#4395 = SURFACE_OF_LINEAR_EXTRUSION('',#4396,#4400);
#4396 = B_SPLINE_CURVE_WITH_KNOTS('',2,(#4397,#4398,#4399),
  .UNSPECIFIED.,.F.,.F.,(3,3),(0.,1.),.PIECEWISE_BEZIER_KNOTS.);
#4397 = CARTESIAN_POINT('',(14.70625,-0.2998046875,0.));
#4398 = CARTESIAN_POINT('',(14.7375,-0.4453125,0.));
#4399 = CARTESIAN_POINT('',(14.83662109375,-0.52587890625,0.));
#4400 = VECTOR('',#4401,1.);
#4401 = DIRECTION('',(0.,-1.224646799147E-16,-1.));
#4402 = DEFINITIONAL_REPRESENTATION('',(#4403),#4407);
#4403 = LINE('',#4404,#4405);
#4404 = CARTESIAN_POINT('',(0.,0.));
#4405 = VECTOR('',#4406,1.);
#4406 = DIRECTION('',(1.,0.));
#4407 = ( GEOMETRIC_REPRESENTATION_CONTEXT(2) 
PARAMETRIC_REPRESENTATION_CONTEXT() REPRESENTATION_CONTEXT('2D SPACE',''
  ) );
#4408 = ORIENTED_EDGE('',*,*,#4409,.T.);
#4409 = EDGE_CURVE('',#4380,#4410,#4412,.T.);
#4410 = VERTEX_POINT('',#4411);
#4411 = CARTESIAN_POINT('',(15.0841796875,-0.6064453125,0.));
#4412 = SURFACE_CURVE('',#4413,(#4417,#4424),.PCURVE_S1.);
#4413 = B_SPLINE_CURVE_WITH_KNOTS('',2,(#4414,#4415,#4416),
  .UNSPECIFIED.,.F.,.F.,(3,3),(0.,1.),.PIECEWISE_BEZIER_KNOTS.);
#4414 = CARTESIAN_POINT('',(14.83662109375,-0.52587890625,0.));
#4415 = CARTESIAN_POINT('',(14.9357421875,-0.6064453125,0.));
#4416 = CARTESIAN_POINT('',(15.0841796875,-0.6064453125,0.));
#4417 = PCURVE('',#126,#4418);
#4418 = DEFINITIONAL_REPRESENTATION('',(#4419),#4423);
#4419 = B_SPLINE_CURVE_WITH_KNOTS('',2,(#4420,#4421,#4422),
  .UNSPECIFIED.,.F.,.F.,(3,3),(0.,1.),.PIECEWISE_BEZIER_KNOTS.);
#4420 = CARTESIAN_POINT('',(22.63662109375,5.029211005929));
#4421 = CARTESIAN_POINT('',(22.7357421875,5.109777412179));
#4422 = CARTESIAN_POINT('',(22.8841796875,5.109777412179));
#4423 = ( GEOMETRIC_REPRESENTATION_CONTEXT(2) 
PARAMETRIC_REPRESENTATION_CONTEXT() REPRESENTATION_CONTEXT('2D SPACE',''
  ) );
#4424 = PCURVE('',#4425,#4432);
#4425 = SURFACE_OF_LINEAR_EXTRUSION('',#4426,#4430);
#4426 = B_SPLINE_CURVE_WITH_KNOTS('',2,(#4427,#4428,#4429),
  .UNSPECIFIED.,.F.,.F.,(3,3),(0.,1.),.PIECEWISE_BEZIER_KNOTS.);
#4427 = CARTESIAN_POINT('',(14.83662109375,-0.52587890625,0.));
#4428 = CARTESIAN_POINT('',(14.9357421875,-0.6064453125,0.));
#4429 = CARTESIAN_POINT('',(15.0841796875,-0.6064453125,0.));
#4430 = VECTOR('',#4431,1.);
#4431 = DIRECTION('',(0.,-1.224646799147E-16,-1.));
#4432 = DEFINITIONAL_REPRESENTATION('',(#4433),#4437);
#4433 = LINE('',#4434,#4435);
#4434 = CARTESIAN_POINT('',(0.,0.));
#4435 = VECTOR('',#4436,1.);
#4436 = DIRECTION('',(1.,0.));
#4437 = ( GEOMETRIC_REPRESENTATION_CONTEXT(2) 
PARAMETRIC_REPRESENTATION_CONTEXT() REPRESENTATION_CONTEXT('2D SPACE',''
  ) );
#4438 = ORIENTED_EDGE('',*,*,#4439,.T.);
#4439 = EDGE_CURVE('',#4410,#4440,#4442,.T.);
#4440 = VERTEX_POINT('',#4441);
#4441 = CARTESIAN_POINT('',(15.3859375,-0.4736328125,0.));
#4442 = SURFACE_CURVE('',#4443,(#4447,#4454),.PCURVE_S1.);
#4443 = B_SPLINE_CURVE_WITH_KNOTS('',2,(#4444,#4445,#4446),
  .UNSPECIFIED.,.F.,.F.,(3,3),(0.,1.),.PIECEWISE_BEZIER_KNOTS.);
#4444 = CARTESIAN_POINT('',(15.0841796875,-0.6064453125,0.));
#4445 = CARTESIAN_POINT('',(15.2794921875,-0.6064453125,0.));
#4446 = CARTESIAN_POINT('',(15.3859375,-0.4736328125,0.));
#4447 = PCURVE('',#126,#4448);
#4448 = DEFINITIONAL_REPRESENTATION('',(#4449),#4453);
#4449 = B_SPLINE_CURVE_WITH_KNOTS('',2,(#4450,#4451,#4452),
  .UNSPECIFIED.,.F.,.F.,(3,3),(0.,1.),.PIECEWISE_BEZIER_KNOTS.);
#4450 = CARTESIAN_POINT('',(22.8841796875,5.109777412179));
#4451 = CARTESIAN_POINT('',(23.0794921875,5.109777412179));
#4452 = CARTESIAN_POINT('',(23.1859375,4.976964912179));
#4453 = ( GEOMETRIC_REPRESENTATION_CONTEXT(2) 
PARAMETRIC_REPRESENTATION_CONTEXT() REPRESENTATION_CONTEXT('2D SPACE',''
  ) );
#4454 = PCURVE('',#4455,#4462);
#4455 = SURFACE_OF_LINEAR_EXTRUSION('',#4456,#4460);
#4456 = B_SPLINE_CURVE_WITH_KNOTS('',2,(#4457,#4458,#4459),
  .UNSPECIFIED.,.F.,.F.,(3,3),(0.,1.),.PIECEWISE_BEZIER_KNOTS.);
#4457 = CARTESIAN_POINT('',(15.0841796875,-0.6064453125,0.));
#4458 = CARTESIAN_POINT('',(15.2794921875,-0.6064453125,0.));
#4459 = CARTESIAN_POINT('',(15.3859375,-0.4736328125,0.));
#4460 = VECTOR('',#4461,1.);
#4461 = DIRECTION('',(0.,-1.224646799147E-16,-1.));
#4462 = DEFINITIONAL_REPRESENTATION('',(#4463),#4467);
#4463 = LINE('',#4464,#4465);
#4464 = CARTESIAN_POINT('',(0.,0.));
#4465 = VECTOR('',#4466,1.);
#4466 = DIRECTION('',(1.,0.));
#4467 = ( GEOMETRIC_REPRESENTATION_CONTEXT(2) 
PARAMETRIC_REPRESENTATION_CONTEXT() REPRESENTATION_CONTEXT('2D SPACE',''
  ) );
#4468 = ORIENTED_EDGE('',*,*,#4469,.T.);
#4469 = EDGE_CURVE('',#4440,#4174,#4470,.T.);
#4470 = SURFACE_CURVE('',#4471,(#4475,#4482),.PCURVE_S1.);
#4471 = B_SPLINE_CURVE_WITH_KNOTS('',2,(#4472,#4473,#4474),
  .UNSPECIFIED.,.F.,.F.,(3,3),(0.,1.),.PIECEWISE_BEZIER_KNOTS.);
#4472 = CARTESIAN_POINT('',(15.3859375,-0.4736328125,0.));
#4473 = CARTESIAN_POINT('',(15.4923828125,-0.3408203125,0.));
#4474 = CARTESIAN_POINT('',(15.4923828125,-9.5703125E-02,0.));
#4475 = PCURVE('',#126,#4476);
#4476 = DEFINITIONAL_REPRESENTATION('',(#4477),#4481);
#4477 = B_SPLINE_CURVE_WITH_KNOTS('',2,(#4478,#4479,#4480),
  .UNSPECIFIED.,.F.,.F.,(3,3),(0.,1.),.PIECEWISE_BEZIER_KNOTS.);
#4478 = CARTESIAN_POINT('',(23.1859375,4.976964912179));
#4479 = CARTESIAN_POINT('',(23.2923828125,4.844152412179));
#4480 = CARTESIAN_POINT('',(23.2923828125,4.599035224679));
#4481 = ( GEOMETRIC_REPRESENTATION_CONTEXT(2) 
PARAMETRIC_REPRESENTATION_CONTEXT() REPRESENTATION_CONTEXT('2D SPACE',''
  ) );
#4482 = PCURVE('',#4483,#4490);
#4483 = SURFACE_OF_LINEAR_EXTRUSION('',#4484,#4488);
#4484 = B_SPLINE_CURVE_WITH_KNOTS('',2,(#4485,#4486,#4487),
  .UNSPECIFIED.,.F.,.F.,(3,3),(0.,1.),.PIECEWISE_BEZIER_KNOTS.);
#4485 = CARTESIAN_POINT('',(15.3859375,-0.4736328125,0.));
#4486 = CARTESIAN_POINT('',(15.4923828125,-0.3408203125,0.));
#4487 = CARTESIAN_POINT('',(15.4923828125,-9.5703125E-02,0.));
#4488 = VECTOR('',#4489,1.);
#4489 = DIRECTION('',(0.,-1.224646799147E-16,-1.));
#4490 = DEFINITIONAL_REPRESENTATION('',(#4491),#4495);
#4491 = LINE('',#4492,#4493);
#4492 = CARTESIAN_POINT('',(0.,0.));
#4493 = VECTOR('',#4494,1.);
#4494 = DIRECTION('',(1.,0.));
#4495 = ( GEOMETRIC_REPRESENTATION_CONTEXT(2) 
PARAMETRIC_REPRESENTATION_CONTEXT() REPRESENTATION_CONTEXT('2D SPACE',''
  ) );
#4496 = FACE_BOUND('',#4497,.T.);
#4497 = EDGE_LOOP('',(#4498,#4530,#4558,#4586,#4614,#4642,#4672,#4702,
    #4732,#4762,#4792,#4822,#4852,#4882,#4910,#4940,#4970,#5000,#5030,
    #5060,#5090));
#4498 = ORIENTED_EDGE('',*,*,#4499,.T.);
#4499 = EDGE_CURVE('',#4500,#4502,#4504,.T.);
#4500 = VERTEX_POINT('',#4501);
#4501 = CARTESIAN_POINT('',(14.94794921875,-1.5009765625,0.));
#4502 = VERTEX_POINT('',#4503);
#4503 = CARTESIAN_POINT('',(15.3263671875,-1.1318359375,0.));
#4504 = SURFACE_CURVE('',#4505,(#4509,#4516),.PCURVE_S1.);
#4505 = B_SPLINE_CURVE_WITH_KNOTS('',2,(#4506,#4507,#4508),
  .UNSPECIFIED.,.F.,.F.,(3,3),(0.,1.),.PIECEWISE_BEZIER_KNOTS.);
#4506 = CARTESIAN_POINT('',(14.94794921875,-1.5009765625,0.));
#4507 = CARTESIAN_POINT('',(15.083203125,-1.3701171875,0.));
#4508 = CARTESIAN_POINT('',(15.3263671875,-1.1318359375,0.));
#4509 = PCURVE('',#126,#4510);
#4510 = DEFINITIONAL_REPRESENTATION('',(#4511),#4515);
#4511 = B_SPLINE_CURVE_WITH_KNOTS('',2,(#4512,#4513,#4514),
  .UNSPECIFIED.,.F.,.F.,(3,3),(0.,1.),.PIECEWISE_BEZIER_KNOTS.);
#4512 = CARTESIAN_POINT('',(22.74794921875,6.004308662179));
#4513 = CARTESIAN_POINT('',(22.883203125,5.873449287179));
#4514 = CARTESIAN_POINT('',(23.1263671875,5.635168037179));
#4515 = ( GEOMETRIC_REPRESENTATION_CONTEXT(2) 
PARAMETRIC_REPRESENTATION_CONTEXT() REPRESENTATION_CONTEXT('2D SPACE',''
  ) );
#4516 = PCURVE('',#4517,#4524);
#4517 = SURFACE_OF_LINEAR_EXTRUSION('',#4518,#4522);
#4518 = B_SPLINE_CURVE_WITH_KNOTS('',2,(#4519,#4520,#4521),
  .UNSPECIFIED.,.F.,.F.,(3,3),(0.,1.),.PIECEWISE_BEZIER_KNOTS.);
#4519 = CARTESIAN_POINT('',(14.94794921875,-1.5009765625,0.));
#4520 = CARTESIAN_POINT('',(15.083203125,-1.3701171875,0.));
#4521 = CARTESIAN_POINT('',(15.3263671875,-1.1318359375,0.));
#4522 = VECTOR('',#4523,1.);
#4523 = DIRECTION('',(0.,-1.224646799147E-16,-1.));
#4524 = DEFINITIONAL_REPRESENTATION('',(#4525),#4529);
#4525 = LINE('',#4526,#4527);
#4526 = CARTESIAN_POINT('',(0.,0.));
#4527 = VECTOR('',#4528,1.);
#4528 = DIRECTION('',(1.,0.));
#4529 = ( GEOMETRIC_REPRESENTATION_CONTEXT(2) 
PARAMETRIC_REPRESENTATION_CONTEXT() REPRESENTATION_CONTEXT('2D SPACE',''
  ) );
#4530 = ORIENTED_EDGE('',*,*,#4531,.T.);
#4531 = EDGE_CURVE('',#4502,#4532,#4534,.T.);
#4532 = VERTEX_POINT('',#4533);
#4533 = CARTESIAN_POINT('',(15.3263671875,-1.8203125,0.));
#4534 = SURFACE_CURVE('',#4535,(#4539,#4546),.PCURVE_S1.);
#4535 = LINE('',#4536,#4537);
#4536 = CARTESIAN_POINT('',(15.3263671875,-1.1318359375,0.));
#4537 = VECTOR('',#4538,1.);
#4538 = DIRECTION('',(1.110223024625E-16,-1.,1.224646799147E-16));
#4539 = PCURVE('',#126,#4540);
#4540 = DEFINITIONAL_REPRESENTATION('',(#4541),#4545);
#4541 = LINE('',#4542,#4543);
#4542 = CARTESIAN_POINT('',(23.1263671875,5.635168037179));
#4543 = VECTOR('',#4544,1.);
#4544 = DIRECTION('',(1.110223024625E-16,1.));
#4545 = ( GEOMETRIC_REPRESENTATION_CONTEXT(2) 
PARAMETRIC_REPRESENTATION_CONTEXT() REPRESENTATION_CONTEXT('2D SPACE',''
  ) );
#4546 = PCURVE('',#4547,#4552);
#4547 = PLANE('',#4548);
#4548 = AXIS2_PLACEMENT_3D('',#4549,#4550,#4551);
#4549 = CARTESIAN_POINT('',(15.3263671875,-1.1318359375,0.));
#4550 = DIRECTION('',(1.,1.110223024625E-16,-1.359631073447E-32));
#4551 = DIRECTION('',(1.110223024625E-16,-1.,1.224646799147E-16));
#4552 = DEFINITIONAL_REPRESENTATION('',(#4553),#4557);
#4553 = LINE('',#4554,#4555);
#4554 = CARTESIAN_POINT('',(0.,0.));
#4555 = VECTOR('',#4556,1.);
#4556 = DIRECTION('',(1.,0.));
#4557 = ( GEOMETRIC_REPRESENTATION_CONTEXT(2) 
PARAMETRIC_REPRESENTATION_CONTEXT() REPRESENTATION_CONTEXT('2D SPACE',''
  ) );
#4558 = ORIENTED_EDGE('',*,*,#4559,.T.);
#4559 = EDGE_CURVE('',#4532,#4560,#4562,.T.);
#4560 = VERTEX_POINT('',#4561);
#4561 = CARTESIAN_POINT('',(15.4923828125,-1.8203125,0.));
#4562 = SURFACE_CURVE('',#4563,(#4567,#4574),.PCURVE_S1.);
#4563 = LINE('',#4564,#4565);
#4564 = CARTESIAN_POINT('',(15.3263671875,-1.8203125,0.));
#4565 = VECTOR('',#4566,1.);
#4566 = DIRECTION('',(1.,1.110223024625E-16,-1.359631073447E-32));
#4567 = PCURVE('',#126,#4568);
#4568 = DEFINITIONAL_REPRESENTATION('',(#4569),#4573);
#4569 = LINE('',#4570,#4571);
#4570 = CARTESIAN_POINT('',(23.1263671875,6.323644599679));
#4571 = VECTOR('',#4572,1.);
#4572 = DIRECTION('',(1.,-1.110223024625E-16));
#4573 = ( GEOMETRIC_REPRESENTATION_CONTEXT(2) 
PARAMETRIC_REPRESENTATION_CONTEXT() REPRESENTATION_CONTEXT('2D SPACE',''
  ) );
#4574 = PCURVE('',#4575,#4580);
#4575 = PLANE('',#4576);
#4576 = AXIS2_PLACEMENT_3D('',#4577,#4578,#4579);
#4577 = CARTESIAN_POINT('',(15.3263671875,-1.8203125,0.));
#4578 = DIRECTION('',(-1.110223024625E-16,1.,-1.224646799147E-16));
#4579 = DIRECTION('',(1.,1.110223024625E-16,-1.359631073447E-32));
#4580 = DEFINITIONAL_REPRESENTATION('',(#4581),#4585);
#4581 = LINE('',#4582,#4583);
#4582 = CARTESIAN_POINT('',(0.,0.));
#4583 = VECTOR('',#4584,1.);
#4584 = DIRECTION('',(1.,0.));
#4585 = ( GEOMETRIC_REPRESENTATION_CONTEXT(2) 
PARAMETRIC_REPRESENTATION_CONTEXT() REPRESENTATION_CONTEXT('2D SPACE',''
  ) );
#4586 = ORIENTED_EDGE('',*,*,#4587,.T.);
#4587 = EDGE_CURVE('',#4560,#4588,#4590,.T.);
#4588 = VERTEX_POINT('',#4589);
#4589 = CARTESIAN_POINT('',(15.4923828125,-0.89453125,0.));
#4590 = SURFACE_CURVE('',#4591,(#4595,#4602),.PCURVE_S1.);
#4591 = LINE('',#4592,#4593);
#4592 = CARTESIAN_POINT('',(15.4923828125,-1.8203125,0.));
#4593 = VECTOR('',#4594,1.);
#4594 = DIRECTION('',(-1.110223024625E-16,1.,-1.224646799147E-16));
#4595 = PCURVE('',#126,#4596);
#4596 = DEFINITIONAL_REPRESENTATION('',(#4597),#4601);
#4597 = LINE('',#4598,#4599);
#4598 = CARTESIAN_POINT('',(23.2923828125,6.323644599679));
#4599 = VECTOR('',#4600,1.);
#4600 = DIRECTION('',(-1.110223024625E-16,-1.));
#4601 = ( GEOMETRIC_REPRESENTATION_CONTEXT(2) 
PARAMETRIC_REPRESENTATION_CONTEXT() REPRESENTATION_CONTEXT('2D SPACE',''
  ) );
#4602 = PCURVE('',#4603,#4608);
#4603 = PLANE('',#4604);
#4604 = AXIS2_PLACEMENT_3D('',#4605,#4606,#4607);
#4605 = CARTESIAN_POINT('',(15.4923828125,-1.8203125,0.));
#4606 = DIRECTION('',(-1.,-1.110223024625E-16,1.359631073447E-32));
#4607 = DIRECTION('',(-1.110223024625E-16,1.,-1.224646799147E-16));
#4608 = DEFINITIONAL_REPRESENTATION('',(#4609),#4613);
#4609 = LINE('',#4610,#4611);
#4610 = CARTESIAN_POINT('',(0.,0.));
#4611 = VECTOR('',#4612,1.);
#4612 = DIRECTION('',(1.,0.));
#4613 = ( GEOMETRIC_REPRESENTATION_CONTEXT(2) 
PARAMETRIC_REPRESENTATION_CONTEXT() REPRESENTATION_CONTEXT('2D SPACE',''
  ) );
#4614 = ORIENTED_EDGE('',*,*,#4615,.T.);
#4615 = EDGE_CURVE('',#4588,#4616,#4618,.T.);
#4616 = VERTEX_POINT('',#4617);
#4617 = CARTESIAN_POINT('',(15.3263671875,-0.89453125,0.));
#4618 = SURFACE_CURVE('',#4619,(#4623,#4630),.PCURVE_S1.);
#4619 = LINE('',#4620,#4621);
#4620 = CARTESIAN_POINT('',(15.4923828125,-0.89453125,0.));
#4621 = VECTOR('',#4622,1.);
#4622 = DIRECTION('',(-1.,-1.110223024625E-16,1.359631073447E-32));
#4623 = PCURVE('',#126,#4624);
#4624 = DEFINITIONAL_REPRESENTATION('',(#4625),#4629);
#4625 = LINE('',#4626,#4627);
#4626 = CARTESIAN_POINT('',(23.2923828125,5.397863349679));
#4627 = VECTOR('',#4628,1.);
#4628 = DIRECTION('',(-1.,1.110223024625E-16));
#4629 = ( GEOMETRIC_REPRESENTATION_CONTEXT(2) 
PARAMETRIC_REPRESENTATION_CONTEXT() REPRESENTATION_CONTEXT('2D SPACE',''
  ) );
#4630 = PCURVE('',#4631,#4636);
#4631 = PLANE('',#4632);
#4632 = AXIS2_PLACEMENT_3D('',#4633,#4634,#4635);
#4633 = CARTESIAN_POINT('',(15.4923828125,-0.89453125,0.));
#4634 = DIRECTION('',(1.110223024625E-16,-1.,1.224646799147E-16));
#4635 = DIRECTION('',(-1.,-1.110223024625E-16,1.359631073447E-32));
#4636 = DEFINITIONAL_REPRESENTATION('',(#4637),#4641);
#4637 = LINE('',#4638,#4639);
#4638 = CARTESIAN_POINT('',(-3.697193311765E-64,2.719262146894E-32));
#4639 = VECTOR('',#4640,1.);
#4640 = DIRECTION('',(1.,0.));
#4641 = ( GEOMETRIC_REPRESENTATION_CONTEXT(2) 
PARAMETRIC_REPRESENTATION_CONTEXT() REPRESENTATION_CONTEXT('2D SPACE',''
  ) );
#4642 = ORIENTED_EDGE('',*,*,#4643,.T.);
#4643 = EDGE_CURVE('',#4616,#4644,#4646,.T.);
#4644 = VERTEX_POINT('',#4645);
#4645 = CARTESIAN_POINT('',(15.01435546875,-1.20068359375,0.));
#4646 = SURFACE_CURVE('',#4647,(#4651,#4658),.PCURVE_S1.);
#4647 = B_SPLINE_CURVE_WITH_KNOTS('',2,(#4648,#4649,#4650),
  .UNSPECIFIED.,.F.,.F.,(3,3),(0.,1.),.PIECEWISE_BEZIER_KNOTS.);
#4648 = CARTESIAN_POINT('',(15.3263671875,-0.89453125,0.));
#4649 = CARTESIAN_POINT('',(15.21015625,-1.0068359375,0.));
#4650 = CARTESIAN_POINT('',(15.01435546875,-1.20068359375,0.));
#4651 = PCURVE('',#126,#4652);
#4652 = DEFINITIONAL_REPRESENTATION('',(#4653),#4657);
#4653 = B_SPLINE_CURVE_WITH_KNOTS('',2,(#4654,#4655,#4656),
  .UNSPECIFIED.,.F.,.F.,(3,3),(0.,1.),.PIECEWISE_BEZIER_KNOTS.);
#4654 = CARTESIAN_POINT('',(23.1263671875,5.397863349679));
#4655 = CARTESIAN_POINT('',(23.01015625,5.510168037179));
#4656 = CARTESIAN_POINT('',(22.81435546875,5.704015693429));
#4657 = ( GEOMETRIC_REPRESENTATION_CONTEXT(2) 
PARAMETRIC_REPRESENTATION_CONTEXT() REPRESENTATION_CONTEXT('2D SPACE',''
  ) );
#4658 = PCURVE('',#4659,#4666);
#4659 = SURFACE_OF_LINEAR_EXTRUSION('',#4660,#4664);
#4660 = B_SPLINE_CURVE_WITH_KNOTS('',2,(#4661,#4662,#4663),
  .UNSPECIFIED.,.F.,.F.,(3,3),(0.,1.),.PIECEWISE_BEZIER_KNOTS.);
#4661 = CARTESIAN_POINT('',(15.3263671875,-0.89453125,0.));
#4662 = CARTESIAN_POINT('',(15.21015625,-1.0068359375,0.));
#4663 = CARTESIAN_POINT('',(15.01435546875,-1.20068359375,0.));
#4664 = VECTOR('',#4665,1.);
#4665 = DIRECTION('',(0.,-1.224646799147E-16,-1.));
#4666 = DEFINITIONAL_REPRESENTATION('',(#4667),#4671);
#4667 = LINE('',#4668,#4669);
#4668 = CARTESIAN_POINT('',(0.,0.));
#4669 = VECTOR('',#4670,1.);
#4670 = DIRECTION('',(1.,0.));
#4671 = ( GEOMETRIC_REPRESENTATION_CONTEXT(2) 
PARAMETRIC_REPRESENTATION_CONTEXT() REPRESENTATION_CONTEXT('2D SPACE',''
  ) );
#4672 = ORIENTED_EDGE('',*,*,#4673,.T.);
#4673 = EDGE_CURVE('',#4644,#4674,#4676,.T.);
#4674 = VERTEX_POINT('',#4675);
#4675 = CARTESIAN_POINT('',(14.7619140625,-1.4443359375,0.));
#4676 = SURFACE_CURVE('',#4677,(#4681,#4688),.PCURVE_S1.);
#4677 = B_SPLINE_CURVE_WITH_KNOTS('',2,(#4678,#4679,#4680),
  .UNSPECIFIED.,.F.,.F.,(3,3),(0.,1.),.PIECEWISE_BEZIER_KNOTS.);
#4678 = CARTESIAN_POINT('',(15.01435546875,-1.20068359375,0.));
#4679 = CARTESIAN_POINT('',(14.8185546875,-1.39453125,0.));
#4680 = CARTESIAN_POINT('',(14.7619140625,-1.4443359375,0.));
#4681 = PCURVE('',#126,#4682);
#4682 = DEFINITIONAL_REPRESENTATION('',(#4683),#4687);
#4683 = B_SPLINE_CURVE_WITH_KNOTS('',2,(#4684,#4685,#4686),
  .UNSPECIFIED.,.F.,.F.,(3,3),(0.,1.),.PIECEWISE_BEZIER_KNOTS.);
#4684 = CARTESIAN_POINT('',(22.81435546875,5.704015693429));
#4685 = CARTESIAN_POINT('',(22.6185546875,5.897863349679));
#4686 = CARTESIAN_POINT('',(22.5619140625,5.947668037179));
#4687 = ( GEOMETRIC_REPRESENTATION_CONTEXT(2) 
PARAMETRIC_REPRESENTATION_CONTEXT() REPRESENTATION_CONTEXT('2D SPACE',''
  ) );
#4688 = PCURVE('',#4689,#4696);
#4689 = SURFACE_OF_LINEAR_EXTRUSION('',#4690,#4694);
#4690 = B_SPLINE_CURVE_WITH_KNOTS('',2,(#4691,#4692,#4693),
  .UNSPECIFIED.,.F.,.F.,(3,3),(0.,1.),.PIECEWISE_BEZIER_KNOTS.);
#4691 = CARTESIAN_POINT('',(15.01435546875,-1.20068359375,0.));
#4692 = CARTESIAN_POINT('',(14.8185546875,-1.39453125,0.));
#4693 = CARTESIAN_POINT('',(14.7619140625,-1.4443359375,0.));
#4694 = VECTOR('',#4695,1.);
#4695 = DIRECTION('',(0.,-1.224646799147E-16,-1.));
#4696 = DEFINITIONAL_REPRESENTATION('',(#4697),#4701);
#4697 = LINE('',#4698,#4699);
#4698 = CARTESIAN_POINT('',(0.,0.));
#4699 = VECTOR('',#4700,1.);
#4700 = DIRECTION('',(1.,0.));
#4701 = ( GEOMETRIC_REPRESENTATION_CONTEXT(2) 
PARAMETRIC_REPRESENTATION_CONTEXT() REPRESENTATION_CONTEXT('2D SPACE',''
  ) );
#4702 = ORIENTED_EDGE('',*,*,#4703,.T.);
#4703 = EDGE_CURVE('',#4674,#4704,#4706,.T.);
#4704 = VERTEX_POINT('',#4705);
#4705 = CARTESIAN_POINT('',(14.58173828125,-1.57666015625,0.));
#4706 = SURFACE_CURVE('',#4707,(#4711,#4718),.PCURVE_S1.);
#4707 = B_SPLINE_CURVE_WITH_KNOTS('',2,(#4708,#4709,#4710),
  .UNSPECIFIED.,.F.,.F.,(3,3),(0.,1.),.PIECEWISE_BEZIER_KNOTS.);
#4708 = CARTESIAN_POINT('',(14.7619140625,-1.4443359375,0.));
#4709 = CARTESIAN_POINT('',(14.65546875,-1.5390625,0.));
#4710 = CARTESIAN_POINT('',(14.58173828125,-1.57666015625,0.));
#4711 = PCURVE('',#126,#4712);
#4712 = DEFINITIONAL_REPRESENTATION('',(#4713),#4717);
#4713 = B_SPLINE_CURVE_WITH_KNOTS('',2,(#4714,#4715,#4716),
  .UNSPECIFIED.,.F.,.F.,(3,3),(0.,1.),.PIECEWISE_BEZIER_KNOTS.);
#4714 = CARTESIAN_POINT('',(22.5619140625,5.947668037179));
#4715 = CARTESIAN_POINT('',(22.45546875,6.042394599679));
#4716 = CARTESIAN_POINT('',(22.38173828125,6.079992255929));
#4717 = ( GEOMETRIC_REPRESENTATION_CONTEXT(2) 
PARAMETRIC_REPRESENTATION_CONTEXT() REPRESENTATION_CONTEXT('2D SPACE',''
  ) );
#4718 = PCURVE('',#4719,#4726);
#4719 = SURFACE_OF_LINEAR_EXTRUSION('',#4720,#4724);
#4720 = B_SPLINE_CURVE_WITH_KNOTS('',2,(#4721,#4722,#4723),
  .UNSPECIFIED.,.F.,.F.,(3,3),(0.,1.),.PIECEWISE_BEZIER_KNOTS.);
#4721 = CARTESIAN_POINT('',(14.7619140625,-1.4443359375,0.));
#4722 = CARTESIAN_POINT('',(14.65546875,-1.5390625,0.));
#4723 = CARTESIAN_POINT('',(14.58173828125,-1.57666015625,0.));
#4724 = VECTOR('',#4725,1.);
#4725 = DIRECTION('',(0.,-1.224646799147E-16,-1.));
#4726 = DEFINITIONAL_REPRESENTATION('',(#4727),#4731);
#4727 = LINE('',#4728,#4729);
#4728 = CARTESIAN_POINT('',(0.,0.));
#4729 = VECTOR('',#4730,1.);
#4730 = DIRECTION('',(1.,0.));
#4731 = ( GEOMETRIC_REPRESENTATION_CONTEXT(2) 
PARAMETRIC_REPRESENTATION_CONTEXT() REPRESENTATION_CONTEXT('2D SPACE',''
  ) );
#4732 = ORIENTED_EDGE('',*,*,#4733,.T.);
#4733 = EDGE_CURVE('',#4704,#4734,#4736,.T.);
#4734 = VERTEX_POINT('',#4735);
#4735 = CARTESIAN_POINT('',(14.43671875,-1.6142578125,0.));
#4736 = SURFACE_CURVE('',#4737,(#4741,#4748),.PCURVE_S1.);
#4737 = B_SPLINE_CURVE_WITH_KNOTS('',2,(#4738,#4739,#4740),
  .UNSPECIFIED.,.F.,.F.,(3,3),(0.,1.),.PIECEWISE_BEZIER_KNOTS.);
#4738 = CARTESIAN_POINT('',(14.58173828125,-1.57666015625,0.));
#4739 = CARTESIAN_POINT('',(14.5080078125,-1.6142578125,0.));
#4740 = CARTESIAN_POINT('',(14.43671875,-1.6142578125,0.));
#4741 = PCURVE('',#126,#4742);
#4742 = DEFINITIONAL_REPRESENTATION('',(#4743),#4747);
#4743 = B_SPLINE_CURVE_WITH_KNOTS('',2,(#4744,#4745,#4746),
  .UNSPECIFIED.,.F.,.F.,(3,3),(0.,1.),.PIECEWISE_BEZIER_KNOTS.);
#4744 = CARTESIAN_POINT('',(22.38173828125,6.079992255929));
#4745 = CARTESIAN_POINT('',(22.3080078125,6.117589912179));
#4746 = CARTESIAN_POINT('',(22.23671875,6.117589912179));
#4747 = ( GEOMETRIC_REPRESENTATION_CONTEXT(2) 
PARAMETRIC_REPRESENTATION_CONTEXT() REPRESENTATION_CONTEXT('2D SPACE',''
  ) );
#4748 = PCURVE('',#4749,#4756);
#4749 = SURFACE_OF_LINEAR_EXTRUSION('',#4750,#4754);
#4750 = B_SPLINE_CURVE_WITH_KNOTS('',2,(#4751,#4752,#4753),
  .UNSPECIFIED.,.F.,.F.,(3,3),(0.,1.),.PIECEWISE_BEZIER_KNOTS.);
#4751 = CARTESIAN_POINT('',(14.58173828125,-1.57666015625,0.));
#4752 = CARTESIAN_POINT('',(14.5080078125,-1.6142578125,0.));
#4753 = CARTESIAN_POINT('',(14.43671875,-1.6142578125,0.));
#4754 = VECTOR('',#4755,1.);
#4755 = DIRECTION('',(0.,-1.224646799147E-16,-1.));
#4756 = DEFINITIONAL_REPRESENTATION('',(#4757),#4761);
#4757 = LINE('',#4758,#4759);
#4758 = CARTESIAN_POINT('',(0.,0.));
#4759 = VECTOR('',#4760,1.);
#4760 = DIRECTION('',(1.,0.));
#4761 = ( GEOMETRIC_REPRESENTATION_CONTEXT(2) 
PARAMETRIC_REPRESENTATION_CONTEXT() REPRESENTATION_CONTEXT('2D SPACE',''
  ) );
#4762 = ORIENTED_EDGE('',*,*,#4763,.T.);
#4763 = EDGE_CURVE('',#4734,#4764,#4766,.T.);
#4764 = VERTEX_POINT('',#4765);
#4765 = CARTESIAN_POINT('',(14.247265625,-1.53271484375,0.));
#4766 = SURFACE_CURVE('',#4767,(#4771,#4778),.PCURVE_S1.);
#4767 = B_SPLINE_CURVE_WITH_KNOTS('',2,(#4768,#4769,#4770),
  .UNSPECIFIED.,.F.,.F.,(3,3),(0.,1.),.PIECEWISE_BEZIER_KNOTS.);
#4768 = CARTESIAN_POINT('',(14.43671875,-1.6142578125,0.));
#4769 = CARTESIAN_POINT('',(14.3205078125,-1.6142578125,0.));
#4770 = CARTESIAN_POINT('',(14.247265625,-1.53271484375,0.));
#4771 = PCURVE('',#126,#4772);
#4772 = DEFINITIONAL_REPRESENTATION('',(#4773),#4777);
#4773 = B_SPLINE_CURVE_WITH_KNOTS('',2,(#4774,#4775,#4776),
  .UNSPECIFIED.,.F.,.F.,(3,3),(0.,1.),.PIECEWISE_BEZIER_KNOTS.);
#4774 = CARTESIAN_POINT('',(22.23671875,6.117589912179));
#4775 = CARTESIAN_POINT('',(22.1205078125,6.117589912179));
#4776 = CARTESIAN_POINT('',(22.047265625,6.036046943429));
#4777 = ( GEOMETRIC_REPRESENTATION_CONTEXT(2) 
PARAMETRIC_REPRESENTATION_CONTEXT() REPRESENTATION_CONTEXT('2D SPACE',''
  ) );
#4778 = PCURVE('',#4779,#4786);
#4779 = SURFACE_OF_LINEAR_EXTRUSION('',#4780,#4784);
#4780 = B_SPLINE_CURVE_WITH_KNOTS('',2,(#4781,#4782,#4783),
  .UNSPECIFIED.,.F.,.F.,(3,3),(0.,1.),.PIECEWISE_BEZIER_KNOTS.);
#4781 = CARTESIAN_POINT('',(14.43671875,-1.6142578125,0.));
#4782 = CARTESIAN_POINT('',(14.3205078125,-1.6142578125,0.));
#4783 = CARTESIAN_POINT('',(14.247265625,-1.53271484375,0.));
#4784 = VECTOR('',#4785,1.);
#4785 = DIRECTION('',(0.,-1.224646799147E-16,-1.));
#4786 = DEFINITIONAL_REPRESENTATION('',(#4787),#4791);
#4787 = LINE('',#4788,#4789);
#4788 = CARTESIAN_POINT('',(0.,0.));
#4789 = VECTOR('',#4790,1.);
#4790 = DIRECTION('',(1.,0.));
#4791 = ( GEOMETRIC_REPRESENTATION_CONTEXT(2) 
PARAMETRIC_REPRESENTATION_CONTEXT() REPRESENTATION_CONTEXT('2D SPACE',''
  ) );
#4792 = ORIENTED_EDGE('',*,*,#4793,.T.);
#4793 = EDGE_CURVE('',#4764,#4794,#4796,.T.);
#4794 = VERTEX_POINT('',#4795);
#4795 = CARTESIAN_POINT('',(14.1740234375,-1.3203125,0.));
#4796 = SURFACE_CURVE('',#4797,(#4801,#4808),.PCURVE_S1.);
#4797 = B_SPLINE_CURVE_WITH_KNOTS('',2,(#4798,#4799,#4800),
  .UNSPECIFIED.,.F.,.F.,(3,3),(0.,1.),.PIECEWISE_BEZIER_KNOTS.);
#4798 = CARTESIAN_POINT('',(14.247265625,-1.53271484375,0.));
#4799 = CARTESIAN_POINT('',(14.1740234375,-1.451171875,0.));
#4800 = CARTESIAN_POINT('',(14.1740234375,-1.3203125,0.));
#4801 = PCURVE('',#126,#4802);
#4802 = DEFINITIONAL_REPRESENTATION('',(#4803),#4807);
#4803 = B_SPLINE_CURVE_WITH_KNOTS('',2,(#4804,#4805,#4806),
  .UNSPECIFIED.,.F.,.F.,(3,3),(0.,1.),.PIECEWISE_BEZIER_KNOTS.);
#4804 = CARTESIAN_POINT('',(22.047265625,6.036046943429));
#4805 = CARTESIAN_POINT('',(21.9740234375,5.954503974679));
#4806 = CARTESIAN_POINT('',(21.9740234375,5.823644599679));
#4807 = ( GEOMETRIC_REPRESENTATION_CONTEXT(2) 
PARAMETRIC_REPRESENTATION_CONTEXT() REPRESENTATION_CONTEXT('2D SPACE',''
  ) );
#4808 = PCURVE('',#4809,#4816);
#4809 = SURFACE_OF_LINEAR_EXTRUSION('',#4810,#4814);
#4810 = B_SPLINE_CURVE_WITH_KNOTS('',2,(#4811,#4812,#4813),
  .UNSPECIFIED.,.F.,.F.,(3,3),(0.,1.),.PIECEWISE_BEZIER_KNOTS.);
#4811 = CARTESIAN_POINT('',(14.247265625,-1.53271484375,0.));
#4812 = CARTESIAN_POINT('',(14.1740234375,-1.451171875,0.));
#4813 = CARTESIAN_POINT('',(14.1740234375,-1.3203125,0.));
#4814 = VECTOR('',#4815,1.);
#4815 = DIRECTION('',(0.,-1.224646799147E-16,-1.));
#4816 = DEFINITIONAL_REPRESENTATION('',(#4817),#4821);
#4817 = LINE('',#4818,#4819);
#4818 = CARTESIAN_POINT('',(0.,0.));
#4819 = VECTOR('',#4820,1.);
#4820 = DIRECTION('',(1.,0.));
#4821 = ( GEOMETRIC_REPRESENTATION_CONTEXT(2) 
PARAMETRIC_REPRESENTATION_CONTEXT() REPRESENTATION_CONTEXT('2D SPACE',''
  ) );
#4822 = ORIENTED_EDGE('',*,*,#4823,.T.);
#4823 = EDGE_CURVE('',#4794,#4824,#4826,.T.);
#4824 = VERTEX_POINT('',#4825);
#4825 = CARTESIAN_POINT('',(14.20625,-1.12451171875,0.));
#4826 = SURFACE_CURVE('',#4827,(#4831,#4838),.PCURVE_S1.);
#4827 = B_SPLINE_CURVE_WITH_KNOTS('',2,(#4828,#4829,#4830),
  .UNSPECIFIED.,.F.,.F.,(3,3),(0.,1.),.PIECEWISE_BEZIER_KNOTS.);
#4828 = CARTESIAN_POINT('',(14.1740234375,-1.3203125,0.));
#4829 = CARTESIAN_POINT('',(14.1740234375,-1.2275390625,0.));
#4830 = CARTESIAN_POINT('',(14.20625,-1.12451171875,0.));
#4831 = PCURVE('',#126,#4832);
#4832 = DEFINITIONAL_REPRESENTATION('',(#4833),#4837);
#4833 = B_SPLINE_CURVE_WITH_KNOTS('',2,(#4834,#4835,#4836),
  .UNSPECIFIED.,.F.,.F.,(3,3),(0.,1.),.PIECEWISE_BEZIER_KNOTS.);
#4834 = CARTESIAN_POINT('',(21.9740234375,5.823644599679));
#4835 = CARTESIAN_POINT('',(21.9740234375,5.730871162179));
#4836 = CARTESIAN_POINT('',(22.00625,5.627843818429));
#4837 = ( GEOMETRIC_REPRESENTATION_CONTEXT(2) 
PARAMETRIC_REPRESENTATION_CONTEXT() REPRESENTATION_CONTEXT('2D SPACE',''
  ) );
#4838 = PCURVE('',#4839,#4846);
#4839 = SURFACE_OF_LINEAR_EXTRUSION('',#4840,#4844);
#4840 = B_SPLINE_CURVE_WITH_KNOTS('',2,(#4841,#4842,#4843),
  .UNSPECIFIED.,.F.,.F.,(3,3),(0.,1.),.PIECEWISE_BEZIER_KNOTS.);
#4841 = CARTESIAN_POINT('',(14.1740234375,-1.3203125,0.));
#4842 = CARTESIAN_POINT('',(14.1740234375,-1.2275390625,0.));
#4843 = CARTESIAN_POINT('',(14.20625,-1.12451171875,0.));
#4844 = VECTOR('',#4845,1.);
#4845 = DIRECTION('',(0.,-1.224646799147E-16,-1.));
#4846 = DEFINITIONAL_REPRESENTATION('',(#4847),#4851);
#4847 = LINE('',#4848,#4849);
#4848 = CARTESIAN_POINT('',(0.,0.));
#4849 = VECTOR('',#4850,1.);
#4850 = DIRECTION('',(1.,0.));
#4851 = ( GEOMETRIC_REPRESENTATION_CONTEXT(2) 
PARAMETRIC_REPRESENTATION_CONTEXT() REPRESENTATION_CONTEXT('2D SPACE',''
  ) );
#4852 = ORIENTED_EDGE('',*,*,#4853,.T.);
#4853 = EDGE_CURVE('',#4824,#4854,#4856,.T.);
#4854 = VERTEX_POINT('',#4855);
#4855 = CARTESIAN_POINT('',(14.30390625,-0.904296875,0.));
#4856 = SURFACE_CURVE('',#4857,(#4861,#4868),.PCURVE_S1.);
#4857 = B_SPLINE_CURVE_WITH_KNOTS('',2,(#4858,#4859,#4860),
  .UNSPECIFIED.,.F.,.F.,(3,3),(0.,1.),.PIECEWISE_BEZIER_KNOTS.);
#4858 = CARTESIAN_POINT('',(14.20625,-1.12451171875,0.));
#4859 = CARTESIAN_POINT('',(14.2384765625,-1.021484375,0.));
#4860 = CARTESIAN_POINT('',(14.30390625,-0.904296875,0.));
#4861 = PCURVE('',#126,#4862);
#4862 = DEFINITIONAL_REPRESENTATION('',(#4863),#4867);
#4863 = B_SPLINE_CURVE_WITH_KNOTS('',2,(#4864,#4865,#4866),
  .UNSPECIFIED.,.F.,.F.,(3,3),(0.,1.),.PIECEWISE_BEZIER_KNOTS.);
#4864 = CARTESIAN_POINT('',(22.00625,5.627843818429));
#4865 = CARTESIAN_POINT('',(22.0384765625,5.524816474679));
#4866 = CARTESIAN_POINT('',(22.10390625,5.407628974679));
#4867 = ( GEOMETRIC_REPRESENTATION_CONTEXT(2) 
PARAMETRIC_REPRESENTATION_CONTEXT() REPRESENTATION_CONTEXT('2D SPACE',''
  ) );
#4868 = PCURVE('',#4869,#4876);
#4869 = SURFACE_OF_LINEAR_EXTRUSION('',#4870,#4874);
#4870 = B_SPLINE_CURVE_WITH_KNOTS('',2,(#4871,#4872,#4873),
  .UNSPECIFIED.,.F.,.F.,(3,3),(0.,1.),.PIECEWISE_BEZIER_KNOTS.);
#4871 = CARTESIAN_POINT('',(14.20625,-1.12451171875,0.));
#4872 = CARTESIAN_POINT('',(14.2384765625,-1.021484375,0.));
#4873 = CARTESIAN_POINT('',(14.30390625,-0.904296875,0.));
#4874 = VECTOR('',#4875,1.);
#4875 = DIRECTION('',(0.,-1.224646799147E-16,-1.));
#4876 = DEFINITIONAL_REPRESENTATION('',(#4877),#4881);
#4877 = LINE('',#4878,#4879);
#4878 = CARTESIAN_POINT('',(0.,0.));
#4879 = VECTOR('',#4880,1.);
#4880 = DIRECTION('',(1.,0.));
#4881 = ( GEOMETRIC_REPRESENTATION_CONTEXT(2) 
PARAMETRIC_REPRESENTATION_CONTEXT() REPRESENTATION_CONTEXT('2D SPACE',''
  ) );
#4882 = ORIENTED_EDGE('',*,*,#4883,.T.);
#4883 = EDGE_CURVE('',#4854,#4884,#4886,.T.);
#4884 = VERTEX_POINT('',#4885);
#4885 = CARTESIAN_POINT('',(14.1046875,-0.904296875,0.));
#4886 = SURFACE_CURVE('',#4887,(#4891,#4898),.PCURVE_S1.);
#4887 = LINE('',#4888,#4889);
#4888 = CARTESIAN_POINT('',(14.30390625,-0.904296875,0.));
#4889 = VECTOR('',#4890,1.);
#4890 = DIRECTION('',(-1.,-1.110223024625E-16,1.359631073447E-32));
#4891 = PCURVE('',#126,#4892);
#4892 = DEFINITIONAL_REPRESENTATION('',(#4893),#4897);
#4893 = LINE('',#4894,#4895);
#4894 = CARTESIAN_POINT('',(22.10390625,5.407628974679));
#4895 = VECTOR('',#4896,1.);
#4896 = DIRECTION('',(-1.,1.110223024625E-16));
#4897 = ( GEOMETRIC_REPRESENTATION_CONTEXT(2) 
PARAMETRIC_REPRESENTATION_CONTEXT() REPRESENTATION_CONTEXT('2D SPACE',''
  ) );
#4898 = PCURVE('',#4899,#4904);
#4899 = PLANE('',#4900);
#4900 = AXIS2_PLACEMENT_3D('',#4901,#4902,#4903);
#4901 = CARTESIAN_POINT('',(14.30390625,-0.904296875,0.));
#4902 = DIRECTION('',(1.110223024625E-16,-1.,1.224646799147E-16));
#4903 = DIRECTION('',(-1.,-1.110223024625E-16,1.359631073447E-32));
#4904 = DEFINITIONAL_REPRESENTATION('',(#4905),#4909);
#4905 = LINE('',#4906,#4907);
#4906 = CARTESIAN_POINT('',(-5.545789967647E-64,4.078893220341E-32));
#4907 = VECTOR('',#4908,1.);
#4908 = DIRECTION('',(1.,0.));
#4909 = ( GEOMETRIC_REPRESENTATION_CONTEXT(2) 
PARAMETRIC_REPRESENTATION_CONTEXT() REPRESENTATION_CONTEXT('2D SPACE',''
  ) );
#4910 = ORIENTED_EDGE('',*,*,#4911,.T.);
#4911 = EDGE_CURVE('',#4884,#4912,#4914,.T.);
#4912 = VERTEX_POINT('',#4913);
#4913 = CARTESIAN_POINT('',(14.032421875,-1.126953125,0.));
#4914 = SURFACE_CURVE('',#4915,(#4919,#4926),.PCURVE_S1.);
#4915 = B_SPLINE_CURVE_WITH_KNOTS('',2,(#4916,#4917,#4918),
  .UNSPECIFIED.,.F.,.F.,(3,3),(0.,1.),.PIECEWISE_BEZIER_KNOTS.);
#4916 = CARTESIAN_POINT('',(14.1046875,-0.904296875,0.));
#4917 = CARTESIAN_POINT('',(14.0568359375,-1.0234375,0.));
#4918 = CARTESIAN_POINT('',(14.032421875,-1.126953125,0.));
#4919 = PCURVE('',#126,#4920);
#4920 = DEFINITIONAL_REPRESENTATION('',(#4921),#4925);
#4921 = B_SPLINE_CURVE_WITH_KNOTS('',2,(#4922,#4923,#4924),
  .UNSPECIFIED.,.F.,.F.,(3,3),(0.,1.),.PIECEWISE_BEZIER_KNOTS.);
#4922 = CARTESIAN_POINT('',(21.9046875,5.407628974679));
#4923 = CARTESIAN_POINT('',(21.8568359375,5.526769599679));
#4924 = CARTESIAN_POINT('',(21.832421875,5.630285224679));
#4925 = ( GEOMETRIC_REPRESENTATION_CONTEXT(2) 
PARAMETRIC_REPRESENTATION_CONTEXT() REPRESENTATION_CONTEXT('2D SPACE',''
  ) );
#4926 = PCURVE('',#4927,#4934);
#4927 = SURFACE_OF_LINEAR_EXTRUSION('',#4928,#4932);
#4928 = B_SPLINE_CURVE_WITH_KNOTS('',2,(#4929,#4930,#4931),
  .UNSPECIFIED.,.F.,.F.,(3,3),(0.,1.),.PIECEWISE_BEZIER_KNOTS.);
#4929 = CARTESIAN_POINT('',(14.1046875,-0.904296875,0.));
#4930 = CARTESIAN_POINT('',(14.0568359375,-1.0234375,0.));
#4931 = CARTESIAN_POINT('',(14.032421875,-1.126953125,0.));
#4932 = VECTOR('',#4933,1.);
#4933 = DIRECTION('',(0.,-1.224646799147E-16,-1.));
#4934 = DEFINITIONAL_REPRESENTATION('',(#4935),#4939);
#4935 = LINE('',#4936,#4937);
#4936 = CARTESIAN_POINT('',(0.,0.));
#4937 = VECTOR('',#4938,1.);
#4938 = DIRECTION('',(1.,0.));
#4939 = ( GEOMETRIC_REPRESENTATION_CONTEXT(2) 
PARAMETRIC_REPRESENTATION_CONTEXT() REPRESENTATION_CONTEXT('2D SPACE',''
  ) );
#4940 = ORIENTED_EDGE('',*,*,#4941,.T.);
#4941 = EDGE_CURVE('',#4912,#4942,#4944,.T.);
#4942 = VERTEX_POINT('',#4943);
#4943 = CARTESIAN_POINT('',(14.0080078125,-1.31640625,0.));
#4944 = SURFACE_CURVE('',#4945,(#4949,#4956),.PCURVE_S1.);
#4945 = B_SPLINE_CURVE_WITH_KNOTS('',2,(#4946,#4947,#4948),
  .UNSPECIFIED.,.F.,.F.,(3,3),(0.,1.),.PIECEWISE_BEZIER_KNOTS.);
#4946 = CARTESIAN_POINT('',(14.032421875,-1.126953125,0.));
#4947 = CARTESIAN_POINT('',(14.0080078125,-1.23046875,0.));
#4948 = CARTESIAN_POINT('',(14.0080078125,-1.31640625,0.));
#4949 = PCURVE('',#126,#4950);
#4950 = DEFINITIONAL_REPRESENTATION('',(#4951),#4955);
#4951 = B_SPLINE_CURVE_WITH_KNOTS('',2,(#4952,#4953,#4954),
  .UNSPECIFIED.,.F.,.F.,(3,3),(0.,1.),.PIECEWISE_BEZIER_KNOTS.);
#4952 = CARTESIAN_POINT('',(21.832421875,5.630285224679));
#4953 = CARTESIAN_POINT('',(21.8080078125,5.733800849679));
#4954 = CARTESIAN_POINT('',(21.8080078125,5.819738349679));
#4955 = ( GEOMETRIC_REPRESENTATION_CONTEXT(2) 
PARAMETRIC_REPRESENTATION_CONTEXT() REPRESENTATION_CONTEXT('2D SPACE',''
  ) );
#4956 = PCURVE('',#4957,#4964);
#4957 = SURFACE_OF_LINEAR_EXTRUSION('',#4958,#4962);
#4958 = B_SPLINE_CURVE_WITH_KNOTS('',2,(#4959,#4960,#4961),
  .UNSPECIFIED.,.F.,.F.,(3,3),(0.,1.),.PIECEWISE_BEZIER_KNOTS.);
#4959 = CARTESIAN_POINT('',(14.032421875,-1.126953125,0.));
#4960 = CARTESIAN_POINT('',(14.0080078125,-1.23046875,0.));
#4961 = CARTESIAN_POINT('',(14.0080078125,-1.31640625,0.));
#4962 = VECTOR('',#4963,1.);
#4963 = DIRECTION('',(0.,-1.224646799147E-16,-1.));
#4964 = DEFINITIONAL_REPRESENTATION('',(#4965),#4969);
#4965 = LINE('',#4966,#4967);
#4966 = CARTESIAN_POINT('',(0.,0.));
#4967 = VECTOR('',#4968,1.);
#4968 = DIRECTION('',(1.,0.));
#4969 = ( GEOMETRIC_REPRESENTATION_CONTEXT(2) 
PARAMETRIC_REPRESENTATION_CONTEXT() REPRESENTATION_CONTEXT('2D SPACE',''
  ) );
#4970 = ORIENTED_EDGE('',*,*,#4971,.T.);
#4971 = EDGE_CURVE('',#4942,#4972,#4974,.T.);
#4972 = VERTEX_POINT('',#4973);
#4973 = CARTESIAN_POINT('',(14.1212890625,-1.677734375,0.));
#4974 = SURFACE_CURVE('',#4975,(#4979,#4986),.PCURVE_S1.);
#4975 = B_SPLINE_CURVE_WITH_KNOTS('',2,(#4976,#4977,#4978),
  .UNSPECIFIED.,.F.,.F.,(3,3),(0.,1.),.PIECEWISE_BEZIER_KNOTS.);
#4976 = CARTESIAN_POINT('',(14.0080078125,-1.31640625,0.));
#4977 = CARTESIAN_POINT('',(14.0080078125,-1.54296875,0.));
#4978 = CARTESIAN_POINT('',(14.1212890625,-1.677734375,0.));
#4979 = PCURVE('',#126,#4980);
#4980 = DEFINITIONAL_REPRESENTATION('',(#4981),#4985);
#4981 = B_SPLINE_CURVE_WITH_KNOTS('',2,(#4982,#4983,#4984),
  .UNSPECIFIED.,.F.,.F.,(3,3),(0.,1.),.PIECEWISE_BEZIER_KNOTS.);
#4982 = CARTESIAN_POINT('',(21.8080078125,5.819738349679));
#4983 = CARTESIAN_POINT('',(21.8080078125,6.046300849679));
#4984 = CARTESIAN_POINT('',(21.9212890625,6.181066474679));
#4985 = ( GEOMETRIC_REPRESENTATION_CONTEXT(2) 
PARAMETRIC_REPRESENTATION_CONTEXT() REPRESENTATION_CONTEXT('2D SPACE',''
  ) );
#4986 = PCURVE('',#4987,#4994);
#4987 = SURFACE_OF_LINEAR_EXTRUSION('',#4988,#4992);
#4988 = B_SPLINE_CURVE_WITH_KNOTS('',2,(#4989,#4990,#4991),
  .UNSPECIFIED.,.F.,.F.,(3,3),(0.,1.),.PIECEWISE_BEZIER_KNOTS.);
#4989 = CARTESIAN_POINT('',(14.0080078125,-1.31640625,0.));
#4990 = CARTESIAN_POINT('',(14.0080078125,-1.54296875,0.));
#4991 = CARTESIAN_POINT('',(14.1212890625,-1.677734375,0.));
#4992 = VECTOR('',#4993,1.);
#4993 = DIRECTION('',(0.,-1.224646799147E-16,-1.));
#4994 = DEFINITIONAL_REPRESENTATION('',(#4995),#4999);
#4995 = LINE('',#4996,#4997);
#4996 = CARTESIAN_POINT('',(0.,0.));
#4997 = VECTOR('',#4998,1.);
#4998 = DIRECTION('',(1.,0.));
#4999 = ( GEOMETRIC_REPRESENTATION_CONTEXT(2) 
PARAMETRIC_REPRESENTATION_CONTEXT() REPRESENTATION_CONTEXT('2D SPACE',''
  ) );
#5000 = ORIENTED_EDGE('',*,*,#5001,.T.);
#5001 = EDGE_CURVE('',#4972,#5002,#5004,.T.);
#5002 = VERTEX_POINT('',#5003);
#5003 = CARTESIAN_POINT('',(14.4240234375,-1.8125,0.));
#5004 = SURFACE_CURVE('',#5005,(#5009,#5016),.PCURVE_S1.);
#5005 = B_SPLINE_CURVE_WITH_KNOTS('',2,(#5006,#5007,#5008),
  .UNSPECIFIED.,.F.,.F.,(3,3),(0.,1.),.PIECEWISE_BEZIER_KNOTS.);
#5006 = CARTESIAN_POINT('',(14.1212890625,-1.677734375,0.));
#5007 = CARTESIAN_POINT('',(14.2345703125,-1.8125,0.));
#5008 = CARTESIAN_POINT('',(14.4240234375,-1.8125,0.));
#5009 = PCURVE('',#126,#5010);
#5010 = DEFINITIONAL_REPRESENTATION('',(#5011),#5015);
#5011 = B_SPLINE_CURVE_WITH_KNOTS('',2,(#5012,#5013,#5014),
  .UNSPECIFIED.,.F.,.F.,(3,3),(0.,1.),.PIECEWISE_BEZIER_KNOTS.);
#5012 = CARTESIAN_POINT('',(21.9212890625,6.181066474679));
#5013 = CARTESIAN_POINT('',(22.0345703125,6.315832099679));
#5014 = CARTESIAN_POINT('',(22.2240234375,6.315832099679));
#5015 = ( GEOMETRIC_REPRESENTATION_CONTEXT(2) 
PARAMETRIC_REPRESENTATION_CONTEXT() REPRESENTATION_CONTEXT('2D SPACE',''
  ) );
#5016 = PCURVE('',#5017,#5024);
#5017 = SURFACE_OF_LINEAR_EXTRUSION('',#5018,#5022);
#5018 = B_SPLINE_CURVE_WITH_KNOTS('',2,(#5019,#5020,#5021),
  .UNSPECIFIED.,.F.,.F.,(3,3),(0.,1.),.PIECEWISE_BEZIER_KNOTS.);
#5019 = CARTESIAN_POINT('',(14.1212890625,-1.677734375,0.));
#5020 = CARTESIAN_POINT('',(14.2345703125,-1.8125,0.));
#5021 = CARTESIAN_POINT('',(14.4240234375,-1.8125,0.));
#5022 = VECTOR('',#5023,1.);
#5023 = DIRECTION('',(0.,-1.224646799147E-16,-1.));
#5024 = DEFINITIONAL_REPRESENTATION('',(#5025),#5029);
#5025 = LINE('',#5026,#5027);
#5026 = CARTESIAN_POINT('',(0.,0.));
#5027 = VECTOR('',#5028,1.);
#5028 = DIRECTION('',(1.,0.));
#5029 = ( GEOMETRIC_REPRESENTATION_CONTEXT(2) 
PARAMETRIC_REPRESENTATION_CONTEXT() REPRESENTATION_CONTEXT('2D SPACE',''
  ) );
#5030 = ORIENTED_EDGE('',*,*,#5031,.T.);
#5031 = EDGE_CURVE('',#5002,#5032,#5034,.T.);
#5032 = VERTEX_POINT('',#5033);
#5033 = CARTESIAN_POINT('',(14.59443359375,-1.77880859375,0.));
#5034 = SURFACE_CURVE('',#5035,(#5039,#5046),.PCURVE_S1.);
#5035 = B_SPLINE_CURVE_WITH_KNOTS('',2,(#5036,#5037,#5038),
  .UNSPECIFIED.,.F.,.F.,(3,3),(0.,1.),.PIECEWISE_BEZIER_KNOTS.);
#5036 = CARTESIAN_POINT('',(14.4240234375,-1.8125,0.));
#5037 = CARTESIAN_POINT('',(14.5138671875,-1.8125,0.));
#5038 = CARTESIAN_POINT('',(14.59443359375,-1.77880859375,0.));
#5039 = PCURVE('',#126,#5040);
#5040 = DEFINITIONAL_REPRESENTATION('',(#5041),#5045);
#5041 = B_SPLINE_CURVE_WITH_KNOTS('',2,(#5042,#5043,#5044),
  .UNSPECIFIED.,.F.,.F.,(3,3),(0.,1.),.PIECEWISE_BEZIER_KNOTS.);
#5042 = CARTESIAN_POINT('',(22.2240234375,6.315832099679));
#5043 = CARTESIAN_POINT('',(22.3138671875,6.315832099679));
#5044 = CARTESIAN_POINT('',(22.39443359375,6.282140693429));
#5045 = ( GEOMETRIC_REPRESENTATION_CONTEXT(2) 
PARAMETRIC_REPRESENTATION_CONTEXT() REPRESENTATION_CONTEXT('2D SPACE',''
  ) );
#5046 = PCURVE('',#5047,#5054);
#5047 = SURFACE_OF_LINEAR_EXTRUSION('',#5048,#5052);
#5048 = B_SPLINE_CURVE_WITH_KNOTS('',2,(#5049,#5050,#5051),
  .UNSPECIFIED.,.F.,.F.,(3,3),(0.,1.),.PIECEWISE_BEZIER_KNOTS.);
#5049 = CARTESIAN_POINT('',(14.4240234375,-1.8125,0.));
#5050 = CARTESIAN_POINT('',(14.5138671875,-1.8125,0.));
#5051 = CARTESIAN_POINT('',(14.59443359375,-1.77880859375,0.));
#5052 = VECTOR('',#5053,1.);
#5053 = DIRECTION('',(0.,-1.224646799147E-16,-1.));
#5054 = DEFINITIONAL_REPRESENTATION('',(#5055),#5059);
#5055 = LINE('',#5056,#5057);
#5056 = CARTESIAN_POINT('',(0.,0.));
#5057 = VECTOR('',#5058,1.);
#5058 = DIRECTION('',(1.,0.));
#5059 = ( GEOMETRIC_REPRESENTATION_CONTEXT(2) 
PARAMETRIC_REPRESENTATION_CONTEXT() REPRESENTATION_CONTEXT('2D SPACE',''
  ) );
#5060 = ORIENTED_EDGE('',*,*,#5061,.T.);
#5061 = EDGE_CURVE('',#5032,#5062,#5064,.T.);
#5062 = VERTEX_POINT('',#5063);
#5063 = CARTESIAN_POINT('',(14.784375,-1.65625,0.));
#5064 = SURFACE_CURVE('',#5065,(#5069,#5076),.PCURVE_S1.);
#5065 = B_SPLINE_CURVE_WITH_KNOTS('',2,(#5066,#5067,#5068),
  .UNSPECIFIED.,.F.,.F.,(3,3),(0.,1.),.PIECEWISE_BEZIER_KNOTS.);
#5066 = CARTESIAN_POINT('',(14.59443359375,-1.77880859375,0.));
#5067 = CARTESIAN_POINT('',(14.675,-1.7451171875,0.));
#5068 = CARTESIAN_POINT('',(14.784375,-1.65625,0.));
#5069 = PCURVE('',#126,#5070);
#5070 = DEFINITIONAL_REPRESENTATION('',(#5071),#5075);
#5071 = B_SPLINE_CURVE_WITH_KNOTS('',2,(#5072,#5073,#5074),
  .UNSPECIFIED.,.F.,.F.,(3,3),(0.,1.),.PIECEWISE_BEZIER_KNOTS.);
#5072 = CARTESIAN_POINT('',(22.39443359375,6.282140693429));
#5073 = CARTESIAN_POINT('',(22.475,6.248449287179));
#5074 = CARTESIAN_POINT('',(22.584375,6.159582099679));
#5075 = ( GEOMETRIC_REPRESENTATION_CONTEXT(2) 
PARAMETRIC_REPRESENTATION_CONTEXT() REPRESENTATION_CONTEXT('2D SPACE',''
  ) );
#5076 = PCURVE('',#5077,#5084);
#5077 = SURFACE_OF_LINEAR_EXTRUSION('',#5078,#5082);
#5078 = B_SPLINE_CURVE_WITH_KNOTS('',2,(#5079,#5080,#5081),
  .UNSPECIFIED.,.F.,.F.,(3,3),(0.,1.),.PIECEWISE_BEZIER_KNOTS.);
#5079 = CARTESIAN_POINT('',(14.59443359375,-1.77880859375,0.));
#5080 = CARTESIAN_POINT('',(14.675,-1.7451171875,0.));
#5081 = CARTESIAN_POINT('',(14.784375,-1.65625,0.));
#5082 = VECTOR('',#5083,1.);
#5083 = DIRECTION('',(0.,-1.224646799147E-16,-1.));
#5084 = DEFINITIONAL_REPRESENTATION('',(#5085),#5089);
#5085 = LINE('',#5086,#5087);
#5086 = CARTESIAN_POINT('',(0.,0.));
#5087 = VECTOR('',#5088,1.);
#5088 = DIRECTION('',(1.,0.));
#5089 = ( GEOMETRIC_REPRESENTATION_CONTEXT(2) 
PARAMETRIC_REPRESENTATION_CONTEXT() REPRESENTATION_CONTEXT('2D SPACE',''
  ) );
#5090 = ORIENTED_EDGE('',*,*,#5091,.T.);
#5091 = EDGE_CURVE('',#5062,#4500,#5092,.T.);
#5092 = SURFACE_CURVE('',#5093,(#5097,#5104),.PCURVE_S1.);
#5093 = B_SPLINE_CURVE_WITH_KNOTS('',2,(#5094,#5095,#5096),
  .UNSPECIFIED.,.F.,.F.,(3,3),(0.,1.),.PIECEWISE_BEZIER_KNOTS.);
#5094 = CARTESIAN_POINT('',(14.784375,-1.65625,0.));
#5095 = CARTESIAN_POINT('',(14.8126953125,-1.6318359375,0.));
#5096 = CARTESIAN_POINT('',(14.94794921875,-1.5009765625,0.));
#5097 = PCURVE('',#126,#5098);
#5098 = DEFINITIONAL_REPRESENTATION('',(#5099),#5103);
#5099 = B_SPLINE_CURVE_WITH_KNOTS('',2,(#5100,#5101,#5102),
  .UNSPECIFIED.,.F.,.F.,(3,3),(0.,1.),.PIECEWISE_BEZIER_KNOTS.);
#5100 = CARTESIAN_POINT('',(22.584375,6.159582099679));
#5101 = CARTESIAN_POINT('',(22.6126953125,6.135168037179));
#5102 = CARTESIAN_POINT('',(22.74794921875,6.004308662179));
#5103 = ( GEOMETRIC_REPRESENTATION_CONTEXT(2) 
PARAMETRIC_REPRESENTATION_CONTEXT() REPRESENTATION_CONTEXT('2D SPACE',''
  ) );
#5104 = PCURVE('',#5105,#5112);
#5105 = SURFACE_OF_LINEAR_EXTRUSION('',#5106,#5110);
#5106 = B_SPLINE_CURVE_WITH_KNOTS('',2,(#5107,#5108,#5109),
  .UNSPECIFIED.,.F.,.F.,(3,3),(0.,1.),.PIECEWISE_BEZIER_KNOTS.);
#5107 = CARTESIAN_POINT('',(14.784375,-1.65625,0.));
#5108 = CARTESIAN_POINT('',(14.8126953125,-1.6318359375,0.));
#5109 = CARTESIAN_POINT('',(14.94794921875,-1.5009765625,0.));
#5110 = VECTOR('',#5111,1.);
#5111 = DIRECTION('',(0.,-1.224646799147E-16,-1.));
#5112 = DEFINITIONAL_REPRESENTATION('',(#5113),#5117);
#5113 = LINE('',#5114,#5115);
#5114 = CARTESIAN_POINT('',(0.,0.));
#5115 = VECTOR('',#5116,1.);
#5116 = DIRECTION('',(1.,0.));
#5117 = ( GEOMETRIC_REPRESENTATION_CONTEXT(2) 
PARAMETRIC_REPRESENTATION_CONTEXT() REPRESENTATION_CONTEXT('2D SPACE',''
  ) );
#5118 = FACE_BOUND('',#5119,.T.);
#5119 = EDGE_LOOP('',(#5120));
#5120 = ORIENTED_EDGE('',*,*,#5121,.T.);
#5121 = EDGE_CURVE('',#5122,#5122,#5124,.T.);
#5122 = VERTEX_POINT('',#5123);
#5123 = CARTESIAN_POINT('',(10.90093932557,-4.093955728425,
    8.881784197001E-16));
#5124 = SURFACE_CURVE('',#5125,(#5130,#5141),.PCURVE_S1.);
#5125 = CIRCLE('',#5126,1.25);
#5126 = AXIS2_PLACEMENT_3D('',#5127,#5128,#5129);
#5127 = CARTESIAN_POINT('',(12.15093932557,-4.093955728425,
    8.881784197001E-16));
#5128 = DIRECTION('',(0.,1.224646799147E-16,1.));
#5129 = DIRECTION('',(-1.,0.,0.));
#5130 = PCURVE('',#126,#5131);
#5131 = DEFINITIONAL_REPRESENTATION('',(#5132),#5140);
#5132 = ( BOUNDED_CURVE() B_SPLINE_CURVE(2,(#5133,#5134,#5135,#5136,
#5137,#5138,#5139),.UNSPECIFIED.,.T.,.F.) B_SPLINE_CURVE_WITH_KNOTS((1,2
    ,2,2,2,1),(-2.094395102393,0.,2.094395102393,4.188790204786,
6.28318530718,8.377580409573),.UNSPECIFIED.) CURVE() 
GEOMETRIC_REPRESENTATION_ITEM() RATIONAL_B_SPLINE_CURVE((1.,0.5,1.,0.5,
1.,0.5,1.)) REPRESENTATION_ITEM('') );
#5133 = CARTESIAN_POINT('',(18.70093932557,8.597287828104));
#5134 = CARTESIAN_POINT('',(18.70093932557,10.762351337566));
#5135 = CARTESIAN_POINT('',(20.57593932557,9.679819582835));
#5136 = CARTESIAN_POINT('',(22.45093932557,8.597287828104));
#5137 = CARTESIAN_POINT('',(20.57593932557,7.514756073374));
#5138 = CARTESIAN_POINT('',(18.70093932557,6.432224318643));
#5139 = CARTESIAN_POINT('',(18.70093932557,8.597287828104));
#5140 = ( GEOMETRIC_REPRESENTATION_CONTEXT(2) 
PARAMETRIC_REPRESENTATION_CONTEXT() REPRESENTATION_CONTEXT('2D SPACE',''
  ) );
#5141 = PCURVE('',#5142,#5147);
#5142 = CONICAL_SURFACE('',#5143,1.25,8.502181265222E-02);
#5143 = AXIS2_PLACEMENT_3D('',#5144,#5145,#5146);
#5144 = CARTESIAN_POINT('',(12.15093932557,-4.093955728425,
    8.881784197001E-16));
#5145 = DIRECTION('',(-0.,-1.224646799147E-16,-1.));
#5146 = DIRECTION('',(-1.,0.,0.));
#5147 = DEFINITIONAL_REPRESENTATION('',(#5148),#5152);
#5148 = LINE('',#5149,#5150);
#5149 = CARTESIAN_POINT('',(-0.,-0.));
#5150 = VECTOR('',#5151,1.);
#5151 = DIRECTION('',(-1.,-0.));
#5152 = ( GEOMETRIC_REPRESENTATION_CONTEXT(2) 
PARAMETRIC_REPRESENTATION_CONTEXT() REPRESENTATION_CONTEXT('2D SPACE',''
  ) );
#5153 = FACE_BOUND('',#5154,.T.);
#5154 = EDGE_LOOP('',(#5155));
#5155 = ORIENTED_EDGE('',*,*,#5156,.T.);
#5156 = EDGE_CURVE('',#5157,#5157,#5159,.T.);
#5157 = VERTEX_POINT('',#5158);
#5158 = CARTESIAN_POINT('',(1.28,-12.57,1.7763568394E-15));
#5159 = SURFACE_CURVE('',#5160,(#5165,#5176),.PCURVE_S1.);
#5160 = CIRCLE('',#5161,1.25);
#5161 = AXIS2_PLACEMENT_3D('',#5162,#5163,#5164);
#5162 = CARTESIAN_POINT('',(2.53,-12.57,1.7763568394E-15));
#5163 = DIRECTION('',(0.,1.224646799147E-16,1.));
#5164 = DIRECTION('',(-1.,0.,0.));
#5165 = PCURVE('',#126,#5166);
#5166 = DEFINITIONAL_REPRESENTATION('',(#5167),#5175);
#5167 = ( BOUNDED_CURVE() B_SPLINE_CURVE(2,(#5168,#5169,#5170,#5171,
#5172,#5173,#5174),.UNSPECIFIED.,.T.,.F.) B_SPLINE_CURVE_WITH_KNOTS((1,2
    ,2,2,2,1),(-2.094395102393,0.,2.094395102393,4.188790204786,
6.28318530718,8.377580409573),.UNSPECIFIED.) CURVE() 
GEOMETRIC_REPRESENTATION_ITEM() RATIONAL_B_SPLINE_CURVE((1.,0.5,1.,0.5,
1.,0.5,1.)) REPRESENTATION_ITEM('') );
#5168 = CARTESIAN_POINT('',(9.08,17.073332099679));
#5169 = CARTESIAN_POINT('',(9.08,19.23839560914));
#5170 = CARTESIAN_POINT('',(10.955,18.15586385441));
#5171 = CARTESIAN_POINT('',(12.83,17.073332099679));
#5172 = CARTESIAN_POINT('',(10.955,15.990800344949));
#5173 = CARTESIAN_POINT('',(9.08,14.908268590218));
#5174 = CARTESIAN_POINT('',(9.08,17.073332099679));
#5175 = ( GEOMETRIC_REPRESENTATION_CONTEXT(2) 
PARAMETRIC_REPRESENTATION_CONTEXT() REPRESENTATION_CONTEXT('2D SPACE',''
  ) );
#5176 = PCURVE('',#5177,#5182);
#5177 = CONICAL_SURFACE('',#5178,1.25,8.502181265222E-02);
#5178 = AXIS2_PLACEMENT_3D('',#5179,#5180,#5181);
#5179 = CARTESIAN_POINT('',(2.53,-12.57,1.7763568394E-15));
#5180 = DIRECTION('',(-0.,-1.224646799147E-16,-1.));
#5181 = DIRECTION('',(-1.,0.,0.));
#5182 = DEFINITIONAL_REPRESENTATION('',(#5183),#5187);
#5183 = LINE('',#5184,#5185);
#5184 = CARTESIAN_POINT('',(-0.,-0.));
#5185 = VECTOR('',#5186,1.);
#5186 = DIRECTION('',(-1.,-0.));
#5187 = ( GEOMETRIC_REPRESENTATION_CONTEXT(2) 
PARAMETRIC_REPRESENTATION_CONTEXT() REPRESENTATION_CONTEXT('2D SPACE',''
  ) );
#5188 = FACE_BOUND('',#5189,.T.);
#5189 = EDGE_LOOP('',(#5190));
#5190 = ORIENTED_EDGE('',*,*,#5191,.T.);
#5191 = EDGE_CURVE('',#5192,#5192,#5194,.T.);
#5192 = VERTEX_POINT('',#5193);
#5193 = CARTESIAN_POINT('',(8.949048216895,-8.174730299493,
    8.881784197001E-16));
#5194 = SURFACE_CURVE('',#5195,(#5200,#5211),.PCURVE_S1.);
#5195 = CIRCLE('',#5196,1.25);
#5196 = AXIS2_PLACEMENT_3D('',#5197,#5198,#5199);
#5197 = CARTESIAN_POINT('',(10.199048216895,-8.174730299493,
    8.881784197001E-16));
#5198 = DIRECTION('',(0.,1.224646799147E-16,1.));
#5199 = DIRECTION('',(-1.,0.,0.));
#5200 = PCURVE('',#126,#5201);
#5201 = DEFINITIONAL_REPRESENTATION('',(#5202),#5210);
#5202 = ( BOUNDED_CURVE() B_SPLINE_CURVE(2,(#5203,#5204,#5205,#5206,
#5207,#5208,#5209),.UNSPECIFIED.,.T.,.F.) B_SPLINE_CURVE_WITH_KNOTS((1,2
    ,2,2,2,1),(-2.094395102393,0.,2.094395102393,4.188790204786,
6.28318530718,8.377580409573),.UNSPECIFIED.) CURVE() 
GEOMETRIC_REPRESENTATION_ITEM() RATIONAL_B_SPLINE_CURVE((1.,0.5,1.,0.5,
1.,0.5,1.)) REPRESENTATION_ITEM('') );
#5203 = CARTESIAN_POINT('',(16.749048216895,12.678062399172));
#5204 = CARTESIAN_POINT('',(16.749048216895,14.843125908633));
#5205 = CARTESIAN_POINT('',(18.624048216895,13.760594153903));
#5206 = CARTESIAN_POINT('',(20.499048216895,12.678062399172));
#5207 = CARTESIAN_POINT('',(18.624048216895,11.595530644442));
#5208 = CARTESIAN_POINT('',(16.749048216895,10.512998889711));
#5209 = CARTESIAN_POINT('',(16.749048216895,12.678062399172));
#5210 = ( GEOMETRIC_REPRESENTATION_CONTEXT(2) 
PARAMETRIC_REPRESENTATION_CONTEXT() REPRESENTATION_CONTEXT('2D SPACE',''
  ) );
#5211 = PCURVE('',#5212,#5217);
#5212 = CONICAL_SURFACE('',#5213,1.25,8.502181265222E-02);
#5213 = AXIS2_PLACEMENT_3D('',#5214,#5215,#5216);
#5214 = CARTESIAN_POINT('',(10.199048216895,-8.174730299493,
    8.881784197001E-16));
#5215 = DIRECTION('',(-0.,-1.224646799147E-16,-1.));
#5216 = DIRECTION('',(-1.,0.,0.));
#5217 = DEFINITIONAL_REPRESENTATION('',(#5218),#5222);
#5218 = LINE('',#5219,#5220);
#5219 = CARTESIAN_POINT('',(-0.,-0.));
#5220 = VECTOR('',#5221,1.);
#5221 = DIRECTION('',(-1.,-0.));
#5222 = ( GEOMETRIC_REPRESENTATION_CONTEXT(2) 
PARAMETRIC_REPRESENTATION_CONTEXT() REPRESENTATION_CONTEXT('2D SPACE',''
  ) );
#5223 = ADVANCED_FACE('',(#5224),#159,.F.);
#5224 = FACE_BOUND('',#5225,.F.);
#5225 = EDGE_LOOP('',(#5226,#5247,#5248,#5249));
#5226 = ORIENTED_EDGE('',*,*,#5227,.F.);
#5227 = EDGE_CURVE('',#220,#2621,#5228,.T.);
#5228 = SURFACE_CURVE('',#5229,(#5233,#5240),.PCURVE_S1.);
#5229 = LINE('',#5230,#5231);
#5230 = CARTESIAN_POINT('',(4.313005970815E-16,-16.05033748347,4.4));
#5231 = VECTOR('',#5232,1.);
#5232 = DIRECTION('',(0.,-1.224646799147E-16,-1.));
#5233 = PCURVE('',#159,#5234);
#5234 = DEFINITIONAL_REPRESENTATION('',(#5235),#5239);
#5235 = LINE('',#5236,#5237);
#5236 = CARTESIAN_POINT('',(7.043673284113,0.4));
#5237 = VECTOR('',#5238,1.);
#5238 = DIRECTION('',(0.,-1.));
#5239 = ( GEOMETRIC_REPRESENTATION_CONTEXT(2) 
PARAMETRIC_REPRESENTATION_CONTEXT() REPRESENTATION_CONTEXT('2D SPACE',''
  ) );
#5240 = PCURVE('',#258,#5241);
#5241 = DEFINITIONAL_REPRESENTATION('',(#5242),#5246);
#5242 = LINE('',#5243,#5244);
#5243 = CARTESIAN_POINT('',(0.,0.));
#5244 = VECTOR('',#5245,1.);
#5245 = DIRECTION('',(0.,-1.));
#5246 = ( GEOMETRIC_REPRESENTATION_CONTEXT(2) 
PARAMETRIC_REPRESENTATION_CONTEXT() REPRESENTATION_CONTEXT('2D SPACE',''
  ) );
#5247 = ORIENTED_EDGE('',*,*,#219,.F.);
#5248 = ORIENTED_EDGE('',*,*,#141,.T.);
#5249 = ORIENTED_EDGE('',*,*,#2620,.T.);
#5250 = ADVANCED_FACE('',(#5251),#958,.F.);
#5251 = FACE_BOUND('',#5252,.F.);
#5252 = EDGE_LOOP('',(#5253,#5254,#5275,#5276));
#5253 = ORIENTED_EDGE('',*,*,#942,.F.);
#5254 = ORIENTED_EDGE('',*,*,#5255,.F.);
#5255 = EDGE_CURVE('',#3275,#915,#5256,.T.);
#5256 = SURFACE_CURVE('',#5257,(#5261,#5268),.PCURVE_S1.);
#5257 = LINE('',#5258,#5259);
#5258 = CARTESIAN_POINT('',(13.9,-8.025168741736,8.881784197001E-16));
#5259 = VECTOR('',#5260,1.);
#5260 = DIRECTION('',(0.,1.224646799147E-16,1.));
#5261 = PCURVE('',#958,#5262);
#5262 = DEFINITIONAL_REPRESENTATION('',(#5263),#5267);
#5263 = LINE('',#5264,#5265);
#5264 = CARTESIAN_POINT('',(-2.449293598295E-16,-4.));
#5265 = VECTOR('',#5266,1.);
#5266 = DIRECTION('',(0.,1.));
#5267 = ( GEOMETRIC_REPRESENTATION_CONTEXT(2) 
PARAMETRIC_REPRESENTATION_CONTEXT() REPRESENTATION_CONTEXT('2D SPACE',''
  ) );
#5268 = PCURVE('',#930,#5269);
#5269 = DEFINITIONAL_REPRESENTATION('',(#5270),#5274);
#5270 = LINE('',#5271,#5272);
#5271 = CARTESIAN_POINT('',(7.043673284113,-4.4));
#5272 = VECTOR('',#5273,1.);
#5273 = DIRECTION('',(0.,1.));
#5274 = ( GEOMETRIC_REPRESENTATION_CONTEXT(2) 
PARAMETRIC_REPRESENTATION_CONTEXT() REPRESENTATION_CONTEXT('2D SPACE',''
  ) );
#5275 = ORIENTED_EDGE('',*,*,#3297,.T.);
#5276 = ORIENTED_EDGE('',*,*,#2569,.T.);
#5277 = ADVANCED_FACE('',(#5278),#930,.F.);
#5278 = FACE_BOUND('',#5279,.F.);
#5279 = EDGE_LOOP('',(#5280,#5281,#5302,#5303));
#5280 = ORIENTED_EDGE('',*,*,#914,.F.);
#5281 = ORIENTED_EDGE('',*,*,#5282,.F.);
#5282 = EDGE_CURVE('',#3252,#887,#5283,.T.);
#5283 = SURFACE_CURVE('',#5284,(#5288,#5295),.PCURVE_S1.);
#5284 = LINE('',#5285,#5286);
#5285 = CARTESIAN_POINT('',(13.9,-5.02294734195,8.881784197001E-16));
#5286 = VECTOR('',#5287,1.);
#5287 = DIRECTION('',(0.,1.224646799147E-16,1.));
#5288 = PCURVE('',#930,#5289);
#5289 = DEFINITIONAL_REPRESENTATION('',(#5290),#5294);
#5290 = LINE('',#5291,#5292);
#5291 = CARTESIAN_POINT('',(4.041451884327,-4.4));
#5292 = VECTOR('',#5293,1.);
#5293 = DIRECTION('',(0.,1.));
#5294 = ( GEOMETRIC_REPRESENTATION_CONTEXT(2) 
PARAMETRIC_REPRESENTATION_CONTEXT() REPRESENTATION_CONTEXT('2D SPACE',''
  ) );
#5295 = PCURVE('',#902,#5296);
#5296 = DEFINITIONAL_REPRESENTATION('',(#5297),#5301);
#5297 = LINE('',#5298,#5299);
#5298 = CARTESIAN_POINT('',(3.002221399786,-4.4));
#5299 = VECTOR('',#5300,1.);
#5300 = DIRECTION('',(0.,1.));
#5301 = ( GEOMETRIC_REPRESENTATION_CONTEXT(2) 
PARAMETRIC_REPRESENTATION_CONTEXT() REPRESENTATION_CONTEXT('2D SPACE',''
  ) );
#5302 = ORIENTED_EDGE('',*,*,#3274,.T.);
#5303 = ORIENTED_EDGE('',*,*,#5255,.T.);
#5304 = ADVANCED_FACE('',(#5305),#258,.F.);
#5305 = FACE_BOUND('',#5306,.F.);
#5306 = EDGE_LOOP('',(#5307,#5308,#5309,#5310));
#5307 = ORIENTED_EDGE('',*,*,#242,.F.);
#5308 = ORIENTED_EDGE('',*,*,#5227,.T.);
#5309 = ORIENTED_EDGE('',*,*,#2643,.T.);
#5310 = ORIENTED_EDGE('',*,*,#5311,.F.);
#5311 = EDGE_CURVE('',#243,#2644,#5312,.T.);
#5312 = SURFACE_CURVE('',#5313,(#5317,#5324),.PCURVE_S1.);
#5313 = LINE('',#5314,#5315);
#5314 = CARTESIAN_POINT('',(-2.6,-14.54922678357,4.4));
#5315 = VECTOR('',#5316,1.);
#5316 = DIRECTION('',(0.,-1.224646799147E-16,-1.));
#5317 = PCURVE('',#258,#5318);
#5318 = DEFINITIONAL_REPRESENTATION('',(#5319),#5323);
#5319 = LINE('',#5320,#5321);
#5320 = CARTESIAN_POINT('',(3.002221399786,1.83833041379E-16));
#5321 = VECTOR('',#5322,1.);
#5322 = DIRECTION('',(0.,-1.));
#5323 = ( GEOMETRIC_REPRESENTATION_CONTEXT(2) 
PARAMETRIC_REPRESENTATION_CONTEXT() REPRESENTATION_CONTEXT('2D SPACE',''
  ) );
#5324 = PCURVE('',#286,#5325);
#5325 = DEFINITIONAL_REPRESENTATION('',(#5326),#5330);
#5326 = LINE('',#5327,#5328);
#5327 = CARTESIAN_POINT('',(4.041451884327,6.407108639976E-16));
#5328 = VECTOR('',#5329,1.);
#5329 = DIRECTION('',(0.,-1.));
#5330 = ( GEOMETRIC_REPRESENTATION_CONTEXT(2) 
PARAMETRIC_REPRESENTATION_CONTEXT() REPRESENTATION_CONTEXT('2D SPACE',''
  ) );
#5331 = ADVANCED_FACE('',(#5332),#902,.F.);
#5332 = FACE_BOUND('',#5333,.F.);
#5333 = EDGE_LOOP('',(#5334,#5335,#5356,#5357));
#5334 = ORIENTED_EDGE('',*,*,#886,.F.);
#5335 = ORIENTED_EDGE('',*,*,#5336,.F.);
#5336 = EDGE_CURVE('',#3229,#859,#5337,.T.);
#5337 = SURFACE_CURVE('',#5338,(#5342,#5349),.PCURVE_S1.);
#5338 = LINE('',#5339,#5340);
#5339 = CARTESIAN_POINT('',(16.5,-3.521836642057,0.));
#5340 = VECTOR('',#5341,1.);
#5341 = DIRECTION('',(0.,1.224646799147E-16,1.));
#5342 = PCURVE('',#902,#5343);
#5343 = DEFINITIONAL_REPRESENTATION('',(#5344),#5348);
#5344 = LINE('',#5345,#5346);
#5345 = CARTESIAN_POINT('',(-4.737769088739E-17,-4.4));
#5346 = VECTOR('',#5347,1.);
#5347 = DIRECTION('',(0.,1.));
#5348 = ( GEOMETRIC_REPRESENTATION_CONTEXT(2) 
PARAMETRIC_REPRESENTATION_CONTEXT() REPRESENTATION_CONTEXT('2D SPACE',''
  ) );
#5349 = PCURVE('',#874,#5350);
#5350 = DEFINITIONAL_REPRESENTATION('',(#5351),#5355);
#5351 = LINE('',#5352,#5353);
#5352 = CARTESIAN_POINT('',(7.043673284113,-4.4));
#5353 = VECTOR('',#5354,1.);
#5354 = DIRECTION('',(0.,1.));
#5355 = ( GEOMETRIC_REPRESENTATION_CONTEXT(2) 
PARAMETRIC_REPRESENTATION_CONTEXT() REPRESENTATION_CONTEXT('2D SPACE',''
  ) );
#5356 = ORIENTED_EDGE('',*,*,#3251,.T.);
#5357 = ORIENTED_EDGE('',*,*,#5282,.T.);
#5358 = ADVANCED_FACE('',(#5359),#286,.F.);
#5359 = FACE_BOUND('',#5360,.F.);
#5360 = EDGE_LOOP('',(#5361,#5362,#5363,#5364));
#5361 = ORIENTED_EDGE('',*,*,#270,.F.);
#5362 = ORIENTED_EDGE('',*,*,#5311,.T.);
#5363 = ORIENTED_EDGE('',*,*,#2666,.T.);
#5364 = ORIENTED_EDGE('',*,*,#5365,.F.);
#5365 = EDGE_CURVE('',#271,#2667,#5366,.T.);
#5366 = SURFACE_CURVE('',#5367,(#5371,#5378),.PCURVE_S1.);
#5367 = LINE('',#5368,#5369);
#5368 = CARTESIAN_POINT('',(-5.2,-16.05033748347,4.4));
#5369 = VECTOR('',#5370,1.);
#5370 = DIRECTION('',(0.,-1.224646799147E-16,-1.));
#5371 = PCURVE('',#286,#5372);
#5372 = DEFINITIONAL_REPRESENTATION('',(#5373),#5377);
#5373 = LINE('',#5374,#5375);
#5374 = CARTESIAN_POINT('',(7.043673284113,4.568778226187E-16));
#5375 = VECTOR('',#5376,1.);
#5376 = DIRECTION('',(0.,-1.));
#5377 = ( GEOMETRIC_REPRESENTATION_CONTEXT(2) 
PARAMETRIC_REPRESENTATION_CONTEXT() REPRESENTATION_CONTEXT('2D SPACE',''
  ) );
#5378 = PCURVE('',#314,#5379);
#5379 = DEFINITIONAL_REPRESENTATION('',(#5380),#5384);
#5380 = LINE('',#5381,#5382);
#5381 = CARTESIAN_POINT('',(0.,0.));
#5382 = VECTOR('',#5383,1.);
#5383 = DIRECTION('',(0.,-1.));
#5384 = ( GEOMETRIC_REPRESENTATION_CONTEXT(2) 
PARAMETRIC_REPRESENTATION_CONTEXT() REPRESENTATION_CONTEXT('2D SPACE',''
  ) );
#5385 = ADVANCED_FACE('',(#5386),#874,.F.);
#5386 = FACE_BOUND('',#5387,.F.);
#5387 = EDGE_LOOP('',(#5388,#5389,#5410,#5411,#5434,#5462,#5483,#5484));
#5388 = ORIENTED_EDGE('',*,*,#858,.F.);
#5389 = ORIENTED_EDGE('',*,*,#5390,.F.);
#5390 = EDGE_CURVE('',#3127,#831,#5391,.T.);
#5391 = SURFACE_CURVE('',#5392,(#5396,#5403),.PCURVE_S1.);
#5392 = LINE('',#5393,#5394);
#5393 = CARTESIAN_POINT('',(16.5,3.521836642057,0.));
#5394 = VECTOR('',#5395,1.);
#5395 = DIRECTION('',(0.,1.224646799147E-16,1.));
#5396 = PCURVE('',#874,#5397);
#5397 = DEFINITIONAL_REPRESENTATION('',(#5398),#5402);
#5398 = LINE('',#5399,#5400);
#5399 = CARTESIAN_POINT('',(-9.475538177477E-17,-4.4));
#5400 = VECTOR('',#5401,1.);
#5401 = DIRECTION('',(0.,1.));
#5402 = ( GEOMETRIC_REPRESENTATION_CONTEXT(2) 
PARAMETRIC_REPRESENTATION_CONTEXT() REPRESENTATION_CONTEXT('2D SPACE',''
  ) );
#5403 = PCURVE('',#846,#5404);
#5404 = DEFINITIONAL_REPRESENTATION('',(#5405),#5409);
#5405 = LINE('',#5406,#5407);
#5406 = CARTESIAN_POINT('',(7.043673284113,-4.4));
#5407 = VECTOR('',#5408,1.);
#5408 = DIRECTION('',(0.,1.));
#5409 = ( GEOMETRIC_REPRESENTATION_CONTEXT(2) 
PARAMETRIC_REPRESENTATION_CONTEXT() REPRESENTATION_CONTEXT('2D SPACE',''
  ) );
#5410 = ORIENTED_EDGE('',*,*,#3149,.T.);
#5411 = ORIENTED_EDGE('',*,*,#5412,.F.);
#5412 = EDGE_CURVE('',#5413,#3150,#5415,.T.);
#5413 = VERTEX_POINT('',#5414);
#5414 = CARTESIAN_POINT('',(16.5,0.615384615385,4.));
#5415 = SURFACE_CURVE('',#5416,(#5420,#5427),.PCURVE_S1.);
#5416 = LINE('',#5417,#5418);
#5417 = CARTESIAN_POINT('',(16.5,0.615384615385,4.2));
#5418 = VECTOR('',#5419,1.);
#5419 = DIRECTION('',(0.,-1.224646799147E-16,-1.));
#5420 = PCURVE('',#874,#5421);
#5421 = DEFINITIONAL_REPRESENTATION('',(#5422),#5426);
#5422 = LINE('',#5423,#5424);
#5423 = CARTESIAN_POINT('',(2.906452026672,-0.2));
#5424 = VECTOR('',#5425,1.);
#5425 = DIRECTION('',(0.,-1.));
#5426 = ( GEOMETRIC_REPRESENTATION_CONTEXT(2) 
PARAMETRIC_REPRESENTATION_CONTEXT() REPRESENTATION_CONTEXT('2D SPACE',''
  ) );
#5427 = PCURVE('',#3188,#5428);
#5428 = DEFINITIONAL_REPRESENTATION('',(#5429),#5433);
#5429 = LINE('',#5430,#5431);
#5430 = CARTESIAN_POINT('',(1.174179809421,0.2));
#5431 = VECTOR('',#5432,1.);
#5432 = DIRECTION('',(0.,-1.));
#5433 = ( GEOMETRIC_REPRESENTATION_CONTEXT(2) 
PARAMETRIC_REPRESENTATION_CONTEXT() REPRESENTATION_CONTEXT('2D SPACE',''
  ) );
#5434 = ORIENTED_EDGE('',*,*,#5435,.F.);
#5435 = EDGE_CURVE('',#5436,#5413,#5438,.T.);
#5436 = VERTEX_POINT('',#5437);
#5437 = CARTESIAN_POINT('',(16.5,-0.615384615385,4.));
#5438 = SURFACE_CURVE('',#5439,(#5443,#5450),.PCURVE_S1.);
#5439 = LINE('',#5440,#5441);
#5440 = CARTESIAN_POINT('',(16.5,1.760918321028,4.));
#5441 = VECTOR('',#5442,1.);
#5442 = DIRECTION('',(0.,1.,-1.224646799147E-16));
#5443 = PCURVE('',#874,#5444);
#5444 = DEFINITIONAL_REPRESENTATION('',(#5445),#5449);
#5445 = LINE('',#5446,#5447);
#5446 = CARTESIAN_POINT('',(1.760918321028,-0.4));
#5447 = VECTOR('',#5448,1.);
#5448 = DIRECTION('',(-1.,0.));
#5449 = ( GEOMETRIC_REPRESENTATION_CONTEXT(2) 
PARAMETRIC_REPRESENTATION_CONTEXT() REPRESENTATION_CONTEXT('2D SPACE',''
  ) );
#5450 = PCURVE('',#5451,#5456);
#5451 = PLANE('',#5452);
#5452 = AXIS2_PLACEMENT_3D('',#5453,#5454,#5455);
#5453 = CARTESIAN_POINT('',(16.626481922385,-3.061616997868E-16,4.));
#5454 = DIRECTION('',(-0.,1.224646799147E-16,1.));
#5455 = DIRECTION('',(-1.,-0.,0.));
#5456 = DEFINITIONAL_REPRESENTATION('',(#5457),#5461);
#5457 = LINE('',#5458,#5459);
#5458 = CARTESIAN_POINT('',(0.126481922385,-1.760918321028));
#5459 = VECTOR('',#5460,1.);
#5460 = DIRECTION('',(-0.,-1.));
#5461 = ( GEOMETRIC_REPRESENTATION_CONTEXT(2) 
PARAMETRIC_REPRESENTATION_CONTEXT() REPRESENTATION_CONTEXT('2D SPACE',''
  ) );
#5462 = ORIENTED_EDGE('',*,*,#5463,.F.);
#5463 = EDGE_CURVE('',#3201,#5436,#5464,.T.);
#5464 = SURFACE_CURVE('',#5465,(#5469,#5476),.PCURVE_S1.);
#5465 = LINE('',#5466,#5467);
#5466 = CARTESIAN_POINT('',(16.5,-0.615384615385,4.2));
#5467 = VECTOR('',#5468,1.);
#5468 = DIRECTION('',(0.,1.224646799147E-16,1.));
#5469 = PCURVE('',#874,#5470);
#5470 = DEFINITIONAL_REPRESENTATION('',(#5471),#5475);
#5471 = LINE('',#5472,#5473);
#5472 = CARTESIAN_POINT('',(4.137221257441,-0.2));
#5473 = VECTOR('',#5474,1.);
#5474 = DIRECTION('',(0.,1.));
#5475 = ( GEOMETRIC_REPRESENTATION_CONTEXT(2) 
PARAMETRIC_REPRESENTATION_CONTEXT() REPRESENTATION_CONTEXT('2D SPACE',''
  ) );
#5476 = PCURVE('',#3216,#5477);
#5477 = DEFINITIONAL_REPRESENTATION('',(#5478),#5482);
#5478 = LINE('',#5479,#5480);
#5479 = CARTESIAN_POINT('',(0.352253942826,0.2));
#5480 = VECTOR('',#5481,1.);
#5481 = DIRECTION('',(0.,1.));
#5482 = ( GEOMETRIC_REPRESENTATION_CONTEXT(2) 
PARAMETRIC_REPRESENTATION_CONTEXT() REPRESENTATION_CONTEXT('2D SPACE',''
  ) );
#5483 = ORIENTED_EDGE('',*,*,#3228,.T.);
#5484 = ORIENTED_EDGE('',*,*,#5336,.T.);
#5485 = ADVANCED_FACE('',(#5486),#314,.F.);
#5486 = FACE_BOUND('',#5487,.F.);
#5487 = EDGE_LOOP('',(#5488,#5489,#5490,#5491));
#5488 = ORIENTED_EDGE('',*,*,#298,.F.);
#5489 = ORIENTED_EDGE('',*,*,#5365,.T.);
#5490 = ORIENTED_EDGE('',*,*,#2689,.T.);
#5491 = ORIENTED_EDGE('',*,*,#5492,.F.);
#5492 = EDGE_CURVE('',#299,#2690,#5493,.T.);
#5493 = SURFACE_CURVE('',#5494,(#5498,#5505),.PCURVE_S1.);
#5494 = LINE('',#5495,#5496);
#5495 = CARTESIAN_POINT('',(-11.3,-12.52850084141,4.4));
#5496 = VECTOR('',#5497,1.);
#5497 = DIRECTION('',(0.,-1.224646799147E-16,-1.));
#5498 = PCURVE('',#314,#5499);
#5499 = DEFINITIONAL_REPRESENTATION('',(#5500),#5504);
#5500 = LINE('',#5501,#5502);
#5501 = CARTESIAN_POINT('',(7.043673284113,-4.568778226187E-16));
#5502 = VECTOR('',#5503,1.);
#5503 = DIRECTION('',(0.,-1.));
#5504 = ( GEOMETRIC_REPRESENTATION_CONTEXT(2) 
PARAMETRIC_REPRESENTATION_CONTEXT() REPRESENTATION_CONTEXT('2D SPACE',''
  ) );
#5505 = PCURVE('',#342,#5506);
#5506 = DEFINITIONAL_REPRESENTATION('',(#5507),#5511);
#5507 = LINE('',#5508,#5509);
#5508 = CARTESIAN_POINT('',(0.,0.));
#5509 = VECTOR('',#5510,1.);
#5510 = DIRECTION('',(0.,-1.));
#5511 = ( GEOMETRIC_REPRESENTATION_CONTEXT(2) 
PARAMETRIC_REPRESENTATION_CONTEXT() REPRESENTATION_CONTEXT('2D SPACE',''
  ) );
#5512 = ADVANCED_FACE('',(#5513),#846,.F.);
#5513 = FACE_BOUND('',#5514,.F.);
#5514 = EDGE_LOOP('',(#5515,#5516,#5537,#5538));
#5515 = ORIENTED_EDGE('',*,*,#830,.F.);
#5516 = ORIENTED_EDGE('',*,*,#5517,.F.);
#5517 = EDGE_CURVE('',#3104,#803,#5518,.T.);
#5518 = SURFACE_CURVE('',#5519,(#5523,#5530),.PCURVE_S1.);
#5519 = LINE('',#5520,#5521);
#5520 = CARTESIAN_POINT('',(13.9,5.02294734195,-8.881784197001E-16));
#5521 = VECTOR('',#5522,1.);
#5522 = DIRECTION('',(0.,1.224646799147E-16,1.));
#5523 = PCURVE('',#846,#5524);
#5524 = DEFINITIONAL_REPRESENTATION('',(#5525),#5529);
#5525 = LINE('',#5526,#5527);
#5526 = CARTESIAN_POINT('',(4.041451884327,-4.4));
#5527 = VECTOR('',#5528,1.);
#5528 = DIRECTION('',(0.,1.));
#5529 = ( GEOMETRIC_REPRESENTATION_CONTEXT(2) 
PARAMETRIC_REPRESENTATION_CONTEXT() REPRESENTATION_CONTEXT('2D SPACE',''
  ) );
#5530 = PCURVE('',#818,#5531);
#5531 = DEFINITIONAL_REPRESENTATION('',(#5532),#5536);
#5532 = LINE('',#5533,#5534);
#5533 = CARTESIAN_POINT('',(3.002221399786,-4.4));
#5534 = VECTOR('',#5535,1.);
#5535 = DIRECTION('',(0.,1.));
#5536 = ( GEOMETRIC_REPRESENTATION_CONTEXT(2) 
PARAMETRIC_REPRESENTATION_CONTEXT() REPRESENTATION_CONTEXT('2D SPACE',''
  ) );
#5537 = ORIENTED_EDGE('',*,*,#3126,.T.);
#5538 = ORIENTED_EDGE('',*,*,#5390,.T.);
#5539 = ADVANCED_FACE('',(#5540),#342,.F.);
#5540 = FACE_BOUND('',#5541,.F.);
#5541 = EDGE_LOOP('',(#5542,#5543,#5544,#5545));
#5542 = ORIENTED_EDGE('',*,*,#326,.F.);
#5543 = ORIENTED_EDGE('',*,*,#5492,.T.);
#5544 = ORIENTED_EDGE('',*,*,#2712,.T.);
#5545 = ORIENTED_EDGE('',*,*,#5546,.F.);
#5546 = EDGE_CURVE('',#327,#2713,#5547,.T.);
#5547 = SURFACE_CURVE('',#5548,(#5552,#5559),.PCURVE_S1.);
#5548 = LINE('',#5549,#5550);
#5549 = CARTESIAN_POINT('',(-11.3,-9.526279441629,4.4));
#5550 = VECTOR('',#5551,1.);
#5551 = DIRECTION('',(0.,-1.224646799147E-16,-1.));
#5552 = PCURVE('',#342,#5553);
#5553 = DEFINITIONAL_REPRESENTATION('',(#5554),#5558);
#5554 = LINE('',#5555,#5556);
#5555 = CARTESIAN_POINT('',(3.002221399786,3.67666082758E-16));
#5556 = VECTOR('',#5557,1.);
#5557 = DIRECTION('',(0.,-1.));
#5558 = ( GEOMETRIC_REPRESENTATION_CONTEXT(2) 
PARAMETRIC_REPRESENTATION_CONTEXT() REPRESENTATION_CONTEXT('2D SPACE',''
  ) );
#5559 = PCURVE('',#370,#5560);
#5560 = DEFINITIONAL_REPRESENTATION('',(#5561),#5565);
#5561 = LINE('',#5562,#5563);
#5562 = CARTESIAN_POINT('',(4.041451884327,2.474675557025E-16));
#5563 = VECTOR('',#5564,1.);
#5564 = DIRECTION('',(0.,-1.));
#5565 = ( GEOMETRIC_REPRESENTATION_CONTEXT(2) 
PARAMETRIC_REPRESENTATION_CONTEXT() REPRESENTATION_CONTEXT('2D SPACE',''
  ) );
#5566 = ADVANCED_FACE('',(#5567),#818,.F.);
#5567 = FACE_BOUND('',#5568,.F.);
#5568 = EDGE_LOOP('',(#5569,#5570,#5591,#5592));
#5569 = ORIENTED_EDGE('',*,*,#802,.F.);
#5570 = ORIENTED_EDGE('',*,*,#5571,.F.);
#5571 = EDGE_CURVE('',#3081,#775,#5572,.T.);
#5572 = SURFACE_CURVE('',#5573,(#5577,#5584),.PCURVE_S1.);
#5573 = LINE('',#5574,#5575);
#5574 = CARTESIAN_POINT('',(13.9,8.025168741736,-8.881784197001E-16));
#5575 = VECTOR('',#5576,1.);
#5576 = DIRECTION('',(0.,1.224646799147E-16,1.));
#5577 = PCURVE('',#818,#5578);
#5578 = DEFINITIONAL_REPRESENTATION('',(#5579),#5583);
#5579 = LINE('',#5580,#5581);
#5580 = CARTESIAN_POINT('',(-5.388445916248E-16,-4.4));
#5581 = VECTOR('',#5582,1.);
#5582 = DIRECTION('',(0.,1.));
#5583 = ( GEOMETRIC_REPRESENTATION_CONTEXT(2) 
PARAMETRIC_REPRESENTATION_CONTEXT() REPRESENTATION_CONTEXT('2D SPACE',''
  ) );
#5584 = PCURVE('',#790,#5585);
#5585 = DEFINITIONAL_REPRESENTATION('',(#5586),#5590);
#5586 = LINE('',#5587,#5588);
#5587 = CARTESIAN_POINT('',(7.043673284113,-4.4));
#5588 = VECTOR('',#5589,1.);
#5589 = DIRECTION('',(0.,1.));
#5590 = ( GEOMETRIC_REPRESENTATION_CONTEXT(2) 
PARAMETRIC_REPRESENTATION_CONTEXT() REPRESENTATION_CONTEXT('2D SPACE',''
  ) );
#5591 = ORIENTED_EDGE('',*,*,#3103,.T.);
#5592 = ORIENTED_EDGE('',*,*,#5517,.T.);
#5593 = ADVANCED_FACE('',(#5594),#370,.F.);
#5594 = FACE_BOUND('',#5595,.F.);
#5595 = EDGE_LOOP('',(#5596,#5597,#5598,#5599));
#5596 = ORIENTED_EDGE('',*,*,#354,.F.);
#5597 = ORIENTED_EDGE('',*,*,#5546,.T.);
#5598 = ORIENTED_EDGE('',*,*,#2735,.T.);
#5599 = ORIENTED_EDGE('',*,*,#5600,.F.);
#5600 = EDGE_CURVE('',#355,#2736,#5601,.T.);
#5601 = SURFACE_CURVE('',#5602,(#5606,#5613),.PCURVE_S1.);
#5602 = LINE('',#5603,#5604);
#5603 = CARTESIAN_POINT('',(-13.9,-8.025168741736,4.4));
#5604 = VECTOR('',#5605,1.);
#5605 = DIRECTION('',(0.,-1.224646799147E-16,-1.));
#5606 = PCURVE('',#370,#5607);
#5607 = DEFINITIONAL_REPRESENTATION('',(#5608),#5612);
#5608 = LINE('',#5609,#5610);
#5609 = CARTESIAN_POINT('',(7.043673284113,-4.568778226187E-16));
#5610 = VECTOR('',#5611,1.);
#5611 = DIRECTION('',(0.,-1.));
#5612 = ( GEOMETRIC_REPRESENTATION_CONTEXT(2) 
PARAMETRIC_REPRESENTATION_CONTEXT() REPRESENTATION_CONTEXT('2D SPACE',''
  ) );
#5613 = PCURVE('',#398,#5614);
#5614 = DEFINITIONAL_REPRESENTATION('',(#5615),#5619);
#5615 = LINE('',#5616,#5617);
#5616 = CARTESIAN_POINT('',(0.,0.));
#5617 = VECTOR('',#5618,1.);
#5618 = DIRECTION('',(0.,-1.));
#5619 = ( GEOMETRIC_REPRESENTATION_CONTEXT(2) 
PARAMETRIC_REPRESENTATION_CONTEXT() REPRESENTATION_CONTEXT('2D SPACE',''
  ) );
#5620 = ADVANCED_FACE('',(#5621),#790,.F.);
#5621 = FACE_BOUND('',#5622,.F.);
#5622 = EDGE_LOOP('',(#5623,#5624,#5645,#5646));
#5623 = ORIENTED_EDGE('',*,*,#774,.F.);
#5624 = ORIENTED_EDGE('',*,*,#5625,.F.);
#5625 = EDGE_CURVE('',#3058,#747,#5626,.T.);
#5626 = SURFACE_CURVE('',#5627,(#5631,#5638),.PCURVE_S1.);
#5627 = LINE('',#5628,#5629);
#5628 = CARTESIAN_POINT('',(11.3,9.526279441629,-8.881784197001E-16));
#5629 = VECTOR('',#5630,1.);
#5630 = DIRECTION('',(0.,1.224646799147E-16,1.));
#5631 = PCURVE('',#790,#5632);
#5632 = DEFINITIONAL_REPRESENTATION('',(#5633),#5637);
#5633 = LINE('',#5634,#5635);
#5634 = CARTESIAN_POINT('',(4.041451884327,-4.4));
#5635 = VECTOR('',#5636,1.);
#5636 = DIRECTION('',(0.,1.));
#5637 = ( GEOMETRIC_REPRESENTATION_CONTEXT(2) 
PARAMETRIC_REPRESENTATION_CONTEXT() REPRESENTATION_CONTEXT('2D SPACE',''
  ) );
#5638 = PCURVE('',#762,#5639);
#5639 = DEFINITIONAL_REPRESENTATION('',(#5640),#5644);
#5640 = LINE('',#5641,#5642);
#5641 = CARTESIAN_POINT('',(3.002221399786,-4.4));
#5642 = VECTOR('',#5643,1.);
#5643 = DIRECTION('',(0.,1.));
#5644 = ( GEOMETRIC_REPRESENTATION_CONTEXT(2) 
PARAMETRIC_REPRESENTATION_CONTEXT() REPRESENTATION_CONTEXT('2D SPACE',''
  ) );
#5645 = ORIENTED_EDGE('',*,*,#3080,.T.);
#5646 = ORIENTED_EDGE('',*,*,#5571,.T.);
#5647 = ADVANCED_FACE('',(#5648),#398,.F.);
#5648 = FACE_BOUND('',#5649,.F.);
#5649 = EDGE_LOOP('',(#5650,#5651,#5652,#5653));
#5650 = ORIENTED_EDGE('',*,*,#382,.F.);
#5651 = ORIENTED_EDGE('',*,*,#5600,.T.);
#5652 = ORIENTED_EDGE('',*,*,#2758,.T.);
#5653 = ORIENTED_EDGE('',*,*,#5654,.F.);
#5654 = EDGE_CURVE('',#383,#2759,#5655,.T.);
#5655 = SURFACE_CURVE('',#5656,(#5660,#5667),.PCURVE_S1.);
#5656 = LINE('',#5657,#5658);
#5657 = CARTESIAN_POINT('',(-13.9,-5.02294734195,4.4));
#5658 = VECTOR('',#5659,1.);
#5659 = DIRECTION('',(0.,-1.224646799147E-16,-1.));
#5660 = PCURVE('',#398,#5661);
#5661 = DEFINITIONAL_REPRESENTATION('',(#5662),#5666);
#5662 = LINE('',#5663,#5664);
#5663 = CARTESIAN_POINT('',(3.002221399786,3.67666082758E-16));
#5664 = VECTOR('',#5665,1.);
#5665 = DIRECTION('',(0.,-1.));
#5666 = ( GEOMETRIC_REPRESENTATION_CONTEXT(2) 
PARAMETRIC_REPRESENTATION_CONTEXT() REPRESENTATION_CONTEXT('2D SPACE',''
  ) );
#5667 = PCURVE('',#426,#5668);
#5668 = DEFINITIONAL_REPRESENTATION('',(#5669),#5673);
#5669 = LINE('',#5670,#5671);
#5670 = CARTESIAN_POINT('',(4.041451884327,2.474675557025E-16));
#5671 = VECTOR('',#5672,1.);
#5672 = DIRECTION('',(0.,-1.));
#5673 = ( GEOMETRIC_REPRESENTATION_CONTEXT(2) 
PARAMETRIC_REPRESENTATION_CONTEXT() REPRESENTATION_CONTEXT('2D SPACE',''
  ) );
#5674 = ADVANCED_FACE('',(#5675),#762,.F.);
#5675 = FACE_BOUND('',#5676,.F.);
#5676 = EDGE_LOOP('',(#5677,#5678,#5699,#5700));
#5677 = ORIENTED_EDGE('',*,*,#746,.F.);
#5678 = ORIENTED_EDGE('',*,*,#5679,.F.);
#5679 = EDGE_CURVE('',#3035,#719,#5680,.T.);
#5680 = SURFACE_CURVE('',#5681,(#5685,#5692),.PCURVE_S1.);
#5681 = LINE('',#5682,#5683);
#5682 = CARTESIAN_POINT('',(11.3,12.528500841415,-1.7763568394E-15));
#5683 = VECTOR('',#5684,1.);
#5684 = DIRECTION('',(0.,1.224646799147E-16,1.));
#5685 = PCURVE('',#762,#5686);
#5686 = DEFINITIONAL_REPRESENTATION('',(#5687),#5691);
#5687 = LINE('',#5688,#5689);
#5688 = CARTESIAN_POINT('',(-5.388445916248E-16,-4.4));
#5689 = VECTOR('',#5690,1.);
#5690 = DIRECTION('',(0.,1.));
#5691 = ( GEOMETRIC_REPRESENTATION_CONTEXT(2) 
PARAMETRIC_REPRESENTATION_CONTEXT() REPRESENTATION_CONTEXT('2D SPACE',''
  ) );
#5692 = PCURVE('',#734,#5693);
#5693 = DEFINITIONAL_REPRESENTATION('',(#5694),#5698);
#5694 = LINE('',#5695,#5696);
#5695 = CARTESIAN_POINT('',(7.043673284113,-4.4));
#5696 = VECTOR('',#5697,1.);
#5697 = DIRECTION('',(0.,1.));
#5698 = ( GEOMETRIC_REPRESENTATION_CONTEXT(2) 
PARAMETRIC_REPRESENTATION_CONTEXT() REPRESENTATION_CONTEXT('2D SPACE',''
  ) );
#5699 = ORIENTED_EDGE('',*,*,#3057,.T.);
#5700 = ORIENTED_EDGE('',*,*,#5625,.T.);
#5701 = ADVANCED_FACE('',(#5702),#426,.F.);
#5702 = FACE_BOUND('',#5703,.F.);
#5703 = EDGE_LOOP('',(#5704,#5705,#5706,#5707));
#5704 = ORIENTED_EDGE('',*,*,#410,.F.);
#5705 = ORIENTED_EDGE('',*,*,#5654,.T.);
#5706 = ORIENTED_EDGE('',*,*,#2781,.T.);
#5707 = ORIENTED_EDGE('',*,*,#5708,.F.);
#5708 = EDGE_CURVE('',#411,#2782,#5709,.T.);
#5709 = SURFACE_CURVE('',#5710,(#5714,#5721),.PCURVE_S1.);
#5710 = LINE('',#5711,#5712);
#5711 = CARTESIAN_POINT('',(-16.5,-3.521836642057,4.4));
#5712 = VECTOR('',#5713,1.);
#5713 = DIRECTION('',(0.,-1.224646799147E-16,-1.));
#5714 = PCURVE('',#426,#5715);
#5715 = DEFINITIONAL_REPRESENTATION('',(#5716),#5720);
#5716 = LINE('',#5717,#5718);
#5717 = CARTESIAN_POINT('',(7.043673284113,4.313005970815E-16));
#5718 = VECTOR('',#5719,1.);
#5719 = DIRECTION('',(0.,-1.));
#5720 = ( GEOMETRIC_REPRESENTATION_CONTEXT(2) 
PARAMETRIC_REPRESENTATION_CONTEXT() REPRESENTATION_CONTEXT('2D SPACE',''
  ) );
#5721 = PCURVE('',#454,#5722);
#5722 = DEFINITIONAL_REPRESENTATION('',(#5723),#5727);
#5723 = LINE('',#5724,#5725);
#5724 = CARTESIAN_POINT('',(0.,0.));
#5725 = VECTOR('',#5726,1.);
#5726 = DIRECTION('',(0.,-1.));
#5727 = ( GEOMETRIC_REPRESENTATION_CONTEXT(2) 
PARAMETRIC_REPRESENTATION_CONTEXT() REPRESENTATION_CONTEXT('2D SPACE',''
  ) );
#5728 = ADVANCED_FACE('',(#5729),#734,.F.);
#5729 = FACE_BOUND('',#5730,.F.);
#5730 = EDGE_LOOP('',(#5731,#5732,#5753,#5754));
#5731 = ORIENTED_EDGE('',*,*,#718,.F.);
#5732 = ORIENTED_EDGE('',*,*,#5733,.F.);
#5733 = EDGE_CURVE('',#3012,#691,#5734,.T.);
#5734 = SURFACE_CURVE('',#5735,(#5739,#5746),.PCURVE_S1.);
#5735 = LINE('',#5736,#5737);
#5736 = CARTESIAN_POINT('',(5.2,16.050337483472,-1.7763568394E-15));
#5737 = VECTOR('',#5738,1.);
#5738 = DIRECTION('',(0.,1.224646799147E-16,1.));
#5739 = PCURVE('',#734,#5740);
#5740 = DEFINITIONAL_REPRESENTATION('',(#5741),#5745);
#5741 = LINE('',#5742,#5743);
#5742 = CARTESIAN_POINT('',(-2.694222958124E-16,-4.4));
#5743 = VECTOR('',#5744,1.);
#5744 = DIRECTION('',(0.,1.));
#5745 = ( GEOMETRIC_REPRESENTATION_CONTEXT(2) 
PARAMETRIC_REPRESENTATION_CONTEXT() REPRESENTATION_CONTEXT('2D SPACE',''
  ) );
#5746 = PCURVE('',#706,#5747);
#5747 = DEFINITIONAL_REPRESENTATION('',(#5748),#5752);
#5748 = LINE('',#5749,#5750);
#5749 = CARTESIAN_POINT('',(7.043673284113,-4.4));
#5750 = VECTOR('',#5751,1.);
#5751 = DIRECTION('',(0.,1.));
#5752 = ( GEOMETRIC_REPRESENTATION_CONTEXT(2) 
PARAMETRIC_REPRESENTATION_CONTEXT() REPRESENTATION_CONTEXT('2D SPACE',''
  ) );
#5753 = ORIENTED_EDGE('',*,*,#3034,.T.);
#5754 = ORIENTED_EDGE('',*,*,#5679,.T.);
#5755 = ADVANCED_FACE('',(#5756),#454,.F.);
#5756 = FACE_BOUND('',#5757,.F.);
#5757 = EDGE_LOOP('',(#5758,#5759,#5760,#5761));
#5758 = ORIENTED_EDGE('',*,*,#438,.F.);
#5759 = ORIENTED_EDGE('',*,*,#5708,.T.);
#5760 = ORIENTED_EDGE('',*,*,#2804,.T.);
#5761 = ORIENTED_EDGE('',*,*,#5762,.F.);
#5762 = EDGE_CURVE('',#439,#2805,#5763,.T.);
#5763 = SURFACE_CURVE('',#5764,(#5768,#5775),.PCURVE_S1.);
#5764 = LINE('',#5765,#5766);
#5765 = CARTESIAN_POINT('',(-16.5,3.521836642057,4.4));
#5766 = VECTOR('',#5767,1.);
#5767 = DIRECTION('',(0.,-1.224646799147E-16,-1.));
#5768 = PCURVE('',#454,#5769);
#5769 = DEFINITIONAL_REPRESENTATION('',(#5770),#5774);
#5770 = LINE('',#5771,#5772);
#5771 = CARTESIAN_POINT('',(7.043673284113,-2.55772255372E-17));
#5772 = VECTOR('',#5773,1.);
#5773 = DIRECTION('',(0.,-1.));
#5774 = ( GEOMETRIC_REPRESENTATION_CONTEXT(2) 
PARAMETRIC_REPRESENTATION_CONTEXT() REPRESENTATION_CONTEXT('2D SPACE',''
  ) );
#5775 = PCURVE('',#482,#5776);
#5776 = DEFINITIONAL_REPRESENTATION('',(#5777),#5781);
#5777 = LINE('',#5778,#5779);
#5778 = CARTESIAN_POINT('',(0.,0.));
#5779 = VECTOR('',#5780,1.);
#5780 = DIRECTION('',(0.,-1.));
#5781 = ( GEOMETRIC_REPRESENTATION_CONTEXT(2) 
PARAMETRIC_REPRESENTATION_CONTEXT() REPRESENTATION_CONTEXT('2D SPACE',''
  ) );
#5782 = ADVANCED_FACE('',(#5783),#706,.F.);
#5783 = FACE_BOUND('',#5784,.F.);
#5784 = EDGE_LOOP('',(#5785,#5786,#5807,#5808));
#5785 = ORIENTED_EDGE('',*,*,#690,.F.);
#5786 = ORIENTED_EDGE('',*,*,#5787,.F.);
#5787 = EDGE_CURVE('',#2989,#663,#5788,.T.);
#5788 = SURFACE_CURVE('',#5789,(#5793,#5800),.PCURVE_S1.);
#5789 = LINE('',#5790,#5791);
#5790 = CARTESIAN_POINT('',(2.6,14.549226783579,-1.7763568394E-15));
#5791 = VECTOR('',#5792,1.);
#5792 = DIRECTION('',(0.,1.224646799147E-16,1.));
#5793 = PCURVE('',#706,#5794);
#5794 = DEFINITIONAL_REPRESENTATION('',(#5795),#5799);
#5795 = LINE('',#5796,#5797);
#5796 = CARTESIAN_POINT('',(4.041451884327,-4.4));
#5797 = VECTOR('',#5798,1.);
#5798 = DIRECTION('',(0.,1.));
#5799 = ( GEOMETRIC_REPRESENTATION_CONTEXT(2) 
PARAMETRIC_REPRESENTATION_CONTEXT() REPRESENTATION_CONTEXT('2D SPACE',''
  ) );
#5800 = PCURVE('',#678,#5801);
#5801 = DEFINITIONAL_REPRESENTATION('',(#5802),#5806);
#5802 = LINE('',#5803,#5804);
#5803 = CARTESIAN_POINT('',(3.002221399786,-4.4));
#5804 = VECTOR('',#5805,1.);
#5805 = DIRECTION('',(0.,1.));
#5806 = ( GEOMETRIC_REPRESENTATION_CONTEXT(2) 
PARAMETRIC_REPRESENTATION_CONTEXT() REPRESENTATION_CONTEXT('2D SPACE',''
  ) );
#5807 = ORIENTED_EDGE('',*,*,#3011,.T.);
#5808 = ORIENTED_EDGE('',*,*,#5733,.T.);
#5809 = ADVANCED_FACE('',(#5810),#482,.F.);
#5810 = FACE_BOUND('',#5811,.F.);
#5811 = EDGE_LOOP('',(#5812,#5813,#5814,#5815));
#5812 = ORIENTED_EDGE('',*,*,#466,.F.);
#5813 = ORIENTED_EDGE('',*,*,#5762,.T.);
#5814 = ORIENTED_EDGE('',*,*,#2827,.T.);
#5815 = ORIENTED_EDGE('',*,*,#5816,.F.);
#5816 = EDGE_CURVE('',#467,#2828,#5817,.T.);
#5817 = SURFACE_CURVE('',#5818,(#5822,#5829),.PCURVE_S1.);
#5818 = LINE('',#5819,#5820);
#5819 = CARTESIAN_POINT('',(-13.9,5.02294734195,4.4));
#5820 = VECTOR('',#5821,1.);
#5821 = DIRECTION('',(0.,-1.224646799147E-16,-1.));
#5822 = PCURVE('',#482,#5823);
#5823 = DEFINITIONAL_REPRESENTATION('',(#5824),#5828);
#5824 = LINE('',#5825,#5826);
#5825 = CARTESIAN_POINT('',(3.002221399786,1.83833041379E-16));
#5826 = VECTOR('',#5827,1.);
#5827 = DIRECTION('',(0.,-1.));
#5828 = ( GEOMETRIC_REPRESENTATION_CONTEXT(2) 
PARAMETRIC_REPRESENTATION_CONTEXT() REPRESENTATION_CONTEXT('2D SPACE',''
  ) );
#5829 = PCURVE('',#510,#5830);
#5830 = DEFINITIONAL_REPRESENTATION('',(#5831),#5835);
#5831 = LINE('',#5832,#5833);
#5832 = CARTESIAN_POINT('',(4.041451884327,-3.932433082952E-16));
#5833 = VECTOR('',#5834,1.);
#5834 = DIRECTION('',(0.,-1.));
#5835 = ( GEOMETRIC_REPRESENTATION_CONTEXT(2) 
PARAMETRIC_REPRESENTATION_CONTEXT() REPRESENTATION_CONTEXT('2D SPACE',''
  ) );
#5836 = ADVANCED_FACE('',(#5837),#678,.F.);
#5837 = FACE_BOUND('',#5838,.F.);
#5838 = EDGE_LOOP('',(#5839,#5840,#5861,#5862));
#5839 = ORIENTED_EDGE('',*,*,#662,.F.);
#5840 = ORIENTED_EDGE('',*,*,#5841,.F.);
#5841 = EDGE_CURVE('',#2966,#635,#5842,.T.);
#5842 = SURFACE_CURVE('',#5843,(#5847,#5854),.PCURVE_S1.);
#5843 = LINE('',#5844,#5845);
#5844 = CARTESIAN_POINT('',(-1.293901791244E-15,16.050337483472,
    -1.7763568394E-15));
#5845 = VECTOR('',#5846,1.);
#5846 = DIRECTION('',(0.,1.224646799147E-16,1.));
#5847 = PCURVE('',#678,#5848);
#5848 = DEFINITIONAL_REPRESENTATION('',(#5849),#5853);
#5849 = LINE('',#5850,#5851);
#5850 = CARTESIAN_POINT('',(-4.714890176717E-16,-4.4));
#5851 = VECTOR('',#5852,1.);
#5852 = DIRECTION('',(0.,1.));
#5853 = ( GEOMETRIC_REPRESENTATION_CONTEXT(2) 
PARAMETRIC_REPRESENTATION_CONTEXT() REPRESENTATION_CONTEXT('2D SPACE',''
  ) );
#5854 = PCURVE('',#650,#5855);
#5855 = DEFINITIONAL_REPRESENTATION('',(#5856),#5860);
#5856 = LINE('',#5857,#5858);
#5857 = CARTESIAN_POINT('',(7.043673284113,-4.4));
#5858 = VECTOR('',#5859,1.);
#5859 = DIRECTION('',(0.,1.));
#5860 = ( GEOMETRIC_REPRESENTATION_CONTEXT(2) 
PARAMETRIC_REPRESENTATION_CONTEXT() REPRESENTATION_CONTEXT('2D SPACE',''
  ) );
#5861 = ORIENTED_EDGE('',*,*,#2988,.T.);
#5862 = ORIENTED_EDGE('',*,*,#5787,.T.);
#5863 = ADVANCED_FACE('',(#5864),#510,.F.);
#5864 = FACE_BOUND('',#5865,.F.);
#5865 = EDGE_LOOP('',(#5866,#5867,#5868,#5869));
#5866 = ORIENTED_EDGE('',*,*,#494,.F.);
#5867 = ORIENTED_EDGE('',*,*,#5816,.T.);
#5868 = ORIENTED_EDGE('',*,*,#2850,.T.);
#5869 = ORIENTED_EDGE('',*,*,#5870,.F.);
#5870 = EDGE_CURVE('',#495,#2851,#5871,.T.);
#5871 = SURFACE_CURVE('',#5872,(#5876,#5883),.PCURVE_S1.);
#5872 = LINE('',#5873,#5874);
#5873 = CARTESIAN_POINT('',(-13.9,8.025168741736,4.4));
#5874 = VECTOR('',#5875,1.);
#5875 = DIRECTION('',(0.,-1.224646799147E-16,-1.));
#5876 = PCURVE('',#510,#5877);
#5877 = DEFINITIONAL_REPRESENTATION('',(#5878),#5882);
#5878 = LINE('',#5879,#5880);
#5879 = CARTESIAN_POINT('',(7.043673284113,-9.137556452373E-16));
#5880 = VECTOR('',#5881,1.);
#5881 = DIRECTION('',(0.,-1.));
#5882 = ( GEOMETRIC_REPRESENTATION_CONTEXT(2) 
PARAMETRIC_REPRESENTATION_CONTEXT() REPRESENTATION_CONTEXT('2D SPACE',''
  ) );
#5883 = PCURVE('',#538,#5884);
#5884 = DEFINITIONAL_REPRESENTATION('',(#5885),#5889);
#5885 = LINE('',#5886,#5887);
#5886 = CARTESIAN_POINT('',(0.,0.));
#5887 = VECTOR('',#5888,1.);
#5888 = DIRECTION('',(0.,-1.));
#5889 = ( GEOMETRIC_REPRESENTATION_CONTEXT(2) 
PARAMETRIC_REPRESENTATION_CONTEXT() REPRESENTATION_CONTEXT('2D SPACE',''
  ) );
#5890 = ADVANCED_FACE('',(#5891),#650,.F.);
#5891 = FACE_BOUND('',#5892,.F.);
#5892 = EDGE_LOOP('',(#5893,#5894,#5915,#5916));
#5893 = ORIENTED_EDGE('',*,*,#634,.F.);
#5894 = ORIENTED_EDGE('',*,*,#5895,.F.);
#5895 = EDGE_CURVE('',#2943,#607,#5896,.T.);
#5896 = SURFACE_CURVE('',#5897,(#5901,#5908),.PCURVE_S1.);
#5897 = LINE('',#5898,#5899);
#5898 = CARTESIAN_POINT('',(-2.6,14.549226783579,-1.7763568394E-15));
#5899 = VECTOR('',#5900,1.);
#5900 = DIRECTION('',(0.,1.224646799147E-16,1.));
#5901 = PCURVE('',#650,#5902);
#5902 = DEFINITIONAL_REPRESENTATION('',(#5903),#5907);
#5903 = LINE('',#5904,#5905);
#5904 = CARTESIAN_POINT('',(4.041451884327,-4.4));
#5905 = VECTOR('',#5906,1.);
#5906 = DIRECTION('',(0.,1.));
#5907 = ( GEOMETRIC_REPRESENTATION_CONTEXT(2) 
PARAMETRIC_REPRESENTATION_CONTEXT() REPRESENTATION_CONTEXT('2D SPACE',''
  ) );
#5908 = PCURVE('',#622,#5909);
#5909 = DEFINITIONAL_REPRESENTATION('',(#5910),#5914);
#5910 = LINE('',#5911,#5912);
#5911 = CARTESIAN_POINT('',(3.002221399786,-4.4));
#5912 = VECTOR('',#5913,1.);
#5913 = DIRECTION('',(0.,1.));
#5914 = ( GEOMETRIC_REPRESENTATION_CONTEXT(2) 
PARAMETRIC_REPRESENTATION_CONTEXT() REPRESENTATION_CONTEXT('2D SPACE',''
  ) );
#5915 = ORIENTED_EDGE('',*,*,#2965,.T.);
#5916 = ORIENTED_EDGE('',*,*,#5841,.T.);
#5917 = ADVANCED_FACE('',(#5918),#538,.F.);
#5918 = FACE_BOUND('',#5919,.F.);
#5919 = EDGE_LOOP('',(#5920,#5921,#5922,#5923));
#5920 = ORIENTED_EDGE('',*,*,#522,.F.);
#5921 = ORIENTED_EDGE('',*,*,#5870,.T.);
#5922 = ORIENTED_EDGE('',*,*,#2873,.T.);
#5923 = ORIENTED_EDGE('',*,*,#5924,.F.);
#5924 = EDGE_CURVE('',#523,#2874,#5925,.T.);
#5925 = SURFACE_CURVE('',#5926,(#5930,#5937),.PCURVE_S1.);
#5926 = LINE('',#5927,#5928);
#5927 = CARTESIAN_POINT('',(-11.3,9.526279441629,4.4));
#5928 = VECTOR('',#5929,1.);
#5929 = DIRECTION('',(0.,-1.224646799147E-16,-1.));
#5930 = PCURVE('',#538,#5931);
#5931 = DEFINITIONAL_REPRESENTATION('',(#5932),#5936);
#5932 = LINE('',#5933,#5934);
#5933 = CARTESIAN_POINT('',(3.002221399786,1.83833041379E-16));
#5934 = VECTOR('',#5935,1.);
#5935 = DIRECTION('',(0.,-1.));
#5936 = ( GEOMETRIC_REPRESENTATION_CONTEXT(2) 
PARAMETRIC_REPRESENTATION_CONTEXT() REPRESENTATION_CONTEXT('2D SPACE',''
  ) );
#5937 = PCURVE('',#566,#5938);
#5938 = DEFINITIONAL_REPRESENTATION('',(#5939),#5943);
#5939 = LINE('',#5940,#5941);
#5940 = CARTESIAN_POINT('',(4.041451884327,4.94935111405E-16));
#5941 = VECTOR('',#5942,1.);
#5942 = DIRECTION('',(0.,-1.));
#5943 = ( GEOMETRIC_REPRESENTATION_CONTEXT(2) 
PARAMETRIC_REPRESENTATION_CONTEXT() REPRESENTATION_CONTEXT('2D SPACE',''
  ) );
#5944 = ADVANCED_FACE('',(#5945),#622,.F.);
#5945 = FACE_BOUND('',#5946,.F.);
#5946 = EDGE_LOOP('',(#5947,#5948,#5969,#5970));
#5947 = ORIENTED_EDGE('',*,*,#606,.F.);
#5948 = ORIENTED_EDGE('',*,*,#5949,.F.);
#5949 = EDGE_CURVE('',#2920,#579,#5950,.T.);
#5950 = SURFACE_CURVE('',#5951,(#5955,#5962),.PCURVE_S1.);
#5951 = LINE('',#5952,#5953);
#5952 = CARTESIAN_POINT('',(-5.2,16.050337483472,-1.7763568394E-15));
#5953 = VECTOR('',#5954,1.);
#5954 = DIRECTION('',(0.,1.224646799147E-16,1.));
#5955 = PCURVE('',#622,#5956);
#5956 = DEFINITIONAL_REPRESENTATION('',(#5957),#5961);
#5957 = LINE('',#5958,#5959);
#5958 = CARTESIAN_POINT('',(-2.694222958124E-16,-4.4));
#5959 = VECTOR('',#5960,1.);
#5960 = DIRECTION('',(0.,1.));
#5961 = ( GEOMETRIC_REPRESENTATION_CONTEXT(2) 
PARAMETRIC_REPRESENTATION_CONTEXT() REPRESENTATION_CONTEXT('2D SPACE',''
  ) );
#5962 = PCURVE('',#594,#5963);
#5963 = DEFINITIONAL_REPRESENTATION('',(#5964),#5968);
#5964 = LINE('',#5965,#5966);
#5965 = CARTESIAN_POINT('',(7.043673284113,-4.4));
#5966 = VECTOR('',#5967,1.);
#5967 = DIRECTION('',(0.,1.));
#5968 = ( GEOMETRIC_REPRESENTATION_CONTEXT(2) 
PARAMETRIC_REPRESENTATION_CONTEXT() REPRESENTATION_CONTEXT('2D SPACE',''
  ) );
#5969 = ORIENTED_EDGE('',*,*,#2942,.T.);
#5970 = ORIENTED_EDGE('',*,*,#5895,.T.);
#5971 = ADVANCED_FACE('',(#5972),#566,.F.);
#5972 = FACE_BOUND('',#5973,.F.);
#5973 = EDGE_LOOP('',(#5974,#5975,#5976,#5977));
#5974 = ORIENTED_EDGE('',*,*,#550,.F.);
#5975 = ORIENTED_EDGE('',*,*,#5924,.T.);
#5976 = ORIENTED_EDGE('',*,*,#2896,.T.);
#5977 = ORIENTED_EDGE('',*,*,#5978,.F.);
#5978 = EDGE_CURVE('',#551,#2897,#5979,.T.);
#5979 = SURFACE_CURVE('',#5980,(#5984,#5991),.PCURVE_S1.);
#5980 = LINE('',#5981,#5982);
#5981 = CARTESIAN_POINT('',(-11.3,12.528500841415,4.4));
#5982 = VECTOR('',#5983,1.);
#5983 = DIRECTION('',(0.,-1.224646799147E-16,-1.));
#5984 = PCURVE('',#566,#5985);
#5985 = DEFINITIONAL_REPRESENTATION('',(#5986),#5990);
#5986 = LINE('',#5987,#5988);
#5987 = CARTESIAN_POINT('',(7.043673284113,8.626011941629E-16));
#5988 = VECTOR('',#5989,1.);
#5989 = DIRECTION('',(0.,-1.));
#5990 = ( GEOMETRIC_REPRESENTATION_CONTEXT(2) 
PARAMETRIC_REPRESENTATION_CONTEXT() REPRESENTATION_CONTEXT('2D SPACE',''
  ) );
#5991 = PCURVE('',#594,#5992);
#5992 = DEFINITIONAL_REPRESENTATION('',(#5993),#5997);
#5993 = LINE('',#5994,#5995);
#5994 = CARTESIAN_POINT('',(0.,0.));
#5995 = VECTOR('',#5996,1.);
#5996 = DIRECTION('',(0.,-1.));
#5997 = ( GEOMETRIC_REPRESENTATION_CONTEXT(2) 
PARAMETRIC_REPRESENTATION_CONTEXT() REPRESENTATION_CONTEXT('2D SPACE',''
  ) );
#5998 = ADVANCED_FACE('',(#5999),#594,.F.);
#5999 = FACE_BOUND('',#6000,.F.);
#6000 = EDGE_LOOP('',(#6001,#6002,#6003,#6004));
#6001 = ORIENTED_EDGE('',*,*,#578,.F.);
#6002 = ORIENTED_EDGE('',*,*,#5978,.T.);
#6003 = ORIENTED_EDGE('',*,*,#2919,.T.);
#6004 = ORIENTED_EDGE('',*,*,#5949,.T.);
#6005 = ADVANCED_FACE('',(#6006),#1011,.T.);
#6006 = FACE_BOUND('',#6007,.T.);
#6007 = EDGE_LOOP('',(#6008,#6009,#6032,#6060,#6088,#6116,#6143));
#6008 = ORIENTED_EDGE('',*,*,#993,.F.);
#6009 = ORIENTED_EDGE('',*,*,#6010,.T.);
#6010 = EDGE_CURVE('',#994,#6011,#6013,.T.);
#6011 = VERTEX_POINT('',#6012);
#6012 = CARTESIAN_POINT('',(-8.4,-10.85418506076,4.));
#6013 = SURFACE_CURVE('',#6014,(#6018,#6025),.PCURVE_S1.);
#6014 = LINE('',#6015,#6016);
#6015 = CARTESIAN_POINT('',(-8.4,-10.85418506076,4.4));
#6016 = VECTOR('',#6017,1.);
#6017 = DIRECTION('',(0.,-1.224646799147E-16,-1.));
#6018 = PCURVE('',#1011,#6019);
#6019 = DEFINITIONAL_REPRESENTATION('',(#6020),#6024);
#6020 = LINE('',#6021,#6022);
#6021 = CARTESIAN_POINT('',(0.,0.));
#6022 = VECTOR('',#6023,1.);
#6023 = DIRECTION('',(0.,-1.));
#6024 = ( GEOMETRIC_REPRESENTATION_CONTEXT(2) 
PARAMETRIC_REPRESENTATION_CONTEXT() REPRESENTATION_CONTEXT('2D SPACE',''
  ) );
#6025 = PCURVE('',#1039,#6026);
#6026 = DEFINITIONAL_REPRESENTATION('',(#6027),#6031);
#6027 = LINE('',#6028,#6029);
#6028 = CARTESIAN_POINT('',(3.695041722814,-6.619223687721E-16));
#6029 = VECTOR('',#6030,1.);
#6030 = DIRECTION('',(0.,-1.));
#6031 = ( GEOMETRIC_REPRESENTATION_CONTEXT(2) 
PARAMETRIC_REPRESENTATION_CONTEXT() REPRESENTATION_CONTEXT('2D SPACE',''
  ) );
#6032 = ORIENTED_EDGE('',*,*,#6033,.F.);
#6033 = EDGE_CURVE('',#6034,#6011,#6036,.T.);
#6034 = VERTEX_POINT('',#6035);
#6035 = CARTESIAN_POINT('',(-8.4,-7.851963660979,4.));
#6036 = SURFACE_CURVE('',#6037,(#6041,#6048),.PCURVE_S1.);
#6037 = LINE('',#6038,#6039);
#6038 = CARTESIAN_POINT('',(-8.4,-5.427092530382,4.));
#6039 = VECTOR('',#6040,1.);
#6040 = DIRECTION('',(0.,-1.,1.224646799147E-16));
#6041 = PCURVE('',#1011,#6042);
#6042 = DEFINITIONAL_REPRESENTATION('',(#6043),#6047);
#6043 = LINE('',#6044,#6045);
#6044 = CARTESIAN_POINT('',(5.427092530382,-0.4));
#6045 = VECTOR('',#6046,1.);
#6046 = DIRECTION('',(-1.,0.));
#6047 = ( GEOMETRIC_REPRESENTATION_CONTEXT(2) 
PARAMETRIC_REPRESENTATION_CONTEXT() REPRESENTATION_CONTEXT('2D SPACE',''
  ) );
#6048 = PCURVE('',#6049,#6054);
#6049 = PLANE('',#6050);
#6050 = AXIS2_PLACEMENT_3D('',#6051,#6052,#6053);
#6051 = CARTESIAN_POINT('',(-10.4,1.141580130839E-16,4.));
#6052 = DIRECTION('',(0.,-1.224646799147E-16,-1.));
#6053 = DIRECTION('',(1.,0.,0.));
#6054 = DEFINITIONAL_REPRESENTATION('',(#6055),#6059);
#6055 = LINE('',#6056,#6057);
#6056 = CARTESIAN_POINT('',(2.,5.427092530382));
#6057 = VECTOR('',#6058,1.);
#6058 = DIRECTION('',(0.,1.));
#6059 = ( GEOMETRIC_REPRESENTATION_CONTEXT(2) 
PARAMETRIC_REPRESENTATION_CONTEXT() REPRESENTATION_CONTEXT('2D SPACE',''
  ) );
#6060 = ORIENTED_EDGE('',*,*,#6061,.F.);
#6061 = EDGE_CURVE('',#6062,#6034,#6064,.T.);
#6062 = VERTEX_POINT('',#6063);
#6063 = CARTESIAN_POINT('',(-8.4,-7.851963660979,4.4));
#6064 = SURFACE_CURVE('',#6065,(#6069,#6076),.PCURVE_S1.);
#6065 = LINE('',#6066,#6067);
#6066 = CARTESIAN_POINT('',(-8.4,-7.851963660979,4.4));
#6067 = VECTOR('',#6068,1.);
#6068 = DIRECTION('',(0.,-1.224646799147E-16,-1.));
#6069 = PCURVE('',#1011,#6070);
#6070 = DEFINITIONAL_REPRESENTATION('',(#6071),#6075);
#6071 = LINE('',#6072,#6073);
#6072 = CARTESIAN_POINT('',(3.002221399786,-5.205123369422E-16));
#6073 = VECTOR('',#6074,1.);
#6074 = DIRECTION('',(0.,-1.));
#6075 = ( GEOMETRIC_REPRESENTATION_CONTEXT(2) 
PARAMETRIC_REPRESENTATION_CONTEXT() REPRESENTATION_CONTEXT('2D SPACE',''
  ) );
#6076 = PCURVE('',#6077,#6082);
#6077 = PLANE('',#6078);
#6078 = AXIS2_PLACEMENT_3D('',#6079,#6080,#6081);
#6079 = CARTESIAN_POINT('',(-7.8,-8.198373822493,4.4));
#6080 = DIRECTION('',(0.5,0.866025403784,-1.060575238725E-16));
#6081 = DIRECTION('',(-0.866025403784,0.5,-6.123233995737E-17));
#6082 = DEFINITIONAL_REPRESENTATION('',(#6083),#6087);
#6083 = LINE('',#6084,#6085);
#6084 = CARTESIAN_POINT('',(0.692820323028,4.2423009549E-17));
#6085 = VECTOR('',#6086,1.);
#6086 = DIRECTION('',(0.,-1.));
#6087 = ( GEOMETRIC_REPRESENTATION_CONTEXT(2) 
PARAMETRIC_REPRESENTATION_CONTEXT() REPRESENTATION_CONTEXT('2D SPACE',''
  ) );
#6088 = ORIENTED_EDGE('',*,*,#6089,.F.);
#6089 = EDGE_CURVE('',#6090,#6062,#6092,.T.);
#6090 = VERTEX_POINT('',#6091);
#6091 = CARTESIAN_POINT('',(-8.4,-8.208075685215,4.4));
#6092 = SURFACE_CURVE('',#6093,(#6097,#6104),.PCURVE_S1.);
#6093 = LINE('',#6094,#6095);
#6094 = CARTESIAN_POINT('',(-8.4,-10.85418506076,4.4));
#6095 = VECTOR('',#6096,1.);
#6096 = DIRECTION('',(0.,1.,-1.224646799147E-16));
#6097 = PCURVE('',#1011,#6098);
#6098 = DEFINITIONAL_REPRESENTATION('',(#6099),#6103);
#6099 = LINE('',#6100,#6101);
#6100 = CARTESIAN_POINT('',(0.,0.));
#6101 = VECTOR('',#6102,1.);
#6102 = DIRECTION('',(1.,0.));
#6103 = ( GEOMETRIC_REPRESENTATION_CONTEXT(2) 
PARAMETRIC_REPRESENTATION_CONTEXT() REPRESENTATION_CONTEXT('2D SPACE',''
  ) );
#6104 = PCURVE('',#6105,#6110);
#6105 = PLANE('',#6106);
#6106 = AXIS2_PLACEMENT_3D('',#6107,#6108,#6109);
#6107 = CARTESIAN_POINT('',(-10.4,1.631438850498E-16,4.4));
#6108 = DIRECTION('',(0.,-1.224646799147E-16,-1.));
#6109 = DIRECTION('',(1.,0.,0.));
#6110 = DEFINITIONAL_REPRESENTATION('',(#6111),#6115);
#6111 = LINE('',#6112,#6113);
#6112 = CARTESIAN_POINT('',(2.,10.854185060765));
#6113 = VECTOR('',#6114,1.);
#6114 = DIRECTION('',(0.,-1.));
#6115 = ( GEOMETRIC_REPRESENTATION_CONTEXT(2) 
PARAMETRIC_REPRESENTATION_CONTEXT() REPRESENTATION_CONTEXT('2D SPACE',''
  ) );
#6116 = ORIENTED_EDGE('',*,*,#6117,.T.);
#6117 = EDGE_CURVE('',#6090,#6118,#6120,.T.);
#6118 = VERTEX_POINT('',#6119);
#6119 = CARTESIAN_POINT('',(-8.4,-8.476044271575,4.059021420026));
#6120 = SURFACE_CURVE('',#6121,(#6126,#6133),.PCURVE_S1.);
#6121 = HYPERBOLA('',#6122,14.325688086693,1.22093932557);
#6122 = AXIS2_PLACEMENT_3D('',#6123,#6124,#6125);
#6123 = CARTESIAN_POINT('',(-8.4,-8.476044271575,-10.26666666666));
#6124 = DIRECTION('',(1.,0.,-0.));
#6125 = DIRECTION('',(0.,1.224646799147E-16,1.));
#6126 = PCURVE('',#1011,#6127);
#6127 = DEFINITIONAL_REPRESENTATION('',(#6128),#6132);
#6128 = HYPERBOLA('',#6129,14.325688086693,1.22093932557);
#6129 = AXIS2_PLACEMENT_2D('',#6130,#6131);
#6130 = CARTESIAN_POINT('',(2.37814078919,-14.66666666666));
#6131 = DIRECTION('',(0.,1.));
#6132 = ( GEOMETRIC_REPRESENTATION_CONTEXT(2) 
PARAMETRIC_REPRESENTATION_CONTEXT() REPRESENTATION_CONTEXT('2D SPACE',''
  ) );
#6133 = PCURVE('',#2553,#6134);
#6134 = DEFINITIONAL_REPRESENTATION('',(#6135),#6142);
#6135 = B_SPLINE_CURVE_WITH_KNOTS('',5,(#6136,#6137,#6138,#6139,#6140,
    #6141),.UNSPECIFIED.,.F.,.F.,(6,6),(-0.217752483175,0.),
  .PIECEWISE_BEZIER_KNOTS.);
#6136 = CARTESIAN_POINT('',(-6.067133532553,2.223221517855E-15));
#6137 = CARTESIAN_POINT('',(-6.109671543745,-0.136929936218));
#6138 = CARTESIAN_POINT('',(-6.152705958178,-0.239088080356));
#6139 = CARTESIAN_POINT('',(-6.196084295706,-0.307015182241));
#6140 = CARTESIAN_POINT('',(-6.239634810544,-0.340978579974));
#6141 = CARTESIAN_POINT('',(-6.28318530718,-0.340978579974));
#6142 = ( GEOMETRIC_REPRESENTATION_CONTEXT(2) 
PARAMETRIC_REPRESENTATION_CONTEXT() REPRESENTATION_CONTEXT('2D SPACE',''
  ) );
#6143 = ORIENTED_EDGE('',*,*,#6144,.T.);
#6144 = EDGE_CURVE('',#6118,#996,#6145,.T.);
#6145 = SURFACE_CURVE('',#6146,(#6151,#6158),.PCURVE_S1.);
#6146 = HYPERBOLA('',#6147,14.325688086693,1.22093932557);
#6147 = AXIS2_PLACEMENT_3D('',#6148,#6149,#6150);
#6148 = CARTESIAN_POINT('',(-8.4,-8.476044271575,-10.26666666666));
#6149 = DIRECTION('',(1.,0.,-0.));
#6150 = DIRECTION('',(0.,1.224646799147E-16,1.));
#6151 = PCURVE('',#1011,#6152);
#6152 = DEFINITIONAL_REPRESENTATION('',(#6153),#6157);
#6153 = HYPERBOLA('',#6154,14.325688086693,1.22093932557);
#6154 = AXIS2_PLACEMENT_2D('',#6155,#6156);
#6155 = CARTESIAN_POINT('',(2.37814078919,-14.66666666666));
#6156 = DIRECTION('',(0.,1.));
#6157 = ( GEOMETRIC_REPRESENTATION_CONTEXT(2) 
PARAMETRIC_REPRESENTATION_CONTEXT() REPRESENTATION_CONTEXT('2D SPACE',''
  ) );
#6158 = PCURVE('',#2553,#6159);
#6159 = DEFINITIONAL_REPRESENTATION('',(#6160),#6167);
#6160 = B_SPLINE_CURVE_WITH_KNOTS('',5,(#6161,#6162,#6163,#6164,#6165,
    #6166),.UNSPECIFIED.,.F.,.F.,(6,6),(0.,0.217752483175),
  .PIECEWISE_BEZIER_KNOTS.);
#6161 = CARTESIAN_POINT('',(0.,-0.340978579974));
#6162 = CARTESIAN_POINT('',(-4.355049663509E-02,-0.340978579974));
#6163 = CARTESIAN_POINT('',(-8.710101147345E-02,-0.307015182241));
#6164 = CARTESIAN_POINT('',(-0.130479349001,-0.239088080356));
#6165 = CARTESIAN_POINT('',(-0.173513763435,-0.136929936218));
#6166 = CARTESIAN_POINT('',(-0.216051774627,2.20443373038E-15));
#6167 = ( GEOMETRIC_REPRESENTATION_CONTEXT(2) 
PARAMETRIC_REPRESENTATION_CONTEXT() REPRESENTATION_CONTEXT('2D SPACE',''
  ) );
#6168 = ADVANCED_FACE('',(#6169),#2553,.F.);
#6169 = FACE_BOUND('',#6170,.F.);
#6170 = EDGE_LOOP('',(#6171,#6194,#6221,#6222,#6223,#6224,#6251,#6275,
    #6302,#6324));
#6171 = ORIENTED_EDGE('',*,*,#6172,.T.);
#6172 = EDGE_CURVE('',#6118,#6173,#6175,.T.);
#6173 = VERTEX_POINT('',#6174);
#6174 = CARTESIAN_POINT('',(-8.52093932557,-8.476044271575,2.64));
#6175 = SEAM_CURVE('',#6176,(#6180,#6187),.PCURVE_S1.);
#6176 = LINE('',#6177,#6178);
#6177 = CARTESIAN_POINT('',(-8.37093932557,-8.476044271575,4.4));
#6178 = VECTOR('',#6179,1.);
#6179 = DIRECTION('',(-8.491941668366E-02,-1.428215741092E-16,
    -0.996387822422));
#6180 = PCURVE('',#2553,#6181);
#6181 = DEFINITIONAL_REPRESENTATION('',(#6182),#6186);
#6182 = LINE('',#6183,#6184);
#6183 = CARTESIAN_POINT('',(-6.28318530718,0.));
#6184 = VECTOR('',#6185,1.);
#6185 = DIRECTION('',(-0.,-1.));
#6186 = ( GEOMETRIC_REPRESENTATION_CONTEXT(2) 
PARAMETRIC_REPRESENTATION_CONTEXT() REPRESENTATION_CONTEXT('2D SPACE',''
  ) );
#6187 = PCURVE('',#2553,#6188);
#6188 = DEFINITIONAL_REPRESENTATION('',(#6189),#6193);
#6189 = LINE('',#6190,#6191);
#6190 = CARTESIAN_POINT('',(0.,-0.));
#6191 = VECTOR('',#6192,1.);
#6192 = DIRECTION('',(-0.,-1.));
#6193 = ( GEOMETRIC_REPRESENTATION_CONTEXT(2) 
PARAMETRIC_REPRESENTATION_CONTEXT() REPRESENTATION_CONTEXT('2D SPACE',''
  ) );
#6194 = ORIENTED_EDGE('',*,*,#6195,.F.);
#6195 = EDGE_CURVE('',#6173,#6173,#6196,.T.);
#6196 = SURFACE_CURVE('',#6197,(#6202,#6209),.PCURVE_S1.);
#6197 = CIRCLE('',#6198,1.1);
#6198 = AXIS2_PLACEMENT_3D('',#6199,#6200,#6201);
#6199 = CARTESIAN_POINT('',(-9.62093932557,-8.476044271575,2.64));
#6200 = DIRECTION('',(0.,-1.224646799147E-16,-1.));
#6201 = DIRECTION('',(1.,0.,0.));
#6202 = PCURVE('',#2553,#6203);
#6203 = DEFINITIONAL_REPRESENTATION('',(#6204),#6208);
#6204 = LINE('',#6205,#6206);
#6205 = CARTESIAN_POINT('',(-0.,-1.76));
#6206 = VECTOR('',#6207,1.);
#6207 = DIRECTION('',(-1.,-0.));
#6208 = ( GEOMETRIC_REPRESENTATION_CONTEXT(2) 
PARAMETRIC_REPRESENTATION_CONTEXT() REPRESENTATION_CONTEXT('2D SPACE',''
  ) );
#6209 = PCURVE('',#6210,#6215);
#6210 = CYLINDRICAL_SURFACE('',#6211,1.1);
#6211 = AXIS2_PLACEMENT_3D('',#6212,#6213,#6214);
#6212 = CARTESIAN_POINT('',(-9.62093932557,-8.476044271575,21.5));
#6213 = DIRECTION('',(-0.,1.224646799147E-16,1.));
#6214 = DIRECTION('',(1.,0.,0.));
#6215 = DEFINITIONAL_REPRESENTATION('',(#6216),#6220);
#6216 = LINE('',#6217,#6218);
#6217 = CARTESIAN_POINT('',(-0.,-18.86));
#6218 = VECTOR('',#6219,1.);
#6219 = DIRECTION('',(-1.,0.));
#6220 = ( GEOMETRIC_REPRESENTATION_CONTEXT(2) 
PARAMETRIC_REPRESENTATION_CONTEXT() REPRESENTATION_CONTEXT('2D SPACE',''
  ) );
#6221 = ORIENTED_EDGE('',*,*,#6172,.F.);
#6222 = ORIENTED_EDGE('',*,*,#6144,.T.);
#6223 = ORIENTED_EDGE('',*,*,#2538,.T.);
#6224 = ORIENTED_EDGE('',*,*,#6225,.T.);
#6225 = EDGE_CURVE('',#2511,#6226,#6228,.T.);
#6226 = VERTEX_POINT('',#6227);
#6227 = CARTESIAN_POINT('',(-9.385072651079,-7.283231700707,4.));
#6228 = SURFACE_CURVE('',#6229,(#6234,#6244),.PCURVE_S1.);
#6229 = HYPERBOLA('',#6230,13.504354753359,1.15093932557);
#6230 = AXIS2_PLACEMENT_3D('',#6231,#6232,#6233);
#6231 = CARTESIAN_POINT('',(-9.045469662785,-7.479301577416,
    -10.26666666666));
#6232 = DIRECTION('',(0.5,0.866025403784,-1.060575238725E-16));
#6233 = DIRECTION('',(0.,1.224646799147E-16,1.));
#6234 = PCURVE('',#2553,#6235);
#6235 = DEFINITIONAL_REPRESENTATION('',(#6236),#6243);
#6236 = B_SPLINE_CURVE_WITH_KNOTS('',5,(#6237,#6238,#6239,#6240,#6241,
    #6242),.UNSPECIFIED.,.F.,.F.,(6,6),(-0.411976539493,-0.325629246097)
  ,.PIECEWISE_BEZIER_KNOTS.);
#6237 = CARTESIAN_POINT('',(-4.835193640437,1.638796075471E-14));
#6238 = CARTESIAN_POINT('',(-4.851094519737,-9.881920737307E-02));
#6239 = CARTESIAN_POINT('',(-4.86712931753,-0.192170787872));
#6240 = CARTESIAN_POINT('',(-4.883291163031,-0.280116138773));
#6241 = CARTESIAN_POINT('',(-4.899572500449,-0.362709868418));
#6242 = CARTESIAN_POINT('',(-4.915965159521,-0.44));
#6243 = ( GEOMETRIC_REPRESENTATION_CONTEXT(2) 
PARAMETRIC_REPRESENTATION_CONTEXT() REPRESENTATION_CONTEXT('2D SPACE',''
  ) );
#6244 = PCURVE('',#2526,#6245);
#6245 = DEFINITIONAL_REPRESENTATION('',(#6246),#6250);
#6246 = HYPERBOLA('',#6247,13.504354753359,1.15093932557);
#6247 = AXIS2_PLACEMENT_2D('',#6248,#6249);
#6248 = CARTESIAN_POINT('',(1.438144490153,-14.66666666666));
#6249 = DIRECTION('',(0.,1.));
#6250 = ( GEOMETRIC_REPRESENTATION_CONTEXT(2) 
PARAMETRIC_REPRESENTATION_CONTEXT() REPRESENTATION_CONTEXT('2D SPACE',''
  ) );
#6251 = ORIENTED_EDGE('',*,*,#6252,.T.);
#6252 = EDGE_CURVE('',#6226,#6253,#6255,.T.);
#6253 = VERTEX_POINT('',#6254);
#6254 = CARTESIAN_POINT('',(-8.705866674491,-7.675371454125,4.));
#6255 = SURFACE_CURVE('',#6256,(#6261,#6268),.PCURVE_S1.);
#6256 = CIRCLE('',#6257,1.215909090909);
#6257 = AXIS2_PLACEMENT_3D('',#6258,#6259,#6260);
#6258 = CARTESIAN_POINT('',(-9.62093932557,-8.476044271575,4.));
#6259 = DIRECTION('',(0.,-1.224646799147E-16,-1.));
#6260 = DIRECTION('',(1.,0.,0.));
#6261 = PCURVE('',#2553,#6262);
#6262 = DEFINITIONAL_REPRESENTATION('',(#6263),#6267);
#6263 = LINE('',#6264,#6265);
#6264 = CARTESIAN_POINT('',(-0.,-0.4));
#6265 = VECTOR('',#6266,1.);
#6266 = DIRECTION('',(-1.,-0.));
#6267 = ( GEOMETRIC_REPRESENTATION_CONTEXT(2) 
PARAMETRIC_REPRESENTATION_CONTEXT() REPRESENTATION_CONTEXT('2D SPACE',''
  ) );
#6268 = PCURVE('',#6049,#6269);
#6269 = DEFINITIONAL_REPRESENTATION('',(#6270),#6274);
#6270 = CIRCLE('',#6271,1.215909090909);
#6271 = AXIS2_PLACEMENT_2D('',#6272,#6273);
#6272 = CARTESIAN_POINT('',(0.77906067443,8.476044271575));
#6273 = DIRECTION('',(1.,0.));
#6274 = ( GEOMETRIC_REPRESENTATION_CONTEXT(2) 
PARAMETRIC_REPRESENTATION_CONTEXT() REPRESENTATION_CONTEXT('2D SPACE',''
  ) );
#6275 = ORIENTED_EDGE('',*,*,#6276,.T.);
#6276 = EDGE_CURVE('',#6253,#6277,#6279,.T.);
#6277 = VERTEX_POINT('',#6278);
#6278 = CARTESIAN_POINT('',(-8.623120279405,-7.723145107603,4.4));
#6279 = SURFACE_CURVE('',#6280,(#6285,#6295),.PCURVE_S1.);
#6280 = HYPERBOLA('',#6281,13.504354753359,1.15093932557);
#6281 = AXIS2_PLACEMENT_3D('',#6282,#6283,#6284);
#6282 = CARTESIAN_POINT('',(-9.045469662785,-7.479301577416,
    -10.26666666666));
#6283 = DIRECTION('',(0.5,0.866025403784,-1.060575238725E-16));
#6284 = DIRECTION('',(0.,1.224646799147E-16,1.));
#6285 = PCURVE('',#2553,#6286);
#6286 = DEFINITIONAL_REPRESENTATION('',(#6287),#6294);
#6287 = B_SPLINE_CURVE_WITH_KNOTS('',5,(#6288,#6289,#6290,#6291,#6292,
    #6293),.UNSPECIFIED.,.F.,.F.,(6,6),(0.325629246097,0.411976539493),
  .PIECEWISE_BEZIER_KNOTS.);
#6288 = CARTESIAN_POINT('',(-5.556010352445,-0.44));
#6289 = CARTESIAN_POINT('',(-5.572403011517,-0.362709868418));
#6290 = CARTESIAN_POINT('',(-5.588684348935,-0.280116138773));
#6291 = CARTESIAN_POINT('',(-5.604846194436,-0.192170787872));
#6292 = CARTESIAN_POINT('',(-5.620880992229,-9.881920737307E-02));
#6293 = CARTESIAN_POINT('',(-5.636781871529,1.458683819546E-14));
#6294 = ( GEOMETRIC_REPRESENTATION_CONTEXT(2) 
PARAMETRIC_REPRESENTATION_CONTEXT() REPRESENTATION_CONTEXT('2D SPACE',''
  ) );
#6295 = PCURVE('',#6077,#6296);
#6296 = DEFINITIONAL_REPRESENTATION('',(#6297),#6301);
#6297 = HYPERBOLA('',#6298,13.504354753359,1.15093932557);
#6298 = AXIS2_PLACEMENT_2D('',#6299,#6300);
#6299 = CARTESIAN_POINT('',(1.438144490153,-14.66666666666));
#6300 = DIRECTION('',(0.,1.));
#6301 = ( GEOMETRIC_REPRESENTATION_CONTEXT(2) 
PARAMETRIC_REPRESENTATION_CONTEXT() REPRESENTATION_CONTEXT('2D SPACE',''
  ) );
#6302 = ORIENTED_EDGE('',*,*,#6303,.T.);
#6303 = EDGE_CURVE('',#6277,#6090,#6304,.T.);
#6304 = SURFACE_CURVE('',#6305,(#6310,#6317),.PCURVE_S1.);
#6305 = CIRCLE('',#6306,1.25);
#6306 = AXIS2_PLACEMENT_3D('',#6307,#6308,#6309);
#6307 = CARTESIAN_POINT('',(-9.62093932557,-8.476044271575,4.4));
#6308 = DIRECTION('',(0.,-1.224646799147E-16,-1.));
#6309 = DIRECTION('',(1.,0.,0.));
#6310 = PCURVE('',#2553,#6311);
#6311 = DEFINITIONAL_REPRESENTATION('',(#6312),#6316);
#6312 = LINE('',#6313,#6314);
#6313 = CARTESIAN_POINT('',(-0.,-0.));
#6314 = VECTOR('',#6315,1.);
#6315 = DIRECTION('',(-1.,-0.));
#6316 = ( GEOMETRIC_REPRESENTATION_CONTEXT(2) 
PARAMETRIC_REPRESENTATION_CONTEXT() REPRESENTATION_CONTEXT('2D SPACE',''
  ) );
#6317 = PCURVE('',#6105,#6318);
#6318 = DEFINITIONAL_REPRESENTATION('',(#6319),#6323);
#6319 = CIRCLE('',#6320,1.25);
#6320 = AXIS2_PLACEMENT_2D('',#6321,#6322);
#6321 = CARTESIAN_POINT('',(0.77906067443,8.476044271575));
#6322 = DIRECTION('',(1.,0.));
#6323 = ( GEOMETRIC_REPRESENTATION_CONTEXT(2) 
PARAMETRIC_REPRESENTATION_CONTEXT() REPRESENTATION_CONTEXT('2D SPACE',''
  ) );
#6324 = ORIENTED_EDGE('',*,*,#6117,.T.);
#6325 = ADVANCED_FACE('',(#6326),#2526,.T.);
#6326 = FACE_BOUND('',#6327,.T.);
#6327 = EDGE_LOOP('',(#6328,#6329,#6330,#6353));
#6328 = ORIENTED_EDGE('',*,*,#2510,.F.);
#6329 = ORIENTED_EDGE('',*,*,#6225,.T.);
#6330 = ORIENTED_EDGE('',*,*,#6331,.F.);
#6331 = EDGE_CURVE('',#6332,#6226,#6334,.T.);
#6332 = VERTEX_POINT('',#6333);
#6333 = CARTESIAN_POINT('',(-11.,-6.350852961086,4.));
#6334 = SURFACE_CURVE('',#6335,(#6339,#6346),.PCURVE_S1.);
#6335 = LINE('',#6336,#6337);
#6336 = CARTESIAN_POINT('',(-10.55,-6.610660582221,4.));
#6337 = VECTOR('',#6338,1.);
#6338 = DIRECTION('',(0.866025403784,-0.5,6.123233995737E-17));
#6339 = PCURVE('',#2526,#6340);
#6340 = DEFINITIONAL_REPRESENTATION('',(#6341),#6345);
#6341 = LINE('',#6342,#6343);
#6342 = CARTESIAN_POINT('',(3.175426480543,-0.4));
#6343 = VECTOR('',#6344,1.);
#6344 = DIRECTION('',(-1.,0.));
#6345 = ( GEOMETRIC_REPRESENTATION_CONTEXT(2) 
PARAMETRIC_REPRESENTATION_CONTEXT() REPRESENTATION_CONTEXT('2D SPACE',''
  ) );
#6346 = PCURVE('',#6049,#6347);
#6347 = DEFINITIONAL_REPRESENTATION('',(#6348),#6352);
#6348 = LINE('',#6349,#6350);
#6349 = CARTESIAN_POINT('',(-0.15,6.610660582221));
#6350 = VECTOR('',#6351,1.);
#6351 = DIRECTION('',(0.866025403784,0.5));
#6352 = ( GEOMETRIC_REPRESENTATION_CONTEXT(2) 
PARAMETRIC_REPRESENTATION_CONTEXT() REPRESENTATION_CONTEXT('2D SPACE',''
  ) );
#6353 = ORIENTED_EDGE('',*,*,#6354,.F.);
#6354 = EDGE_CURVE('',#2483,#6332,#6355,.T.);
#6355 = SURFACE_CURVE('',#6356,(#6360,#6367),.PCURVE_S1.);
#6356 = LINE('',#6357,#6358);
#6357 = CARTESIAN_POINT('',(-11.,-6.350852961086,4.4));
#6358 = VECTOR('',#6359,1.);
#6359 = DIRECTION('',(0.,-1.224646799147E-16,-1.));
#6360 = PCURVE('',#2526,#6361);
#6361 = DEFINITIONAL_REPRESENTATION('',(#6362),#6366);
#6362 = LINE('',#6363,#6364);
#6363 = CARTESIAN_POINT('',(3.695041722814,2.26256050928E-16));
#6364 = VECTOR('',#6365,1.);
#6365 = DIRECTION('',(0.,-1.));
#6366 = ( GEOMETRIC_REPRESENTATION_CONTEXT(2) 
PARAMETRIC_REPRESENTATION_CONTEXT() REPRESENTATION_CONTEXT('2D SPACE',''
  ) );
#6367 = PCURVE('',#2498,#6368);
#6368 = DEFINITIONAL_REPRESENTATION('',(#6369),#6373);
#6369 = LINE('',#6370,#6371);
#6370 = CARTESIAN_POINT('',(0.,0.));
#6371 = VECTOR('',#6372,1.);
#6372 = DIRECTION('',(0.,-1.));
#6373 = ( GEOMETRIC_REPRESENTATION_CONTEXT(2) 
PARAMETRIC_REPRESENTATION_CONTEXT() REPRESENTATION_CONTEXT('2D SPACE',''
  ) );
#6374 = ADVANCED_FACE('',(#6375),#2498,.T.);
#6375 = FACE_BOUND('',#6376,.T.);
#6376 = EDGE_LOOP('',(#6377,#6378,#6379,#6402));
#6377 = ORIENTED_EDGE('',*,*,#2482,.F.);
#6378 = ORIENTED_EDGE('',*,*,#6354,.T.);
#6379 = ORIENTED_EDGE('',*,*,#6380,.F.);
#6380 = EDGE_CURVE('',#6381,#6332,#6383,.T.);
#6381 = VERTEX_POINT('',#6382);
#6382 = CARTESIAN_POINT('',(-11.,-5.042389574619,4.));
#6383 = SURFACE_CURVE('',#6384,(#6388,#6395),.PCURVE_S1.);
#6384 = LINE('',#6385,#6386);
#6385 = CARTESIAN_POINT('',(-11.,-3.175426480543,4.));
#6386 = VECTOR('',#6387,1.);
#6387 = DIRECTION('',(-4.807406715959E-16,-1.,1.224646799147E-16));
#6388 = PCURVE('',#2498,#6389);
#6389 = DEFINITIONAL_REPRESENTATION('',(#6390),#6394);
#6390 = LINE('',#6391,#6392);
#6391 = CARTESIAN_POINT('',(3.175426480543,-0.4));
#6392 = VECTOR('',#6393,1.);
#6393 = DIRECTION('',(-1.,0.));
#6394 = ( GEOMETRIC_REPRESENTATION_CONTEXT(2) 
PARAMETRIC_REPRESENTATION_CONTEXT() REPRESENTATION_CONTEXT('2D SPACE',''
  ) );
#6395 = PCURVE('',#6049,#6396);
#6396 = DEFINITIONAL_REPRESENTATION('',(#6397),#6401);
#6397 = LINE('',#6398,#6399);
#6398 = CARTESIAN_POINT('',(-0.6,3.175426480543));
#6399 = VECTOR('',#6400,1.);
#6400 = DIRECTION('',(-4.807406715959E-16,1.));
#6401 = ( GEOMETRIC_REPRESENTATION_CONTEXT(2) 
PARAMETRIC_REPRESENTATION_CONTEXT() REPRESENTATION_CONTEXT('2D SPACE',''
  ) );
#6402 = ORIENTED_EDGE('',*,*,#6403,.T.);
#6403 = EDGE_CURVE('',#6381,#2454,#6404,.T.);
#6404 = SURFACE_CURVE('',#6405,(#6410,#6417),.PCURVE_S1.);
#6405 = HYPERBOLA('',#6406,13.834165744901,1.179048216895);
#6406 = AXIS2_PLACEMENT_3D('',#6407,#6408,#6409);
#6407 = CARTESIAN_POINT('',(-11.,-4.745269700507,-10.26666666666));
#6408 = DIRECTION('',(1.,-4.807406715959E-16,5.887375246899E-32));
#6409 = DIRECTION('',(0.,1.224646799147E-16,1.));
#6410 = PCURVE('',#2498,#6411);
#6411 = DEFINITIONAL_REPRESENTATION('',(#6412),#6416);
#6412 = HYPERBOLA('',#6413,13.834165744901,1.179048216895);
#6413 = AXIS2_PLACEMENT_2D('',#6414,#6415);
#6414 = CARTESIAN_POINT('',(1.605583260579,-14.66666666666));
#6415 = DIRECTION('',(0.,1.));
#6416 = ( GEOMETRIC_REPRESENTATION_CONTEXT(2) 
PARAMETRIC_REPRESENTATION_CONTEXT() REPRESENTATION_CONTEXT('2D SPACE',''
  ) );
#6417 = PCURVE('',#2470,#6418);
#6418 = DEFINITIONAL_REPRESENTATION('',(#6419),#6426);
#6419 = B_SPLINE_CURVE_WITH_KNOTS('',5,(#6420,#6421,#6422,#6423,#6424,
    #6425),.UNSPECIFIED.,.F.,.F.,(6,6),(0.237649737548,0.345204639821),
  .PIECEWISE_BEZIER_KNOTS.);
#6420 = CARTESIAN_POINT('',(-0.23544383993,-0.44));
#6421 = CARTESIAN_POINT('',(-0.256361351805,-0.368611078464));
#6422 = CARTESIAN_POINT('',(-0.27714766009,-0.288993413058));
#6423 = CARTESIAN_POINT('',(-0.297784790879,-0.201078180073));
#6424 = CARTESIAN_POINT('',(-0.318255969904,-0.104780710598));
#6425 = CARTESIAN_POINT('',(-0.338545956423,-3.104995010006E-15));
#6426 = ( GEOMETRIC_REPRESENTATION_CONTEXT(2) 
PARAMETRIC_REPRESENTATION_CONTEXT() REPRESENTATION_CONTEXT('2D SPACE',''
  ) );
#6427 = ADVANCED_FACE('',(#6428),#2470,.F.);
#6428 = FACE_BOUND('',#6429,.F.);
#6429 = EDGE_LOOP('',(#6430,#6455,#6482,#6483,#6505,#6506,#6507,#6534));
#6430 = ORIENTED_EDGE('',*,*,#6431,.T.);
#6431 = EDGE_CURVE('',#6432,#6434,#6436,.T.);
#6432 = VERTEX_POINT('',#6433);
#6433 = CARTESIAN_POINT('',(-10.96313912598,-4.745269700507,4.));
#6434 = VERTEX_POINT('',#6435);
#6435 = CARTESIAN_POINT('',(-11.07904821689,-4.745269700507,2.64));
#6436 = SEAM_CURVE('',#6437,(#6441,#6448),.PCURVE_S1.);
#6437 = LINE('',#6438,#6439);
#6438 = CARTESIAN_POINT('',(-10.92904821689,-4.745269700507,4.4));
#6439 = VECTOR('',#6440,1.);
#6440 = DIRECTION('',(-8.491941668366E-02,-1.428215741092E-16,
    -0.996387822422));
#6441 = PCURVE('',#2470,#6442);
#6442 = DEFINITIONAL_REPRESENTATION('',(#6443),#6447);
#6443 = LINE('',#6444,#6445);
#6444 = CARTESIAN_POINT('',(-6.28318530718,0.));
#6445 = VECTOR('',#6446,1.);
#6446 = DIRECTION('',(-0.,-1.));
#6447 = ( GEOMETRIC_REPRESENTATION_CONTEXT(2) 
PARAMETRIC_REPRESENTATION_CONTEXT() REPRESENTATION_CONTEXT('2D SPACE',''
  ) );
#6448 = PCURVE('',#2470,#6449);
#6449 = DEFINITIONAL_REPRESENTATION('',(#6450),#6454);
#6450 = LINE('',#6451,#6452);
#6451 = CARTESIAN_POINT('',(0.,-0.));
#6452 = VECTOR('',#6453,1.);
#6453 = DIRECTION('',(-0.,-1.));
#6454 = ( GEOMETRIC_REPRESENTATION_CONTEXT(2) 
PARAMETRIC_REPRESENTATION_CONTEXT() REPRESENTATION_CONTEXT('2D SPACE',''
  ) );
#6455 = ORIENTED_EDGE('',*,*,#6456,.F.);
#6456 = EDGE_CURVE('',#6434,#6434,#6457,.T.);
#6457 = SURFACE_CURVE('',#6458,(#6463,#6470),.PCURVE_S1.);
#6458 = CIRCLE('',#6459,1.1);
#6459 = AXIS2_PLACEMENT_3D('',#6460,#6461,#6462);
#6460 = CARTESIAN_POINT('',(-12.17904821689,-4.745269700507,2.64));
#6461 = DIRECTION('',(0.,-1.224646799147E-16,-1.));
#6462 = DIRECTION('',(1.,0.,0.));
#6463 = PCURVE('',#2470,#6464);
#6464 = DEFINITIONAL_REPRESENTATION('',(#6465),#6469);
#6465 = LINE('',#6466,#6467);
#6466 = CARTESIAN_POINT('',(-0.,-1.76));
#6467 = VECTOR('',#6468,1.);
#6468 = DIRECTION('',(-1.,-0.));
#6469 = ( GEOMETRIC_REPRESENTATION_CONTEXT(2) 
PARAMETRIC_REPRESENTATION_CONTEXT() REPRESENTATION_CONTEXT('2D SPACE',''
  ) );
#6470 = PCURVE('',#6471,#6476);
#6471 = CYLINDRICAL_SURFACE('',#6472,1.1);
#6472 = AXIS2_PLACEMENT_3D('',#6473,#6474,#6475);
#6473 = CARTESIAN_POINT('',(-12.17904821689,-4.745269700507,21.5));
#6474 = DIRECTION('',(-0.,1.224646799147E-16,1.));
#6475 = DIRECTION('',(1.,0.,0.));
#6476 = DEFINITIONAL_REPRESENTATION('',(#6477),#6481);
#6477 = LINE('',#6478,#6479);
#6478 = CARTESIAN_POINT('',(-0.,-18.86));
#6479 = VECTOR('',#6480,1.);
#6480 = DIRECTION('',(-1.,0.));
#6481 = ( GEOMETRIC_REPRESENTATION_CONTEXT(2) 
PARAMETRIC_REPRESENTATION_CONTEXT() REPRESENTATION_CONTEXT('2D SPACE',''
  ) );
#6482 = ORIENTED_EDGE('',*,*,#6431,.F.);
#6483 = ORIENTED_EDGE('',*,*,#6484,.T.);
#6484 = EDGE_CURVE('',#6432,#6381,#6485,.T.);
#6485 = SURFACE_CURVE('',#6486,(#6491,#6498),.PCURVE_S1.);
#6486 = CIRCLE('',#6487,1.215909090909);
#6487 = AXIS2_PLACEMENT_3D('',#6488,#6489,#6490);
#6488 = CARTESIAN_POINT('',(-12.17904821689,-4.745269700507,4.));
#6489 = DIRECTION('',(0.,-1.224646799147E-16,-1.));
#6490 = DIRECTION('',(1.,0.,0.));
#6491 = PCURVE('',#2470,#6492);
#6492 = DEFINITIONAL_REPRESENTATION('',(#6493),#6497);
#6493 = LINE('',#6494,#6495);
#6494 = CARTESIAN_POINT('',(-0.,-0.4));
#6495 = VECTOR('',#6496,1.);
#6496 = DIRECTION('',(-1.,-0.));
#6497 = ( GEOMETRIC_REPRESENTATION_CONTEXT(2) 
PARAMETRIC_REPRESENTATION_CONTEXT() REPRESENTATION_CONTEXT('2D SPACE',''
  ) );
#6498 = PCURVE('',#6049,#6499);
#6499 = DEFINITIONAL_REPRESENTATION('',(#6500),#6504);
#6500 = CIRCLE('',#6501,1.215909090909);
#6501 = AXIS2_PLACEMENT_2D('',#6502,#6503);
#6502 = CARTESIAN_POINT('',(-1.779048216895,4.745269700507));
#6503 = DIRECTION('',(1.,0.));
#6504 = ( GEOMETRIC_REPRESENTATION_CONTEXT(2) 
PARAMETRIC_REPRESENTATION_CONTEXT() REPRESENTATION_CONTEXT('2D SPACE',''
  ) );
#6505 = ORIENTED_EDGE('',*,*,#6403,.T.);
#6506 = ORIENTED_EDGE('',*,*,#2453,.T.);
#6507 = ORIENTED_EDGE('',*,*,#6508,.T.);
#6508 = EDGE_CURVE('',#2426,#6509,#6511,.T.);
#6509 = VERTEX_POINT('',#6510);
#6510 = CARTESIAN_POINT('',(-11.,-4.448149826395,4.));
#6511 = SURFACE_CURVE('',#6512,(#6517,#6527),.PCURVE_S1.);
#6512 = HYPERBOLA('',#6513,13.834165744901,1.179048216895);
#6513 = AXIS2_PLACEMENT_3D('',#6514,#6515,#6516);
#6514 = CARTESIAN_POINT('',(-11.,-4.745269700507,-10.26666666666));
#6515 = DIRECTION('',(1.,-4.807406715959E-16,5.887375246899E-32));
#6516 = DIRECTION('',(0.,1.224646799147E-16,1.));
#6517 = PCURVE('',#2470,#6518);
#6518 = DEFINITIONAL_REPRESENTATION('',(#6519),#6526);
#6519 = B_SPLINE_CURVE_WITH_KNOTS('',5,(#6520,#6521,#6522,#6523,#6524,
    #6525),.UNSPECIFIED.,.F.,.F.,(6,6),(-0.345204639821,-0.237649737548)
  ,.PIECEWISE_BEZIER_KNOTS.);
#6520 = CARTESIAN_POINT('',(-5.944639350757,3.845233836515E-16));
#6521 = CARTESIAN_POINT('',(-5.964929337276,-0.104780710598));
#6522 = CARTESIAN_POINT('',(-5.985400516301,-0.201078180073));
#6523 = CARTESIAN_POINT('',(-6.006037647089,-0.288993413058));
#6524 = CARTESIAN_POINT('',(-6.026823955374,-0.368611078464));
#6525 = CARTESIAN_POINT('',(-6.047741467249,-0.44));
#6526 = ( GEOMETRIC_REPRESENTATION_CONTEXT(2) 
PARAMETRIC_REPRESENTATION_CONTEXT() REPRESENTATION_CONTEXT('2D SPACE',''
  ) );
#6527 = PCURVE('',#2441,#6528);
#6528 = DEFINITIONAL_REPRESENTATION('',(#6529),#6533);
#6529 = HYPERBOLA('',#6530,13.834165744901,1.179048216895);
#6530 = AXIS2_PLACEMENT_2D('',#6531,#6532);
#6531 = CARTESIAN_POINT('',(1.605583260579,-14.66666666666));
#6532 = DIRECTION('',(0.,1.));
#6533 = ( GEOMETRIC_REPRESENTATION_CONTEXT(2) 
PARAMETRIC_REPRESENTATION_CONTEXT() REPRESENTATION_CONTEXT('2D SPACE',''
  ) );
#6534 = ORIENTED_EDGE('',*,*,#6535,.T.);
#6535 = EDGE_CURVE('',#6509,#6432,#6536,.T.);
#6536 = SURFACE_CURVE('',#6537,(#6542,#6549),.PCURVE_S1.);
#6537 = CIRCLE('',#6538,1.215909090909);
#6538 = AXIS2_PLACEMENT_3D('',#6539,#6540,#6541);
#6539 = CARTESIAN_POINT('',(-12.17904821689,-4.745269700507,4.));
#6540 = DIRECTION('',(0.,-1.224646799147E-16,-1.));
#6541 = DIRECTION('',(1.,0.,0.));
#6542 = PCURVE('',#2470,#6543);
#6543 = DEFINITIONAL_REPRESENTATION('',(#6544),#6548);
#6544 = LINE('',#6545,#6546);
#6545 = CARTESIAN_POINT('',(-0.,-0.4));
#6546 = VECTOR('',#6547,1.);
#6547 = DIRECTION('',(-1.,-0.));
#6548 = ( GEOMETRIC_REPRESENTATION_CONTEXT(2) 
PARAMETRIC_REPRESENTATION_CONTEXT() REPRESENTATION_CONTEXT('2D SPACE',''
  ) );
#6549 = PCURVE('',#6049,#6550);
#6550 = DEFINITIONAL_REPRESENTATION('',(#6551),#6555);
#6551 = CIRCLE('',#6552,1.215909090909);
#6552 = AXIS2_PLACEMENT_2D('',#6553,#6554);
#6553 = CARTESIAN_POINT('',(-1.779048216895,4.745269700507));
#6554 = DIRECTION('',(1.,0.));
#6555 = ( GEOMETRIC_REPRESENTATION_CONTEXT(2) 
PARAMETRIC_REPRESENTATION_CONTEXT() REPRESENTATION_CONTEXT('2D SPACE',''
  ) );
#6556 = ADVANCED_FACE('',(#6557),#2441,.T.);
#6557 = FACE_BOUND('',#6558,.T.);
#6558 = EDGE_LOOP('',(#6559,#6560,#6561,#6584));
#6559 = ORIENTED_EDGE('',*,*,#2425,.F.);
#6560 = ORIENTED_EDGE('',*,*,#6508,.T.);
#6561 = ORIENTED_EDGE('',*,*,#6562,.F.);
#6562 = EDGE_CURVE('',#6563,#6509,#6565,.T.);
#6563 = VERTEX_POINT('',#6564);
#6564 = CARTESIAN_POINT('',(-11.,-3.3486315613,4.));
#6565 = SURFACE_CURVE('',#6566,(#6570,#6577),.PCURVE_S1.);
#6566 = LINE('',#6567,#6568);
#6567 = CARTESIAN_POINT('',(-11.,-3.175426480543,4.));
#6568 = VECTOR('',#6569,1.);
#6569 = DIRECTION('',(-4.807406715959E-16,-1.,1.224646799147E-16));
#6570 = PCURVE('',#2441,#6571);
#6571 = DEFINITIONAL_REPRESENTATION('',(#6572),#6576);
#6572 = LINE('',#6573,#6574);
#6573 = CARTESIAN_POINT('',(3.175426480543,-0.4));
#6574 = VECTOR('',#6575,1.);
#6575 = DIRECTION('',(-1.,0.));
#6576 = ( GEOMETRIC_REPRESENTATION_CONTEXT(2) 
PARAMETRIC_REPRESENTATION_CONTEXT() REPRESENTATION_CONTEXT('2D SPACE',''
  ) );
#6577 = PCURVE('',#6049,#6578);
#6578 = DEFINITIONAL_REPRESENTATION('',(#6579),#6583);
#6579 = LINE('',#6580,#6581);
#6580 = CARTESIAN_POINT('',(-0.6,3.175426480543));
#6581 = VECTOR('',#6582,1.);
#6582 = DIRECTION('',(-4.807406715959E-16,1.));
#6583 = ( GEOMETRIC_REPRESENTATION_CONTEXT(2) 
PARAMETRIC_REPRESENTATION_CONTEXT() REPRESENTATION_CONTEXT('2D SPACE',''
  ) );
#6584 = ORIENTED_EDGE('',*,*,#6585,.F.);
#6585 = EDGE_CURVE('',#2398,#6563,#6586,.T.);
#6586 = SURFACE_CURVE('',#6587,(#6591,#6598),.PCURVE_S1.);
#6587 = LINE('',#6588,#6589);
#6588 = CARTESIAN_POINT('',(-11.,-3.3486315613,4.4));
#6589 = VECTOR('',#6590,1.);
#6590 = DIRECTION('',(0.,-1.224646799147E-16,-1.));
#6591 = PCURVE('',#2441,#6592);
#6592 = DEFINITIONAL_REPRESENTATION('',(#6593),#6597);
#6593 = LINE('',#6594,#6595);
#6594 = CARTESIAN_POINT('',(3.002221399786,3.67666082758E-16));
#6595 = VECTOR('',#6596,1.);
#6596 = DIRECTION('',(0.,-1.));
#6597 = ( GEOMETRIC_REPRESENTATION_CONTEXT(2) 
PARAMETRIC_REPRESENTATION_CONTEXT() REPRESENTATION_CONTEXT('2D SPACE',''
  ) );
#6598 = PCURVE('',#2413,#6599);
#6599 = DEFINITIONAL_REPRESENTATION('',(#6600),#6604);
#6600 = LINE('',#6601,#6602);
#6601 = CARTESIAN_POINT('',(0.692820323028,4.2423009549E-17));
#6602 = VECTOR('',#6603,1.);
#6603 = DIRECTION('',(0.,-1.));
#6604 = ( GEOMETRIC_REPRESENTATION_CONTEXT(2) 
PARAMETRIC_REPRESENTATION_CONTEXT() REPRESENTATION_CONTEXT('2D SPACE',''
  ) );
#6605 = ADVANCED_FACE('',(#6606),#2413,.T.);
#6606 = FACE_BOUND('',#6607,.T.);
#6607 = EDGE_LOOP('',(#6608,#6609,#6610,#6633));
#6608 = ORIENTED_EDGE('',*,*,#2397,.F.);
#6609 = ORIENTED_EDGE('',*,*,#6585,.T.);
#6610 = ORIENTED_EDGE('',*,*,#6611,.F.);
#6611 = EDGE_CURVE('',#6612,#6563,#6614,.T.);
#6612 = VERTEX_POINT('',#6613);
#6613 = CARTESIAN_POINT('',(-13.6,-1.847520861407,4.));
#6614 = SURFACE_CURVE('',#6615,(#6619,#6626),.PCURVE_S1.);
#6615 = LINE('',#6616,#6617);
#6616 = CARTESIAN_POINT('',(-11.2,-3.233161507462,4.));
#6617 = VECTOR('',#6618,1.);
#6618 = DIRECTION('',(0.866025403784,-0.5,6.123233995737E-17));
#6619 = PCURVE('',#2413,#6620);
#6620 = DEFINITIONAL_REPRESENTATION('',(#6621),#6625);
#6621 = LINE('',#6622,#6623);
#6622 = CARTESIAN_POINT('',(0.923760430703,-0.4));
#6623 = VECTOR('',#6624,1.);
#6624 = DIRECTION('',(-1.,0.));
#6625 = ( GEOMETRIC_REPRESENTATION_CONTEXT(2) 
PARAMETRIC_REPRESENTATION_CONTEXT() REPRESENTATION_CONTEXT('2D SPACE',''
  ) );
#6626 = PCURVE('',#6049,#6627);
#6627 = DEFINITIONAL_REPRESENTATION('',(#6628),#6632);
#6628 = LINE('',#6629,#6630);
#6629 = CARTESIAN_POINT('',(-0.8,3.233161507462));
#6630 = VECTOR('',#6631,1.);
#6631 = DIRECTION('',(0.866025403784,0.5));
#6632 = ( GEOMETRIC_REPRESENTATION_CONTEXT(2) 
PARAMETRIC_REPRESENTATION_CONTEXT() REPRESENTATION_CONTEXT('2D SPACE',''
  ) );
#6633 = ORIENTED_EDGE('',*,*,#6634,.F.);
#6634 = EDGE_CURVE('',#2370,#6612,#6635,.T.);
#6635 = SURFACE_CURVE('',#6636,(#6640,#6647),.PCURVE_S1.);
#6636 = LINE('',#6637,#6638);
#6637 = CARTESIAN_POINT('',(-13.6,-1.847520861407,4.4));
#6638 = VECTOR('',#6639,1.);
#6639 = DIRECTION('',(0.,-1.224646799147E-16,-1.));
#6640 = PCURVE('',#2413,#6641);
#6641 = DEFINITIONAL_REPRESENTATION('',(#6642),#6646);
#6642 = LINE('',#6643,#6644);
#6643 = CARTESIAN_POINT('',(3.695041722814,2.26256050928E-16));
#6644 = VECTOR('',#6645,1.);
#6645 = DIRECTION('',(0.,-1.));
#6646 = ( GEOMETRIC_REPRESENTATION_CONTEXT(2) 
PARAMETRIC_REPRESENTATION_CONTEXT() REPRESENTATION_CONTEXT('2D SPACE',''
  ) );
#6647 = PCURVE('',#2385,#6648);
#6648 = DEFINITIONAL_REPRESENTATION('',(#6649),#6653);
#6649 = LINE('',#6650,#6651);
#6650 = CARTESIAN_POINT('',(0.,0.));
#6651 = VECTOR('',#6652,1.);
#6652 = DIRECTION('',(0.,-1.));
#6653 = ( GEOMETRIC_REPRESENTATION_CONTEXT(2) 
PARAMETRIC_REPRESENTATION_CONTEXT() REPRESENTATION_CONTEXT('2D SPACE',''
  ) );
#6654 = ADVANCED_FACE('',(#6655),#2385,.T.);
#6655 = FACE_BOUND('',#6656,.T.);
#6656 = EDGE_LOOP('',(#6657,#6658,#6659,#6682));
#6657 = ORIENTED_EDGE('',*,*,#2369,.F.);
#6658 = ORIENTED_EDGE('',*,*,#6634,.T.);
#6659 = ORIENTED_EDGE('',*,*,#6660,.F.);
#6660 = EDGE_CURVE('',#6661,#6612,#6663,.T.);
#6661 = VERTEX_POINT('',#6662);
#6662 = CARTESIAN_POINT('',(-13.6,1.847520861407,4.));
#6663 = SURFACE_CURVE('',#6664,(#6668,#6675),.PCURVE_S1.);
#6664 = LINE('',#6665,#6666);
#6665 = CARTESIAN_POINT('',(-13.6,-0.923760430703,4.));
#6666 = VECTOR('',#6667,1.);
#6667 = DIRECTION('',(0.,-1.,1.224646799147E-16));
#6668 = PCURVE('',#2385,#6669);
#6669 = DEFINITIONAL_REPRESENTATION('',(#6670),#6674);
#6670 = LINE('',#6671,#6672);
#6671 = CARTESIAN_POINT('',(0.923760430703,-0.4));
#6672 = VECTOR('',#6673,1.);
#6673 = DIRECTION('',(-1.,0.));
#6674 = ( GEOMETRIC_REPRESENTATION_CONTEXT(2) 
PARAMETRIC_REPRESENTATION_CONTEXT() REPRESENTATION_CONTEXT('2D SPACE',''
  ) );
#6675 = PCURVE('',#6049,#6676);
#6676 = DEFINITIONAL_REPRESENTATION('',(#6677),#6681);
#6677 = LINE('',#6678,#6679);
#6678 = CARTESIAN_POINT('',(-3.2,0.923760430703));
#6679 = VECTOR('',#6680,1.);
#6680 = DIRECTION('',(0.,1.));
#6681 = ( GEOMETRIC_REPRESENTATION_CONTEXT(2) 
PARAMETRIC_REPRESENTATION_CONTEXT() REPRESENTATION_CONTEXT('2D SPACE',''
  ) );
#6682 = ORIENTED_EDGE('',*,*,#6683,.F.);
#6683 = EDGE_CURVE('',#2342,#6661,#6684,.T.);
#6684 = SURFACE_CURVE('',#6685,(#6689,#6696),.PCURVE_S1.);
#6685 = LINE('',#6686,#6687);
#6686 = CARTESIAN_POINT('',(-13.6,1.847520861407,4.4));
#6687 = VECTOR('',#6688,1.);
#6688 = DIRECTION('',(0.,-1.224646799147E-16,-1.));
#6689 = PCURVE('',#2385,#6690);
#6690 = DEFINITIONAL_REPRESENTATION('',(#6691),#6695);
#6691 = LINE('',#6692,#6693);
#6692 = CARTESIAN_POINT('',(3.695041722814,-4.356663178442E-16));
#6693 = VECTOR('',#6694,1.);
#6694 = DIRECTION('',(0.,-1.));
#6695 = ( GEOMETRIC_REPRESENTATION_CONTEXT(2) 
PARAMETRIC_REPRESENTATION_CONTEXT() REPRESENTATION_CONTEXT('2D SPACE',''
  ) );
#6696 = PCURVE('',#2357,#6697);
#6697 = DEFINITIONAL_REPRESENTATION('',(#6698),#6702);
#6698 = LINE('',#6699,#6700);
#6699 = CARTESIAN_POINT('',(0.,0.));
#6700 = VECTOR('',#6701,1.);
#6701 = DIRECTION('',(0.,-1.));
#6702 = ( GEOMETRIC_REPRESENTATION_CONTEXT(2) 
PARAMETRIC_REPRESENTATION_CONTEXT() REPRESENTATION_CONTEXT('2D SPACE',''
  ) );
#6703 = ADVANCED_FACE('',(#6704),#2357,.T.);
#6704 = FACE_BOUND('',#6705,.T.);
#6705 = EDGE_LOOP('',(#6706,#6707,#6708,#6731,#6759,#6787));
#6706 = ORIENTED_EDGE('',*,*,#2341,.F.);
#6707 = ORIENTED_EDGE('',*,*,#6683,.T.);
#6708 = ORIENTED_EDGE('',*,*,#6709,.F.);
#6709 = EDGE_CURVE('',#6710,#6661,#6712,.T.);
#6710 = VERTEX_POINT('',#6711);
#6711 = CARTESIAN_POINT('',(-11.,3.3486315613,4.));
#6712 = SURFACE_CURVE('',#6713,(#6717,#6724),.PCURVE_S1.);
#6713 = LINE('',#6714,#6715);
#6714 = CARTESIAN_POINT('',(-12.8,2.309401076759,4.));
#6715 = VECTOR('',#6716,1.);
#6716 = DIRECTION('',(-0.866025403784,-0.5,6.123233995737E-17));
#6717 = PCURVE('',#2357,#6718);
#6718 = DEFINITIONAL_REPRESENTATION('',(#6719),#6723);
#6719 = LINE('',#6720,#6721);
#6720 = CARTESIAN_POINT('',(0.923760430703,-0.4));
#6721 = VECTOR('',#6722,1.);
#6722 = DIRECTION('',(-1.,0.));
#6723 = ( GEOMETRIC_REPRESENTATION_CONTEXT(2) 
PARAMETRIC_REPRESENTATION_CONTEXT() REPRESENTATION_CONTEXT('2D SPACE',''
  ) );
#6724 = PCURVE('',#6049,#6725);
#6725 = DEFINITIONAL_REPRESENTATION('',(#6726),#6730);
#6726 = LINE('',#6727,#6728);
#6727 = CARTESIAN_POINT('',(-2.4,-2.309401076759));
#6728 = VECTOR('',#6729,1.);
#6729 = DIRECTION('',(-0.866025403784,0.5));
#6730 = ( GEOMETRIC_REPRESENTATION_CONTEXT(2) 
PARAMETRIC_REPRESENTATION_CONTEXT() REPRESENTATION_CONTEXT('2D SPACE',''
  ) );
#6731 = ORIENTED_EDGE('',*,*,#6732,.T.);
#6732 = EDGE_CURVE('',#6710,#6733,#6735,.T.);
#6733 = VERTEX_POINT('',#6734);
#6734 = CARTESIAN_POINT('',(-11.,3.3486315613,4.4));
#6735 = SURFACE_CURVE('',#6736,(#6740,#6747),.PCURVE_S1.);
#6736 = LINE('',#6737,#6738);
#6737 = CARTESIAN_POINT('',(-11.,3.3486315613,4.4));
#6738 = VECTOR('',#6739,1.);
#6739 = DIRECTION('',(0.,1.224646799147E-16,1.));
#6740 = PCURVE('',#2357,#6741);
#6741 = DEFINITIONAL_REPRESENTATION('',(#6742),#6746);
#6742 = LINE('',#6743,#6744);
#6743 = CARTESIAN_POINT('',(3.002221399786,1.83833041379E-16));
#6744 = VECTOR('',#6745,1.);
#6745 = DIRECTION('',(0.,1.));
#6746 = ( GEOMETRIC_REPRESENTATION_CONTEXT(2) 
PARAMETRIC_REPRESENTATION_CONTEXT() REPRESENTATION_CONTEXT('2D SPACE',''
  ) );
#6747 = PCURVE('',#6748,#6753);
#6748 = PLANE('',#6749);
#6749 = AXIS2_PLACEMENT_3D('',#6750,#6751,#6752);
#6750 = CARTESIAN_POINT('',(-11.,2.655811238272,4.4));
#6751 = DIRECTION('',(1.,-4.807406715959E-16,5.887375246899E-32));
#6752 = DIRECTION('',(4.807406715959E-16,1.,-1.224646799147E-16));
#6753 = DEFINITIONAL_REPRESENTATION('',(#6754),#6758);
#6754 = LINE('',#6755,#6756);
#6755 = CARTESIAN_POINT('',(0.692820323028,8.484601909799E-17));
#6756 = VECTOR('',#6757,1.);
#6757 = DIRECTION('',(0.,1.));
#6758 = ( GEOMETRIC_REPRESENTATION_CONTEXT(2) 
PARAMETRIC_REPRESENTATION_CONTEXT() REPRESENTATION_CONTEXT('2D SPACE',''
  ) );
#6759 = ORIENTED_EDGE('',*,*,#6760,.F.);
#6760 = EDGE_CURVE('',#6761,#6733,#6763,.T.);
#6761 = VERTEX_POINT('',#6762);
#6762 = CARTESIAN_POINT('',(-11.30840205958,3.170575549182,4.4));
#6763 = SURFACE_CURVE('',#6764,(#6768,#6775),.PCURVE_S1.);
#6764 = LINE('',#6765,#6766);
#6765 = CARTESIAN_POINT('',(-13.6,1.847520861407,4.4));
#6766 = VECTOR('',#6767,1.);
#6767 = DIRECTION('',(0.866025403784,0.5,-6.123233995737E-17));
#6768 = PCURVE('',#2357,#6769);
#6769 = DEFINITIONAL_REPRESENTATION('',(#6770),#6774);
#6770 = LINE('',#6771,#6772);
#6771 = CARTESIAN_POINT('',(0.,0.));
#6772 = VECTOR('',#6773,1.);
#6773 = DIRECTION('',(1.,0.));
#6774 = ( GEOMETRIC_REPRESENTATION_CONTEXT(2) 
PARAMETRIC_REPRESENTATION_CONTEXT() REPRESENTATION_CONTEXT('2D SPACE',''
  ) );
#6775 = PCURVE('',#6776,#6781);
#6776 = PLANE('',#6777);
#6777 = AXIS2_PLACEMENT_3D('',#6778,#6779,#6780);
#6778 = CARTESIAN_POINT('',(-10.4,1.631438850498E-16,4.4));
#6779 = DIRECTION('',(0.,-1.224646799147E-16,-1.));
#6780 = DIRECTION('',(1.,0.,0.));
#6781 = DEFINITIONAL_REPRESENTATION('',(#6782),#6786);
#6782 = LINE('',#6783,#6784);
#6783 = CARTESIAN_POINT('',(-3.2,-1.847520861407));
#6784 = VECTOR('',#6785,1.);
#6785 = DIRECTION('',(0.866025403784,-0.5));
#6786 = ( GEOMETRIC_REPRESENTATION_CONTEXT(2) 
PARAMETRIC_REPRESENTATION_CONTEXT() REPRESENTATION_CONTEXT('2D SPACE',''
  ) );
#6787 = ORIENTED_EDGE('',*,*,#6788,.T.);
#6788 = EDGE_CURVE('',#6761,#2313,#6789,.T.);
#6789 = SURFACE_CURVE('',#6790,(#6795,#6802),.PCURVE_S1.);
#6790 = HYPERBOLA('',#6791,14.325688086693,1.22093932557);
#6791 = AXIS2_PLACEMENT_3D('',#6792,#6793,#6794);
#6792 = CARTESIAN_POINT('',(-11.54046966278,3.036591256002,
    -10.26666666666));
#6793 = DIRECTION('',(0.5,-0.866025403784,1.060575238725E-16));
#6794 = DIRECTION('',(0.,1.224646799147E-16,1.));
#6795 = PCURVE('',#2357,#6796);
#6796 = DEFINITIONAL_REPRESENTATION('',(#6797),#6801);
#6797 = HYPERBOLA('',#6798,14.325688086693,1.22093932557);
#6798 = AXIS2_PLACEMENT_2D('',#6799,#6800);
#6799 = CARTESIAN_POINT('',(2.37814078919,-14.66666666666));
#6800 = DIRECTION('',(-1.232595164408E-32,1.));
#6801 = ( GEOMETRIC_REPRESENTATION_CONTEXT(2) 
PARAMETRIC_REPRESENTATION_CONTEXT() REPRESENTATION_CONTEXT('2D SPACE',''
  ) );
#6802 = PCURVE('',#2329,#6803);
#6803 = DEFINITIONAL_REPRESENTATION('',(#6804),#6812);
#6804 = B_SPLINE_CURVE_WITH_KNOTS('',6,(#6805,#6806,#6807,#6808,#6809,
    #6810,#6811),.UNSPECIFIED.,.F.,.F.,(7,7),(-0.217752483175,
    0.217752483175),.PIECEWISE_BEZIER_KNOTS.);
#6805 = CARTESIAN_POINT('',(-0.83114577657,1.105974422685E-14));
#6806 = CARTESIAN_POINT('',(-0.90204246189,-0.228216560363));
#6807 = CARTESIAN_POINT('',(-0.974262750206,-0.363708218014));
#6808 = CARTESIAN_POINT('',(-1.047197551197,-0.408639192835));
#6809 = CARTESIAN_POINT('',(-1.120132352187,-0.363708218014));
#6810 = CARTESIAN_POINT('',(-1.192352640503,-0.228216560363));
#6811 = CARTESIAN_POINT('',(-1.263249325823,1.460562598293E-14));
#6812 = ( GEOMETRIC_REPRESENTATION_CONTEXT(2) 
PARAMETRIC_REPRESENTATION_CONTEXT() REPRESENTATION_CONTEXT('2D SPACE',''
  ) );
#6813 = ADVANCED_FACE('',(#6814),#2329,.F.);
#6814 = FACE_BOUND('',#6815,.F.);
#6815 = EDGE_LOOP('',(#6816,#6841,#6868,#6869,#6893,#6920,#6942,#6943,
    #6944,#6971));
#6816 = ORIENTED_EDGE('',*,*,#6817,.T.);
#6817 = EDGE_CURVE('',#6818,#6820,#6822,.T.);
#6818 = VERTEX_POINT('',#6819);
#6819 = CARTESIAN_POINT('',(-10.93503023466,4.093955728425,4.));
#6820 = VERTEX_POINT('',#6821);
#6821 = CARTESIAN_POINT('',(-11.05093932557,4.093955728425,2.64));
#6822 = SEAM_CURVE('',#6823,(#6827,#6834),.PCURVE_S1.);
#6823 = LINE('',#6824,#6825);
#6824 = CARTESIAN_POINT('',(-10.90093932557,4.093955728425,4.4));
#6825 = VECTOR('',#6826,1.);
#6826 = DIRECTION('',(-8.491941668366E-02,-1.428215741092E-16,
    -0.996387822422));
#6827 = PCURVE('',#2329,#6828);
#6828 = DEFINITIONAL_REPRESENTATION('',(#6829),#6833);
#6829 = LINE('',#6830,#6831);
#6830 = CARTESIAN_POINT('',(-6.28318530718,0.));
#6831 = VECTOR('',#6832,1.);
#6832 = DIRECTION('',(-0.,-1.));
#6833 = ( GEOMETRIC_REPRESENTATION_CONTEXT(2) 
PARAMETRIC_REPRESENTATION_CONTEXT() REPRESENTATION_CONTEXT('2D SPACE',''
  ) );
#6834 = PCURVE('',#2329,#6835);
#6835 = DEFINITIONAL_REPRESENTATION('',(#6836),#6840);
#6836 = LINE('',#6837,#6838);
#6837 = CARTESIAN_POINT('',(0.,-0.));
#6838 = VECTOR('',#6839,1.);
#6839 = DIRECTION('',(-0.,-1.));
#6840 = ( GEOMETRIC_REPRESENTATION_CONTEXT(2) 
PARAMETRIC_REPRESENTATION_CONTEXT() REPRESENTATION_CONTEXT('2D SPACE',''
  ) );
#6841 = ORIENTED_EDGE('',*,*,#6842,.F.);
#6842 = EDGE_CURVE('',#6820,#6820,#6843,.T.);
#6843 = SURFACE_CURVE('',#6844,(#6849,#6856),.PCURVE_S1.);
#6844 = CIRCLE('',#6845,1.1);
#6845 = AXIS2_PLACEMENT_3D('',#6846,#6847,#6848);
#6846 = CARTESIAN_POINT('',(-12.15093932557,4.093955728425,2.64));
#6847 = DIRECTION('',(0.,-1.224646799147E-16,-1.));
#6848 = DIRECTION('',(1.,0.,0.));
#6849 = PCURVE('',#2329,#6850);
#6850 = DEFINITIONAL_REPRESENTATION('',(#6851),#6855);
#6851 = LINE('',#6852,#6853);
#6852 = CARTESIAN_POINT('',(-0.,-1.76));
#6853 = VECTOR('',#6854,1.);
#6854 = DIRECTION('',(-1.,-0.));
#6855 = ( GEOMETRIC_REPRESENTATION_CONTEXT(2) 
PARAMETRIC_REPRESENTATION_CONTEXT() REPRESENTATION_CONTEXT('2D SPACE',''
  ) );
#6856 = PCURVE('',#6857,#6862);
#6857 = CYLINDRICAL_SURFACE('',#6858,1.1);
#6858 = AXIS2_PLACEMENT_3D('',#6859,#6860,#6861);
#6859 = CARTESIAN_POINT('',(-12.15093932557,4.093955728425,21.5));
#6860 = DIRECTION('',(-0.,1.224646799147E-16,1.));
#6861 = DIRECTION('',(1.,0.,0.));
#6862 = DEFINITIONAL_REPRESENTATION('',(#6863),#6867);
#6863 = LINE('',#6864,#6865);
#6864 = CARTESIAN_POINT('',(-0.,-18.86));
#6865 = VECTOR('',#6866,1.);
#6866 = DIRECTION('',(-1.,0.));
#6867 = ( GEOMETRIC_REPRESENTATION_CONTEXT(2) 
PARAMETRIC_REPRESENTATION_CONTEXT() REPRESENTATION_CONTEXT('2D SPACE',''
  ) );
#6868 = ORIENTED_EDGE('',*,*,#6817,.F.);
#6869 = ORIENTED_EDGE('',*,*,#6870,.T.);
#6870 = EDGE_CURVE('',#6818,#6871,#6873,.T.);
#6871 = VERTEX_POINT('',#6872);
#6872 = CARTESIAN_POINT('',(-11.,3.701815975007,4.));
#6873 = SURFACE_CURVE('',#6874,(#6879,#6886),.PCURVE_S1.);
#6874 = CIRCLE('',#6875,1.215909090909);
#6875 = AXIS2_PLACEMENT_3D('',#6876,#6877,#6878);
#6876 = CARTESIAN_POINT('',(-12.15093932557,4.093955728425,4.));
#6877 = DIRECTION('',(0.,-1.224646799147E-16,-1.));
#6878 = DIRECTION('',(1.,0.,0.));
#6879 = PCURVE('',#2329,#6880);
#6880 = DEFINITIONAL_REPRESENTATION('',(#6881),#6885);
#6881 = LINE('',#6882,#6883);
#6882 = CARTESIAN_POINT('',(-0.,-0.4));
#6883 = VECTOR('',#6884,1.);
#6884 = DIRECTION('',(-1.,-0.));
#6885 = ( GEOMETRIC_REPRESENTATION_CONTEXT(2) 
PARAMETRIC_REPRESENTATION_CONTEXT() REPRESENTATION_CONTEXT('2D SPACE',''
  ) );
#6886 = PCURVE('',#6049,#6887);
#6887 = DEFINITIONAL_REPRESENTATION('',(#6888),#6892);
#6888 = CIRCLE('',#6889,1.215909090909);
#6889 = AXIS2_PLACEMENT_2D('',#6890,#6891);
#6890 = CARTESIAN_POINT('',(-1.75093932557,-4.093955728425));
#6891 = DIRECTION('',(1.,0.));
#6892 = ( GEOMETRIC_REPRESENTATION_CONTEXT(2) 
PARAMETRIC_REPRESENTATION_CONTEXT() REPRESENTATION_CONTEXT('2D SPACE',''
  ) );
#6893 = ORIENTED_EDGE('',*,*,#6894,.T.);
#6894 = EDGE_CURVE('',#6871,#6895,#6897,.T.);
#6895 = VERTEX_POINT('',#6896);
#6896 = CARTESIAN_POINT('',(-11.,3.606268668052,4.4));
#6897 = SURFACE_CURVE('',#6898,(#6903,#6913),.PCURVE_S1.);
#6898 = HYPERBOLA('',#6899,13.504354753359,1.15093932557);
#6899 = AXIS2_PLACEMENT_3D('',#6900,#6901,#6902);
#6900 = CARTESIAN_POINT('',(-11.,4.093955728425,-10.26666666666));
#6901 = DIRECTION('',(1.,-4.807406715959E-16,5.887375246899E-32));
#6902 = DIRECTION('',(0.,1.224646799147E-16,1.));
#6903 = PCURVE('',#2329,#6904);
#6904 = DEFINITIONAL_REPRESENTATION('',(#6905),#6912);
#6905 = B_SPLINE_CURVE_WITH_KNOTS('',5,(#6906,#6907,#6908,#6909,#6910,
    #6911),.UNSPECIFIED.,.F.,.F.,(6,6),(0.325629246097,0.411976539493),
  .PIECEWISE_BEZIER_KNOTS.);
#6906 = CARTESIAN_POINT('',(-0.320022596462,-0.44));
#6907 = CARTESIAN_POINT('',(-0.336415255534,-0.362709868418));
#6908 = CARTESIAN_POINT('',(-0.352696592952,-0.280116138773));
#6909 = CARTESIAN_POINT('',(-0.368858438453,-0.192170787872));
#6910 = CARTESIAN_POINT('',(-0.384893236246,-9.881920737313E-02));
#6911 = CARTESIAN_POINT('',(-0.400794115546,-4.86854199431E-15));
#6912 = ( GEOMETRIC_REPRESENTATION_CONTEXT(2) 
PARAMETRIC_REPRESENTATION_CONTEXT() REPRESENTATION_CONTEXT('2D SPACE',''
  ) );
#6913 = PCURVE('',#6748,#6914);
#6914 = DEFINITIONAL_REPRESENTATION('',(#6915),#6919);
#6915 = HYPERBOLA('',#6916,13.504354753359,1.15093932557);
#6916 = AXIS2_PLACEMENT_2D('',#6917,#6918);
#6917 = CARTESIAN_POINT('',(1.438144490153,-14.66666666666));
#6918 = DIRECTION('',(0.,1.));
#6919 = ( GEOMETRIC_REPRESENTATION_CONTEXT(2) 
PARAMETRIC_REPRESENTATION_CONTEXT() REPRESENTATION_CONTEXT('2D SPACE',''
  ) );
#6920 = ORIENTED_EDGE('',*,*,#6921,.T.);
#6921 = EDGE_CURVE('',#6895,#6761,#6922,.T.);
#6922 = SURFACE_CURVE('',#6923,(#6928,#6935),.PCURVE_S1.);
#6923 = CIRCLE('',#6924,1.25);
#6924 = AXIS2_PLACEMENT_3D('',#6925,#6926,#6927);
#6925 = CARTESIAN_POINT('',(-12.15093932557,4.093955728425,4.4));
#6926 = DIRECTION('',(0.,-1.224646799147E-16,-1.));
#6927 = DIRECTION('',(1.,0.,0.));
#6928 = PCURVE('',#2329,#6929);
#6929 = DEFINITIONAL_REPRESENTATION('',(#6930),#6934);
#6930 = LINE('',#6931,#6932);
#6931 = CARTESIAN_POINT('',(-0.,-0.));
#6932 = VECTOR('',#6933,1.);
#6933 = DIRECTION('',(-1.,-0.));
#6934 = ( GEOMETRIC_REPRESENTATION_CONTEXT(2) 
PARAMETRIC_REPRESENTATION_CONTEXT() REPRESENTATION_CONTEXT('2D SPACE',''
  ) );
#6935 = PCURVE('',#6776,#6936);
#6936 = DEFINITIONAL_REPRESENTATION('',(#6937),#6941);
#6937 = CIRCLE('',#6938,1.25);
#6938 = AXIS2_PLACEMENT_2D('',#6939,#6940);
#6939 = CARTESIAN_POINT('',(-1.75093932557,-4.093955728425));
#6940 = DIRECTION('',(1.,0.));
#6941 = ( GEOMETRIC_REPRESENTATION_CONTEXT(2) 
PARAMETRIC_REPRESENTATION_CONTEXT() REPRESENTATION_CONTEXT('2D SPACE',''
  ) );
#6942 = ORIENTED_EDGE('',*,*,#6788,.T.);
#6943 = ORIENTED_EDGE('',*,*,#2312,.T.);
#6944 = ORIENTED_EDGE('',*,*,#6945,.T.);
#6945 = EDGE_CURVE('',#2285,#6946,#6948,.T.);
#6946 = VERTEX_POINT('',#6947);
#6947 = CARTESIAN_POINT('',(-11.,4.486095481844,4.));
#6948 = SURFACE_CURVE('',#6949,(#6954,#6964),.PCURVE_S1.);
#6949 = HYPERBOLA('',#6950,13.504354753359,1.15093932557);
#6950 = AXIS2_PLACEMENT_3D('',#6951,#6952,#6953);
#6951 = CARTESIAN_POINT('',(-11.,4.093955728425,-10.26666666666));
#6952 = DIRECTION('',(1.,-4.807406715959E-16,5.887375246899E-32));
#6953 = DIRECTION('',(0.,1.224646799147E-16,1.));
#6954 = PCURVE('',#2329,#6955);
#6955 = DEFINITIONAL_REPRESENTATION('',(#6956),#6963);
#6956 = B_SPLINE_CURVE_WITH_KNOTS('',5,(#6957,#6958,#6959,#6960,#6961,
    #6962),.UNSPECIFIED.,.F.,.F.,(6,6),(-0.411976539493,-0.325629246097)
  ,.PIECEWISE_BEZIER_KNOTS.);
#6957 = CARTESIAN_POINT('',(-5.882391191633,2.185645942905E-15));
#6958 = CARTESIAN_POINT('',(-5.898292070934,-9.881920737313E-02));
#6959 = CARTESIAN_POINT('',(-5.914326868727,-0.192170787872));
#6960 = CARTESIAN_POINT('',(-5.930488714228,-0.280116138773));
#6961 = CARTESIAN_POINT('',(-5.946770051645,-0.362709868418));
#6962 = CARTESIAN_POINT('',(-5.963162710718,-0.44));
#6963 = ( GEOMETRIC_REPRESENTATION_CONTEXT(2) 
PARAMETRIC_REPRESENTATION_CONTEXT() REPRESENTATION_CONTEXT('2D SPACE',''
  ) );
#6964 = PCURVE('',#2300,#6965);
#6965 = DEFINITIONAL_REPRESENTATION('',(#6966),#6970);
#6966 = HYPERBOLA('',#6967,13.504354753359,1.15093932557);
#6967 = AXIS2_PLACEMENT_2D('',#6968,#6969);
#6968 = CARTESIAN_POINT('',(1.438144490153,-14.66666666666));
#6969 = DIRECTION('',(0.,1.));
#6970 = ( GEOMETRIC_REPRESENTATION_CONTEXT(2) 
PARAMETRIC_REPRESENTATION_CONTEXT() REPRESENTATION_CONTEXT('2D SPACE',''
  ) );
#6971 = ORIENTED_EDGE('',*,*,#6972,.T.);
#6972 = EDGE_CURVE('',#6946,#6818,#6973,.T.);
#6973 = SURFACE_CURVE('',#6974,(#6979,#6986),.PCURVE_S1.);
#6974 = CIRCLE('',#6975,1.215909090909);
#6975 = AXIS2_PLACEMENT_3D('',#6976,#6977,#6978);
#6976 = CARTESIAN_POINT('',(-12.15093932557,4.093955728425,4.));
#6977 = DIRECTION('',(0.,-1.224646799147E-16,-1.));
#6978 = DIRECTION('',(1.,0.,0.));
#6979 = PCURVE('',#2329,#6980);
#6980 = DEFINITIONAL_REPRESENTATION('',(#6981),#6985);
#6981 = LINE('',#6982,#6983);
#6982 = CARTESIAN_POINT('',(-0.,-0.4));
#6983 = VECTOR('',#6984,1.);
#6984 = DIRECTION('',(-1.,-0.));
#6985 = ( GEOMETRIC_REPRESENTATION_CONTEXT(2) 
PARAMETRIC_REPRESENTATION_CONTEXT() REPRESENTATION_CONTEXT('2D SPACE',''
  ) );
#6986 = PCURVE('',#6049,#6987);
#6987 = DEFINITIONAL_REPRESENTATION('',(#6988),#6992);
#6988 = CIRCLE('',#6989,1.215909090909);
#6989 = AXIS2_PLACEMENT_2D('',#6990,#6991);
#6990 = CARTESIAN_POINT('',(-1.75093932557,-4.093955728425));
#6991 = DIRECTION('',(1.,0.));
#6992 = ( GEOMETRIC_REPRESENTATION_CONTEXT(2) 
PARAMETRIC_REPRESENTATION_CONTEXT() REPRESENTATION_CONTEXT('2D SPACE',''
  ) );
#6993 = ADVANCED_FACE('',(#6994),#2300,.T.);
#6994 = FACE_BOUND('',#6995,.T.);
#6995 = EDGE_LOOP('',(#6996,#6997,#6998,#7021));
#6996 = ORIENTED_EDGE('',*,*,#2284,.F.);
#6997 = ORIENTED_EDGE('',*,*,#6945,.T.);
#6998 = ORIENTED_EDGE('',*,*,#6999,.F.);
#6999 = EDGE_CURVE('',#7000,#6946,#7002,.T.);
#7000 = VERTEX_POINT('',#7001);
#7001 = CARTESIAN_POINT('',(-11.,6.350852961086,4.));
#7002 = SURFACE_CURVE('',#7003,(#7007,#7014),.PCURVE_S1.);
#7003 = LINE('',#7004,#7005);
#7004 = CARTESIAN_POINT('',(-11.,1.327905619136,4.));
#7005 = VECTOR('',#7006,1.);
#7006 = DIRECTION('',(-4.807406715959E-16,-1.,1.224646799147E-16));
#7007 = PCURVE('',#2300,#7008);
#7008 = DEFINITIONAL_REPRESENTATION('',(#7009),#7013);
#7009 = LINE('',#7010,#7011);
#7010 = CARTESIAN_POINT('',(-1.327905619136,-0.4));
#7011 = VECTOR('',#7012,1.);
#7012 = DIRECTION('',(-1.,0.));
#7013 = ( GEOMETRIC_REPRESENTATION_CONTEXT(2) 
PARAMETRIC_REPRESENTATION_CONTEXT() REPRESENTATION_CONTEXT('2D SPACE',''
  ) );
#7014 = PCURVE('',#6049,#7015);
#7015 = DEFINITIONAL_REPRESENTATION('',(#7016),#7020);
#7016 = LINE('',#7017,#7018);
#7017 = CARTESIAN_POINT('',(-0.6,-1.327905619136));
#7018 = VECTOR('',#7019,1.);
#7019 = DIRECTION('',(-4.807406715959E-16,1.));
#7020 = ( GEOMETRIC_REPRESENTATION_CONTEXT(2) 
PARAMETRIC_REPRESENTATION_CONTEXT() REPRESENTATION_CONTEXT('2D SPACE',''
  ) );
#7021 = ORIENTED_EDGE('',*,*,#7022,.F.);
#7022 = EDGE_CURVE('',#2257,#7000,#7023,.T.);
#7023 = SURFACE_CURVE('',#7024,(#7028,#7035),.PCURVE_S1.);
#7024 = LINE('',#7025,#7026);
#7025 = CARTESIAN_POINT('',(-11.,6.350852961086,4.4));
#7026 = VECTOR('',#7027,1.);
#7027 = DIRECTION('',(0.,-1.224646799147E-16,-1.));
#7028 = PCURVE('',#2300,#7029);
#7029 = DEFINITIONAL_REPRESENTATION('',(#7030),#7034);
#7030 = LINE('',#7031,#7032);
#7031 = CARTESIAN_POINT('',(3.695041722814,-4.356663178442E-16));
#7032 = VECTOR('',#7033,1.);
#7033 = DIRECTION('',(0.,-1.));
#7034 = ( GEOMETRIC_REPRESENTATION_CONTEXT(2) 
PARAMETRIC_REPRESENTATION_CONTEXT() REPRESENTATION_CONTEXT('2D SPACE',''
  ) );
#7035 = PCURVE('',#2272,#7036);
#7036 = DEFINITIONAL_REPRESENTATION('',(#7037),#7041);
#7037 = LINE('',#7038,#7039);
#7038 = CARTESIAN_POINT('',(0.,0.));
#7039 = VECTOR('',#7040,1.);
#7040 = DIRECTION('',(0.,-1.));
#7041 = ( GEOMETRIC_REPRESENTATION_CONTEXT(2) 
PARAMETRIC_REPRESENTATION_CONTEXT() REPRESENTATION_CONTEXT('2D SPACE',''
  ) );
#7042 = ADVANCED_FACE('',(#7043),#2272,.T.);
#7043 = FACE_BOUND('',#7044,.T.);
#7044 = EDGE_LOOP('',(#7045,#7046,#7047,#7070));
#7045 = ORIENTED_EDGE('',*,*,#2256,.F.);
#7046 = ORIENTED_EDGE('',*,*,#7022,.T.);
#7047 = ORIENTED_EDGE('',*,*,#7048,.F.);
#7048 = EDGE_CURVE('',#7049,#7000,#7051,.T.);
#7049 = VERTEX_POINT('',#7050);
#7050 = CARTESIAN_POINT('',(-9.866837467398,7.00508465432,4.));
#7051 = SURFACE_CURVE('',#7052,(#7056,#7063),.PCURVE_S1.);
#7052 = LINE('',#7053,#7054);
#7053 = CARTESIAN_POINT('',(-12.15,5.686900151518,4.));
#7054 = VECTOR('',#7055,1.);
#7055 = DIRECTION('',(-0.866025403784,-0.5,6.123233995737E-17));
#7056 = PCURVE('',#2272,#7057);
#7057 = DEFINITIONAL_REPRESENTATION('',(#7058),#7062);
#7058 = LINE('',#7059,#7060);
#7059 = CARTESIAN_POINT('',(-1.327905619136,-0.4));
#7060 = VECTOR('',#7061,1.);
#7061 = DIRECTION('',(-1.,0.));
#7062 = ( GEOMETRIC_REPRESENTATION_CONTEXT(2) 
PARAMETRIC_REPRESENTATION_CONTEXT() REPRESENTATION_CONTEXT('2D SPACE',''
  ) );
#7063 = PCURVE('',#6049,#7064);
#7064 = DEFINITIONAL_REPRESENTATION('',(#7065),#7069);
#7065 = LINE('',#7066,#7067);
#7066 = CARTESIAN_POINT('',(-1.75,-5.686900151518));
#7067 = VECTOR('',#7068,1.);
#7068 = DIRECTION('',(-0.866025403784,0.5));
#7069 = ( GEOMETRIC_REPRESENTATION_CONTEXT(2) 
PARAMETRIC_REPRESENTATION_CONTEXT() REPRESENTATION_CONTEXT('2D SPACE',''
  ) );
#7070 = ORIENTED_EDGE('',*,*,#7071,.T.);
#7071 = EDGE_CURVE('',#7049,#2233,#7072,.T.);
#7072 = SURFACE_CURVE('',#7073,(#7078,#7085),.PCURVE_S1.);
#7073 = HYPERBOLA('',#7074,13.834165744901,1.179048216895);
#7074 = AXIS2_PLACEMENT_3D('',#7075,#7076,#7077);
#7075 = CARTESIAN_POINT('',(-9.609524108447,7.153644591375,
    -10.26666666666));
#7076 = DIRECTION('',(0.5,-0.866025403784,1.060575238725E-16));
#7077 = DIRECTION('',(0.,1.224646799147E-16,1.));
#7078 = PCURVE('',#2272,#7079);
#7079 = DEFINITIONAL_REPRESENTATION('',(#7080),#7084);
#7080 = HYPERBOLA('',#7081,13.834165744901,1.179048216895);
#7081 = AXIS2_PLACEMENT_2D('',#7082,#7083);
#7082 = CARTESIAN_POINT('',(1.605583260579,-14.66666666666));
#7083 = DIRECTION('',(0.,1.));
#7084 = ( GEOMETRIC_REPRESENTATION_CONTEXT(2) 
PARAMETRIC_REPRESENTATION_CONTEXT() REPRESENTATION_CONTEXT('2D SPACE',''
  ) );
#7085 = PCURVE('',#2220,#7086);
#7086 = DEFINITIONAL_REPRESENTATION('',(#7087),#7094);
#7087 = B_SPLINE_CURVE_WITH_KNOTS('',5,(#7088,#7089,#7090,#7091,#7092,
    #7093),.UNSPECIFIED.,.F.,.F.,(6,6),(0.237649737548,0.345204639821),
  .PIECEWISE_BEZIER_KNOTS.);
#7088 = CARTESIAN_POINT('',(-1.282641391127,-0.44));
#7089 = CARTESIAN_POINT('',(-1.303558903002,-0.368611078464));
#7090 = CARTESIAN_POINT('',(-1.324345211287,-0.288993413058));
#7091 = CARTESIAN_POINT('',(-1.344982342075,-0.201078180073));
#7092 = CARTESIAN_POINT('',(-1.365453521101,-0.104780710598));
#7093 = CARTESIAN_POINT('',(-1.385743507619,2.223221517855E-15));
#7094 = ( GEOMETRIC_REPRESENTATION_CONTEXT(2) 
PARAMETRIC_REPRESENTATION_CONTEXT() REPRESENTATION_CONTEXT('2D SPACE',''
  ) );
#7095 = ADVANCED_FACE('',(#7096),#2220,.F.);
#7096 = FACE_BOUND('',#7097,.F.);
#7097 = EDGE_LOOP('',(#7098,#7121,#7148,#7149,#7150,#7177,#7199,#7200));
#7098 = ORIENTED_EDGE('',*,*,#7099,.T.);
#7099 = EDGE_CURVE('',#2204,#7100,#7102,.T.);
#7100 = VERTEX_POINT('',#7101);
#7101 = CARTESIAN_POINT('',(-9.099048216895,8.174730299493,2.64));
#7102 = SEAM_CURVE('',#7103,(#7107,#7114),.PCURVE_S1.);
#7103 = LINE('',#7104,#7105);
#7104 = CARTESIAN_POINT('',(-8.949048216895,8.174730299493,4.4));
#7105 = VECTOR('',#7106,1.);
#7106 = DIRECTION('',(-8.491941668366E-02,-1.428215741092E-16,
    -0.996387822422));
#7107 = PCURVE('',#2220,#7108);
#7108 = DEFINITIONAL_REPRESENTATION('',(#7109),#7113);
#7109 = LINE('',#7110,#7111);
#7110 = CARTESIAN_POINT('',(-6.28318530718,0.));
#7111 = VECTOR('',#7112,1.);
#7112 = DIRECTION('',(-0.,-1.));
#7113 = ( GEOMETRIC_REPRESENTATION_CONTEXT(2) 
PARAMETRIC_REPRESENTATION_CONTEXT() REPRESENTATION_CONTEXT('2D SPACE',''
  ) );
#7114 = PCURVE('',#2220,#7115);
#7115 = DEFINITIONAL_REPRESENTATION('',(#7116),#7120);
#7116 = LINE('',#7117,#7118);
#7117 = CARTESIAN_POINT('',(0.,-0.));
#7118 = VECTOR('',#7119,1.);
#7119 = DIRECTION('',(-0.,-1.));
#7120 = ( GEOMETRIC_REPRESENTATION_CONTEXT(2) 
PARAMETRIC_REPRESENTATION_CONTEXT() REPRESENTATION_CONTEXT('2D SPACE',''
  ) );
#7121 = ORIENTED_EDGE('',*,*,#7122,.F.);
#7122 = EDGE_CURVE('',#7100,#7100,#7123,.T.);
#7123 = SURFACE_CURVE('',#7124,(#7129,#7136),.PCURVE_S1.);
#7124 = CIRCLE('',#7125,1.1);
#7125 = AXIS2_PLACEMENT_3D('',#7126,#7127,#7128);
#7126 = CARTESIAN_POINT('',(-10.19904821689,8.174730299493,2.64));
#7127 = DIRECTION('',(0.,-1.224646799147E-16,-1.));
#7128 = DIRECTION('',(1.,0.,0.));
#7129 = PCURVE('',#2220,#7130);
#7130 = DEFINITIONAL_REPRESENTATION('',(#7131),#7135);
#7131 = LINE('',#7132,#7133);
#7132 = CARTESIAN_POINT('',(-0.,-1.76));
#7133 = VECTOR('',#7134,1.);
#7134 = DIRECTION('',(-1.,-0.));
#7135 = ( GEOMETRIC_REPRESENTATION_CONTEXT(2) 
PARAMETRIC_REPRESENTATION_CONTEXT() REPRESENTATION_CONTEXT('2D SPACE',''
  ) );
#7136 = PCURVE('',#7137,#7142);
#7137 = CYLINDRICAL_SURFACE('',#7138,1.1);
#7138 = AXIS2_PLACEMENT_3D('',#7139,#7140,#7141);
#7139 = CARTESIAN_POINT('',(-10.19904821689,8.174730299493,21.5));
#7140 = DIRECTION('',(-0.,1.224646799147E-16,1.));
#7141 = DIRECTION('',(1.,0.,0.));
#7142 = DEFINITIONAL_REPRESENTATION('',(#7143),#7147);
#7143 = LINE('',#7144,#7145);
#7144 = CARTESIAN_POINT('',(-0.,-18.86));
#7145 = VECTOR('',#7146,1.);
#7146 = DIRECTION('',(-1.,0.));
#7147 = ( GEOMETRIC_REPRESENTATION_CONTEXT(2) 
PARAMETRIC_REPRESENTATION_CONTEXT() REPRESENTATION_CONTEXT('2D SPACE',''
  ) );
#7148 = ORIENTED_EDGE('',*,*,#7099,.F.);
#7149 = ORIENTED_EDGE('',*,*,#2203,.T.);
#7150 = ORIENTED_EDGE('',*,*,#7151,.T.);
#7151 = EDGE_CURVE('',#2176,#7152,#7154,.T.);
#7152 = VERTEX_POINT('',#7153);
#7153 = CARTESIAN_POINT('',(-9.352210749497,7.302204528431,4.));
#7154 = SURFACE_CURVE('',#7155,(#7160,#7170),.PCURVE_S1.);
#7155 = HYPERBOLA('',#7156,13.834165744901,1.179048216895);
#7156 = AXIS2_PLACEMENT_3D('',#7157,#7158,#7159);
#7157 = CARTESIAN_POINT('',(-9.609524108447,7.153644591375,
    -10.26666666666));
#7158 = DIRECTION('',(0.5,-0.866025403784,1.060575238725E-16));
#7159 = DIRECTION('',(0.,1.224646799147E-16,1.));
#7160 = PCURVE('',#2220,#7161);
#7161 = DEFINITIONAL_REPRESENTATION('',(#7162),#7169);
#7162 = B_SPLINE_CURVE_WITH_KNOTS('',5,(#7163,#7164,#7165,#7166,#7167,
    #7168),.UNSPECIFIED.,.F.,.F.,(6,6),(-0.345204639821,-0.237649737548)
  ,.PIECEWISE_BEZIER_KNOTS.);
#7163 = CARTESIAN_POINT('',(-0.708651594774,-3.086207222532E-15));
#7164 = CARTESIAN_POINT('',(-0.728941581293,-0.104780710598));
#7165 = CARTESIAN_POINT('',(-0.749412760318,-0.201078180073));
#7166 = CARTESIAN_POINT('',(-0.770049891106,-0.288993413058));
#7167 = CARTESIAN_POINT('',(-0.790836199391,-0.368611078464));
#7168 = CARTESIAN_POINT('',(-0.811753711266,-0.44));
#7169 = ( GEOMETRIC_REPRESENTATION_CONTEXT(2) 
PARAMETRIC_REPRESENTATION_CONTEXT() REPRESENTATION_CONTEXT('2D SPACE',''
  ) );
#7170 = PCURVE('',#2191,#7171);
#7171 = DEFINITIONAL_REPRESENTATION('',(#7172),#7176);
#7172 = HYPERBOLA('',#7173,13.834165744901,1.179048216895);
#7173 = AXIS2_PLACEMENT_2D('',#7174,#7175);
#7174 = CARTESIAN_POINT('',(1.605583260579,-14.66666666666));
#7175 = DIRECTION('',(0.,1.));
#7176 = ( GEOMETRIC_REPRESENTATION_CONTEXT(2) 
PARAMETRIC_REPRESENTATION_CONTEXT() REPRESENTATION_CONTEXT('2D SPACE',''
  ) );
#7177 = ORIENTED_EDGE('',*,*,#7178,.T.);
#7178 = EDGE_CURVE('',#7152,#7049,#7179,.T.);
#7179 = SURFACE_CURVE('',#7180,(#7185,#7192),.PCURVE_S1.);
#7180 = CIRCLE('',#7181,1.215909090909);
#7181 = AXIS2_PLACEMENT_3D('',#7182,#7183,#7184);
#7182 = CARTESIAN_POINT('',(-10.19904821689,8.174730299493,4.));
#7183 = DIRECTION('',(0.,-1.224646799147E-16,-1.));
#7184 = DIRECTION('',(1.,0.,0.));
#7185 = PCURVE('',#2220,#7186);
#7186 = DEFINITIONAL_REPRESENTATION('',(#7187),#7191);
#7187 = LINE('',#7188,#7189);
#7188 = CARTESIAN_POINT('',(-0.,-0.4));
#7189 = VECTOR('',#7190,1.);
#7190 = DIRECTION('',(-1.,-0.));
#7191 = ( GEOMETRIC_REPRESENTATION_CONTEXT(2) 
PARAMETRIC_REPRESENTATION_CONTEXT() REPRESENTATION_CONTEXT('2D SPACE',''
  ) );
#7192 = PCURVE('',#6049,#7193);
#7193 = DEFINITIONAL_REPRESENTATION('',(#7194),#7198);
#7194 = CIRCLE('',#7195,1.215909090909);
#7195 = AXIS2_PLACEMENT_2D('',#7196,#7197);
#7196 = CARTESIAN_POINT('',(0.200951783105,-8.174730299493));
#7197 = DIRECTION('',(1.,0.));
#7198 = ( GEOMETRIC_REPRESENTATION_CONTEXT(2) 
PARAMETRIC_REPRESENTATION_CONTEXT() REPRESENTATION_CONTEXT('2D SPACE',''
  ) );
#7199 = ORIENTED_EDGE('',*,*,#7071,.T.);
#7200 = ORIENTED_EDGE('',*,*,#2232,.T.);
#7201 = ADVANCED_FACE('',(#7202),#2191,.T.);
#7202 = FACE_BOUND('',#7203,.T.);
#7203 = EDGE_LOOP('',(#7204,#7205,#7206,#7229));
#7204 = ORIENTED_EDGE('',*,*,#2175,.F.);
#7205 = ORIENTED_EDGE('',*,*,#7151,.T.);
#7206 = ORIENTED_EDGE('',*,*,#7207,.F.);
#7207 = EDGE_CURVE('',#7208,#7152,#7210,.T.);
#7208 = VERTEX_POINT('',#7209);
#7209 = CARTESIAN_POINT('',(-8.4,7.851963660979,4.));
#7210 = SURFACE_CURVE('',#7211,(#7215,#7222),.PCURVE_S1.);
#7211 = LINE('',#7212,#7213);
#7212 = CARTESIAN_POINT('',(-12.15,5.686900151518,4.));
#7213 = VECTOR('',#7214,1.);
#7214 = DIRECTION('',(-0.866025403784,-0.5,6.123233995737E-17));
#7215 = PCURVE('',#2191,#7216);
#7216 = DEFINITIONAL_REPRESENTATION('',(#7217),#7221);
#7217 = LINE('',#7218,#7219);
#7218 = CARTESIAN_POINT('',(-1.327905619136,-0.4));
#7219 = VECTOR('',#7220,1.);
#7220 = DIRECTION('',(-1.,0.));
#7221 = ( GEOMETRIC_REPRESENTATION_CONTEXT(2) 
PARAMETRIC_REPRESENTATION_CONTEXT() REPRESENTATION_CONTEXT('2D SPACE',''
  ) );
#7222 = PCURVE('',#6049,#7223);
#7223 = DEFINITIONAL_REPRESENTATION('',(#7224),#7228);
#7224 = LINE('',#7225,#7226);
#7225 = CARTESIAN_POINT('',(-1.75,-5.686900151518));
#7226 = VECTOR('',#7227,1.);
#7227 = DIRECTION('',(-0.866025403784,0.5));
#7228 = ( GEOMETRIC_REPRESENTATION_CONTEXT(2) 
PARAMETRIC_REPRESENTATION_CONTEXT() REPRESENTATION_CONTEXT('2D SPACE',''
  ) );
#7229 = ORIENTED_EDGE('',*,*,#7230,.T.);
#7230 = EDGE_CURVE('',#7208,#2148,#7231,.T.);
#7231 = SURFACE_CURVE('',#7232,(#7236,#7243),.PCURVE_S1.);
#7232 = LINE('',#7233,#7234);
#7233 = CARTESIAN_POINT('',(-8.4,7.851963660979,4.4));
#7234 = VECTOR('',#7235,1.);
#7235 = DIRECTION('',(0.,1.224646799147E-16,1.));
#7236 = PCURVE('',#2191,#7237);
#7237 = DEFINITIONAL_REPRESENTATION('',(#7238),#7242);
#7238 = LINE('',#7239,#7240);
#7239 = CARTESIAN_POINT('',(3.002221399786,1.83833041379E-16));
#7240 = VECTOR('',#7241,1.);
#7241 = DIRECTION('',(0.,1.));
#7242 = ( GEOMETRIC_REPRESENTATION_CONTEXT(2) 
PARAMETRIC_REPRESENTATION_CONTEXT() REPRESENTATION_CONTEXT('2D SPACE',''
  ) );
#7243 = PCURVE('',#2163,#7244);
#7244 = DEFINITIONAL_REPRESENTATION('',(#7245),#7249);
#7245 = LINE('',#7246,#7247);
#7246 = CARTESIAN_POINT('',(0.692820323028,8.484601909799E-17));
#7247 = VECTOR('',#7248,1.);
#7248 = DIRECTION('',(0.,1.));
#7249 = ( GEOMETRIC_REPRESENTATION_CONTEXT(2) 
PARAMETRIC_REPRESENTATION_CONTEXT() REPRESENTATION_CONTEXT('2D SPACE',''
  ) );
#7250 = ADVANCED_FACE('',(#7251),#2163,.T.);
#7251 = FACE_BOUND('',#7252,.T.);
#7252 = EDGE_LOOP('',(#7253,#7254,#7255,#7278));
#7253 = ORIENTED_EDGE('',*,*,#2147,.F.);
#7254 = ORIENTED_EDGE('',*,*,#7230,.F.);
#7255 = ORIENTED_EDGE('',*,*,#7256,.F.);
#7256 = EDGE_CURVE('',#7257,#7208,#7259,.T.);
#7257 = VERTEX_POINT('',#7258);
#7258 = CARTESIAN_POINT('',(-8.4,10.854185060765,4.));
#7259 = SURFACE_CURVE('',#7260,(#7264,#7271),.PCURVE_S1.);
#7260 = LINE('',#7261,#7262);
#7261 = CARTESIAN_POINT('',(-8.4,3.579571668976,4.));
#7262 = VECTOR('',#7263,1.);
#7263 = DIRECTION('',(0.,-1.,1.224646799147E-16));
#7264 = PCURVE('',#2163,#7265);
#7265 = DEFINITIONAL_REPRESENTATION('',(#7266),#7270);
#7266 = LINE('',#7267,#7268);
#7267 = CARTESIAN_POINT('',(-3.579571668976,-0.4));
#7268 = VECTOR('',#7269,1.);
#7269 = DIRECTION('',(-1.,0.));
#7270 = ( GEOMETRIC_REPRESENTATION_CONTEXT(2) 
PARAMETRIC_REPRESENTATION_CONTEXT() REPRESENTATION_CONTEXT('2D SPACE',''
  ) );
#7271 = PCURVE('',#6049,#7272);
#7272 = DEFINITIONAL_REPRESENTATION('',(#7273),#7277);
#7273 = LINE('',#7274,#7275);
#7274 = CARTESIAN_POINT('',(2.,-3.579571668976));
#7275 = VECTOR('',#7276,1.);
#7276 = DIRECTION('',(0.,1.));
#7277 = ( GEOMETRIC_REPRESENTATION_CONTEXT(2) 
PARAMETRIC_REPRESENTATION_CONTEXT() REPRESENTATION_CONTEXT('2D SPACE',''
  ) );
#7278 = ORIENTED_EDGE('',*,*,#7279,.F.);
#7279 = EDGE_CURVE('',#2120,#7257,#7280,.T.);
#7280 = SURFACE_CURVE('',#7281,(#7285,#7292),.PCURVE_S1.);
#7281 = LINE('',#7282,#7283);
#7282 = CARTESIAN_POINT('',(-8.4,10.854185060765,4.4));
#7283 = VECTOR('',#7284,1.);
#7284 = DIRECTION('',(0.,-1.224646799147E-16,-1.));
#7285 = PCURVE('',#2163,#7286);
#7286 = DEFINITIONAL_REPRESENTATION('',(#7287),#7291);
#7287 = LINE('',#7288,#7289);
#7288 = CARTESIAN_POINT('',(3.695041722814,4.52512101856E-16));
#7289 = VECTOR('',#7290,1.);
#7290 = DIRECTION('',(0.,-1.));
#7291 = ( GEOMETRIC_REPRESENTATION_CONTEXT(2) 
PARAMETRIC_REPRESENTATION_CONTEXT() REPRESENTATION_CONTEXT('2D SPACE',''
  ) );
#7292 = PCURVE('',#2135,#7293);
#7293 = DEFINITIONAL_REPRESENTATION('',(#7294),#7298);
#7294 = LINE('',#7295,#7296);
#7295 = CARTESIAN_POINT('',(0.,0.));
#7296 = VECTOR('',#7297,1.);
#7297 = DIRECTION('',(0.,-1.));
#7298 = ( GEOMETRIC_REPRESENTATION_CONTEXT(2) 
PARAMETRIC_REPRESENTATION_CONTEXT() REPRESENTATION_CONTEXT('2D SPACE',''
  ) );
#7299 = ADVANCED_FACE('',(#7300),#2135,.T.);
#7300 = FACE_BOUND('',#7301,.T.);
#7301 = EDGE_LOOP('',(#7302,#7303,#7304,#7327));
#7302 = ORIENTED_EDGE('',*,*,#2119,.F.);
#7303 = ORIENTED_EDGE('',*,*,#7279,.T.);
#7304 = ORIENTED_EDGE('',*,*,#7305,.F.);
#7305 = EDGE_CURVE('',#7306,#7257,#7308,.T.);
#7306 = VERTEX_POINT('',#7307);
#7307 = CARTESIAN_POINT('',(-5.2,12.701705922172,4.));
#7308 = SURFACE_CURVE('',#7309,(#7313,#7320),.PCURVE_S1.);
#7309 = LINE('',#7310,#7311);
#7310 = CARTESIAN_POINT('',(-11.5,9.064399226277,4.));
#7311 = VECTOR('',#7312,1.);
#7312 = DIRECTION('',(-0.866025403784,-0.5,6.123233995737E-17));
#7313 = PCURVE('',#2135,#7314);
#7314 = DEFINITIONAL_REPRESENTATION('',(#7315),#7319);
#7315 = LINE('',#7316,#7317);
#7316 = CARTESIAN_POINT('',(-3.579571668976,-0.4));
#7317 = VECTOR('',#7318,1.);
#7318 = DIRECTION('',(-1.,0.));
#7319 = ( GEOMETRIC_REPRESENTATION_CONTEXT(2) 
PARAMETRIC_REPRESENTATION_CONTEXT() REPRESENTATION_CONTEXT('2D SPACE',''
  ) );
#7320 = PCURVE('',#6049,#7321);
#7321 = DEFINITIONAL_REPRESENTATION('',(#7322),#7326);
#7322 = LINE('',#7323,#7324);
#7323 = CARTESIAN_POINT('',(-1.1,-9.064399226277));
#7324 = VECTOR('',#7325,1.);
#7325 = DIRECTION('',(-0.866025403784,0.5));
#7326 = ( GEOMETRIC_REPRESENTATION_CONTEXT(2) 
PARAMETRIC_REPRESENTATION_CONTEXT() REPRESENTATION_CONTEXT('2D SPACE',''
  ) );
#7327 = ORIENTED_EDGE('',*,*,#7328,.F.);
#7328 = EDGE_CURVE('',#2092,#7306,#7329,.T.);
#7329 = SURFACE_CURVE('',#7330,(#7334,#7341),.PCURVE_S1.);
#7330 = LINE('',#7331,#7332);
#7331 = CARTESIAN_POINT('',(-5.2,12.701705922172,4.4));
#7332 = VECTOR('',#7333,1.);
#7333 = DIRECTION('',(0.,-1.224646799147E-16,-1.));
#7334 = PCURVE('',#2135,#7335);
#7335 = DEFINITIONAL_REPRESENTATION('',(#7336),#7340);
#7336 = LINE('',#7337,#7338);
#7337 = CARTESIAN_POINT('',(3.695041722814,2.26256050928E-16));
#7338 = VECTOR('',#7339,1.);
#7339 = DIRECTION('',(0.,-1.));
#7340 = ( GEOMETRIC_REPRESENTATION_CONTEXT(2) 
PARAMETRIC_REPRESENTATION_CONTEXT() REPRESENTATION_CONTEXT('2D SPACE',''
  ) );
#7341 = PCURVE('',#2107,#7342);
#7342 = DEFINITIONAL_REPRESENTATION('',(#7343),#7347);
#7343 = LINE('',#7344,#7345);
#7344 = CARTESIAN_POINT('',(0.,0.));
#7345 = VECTOR('',#7346,1.);
#7346 = DIRECTION('',(0.,-1.));
#7347 = ( GEOMETRIC_REPRESENTATION_CONTEXT(2) 
PARAMETRIC_REPRESENTATION_CONTEXT() REPRESENTATION_CONTEXT('2D SPACE',''
  ) );
#7348 = ADVANCED_FACE('',(#7349),#2107,.T.);
#7349 = FACE_BOUND('',#7350,.T.);
#7350 = EDGE_LOOP('',(#7351,#7352,#7353,#7376,#7404,#7432));
#7351 = ORIENTED_EDGE('',*,*,#2091,.F.);
#7352 = ORIENTED_EDGE('',*,*,#7328,.T.);
#7353 = ORIENTED_EDGE('',*,*,#7354,.F.);
#7354 = EDGE_CURVE('',#7355,#7306,#7357,.T.);
#7355 = VERTEX_POINT('',#7356);
#7356 = CARTESIAN_POINT('',(-2.6,11.200595222279,4.));
#7357 = SURFACE_CURVE('',#7358,(#7362,#7369),.PCURVE_S1.);
#7358 = LINE('',#7359,#7360);
#7359 = CARTESIAN_POINT('',(-4.4,12.23982570682,4.));
#7360 = VECTOR('',#7361,1.);
#7361 = DIRECTION('',(-0.866025403784,0.5,-6.123233995737E-17));
#7362 = PCURVE('',#2107,#7363);
#7363 = DEFINITIONAL_REPRESENTATION('',(#7364),#7368);
#7364 = LINE('',#7365,#7366);
#7365 = CARTESIAN_POINT('',(0.923760430703,-0.4));
#7366 = VECTOR('',#7367,1.);
#7367 = DIRECTION('',(-1.,0.));
#7368 = ( GEOMETRIC_REPRESENTATION_CONTEXT(2) 
PARAMETRIC_REPRESENTATION_CONTEXT() REPRESENTATION_CONTEXT('2D SPACE',''
  ) );
#7369 = PCURVE('',#6049,#7370);
#7370 = DEFINITIONAL_REPRESENTATION('',(#7371),#7375);
#7371 = LINE('',#7372,#7373);
#7372 = CARTESIAN_POINT('',(6.,-12.23982570682));
#7373 = VECTOR('',#7374,1.);
#7374 = DIRECTION('',(-0.866025403784,-0.5));
#7375 = ( GEOMETRIC_REPRESENTATION_CONTEXT(2) 
PARAMETRIC_REPRESENTATION_CONTEXT() REPRESENTATION_CONTEXT('2D SPACE',''
  ) );
#7376 = ORIENTED_EDGE('',*,*,#7377,.T.);
#7377 = EDGE_CURVE('',#7355,#7378,#7380,.T.);
#7378 = VERTEX_POINT('',#7379);
#7379 = CARTESIAN_POINT('',(-2.6,11.200595222279,4.4));
#7380 = SURFACE_CURVE('',#7381,(#7385,#7392),.PCURVE_S1.);
#7381 = LINE('',#7382,#7383);
#7382 = CARTESIAN_POINT('',(-2.6,11.200595222279,4.4));
#7383 = VECTOR('',#7384,1.);
#7384 = DIRECTION('',(0.,1.224646799147E-16,1.));
#7385 = PCURVE('',#2107,#7386);
#7386 = DEFINITIONAL_REPRESENTATION('',(#7387),#7391);
#7387 = LINE('',#7388,#7389);
#7388 = CARTESIAN_POINT('',(3.002221399786,-1.83833041379E-16));
#7389 = VECTOR('',#7390,1.);
#7390 = DIRECTION('',(0.,1.));
#7391 = ( GEOMETRIC_REPRESENTATION_CONTEXT(2) 
PARAMETRIC_REPRESENTATION_CONTEXT() REPRESENTATION_CONTEXT('2D SPACE',''
  ) );
#7392 = PCURVE('',#7393,#7398);
#7393 = PLANE('',#7394);
#7394 = AXIS2_PLACEMENT_3D('',#7395,#7396,#7397);
#7395 = CARTESIAN_POINT('',(-3.2,10.854185060765,4.4));
#7396 = DIRECTION('',(0.5,-0.866025403784,1.060575238725E-16));
#7397 = DIRECTION('',(0.866025403784,0.5,-6.123233995737E-17));
#7398 = DEFINITIONAL_REPRESENTATION('',(#7399),#7403);
#7399 = LINE('',#7400,#7401);
#7400 = CARTESIAN_POINT('',(0.692820323028,4.2423009549E-17));
#7401 = VECTOR('',#7402,1.);
#7402 = DIRECTION('',(0.,1.));
#7403 = ( GEOMETRIC_REPRESENTATION_CONTEXT(2) 
PARAMETRIC_REPRESENTATION_CONTEXT() REPRESENTATION_CONTEXT('2D SPACE',''
  ) );
#7404 = ORIENTED_EDGE('',*,*,#7405,.F.);
#7405 = EDGE_CURVE('',#7406,#7378,#7408,.T.);
#7406 = VERTEX_POINT('',#7407);
#7407 = CARTESIAN_POINT('',(-2.908402059581,11.378651234397,4.4));
#7408 = SURFACE_CURVE('',#7409,(#7413,#7420),.PCURVE_S1.);
#7409 = LINE('',#7410,#7411);
#7410 = CARTESIAN_POINT('',(-5.2,12.701705922172,4.4));
#7411 = VECTOR('',#7412,1.);
#7412 = DIRECTION('',(0.866025403784,-0.5,6.123233995737E-17));
#7413 = PCURVE('',#2107,#7414);
#7414 = DEFINITIONAL_REPRESENTATION('',(#7415),#7419);
#7415 = LINE('',#7416,#7417);
#7416 = CARTESIAN_POINT('',(0.,0.));
#7417 = VECTOR('',#7418,1.);
#7418 = DIRECTION('',(1.,0.));
#7419 = ( GEOMETRIC_REPRESENTATION_CONTEXT(2) 
PARAMETRIC_REPRESENTATION_CONTEXT() REPRESENTATION_CONTEXT('2D SPACE',''
  ) );
#7420 = PCURVE('',#7421,#7426);
#7421 = PLANE('',#7422);
#7422 = AXIS2_PLACEMENT_3D('',#7423,#7424,#7425);
#7423 = CARTESIAN_POINT('',(-10.4,1.631438850498E-16,4.4));
#7424 = DIRECTION('',(0.,-1.224646799147E-16,-1.));
#7425 = DIRECTION('',(1.,0.,0.));
#7426 = DEFINITIONAL_REPRESENTATION('',(#7427),#7431);
#7427 = LINE('',#7428,#7429);
#7428 = CARTESIAN_POINT('',(5.2,-12.70170592217));
#7429 = VECTOR('',#7430,1.);
#7430 = DIRECTION('',(0.866025403784,0.5));
#7431 = ( GEOMETRIC_REPRESENTATION_CONTEXT(2) 
PARAMETRIC_REPRESENTATION_CONTEXT() REPRESENTATION_CONTEXT('2D SPACE',''
  ) );
#7432 = ORIENTED_EDGE('',*,*,#7433,.T.);
#7433 = EDGE_CURVE('',#7406,#2068,#7434,.T.);
#7434 = SURFACE_CURVE('',#7435,(#7440,#7447),.PCURVE_S1.);
#7435 = HYPERBOLA('',#7436,14.325688086693,1.22093932557);
#7436 = AXIS2_PLACEMENT_3D('',#7437,#7438,#7439);
#7437 = CARTESIAN_POINT('',(-3.140469662785,11.512635527577,
    -10.26666666666));
#7438 = DIRECTION('',(-0.5,-0.866025403784,1.060575238725E-16));
#7439 = DIRECTION('',(0.,1.224646799147E-16,1.));
#7440 = PCURVE('',#2107,#7441);
#7441 = DEFINITIONAL_REPRESENTATION('',(#7442),#7446);
#7442 = HYPERBOLA('',#7443,14.325688086693,1.22093932557);
#7443 = AXIS2_PLACEMENT_2D('',#7444,#7445);
#7444 = CARTESIAN_POINT('',(2.37814078919,-14.66666666666));
#7445 = DIRECTION('',(0.,1.));
#7446 = ( GEOMETRIC_REPRESENTATION_CONTEXT(2) 
PARAMETRIC_REPRESENTATION_CONTEXT() REPRESENTATION_CONTEXT('2D SPACE',''
  ) );
#7447 = PCURVE('',#2055,#7448);
#7448 = DEFINITIONAL_REPRESENTATION('',(#7449),#7457);
#7449 = B_SPLINE_CURVE_WITH_KNOTS('',6,(#7450,#7451,#7452,#7453,#7454,
    #7455,#7456),.UNSPECIFIED.,.F.,.F.,(7,7),(-0.217752483175,
    0.217752483175),.PIECEWISE_BEZIER_KNOTS.);
#7450 = CARTESIAN_POINT('',(-1.878343327767,1.107853201432E-14));
#7451 = CARTESIAN_POINT('',(-1.949240013086,-0.228216560363));
#7452 = CARTESIAN_POINT('',(-2.021460301402,-0.363708218014));
#7453 = CARTESIAN_POINT('',(-2.094395102393,-0.408639192835));
#7454 = CARTESIAN_POINT('',(-2.167329903384,-0.363708218014));
#7455 = CARTESIAN_POINT('',(-2.2395501917,-0.228216560363));
#7456 = CARTESIAN_POINT('',(-2.31044687702,1.10221686519E-14));
#7457 = ( GEOMETRIC_REPRESENTATION_CONTEXT(2) 
PARAMETRIC_REPRESENTATION_CONTEXT() REPRESENTATION_CONTEXT('2D SPACE',''
  ) );
#7458 = ADVANCED_FACE('',(#7459),#2055,.F.);
#7459 = FACE_BOUND('',#7460,.F.);
#7460 = EDGE_LOOP('',(#7461,#7484,#7511,#7512,#7513,#7540,#7564,#7591,
    #7613,#7614));
#7461 = ORIENTED_EDGE('',*,*,#7462,.T.);
#7462 = EDGE_CURVE('',#2039,#7463,#7465,.T.);
#7463 = VERTEX_POINT('',#7464);
#7464 = CARTESIAN_POINT('',(-1.43,12.57,2.64));
#7465 = SEAM_CURVE('',#7466,(#7470,#7477),.PCURVE_S1.);
#7466 = LINE('',#7467,#7468);
#7467 = CARTESIAN_POINT('',(-1.28,12.57,4.4));
#7468 = VECTOR('',#7469,1.);
#7469 = DIRECTION('',(-8.491941668366E-02,-1.428215741092E-16,
    -0.996387822422));
#7470 = PCURVE('',#2055,#7471);
#7471 = DEFINITIONAL_REPRESENTATION('',(#7472),#7476);
#7472 = LINE('',#7473,#7474);
#7473 = CARTESIAN_POINT('',(-6.28318530718,0.));
#7474 = VECTOR('',#7475,1.);
#7475 = DIRECTION('',(-0.,-1.));
#7476 = ( GEOMETRIC_REPRESENTATION_CONTEXT(2) 
PARAMETRIC_REPRESENTATION_CONTEXT() REPRESENTATION_CONTEXT('2D SPACE',''
  ) );
#7477 = PCURVE('',#2055,#7478);
#7478 = DEFINITIONAL_REPRESENTATION('',(#7479),#7483);
#7479 = LINE('',#7480,#7481);
#7480 = CARTESIAN_POINT('',(0.,-0.));
#7481 = VECTOR('',#7482,1.);
#7482 = DIRECTION('',(-0.,-1.));
#7483 = ( GEOMETRIC_REPRESENTATION_CONTEXT(2) 
PARAMETRIC_REPRESENTATION_CONTEXT() REPRESENTATION_CONTEXT('2D SPACE',''
  ) );
#7484 = ORIENTED_EDGE('',*,*,#7485,.F.);
#7485 = EDGE_CURVE('',#7463,#7463,#7486,.T.);
#7486 = SURFACE_CURVE('',#7487,(#7492,#7499),.PCURVE_S1.);
#7487 = CIRCLE('',#7488,1.1);
#7488 = AXIS2_PLACEMENT_3D('',#7489,#7490,#7491);
#7489 = CARTESIAN_POINT('',(-2.53,12.57,2.64));
#7490 = DIRECTION('',(0.,-1.224646799147E-16,-1.));
#7491 = DIRECTION('',(1.,0.,0.));
#7492 = PCURVE('',#2055,#7493);
#7493 = DEFINITIONAL_REPRESENTATION('',(#7494),#7498);
#7494 = LINE('',#7495,#7496);
#7495 = CARTESIAN_POINT('',(-0.,-1.76));
#7496 = VECTOR('',#7497,1.);
#7497 = DIRECTION('',(-1.,-0.));
#7498 = ( GEOMETRIC_REPRESENTATION_CONTEXT(2) 
PARAMETRIC_REPRESENTATION_CONTEXT() REPRESENTATION_CONTEXT('2D SPACE',''
  ) );
#7499 = PCURVE('',#7500,#7505);
#7500 = CYLINDRICAL_SURFACE('',#7501,1.1);
#7501 = AXIS2_PLACEMENT_3D('',#7502,#7503,#7504);
#7502 = CARTESIAN_POINT('',(-2.53,12.57,21.5));
#7503 = DIRECTION('',(-0.,1.224646799147E-16,1.));
#7504 = DIRECTION('',(1.,0.,0.));
#7505 = DEFINITIONAL_REPRESENTATION('',(#7506),#7510);
#7506 = LINE('',#7507,#7508);
#7507 = CARTESIAN_POINT('',(-0.,-18.86));
#7508 = VECTOR('',#7509,1.);
#7509 = DIRECTION('',(-1.,0.));
#7510 = ( GEOMETRIC_REPRESENTATION_CONTEXT(2) 
PARAMETRIC_REPRESENTATION_CONTEXT() REPRESENTATION_CONTEXT('2D SPACE',''
  ) );
#7511 = ORIENTED_EDGE('',*,*,#7462,.F.);
#7512 = ORIENTED_EDGE('',*,*,#2038,.T.);
#7513 = ORIENTED_EDGE('',*,*,#7514,.T.);
#7514 = EDGE_CURVE('',#2011,#7515,#7517,.T.);
#7515 = VERTEX_POINT('',#7516);
#7516 = CARTESIAN_POINT('',(-1.614927348921,11.769327182551,4.));
#7517 = SURFACE_CURVE('',#7518,(#7523,#7533),.PCURVE_S1.);
#7518 = HYPERBOLA('',#7519,13.504354753359,1.15093932557);
#7519 = AXIS2_PLACEMENT_3D('',#7520,#7521,#7522);
#7520 = CARTESIAN_POINT('',(-1.954530337215,11.573257305842,
    -10.26666666666));
#7521 = DIRECTION('',(0.5,-0.866025403784,1.060575238725E-16));
#7522 = DIRECTION('',(0.,1.224646799147E-16,1.));
#7523 = PCURVE('',#2055,#7524);
#7524 = DEFINITIONAL_REPRESENTATION('',(#7525),#7532);
#7525 = B_SPLINE_CURVE_WITH_KNOTS('',5,(#7526,#7527,#7528,#7529,#7530,
    #7531),.UNSPECIFIED.,.F.,.F.,(6,6),(-0.411976539493,-0.325629246097)
  ,.PIECEWISE_BEZIER_KNOTS.);
#7526 = CARTESIAN_POINT('',(-0.64640343565,4.220989586011E-16));
#7527 = CARTESIAN_POINT('',(-0.662304314951,-9.881920737313E-02));
#7528 = CARTESIAN_POINT('',(-0.678339112744,-0.192170787872));
#7529 = CARTESIAN_POINT('',(-0.694500958245,-0.280116138773));
#7530 = CARTESIAN_POINT('',(-0.710782295662,-0.362709868418));
#7531 = CARTESIAN_POINT('',(-0.727174954735,-0.44));
#7532 = ( GEOMETRIC_REPRESENTATION_CONTEXT(2) 
PARAMETRIC_REPRESENTATION_CONTEXT() REPRESENTATION_CONTEXT('2D SPACE',''
  ) );
#7533 = PCURVE('',#2026,#7534);
#7534 = DEFINITIONAL_REPRESENTATION('',(#7535),#7539);
#7535 = HYPERBOLA('',#7536,13.504354753359,1.15093932557);
#7536 = AXIS2_PLACEMENT_2D('',#7537,#7538);
#7537 = CARTESIAN_POINT('',(1.438144490153,-14.66666666666));
#7538 = DIRECTION('',(0.,1.));
#7539 = ( GEOMETRIC_REPRESENTATION_CONTEXT(2) 
PARAMETRIC_REPRESENTATION_CONTEXT() REPRESENTATION_CONTEXT('2D SPACE',''
  ) );
#7540 = ORIENTED_EDGE('',*,*,#7541,.T.);
#7541 = EDGE_CURVE('',#7515,#7542,#7544,.T.);
#7542 = VERTEX_POINT('',#7543);
#7543 = CARTESIAN_POINT('',(-2.294133325509,11.377187429132,4.));
#7544 = SURFACE_CURVE('',#7545,(#7550,#7557),.PCURVE_S1.);
#7545 = CIRCLE('',#7546,1.215909090909);
#7546 = AXIS2_PLACEMENT_3D('',#7547,#7548,#7549);
#7547 = CARTESIAN_POINT('',(-2.53,12.57,4.));
#7548 = DIRECTION('',(0.,-1.224646799147E-16,-1.));
#7549 = DIRECTION('',(1.,0.,0.));
#7550 = PCURVE('',#2055,#7551);
#7551 = DEFINITIONAL_REPRESENTATION('',(#7552),#7556);
#7552 = LINE('',#7553,#7554);
#7553 = CARTESIAN_POINT('',(-0.,-0.4));
#7554 = VECTOR('',#7555,1.);
#7555 = DIRECTION('',(-1.,-0.));
#7556 = ( GEOMETRIC_REPRESENTATION_CONTEXT(2) 
PARAMETRIC_REPRESENTATION_CONTEXT() REPRESENTATION_CONTEXT('2D SPACE',''
  ) );
#7557 = PCURVE('',#6049,#7558);
#7558 = DEFINITIONAL_REPRESENTATION('',(#7559),#7563);
#7559 = CIRCLE('',#7560,1.215909090909);
#7560 = AXIS2_PLACEMENT_2D('',#7561,#7562);
#7561 = CARTESIAN_POINT('',(7.87,-12.57));
#7562 = DIRECTION('',(1.,0.));
#7563 = ( GEOMETRIC_REPRESENTATION_CONTEXT(2) 
PARAMETRIC_REPRESENTATION_CONTEXT() REPRESENTATION_CONTEXT('2D SPACE',''
  ) );
#7564 = ORIENTED_EDGE('',*,*,#7565,.T.);
#7565 = EDGE_CURVE('',#7542,#7566,#7568,.T.);
#7566 = VERTEX_POINT('',#7567);
#7567 = CARTESIAN_POINT('',(-2.376879720595,11.329413775655,4.4));
#7568 = SURFACE_CURVE('',#7569,(#7574,#7584),.PCURVE_S1.);
#7569 = HYPERBOLA('',#7570,13.504354753359,1.15093932557);
#7570 = AXIS2_PLACEMENT_3D('',#7571,#7572,#7573);
#7571 = CARTESIAN_POINT('',(-1.954530337215,11.573257305842,
    -10.26666666666));
#7572 = DIRECTION('',(0.5,-0.866025403784,1.060575238725E-16));
#7573 = DIRECTION('',(0.,1.224646799147E-16,1.));
#7574 = PCURVE('',#2055,#7575);
#7575 = DEFINITIONAL_REPRESENTATION('',(#7576),#7583);
#7576 = B_SPLINE_CURVE_WITH_KNOTS('',5,(#7577,#7578,#7579,#7580,#7581,
    #7582),.UNSPECIFIED.,.F.,.F.,(6,6),(0.325629246097,0.411976539493),
  .PIECEWISE_BEZIER_KNOTS.);
#7577 = CARTESIAN_POINT('',(-1.367220147659,-0.44));
#7578 = CARTESIAN_POINT('',(-1.383612806731,-0.362709868418));
#7579 = CARTESIAN_POINT('',(-1.399894144148,-0.280116138773));
#7580 = CARTESIAN_POINT('',(-1.416055989649,-0.192170787872));
#7581 = CARTESIAN_POINT('',(-1.432090787443,-9.881920737313E-02));
#7582 = CARTESIAN_POINT('',(-1.447991666743,4.033111711263E-16));
#7583 = ( GEOMETRIC_REPRESENTATION_CONTEXT(2) 
PARAMETRIC_REPRESENTATION_CONTEXT() REPRESENTATION_CONTEXT('2D SPACE',''
  ) );
#7584 = PCURVE('',#7393,#7585);
#7585 = DEFINITIONAL_REPRESENTATION('',(#7586),#7590);
#7586 = HYPERBOLA('',#7587,13.504354753359,1.15093932557);
#7587 = AXIS2_PLACEMENT_2D('',#7588,#7589);
#7588 = CARTESIAN_POINT('',(1.438144490153,-14.66666666666));
#7589 = DIRECTION('',(0.,1.));
#7590 = ( GEOMETRIC_REPRESENTATION_CONTEXT(2) 
PARAMETRIC_REPRESENTATION_CONTEXT() REPRESENTATION_CONTEXT('2D SPACE',''
  ) );
#7591 = ORIENTED_EDGE('',*,*,#7592,.T.);
#7592 = EDGE_CURVE('',#7566,#7406,#7593,.T.);
#7593 = SURFACE_CURVE('',#7594,(#7599,#7606),.PCURVE_S1.);
#7594 = CIRCLE('',#7595,1.25);
#7595 = AXIS2_PLACEMENT_3D('',#7596,#7597,#7598);
#7596 = CARTESIAN_POINT('',(-2.53,12.57,4.4));
#7597 = DIRECTION('',(0.,-1.224646799147E-16,-1.));
#7598 = DIRECTION('',(1.,0.,0.));
#7599 = PCURVE('',#2055,#7600);
#7600 = DEFINITIONAL_REPRESENTATION('',(#7601),#7605);
#7601 = LINE('',#7602,#7603);
#7602 = CARTESIAN_POINT('',(-0.,-0.));
#7603 = VECTOR('',#7604,1.);
#7604 = DIRECTION('',(-1.,-0.));
#7605 = ( GEOMETRIC_REPRESENTATION_CONTEXT(2) 
PARAMETRIC_REPRESENTATION_CONTEXT() REPRESENTATION_CONTEXT('2D SPACE',''
  ) );
#7606 = PCURVE('',#7421,#7607);
#7607 = DEFINITIONAL_REPRESENTATION('',(#7608),#7612);
#7608 = CIRCLE('',#7609,1.25);
#7609 = AXIS2_PLACEMENT_2D('',#7610,#7611);
#7610 = CARTESIAN_POINT('',(7.87,-12.57));
#7611 = DIRECTION('',(1.,0.));
#7612 = ( GEOMETRIC_REPRESENTATION_CONTEXT(2) 
PARAMETRIC_REPRESENTATION_CONTEXT() REPRESENTATION_CONTEXT('2D SPACE',''
  ) );
#7613 = ORIENTED_EDGE('',*,*,#7433,.T.);
#7614 = ORIENTED_EDGE('',*,*,#2067,.T.);
#7615 = ADVANCED_FACE('',(#7616),#2026,.T.);
#7616 = FACE_BOUND('',#7617,.T.);
#7617 = EDGE_LOOP('',(#7618,#7619,#7620,#7643));
#7618 = ORIENTED_EDGE('',*,*,#2010,.F.);
#7619 = ORIENTED_EDGE('',*,*,#7514,.T.);
#7620 = ORIENTED_EDGE('',*,*,#7621,.F.);
#7621 = EDGE_CURVE('',#7622,#7515,#7624,.T.);
#7622 = VERTEX_POINT('',#7623);
#7623 = CARTESIAN_POINT('',(-6.787681527839E-16,12.701705922172,4.));
#7624 = SURFACE_CURVE('',#7625,(#7629,#7636),.PCURVE_S1.);
#7625 = LINE('',#7626,#7627);
#7626 = CARTESIAN_POINT('',(-8.25,7.938566201357,4.));
#7627 = VECTOR('',#7628,1.);
#7628 = DIRECTION('',(-0.866025403784,-0.5,6.123233995737E-17));
#7629 = PCURVE('',#2026,#7630);
#7630 = DEFINITIONAL_REPRESENTATION('',(#7631),#7635);
#7631 = LINE('',#7632,#7633);
#7632 = CARTESIAN_POINT('',(-5.831237718815,-0.4));
#7633 = VECTOR('',#7634,1.);
#7634 = DIRECTION('',(-1.,0.));
#7635 = ( GEOMETRIC_REPRESENTATION_CONTEXT(2) 
PARAMETRIC_REPRESENTATION_CONTEXT() REPRESENTATION_CONTEXT('2D SPACE',''
  ) );
#7636 = PCURVE('',#6049,#7637);
#7637 = DEFINITIONAL_REPRESENTATION('',(#7638),#7642);
#7638 = LINE('',#7639,#7640);
#7639 = CARTESIAN_POINT('',(2.15,-7.938566201357));
#7640 = VECTOR('',#7641,1.);
#7641 = DIRECTION('',(-0.866025403784,0.5));
#7642 = ( GEOMETRIC_REPRESENTATION_CONTEXT(2) 
PARAMETRIC_REPRESENTATION_CONTEXT() REPRESENTATION_CONTEXT('2D SPACE',''
  ) );
#7643 = ORIENTED_EDGE('',*,*,#7644,.F.);
#7644 = EDGE_CURVE('',#1983,#7622,#7645,.T.);
#7645 = SURFACE_CURVE('',#7646,(#7650,#7657),.PCURVE_S1.);
#7646 = LINE('',#7647,#7648);
#7647 = CARTESIAN_POINT('',(-6.787681527839E-16,12.701705922172,4.4));
#7648 = VECTOR('',#7649,1.);
#7649 = DIRECTION('',(0.,-1.224646799147E-16,-1.));
#7650 = PCURVE('',#2026,#7651);
#7651 = DEFINITIONAL_REPRESENTATION('',(#7652),#7656);
#7652 = LINE('',#7653,#7654);
#7653 = CARTESIAN_POINT('',(3.695041722814,2.26256050928E-16));
#7654 = VECTOR('',#7655,1.);
#7655 = DIRECTION('',(0.,-1.));
#7656 = ( GEOMETRIC_REPRESENTATION_CONTEXT(2) 
PARAMETRIC_REPRESENTATION_CONTEXT() REPRESENTATION_CONTEXT('2D SPACE',''
  ) );
#7657 = PCURVE('',#1998,#7658);
#7658 = DEFINITIONAL_REPRESENTATION('',(#7659),#7663);
#7659 = LINE('',#7660,#7661);
#7660 = CARTESIAN_POINT('',(0.,0.));
#7661 = VECTOR('',#7662,1.);
#7662 = DIRECTION('',(0.,-1.));
#7663 = ( GEOMETRIC_REPRESENTATION_CONTEXT(2) 
PARAMETRIC_REPRESENTATION_CONTEXT() REPRESENTATION_CONTEXT('2D SPACE',''
  ) );
#7664 = ADVANCED_FACE('',(#7665),#1998,.T.);
#7665 = FACE_BOUND('',#7666,.T.);
#7666 = EDGE_LOOP('',(#7667,#7668,#7669,#7692));
#7667 = ORIENTED_EDGE('',*,*,#1982,.F.);
#7668 = ORIENTED_EDGE('',*,*,#7644,.T.);
#7669 = ORIENTED_EDGE('',*,*,#7670,.F.);
#7670 = EDGE_CURVE('',#7671,#7622,#7673,.T.);
#7671 = VERTEX_POINT('',#7672);
#7672 = CARTESIAN_POINT('',(1.133162532602,12.047474228938,4.));
#7673 = SURFACE_CURVE('',#7674,(#7678,#7685),.PCURVE_S1.);
#7674 = LINE('',#7675,#7676);
#7675 = CARTESIAN_POINT('',(-1.15,13.36565873174,4.));
#7676 = VECTOR('',#7677,1.);
#7677 = DIRECTION('',(-0.866025403784,0.5,-6.123233995737E-17));
#7678 = PCURVE('',#1998,#7679);
#7679 = DEFINITIONAL_REPRESENTATION('',(#7680),#7684);
#7680 = LINE('',#7681,#7682);
#7681 = CARTESIAN_POINT('',(-1.327905619136,-0.4));
#7682 = VECTOR('',#7683,1.);
#7683 = DIRECTION('',(-1.,0.));
#7684 = ( GEOMETRIC_REPRESENTATION_CONTEXT(2) 
PARAMETRIC_REPRESENTATION_CONTEXT() REPRESENTATION_CONTEXT('2D SPACE',''
  ) );
#7685 = PCURVE('',#6049,#7686);
#7686 = DEFINITIONAL_REPRESENTATION('',(#7687),#7691);
#7687 = LINE('',#7688,#7689);
#7688 = CARTESIAN_POINT('',(9.25,-13.36565873174));
#7689 = VECTOR('',#7690,1.);
#7690 = DIRECTION('',(-0.866025403784,-0.5));
#7691 = ( GEOMETRIC_REPRESENTATION_CONTEXT(2) 
PARAMETRIC_REPRESENTATION_CONTEXT() REPRESENTATION_CONTEXT('2D SPACE',''
  ) );
#7692 = ORIENTED_EDGE('',*,*,#7693,.T.);
#7693 = EDGE_CURVE('',#7671,#1959,#7694,.T.);
#7694 = SURFACE_CURVE('',#7695,(#7700,#7707),.PCURVE_S1.);
#7695 = HYPERBOLA('',#7696,13.834165744901,1.179048216895);
#7696 = AXIS2_PLACEMENT_3D('',#7697,#7698,#7699);
#7697 = CARTESIAN_POINT('',(1.390475891553,11.898914291882,
    -10.26666666666));
#7698 = DIRECTION('',(-0.5,-0.866025403784,1.060575238725E-16));
#7699 = DIRECTION('',(0.,1.224646799147E-16,1.));
#7700 = PCURVE('',#1998,#7701);
#7701 = DEFINITIONAL_REPRESENTATION('',(#7702),#7706);
#7702 = HYPERBOLA('',#7703,13.834165744901,1.179048216895);
#7703 = AXIS2_PLACEMENT_2D('',#7704,#7705);
#7704 = CARTESIAN_POINT('',(1.605583260579,-14.66666666666));
#7705 = DIRECTION('',(0.,1.));
#7706 = ( GEOMETRIC_REPRESENTATION_CONTEXT(2) 
PARAMETRIC_REPRESENTATION_CONTEXT() REPRESENTATION_CONTEXT('2D SPACE',''
  ) );
#7707 = PCURVE('',#1946,#7708);
#7708 = DEFINITIONAL_REPRESENTATION('',(#7709),#7716);
#7709 = B_SPLINE_CURVE_WITH_KNOTS('',5,(#7710,#7711,#7712,#7713,#7714,
    #7715),.UNSPECIFIED.,.F.,.F.,(6,6),(0.237649737548,0.345204639821),
  .PIECEWISE_BEZIER_KNOTS.);
#7710 = CARTESIAN_POINT('',(-2.329838942323,-0.44));
#7711 = CARTESIAN_POINT('',(-2.350756454199,-0.368611078464));
#7712 = CARTESIAN_POINT('',(-2.371542762484,-0.288993413058));
#7713 = CARTESIAN_POINT('',(-2.392179893272,-0.201078180073));
#7714 = CARTESIAN_POINT('',(-2.412651072297,-0.104780710598));
#7715 = CARTESIAN_POINT('',(-2.432941058816,-1.20166688689E-14));
#7716 = ( GEOMETRIC_REPRESENTATION_CONTEXT(2) 
PARAMETRIC_REPRESENTATION_CONTEXT() REPRESENTATION_CONTEXT('2D SPACE',''
  ) );
#7717 = ADVANCED_FACE('',(#7718),#1946,.F.);
#7718 = FACE_BOUND('',#7719,.F.);
#7719 = EDGE_LOOP('',(#7720,#7743,#7770,#7771,#7772,#7799,#7821,#7822));
#7720 = ORIENTED_EDGE('',*,*,#7721,.T.);
#7721 = EDGE_CURVE('',#1930,#7722,#7724,.T.);
#7722 = VERTEX_POINT('',#7723);
#7723 = CARTESIAN_POINT('',(3.08,12.92,2.64));
#7724 = SEAM_CURVE('',#7725,(#7729,#7736),.PCURVE_S1.);
#7725 = LINE('',#7726,#7727);
#7726 = CARTESIAN_POINT('',(3.23,12.92,4.4));
#7727 = VECTOR('',#7728,1.);
#7728 = DIRECTION('',(-8.491941668366E-02,-1.428215741092E-16,
    -0.996387822422));
#7729 = PCURVE('',#1946,#7730);
#7730 = DEFINITIONAL_REPRESENTATION('',(#7731),#7735);
#7731 = LINE('',#7732,#7733);
#7732 = CARTESIAN_POINT('',(-6.28318530718,0.));
#7733 = VECTOR('',#7734,1.);
#7734 = DIRECTION('',(-0.,-1.));
#7735 = ( GEOMETRIC_REPRESENTATION_CONTEXT(2) 
PARAMETRIC_REPRESENTATION_CONTEXT() REPRESENTATION_CONTEXT('2D SPACE',''
  ) );
#7736 = PCURVE('',#1946,#7737);
#7737 = DEFINITIONAL_REPRESENTATION('',(#7738),#7742);
#7738 = LINE('',#7739,#7740);
#7739 = CARTESIAN_POINT('',(0.,-0.));
#7740 = VECTOR('',#7741,1.);
#7741 = DIRECTION('',(-0.,-1.));
#7742 = ( GEOMETRIC_REPRESENTATION_CONTEXT(2) 
PARAMETRIC_REPRESENTATION_CONTEXT() REPRESENTATION_CONTEXT('2D SPACE',''
  ) );
#7743 = ORIENTED_EDGE('',*,*,#7744,.F.);
#7744 = EDGE_CURVE('',#7722,#7722,#7745,.T.);
#7745 = SURFACE_CURVE('',#7746,(#7751,#7758),.PCURVE_S1.);
#7746 = CIRCLE('',#7747,1.1);
#7747 = AXIS2_PLACEMENT_3D('',#7748,#7749,#7750);
#7748 = CARTESIAN_POINT('',(1.98,12.92,2.64));
#7749 = DIRECTION('',(0.,-1.224646799147E-16,-1.));
#7750 = DIRECTION('',(1.,0.,0.));
#7751 = PCURVE('',#1946,#7752);
#7752 = DEFINITIONAL_REPRESENTATION('',(#7753),#7757);
#7753 = LINE('',#7754,#7755);
#7754 = CARTESIAN_POINT('',(-0.,-1.76));
#7755 = VECTOR('',#7756,1.);
#7756 = DIRECTION('',(-1.,-0.));
#7757 = ( GEOMETRIC_REPRESENTATION_CONTEXT(2) 
PARAMETRIC_REPRESENTATION_CONTEXT() REPRESENTATION_CONTEXT('2D SPACE',''
  ) );
#7758 = PCURVE('',#7759,#7764);
#7759 = CYLINDRICAL_SURFACE('',#7760,1.1);
#7760 = AXIS2_PLACEMENT_3D('',#7761,#7762,#7763);
#7761 = CARTESIAN_POINT('',(1.98,12.92,21.5));
#7762 = DIRECTION('',(-0.,1.224646799147E-16,1.));
#7763 = DIRECTION('',(1.,0.,0.));
#7764 = DEFINITIONAL_REPRESENTATION('',(#7765),#7769);
#7765 = LINE('',#7766,#7767);
#7766 = CARTESIAN_POINT('',(-0.,-18.86));
#7767 = VECTOR('',#7768,1.);
#7768 = DIRECTION('',(-1.,0.));
#7769 = ( GEOMETRIC_REPRESENTATION_CONTEXT(2) 
PARAMETRIC_REPRESENTATION_CONTEXT() REPRESENTATION_CONTEXT('2D SPACE',''
  ) );
#7770 = ORIENTED_EDGE('',*,*,#7721,.F.);
#7771 = ORIENTED_EDGE('',*,*,#1929,.T.);
#7772 = ORIENTED_EDGE('',*,*,#7773,.T.);
#7773 = EDGE_CURVE('',#1902,#7774,#7776,.T.);
#7774 = VERTEX_POINT('',#7775);
#7775 = CARTESIAN_POINT('',(1.647789250503,11.750354354826,4.));
#7776 = SURFACE_CURVE('',#7777,(#7782,#7792),.PCURVE_S1.);
#7777 = HYPERBOLA('',#7778,13.834165744901,1.179048216895);
#7778 = AXIS2_PLACEMENT_3D('',#7779,#7780,#7781);
#7779 = CARTESIAN_POINT('',(1.390475891553,11.898914291882,
    -10.26666666666));
#7780 = DIRECTION('',(-0.5,-0.866025403784,1.060575238725E-16));
#7781 = DIRECTION('',(0.,1.224646799147E-16,1.));
#7782 = PCURVE('',#1946,#7783);
#7783 = DEFINITIONAL_REPRESENTATION('',(#7784),#7791);
#7784 = B_SPLINE_CURVE_WITH_KNOTS('',5,(#7785,#7786,#7787,#7788,#7789,
    #7790),.UNSPECIFIED.,.F.,.F.,(6,6),(-0.345204639821,-0.237649737548)
  ,.PIECEWISE_BEZIER_KNOTS.);
#7785 = CARTESIAN_POINT('',(-1.75584914597,-6.744815703463E-15));
#7786 = CARTESIAN_POINT('',(-1.776139132489,-0.104780710598));
#7787 = CARTESIAN_POINT('',(-1.796610311514,-0.201078180073));
#7788 = CARTESIAN_POINT('',(-1.817247442303,-0.288993413058));
#7789 = CARTESIAN_POINT('',(-1.838033750588,-0.368611078464));
#7790 = CARTESIAN_POINT('',(-1.858951262463,-0.44));
#7791 = ( GEOMETRIC_REPRESENTATION_CONTEXT(2) 
PARAMETRIC_REPRESENTATION_CONTEXT() REPRESENTATION_CONTEXT('2D SPACE',''
  ) );
#7792 = PCURVE('',#1917,#7793);
#7793 = DEFINITIONAL_REPRESENTATION('',(#7794),#7798);
#7794 = HYPERBOLA('',#7795,13.834165744901,1.179048216895);
#7795 = AXIS2_PLACEMENT_2D('',#7796,#7797);
#7796 = CARTESIAN_POINT('',(1.605583260579,-14.66666666666));
#7797 = DIRECTION('',(0.,1.));
#7798 = ( GEOMETRIC_REPRESENTATION_CONTEXT(2) 
PARAMETRIC_REPRESENTATION_CONTEXT() REPRESENTATION_CONTEXT('2D SPACE',''
  ) );
#7799 = ORIENTED_EDGE('',*,*,#7800,.T.);
#7800 = EDGE_CURVE('',#7774,#7671,#7801,.T.);
#7801 = SURFACE_CURVE('',#7802,(#7807,#7814),.PCURVE_S1.);
#7802 = CIRCLE('',#7803,1.215909090909);
#7803 = AXIS2_PLACEMENT_3D('',#7804,#7805,#7806);
#7804 = CARTESIAN_POINT('',(1.98,12.92,4.));
#7805 = DIRECTION('',(0.,-1.224646799147E-16,-1.));
#7806 = DIRECTION('',(1.,0.,0.));
#7807 = PCURVE('',#1946,#7808);
#7808 = DEFINITIONAL_REPRESENTATION('',(#7809),#7813);
#7809 = LINE('',#7810,#7811);
#7810 = CARTESIAN_POINT('',(-0.,-0.4));
#7811 = VECTOR('',#7812,1.);
#7812 = DIRECTION('',(-1.,-0.));
#7813 = ( GEOMETRIC_REPRESENTATION_CONTEXT(2) 
PARAMETRIC_REPRESENTATION_CONTEXT() REPRESENTATION_CONTEXT('2D SPACE',''
  ) );
#7814 = PCURVE('',#6049,#7815);
#7815 = DEFINITIONAL_REPRESENTATION('',(#7816),#7820);
#7816 = CIRCLE('',#7817,1.215909090909);
#7817 = AXIS2_PLACEMENT_2D('',#7818,#7819);
#7818 = CARTESIAN_POINT('',(12.38,-12.92));
#7819 = DIRECTION('',(1.,0.));
#7820 = ( GEOMETRIC_REPRESENTATION_CONTEXT(2) 
PARAMETRIC_REPRESENTATION_CONTEXT() REPRESENTATION_CONTEXT('2D SPACE',''
  ) );
#7821 = ORIENTED_EDGE('',*,*,#7693,.T.);
#7822 = ORIENTED_EDGE('',*,*,#1958,.T.);
#7823 = ADVANCED_FACE('',(#7824),#1917,.T.);
#7824 = FACE_BOUND('',#7825,.T.);
#7825 = EDGE_LOOP('',(#7826,#7827,#7828,#7851));
#7826 = ORIENTED_EDGE('',*,*,#1901,.F.);
#7827 = ORIENTED_EDGE('',*,*,#7773,.T.);
#7828 = ORIENTED_EDGE('',*,*,#7829,.F.);
#7829 = EDGE_CURVE('',#7830,#7774,#7832,.T.);
#7830 = VERTEX_POINT('',#7831);
#7831 = CARTESIAN_POINT('',(2.6,11.200595222279,4.));
#7832 = SURFACE_CURVE('',#7833,(#7837,#7844),.PCURVE_S1.);
#7833 = LINE('',#7834,#7835);
#7834 = CARTESIAN_POINT('',(-1.15,13.36565873174,4.));
#7835 = VECTOR('',#7836,1.);
#7836 = DIRECTION('',(-0.866025403784,0.5,-6.123233995737E-17));
#7837 = PCURVE('',#1917,#7838);
#7838 = DEFINITIONAL_REPRESENTATION('',(#7839),#7843);
#7839 = LINE('',#7840,#7841);
#7840 = CARTESIAN_POINT('',(-1.327905619136,-0.4));
#7841 = VECTOR('',#7842,1.);
#7842 = DIRECTION('',(-1.,0.));
#7843 = ( GEOMETRIC_REPRESENTATION_CONTEXT(2) 
PARAMETRIC_REPRESENTATION_CONTEXT() REPRESENTATION_CONTEXT('2D SPACE',''
  ) );
#7844 = PCURVE('',#6049,#7845);
#7845 = DEFINITIONAL_REPRESENTATION('',(#7846),#7850);
#7846 = LINE('',#7847,#7848);
#7847 = CARTESIAN_POINT('',(9.25,-13.36565873174));
#7848 = VECTOR('',#7849,1.);
#7849 = DIRECTION('',(-0.866025403784,-0.5));
#7850 = ( GEOMETRIC_REPRESENTATION_CONTEXT(2) 
PARAMETRIC_REPRESENTATION_CONTEXT() REPRESENTATION_CONTEXT('2D SPACE',''
  ) );
#7851 = ORIENTED_EDGE('',*,*,#7852,.T.);
#7852 = EDGE_CURVE('',#7830,#1874,#7853,.T.);
#7853 = SURFACE_CURVE('',#7854,(#7858,#7865),.PCURVE_S1.);
#7854 = LINE('',#7855,#7856);
#7855 = CARTESIAN_POINT('',(2.6,11.200595222279,4.4));
#7856 = VECTOR('',#7857,1.);
#7857 = DIRECTION('',(0.,1.224646799147E-16,1.));
#7858 = PCURVE('',#1917,#7859);
#7859 = DEFINITIONAL_REPRESENTATION('',(#7860),#7864);
#7860 = LINE('',#7861,#7862);
#7861 = CARTESIAN_POINT('',(3.002221399786,-1.83833041379E-16));
#7862 = VECTOR('',#7863,1.);
#7863 = DIRECTION('',(0.,1.));
#7864 = ( GEOMETRIC_REPRESENTATION_CONTEXT(2) 
PARAMETRIC_REPRESENTATION_CONTEXT() REPRESENTATION_CONTEXT('2D SPACE',''
  ) );
#7865 = PCURVE('',#1889,#7866);
#7866 = DEFINITIONAL_REPRESENTATION('',(#7867),#7871);
#7867 = LINE('',#7868,#7869);
#7868 = CARTESIAN_POINT('',(0.692820323028,4.2423009549E-17));
#7869 = VECTOR('',#7870,1.);
#7870 = DIRECTION('',(0.,1.));
#7871 = ( GEOMETRIC_REPRESENTATION_CONTEXT(2) 
PARAMETRIC_REPRESENTATION_CONTEXT() REPRESENTATION_CONTEXT('2D SPACE',''
  ) );
#7872 = ADVANCED_FACE('',(#7873),#1889,.T.);
#7873 = FACE_BOUND('',#7874,.T.);
#7874 = EDGE_LOOP('',(#7875,#7876,#7877,#7900));
#7875 = ORIENTED_EDGE('',*,*,#1873,.F.);
#7876 = ORIENTED_EDGE('',*,*,#7852,.F.);
#7877 = ORIENTED_EDGE('',*,*,#7878,.F.);
#7878 = EDGE_CURVE('',#7879,#7830,#7881,.T.);
#7879 = VERTEX_POINT('',#7880);
#7880 = CARTESIAN_POINT('',(5.2,12.701705922172,4.));
#7881 = SURFACE_CURVE('',#7882,(#7886,#7893),.PCURVE_S1.);
#7882 = LINE('',#7883,#7884);
#7883 = CARTESIAN_POINT('',(-5.,6.812733176438,4.));
#7884 = VECTOR('',#7885,1.);
#7885 = DIRECTION('',(-0.866025403784,-0.5,6.123233995737E-17));
#7886 = PCURVE('',#1889,#7887);
#7887 = DEFINITIONAL_REPRESENTATION('',(#7888),#7892);
#7888 = LINE('',#7889,#7890);
#7889 = CARTESIAN_POINT('',(-8.082903768655,-0.4));
#7890 = VECTOR('',#7891,1.);
#7891 = DIRECTION('',(-1.,0.));
#7892 = ( GEOMETRIC_REPRESENTATION_CONTEXT(2) 
PARAMETRIC_REPRESENTATION_CONTEXT() REPRESENTATION_CONTEXT('2D SPACE',''
  ) );
#7893 = PCURVE('',#6049,#7894);
#7894 = DEFINITIONAL_REPRESENTATION('',(#7895),#7899);
#7895 = LINE('',#7896,#7897);
#7896 = CARTESIAN_POINT('',(5.4,-6.812733176438));
#7897 = VECTOR('',#7898,1.);
#7898 = DIRECTION('',(-0.866025403784,0.5));
#7899 = ( GEOMETRIC_REPRESENTATION_CONTEXT(2) 
PARAMETRIC_REPRESENTATION_CONTEXT() REPRESENTATION_CONTEXT('2D SPACE',''
  ) );
#7900 = ORIENTED_EDGE('',*,*,#7901,.F.);
#7901 = EDGE_CURVE('',#1846,#7879,#7902,.T.);
#7902 = SURFACE_CURVE('',#7903,(#7907,#7914),.PCURVE_S1.);
#7903 = LINE('',#7904,#7905);
#7904 = CARTESIAN_POINT('',(5.2,12.701705922172,4.4));
#7905 = VECTOR('',#7906,1.);
#7906 = DIRECTION('',(0.,-1.224646799147E-16,-1.));
#7907 = PCURVE('',#1889,#7908);
#7908 = DEFINITIONAL_REPRESENTATION('',(#7909),#7913);
#7909 = LINE('',#7910,#7911);
#7910 = CARTESIAN_POINT('',(3.695041722814,2.26256050928E-16));
#7911 = VECTOR('',#7912,1.);
#7912 = DIRECTION('',(0.,-1.));
#7913 = ( GEOMETRIC_REPRESENTATION_CONTEXT(2) 
PARAMETRIC_REPRESENTATION_CONTEXT() REPRESENTATION_CONTEXT('2D SPACE',''
  ) );
#7914 = PCURVE('',#1861,#7915);
#7915 = DEFINITIONAL_REPRESENTATION('',(#7916),#7920);
#7916 = LINE('',#7917,#7918);
#7917 = CARTESIAN_POINT('',(0.,0.));
#7918 = VECTOR('',#7919,1.);
#7919 = DIRECTION('',(0.,-1.));
#7920 = ( GEOMETRIC_REPRESENTATION_CONTEXT(2) 
PARAMETRIC_REPRESENTATION_CONTEXT() REPRESENTATION_CONTEXT('2D SPACE',''
  ) );
#7921 = ADVANCED_FACE('',(#7922),#1861,.T.);
#7922 = FACE_BOUND('',#7923,.T.);
#7923 = EDGE_LOOP('',(#7924,#7925,#7926,#7949));
#7924 = ORIENTED_EDGE('',*,*,#1845,.F.);
#7925 = ORIENTED_EDGE('',*,*,#7901,.T.);
#7926 = ORIENTED_EDGE('',*,*,#7927,.F.);
#7927 = EDGE_CURVE('',#7928,#7879,#7930,.T.);
#7928 = VERTEX_POINT('',#7929);
#7929 = CARTESIAN_POINT('',(8.4,10.854185060765,4.));
#7930 = SURFACE_CURVE('',#7931,(#7935,#7942),.PCURVE_S1.);
#7931 = LINE('',#7932,#7933);
#7932 = CARTESIAN_POINT('',(2.1,14.49149175666,4.));
#7933 = VECTOR('',#7934,1.);
#7934 = DIRECTION('',(-0.866025403784,0.5,-6.123233995737E-17));
#7935 = PCURVE('',#1861,#7936);
#7936 = DEFINITIONAL_REPRESENTATION('',(#7937),#7941);
#7937 = LINE('',#7938,#7939);
#7938 = CARTESIAN_POINT('',(-3.579571668976,-0.4));
#7939 = VECTOR('',#7940,1.);
#7940 = DIRECTION('',(-1.,0.));
#7941 = ( GEOMETRIC_REPRESENTATION_CONTEXT(2) 
PARAMETRIC_REPRESENTATION_CONTEXT() REPRESENTATION_CONTEXT('2D SPACE',''
  ) );
#7942 = PCURVE('',#6049,#7943);
#7943 = DEFINITIONAL_REPRESENTATION('',(#7944),#7948);
#7944 = LINE('',#7945,#7946);
#7945 = CARTESIAN_POINT('',(12.5,-14.49149175666));
#7946 = VECTOR('',#7947,1.);
#7947 = DIRECTION('',(-0.866025403784,-0.5));
#7948 = ( GEOMETRIC_REPRESENTATION_CONTEXT(2) 
PARAMETRIC_REPRESENTATION_CONTEXT() REPRESENTATION_CONTEXT('2D SPACE',''
  ) );
#7949 = ORIENTED_EDGE('',*,*,#7950,.F.);
#7950 = EDGE_CURVE('',#1818,#7928,#7951,.T.);
#7951 = SURFACE_CURVE('',#7952,(#7956,#7963),.PCURVE_S1.);
#7952 = LINE('',#7953,#7954);
#7953 = CARTESIAN_POINT('',(8.4,10.854185060765,4.4));
#7954 = VECTOR('',#7955,1.);
#7955 = DIRECTION('',(0.,-1.224646799147E-16,-1.));
#7956 = PCURVE('',#1861,#7957);
#7957 = DEFINITIONAL_REPRESENTATION('',(#7958),#7962);
#7958 = LINE('',#7959,#7960);
#7959 = CARTESIAN_POINT('',(3.695041722814,-2.26256050928E-16));
#7960 = VECTOR('',#7961,1.);
#7961 = DIRECTION('',(0.,-1.));
#7962 = ( GEOMETRIC_REPRESENTATION_CONTEXT(2) 
PARAMETRIC_REPRESENTATION_CONTEXT() REPRESENTATION_CONTEXT('2D SPACE',''
  ) );
#7963 = PCURVE('',#1833,#7964);
#7964 = DEFINITIONAL_REPRESENTATION('',(#7965),#7969);
#7965 = LINE('',#7966,#7967);
#7966 = CARTESIAN_POINT('',(0.,0.));
#7967 = VECTOR('',#7968,1.);
#7968 = DIRECTION('',(0.,-1.));
#7969 = ( GEOMETRIC_REPRESENTATION_CONTEXT(2) 
PARAMETRIC_REPRESENTATION_CONTEXT() REPRESENTATION_CONTEXT('2D SPACE',''
  ) );
#7970 = ADVANCED_FACE('',(#7971),#1833,.T.);
#7971 = FACE_BOUND('',#7972,.T.);
#7972 = EDGE_LOOP('',(#7973,#7974,#7975,#7998,#8026,#8054));
#7973 = ORIENTED_EDGE('',*,*,#1817,.F.);
#7974 = ORIENTED_EDGE('',*,*,#7950,.T.);
#7975 = ORIENTED_EDGE('',*,*,#7976,.F.);
#7976 = EDGE_CURVE('',#7977,#7928,#7979,.T.);
#7977 = VERTEX_POINT('',#7978);
#7978 = CARTESIAN_POINT('',(8.4,7.851963660979,4.));
#7979 = SURFACE_CURVE('',#7980,(#7984,#7991),.PCURVE_S1.);
#7980 = LINE('',#7981,#7982);
#7981 = CARTESIAN_POINT('',(8.4,5.427092530382,4.));
#7982 = VECTOR('',#7983,1.);
#7983 = DIRECTION('',(-4.807406715959E-16,1.,-1.224646799147E-16));
#7984 = PCURVE('',#1833,#7985);
#7985 = DEFINITIONAL_REPRESENTATION('',(#7986),#7990);
#7986 = LINE('',#7987,#7988);
#7987 = CARTESIAN_POINT('',(5.427092530382,-0.4));
#7988 = VECTOR('',#7989,1.);
#7989 = DIRECTION('',(-1.,0.));
#7990 = ( GEOMETRIC_REPRESENTATION_CONTEXT(2) 
PARAMETRIC_REPRESENTATION_CONTEXT() REPRESENTATION_CONTEXT('2D SPACE',''
  ) );
#7991 = PCURVE('',#6049,#7992);
#7992 = DEFINITIONAL_REPRESENTATION('',(#7993),#7997);
#7993 = LINE('',#7994,#7995);
#7994 = CARTESIAN_POINT('',(18.8,-5.427092530382));
#7995 = VECTOR('',#7996,1.);
#7996 = DIRECTION('',(-4.807406715959E-16,-1.));
#7997 = ( GEOMETRIC_REPRESENTATION_CONTEXT(2) 
PARAMETRIC_REPRESENTATION_CONTEXT() REPRESENTATION_CONTEXT('2D SPACE',''
  ) );
#7998 = ORIENTED_EDGE('',*,*,#7999,.T.);
#7999 = EDGE_CURVE('',#7977,#8000,#8002,.T.);
#8000 = VERTEX_POINT('',#8001);
#8001 = CARTESIAN_POINT('',(8.4,7.851963660979,4.4));
#8002 = SURFACE_CURVE('',#8003,(#8007,#8014),.PCURVE_S1.);
#8003 = LINE('',#8004,#8005);
#8004 = CARTESIAN_POINT('',(8.4,7.851963660979,4.4));
#8005 = VECTOR('',#8006,1.);
#8006 = DIRECTION('',(0.,1.224646799147E-16,1.));
#8007 = PCURVE('',#1833,#8008);
#8008 = DEFINITIONAL_REPRESENTATION('',(#8009),#8013);
#8009 = LINE('',#8010,#8011);
#8010 = CARTESIAN_POINT('',(3.002221399786,-3.67666082758E-16));
#8011 = VECTOR('',#8012,1.);
#8012 = DIRECTION('',(0.,1.));
#8013 = ( GEOMETRIC_REPRESENTATION_CONTEXT(2) 
PARAMETRIC_REPRESENTATION_CONTEXT() REPRESENTATION_CONTEXT('2D SPACE',''
  ) );
#8014 = PCURVE('',#8015,#8020);
#8015 = PLANE('',#8016);
#8016 = AXIS2_PLACEMENT_3D('',#8017,#8018,#8019);
#8017 = CARTESIAN_POINT('',(7.8,8.198373822493,4.4));
#8018 = DIRECTION('',(-0.5,-0.866025403784,1.060575238725E-16));
#8019 = DIRECTION('',(0.866025403784,-0.5,6.123233995737E-17));
#8020 = DEFINITIONAL_REPRESENTATION('',(#8021),#8025);
#8021 = LINE('',#8022,#8023);
#8022 = CARTESIAN_POINT('',(0.692820323028,-4.2423009549E-17));
#8023 = VECTOR('',#8024,1.);
#8024 = DIRECTION('',(0.,1.));
#8025 = ( GEOMETRIC_REPRESENTATION_CONTEXT(2) 
PARAMETRIC_REPRESENTATION_CONTEXT() REPRESENTATION_CONTEXT('2D SPACE',''
  ) );
#8026 = ORIENTED_EDGE('',*,*,#8027,.F.);
#8027 = EDGE_CURVE('',#8028,#8000,#8030,.T.);
#8028 = VERTEX_POINT('',#8029);
#8029 = CARTESIAN_POINT('',(8.4,8.208075685215,4.4));
#8030 = SURFACE_CURVE('',#8031,(#8035,#8042),.PCURVE_S1.);
#8031 = LINE('',#8032,#8033);
#8032 = CARTESIAN_POINT('',(8.4,10.854185060765,4.4));
#8033 = VECTOR('',#8034,1.);
#8034 = DIRECTION('',(4.807406715959E-16,-1.,1.224646799147E-16));
#8035 = PCURVE('',#1833,#8036);
#8036 = DEFINITIONAL_REPRESENTATION('',(#8037),#8041);
#8037 = LINE('',#8038,#8039);
#8038 = CARTESIAN_POINT('',(0.,0.));
#8039 = VECTOR('',#8040,1.);
#8040 = DIRECTION('',(1.,0.));
#8041 = ( GEOMETRIC_REPRESENTATION_CONTEXT(2) 
PARAMETRIC_REPRESENTATION_CONTEXT() REPRESENTATION_CONTEXT('2D SPACE',''
  ) );
#8042 = PCURVE('',#8043,#8048);
#8043 = PLANE('',#8044);
#8044 = AXIS2_PLACEMENT_3D('',#8045,#8046,#8047);
#8045 = CARTESIAN_POINT('',(-10.4,1.631438850498E-16,4.4));
#8046 = DIRECTION('',(0.,-1.224646799147E-16,-1.));
#8047 = DIRECTION('',(1.,0.,0.));
#8048 = DEFINITIONAL_REPRESENTATION('',(#8049),#8053);
#8049 = LINE('',#8050,#8051);
#8050 = CARTESIAN_POINT('',(18.8,-10.85418506076));
#8051 = VECTOR('',#8052,1.);
#8052 = DIRECTION('',(4.807406715959E-16,1.));
#8053 = ( GEOMETRIC_REPRESENTATION_CONTEXT(2) 
PARAMETRIC_REPRESENTATION_CONTEXT() REPRESENTATION_CONTEXT('2D SPACE',''
  ) );
#8054 = ORIENTED_EDGE('',*,*,#8055,.T.);
#8055 = EDGE_CURVE('',#8028,#1794,#8056,.T.);
#8056 = SURFACE_CURVE('',#8057,(#8062,#8069),.PCURVE_S1.);
#8057 = HYPERBOLA('',#8058,14.325688086693,1.22093932557);
#8058 = AXIS2_PLACEMENT_3D('',#8059,#8060,#8061);
#8059 = CARTESIAN_POINT('',(8.4,8.476044271575,-10.26666666666));
#8060 = DIRECTION('',(-1.,-4.807406715959E-16,5.887375246899E-32));
#8061 = DIRECTION('',(0.,1.224646799147E-16,1.));
#8062 = PCURVE('',#1833,#8063);
#8063 = DEFINITIONAL_REPRESENTATION('',(#8064),#8068);
#8064 = HYPERBOLA('',#8065,14.325688086693,1.22093932557);
#8065 = AXIS2_PLACEMENT_2D('',#8066,#8067);
#8066 = CARTESIAN_POINT('',(2.37814078919,-14.66666666666));
#8067 = DIRECTION('',(0.,1.));
#8068 = ( GEOMETRIC_REPRESENTATION_CONTEXT(2) 
PARAMETRIC_REPRESENTATION_CONTEXT() REPRESENTATION_CONTEXT('2D SPACE',''
  ) );
#8069 = PCURVE('',#1781,#8070);
#8070 = DEFINITIONAL_REPRESENTATION('',(#8071),#8079);
#8071 = B_SPLINE_CURVE_WITH_KNOTS('',6,(#8072,#8073,#8074,#8075,#8076,
    #8077,#8078),.UNSPECIFIED.,.F.,.F.,(7,7),(-0.217752483175,
    0.217752483175),.PIECEWISE_BEZIER_KNOTS.);
#8072 = CARTESIAN_POINT('',(-2.925540878963,-8.451999325342E-15));
#8073 = CARTESIAN_POINT('',(-2.996437564283,-0.228216560363));
#8074 = CARTESIAN_POINT('',(-3.068657852599,-0.363708218014));
#8075 = CARTESIAN_POINT('',(-3.14159265359,-0.408639192836));
#8076 = CARTESIAN_POINT('',(-3.214527454581,-0.363708218014));
#8077 = CARTESIAN_POINT('',(-3.286747742897,-0.228216560363));
#8078 = CARTESIAN_POINT('',(-3.357644428216,-1.199788108142E-14));
#8079 = ( GEOMETRIC_REPRESENTATION_CONTEXT(2) 
PARAMETRIC_REPRESENTATION_CONTEXT() REPRESENTATION_CONTEXT('2D SPACE',''
  ) );
#8080 = ADVANCED_FACE('',(#8081),#1781,.F.);
#8081 = FACE_BOUND('',#8082,.F.);
#8082 = EDGE_LOOP('',(#8083,#8106,#8133,#8134,#8135,#8162,#8186,#8213,
    #8235,#8236));
#8083 = ORIENTED_EDGE('',*,*,#8084,.T.);
#8084 = EDGE_CURVE('',#1765,#8085,#8087,.T.);
#8085 = VERTEX_POINT('',#8086);
#8086 = CARTESIAN_POINT('',(10.72093932557,8.476044271575,2.64));
#8087 = SEAM_CURVE('',#8088,(#8092,#8099),.PCURVE_S1.);
#8088 = LINE('',#8089,#8090);
#8089 = CARTESIAN_POINT('',(10.87093932557,8.476044271575,4.4));
#8090 = VECTOR('',#8091,1.);
#8091 = DIRECTION('',(-8.491941668366E-02,-1.428215741092E-16,
    -0.996387822422));
#8092 = PCURVE('',#1781,#8093);
#8093 = DEFINITIONAL_REPRESENTATION('',(#8094),#8098);
#8094 = LINE('',#8095,#8096);
#8095 = CARTESIAN_POINT('',(-6.28318530718,0.));
#8096 = VECTOR('',#8097,1.);
#8097 = DIRECTION('',(-0.,-1.));
#8098 = ( GEOMETRIC_REPRESENTATION_CONTEXT(2) 
PARAMETRIC_REPRESENTATION_CONTEXT() REPRESENTATION_CONTEXT('2D SPACE',''
  ) );
#8099 = PCURVE('',#1781,#8100);
#8100 = DEFINITIONAL_REPRESENTATION('',(#8101),#8105);
#8101 = LINE('',#8102,#8103);
#8102 = CARTESIAN_POINT('',(0.,-0.));
#8103 = VECTOR('',#8104,1.);
#8104 = DIRECTION('',(-0.,-1.));
#8105 = ( GEOMETRIC_REPRESENTATION_CONTEXT(2) 
PARAMETRIC_REPRESENTATION_CONTEXT() REPRESENTATION_CONTEXT('2D SPACE',''
  ) );
#8106 = ORIENTED_EDGE('',*,*,#8107,.F.);
#8107 = EDGE_CURVE('',#8085,#8085,#8108,.T.);
#8108 = SURFACE_CURVE('',#8109,(#8114,#8121),.PCURVE_S1.);
#8109 = CIRCLE('',#8110,1.1);
#8110 = AXIS2_PLACEMENT_3D('',#8111,#8112,#8113);
#8111 = CARTESIAN_POINT('',(9.62093932557,8.476044271575,2.64));
#8112 = DIRECTION('',(0.,-1.224646799147E-16,-1.));
#8113 = DIRECTION('',(1.,0.,0.));
#8114 = PCURVE('',#1781,#8115);
#8115 = DEFINITIONAL_REPRESENTATION('',(#8116),#8120);
#8116 = LINE('',#8117,#8118);
#8117 = CARTESIAN_POINT('',(-0.,-1.76));
#8118 = VECTOR('',#8119,1.);
#8119 = DIRECTION('',(-1.,-0.));
#8120 = ( GEOMETRIC_REPRESENTATION_CONTEXT(2) 
PARAMETRIC_REPRESENTATION_CONTEXT() REPRESENTATION_CONTEXT('2D SPACE',''
  ) );
#8121 = PCURVE('',#8122,#8127);
#8122 = CYLINDRICAL_SURFACE('',#8123,1.1);
#8123 = AXIS2_PLACEMENT_3D('',#8124,#8125,#8126);
#8124 = CARTESIAN_POINT('',(9.62093932557,8.476044271575,21.5));
#8125 = DIRECTION('',(-0.,1.224646799147E-16,1.));
#8126 = DIRECTION('',(1.,0.,0.));
#8127 = DEFINITIONAL_REPRESENTATION('',(#8128),#8132);
#8128 = LINE('',#8129,#8130);
#8129 = CARTESIAN_POINT('',(-0.,-18.86));
#8130 = VECTOR('',#8131,1.);
#8131 = DIRECTION('',(-1.,0.));
#8132 = ( GEOMETRIC_REPRESENTATION_CONTEXT(2) 
PARAMETRIC_REPRESENTATION_CONTEXT() REPRESENTATION_CONTEXT('2D SPACE',''
  ) );
#8133 = ORIENTED_EDGE('',*,*,#8084,.F.);
#8134 = ORIENTED_EDGE('',*,*,#1764,.T.);
#8135 = ORIENTED_EDGE('',*,*,#8136,.T.);
#8136 = EDGE_CURVE('',#1737,#8137,#8139,.T.);
#8137 = VERTEX_POINT('',#8138);
#8138 = CARTESIAN_POINT('',(9.385072651079,7.283231700707,4.));
#8139 = SURFACE_CURVE('',#8140,(#8145,#8155),.PCURVE_S1.);
#8140 = HYPERBOLA('',#8141,13.504354753359,1.15093932557);
#8141 = AXIS2_PLACEMENT_3D('',#8142,#8143,#8144);
#8142 = CARTESIAN_POINT('',(9.045469662785,7.479301577416,
    -10.26666666666));
#8143 = DIRECTION('',(-0.5,-0.866025403784,1.060575238725E-16));
#8144 = DIRECTION('',(0.,1.224646799147E-16,1.));
#8145 = PCURVE('',#1781,#8146);
#8146 = DEFINITIONAL_REPRESENTATION('',(#8147),#8154);
#8147 = B_SPLINE_CURVE_WITH_KNOTS('',5,(#8148,#8149,#8150,#8151,#8152,
    #8153),.UNSPECIFIED.,.F.,.F.,(6,6),(-0.411976539493,-0.325629246097)
  ,.PIECEWISE_BEZIER_KNOTS.);
#8148 = CARTESIAN_POINT('',(-1.693600986847,-8.395635962918E-15));
#8149 = CARTESIAN_POINT('',(-1.709501866147,-9.881920737314E-02));
#8150 = CARTESIAN_POINT('',(-1.72553666394,-0.192170787872));
#8151 = CARTESIAN_POINT('',(-1.741698509442,-0.280116138773));
#8152 = CARTESIAN_POINT('',(-1.757979846859,-0.362709868418));
#8153 = CARTESIAN_POINT('',(-1.774372505931,-0.44));
#8154 = ( GEOMETRIC_REPRESENTATION_CONTEXT(2) 
PARAMETRIC_REPRESENTATION_CONTEXT() REPRESENTATION_CONTEXT('2D SPACE',''
  ) );
#8155 = PCURVE('',#1752,#8156);
#8156 = DEFINITIONAL_REPRESENTATION('',(#8157),#8161);
#8157 = HYPERBOLA('',#8158,13.504354753359,1.15093932557);
#8158 = AXIS2_PLACEMENT_2D('',#8159,#8160);
#8159 = CARTESIAN_POINT('',(1.438144490153,-14.66666666666));
#8160 = DIRECTION('',(-1.232595164408E-32,1.));
#8161 = ( GEOMETRIC_REPRESENTATION_CONTEXT(2) 
PARAMETRIC_REPRESENTATION_CONTEXT() REPRESENTATION_CONTEXT('2D SPACE',''
  ) );
#8162 = ORIENTED_EDGE('',*,*,#8163,.T.);
#8163 = EDGE_CURVE('',#8137,#8164,#8166,.T.);
#8164 = VERTEX_POINT('',#8165);
#8165 = CARTESIAN_POINT('',(8.705866674491,7.675371454125,4.));
#8166 = SURFACE_CURVE('',#8167,(#8172,#8179),.PCURVE_S1.);
#8167 = CIRCLE('',#8168,1.215909090909);
#8168 = AXIS2_PLACEMENT_3D('',#8169,#8170,#8171);
#8169 = CARTESIAN_POINT('',(9.62093932557,8.476044271575,4.));
#8170 = DIRECTION('',(0.,-1.224646799147E-16,-1.));
#8171 = DIRECTION('',(1.,0.,0.));
#8172 = PCURVE('',#1781,#8173);
#8173 = DEFINITIONAL_REPRESENTATION('',(#8174),#8178);
#8174 = LINE('',#8175,#8176);
#8175 = CARTESIAN_POINT('',(-0.,-0.4));
#8176 = VECTOR('',#8177,1.);
#8177 = DIRECTION('',(-1.,-0.));
#8178 = ( GEOMETRIC_REPRESENTATION_CONTEXT(2) 
PARAMETRIC_REPRESENTATION_CONTEXT() REPRESENTATION_CONTEXT('2D SPACE',''
  ) );
#8179 = PCURVE('',#6049,#8180);
#8180 = DEFINITIONAL_REPRESENTATION('',(#8181),#8185);
#8181 = CIRCLE('',#8182,1.215909090909);
#8182 = AXIS2_PLACEMENT_2D('',#8183,#8184);
#8183 = CARTESIAN_POINT('',(20.02093932557,-8.476044271575));
#8184 = DIRECTION('',(1.,0.));
#8185 = ( GEOMETRIC_REPRESENTATION_CONTEXT(2) 
PARAMETRIC_REPRESENTATION_CONTEXT() REPRESENTATION_CONTEXT('2D SPACE',''
  ) );
#8186 = ORIENTED_EDGE('',*,*,#8187,.T.);
#8187 = EDGE_CURVE('',#8164,#8188,#8190,.T.);
#8188 = VERTEX_POINT('',#8189);
#8189 = CARTESIAN_POINT('',(8.623120279405,7.723145107603,4.4));
#8190 = SURFACE_CURVE('',#8191,(#8196,#8206),.PCURVE_S1.);
#8191 = HYPERBOLA('',#8192,13.504354753359,1.15093932557);
#8192 = AXIS2_PLACEMENT_3D('',#8193,#8194,#8195);
#8193 = CARTESIAN_POINT('',(9.045469662785,7.479301577416,
    -10.26666666666));
#8194 = DIRECTION('',(-0.5,-0.866025403784,1.060575238725E-16));
#8195 = DIRECTION('',(0.,1.224646799147E-16,1.));
#8196 = PCURVE('',#1781,#8197);
#8197 = DEFINITIONAL_REPRESENTATION('',(#8198),#8205);
#8198 = B_SPLINE_CURVE_WITH_KNOTS('',5,(#8199,#8200,#8201,#8202,#8203,
    #8204),.UNSPECIFIED.,.F.,.F.,(6,6),(0.325629246097,0.411976539493),
  .PIECEWISE_BEZIER_KNOTS.);
#8199 = CARTESIAN_POINT('',(-2.414417698855,-0.44));
#8200 = CARTESIAN_POINT('',(-2.430810357927,-0.362709868418));
#8201 = CARTESIAN_POINT('',(-2.447091695345,-0.280116138773));
#8202 = CARTESIAN_POINT('',(-2.463253540846,-0.192170787872));
#8203 = CARTESIAN_POINT('',(-2.479288338639,-9.881920737314E-02));
#8204 = CARTESIAN_POINT('',(-2.495189217939,-1.1941517719E-14));
#8205 = ( GEOMETRIC_REPRESENTATION_CONTEXT(2) 
PARAMETRIC_REPRESENTATION_CONTEXT() REPRESENTATION_CONTEXT('2D SPACE',''
  ) );
#8206 = PCURVE('',#8015,#8207);
#8207 = DEFINITIONAL_REPRESENTATION('',(#8208),#8212);
#8208 = HYPERBOLA('',#8209,13.504354753359,1.15093932557);
#8209 = AXIS2_PLACEMENT_2D('',#8210,#8211);
#8210 = CARTESIAN_POINT('',(1.438144490153,-14.66666666666));
#8211 = DIRECTION('',(-1.232595164408E-32,1.));
#8212 = ( GEOMETRIC_REPRESENTATION_CONTEXT(2) 
PARAMETRIC_REPRESENTATION_CONTEXT() REPRESENTATION_CONTEXT('2D SPACE',''
  ) );
#8213 = ORIENTED_EDGE('',*,*,#8214,.T.);
#8214 = EDGE_CURVE('',#8188,#8028,#8215,.T.);
#8215 = SURFACE_CURVE('',#8216,(#8221,#8228),.PCURVE_S1.);
#8216 = CIRCLE('',#8217,1.25);
#8217 = AXIS2_PLACEMENT_3D('',#8218,#8219,#8220);
#8218 = CARTESIAN_POINT('',(9.62093932557,8.476044271575,4.4));
#8219 = DIRECTION('',(0.,-1.224646799147E-16,-1.));
#8220 = DIRECTION('',(1.,0.,0.));
#8221 = PCURVE('',#1781,#8222);
#8222 = DEFINITIONAL_REPRESENTATION('',(#8223),#8227);
#8223 = LINE('',#8224,#8225);
#8224 = CARTESIAN_POINT('',(-0.,-0.));
#8225 = VECTOR('',#8226,1.);
#8226 = DIRECTION('',(-1.,-0.));
#8227 = ( GEOMETRIC_REPRESENTATION_CONTEXT(2) 
PARAMETRIC_REPRESENTATION_CONTEXT() REPRESENTATION_CONTEXT('2D SPACE',''
  ) );
#8228 = PCURVE('',#8043,#8229);
#8229 = DEFINITIONAL_REPRESENTATION('',(#8230),#8234);
#8230 = CIRCLE('',#8231,1.25);
#8231 = AXIS2_PLACEMENT_2D('',#8232,#8233);
#8232 = CARTESIAN_POINT('',(20.02093932557,-8.476044271575));
#8233 = DIRECTION('',(1.,0.));
#8234 = ( GEOMETRIC_REPRESENTATION_CONTEXT(2) 
PARAMETRIC_REPRESENTATION_CONTEXT() REPRESENTATION_CONTEXT('2D SPACE',''
  ) );
#8235 = ORIENTED_EDGE('',*,*,#8055,.T.);
#8236 = ORIENTED_EDGE('',*,*,#1793,.T.);
#8237 = ADVANCED_FACE('',(#8238),#1752,.T.);
#8238 = FACE_BOUND('',#8239,.T.);
#8239 = EDGE_LOOP('',(#8240,#8241,#8242,#8265));
#8240 = ORIENTED_EDGE('',*,*,#1736,.F.);
#8241 = ORIENTED_EDGE('',*,*,#8136,.T.);
#8242 = ORIENTED_EDGE('',*,*,#8243,.F.);
#8243 = EDGE_CURVE('',#8244,#8137,#8246,.T.);
#8244 = VERTEX_POINT('',#8245);
#8245 = CARTESIAN_POINT('',(11.,6.350852961086,4.));
#8246 = SURFACE_CURVE('',#8247,(#8251,#8258),.PCURVE_S1.);
#8247 = LINE('',#8248,#8249);
#8248 = CARTESIAN_POINT('',(2.75,11.1139926819,4.));
#8249 = VECTOR('',#8250,1.);
#8250 = DIRECTION('',(-0.866025403784,0.5,-6.123233995737E-17));
#8251 = PCURVE('',#1752,#8252);
#8252 = DEFINITIONAL_REPRESENTATION('',(#8253),#8257);
#8253 = LINE('',#8254,#8255);
#8254 = CARTESIAN_POINT('',(-5.831237718815,-0.4));
#8255 = VECTOR('',#8256,1.);
#8256 = DIRECTION('',(-1.,0.));
#8257 = ( GEOMETRIC_REPRESENTATION_CONTEXT(2) 
PARAMETRIC_REPRESENTATION_CONTEXT() REPRESENTATION_CONTEXT('2D SPACE',''
  ) );
#8258 = PCURVE('',#6049,#8259);
#8259 = DEFINITIONAL_REPRESENTATION('',(#8260),#8264);
#8260 = LINE('',#8261,#8262);
#8261 = CARTESIAN_POINT('',(13.15,-11.1139926819));
#8262 = VECTOR('',#8263,1.);
#8263 = DIRECTION('',(-0.866025403784,-0.5));
#8264 = ( GEOMETRIC_REPRESENTATION_CONTEXT(2) 
PARAMETRIC_REPRESENTATION_CONTEXT() REPRESENTATION_CONTEXT('2D SPACE',''
  ) );
#8265 = ORIENTED_EDGE('',*,*,#8266,.F.);
#8266 = EDGE_CURVE('',#1709,#8244,#8267,.T.);
#8267 = SURFACE_CURVE('',#8268,(#8272,#8279),.PCURVE_S1.);
#8268 = LINE('',#8269,#8270);
#8269 = CARTESIAN_POINT('',(11.,6.350852961086,4.4));
#8270 = VECTOR('',#8271,1.);
#8271 = DIRECTION('',(0.,-1.224646799147E-16,-1.));
#8272 = PCURVE('',#1752,#8273);
#8273 = DEFINITIONAL_REPRESENTATION('',(#8274),#8278);
#8274 = LINE('',#8275,#8276);
#8275 = CARTESIAN_POINT('',(3.695041722814,-2.26256050928E-16));
#8276 = VECTOR('',#8277,1.);
#8277 = DIRECTION('',(0.,-1.));
#8278 = ( GEOMETRIC_REPRESENTATION_CONTEXT(2) 
PARAMETRIC_REPRESENTATION_CONTEXT() REPRESENTATION_CONTEXT('2D SPACE',''
  ) );
#8279 = PCURVE('',#1724,#8280);
#8280 = DEFINITIONAL_REPRESENTATION('',(#8281),#8285);
#8281 = LINE('',#8282,#8283);
#8282 = CARTESIAN_POINT('',(0.,0.));
#8283 = VECTOR('',#8284,1.);
#8284 = DIRECTION('',(0.,-1.));
#8285 = ( GEOMETRIC_REPRESENTATION_CONTEXT(2) 
PARAMETRIC_REPRESENTATION_CONTEXT() REPRESENTATION_CONTEXT('2D SPACE',''
  ) );
#8286 = ADVANCED_FACE('',(#8287),#1724,.T.);
#8287 = FACE_BOUND('',#8288,.T.);
#8288 = EDGE_LOOP('',(#8289,#8290,#8291,#8314));
#8289 = ORIENTED_EDGE('',*,*,#1708,.F.);
#8290 = ORIENTED_EDGE('',*,*,#8266,.T.);
#8291 = ORIENTED_EDGE('',*,*,#8292,.F.);
#8292 = EDGE_CURVE('',#8293,#8244,#8295,.T.);
#8293 = VERTEX_POINT('',#8294);
#8294 = CARTESIAN_POINT('',(11.,5.042389574619,4.));
#8295 = SURFACE_CURVE('',#8296,(#8300,#8307),.PCURVE_S1.);
#8296 = LINE('',#8297,#8298);
#8297 = CARTESIAN_POINT('',(11.,3.175426480543,4.));
#8298 = VECTOR('',#8299,1.);
#8299 = DIRECTION('',(-4.807406715959E-16,1.,-1.224646799147E-16));
#8300 = PCURVE('',#1724,#8301);
#8301 = DEFINITIONAL_REPRESENTATION('',(#8302),#8306);
#8302 = LINE('',#8303,#8304);
#8303 = CARTESIAN_POINT('',(3.175426480543,-0.4));
#8304 = VECTOR('',#8305,1.);
#8305 = DIRECTION('',(-1.,0.));
#8306 = ( GEOMETRIC_REPRESENTATION_CONTEXT(2) 
PARAMETRIC_REPRESENTATION_CONTEXT() REPRESENTATION_CONTEXT('2D SPACE',''
  ) );
#8307 = PCURVE('',#6049,#8308);
#8308 = DEFINITIONAL_REPRESENTATION('',(#8309),#8313);
#8309 = LINE('',#8310,#8311);
#8310 = CARTESIAN_POINT('',(21.4,-3.175426480543));
#8311 = VECTOR('',#8312,1.);
#8312 = DIRECTION('',(-4.807406715959E-16,-1.));
#8313 = ( GEOMETRIC_REPRESENTATION_CONTEXT(2) 
PARAMETRIC_REPRESENTATION_CONTEXT() REPRESENTATION_CONTEXT('2D SPACE',''
  ) );
#8314 = ORIENTED_EDGE('',*,*,#8315,.T.);
#8315 = EDGE_CURVE('',#8293,#1685,#8316,.T.);
#8316 = SURFACE_CURVE('',#8317,(#8322,#8329),.PCURVE_S1.);
#8317 = HYPERBOLA('',#8318,13.834165744901,1.179048216895);
#8318 = AXIS2_PLACEMENT_3D('',#8319,#8320,#8321);
#8319 = CARTESIAN_POINT('',(11.,4.745269700507,-10.26666666666));
#8320 = DIRECTION('',(-1.,-4.807406715959E-16,5.887375246899E-32));
#8321 = DIRECTION('',(0.,1.224646799147E-16,1.));
#8322 = PCURVE('',#1724,#8323);
#8323 = DEFINITIONAL_REPRESENTATION('',(#8324),#8328);
#8324 = HYPERBOLA('',#8325,13.834165744901,1.179048216895);
#8325 = AXIS2_PLACEMENT_2D('',#8326,#8327);
#8326 = CARTESIAN_POINT('',(1.605583260579,-14.66666666666));
#8327 = DIRECTION('',(0.,1.));
#8328 = ( GEOMETRIC_REPRESENTATION_CONTEXT(2) 
PARAMETRIC_REPRESENTATION_CONTEXT() REPRESENTATION_CONTEXT('2D SPACE',''
  ) );
#8329 = PCURVE('',#1672,#8330);
#8330 = DEFINITIONAL_REPRESENTATION('',(#8331),#8338);
#8331 = B_SPLINE_CURVE_WITH_KNOTS('',5,(#8332,#8333,#8334,#8335,#8336,
    #8337),.UNSPECIFIED.,.F.,.F.,(6,6),(0.237649737548,0.345204639821),
  .PIECEWISE_BEZIER_KNOTS.);
#8332 = CARTESIAN_POINT('',(-3.37703649352,-0.44));
#8333 = CARTESIAN_POINT('',(-3.397954005395,-0.368611078464));
#8334 = CARTESIAN_POINT('',(-3.41874031368,-0.288993413058));
#8335 = CARTESIAN_POINT('',(-3.439377444469,-0.201078180073));
#8336 = CARTESIAN_POINT('',(-3.459848623494,-0.104780710598));
#8337 = CARTESIAN_POINT('',(-3.480138610013,-1.556255062498E-14));
#8338 = ( GEOMETRIC_REPRESENTATION_CONTEXT(2) 
PARAMETRIC_REPRESENTATION_CONTEXT() REPRESENTATION_CONTEXT('2D SPACE',''
  ) );
#8339 = ADVANCED_FACE('',(#8340),#1672,.F.);
#8340 = FACE_BOUND('',#8341,.F.);
#8341 = EDGE_LOOP('',(#8342,#8365,#8392,#8393,#8394,#8421,#8443,#8444));
#8342 = ORIENTED_EDGE('',*,*,#8343,.T.);
#8343 = EDGE_CURVE('',#1656,#8344,#8346,.T.);
#8344 = VERTEX_POINT('',#8345);
#8345 = CARTESIAN_POINT('',(13.279048216895,4.745269700507,2.64));
#8346 = SEAM_CURVE('',#8347,(#8351,#8358),.PCURVE_S1.);
#8347 = LINE('',#8348,#8349);
#8348 = CARTESIAN_POINT('',(13.429048216895,4.745269700507,4.4));
#8349 = VECTOR('',#8350,1.);
#8350 = DIRECTION('',(-8.491941668366E-02,-1.428215741092E-16,
    -0.996387822422));
#8351 = PCURVE('',#1672,#8352);
#8352 = DEFINITIONAL_REPRESENTATION('',(#8353),#8357);
#8353 = LINE('',#8354,#8355);
#8354 = CARTESIAN_POINT('',(-6.28318530718,0.));
#8355 = VECTOR('',#8356,1.);
#8356 = DIRECTION('',(-0.,-1.));
#8357 = ( GEOMETRIC_REPRESENTATION_CONTEXT(2) 
PARAMETRIC_REPRESENTATION_CONTEXT() REPRESENTATION_CONTEXT('2D SPACE',''
  ) );
#8358 = PCURVE('',#1672,#8359);
#8359 = DEFINITIONAL_REPRESENTATION('',(#8360),#8364);
#8360 = LINE('',#8361,#8362);
#8361 = CARTESIAN_POINT('',(0.,-0.));
#8362 = VECTOR('',#8363,1.);
#8363 = DIRECTION('',(-0.,-1.));
#8364 = ( GEOMETRIC_REPRESENTATION_CONTEXT(2) 
PARAMETRIC_REPRESENTATION_CONTEXT() REPRESENTATION_CONTEXT('2D SPACE',''
  ) );
#8365 = ORIENTED_EDGE('',*,*,#8366,.F.);
#8366 = EDGE_CURVE('',#8344,#8344,#8367,.T.);
#8367 = SURFACE_CURVE('',#8368,(#8373,#8380),.PCURVE_S1.);
#8368 = CIRCLE('',#8369,1.1);
#8369 = AXIS2_PLACEMENT_3D('',#8370,#8371,#8372);
#8370 = CARTESIAN_POINT('',(12.179048216895,4.745269700507,2.64));
#8371 = DIRECTION('',(0.,-1.224646799147E-16,-1.));
#8372 = DIRECTION('',(1.,0.,0.));
#8373 = PCURVE('',#1672,#8374);
#8374 = DEFINITIONAL_REPRESENTATION('',(#8375),#8379);
#8375 = LINE('',#8376,#8377);
#8376 = CARTESIAN_POINT('',(-0.,-1.76));
#8377 = VECTOR('',#8378,1.);
#8378 = DIRECTION('',(-1.,-0.));
#8379 = ( GEOMETRIC_REPRESENTATION_CONTEXT(2) 
PARAMETRIC_REPRESENTATION_CONTEXT() REPRESENTATION_CONTEXT('2D SPACE',''
  ) );
#8380 = PCURVE('',#8381,#8386);
#8381 = CYLINDRICAL_SURFACE('',#8382,1.1);
#8382 = AXIS2_PLACEMENT_3D('',#8383,#8384,#8385);
#8383 = CARTESIAN_POINT('',(12.179048216895,4.745269700507,21.5));
#8384 = DIRECTION('',(-0.,1.224646799147E-16,1.));
#8385 = DIRECTION('',(1.,0.,0.));
#8386 = DEFINITIONAL_REPRESENTATION('',(#8387),#8391);
#8387 = LINE('',#8388,#8389);
#8388 = CARTESIAN_POINT('',(-0.,-18.86));
#8389 = VECTOR('',#8390,1.);
#8390 = DIRECTION('',(-1.,0.));
#8391 = ( GEOMETRIC_REPRESENTATION_CONTEXT(2) 
PARAMETRIC_REPRESENTATION_CONTEXT() REPRESENTATION_CONTEXT('2D SPACE',''
  ) );
#8392 = ORIENTED_EDGE('',*,*,#8343,.F.);
#8393 = ORIENTED_EDGE('',*,*,#1655,.T.);
#8394 = ORIENTED_EDGE('',*,*,#8395,.T.);
#8395 = EDGE_CURVE('',#1628,#8396,#8398,.T.);
#8396 = VERTEX_POINT('',#8397);
#8397 = CARTESIAN_POINT('',(11.,4.448149826395,4.));
#8398 = SURFACE_CURVE('',#8399,(#8404,#8414),.PCURVE_S1.);
#8399 = HYPERBOLA('',#8400,13.834165744901,1.179048216895);
#8400 = AXIS2_PLACEMENT_3D('',#8401,#8402,#8403);
#8401 = CARTESIAN_POINT('',(11.,4.745269700507,-10.26666666666));
#8402 = DIRECTION('',(-1.,-4.807406715959E-16,5.887375246899E-32));
#8403 = DIRECTION('',(0.,1.224646799147E-16,1.));
#8404 = PCURVE('',#1672,#8405);
#8405 = DEFINITIONAL_REPRESENTATION('',(#8406),#8413);
#8406 = B_SPLINE_CURVE_WITH_KNOTS('',5,(#8407,#8408,#8409,#8410,#8411,
    #8412),.UNSPECIFIED.,.F.,.F.,(6,6),(-0.345204639821,-0.237649737548)
  ,.PIECEWISE_BEZIER_KNOTS.);
#8407 = CARTESIAN_POINT('',(-2.803046697167,-1.550618726256E-14));
#8408 = CARTESIAN_POINT('',(-2.823336683686,-0.104780710598));
#8409 = CARTESIAN_POINT('',(-2.843807862711,-0.201078180073));
#8410 = CARTESIAN_POINT('',(-2.8644449935,-0.288993413058));
#8411 = CARTESIAN_POINT('',(-2.885231301784,-0.368611078464));
#8412 = CARTESIAN_POINT('',(-2.90614881366,-0.44));
#8413 = ( GEOMETRIC_REPRESENTATION_CONTEXT(2) 
PARAMETRIC_REPRESENTATION_CONTEXT() REPRESENTATION_CONTEXT('2D SPACE',''
  ) );
#8414 = PCURVE('',#1643,#8415);
#8415 = DEFINITIONAL_REPRESENTATION('',(#8416),#8420);
#8416 = HYPERBOLA('',#8417,13.834165744901,1.179048216895);
#8417 = AXIS2_PLACEMENT_2D('',#8418,#8419);
#8418 = CARTESIAN_POINT('',(1.605583260579,-14.66666666666));
#8419 = DIRECTION('',(0.,1.));
#8420 = ( GEOMETRIC_REPRESENTATION_CONTEXT(2) 
PARAMETRIC_REPRESENTATION_CONTEXT() REPRESENTATION_CONTEXT('2D SPACE',''
  ) );
#8421 = ORIENTED_EDGE('',*,*,#8422,.T.);
#8422 = EDGE_CURVE('',#8396,#8293,#8423,.T.);
#8423 = SURFACE_CURVE('',#8424,(#8429,#8436),.PCURVE_S1.);
#8424 = CIRCLE('',#8425,1.215909090909);
#8425 = AXIS2_PLACEMENT_3D('',#8426,#8427,#8428);
#8426 = CARTESIAN_POINT('',(12.179048216895,4.745269700507,4.));
#8427 = DIRECTION('',(0.,-1.224646799147E-16,-1.));
#8428 = DIRECTION('',(1.,0.,0.));
#8429 = PCURVE('',#1672,#8430);
#8430 = DEFINITIONAL_REPRESENTATION('',(#8431),#8435);
#8431 = LINE('',#8432,#8433);
#8432 = CARTESIAN_POINT('',(-0.,-0.4));
#8433 = VECTOR('',#8434,1.);
#8434 = DIRECTION('',(-1.,-0.));
#8435 = ( GEOMETRIC_REPRESENTATION_CONTEXT(2) 
PARAMETRIC_REPRESENTATION_CONTEXT() REPRESENTATION_CONTEXT('2D SPACE',''
  ) );
#8436 = PCURVE('',#6049,#8437);
#8437 = DEFINITIONAL_REPRESENTATION('',(#8438),#8442);
#8438 = CIRCLE('',#8439,1.215909090909);
#8439 = AXIS2_PLACEMENT_2D('',#8440,#8441);
#8440 = CARTESIAN_POINT('',(22.579048216895,-4.745269700507));
#8441 = DIRECTION('',(1.,0.));
#8442 = ( GEOMETRIC_REPRESENTATION_CONTEXT(2) 
PARAMETRIC_REPRESENTATION_CONTEXT() REPRESENTATION_CONTEXT('2D SPACE',''
  ) );
#8443 = ORIENTED_EDGE('',*,*,#8315,.T.);
#8444 = ORIENTED_EDGE('',*,*,#1684,.T.);
#8445 = ADVANCED_FACE('',(#8446),#1643,.T.);
#8446 = FACE_BOUND('',#8447,.T.);
#8447 = EDGE_LOOP('',(#8448,#8449,#8450,#8473));
#8448 = ORIENTED_EDGE('',*,*,#1627,.F.);
#8449 = ORIENTED_EDGE('',*,*,#8395,.T.);
#8450 = ORIENTED_EDGE('',*,*,#8451,.F.);
#8451 = EDGE_CURVE('',#8452,#8396,#8454,.T.);
#8452 = VERTEX_POINT('',#8453);
#8453 = CARTESIAN_POINT('',(11.,3.3486315613,4.));
#8454 = SURFACE_CURVE('',#8455,(#8459,#8466),.PCURVE_S1.);
#8455 = LINE('',#8456,#8457);
#8456 = CARTESIAN_POINT('',(11.,3.175426480543,4.));
#8457 = VECTOR('',#8458,1.);
#8458 = DIRECTION('',(-4.807406715959E-16,1.,-1.224646799147E-16));
#8459 = PCURVE('',#1643,#8460);
#8460 = DEFINITIONAL_REPRESENTATION('',(#8461),#8465);
#8461 = LINE('',#8462,#8463);
#8462 = CARTESIAN_POINT('',(3.175426480543,-0.4));
#8463 = VECTOR('',#8464,1.);
#8464 = DIRECTION('',(-1.,0.));
#8465 = ( GEOMETRIC_REPRESENTATION_CONTEXT(2) 
PARAMETRIC_REPRESENTATION_CONTEXT() REPRESENTATION_CONTEXT('2D SPACE',''
  ) );
#8466 = PCURVE('',#6049,#8467);
#8467 = DEFINITIONAL_REPRESENTATION('',(#8468),#8472);
#8468 = LINE('',#8469,#8470);
#8469 = CARTESIAN_POINT('',(21.4,-3.175426480543));
#8470 = VECTOR('',#8471,1.);
#8471 = DIRECTION('',(-4.807406715959E-16,-1.));
#8472 = ( GEOMETRIC_REPRESENTATION_CONTEXT(2) 
PARAMETRIC_REPRESENTATION_CONTEXT() REPRESENTATION_CONTEXT('2D SPACE',''
  ) );
#8473 = ORIENTED_EDGE('',*,*,#8474,.T.);
#8474 = EDGE_CURVE('',#8452,#1600,#8475,.T.);
#8475 = SURFACE_CURVE('',#8476,(#8480,#8487),.PCURVE_S1.);
#8476 = LINE('',#8477,#8478);
#8477 = CARTESIAN_POINT('',(11.,3.3486315613,4.4));
#8478 = VECTOR('',#8479,1.);
#8479 = DIRECTION('',(0.,1.224646799147E-16,1.));
#8480 = PCURVE('',#1643,#8481);
#8481 = DEFINITIONAL_REPRESENTATION('',(#8482),#8486);
#8482 = LINE('',#8483,#8484);
#8483 = CARTESIAN_POINT('',(3.002221399786,5.205123369422E-16));
#8484 = VECTOR('',#8485,1.);
#8485 = DIRECTION('',(0.,1.));
#8486 = ( GEOMETRIC_REPRESENTATION_CONTEXT(2) 
PARAMETRIC_REPRESENTATION_CONTEXT() REPRESENTATION_CONTEXT('2D SPACE',''
  ) );
#8487 = PCURVE('',#1615,#8488);
#8488 = DEFINITIONAL_REPRESENTATION('',(#8489),#8493);
#8489 = LINE('',#8490,#8491);
#8490 = CARTESIAN_POINT('',(0.692820323028,-4.2423009549E-17));
#8491 = VECTOR('',#8492,1.);
#8492 = DIRECTION('',(0.,1.));
#8493 = ( GEOMETRIC_REPRESENTATION_CONTEXT(2) 
PARAMETRIC_REPRESENTATION_CONTEXT() REPRESENTATION_CONTEXT('2D SPACE',''
  ) );
#8494 = ADVANCED_FACE('',(#8495),#1615,.T.);
#8495 = FACE_BOUND('',#8496,.T.);
#8496 = EDGE_LOOP('',(#8497,#8498,#8499,#8522));
#8497 = ORIENTED_EDGE('',*,*,#1599,.F.);
#8498 = ORIENTED_EDGE('',*,*,#8474,.F.);
#8499 = ORIENTED_EDGE('',*,*,#8500,.F.);
#8500 = EDGE_CURVE('',#8501,#8452,#8503,.T.);
#8501 = VERTEX_POINT('',#8502);
#8502 = CARTESIAN_POINT('',(13.6,1.847520861407,4.));
#8503 = SURFACE_CURVE('',#8504,(#8508,#8515),.PCURVE_S1.);
#8504 = LINE('',#8505,#8506);
#8505 = CARTESIAN_POINT('',(3.4,7.736493607141,4.));
#8506 = VECTOR('',#8507,1.);
#8507 = DIRECTION('',(-0.866025403784,0.5,-6.123233995737E-17));
#8508 = PCURVE('',#1615,#8509);
#8509 = DEFINITIONAL_REPRESENTATION('',(#8510),#8514);
#8510 = LINE('',#8511,#8512);
#8511 = CARTESIAN_POINT('',(-8.082903768655,-0.4));
#8512 = VECTOR('',#8513,1.);
#8513 = DIRECTION('',(-1.,0.));
#8514 = ( GEOMETRIC_REPRESENTATION_CONTEXT(2) 
PARAMETRIC_REPRESENTATION_CONTEXT() REPRESENTATION_CONTEXT('2D SPACE',''
  ) );
#8515 = PCURVE('',#6049,#8516);
#8516 = DEFINITIONAL_REPRESENTATION('',(#8517),#8521);
#8517 = LINE('',#8518,#8519);
#8518 = CARTESIAN_POINT('',(13.8,-7.736493607141));
#8519 = VECTOR('',#8520,1.);
#8520 = DIRECTION('',(-0.866025403784,-0.5));
#8521 = ( GEOMETRIC_REPRESENTATION_CONTEXT(2) 
PARAMETRIC_REPRESENTATION_CONTEXT() REPRESENTATION_CONTEXT('2D SPACE',''
  ) );
#8522 = ORIENTED_EDGE('',*,*,#8523,.F.);
#8523 = EDGE_CURVE('',#1572,#8501,#8524,.T.);
#8524 = SURFACE_CURVE('',#8525,(#8529,#8536),.PCURVE_S1.);
#8525 = LINE('',#8526,#8527);
#8526 = CARTESIAN_POINT('',(13.6,1.847520861407,4.4));
#8527 = VECTOR('',#8528,1.);
#8528 = DIRECTION('',(0.,-1.224646799147E-16,-1.));
#8529 = PCURVE('',#1615,#8530);
#8530 = DEFINITIONAL_REPRESENTATION('',(#8531),#8535);
#8531 = LINE('',#8532,#8533);
#8532 = CARTESIAN_POINT('',(3.695041722814,-2.26256050928E-16));
#8533 = VECTOR('',#8534,1.);
#8534 = DIRECTION('',(0.,-1.));
#8535 = ( GEOMETRIC_REPRESENTATION_CONTEXT(2) 
PARAMETRIC_REPRESENTATION_CONTEXT() REPRESENTATION_CONTEXT('2D SPACE',''
  ) );
#8536 = PCURVE('',#1587,#8537);
#8537 = DEFINITIONAL_REPRESENTATION('',(#8538),#8542);
#8538 = LINE('',#8539,#8540);
#8539 = CARTESIAN_POINT('',(0.,0.));
#8540 = VECTOR('',#8541,1.);
#8541 = DIRECTION('',(0.,-1.));
#8542 = ( GEOMETRIC_REPRESENTATION_CONTEXT(2) 
PARAMETRIC_REPRESENTATION_CONTEXT() REPRESENTATION_CONTEXT('2D SPACE',''
  ) );
#8543 = ADVANCED_FACE('',(#8544),#1587,.T.);
#8544 = FACE_BOUND('',#8545,.T.);
#8545 = EDGE_LOOP('',(#8546,#8547,#8548,#8571));
#8546 = ORIENTED_EDGE('',*,*,#1571,.F.);
#8547 = ORIENTED_EDGE('',*,*,#8523,.T.);
#8548 = ORIENTED_EDGE('',*,*,#8549,.F.);
#8549 = EDGE_CURVE('',#8550,#8501,#8552,.T.);
#8550 = VERTEX_POINT('',#8551);
#8551 = CARTESIAN_POINT('',(13.6,-1.847520861407,4.));
#8552 = SURFACE_CURVE('',#8553,(#8557,#8564),.PCURVE_S1.);
#8553 = LINE('',#8554,#8555);
#8554 = CARTESIAN_POINT('',(13.6,0.923760430703,4.));
#8555 = VECTOR('',#8556,1.);
#8556 = DIRECTION('',(-4.807406715959E-16,1.,-1.224646799147E-16));
#8557 = PCURVE('',#1587,#8558);
#8558 = DEFINITIONAL_REPRESENTATION('',(#8559),#8563);
#8559 = LINE('',#8560,#8561);
#8560 = CARTESIAN_POINT('',(0.923760430703,-0.4));
#8561 = VECTOR('',#8562,1.);
#8562 = DIRECTION('',(-1.,0.));
#8563 = ( GEOMETRIC_REPRESENTATION_CONTEXT(2) 
PARAMETRIC_REPRESENTATION_CONTEXT() REPRESENTATION_CONTEXT('2D SPACE',''
  ) );
#8564 = PCURVE('',#6049,#8565);
#8565 = DEFINITIONAL_REPRESENTATION('',(#8566),#8570);
#8566 = LINE('',#8567,#8568);
#8567 = CARTESIAN_POINT('',(24.,-0.923760430703));
#8568 = VECTOR('',#8569,1.);
#8569 = DIRECTION('',(-4.807406715959E-16,-1.));
#8570 = ( GEOMETRIC_REPRESENTATION_CONTEXT(2) 
PARAMETRIC_REPRESENTATION_CONTEXT() REPRESENTATION_CONTEXT('2D SPACE',''
  ) );
#8571 = ORIENTED_EDGE('',*,*,#8572,.F.);
#8572 = EDGE_CURVE('',#1544,#8550,#8573,.T.);
#8573 = SURFACE_CURVE('',#8574,(#8578,#8585),.PCURVE_S1.);
#8574 = LINE('',#8575,#8576);
#8575 = CARTESIAN_POINT('',(13.6,-1.847520861407,4.4));
#8576 = VECTOR('',#8577,1.);
#8577 = DIRECTION('',(0.,-1.224646799147E-16,-1.));
#8578 = PCURVE('',#1587,#8579);
#8579 = DEFINITIONAL_REPRESENTATION('',(#8580),#8584);
#8580 = LINE('',#8581,#8582);
#8581 = CARTESIAN_POINT('',(3.695041722814,4.356663178442E-16));
#8582 = VECTOR('',#8583,1.);
#8583 = DIRECTION('',(0.,-1.));
#8584 = ( GEOMETRIC_REPRESENTATION_CONTEXT(2) 
PARAMETRIC_REPRESENTATION_CONTEXT() REPRESENTATION_CONTEXT('2D SPACE',''
  ) );
#8585 = PCURVE('',#1559,#8586);
#8586 = DEFINITIONAL_REPRESENTATION('',(#8587),#8591);
#8587 = LINE('',#8588,#8589);
#8588 = CARTESIAN_POINT('',(0.,0.));
#8589 = VECTOR('',#8590,1.);
#8590 = DIRECTION('',(0.,-1.));
#8591 = ( GEOMETRIC_REPRESENTATION_CONTEXT(2) 
PARAMETRIC_REPRESENTATION_CONTEXT() REPRESENTATION_CONTEXT('2D SPACE',''
  ) );
#8592 = ADVANCED_FACE('',(#8593),#1559,.T.);
#8593 = FACE_BOUND('',#8594,.T.);
#8594 = EDGE_LOOP('',(#8595,#8596,#8597,#8620,#8648,#8676));
#8595 = ORIENTED_EDGE('',*,*,#1543,.F.);
#8596 = ORIENTED_EDGE('',*,*,#8572,.T.);
#8597 = ORIENTED_EDGE('',*,*,#8598,.F.);
#8598 = EDGE_CURVE('',#8599,#8550,#8601,.T.);
#8599 = VERTEX_POINT('',#8600);
#8600 = CARTESIAN_POINT('',(11.,-3.3486315613,4.));
#8601 = SURFACE_CURVE('',#8602,(#8606,#8613),.PCURVE_S1.);
#8602 = LINE('',#8603,#8604);
#8603 = CARTESIAN_POINT('',(5.,-6.812733176438,4.));
#8604 = VECTOR('',#8605,1.);
#8605 = DIRECTION('',(0.866025403784,0.5,-6.123233995737E-17));
#8606 = PCURVE('',#1559,#8607);
#8607 = DEFINITIONAL_REPRESENTATION('',(#8608),#8612);
#8608 = LINE('',#8609,#8610);
#8609 = CARTESIAN_POINT('',(9.930424630062,-0.4));
#8610 = VECTOR('',#8611,1.);
#8611 = DIRECTION('',(-1.,0.));
#8612 = ( GEOMETRIC_REPRESENTATION_CONTEXT(2) 
PARAMETRIC_REPRESENTATION_CONTEXT() REPRESENTATION_CONTEXT('2D SPACE',''
  ) );
#8613 = PCURVE('',#6049,#8614);
#8614 = DEFINITIONAL_REPRESENTATION('',(#8615),#8619);
#8615 = LINE('',#8616,#8617);
#8616 = CARTESIAN_POINT('',(15.4,6.812733176438));
#8617 = VECTOR('',#8618,1.);
#8618 = DIRECTION('',(0.866025403784,-0.5));
#8619 = ( GEOMETRIC_REPRESENTATION_CONTEXT(2) 
PARAMETRIC_REPRESENTATION_CONTEXT() REPRESENTATION_CONTEXT('2D SPACE',''
  ) );
#8620 = ORIENTED_EDGE('',*,*,#8621,.F.);
#8621 = EDGE_CURVE('',#8622,#8599,#8624,.T.);
#8622 = VERTEX_POINT('',#8623);
#8623 = CARTESIAN_POINT('',(11.,-3.3486315613,4.4));
#8624 = SURFACE_CURVE('',#8625,(#8629,#8636),.PCURVE_S1.);
#8625 = LINE('',#8626,#8627);
#8626 = CARTESIAN_POINT('',(11.,-3.3486315613,4.4));
#8627 = VECTOR('',#8628,1.);
#8628 = DIRECTION('',(0.,-1.224646799147E-16,-1.));
#8629 = PCURVE('',#1559,#8630);
#8630 = DEFINITIONAL_REPRESENTATION('',(#8631),#8635);
#8631 = LINE('',#8632,#8633);
#8632 = CARTESIAN_POINT('',(3.002221399786,-1.83833041379E-16));
#8633 = VECTOR('',#8634,1.);
#8634 = DIRECTION('',(0.,-1.));
#8635 = ( GEOMETRIC_REPRESENTATION_CONTEXT(2) 
PARAMETRIC_REPRESENTATION_CONTEXT() REPRESENTATION_CONTEXT('2D SPACE',''
  ) );
#8636 = PCURVE('',#8637,#8642);
#8637 = PLANE('',#8638);
#8638 = AXIS2_PLACEMENT_3D('',#8639,#8640,#8641);
#8639 = CARTESIAN_POINT('',(11.,-2.655811238272,4.4));
#8640 = DIRECTION('',(-1.,-4.807406715959E-16,5.887375246899E-32));
#8641 = DIRECTION('',(4.807406715959E-16,-1.,1.224646799147E-16));
#8642 = DEFINITIONAL_REPRESENTATION('',(#8643),#8647);
#8643 = LINE('',#8644,#8645);
#8644 = CARTESIAN_POINT('',(0.692820323028,-8.484601909799E-17));
#8645 = VECTOR('',#8646,1.);
#8646 = DIRECTION('',(0.,-1.));
#8647 = ( GEOMETRIC_REPRESENTATION_CONTEXT(2) 
PARAMETRIC_REPRESENTATION_CONTEXT() REPRESENTATION_CONTEXT('2D SPACE',''
  ) );
#8648 = ORIENTED_EDGE('',*,*,#8649,.F.);
#8649 = EDGE_CURVE('',#8650,#8622,#8652,.T.);
#8650 = VERTEX_POINT('',#8651);
#8651 = CARTESIAN_POINT('',(11.308402059581,-3.170575549182,4.4));
#8652 = SURFACE_CURVE('',#8653,(#8657,#8664),.PCURVE_S1.);
#8653 = LINE('',#8654,#8655);
#8654 = CARTESIAN_POINT('',(13.6,-1.847520861407,4.4));
#8655 = VECTOR('',#8656,1.);
#8656 = DIRECTION('',(-0.866025403784,-0.5,6.123233995737E-17));
#8657 = PCURVE('',#1559,#8658);
#8658 = DEFINITIONAL_REPRESENTATION('',(#8659),#8663);
#8659 = LINE('',#8660,#8661);
#8660 = CARTESIAN_POINT('',(0.,0.));
#8661 = VECTOR('',#8662,1.);
#8662 = DIRECTION('',(1.,0.));
#8663 = ( GEOMETRIC_REPRESENTATION_CONTEXT(2) 
PARAMETRIC_REPRESENTATION_CONTEXT() REPRESENTATION_CONTEXT('2D SPACE',''
  ) );
#8664 = PCURVE('',#8665,#8670);
#8665 = PLANE('',#8666);
#8666 = AXIS2_PLACEMENT_3D('',#8667,#8668,#8669);
#8667 = CARTESIAN_POINT('',(-10.4,1.631438850498E-16,4.4));
#8668 = DIRECTION('',(0.,-1.224646799147E-16,-1.));
#8669 = DIRECTION('',(1.,0.,0.));
#8670 = DEFINITIONAL_REPRESENTATION('',(#8671),#8675);
#8671 = LINE('',#8672,#8673);
#8672 = CARTESIAN_POINT('',(24.,1.847520861407));
#8673 = VECTOR('',#8674,1.);
#8674 = DIRECTION('',(-0.866025403784,0.5));
#8675 = ( GEOMETRIC_REPRESENTATION_CONTEXT(2) 
PARAMETRIC_REPRESENTATION_CONTEXT() REPRESENTATION_CONTEXT('2D SPACE',''
  ) );
#8676 = ORIENTED_EDGE('',*,*,#8677,.T.);
#8677 = EDGE_CURVE('',#8650,#1520,#8678,.T.);
#8678 = SURFACE_CURVE('',#8679,(#8684,#8691),.PCURVE_S1.);
#8679 = HYPERBOLA('',#8680,14.325688086693,1.22093932557);
#8680 = AXIS2_PLACEMENT_3D('',#8681,#8682,#8683);
#8681 = CARTESIAN_POINT('',(11.540469662785,-3.036591256002,
    -10.26666666666));
#8682 = DIRECTION('',(-0.5,0.866025403784,-1.060575238725E-16));
#8683 = DIRECTION('',(0.,1.224646799147E-16,1.));
#8684 = PCURVE('',#1559,#8685);
#8685 = DEFINITIONAL_REPRESENTATION('',(#8686),#8690);
#8686 = HYPERBOLA('',#8687,14.325688086693,1.22093932557);
#8687 = AXIS2_PLACEMENT_2D('',#8688,#8689);
#8688 = CARTESIAN_POINT('',(2.37814078919,-14.66666666666));
#8689 = DIRECTION('',(0.,1.));
#8690 = ( GEOMETRIC_REPRESENTATION_CONTEXT(2) 
PARAMETRIC_REPRESENTATION_CONTEXT() REPRESENTATION_CONTEXT('2D SPACE',''
  ) );
#8691 = PCURVE('',#1507,#8692);
#8692 = DEFINITIONAL_REPRESENTATION('',(#8693),#8701);
#8693 = B_SPLINE_CURVE_WITH_KNOTS('',6,(#8694,#8695,#8696,#8697,#8698,
    #8699,#8700),.UNSPECIFIED.,.F.,.F.,(7,7),(-0.217752483175,
    0.217752483175),.PIECEWISE_BEZIER_KNOTS.);
#8694 = CARTESIAN_POINT('',(-3.97273843016,-4.924905356735E-15));
#8695 = CARTESIAN_POINT('',(-4.04363511548,-0.228216560363));
#8696 = CARTESIAN_POINT('',(-4.115855403795,-0.363708218014));
#8697 = CARTESIAN_POINT('',(-4.188790204787,-0.408639192836));
#8698 = CARTESIAN_POINT('',(-4.261725005777,-0.363708218014));
#8699 = CARTESIAN_POINT('',(-4.333945294093,-0.228216560363));
#8700 = CARTESIAN_POINT('',(-4.404841979413,-8.451999325342E-15));
#8701 = ( GEOMETRIC_REPRESENTATION_CONTEXT(2) 
PARAMETRIC_REPRESENTATION_CONTEXT() REPRESENTATION_CONTEXT('2D SPACE',''
  ) );
#8702 = ADVANCED_FACE('',(#8703),#1507,.F.);
#8703 = FACE_BOUND('',#8704,.F.);
#8704 = EDGE_LOOP('',(#8705,#8728,#8755,#8756,#8757,#8784,#8808,#8835,
    #8857,#8858));
#8705 = ORIENTED_EDGE('',*,*,#8706,.T.);
#8706 = EDGE_CURVE('',#1491,#8707,#8709,.T.);
#8707 = VERTEX_POINT('',#8708);
#8708 = CARTESIAN_POINT('',(13.25093932557,-4.093955728425,2.64));
#8709 = SEAM_CURVE('',#8710,(#8714,#8721),.PCURVE_S1.);
#8710 = LINE('',#8711,#8712);
#8711 = CARTESIAN_POINT('',(13.40093932557,-4.093955728425,4.4));
#8712 = VECTOR('',#8713,1.);
#8713 = DIRECTION('',(-8.491941668366E-02,-1.428215741092E-16,
    -0.996387822422));
#8714 = PCURVE('',#1507,#8715);
#8715 = DEFINITIONAL_REPRESENTATION('',(#8716),#8720);
#8716 = LINE('',#8717,#8718);
#8717 = CARTESIAN_POINT('',(-6.28318530718,0.));
#8718 = VECTOR('',#8719,1.);
#8719 = DIRECTION('',(-0.,-1.));
#8720 = ( GEOMETRIC_REPRESENTATION_CONTEXT(2) 
PARAMETRIC_REPRESENTATION_CONTEXT() REPRESENTATION_CONTEXT('2D SPACE',''
  ) );
#8721 = PCURVE('',#1507,#8722);
#8722 = DEFINITIONAL_REPRESENTATION('',(#8723),#8727);
#8723 = LINE('',#8724,#8725);
#8724 = CARTESIAN_POINT('',(0.,-0.));
#8725 = VECTOR('',#8726,1.);
#8726 = DIRECTION('',(-0.,-1.));
#8727 = ( GEOMETRIC_REPRESENTATION_CONTEXT(2) 
PARAMETRIC_REPRESENTATION_CONTEXT() REPRESENTATION_CONTEXT('2D SPACE',''
  ) );
#8728 = ORIENTED_EDGE('',*,*,#8729,.F.);
#8729 = EDGE_CURVE('',#8707,#8707,#8730,.T.);
#8730 = SURFACE_CURVE('',#8731,(#8736,#8743),.PCURVE_S1.);
#8731 = CIRCLE('',#8732,1.1);
#8732 = AXIS2_PLACEMENT_3D('',#8733,#8734,#8735);
#8733 = CARTESIAN_POINT('',(12.15093932557,-4.093955728425,2.64));
#8734 = DIRECTION('',(0.,-1.224646799147E-16,-1.));
#8735 = DIRECTION('',(1.,0.,0.));
#8736 = PCURVE('',#1507,#8737);
#8737 = DEFINITIONAL_REPRESENTATION('',(#8738),#8742);
#8738 = LINE('',#8739,#8740);
#8739 = CARTESIAN_POINT('',(-0.,-1.76));
#8740 = VECTOR('',#8741,1.);
#8741 = DIRECTION('',(-1.,-0.));
#8742 = ( GEOMETRIC_REPRESENTATION_CONTEXT(2) 
PARAMETRIC_REPRESENTATION_CONTEXT() REPRESENTATION_CONTEXT('2D SPACE',''
  ) );
#8743 = PCURVE('',#8744,#8749);
#8744 = CYLINDRICAL_SURFACE('',#8745,1.1);
#8745 = AXIS2_PLACEMENT_3D('',#8746,#8747,#8748);
#8746 = CARTESIAN_POINT('',(12.15093932557,-4.093955728425,21.5));
#8747 = DIRECTION('',(-0.,1.224646799147E-16,1.));
#8748 = DIRECTION('',(1.,0.,0.));
#8749 = DEFINITIONAL_REPRESENTATION('',(#8750),#8754);
#8750 = LINE('',#8751,#8752);
#8751 = CARTESIAN_POINT('',(-0.,-18.86));
#8752 = VECTOR('',#8753,1.);
#8753 = DIRECTION('',(-1.,0.));
#8754 = ( GEOMETRIC_REPRESENTATION_CONTEXT(2) 
PARAMETRIC_REPRESENTATION_CONTEXT() REPRESENTATION_CONTEXT('2D SPACE',''
  ) );
#8755 = ORIENTED_EDGE('',*,*,#8706,.F.);
#8756 = ORIENTED_EDGE('',*,*,#1490,.T.);
#8757 = ORIENTED_EDGE('',*,*,#8758,.T.);
#8758 = EDGE_CURVE('',#1463,#8759,#8761,.T.);
#8759 = VERTEX_POINT('',#8760);
#8760 = CARTESIAN_POINT('',(11.,-4.486095481844,4.));
#8761 = SURFACE_CURVE('',#8762,(#8767,#8777),.PCURVE_S1.);
#8762 = HYPERBOLA('',#8763,13.504354753359,1.15093932557);
#8763 = AXIS2_PLACEMENT_3D('',#8764,#8765,#8766);
#8764 = CARTESIAN_POINT('',(11.,-4.093955728425,-10.26666666666));
#8765 = DIRECTION('',(-1.,-4.807406715959E-16,5.887375246899E-32));
#8766 = DIRECTION('',(0.,1.224646799147E-16,1.));
#8767 = PCURVE('',#1507,#8768);
#8768 = DEFINITIONAL_REPRESENTATION('',(#8769),#8776);
#8769 = B_SPLINE_CURVE_WITH_KNOTS('',5,(#8770,#8771,#8772,#8773,#8774,
    #8775),.UNSPECIFIED.,.F.,.F.,(6,6),(-0.411976539493,-0.325629246097)
  ,.PIECEWISE_BEZIER_KNOTS.);
#8770 = CARTESIAN_POINT('',(-2.740798538044,4.784623210256E-16));
#8771 = CARTESIAN_POINT('',(-2.756699417344,-9.88192073732E-02));
#8772 = CARTESIAN_POINT('',(-2.772734215137,-0.192170787872));
#8773 = CARTESIAN_POINT('',(-2.788896060638,-0.280116138774));
#8774 = CARTESIAN_POINT('',(-2.805177398056,-0.362709868418));
#8775 = CARTESIAN_POINT('',(-2.821570057128,-0.44));
#8776 = ( GEOMETRIC_REPRESENTATION_CONTEXT(2) 
PARAMETRIC_REPRESENTATION_CONTEXT() REPRESENTATION_CONTEXT('2D SPACE',''
  ) );
#8777 = PCURVE('',#1478,#8778);
#8778 = DEFINITIONAL_REPRESENTATION('',(#8779),#8783);
#8779 = HYPERBOLA('',#8780,13.504354753359,1.15093932557);
#8780 = AXIS2_PLACEMENT_2D('',#8781,#8782);
#8781 = CARTESIAN_POINT('',(1.438144490153,-14.66666666666));
#8782 = DIRECTION('',(0.,1.));
#8783 = ( GEOMETRIC_REPRESENTATION_CONTEXT(2) 
PARAMETRIC_REPRESENTATION_CONTEXT() REPRESENTATION_CONTEXT('2D SPACE',''
  ) );
#8784 = ORIENTED_EDGE('',*,*,#8785,.T.);
#8785 = EDGE_CURVE('',#8759,#8786,#8788,.T.);
#8786 = VERTEX_POINT('',#8787);
#8787 = CARTESIAN_POINT('',(11.,-3.701815975007,4.));
#8788 = SURFACE_CURVE('',#8789,(#8794,#8801),.PCURVE_S1.);
#8789 = CIRCLE('',#8790,1.215909090909);
#8790 = AXIS2_PLACEMENT_3D('',#8791,#8792,#8793);
#8791 = CARTESIAN_POINT('',(12.15093932557,-4.093955728425,4.));
#8792 = DIRECTION('',(0.,-1.224646799147E-16,-1.));
#8793 = DIRECTION('',(1.,0.,0.));
#8794 = PCURVE('',#1507,#8795);
#8795 = DEFINITIONAL_REPRESENTATION('',(#8796),#8800);
#8796 = LINE('',#8797,#8798);
#8797 = CARTESIAN_POINT('',(-0.,-0.4));
#8798 = VECTOR('',#8799,1.);
#8799 = DIRECTION('',(-1.,-0.));
#8800 = ( GEOMETRIC_REPRESENTATION_CONTEXT(2) 
PARAMETRIC_REPRESENTATION_CONTEXT() REPRESENTATION_CONTEXT('2D SPACE',''
  ) );
#8801 = PCURVE('',#6049,#8802);
#8802 = DEFINITIONAL_REPRESENTATION('',(#8803),#8807);
#8803 = CIRCLE('',#8804,1.215909090909);
#8804 = AXIS2_PLACEMENT_2D('',#8805,#8806);
#8805 = CARTESIAN_POINT('',(22.55093932557,4.093955728425));
#8806 = DIRECTION('',(1.,0.));
#8807 = ( GEOMETRIC_REPRESENTATION_CONTEXT(2) 
PARAMETRIC_REPRESENTATION_CONTEXT() REPRESENTATION_CONTEXT('2D SPACE',''
  ) );
#8808 = ORIENTED_EDGE('',*,*,#8809,.T.);
#8809 = EDGE_CURVE('',#8786,#8810,#8812,.T.);
#8810 = VERTEX_POINT('',#8811);
#8811 = CARTESIAN_POINT('',(11.,-3.606268668052,4.4));
#8812 = SURFACE_CURVE('',#8813,(#8818,#8828),.PCURVE_S1.);
#8813 = HYPERBOLA('',#8814,13.504354753359,1.15093932557);
#8814 = AXIS2_PLACEMENT_3D('',#8815,#8816,#8817);
#8815 = CARTESIAN_POINT('',(11.,-4.093955728425,-10.26666666666));
#8816 = DIRECTION('',(-1.,-4.807406715959E-16,5.887375246899E-32));
#8817 = DIRECTION('',(0.,1.224646799147E-16,1.));
#8818 = PCURVE('',#1507,#8819);
#8819 = DEFINITIONAL_REPRESENTATION('',(#8820),#8827);
#8820 = B_SPLINE_CURVE_WITH_KNOTS('',5,(#8821,#8822,#8823,#8824,#8825,
    #8826),.UNSPECIFIED.,.F.,.F.,(6,6),(0.325629246097,0.411976539493),
  .PIECEWISE_BEZIER_KNOTS.);
#8821 = CARTESIAN_POINT('',(-3.461615250052,-0.44));
#8822 = CARTESIAN_POINT('',(-3.478007909124,-0.362709868418));
#8823 = CARTESIAN_POINT('',(-3.494289246541,-0.280116138774));
#8824 = CARTESIAN_POINT('',(-3.510451092043,-0.192170787872));
#8825 = CARTESIAN_POINT('',(-3.526485889836,-9.88192073732E-02));
#8826 = CARTESIAN_POINT('',(-3.542386769136,7.513862470766E-15));
#8827 = ( GEOMETRIC_REPRESENTATION_CONTEXT(2) 
PARAMETRIC_REPRESENTATION_CONTEXT() REPRESENTATION_CONTEXT('2D SPACE',''
  ) );
#8828 = PCURVE('',#8637,#8829);
#8829 = DEFINITIONAL_REPRESENTATION('',(#8830),#8834);
#8830 = HYPERBOLA('',#8831,13.504354753359,1.15093932557);
#8831 = AXIS2_PLACEMENT_2D('',#8832,#8833);
#8832 = CARTESIAN_POINT('',(1.438144490153,-14.66666666666));
#8833 = DIRECTION('',(0.,1.));
#8834 = ( GEOMETRIC_REPRESENTATION_CONTEXT(2) 
PARAMETRIC_REPRESENTATION_CONTEXT() REPRESENTATION_CONTEXT('2D SPACE',''
  ) );
#8835 = ORIENTED_EDGE('',*,*,#8836,.T.);
#8836 = EDGE_CURVE('',#8810,#8650,#8837,.T.);
#8837 = SURFACE_CURVE('',#8838,(#8843,#8850),.PCURVE_S1.);
#8838 = CIRCLE('',#8839,1.25);
#8839 = AXIS2_PLACEMENT_3D('',#8840,#8841,#8842);
#8840 = CARTESIAN_POINT('',(12.15093932557,-4.093955728425,4.4));
#8841 = DIRECTION('',(0.,-1.224646799147E-16,-1.));
#8842 = DIRECTION('',(1.,0.,0.));
#8843 = PCURVE('',#1507,#8844);
#8844 = DEFINITIONAL_REPRESENTATION('',(#8845),#8849);
#8845 = LINE('',#8846,#8847);
#8846 = CARTESIAN_POINT('',(-0.,-0.));
#8847 = VECTOR('',#8848,1.);
#8848 = DIRECTION('',(-1.,-0.));
#8849 = ( GEOMETRIC_REPRESENTATION_CONTEXT(2) 
PARAMETRIC_REPRESENTATION_CONTEXT() REPRESENTATION_CONTEXT('2D SPACE',''
  ) );
#8850 = PCURVE('',#8665,#8851);
#8851 = DEFINITIONAL_REPRESENTATION('',(#8852),#8856);
#8852 = CIRCLE('',#8853,1.25);
#8853 = AXIS2_PLACEMENT_2D('',#8854,#8855);
#8854 = CARTESIAN_POINT('',(22.55093932557,4.093955728425));
#8855 = DIRECTION('',(1.,0.));
#8856 = ( GEOMETRIC_REPRESENTATION_CONTEXT(2) 
PARAMETRIC_REPRESENTATION_CONTEXT() REPRESENTATION_CONTEXT('2D SPACE',''
  ) );
#8857 = ORIENTED_EDGE('',*,*,#8677,.T.);
#8858 = ORIENTED_EDGE('',*,*,#1519,.T.);
#8859 = ADVANCED_FACE('',(#8860),#1478,.T.);
#8860 = FACE_BOUND('',#8861,.T.);
#8861 = EDGE_LOOP('',(#8862,#8863,#8864,#8887));
#8862 = ORIENTED_EDGE('',*,*,#1462,.F.);
#8863 = ORIENTED_EDGE('',*,*,#8758,.T.);
#8864 = ORIENTED_EDGE('',*,*,#8865,.F.);
#8865 = EDGE_CURVE('',#8866,#8759,#8868,.T.);
#8866 = VERTEX_POINT('',#8867);
#8867 = CARTESIAN_POINT('',(11.,-6.350852961086,4.));
#8868 = SURFACE_CURVE('',#8869,(#8873,#8880),.PCURVE_S1.);
#8869 = LINE('',#8870,#8871);
#8870 = CARTESIAN_POINT('',(11.,-1.327905619136,4.));
#8871 = VECTOR('',#8872,1.);
#8872 = DIRECTION('',(-4.807406715959E-16,1.,-1.224646799147E-16));
#8873 = PCURVE('',#1478,#8874);
#8874 = DEFINITIONAL_REPRESENTATION('',(#8875),#8879);
#8875 = LINE('',#8876,#8877);
#8876 = CARTESIAN_POINT('',(-1.327905619136,-0.4));
#8877 = VECTOR('',#8878,1.);
#8878 = DIRECTION('',(-1.,0.));
#8879 = ( GEOMETRIC_REPRESENTATION_CONTEXT(2) 
PARAMETRIC_REPRESENTATION_CONTEXT() REPRESENTATION_CONTEXT('2D SPACE',''
  ) );
#8880 = PCURVE('',#6049,#8881);
#8881 = DEFINITIONAL_REPRESENTATION('',(#8882),#8886);
#8882 = LINE('',#8883,#8884);
#8883 = CARTESIAN_POINT('',(21.4,1.327905619136));
#8884 = VECTOR('',#8885,1.);
#8885 = DIRECTION('',(-4.807406715959E-16,-1.));
#8886 = ( GEOMETRIC_REPRESENTATION_CONTEXT(2) 
PARAMETRIC_REPRESENTATION_CONTEXT() REPRESENTATION_CONTEXT('2D SPACE',''
  ) );
#8887 = ORIENTED_EDGE('',*,*,#8888,.F.);
#8888 = EDGE_CURVE('',#1435,#8866,#8889,.T.);
#8889 = SURFACE_CURVE('',#8890,(#8894,#8901),.PCURVE_S1.);
#8890 = LINE('',#8891,#8892);
#8891 = CARTESIAN_POINT('',(11.,-6.350852961086,4.4));
#8892 = VECTOR('',#8893,1.);
#8893 = DIRECTION('',(0.,-1.224646799147E-16,-1.));
#8894 = PCURVE('',#1478,#8895);
#8895 = DEFINITIONAL_REPRESENTATION('',(#8896),#8900);
#8896 = LINE('',#8897,#8898);
#8897 = CARTESIAN_POINT('',(3.695041722814,-4.52512101856E-16));
#8898 = VECTOR('',#8899,1.);
#8899 = DIRECTION('',(0.,-1.));
#8900 = ( GEOMETRIC_REPRESENTATION_CONTEXT(2) 
PARAMETRIC_REPRESENTATION_CONTEXT() REPRESENTATION_CONTEXT('2D SPACE',''
  ) );
#8901 = PCURVE('',#1450,#8902);
#8902 = DEFINITIONAL_REPRESENTATION('',(#8903),#8907);
#8903 = LINE('',#8904,#8905);
#8904 = CARTESIAN_POINT('',(0.,0.));
#8905 = VECTOR('',#8906,1.);
#8906 = DIRECTION('',(0.,-1.));
#8907 = ( GEOMETRIC_REPRESENTATION_CONTEXT(2) 
PARAMETRIC_REPRESENTATION_CONTEXT() REPRESENTATION_CONTEXT('2D SPACE',''
  ) );
#8908 = ADVANCED_FACE('',(#8909),#1450,.T.);
#8909 = FACE_BOUND('',#8910,.T.);
#8910 = EDGE_LOOP('',(#8911,#8912,#8913,#8936));
#8911 = ORIENTED_EDGE('',*,*,#1434,.F.);
#8912 = ORIENTED_EDGE('',*,*,#8888,.T.);
#8913 = ORIENTED_EDGE('',*,*,#8914,.F.);
#8914 = EDGE_CURVE('',#8915,#8866,#8917,.T.);
#8915 = VERTEX_POINT('',#8916);
#8916 = CARTESIAN_POINT('',(9.866837467398,-7.00508465432,4.));
#8917 = SURFACE_CURVE('',#8918,(#8922,#8929),.PCURVE_S1.);
#8918 = LINE('',#8919,#8920);
#8919 = CARTESIAN_POINT('',(4.35,-10.19023225119,4.));
#8920 = VECTOR('',#8921,1.);
#8921 = DIRECTION('',(0.866025403784,0.5,-6.123233995737E-17));
#8922 = PCURVE('',#1450,#8923);
#8923 = DEFINITIONAL_REPRESENTATION('',(#8924),#8928);
#8924 = LINE('',#8925,#8926);
#8925 = CARTESIAN_POINT('',(7.678758580222,-0.4));
#8926 = VECTOR('',#8927,1.);
#8927 = DIRECTION('',(-1.,0.));
#8928 = ( GEOMETRIC_REPRESENTATION_CONTEXT(2) 
PARAMETRIC_REPRESENTATION_CONTEXT() REPRESENTATION_CONTEXT('2D SPACE',''
  ) );
#8929 = PCURVE('',#6049,#8930);
#8930 = DEFINITIONAL_REPRESENTATION('',(#8931),#8935);
#8931 = LINE('',#8932,#8933);
#8932 = CARTESIAN_POINT('',(14.75,10.190232251197));
#8933 = VECTOR('',#8934,1.);
#8934 = DIRECTION('',(0.866025403784,-0.5));
#8935 = ( GEOMETRIC_REPRESENTATION_CONTEXT(2) 
PARAMETRIC_REPRESENTATION_CONTEXT() REPRESENTATION_CONTEXT('2D SPACE',''
  ) );
#8936 = ORIENTED_EDGE('',*,*,#8937,.T.);
#8937 = EDGE_CURVE('',#8915,#1411,#8938,.T.);
#8938 = SURFACE_CURVE('',#8939,(#8944,#8951),.PCURVE_S1.);
#8939 = HYPERBOLA('',#8940,13.834165744901,1.179048216895);
#8940 = AXIS2_PLACEMENT_3D('',#8941,#8942,#8943);
#8941 = CARTESIAN_POINT('',(9.609524108447,-7.153644591375,
    -10.26666666666));
#8942 = DIRECTION('',(-0.5,0.866025403784,-1.060575238725E-16));
#8943 = DIRECTION('',(0.,1.224646799147E-16,1.));
#8944 = PCURVE('',#1450,#8945);
#8945 = DEFINITIONAL_REPRESENTATION('',(#8946),#8950);
#8946 = HYPERBOLA('',#8947,13.834165744901,1.179048216895);
#8947 = AXIS2_PLACEMENT_2D('',#8948,#8949);
#8948 = CARTESIAN_POINT('',(1.605583260579,-14.66666666666));
#8949 = DIRECTION('',(0.,1.));
#8950 = ( GEOMETRIC_REPRESENTATION_CONTEXT(2) 
PARAMETRIC_REPRESENTATION_CONTEXT() REPRESENTATION_CONTEXT('2D SPACE',''
  ) );
#8951 = PCURVE('',#1398,#8952);
#8952 = DEFINITIONAL_REPRESENTATION('',(#8953),#8960);
#8953 = B_SPLINE_CURVE_WITH_KNOTS('',5,(#8954,#8955,#8956,#8957,#8958,
    #8959),.UNSPECIFIED.,.F.,.F.,(6,6),(0.237649737548,0.345204639821),
  .PIECEWISE_BEZIER_KNOTS.);
#8954 = CARTESIAN_POINT('',(-4.424234044717,-0.44));
#8955 = CARTESIAN_POINT('',(-4.445151556592,-0.368611078464));
#8956 = CARTESIAN_POINT('',(-4.465937864877,-0.288993413058));
#8957 = CARTESIAN_POINT('',(-4.486574995665,-0.201078180073));
#8958 = CARTESIAN_POINT('',(-4.50704617469,-0.104780710598));
#8959 = CARTESIAN_POINT('',(-4.527336161209,2.279584880279E-15));
#8960 = ( GEOMETRIC_REPRESENTATION_CONTEXT(2) 
PARAMETRIC_REPRESENTATION_CONTEXT() REPRESENTATION_CONTEXT('2D SPACE',''
  ) );
#8961 = ADVANCED_FACE('',(#8962),#1398,.F.);
#8962 = FACE_BOUND('',#8963,.F.);
#8963 = EDGE_LOOP('',(#8964,#8987,#9014,#9015,#9016,#9043,#9065,#9066));
#8964 = ORIENTED_EDGE('',*,*,#8965,.T.);
#8965 = EDGE_CURVE('',#1382,#8966,#8968,.T.);
#8966 = VERTEX_POINT('',#8967);
#8967 = CARTESIAN_POINT('',(11.299048216895,-8.174730299493,2.64));
#8968 = SEAM_CURVE('',#8969,(#8973,#8980),.PCURVE_S1.);
#8969 = LINE('',#8970,#8971);
#8970 = CARTESIAN_POINT('',(11.449048216895,-8.174730299493,4.4));
#8971 = VECTOR('',#8972,1.);
#8972 = DIRECTION('',(-8.491941668366E-02,-1.428215741092E-16,
    -0.996387822422));
#8973 = PCURVE('',#1398,#8974);
#8974 = DEFINITIONAL_REPRESENTATION('',(#8975),#8979);
#8975 = LINE('',#8976,#8977);
#8976 = CARTESIAN_POINT('',(-6.28318530718,0.));
#8977 = VECTOR('',#8978,1.);
#8978 = DIRECTION('',(-0.,-1.));
#8979 = ( GEOMETRIC_REPRESENTATION_CONTEXT(2) 
PARAMETRIC_REPRESENTATION_CONTEXT() REPRESENTATION_CONTEXT('2D SPACE',''
  ) );
#8980 = PCURVE('',#1398,#8981);
#8981 = DEFINITIONAL_REPRESENTATION('',(#8982),#8986);
#8982 = LINE('',#8983,#8984);
#8983 = CARTESIAN_POINT('',(0.,-0.));
#8984 = VECTOR('',#8985,1.);
#8985 = DIRECTION('',(-0.,-1.));
#8986 = ( GEOMETRIC_REPRESENTATION_CONTEXT(2) 
PARAMETRIC_REPRESENTATION_CONTEXT() REPRESENTATION_CONTEXT('2D SPACE',''
  ) );
#8987 = ORIENTED_EDGE('',*,*,#8988,.F.);
#8988 = EDGE_CURVE('',#8966,#8966,#8989,.T.);
#8989 = SURFACE_CURVE('',#8990,(#8995,#9002),.PCURVE_S1.);
#8990 = CIRCLE('',#8991,1.1);
#8991 = AXIS2_PLACEMENT_3D('',#8992,#8993,#8994);
#8992 = CARTESIAN_POINT('',(10.199048216895,-8.174730299493,2.64));
#8993 = DIRECTION('',(0.,-1.224646799147E-16,-1.));
#8994 = DIRECTION('',(1.,0.,0.));
#8995 = PCURVE('',#1398,#8996);
#8996 = DEFINITIONAL_REPRESENTATION('',(#8997),#9001);
#8997 = LINE('',#8998,#8999);
#8998 = CARTESIAN_POINT('',(-0.,-1.76));
#8999 = VECTOR('',#9000,1.);
#9000 = DIRECTION('',(-1.,-0.));
#9001 = ( GEOMETRIC_REPRESENTATION_CONTEXT(2) 
PARAMETRIC_REPRESENTATION_CONTEXT() REPRESENTATION_CONTEXT('2D SPACE',''
  ) );
#9002 = PCURVE('',#9003,#9008);
#9003 = CYLINDRICAL_SURFACE('',#9004,1.1);
#9004 = AXIS2_PLACEMENT_3D('',#9005,#9006,#9007);
#9005 = CARTESIAN_POINT('',(10.199048216895,-8.174730299493,21.5));
#9006 = DIRECTION('',(-0.,1.224646799147E-16,1.));
#9007 = DIRECTION('',(1.,0.,0.));
#9008 = DEFINITIONAL_REPRESENTATION('',(#9009),#9013);
#9009 = LINE('',#9010,#9011);
#9010 = CARTESIAN_POINT('',(-0.,-18.86));
#9011 = VECTOR('',#9012,1.);
#9012 = DIRECTION('',(-1.,0.));
#9013 = ( GEOMETRIC_REPRESENTATION_CONTEXT(2) 
PARAMETRIC_REPRESENTATION_CONTEXT() REPRESENTATION_CONTEXT('2D SPACE',''
  ) );
#9014 = ORIENTED_EDGE('',*,*,#8965,.F.);
#9015 = ORIENTED_EDGE('',*,*,#1381,.T.);
#9016 = ORIENTED_EDGE('',*,*,#9017,.T.);
#9017 = EDGE_CURVE('',#1354,#9018,#9020,.T.);
#9018 = VERTEX_POINT('',#9019);
#9019 = CARTESIAN_POINT('',(9.352210749497,-7.302204528431,4.));
#9020 = SURFACE_CURVE('',#9021,(#9026,#9036),.PCURVE_S1.);
#9021 = HYPERBOLA('',#9022,13.834165744901,1.179048216895);
#9022 = AXIS2_PLACEMENT_3D('',#9023,#9024,#9025);
#9023 = CARTESIAN_POINT('',(9.609524108447,-7.153644591375,
    -10.26666666666));
#9024 = DIRECTION('',(-0.5,0.866025403784,-1.060575238725E-16));
#9025 = DIRECTION('',(0.,1.224646799147E-16,1.));
#9026 = PCURVE('',#1398,#9027);
#9027 = DEFINITIONAL_REPRESENTATION('',(#9028),#9035);
#9028 = B_SPLINE_CURVE_WITH_KNOTS('',5,(#9029,#9030,#9031,#9032,#9033,
    #9034),.UNSPECIFIED.,.F.,.F.,(6,6),(-0.345204639821,-0.237649737548)
  ,.PIECEWISE_BEZIER_KNOTS.);
#9029 = CARTESIAN_POINT('',(-3.850244248364,2.223221517855E-15));
#9030 = CARTESIAN_POINT('',(-3.870534234882,-0.104780710598));
#9031 = CARTESIAN_POINT('',(-3.891005413908,-0.201078180073));
#9032 = CARTESIAN_POINT('',(-3.911642544696,-0.288993413058));
#9033 = CARTESIAN_POINT('',(-3.932428852981,-0.368611078464));
#9034 = CARTESIAN_POINT('',(-3.953346364856,-0.44));
#9035 = ( GEOMETRIC_REPRESENTATION_CONTEXT(2) 
PARAMETRIC_REPRESENTATION_CONTEXT() REPRESENTATION_CONTEXT('2D SPACE',''
  ) );
#9036 = PCURVE('',#1369,#9037);
#9037 = DEFINITIONAL_REPRESENTATION('',(#9038),#9042);
#9038 = HYPERBOLA('',#9039,13.834165744901,1.179048216895);
#9039 = AXIS2_PLACEMENT_2D('',#9040,#9041);
#9040 = CARTESIAN_POINT('',(1.605583260579,-14.66666666666));
#9041 = DIRECTION('',(0.,1.));
#9042 = ( GEOMETRIC_REPRESENTATION_CONTEXT(2) 
PARAMETRIC_REPRESENTATION_CONTEXT() REPRESENTATION_CONTEXT('2D SPACE',''
  ) );
#9043 = ORIENTED_EDGE('',*,*,#9044,.T.);
#9044 = EDGE_CURVE('',#9018,#8915,#9045,.T.);
#9045 = SURFACE_CURVE('',#9046,(#9051,#9058),.PCURVE_S1.);
#9046 = CIRCLE('',#9047,1.215909090909);
#9047 = AXIS2_PLACEMENT_3D('',#9048,#9049,#9050);
#9048 = CARTESIAN_POINT('',(10.199048216895,-8.174730299493,4.));
#9049 = DIRECTION('',(0.,-1.224646799147E-16,-1.));
#9050 = DIRECTION('',(1.,0.,0.));
#9051 = PCURVE('',#1398,#9052);
#9052 = DEFINITIONAL_REPRESENTATION('',(#9053),#9057);
#9053 = LINE('',#9054,#9055);
#9054 = CARTESIAN_POINT('',(-0.,-0.4));
#9055 = VECTOR('',#9056,1.);
#9056 = DIRECTION('',(-1.,-0.));
#9057 = ( GEOMETRIC_REPRESENTATION_CONTEXT(2) 
PARAMETRIC_REPRESENTATION_CONTEXT() REPRESENTATION_CONTEXT('2D SPACE',''
  ) );
#9058 = PCURVE('',#6049,#9059);
#9059 = DEFINITIONAL_REPRESENTATION('',(#9060),#9064);
#9060 = CIRCLE('',#9061,1.215909090909);
#9061 = AXIS2_PLACEMENT_2D('',#9062,#9063);
#9062 = CARTESIAN_POINT('',(20.599048216895,8.174730299493));
#9063 = DIRECTION('',(1.,0.));
#9064 = ( GEOMETRIC_REPRESENTATION_CONTEXT(2) 
PARAMETRIC_REPRESENTATION_CONTEXT() REPRESENTATION_CONTEXT('2D SPACE',''
  ) );
#9065 = ORIENTED_EDGE('',*,*,#8937,.T.);
#9066 = ORIENTED_EDGE('',*,*,#1410,.T.);
#9067 = ADVANCED_FACE('',(#9068),#1369,.T.);
#9068 = FACE_BOUND('',#9069,.T.);
#9069 = EDGE_LOOP('',(#9070,#9071,#9072,#9095));
#9070 = ORIENTED_EDGE('',*,*,#1353,.F.);
#9071 = ORIENTED_EDGE('',*,*,#9017,.T.);
#9072 = ORIENTED_EDGE('',*,*,#9073,.F.);
#9073 = EDGE_CURVE('',#9074,#9018,#9076,.T.);
#9074 = VERTEX_POINT('',#9075);
#9075 = CARTESIAN_POINT('',(8.4,-7.851963660979,4.));
#9076 = SURFACE_CURVE('',#9077,(#9081,#9088),.PCURVE_S1.);
#9077 = LINE('',#9078,#9079);
#9078 = CARTESIAN_POINT('',(4.35,-10.19023225119,4.));
#9079 = VECTOR('',#9080,1.);
#9080 = DIRECTION('',(0.866025403784,0.5,-6.123233995737E-17));
#9081 = PCURVE('',#1369,#9082);
#9082 = DEFINITIONAL_REPRESENTATION('',(#9083),#9087);
#9083 = LINE('',#9084,#9085);
#9084 = CARTESIAN_POINT('',(7.678758580222,-0.4));
#9085 = VECTOR('',#9086,1.);
#9086 = DIRECTION('',(-1.,0.));
#9087 = ( GEOMETRIC_REPRESENTATION_CONTEXT(2) 
PARAMETRIC_REPRESENTATION_CONTEXT() REPRESENTATION_CONTEXT('2D SPACE',''
  ) );
#9088 = PCURVE('',#6049,#9089);
#9089 = DEFINITIONAL_REPRESENTATION('',(#9090),#9094);
#9090 = LINE('',#9091,#9092);
#9091 = CARTESIAN_POINT('',(14.75,10.190232251197));
#9092 = VECTOR('',#9093,1.);
#9093 = DIRECTION('',(0.866025403784,-0.5));
#9094 = ( GEOMETRIC_REPRESENTATION_CONTEXT(2) 
PARAMETRIC_REPRESENTATION_CONTEXT() REPRESENTATION_CONTEXT('2D SPACE',''
  ) );
#9095 = ORIENTED_EDGE('',*,*,#9096,.F.);
#9096 = EDGE_CURVE('',#1326,#9074,#9097,.T.);
#9097 = SURFACE_CURVE('',#9098,(#9102,#9109),.PCURVE_S1.);
#9098 = LINE('',#9099,#9100);
#9099 = CARTESIAN_POINT('',(8.4,-7.851963660979,4.4));
#9100 = VECTOR('',#9101,1.);
#9101 = DIRECTION('',(0.,-1.224646799147E-16,-1.));
#9102 = PCURVE('',#1369,#9103);
#9103 = DEFINITIONAL_REPRESENTATION('',(#9104),#9108);
#9104 = LINE('',#9105,#9106);
#9105 = CARTESIAN_POINT('',(3.002221399786,-1.83833041379E-16));
#9106 = VECTOR('',#9107,1.);
#9107 = DIRECTION('',(0.,-1.));
#9108 = ( GEOMETRIC_REPRESENTATION_CONTEXT(2) 
PARAMETRIC_REPRESENTATION_CONTEXT() REPRESENTATION_CONTEXT('2D SPACE',''
  ) );
#9109 = PCURVE('',#1341,#9110);
#9110 = DEFINITIONAL_REPRESENTATION('',(#9111),#9115);
#9111 = LINE('',#9112,#9113);
#9112 = CARTESIAN_POINT('',(0.692820323028,-8.484601909799E-17));
#9113 = VECTOR('',#9114,1.);
#9114 = DIRECTION('',(0.,-1.));
#9115 = ( GEOMETRIC_REPRESENTATION_CONTEXT(2) 
PARAMETRIC_REPRESENTATION_CONTEXT() REPRESENTATION_CONTEXT('2D SPACE',''
  ) );
#9116 = ADVANCED_FACE('',(#9117),#1341,.T.);
#9117 = FACE_BOUND('',#9118,.T.);
#9118 = EDGE_LOOP('',(#9119,#9120,#9121,#9144));
#9119 = ORIENTED_EDGE('',*,*,#1325,.F.);
#9120 = ORIENTED_EDGE('',*,*,#9096,.T.);
#9121 = ORIENTED_EDGE('',*,*,#9122,.F.);
#9122 = EDGE_CURVE('',#9123,#9074,#9125,.T.);
#9123 = VERTEX_POINT('',#9124);
#9124 = CARTESIAN_POINT('',(8.4,-10.85418506076,4.));
#9125 = SURFACE_CURVE('',#9126,(#9130,#9137),.PCURVE_S1.);
#9126 = LINE('',#9127,#9128);
#9127 = CARTESIAN_POINT('',(8.4,-3.579571668976,4.));
#9128 = VECTOR('',#9129,1.);
#9129 = DIRECTION('',(-4.807406715959E-16,1.,-1.224646799147E-16));
#9130 = PCURVE('',#1341,#9131);
#9131 = DEFINITIONAL_REPRESENTATION('',(#9132),#9136);
#9132 = LINE('',#9133,#9134);
#9133 = CARTESIAN_POINT('',(-3.579571668976,-0.4));
#9134 = VECTOR('',#9135,1.);
#9135 = DIRECTION('',(-1.,0.));
#9136 = ( GEOMETRIC_REPRESENTATION_CONTEXT(2) 
PARAMETRIC_REPRESENTATION_CONTEXT() REPRESENTATION_CONTEXT('2D SPACE',''
  ) );
#9137 = PCURVE('',#6049,#9138);
#9138 = DEFINITIONAL_REPRESENTATION('',(#9139),#9143);
#9139 = LINE('',#9140,#9141);
#9140 = CARTESIAN_POINT('',(18.8,3.579571668976));
#9141 = VECTOR('',#9142,1.);
#9142 = DIRECTION('',(-4.807406715959E-16,-1.));
#9143 = ( GEOMETRIC_REPRESENTATION_CONTEXT(2) 
PARAMETRIC_REPRESENTATION_CONTEXT() REPRESENTATION_CONTEXT('2D SPACE',''
  ) );
#9144 = ORIENTED_EDGE('',*,*,#9145,.F.);
#9145 = EDGE_CURVE('',#1298,#9123,#9146,.T.);
#9146 = SURFACE_CURVE('',#9147,(#9151,#9158),.PCURVE_S1.);
#9147 = LINE('',#9148,#9149);
#9148 = CARTESIAN_POINT('',(8.4,-10.85418506076,4.4));
#9149 = VECTOR('',#9150,1.);
#9150 = DIRECTION('',(0.,-1.224646799147E-16,-1.));
#9151 = PCURVE('',#1341,#9152);
#9152 = DEFINITIONAL_REPRESENTATION('',(#9153),#9157);
#9153 = LINE('',#9154,#9155);
#9154 = CARTESIAN_POINT('',(3.695041722814,4.356663178442E-16));
#9155 = VECTOR('',#9156,1.);
#9156 = DIRECTION('',(0.,-1.));
#9157 = ( GEOMETRIC_REPRESENTATION_CONTEXT(2) 
PARAMETRIC_REPRESENTATION_CONTEXT() REPRESENTATION_CONTEXT('2D SPACE',''
  ) );
#9158 = PCURVE('',#1313,#9159);
#9159 = DEFINITIONAL_REPRESENTATION('',(#9160),#9164);
#9160 = LINE('',#9161,#9162);
#9161 = CARTESIAN_POINT('',(0.,0.));
#9162 = VECTOR('',#9163,1.);
#9163 = DIRECTION('',(0.,-1.));
#9164 = ( GEOMETRIC_REPRESENTATION_CONTEXT(2) 
PARAMETRIC_REPRESENTATION_CONTEXT() REPRESENTATION_CONTEXT('2D SPACE',''
  ) );
#9165 = ADVANCED_FACE('',(#9166),#1313,.T.);
#9166 = FACE_BOUND('',#9167,.T.);
#9167 = EDGE_LOOP('',(#9168,#9169,#9170,#9193));
#9168 = ORIENTED_EDGE('',*,*,#1297,.F.);
#9169 = ORIENTED_EDGE('',*,*,#9145,.T.);
#9170 = ORIENTED_EDGE('',*,*,#9171,.F.);
#9171 = EDGE_CURVE('',#9172,#9123,#9174,.T.);
#9172 = VERTEX_POINT('',#9173);
#9173 = CARTESIAN_POINT('',(5.2,-12.70170592217,4.));
#9174 = SURFACE_CURVE('',#9175,(#9179,#9186),.PCURVE_S1.);
#9175 = LINE('',#9176,#9177);
#9176 = CARTESIAN_POINT('',(3.7,-13.56773132595,4.));
#9177 = VECTOR('',#9178,1.);
#9178 = DIRECTION('',(0.866025403784,0.5,-6.123233995737E-17));
#9179 = PCURVE('',#1313,#9180);
#9180 = DEFINITIONAL_REPRESENTATION('',(#9181),#9185);
#9181 = LINE('',#9182,#9183);
#9182 = CARTESIAN_POINT('',(5.427092530382,-0.4));
#9183 = VECTOR('',#9184,1.);
#9184 = DIRECTION('',(-1.,0.));
#9185 = ( GEOMETRIC_REPRESENTATION_CONTEXT(2) 
PARAMETRIC_REPRESENTATION_CONTEXT() REPRESENTATION_CONTEXT('2D SPACE',''
  ) );
#9186 = PCURVE('',#6049,#9187);
#9187 = DEFINITIONAL_REPRESENTATION('',(#9188),#9192);
#9188 = LINE('',#9189,#9190);
#9189 = CARTESIAN_POINT('',(14.1,13.567731325956));
#9190 = VECTOR('',#9191,1.);
#9191 = DIRECTION('',(0.866025403784,-0.5));
#9192 = ( GEOMETRIC_REPRESENTATION_CONTEXT(2) 
PARAMETRIC_REPRESENTATION_CONTEXT() REPRESENTATION_CONTEXT('2D SPACE',''
  ) );
#9193 = ORIENTED_EDGE('',*,*,#9194,.F.);
#9194 = EDGE_CURVE('',#1270,#9172,#9195,.T.);
#9195 = SURFACE_CURVE('',#9196,(#9200,#9207),.PCURVE_S1.);
#9196 = LINE('',#9197,#9198);
#9197 = CARTESIAN_POINT('',(5.2,-12.70170592217,4.4));
#9198 = VECTOR('',#9199,1.);
#9199 = DIRECTION('',(0.,-1.224646799147E-16,-1.));
#9200 = PCURVE('',#1313,#9201);
#9201 = DEFINITIONAL_REPRESENTATION('',(#9202),#9206);
#9202 = LINE('',#9203,#9204);
#9203 = CARTESIAN_POINT('',(3.695041722814,6.619223687721E-16));
#9204 = VECTOR('',#9205,1.);
#9205 = DIRECTION('',(0.,-1.));
#9206 = ( GEOMETRIC_REPRESENTATION_CONTEXT(2) 
PARAMETRIC_REPRESENTATION_CONTEXT() REPRESENTATION_CONTEXT('2D SPACE',''
  ) );
#9207 = PCURVE('',#1285,#9208);
#9208 = DEFINITIONAL_REPRESENTATION('',(#9209),#9213);
#9209 = LINE('',#9210,#9211);
#9210 = CARTESIAN_POINT('',(0.,0.));
#9211 = VECTOR('',#9212,1.);
#9212 = DIRECTION('',(0.,-1.));
#9213 = ( GEOMETRIC_REPRESENTATION_CONTEXT(2) 
PARAMETRIC_REPRESENTATION_CONTEXT() REPRESENTATION_CONTEXT('2D SPACE',''
  ) );
#9214 = ADVANCED_FACE('',(#9215),#1285,.T.);
#9215 = FACE_BOUND('',#9216,.T.);
#9216 = EDGE_LOOP('',(#9217,#9218,#9219,#9242,#9270,#9298));
#9217 = ORIENTED_EDGE('',*,*,#1269,.F.);
#9218 = ORIENTED_EDGE('',*,*,#9194,.T.);
#9219 = ORIENTED_EDGE('',*,*,#9220,.F.);
#9220 = EDGE_CURVE('',#9221,#9172,#9223,.T.);
#9221 = VERTEX_POINT('',#9222);
#9222 = CARTESIAN_POINT('',(2.6,-11.20059522227,4.));
#9223 = SURFACE_CURVE('',#9224,(#9228,#9235),.PCURVE_S1.);
#9224 = LINE('',#9225,#9226);
#9225 = CARTESIAN_POINT('',(-3.4,-7.736493607141,4.));
#9226 = VECTOR('',#9227,1.);
#9227 = DIRECTION('',(0.866025403784,-0.5,6.123233995737E-17));
#9228 = PCURVE('',#1285,#9229);
#9229 = DEFINITIONAL_REPRESENTATION('',(#9230),#9234);
#9230 = LINE('',#9231,#9232);
#9231 = CARTESIAN_POINT('',(9.930424630062,-0.4));
#9232 = VECTOR('',#9233,1.);
#9233 = DIRECTION('',(-1.,0.));
#9234 = ( GEOMETRIC_REPRESENTATION_CONTEXT(2) 
PARAMETRIC_REPRESENTATION_CONTEXT() REPRESENTATION_CONTEXT('2D SPACE',''
  ) );
#9235 = PCURVE('',#6049,#9236);
#9236 = DEFINITIONAL_REPRESENTATION('',(#9237),#9241);
#9237 = LINE('',#9238,#9239);
#9238 = CARTESIAN_POINT('',(7.,7.736493607141));
#9239 = VECTOR('',#9240,1.);
#9240 = DIRECTION('',(0.866025403784,0.5));
#9241 = ( GEOMETRIC_REPRESENTATION_CONTEXT(2) 
PARAMETRIC_REPRESENTATION_CONTEXT() REPRESENTATION_CONTEXT('2D SPACE',''
  ) );
#9242 = ORIENTED_EDGE('',*,*,#9243,.F.);
#9243 = EDGE_CURVE('',#9244,#9221,#9246,.T.);
#9244 = VERTEX_POINT('',#9245);
#9245 = CARTESIAN_POINT('',(2.6,-11.20059522227,4.4));
#9246 = SURFACE_CURVE('',#9247,(#9251,#9258),.PCURVE_S1.);
#9247 = LINE('',#9248,#9249);
#9248 = CARTESIAN_POINT('',(2.6,-11.20059522227,4.4));
#9249 = VECTOR('',#9250,1.);
#9250 = DIRECTION('',(0.,-1.224646799147E-16,-1.));
#9251 = PCURVE('',#1285,#9252);
#9252 = DEFINITIONAL_REPRESENTATION('',(#9253),#9257);
#9253 = LINE('',#9254,#9255);
#9254 = CARTESIAN_POINT('',(3.002221399786,-7.043453783211E-16));
#9255 = VECTOR('',#9256,1.);
#9256 = DIRECTION('',(0.,-1.));
#9257 = ( GEOMETRIC_REPRESENTATION_CONTEXT(2) 
PARAMETRIC_REPRESENTATION_CONTEXT() REPRESENTATION_CONTEXT('2D SPACE',''
  ) );
#9258 = PCURVE('',#9259,#9264);
#9259 = PLANE('',#9260);
#9260 = AXIS2_PLACEMENT_3D('',#9261,#9262,#9263);
#9261 = CARTESIAN_POINT('',(3.2,-10.85418506076,4.4));
#9262 = DIRECTION('',(-0.5,0.866025403784,-1.060575238725E-16));
#9263 = DIRECTION('',(-0.866025403784,-0.5,6.123233995737E-17));
#9264 = DEFINITIONAL_REPRESENTATION('',(#9265),#9269);
#9265 = LINE('',#9266,#9267);
#9266 = CARTESIAN_POINT('',(0.692820323028,-4.2423009549E-17));
#9267 = VECTOR('',#9268,1.);
#9268 = DIRECTION('',(0.,-1.));
#9269 = ( GEOMETRIC_REPRESENTATION_CONTEXT(2) 
PARAMETRIC_REPRESENTATION_CONTEXT() REPRESENTATION_CONTEXT('2D SPACE',''
  ) );
#9270 = ORIENTED_EDGE('',*,*,#9271,.F.);
#9271 = EDGE_CURVE('',#9272,#9244,#9274,.T.);
#9272 = VERTEX_POINT('',#9273);
#9273 = CARTESIAN_POINT('',(2.908402059581,-11.37865123439,4.4));
#9274 = SURFACE_CURVE('',#9275,(#9279,#9286),.PCURVE_S1.);
#9275 = LINE('',#9276,#9277);
#9276 = CARTESIAN_POINT('',(5.2,-12.70170592217,4.4));
#9277 = VECTOR('',#9278,1.);
#9278 = DIRECTION('',(-0.866025403784,0.5,-6.123233995737E-17));
#9279 = PCURVE('',#1285,#9280);
#9280 = DEFINITIONAL_REPRESENTATION('',(#9281),#9285);
#9281 = LINE('',#9282,#9283);
#9282 = CARTESIAN_POINT('',(0.,0.));
#9283 = VECTOR('',#9284,1.);
#9284 = DIRECTION('',(1.,0.));
#9285 = ( GEOMETRIC_REPRESENTATION_CONTEXT(2) 
PARAMETRIC_REPRESENTATION_CONTEXT() REPRESENTATION_CONTEXT('2D SPACE',''
  ) );
#9286 = PCURVE('',#9287,#9292);
#9287 = PLANE('',#9288);
#9288 = AXIS2_PLACEMENT_3D('',#9289,#9290,#9291);
#9289 = CARTESIAN_POINT('',(-10.4,1.631438850498E-16,4.4));
#9290 = DIRECTION('',(0.,-1.224646799147E-16,-1.));
#9291 = DIRECTION('',(1.,0.,0.));
#9292 = DEFINITIONAL_REPRESENTATION('',(#9293),#9297);
#9293 = LINE('',#9294,#9295);
#9294 = CARTESIAN_POINT('',(15.6,12.701705922172));
#9295 = VECTOR('',#9296,1.);
#9296 = DIRECTION('',(-0.866025403784,-0.5));
#9297 = ( GEOMETRIC_REPRESENTATION_CONTEXT(2) 
PARAMETRIC_REPRESENTATION_CONTEXT() REPRESENTATION_CONTEXT('2D SPACE',''
  ) );
#9298 = ORIENTED_EDGE('',*,*,#9299,.T.);
#9299 = EDGE_CURVE('',#9272,#1246,#9300,.T.);
#9300 = SURFACE_CURVE('',#9301,(#9306,#9313),.PCURVE_S1.);
#9301 = HYPERBOLA('',#9302,14.325688086693,1.22093932557);
#9302 = AXIS2_PLACEMENT_3D('',#9303,#9304,#9305);
#9303 = CARTESIAN_POINT('',(3.140469662785,-11.51263552757,
    -10.26666666666));
#9304 = DIRECTION('',(0.5,0.866025403784,-1.060575238725E-16));
#9305 = DIRECTION('',(0.,1.224646799147E-16,1.));
#9306 = PCURVE('',#1285,#9307);
#9307 = DEFINITIONAL_REPRESENTATION('',(#9308),#9312);
#9308 = HYPERBOLA('',#9309,14.325688086693,1.22093932557);
#9309 = AXIS2_PLACEMENT_2D('',#9310,#9311);
#9310 = CARTESIAN_POINT('',(2.37814078919,-14.66666666666));
#9311 = DIRECTION('',(0.,1.));
#9312 = ( GEOMETRIC_REPRESENTATION_CONTEXT(2) 
PARAMETRIC_REPRESENTATION_CONTEXT() REPRESENTATION_CONTEXT('2D SPACE',''
  ) );
#9313 = PCURVE('',#1233,#9314);
#9314 = DEFINITIONAL_REPRESENTATION('',(#9315),#9323);
#9315 = B_SPLINE_CURVE_WITH_KNOTS('',6,(#9316,#9317,#9318,#9319,#9320,
    #9321,#9322),.UNSPECIFIED.,.F.,.F.,(7,7),(-0.217752483175,
    0.217752483175),.PIECEWISE_BEZIER_KNOTS.);
#9316 = CARTESIAN_POINT('',(-5.019935981356,1.104095643937E-14));
#9317 = CARTESIAN_POINT('',(-5.090832666676,-0.228216560363));
#9318 = CARTESIAN_POINT('',(-5.163052954992,-0.363708218014));
#9319 = CARTESIAN_POINT('',(-5.235987755983,-0.408639192836));
#9320 = CARTESIAN_POINT('',(-5.308922556974,-0.363708218014));
#9321 = CARTESIAN_POINT('',(-5.38114284529,-0.228216560363));
#9322 = CARTESIAN_POINT('',(-5.45203953061,3.986768502158E-15));
#9323 = ( GEOMETRIC_REPRESENTATION_CONTEXT(2) 
PARAMETRIC_REPRESENTATION_CONTEXT() REPRESENTATION_CONTEXT('2D SPACE',''
  ) );
#9324 = ADVANCED_FACE('',(#9325),#1233,.F.);
#9325 = FACE_BOUND('',#9326,.F.);
#9326 = EDGE_LOOP('',(#9327,#9350,#9377,#9378,#9379,#9406,#9430,#9457,
    #9479,#9480));
#9327 = ORIENTED_EDGE('',*,*,#9328,.T.);
#9328 = EDGE_CURVE('',#1217,#9329,#9331,.T.);
#9329 = VERTEX_POINT('',#9330);
#9330 = CARTESIAN_POINT('',(3.63,-12.57,2.64));
#9331 = SEAM_CURVE('',#9332,(#9336,#9343),.PCURVE_S1.);
#9332 = LINE('',#9333,#9334);
#9333 = CARTESIAN_POINT('',(3.78,-12.57,4.4));
#9334 = VECTOR('',#9335,1.);
#9335 = DIRECTION('',(-8.491941668366E-02,-1.428215741092E-16,
    -0.996387822422));
#9336 = PCURVE('',#1233,#9337);
#9337 = DEFINITIONAL_REPRESENTATION('',(#9338),#9342);
#9338 = LINE('',#9339,#9340);
#9339 = CARTESIAN_POINT('',(-6.28318530718,0.));
#9340 = VECTOR('',#9341,1.);
#9341 = DIRECTION('',(-0.,-1.));
#9342 = ( GEOMETRIC_REPRESENTATION_CONTEXT(2) 
PARAMETRIC_REPRESENTATION_CONTEXT() REPRESENTATION_CONTEXT('2D SPACE',''
  ) );
#9343 = PCURVE('',#1233,#9344);
#9344 = DEFINITIONAL_REPRESENTATION('',(#9345),#9349);
#9345 = LINE('',#9346,#9347);
#9346 = CARTESIAN_POINT('',(0.,-0.));
#9347 = VECTOR('',#9348,1.);
#9348 = DIRECTION('',(-0.,-1.));
#9349 = ( GEOMETRIC_REPRESENTATION_CONTEXT(2) 
PARAMETRIC_REPRESENTATION_CONTEXT() REPRESENTATION_CONTEXT('2D SPACE',''
  ) );
#9350 = ORIENTED_EDGE('',*,*,#9351,.F.);
#9351 = EDGE_CURVE('',#9329,#9329,#9352,.T.);
#9352 = SURFACE_CURVE('',#9353,(#9358,#9365),.PCURVE_S1.);
#9353 = CIRCLE('',#9354,1.1);
#9354 = AXIS2_PLACEMENT_3D('',#9355,#9356,#9357);
#9355 = CARTESIAN_POINT('',(2.53,-12.57,2.64));
#9356 = DIRECTION('',(0.,-1.224646799147E-16,-1.));
#9357 = DIRECTION('',(1.,0.,0.));
#9358 = PCURVE('',#1233,#9359);
#9359 = DEFINITIONAL_REPRESENTATION('',(#9360),#9364);
#9360 = LINE('',#9361,#9362);
#9361 = CARTESIAN_POINT('',(-0.,-1.76));
#9362 = VECTOR('',#9363,1.);
#9363 = DIRECTION('',(-1.,-0.));
#9364 = ( GEOMETRIC_REPRESENTATION_CONTEXT(2) 
PARAMETRIC_REPRESENTATION_CONTEXT() REPRESENTATION_CONTEXT('2D SPACE',''
  ) );
#9365 = PCURVE('',#9366,#9371);
#9366 = CYLINDRICAL_SURFACE('',#9367,1.1);
#9367 = AXIS2_PLACEMENT_3D('',#9368,#9369,#9370);
#9368 = CARTESIAN_POINT('',(2.53,-12.57,21.5));
#9369 = DIRECTION('',(-0.,1.224646799147E-16,1.));
#9370 = DIRECTION('',(1.,0.,0.));
#9371 = DEFINITIONAL_REPRESENTATION('',(#9372),#9376);
#9372 = LINE('',#9373,#9374);
#9373 = CARTESIAN_POINT('',(-0.,-18.86));
#9374 = VECTOR('',#9375,1.);
#9375 = DIRECTION('',(-1.,0.));
#9376 = ( GEOMETRIC_REPRESENTATION_CONTEXT(2) 
PARAMETRIC_REPRESENTATION_CONTEXT() REPRESENTATION_CONTEXT('2D SPACE',''
  ) );
#9377 = ORIENTED_EDGE('',*,*,#9328,.F.);
#9378 = ORIENTED_EDGE('',*,*,#1216,.T.);
#9379 = ORIENTED_EDGE('',*,*,#9380,.T.);
#9380 = EDGE_CURVE('',#1189,#9381,#9383,.T.);
#9381 = VERTEX_POINT('',#9382);
#9382 = CARTESIAN_POINT('',(1.614927348921,-11.76932718255,4.));
#9383 = SURFACE_CURVE('',#9384,(#9389,#9399),.PCURVE_S1.);
#9384 = HYPERBOLA('',#9385,13.504354753359,1.15093932557);
#9385 = AXIS2_PLACEMENT_3D('',#9386,#9387,#9388);
#9386 = CARTESIAN_POINT('',(1.954530337215,-11.57325730584,
    -10.26666666666));
#9387 = DIRECTION('',(-0.5,0.866025403784,-1.060575238725E-16));
#9388 = DIRECTION('',(0.,1.224646799147E-16,1.));
#9389 = PCURVE('',#1233,#9390);
#9390 = DEFINITIONAL_REPRESENTATION('',(#9391),#9398);
#9391 = B_SPLINE_CURVE_WITH_KNOTS('',5,(#9392,#9393,#9394,#9395,#9396,
    #9397),.UNSPECIFIED.,.F.,.F.,(6,6),(-0.411976539493,-0.325629246097)
  ,.PIECEWISE_BEZIER_KNOTS.);
#9392 = CARTESIAN_POINT('',(-3.78799608924,-4.94369314421E-15));
#9393 = CARTESIAN_POINT('',(-3.80389696854,-9.881920737314E-02));
#9394 = CARTESIAN_POINT('',(-3.819931766334,-0.192170787872));
#9395 = CARTESIAN_POINT('',(-3.836093611835,-0.280116138773));
#9396 = CARTESIAN_POINT('',(-3.852374949252,-0.362709868418));
#9397 = CARTESIAN_POINT('',(-3.868767608324,-0.44));
#9398 = ( GEOMETRIC_REPRESENTATION_CONTEXT(2) 
PARAMETRIC_REPRESENTATION_CONTEXT() REPRESENTATION_CONTEXT('2D SPACE',''
  ) );
#9399 = PCURVE('',#1204,#9400);
#9400 = DEFINITIONAL_REPRESENTATION('',(#9401),#9405);
#9401 = HYPERBOLA('',#9402,13.504354753359,1.15093932557);
#9402 = AXIS2_PLACEMENT_2D('',#9403,#9404);
#9403 = CARTESIAN_POINT('',(1.438144490153,-14.66666666666));
#9404 = DIRECTION('',(-1.232595164408E-32,1.));
#9405 = ( GEOMETRIC_REPRESENTATION_CONTEXT(2) 
PARAMETRIC_REPRESENTATION_CONTEXT() REPRESENTATION_CONTEXT('2D SPACE',''
  ) );
#9406 = ORIENTED_EDGE('',*,*,#9407,.T.);
#9407 = EDGE_CURVE('',#9381,#9408,#9410,.T.);
#9408 = VERTEX_POINT('',#9409);
#9409 = CARTESIAN_POINT('',(2.294133325509,-11.37718742913,4.));
#9410 = SURFACE_CURVE('',#9411,(#9416,#9423),.PCURVE_S1.);
#9411 = CIRCLE('',#9412,1.215909090909);
#9412 = AXIS2_PLACEMENT_3D('',#9413,#9414,#9415);
#9413 = CARTESIAN_POINT('',(2.53,-12.57,4.));
#9414 = DIRECTION('',(0.,-1.224646799147E-16,-1.));
#9415 = DIRECTION('',(1.,0.,0.));
#9416 = PCURVE('',#1233,#9417);
#9417 = DEFINITIONAL_REPRESENTATION('',(#9418),#9422);
#9418 = LINE('',#9419,#9420);
#9419 = CARTESIAN_POINT('',(-0.,-0.4));
#9420 = VECTOR('',#9421,1.);
#9421 = DIRECTION('',(-1.,-0.));
#9422 = ( GEOMETRIC_REPRESENTATION_CONTEXT(2) 
PARAMETRIC_REPRESENTATION_CONTEXT() REPRESENTATION_CONTEXT('2D SPACE',''
  ) );
#9423 = PCURVE('',#6049,#9424);
#9424 = DEFINITIONAL_REPRESENTATION('',(#9425),#9429);
#9425 = CIRCLE('',#9426,1.215909090909);
#9426 = AXIS2_PLACEMENT_2D('',#9427,#9428);
#9427 = CARTESIAN_POINT('',(12.93,12.57));
#9428 = DIRECTION('',(1.,0.));
#9429 = ( GEOMETRIC_REPRESENTATION_CONTEXT(2) 
PARAMETRIC_REPRESENTATION_CONTEXT() REPRESENTATION_CONTEXT('2D SPACE',''
  ) );
#9430 = ORIENTED_EDGE('',*,*,#9431,.T.);
#9431 = EDGE_CURVE('',#9408,#9432,#9434,.T.);
#9432 = VERTEX_POINT('',#9433);
#9433 = CARTESIAN_POINT('',(2.376879720595,-11.32941377565,4.4));
#9434 = SURFACE_CURVE('',#9435,(#9440,#9450),.PCURVE_S1.);
#9435 = HYPERBOLA('',#9436,13.504354753359,1.15093932557);
#9436 = AXIS2_PLACEMENT_3D('',#9437,#9438,#9439);
#9437 = CARTESIAN_POINT('',(1.954530337215,-11.57325730584,
    -10.26666666666));
#9438 = DIRECTION('',(-0.5,0.866025403784,-1.060575238725E-16));
#9439 = DIRECTION('',(0.,1.224646799147E-16,1.));
#9440 = PCURVE('',#1233,#9441);
#9441 = DEFINITIONAL_REPRESENTATION('',(#9442),#9449);
#9442 = B_SPLINE_CURVE_WITH_KNOTS('',5,(#9443,#9444,#9445,#9446,#9447,
    #9448),.UNSPECIFIED.,.F.,.F.,(6,6),(0.325629246097,0.411976539493),
  .PIECEWISE_BEZIER_KNOTS.);
#9443 = CARTESIAN_POINT('',(-4.508812801248,-0.44));
#9444 = CARTESIAN_POINT('',(-4.525205460321,-0.362709868418));
#9445 = CARTESIAN_POINT('',(-4.541486797738,-0.280116138773));
#9446 = CARTESIAN_POINT('',(-4.557648643239,-0.192170787872));
#9447 = CARTESIAN_POINT('',(-4.573683441032,-9.881920737314E-02));
#9448 = CARTESIAN_POINT('',(-4.589584320333,-3.123782797481E-15));
#9449 = ( GEOMETRIC_REPRESENTATION_CONTEXT(2) 
PARAMETRIC_REPRESENTATION_CONTEXT() REPRESENTATION_CONTEXT('2D SPACE',''
  ) );
#9450 = PCURVE('',#9259,#9451);
#9451 = DEFINITIONAL_REPRESENTATION('',(#9452),#9456);
#9452 = HYPERBOLA('',#9453,13.504354753359,1.15093932557);
#9453 = AXIS2_PLACEMENT_2D('',#9454,#9455);
#9454 = CARTESIAN_POINT('',(1.438144490153,-14.66666666666));
#9455 = DIRECTION('',(-1.232595164408E-32,1.));
#9456 = ( GEOMETRIC_REPRESENTATION_CONTEXT(2) 
PARAMETRIC_REPRESENTATION_CONTEXT() REPRESENTATION_CONTEXT('2D SPACE',''
  ) );
#9457 = ORIENTED_EDGE('',*,*,#9458,.T.);
#9458 = EDGE_CURVE('',#9432,#9272,#9459,.T.);
#9459 = SURFACE_CURVE('',#9460,(#9465,#9472),.PCURVE_S1.);
#9460 = CIRCLE('',#9461,1.25);
#9461 = AXIS2_PLACEMENT_3D('',#9462,#9463,#9464);
#9462 = CARTESIAN_POINT('',(2.53,-12.57,4.4));
#9463 = DIRECTION('',(0.,-1.224646799147E-16,-1.));
#9464 = DIRECTION('',(1.,0.,0.));
#9465 = PCURVE('',#1233,#9466);
#9466 = DEFINITIONAL_REPRESENTATION('',(#9467),#9471);
#9467 = LINE('',#9468,#9469);
#9468 = CARTESIAN_POINT('',(-0.,-0.));
#9469 = VECTOR('',#9470,1.);
#9470 = DIRECTION('',(-1.,-0.));
#9471 = ( GEOMETRIC_REPRESENTATION_CONTEXT(2) 
PARAMETRIC_REPRESENTATION_CONTEXT() REPRESENTATION_CONTEXT('2D SPACE',''
  ) );
#9472 = PCURVE('',#9287,#9473);
#9473 = DEFINITIONAL_REPRESENTATION('',(#9474),#9478);
#9474 = CIRCLE('',#9475,1.25);
#9475 = AXIS2_PLACEMENT_2D('',#9476,#9477);
#9476 = CARTESIAN_POINT('',(12.93,12.57));
#9477 = DIRECTION('',(1.,0.));
#9478 = ( GEOMETRIC_REPRESENTATION_CONTEXT(2) 
PARAMETRIC_REPRESENTATION_CONTEXT() REPRESENTATION_CONTEXT('2D SPACE',''
  ) );
#9479 = ORIENTED_EDGE('',*,*,#9299,.T.);
#9480 = ORIENTED_EDGE('',*,*,#1245,.T.);
#9481 = ADVANCED_FACE('',(#9482),#1204,.T.);
#9482 = FACE_BOUND('',#9483,.T.);
#9483 = EDGE_LOOP('',(#9484,#9485,#9486,#9509));
#9484 = ORIENTED_EDGE('',*,*,#1188,.F.);
#9485 = ORIENTED_EDGE('',*,*,#9380,.T.);
#9486 = ORIENTED_EDGE('',*,*,#9487,.F.);
#9487 = EDGE_CURVE('',#9488,#9381,#9490,.T.);
#9488 = VERTEX_POINT('',#9489);
#9489 = CARTESIAN_POINT('',(2.26256050928E-16,-12.70170592217,4.));
#9490 = SURFACE_CURVE('',#9491,(#9495,#9502),.PCURVE_S1.);
#9491 = LINE('',#9492,#9493);
#9492 = CARTESIAN_POINT('',(0.45,-12.44189830103,4.));
#9493 = VECTOR('',#9494,1.);
#9494 = DIRECTION('',(0.866025403784,0.5,-6.123233995737E-17));
#9495 = PCURVE('',#1204,#9496);
#9496 = DEFINITIONAL_REPRESENTATION('',(#9497),#9501);
#9497 = LINE('',#9498,#9499);
#9498 = CARTESIAN_POINT('',(3.175426480543,-0.4));
#9499 = VECTOR('',#9500,1.);
#9500 = DIRECTION('',(-1.,0.));
#9501 = ( GEOMETRIC_REPRESENTATION_CONTEXT(2) 
PARAMETRIC_REPRESENTATION_CONTEXT() REPRESENTATION_CONTEXT('2D SPACE',''
  ) );
#9502 = PCURVE('',#6049,#9503);
#9503 = DEFINITIONAL_REPRESENTATION('',(#9504),#9508);
#9504 = LINE('',#9505,#9506);
#9505 = CARTESIAN_POINT('',(10.85,12.441898301036));
#9506 = VECTOR('',#9507,1.);
#9507 = DIRECTION('',(0.866025403784,-0.5));
#9508 = ( GEOMETRIC_REPRESENTATION_CONTEXT(2) 
PARAMETRIC_REPRESENTATION_CONTEXT() REPRESENTATION_CONTEXT('2D SPACE',''
  ) );
#9509 = ORIENTED_EDGE('',*,*,#9510,.F.);
#9510 = EDGE_CURVE('',#1161,#9488,#9511,.T.);
#9511 = SURFACE_CURVE('',#9512,(#9516,#9523),.PCURVE_S1.);
#9512 = LINE('',#9513,#9514);
#9513 = CARTESIAN_POINT('',(2.26256050928E-16,-12.70170592217,4.4));
#9514 = VECTOR('',#9515,1.);
#9515 = DIRECTION('',(0.,-1.224646799147E-16,-1.));
#9516 = PCURVE('',#1204,#9517);
#9517 = DEFINITIONAL_REPRESENTATION('',(#9518),#9522);
#9518 = LINE('',#9519,#9520);
#9519 = CARTESIAN_POINT('',(3.695041722814,6.619223687721E-16));
#9520 = VECTOR('',#9521,1.);
#9521 = DIRECTION('',(0.,-1.));
#9522 = ( GEOMETRIC_REPRESENTATION_CONTEXT(2) 
PARAMETRIC_REPRESENTATION_CONTEXT() REPRESENTATION_CONTEXT('2D SPACE',''
  ) );
#9523 = PCURVE('',#1176,#9524);
#9524 = DEFINITIONAL_REPRESENTATION('',(#9525),#9529);
#9525 = LINE('',#9526,#9527);
#9526 = CARTESIAN_POINT('',(0.,0.));
#9527 = VECTOR('',#9528,1.);
#9528 = DIRECTION('',(0.,-1.));
#9529 = ( GEOMETRIC_REPRESENTATION_CONTEXT(2) 
PARAMETRIC_REPRESENTATION_CONTEXT() REPRESENTATION_CONTEXT('2D SPACE',''
  ) );
#9530 = ADVANCED_FACE('',(#9531),#1176,.T.);
#9531 = FACE_BOUND('',#9532,.T.);
#9532 = EDGE_LOOP('',(#9533,#9534,#9535,#9558));
#9533 = ORIENTED_EDGE('',*,*,#1160,.F.);
#9534 = ORIENTED_EDGE('',*,*,#9510,.T.);
#9535 = ORIENTED_EDGE('',*,*,#9536,.F.);
#9536 = EDGE_CURVE('',#9537,#9488,#9539,.T.);
#9537 = VERTEX_POINT('',#9538);
#9538 = CARTESIAN_POINT('',(-1.133162532602,-12.04747422893,4.));
#9539 = SURFACE_CURVE('',#9540,(#9544,#9551),.PCURVE_S1.);
#9540 = LINE('',#9541,#9542);
#9541 = CARTESIAN_POINT('',(-6.65,-8.862326632061,4.));
#9542 = VECTOR('',#9543,1.);
#9543 = DIRECTION('',(0.866025403784,-0.5,6.123233995737E-17));
#9544 = PCURVE('',#1176,#9545);
#9545 = DEFINITIONAL_REPRESENTATION('',(#9546),#9550);
#9546 = LINE('',#9547,#9548);
#9547 = CARTESIAN_POINT('',(7.678758580222,-0.4));
#9548 = VECTOR('',#9549,1.);
#9549 = DIRECTION('',(-1.,0.));
#9550 = ( GEOMETRIC_REPRESENTATION_CONTEXT(2) 
PARAMETRIC_REPRESENTATION_CONTEXT() REPRESENTATION_CONTEXT('2D SPACE',''
  ) );
#9551 = PCURVE('',#6049,#9552);
#9552 = DEFINITIONAL_REPRESENTATION('',(#9553),#9557);
#9553 = LINE('',#9554,#9555);
#9554 = CARTESIAN_POINT('',(3.75,8.862326632061));
#9555 = VECTOR('',#9556,1.);
#9556 = DIRECTION('',(0.866025403784,0.5));
#9557 = ( GEOMETRIC_REPRESENTATION_CONTEXT(2) 
PARAMETRIC_REPRESENTATION_CONTEXT() REPRESENTATION_CONTEXT('2D SPACE',''
  ) );
#9558 = ORIENTED_EDGE('',*,*,#9559,.T.);
#9559 = EDGE_CURVE('',#9537,#1137,#9560,.T.);
#9560 = SURFACE_CURVE('',#9561,(#9566,#9573),.PCURVE_S1.);
#9561 = HYPERBOLA('',#9562,13.834165744901,1.179048216895);
#9562 = AXIS2_PLACEMENT_3D('',#9563,#9564,#9565);
#9563 = CARTESIAN_POINT('',(-1.390475891553,-11.89891429188,
    -10.26666666666));
#9564 = DIRECTION('',(0.5,0.866025403784,-1.060575238725E-16));
#9565 = DIRECTION('',(0.,1.224646799147E-16,1.));
#9566 = PCURVE('',#1176,#9567);
#9567 = DEFINITIONAL_REPRESENTATION('',(#9568),#9572);
#9568 = HYPERBOLA('',#9569,13.834165744901,1.179048216895);
#9569 = AXIS2_PLACEMENT_2D('',#9570,#9571);
#9570 = CARTESIAN_POINT('',(1.605583260579,-14.66666666666));
#9571 = DIRECTION('',(0.,1.));
#9572 = ( GEOMETRIC_REPRESENTATION_CONTEXT(2) 
PARAMETRIC_REPRESENTATION_CONTEXT() REPRESENTATION_CONTEXT('2D SPACE',''
  ) );
#9573 = PCURVE('',#1124,#9574);
#9574 = DEFINITIONAL_REPRESENTATION('',(#9575),#9582);
#9575 = B_SPLINE_CURVE_WITH_KNOTS('',5,(#9576,#9577,#9578,#9579,#9580,
    #9581),.UNSPECIFIED.,.F.,.F.,(6,6),(0.237649737548,0.345204639821),
  .PIECEWISE_BEZIER_KNOTS.);
#9576 = CARTESIAN_POINT('',(-5.471431595913,-0.44));
#9577 = CARTESIAN_POINT('',(-5.492349107788,-0.368611078464));
#9578 = CARTESIAN_POINT('',(-5.513135416073,-0.288993413058));
#9579 = CARTESIAN_POINT('',(-5.533772546862,-0.201078180073));
#9580 = CARTESIAN_POINT('',(-5.554243725887,-0.104780710598));
#9581 = CARTESIAN_POINT('',(-5.574533712406,1.822665888891E-14));
#9582 = ( GEOMETRIC_REPRESENTATION_CONTEXT(2) 
PARAMETRIC_REPRESENTATION_CONTEXT() REPRESENTATION_CONTEXT('2D SPACE',''
  ) );
#9583 = ADVANCED_FACE('',(#9584),#1124,.F.);
#9584 = FACE_BOUND('',#9585,.F.);
#9585 = EDGE_LOOP('',(#9586,#9609,#9636,#9637,#9638,#9665,#9687,#9688));
#9586 = ORIENTED_EDGE('',*,*,#9587,.T.);
#9587 = EDGE_CURVE('',#1108,#9588,#9590,.T.);
#9588 = VERTEX_POINT('',#9589);
#9589 = CARTESIAN_POINT('',(-0.88,-12.92,2.64));
#9590 = SEAM_CURVE('',#9591,(#9595,#9602),.PCURVE_S1.);
#9591 = LINE('',#9592,#9593);
#9592 = CARTESIAN_POINT('',(-0.73,-12.92,4.4));
#9593 = VECTOR('',#9594,1.);
#9594 = DIRECTION('',(-8.491941668366E-02,-1.428215741092E-16,
    -0.996387822422));
#9595 = PCURVE('',#1124,#9596);
#9596 = DEFINITIONAL_REPRESENTATION('',(#9597),#9601);
#9597 = LINE('',#9598,#9599);
#9598 = CARTESIAN_POINT('',(-6.28318530718,0.));
#9599 = VECTOR('',#9600,1.);
#9600 = DIRECTION('',(-0.,-1.));
#9601 = ( GEOMETRIC_REPRESENTATION_CONTEXT(2) 
PARAMETRIC_REPRESENTATION_CONTEXT() REPRESENTATION_CONTEXT('2D SPACE',''
  ) );
#9602 = PCURVE('',#1124,#9603);
#9603 = DEFINITIONAL_REPRESENTATION('',(#9604),#9608);
#9604 = LINE('',#9605,#9606);
#9605 = CARTESIAN_POINT('',(0.,-0.));
#9606 = VECTOR('',#9607,1.);
#9607 = DIRECTION('',(-0.,-1.));
#9608 = ( GEOMETRIC_REPRESENTATION_CONTEXT(2) 
PARAMETRIC_REPRESENTATION_CONTEXT() REPRESENTATION_CONTEXT('2D SPACE',''
  ) );
#9609 = ORIENTED_EDGE('',*,*,#9610,.F.);
#9610 = EDGE_CURVE('',#9588,#9588,#9611,.T.);
#9611 = SURFACE_CURVE('',#9612,(#9617,#9624),.PCURVE_S1.);
#9612 = CIRCLE('',#9613,1.1);
#9613 = AXIS2_PLACEMENT_3D('',#9614,#9615,#9616);
#9614 = CARTESIAN_POINT('',(-1.98,-12.92,2.64));
#9615 = DIRECTION('',(0.,-1.224646799147E-16,-1.));
#9616 = DIRECTION('',(1.,0.,0.));
#9617 = PCURVE('',#1124,#9618);
#9618 = DEFINITIONAL_REPRESENTATION('',(#9619),#9623);
#9619 = LINE('',#9620,#9621);
#9620 = CARTESIAN_POINT('',(-0.,-1.76));
#9621 = VECTOR('',#9622,1.);
#9622 = DIRECTION('',(-1.,-0.));
#9623 = ( GEOMETRIC_REPRESENTATION_CONTEXT(2) 
PARAMETRIC_REPRESENTATION_CONTEXT() REPRESENTATION_CONTEXT('2D SPACE',''
  ) );
#9624 = PCURVE('',#9625,#9630);
#9625 = CYLINDRICAL_SURFACE('',#9626,1.1);
#9626 = AXIS2_PLACEMENT_3D('',#9627,#9628,#9629);
#9627 = CARTESIAN_POINT('',(-1.98,-12.92,21.5));
#9628 = DIRECTION('',(-0.,1.224646799147E-16,1.));
#9629 = DIRECTION('',(1.,0.,0.));
#9630 = DEFINITIONAL_REPRESENTATION('',(#9631),#9635);
#9631 = LINE('',#9632,#9633);
#9632 = CARTESIAN_POINT('',(-0.,-18.86));
#9633 = VECTOR('',#9634,1.);
#9634 = DIRECTION('',(-1.,0.));
#9635 = ( GEOMETRIC_REPRESENTATION_CONTEXT(2) 
PARAMETRIC_REPRESENTATION_CONTEXT() REPRESENTATION_CONTEXT('2D SPACE',''
  ) );
#9636 = ORIENTED_EDGE('',*,*,#9587,.F.);
#9637 = ORIENTED_EDGE('',*,*,#1107,.T.);
#9638 = ORIENTED_EDGE('',*,*,#9639,.T.);
#9639 = EDGE_CURVE('',#1080,#9640,#9642,.T.);
#9640 = VERTEX_POINT('',#9641);
#9641 = CARTESIAN_POINT('',(-1.647789250503,-11.75035435482,4.));
#9642 = SURFACE_CURVE('',#9643,(#9648,#9658),.PCURVE_S1.);
#9643 = HYPERBOLA('',#9644,13.834165744901,1.179048216895);
#9644 = AXIS2_PLACEMENT_3D('',#9645,#9646,#9647);
#9645 = CARTESIAN_POINT('',(-1.390475891553,-11.89891429188,
    -10.26666666666));
#9646 = DIRECTION('',(0.5,0.866025403784,-1.060575238725E-16));
#9647 = DIRECTION('',(0.,1.224646799147E-16,1.));
#9648 = PCURVE('',#1124,#9649);
#9649 = DEFINITIONAL_REPRESENTATION('',(#9650),#9657);
#9650 = B_SPLINE_CURVE_WITH_KNOTS('',5,(#9651,#9652,#9653,#9654,#9655,
    #9656),.UNSPECIFIED.,.F.,.F.,(6,6),(-0.345204639821,-0.237649737548)
  ,.PIECEWISE_BEZIER_KNOTS.);
#9651 = CARTESIAN_POINT('',(-4.89744179956,1.464320155788E-14));
#9652 = CARTESIAN_POINT('',(-4.917731786079,-0.104780710598));
#9653 = CARTESIAN_POINT('',(-4.938202965104,-0.201078180073));
#9654 = CARTESIAN_POINT('',(-4.958840095893,-0.288993413058));
#9655 = CARTESIAN_POINT('',(-4.979626404178,-0.368611078464));
#9656 = CARTESIAN_POINT('',(-5.000543916053,-0.44));
#9657 = ( GEOMETRIC_REPRESENTATION_CONTEXT(2) 
PARAMETRIC_REPRESENTATION_CONTEXT() REPRESENTATION_CONTEXT('2D SPACE',''
  ) );
#9658 = PCURVE('',#1095,#9659);
#9659 = DEFINITIONAL_REPRESENTATION('',(#9660),#9664);
#9660 = HYPERBOLA('',#9661,13.834165744901,1.179048216895);
#9661 = AXIS2_PLACEMENT_2D('',#9662,#9663);
#9662 = CARTESIAN_POINT('',(1.605583260579,-14.66666666666));
#9663 = DIRECTION('',(0.,1.));
#9664 = ( GEOMETRIC_REPRESENTATION_CONTEXT(2) 
PARAMETRIC_REPRESENTATION_CONTEXT() REPRESENTATION_CONTEXT('2D SPACE',''
  ) );
#9665 = ORIENTED_EDGE('',*,*,#9666,.T.);
#9666 = EDGE_CURVE('',#9640,#9537,#9667,.T.);
#9667 = SURFACE_CURVE('',#9668,(#9673,#9680),.PCURVE_S1.);
#9668 = CIRCLE('',#9669,1.215909090909);
#9669 = AXIS2_PLACEMENT_3D('',#9670,#9671,#9672);
#9670 = CARTESIAN_POINT('',(-1.98,-12.92,4.));
#9671 = DIRECTION('',(0.,-1.224646799147E-16,-1.));
#9672 = DIRECTION('',(1.,0.,0.));
#9673 = PCURVE('',#1124,#9674);
#9674 = DEFINITIONAL_REPRESENTATION('',(#9675),#9679);
#9675 = LINE('',#9676,#9677);
#9676 = CARTESIAN_POINT('',(-0.,-0.4));
#9677 = VECTOR('',#9678,1.);
#9678 = DIRECTION('',(-1.,-0.));
#9679 = ( GEOMETRIC_REPRESENTATION_CONTEXT(2) 
PARAMETRIC_REPRESENTATION_CONTEXT() REPRESENTATION_CONTEXT('2D SPACE',''
  ) );
#9680 = PCURVE('',#6049,#9681);
#9681 = DEFINITIONAL_REPRESENTATION('',(#9682),#9686);
#9682 = CIRCLE('',#9683,1.215909090909);
#9683 = AXIS2_PLACEMENT_2D('',#9684,#9685);
#9684 = CARTESIAN_POINT('',(8.42,12.92));
#9685 = DIRECTION('',(1.,0.));
#9686 = ( GEOMETRIC_REPRESENTATION_CONTEXT(2) 
PARAMETRIC_REPRESENTATION_CONTEXT() REPRESENTATION_CONTEXT('2D SPACE',''
  ) );
#9687 = ORIENTED_EDGE('',*,*,#9559,.T.);
#9688 = ORIENTED_EDGE('',*,*,#1136,.T.);
#9689 = ADVANCED_FACE('',(#9690),#1095,.T.);
#9690 = FACE_BOUND('',#9691,.T.);
#9691 = EDGE_LOOP('',(#9692,#9693,#9694,#9717));
#9692 = ORIENTED_EDGE('',*,*,#1079,.F.);
#9693 = ORIENTED_EDGE('',*,*,#9639,.T.);
#9694 = ORIENTED_EDGE('',*,*,#9695,.F.);
#9695 = EDGE_CURVE('',#9696,#9640,#9698,.T.);
#9696 = VERTEX_POINT('',#9697);
#9697 = CARTESIAN_POINT('',(-2.6,-11.20059522227,4.));
#9698 = SURFACE_CURVE('',#9699,(#9703,#9710),.PCURVE_S1.);
#9699 = LINE('',#9700,#9701);
#9700 = CARTESIAN_POINT('',(-6.65,-8.862326632061,4.));
#9701 = VECTOR('',#9702,1.);
#9702 = DIRECTION('',(0.866025403784,-0.5,6.123233995737E-17));
#9703 = PCURVE('',#1095,#9704);
#9704 = DEFINITIONAL_REPRESENTATION('',(#9705),#9709);
#9705 = LINE('',#9706,#9707);
#9706 = CARTESIAN_POINT('',(7.678758580222,-0.4));
#9707 = VECTOR('',#9708,1.);
#9708 = DIRECTION('',(-1.,0.));
#9709 = ( GEOMETRIC_REPRESENTATION_CONTEXT(2) 
PARAMETRIC_REPRESENTATION_CONTEXT() REPRESENTATION_CONTEXT('2D SPACE',''
  ) );
#9710 = PCURVE('',#6049,#9711);
#9711 = DEFINITIONAL_REPRESENTATION('',(#9712),#9716);
#9712 = LINE('',#9713,#9714);
#9713 = CARTESIAN_POINT('',(3.75,8.862326632061));
#9714 = VECTOR('',#9715,1.);
#9715 = DIRECTION('',(0.866025403784,0.5));
#9716 = ( GEOMETRIC_REPRESENTATION_CONTEXT(2) 
PARAMETRIC_REPRESENTATION_CONTEXT() REPRESENTATION_CONTEXT('2D SPACE',''
  ) );
#9717 = ORIENTED_EDGE('',*,*,#9718,.F.);
#9718 = EDGE_CURVE('',#1052,#9696,#9719,.T.);
#9719 = SURFACE_CURVE('',#9720,(#9724,#9731),.PCURVE_S1.);
#9720 = LINE('',#9721,#9722);
#9721 = CARTESIAN_POINT('',(-2.6,-11.20059522227,4.4));
#9722 = VECTOR('',#9723,1.);
#9723 = DIRECTION('',(0.,-1.224646799147E-16,-1.));
#9724 = PCURVE('',#1095,#9725);
#9725 = DEFINITIONAL_REPRESENTATION('',(#9726),#9730);
#9726 = LINE('',#9727,#9728);
#9727 = CARTESIAN_POINT('',(3.002221399786,-7.043453783211E-16));
#9728 = VECTOR('',#9729,1.);
#9729 = DIRECTION('',(0.,-1.));
#9730 = ( GEOMETRIC_REPRESENTATION_CONTEXT(2) 
PARAMETRIC_REPRESENTATION_CONTEXT() REPRESENTATION_CONTEXT('2D SPACE',''
  ) );
#9731 = PCURVE('',#1067,#9732);
#9732 = DEFINITIONAL_REPRESENTATION('',(#9733),#9737);
#9733 = LINE('',#9734,#9735);
#9734 = CARTESIAN_POINT('',(0.692820323028,-4.2423009549E-17));
#9735 = VECTOR('',#9736,1.);
#9736 = DIRECTION('',(0.,-1.));
#9737 = ( GEOMETRIC_REPRESENTATION_CONTEXT(2) 
PARAMETRIC_REPRESENTATION_CONTEXT() REPRESENTATION_CONTEXT('2D SPACE',''
  ) );
#9738 = ADVANCED_FACE('',(#9739),#1067,.T.);
#9739 = FACE_BOUND('',#9740,.T.);
#9740 = EDGE_LOOP('',(#9741,#9742,#9743,#9766));
#9741 = ORIENTED_EDGE('',*,*,#1051,.F.);
#9742 = ORIENTED_EDGE('',*,*,#9718,.T.);
#9743 = ORIENTED_EDGE('',*,*,#9744,.F.);
#9744 = EDGE_CURVE('',#9745,#9696,#9747,.T.);
#9745 = VERTEX_POINT('',#9746);
#9746 = CARTESIAN_POINT('',(-5.2,-12.70170592217,4.));
#9747 = SURFACE_CURVE('',#9748,(#9752,#9759),.PCURVE_S1.);
#9748 = LINE('',#9749,#9750);
#9749 = CARTESIAN_POINT('',(-2.8,-11.31606527611,4.));
#9750 = VECTOR('',#9751,1.);
#9751 = DIRECTION('',(0.866025403784,0.5,-6.123233995737E-17));
#9752 = PCURVE('',#1067,#9753);
#9753 = DEFINITIONAL_REPRESENTATION('',(#9754),#9758);
#9754 = LINE('',#9755,#9756);
#9755 = CARTESIAN_POINT('',(0.923760430703,-0.4));
#9756 = VECTOR('',#9757,1.);
#9757 = DIRECTION('',(-1.,0.));
#9758 = ( GEOMETRIC_REPRESENTATION_CONTEXT(2) 
PARAMETRIC_REPRESENTATION_CONTEXT() REPRESENTATION_CONTEXT('2D SPACE',''
  ) );
#9759 = PCURVE('',#6049,#9760);
#9760 = DEFINITIONAL_REPRESENTATION('',(#9761),#9765);
#9761 = LINE('',#9762,#9763);
#9762 = CARTESIAN_POINT('',(7.6,11.316065276117));
#9763 = VECTOR('',#9764,1.);
#9764 = DIRECTION('',(0.866025403784,-0.5));
#9765 = ( GEOMETRIC_REPRESENTATION_CONTEXT(2) 
PARAMETRIC_REPRESENTATION_CONTEXT() REPRESENTATION_CONTEXT('2D SPACE',''
  ) );
#9766 = ORIENTED_EDGE('',*,*,#9767,.F.);
#9767 = EDGE_CURVE('',#1024,#9745,#9768,.T.);
#9768 = SURFACE_CURVE('',#9769,(#9773,#9780),.PCURVE_S1.);
#9769 = LINE('',#9770,#9771);
#9770 = CARTESIAN_POINT('',(-5.2,-12.70170592217,4.4));
#9771 = VECTOR('',#9772,1.);
#9772 = DIRECTION('',(0.,-1.224646799147E-16,-1.));
#9773 = PCURVE('',#1067,#9774);
#9774 = DEFINITIONAL_REPRESENTATION('',(#9775),#9779);
#9775 = LINE('',#9776,#9777);
#9776 = CARTESIAN_POINT('',(3.695041722814,6.619223687721E-16));
#9777 = VECTOR('',#9778,1.);
#9778 = DIRECTION('',(0.,-1.));
#9779 = ( GEOMETRIC_REPRESENTATION_CONTEXT(2) 
PARAMETRIC_REPRESENTATION_CONTEXT() REPRESENTATION_CONTEXT('2D SPACE',''
  ) );
#9780 = PCURVE('',#1039,#9781);
#9781 = DEFINITIONAL_REPRESENTATION('',(#9782),#9786);
#9782 = LINE('',#9783,#9784);
#9783 = CARTESIAN_POINT('',(0.,0.));
#9784 = VECTOR('',#9785,1.);
#9785 = DIRECTION('',(0.,-1.));
#9786 = ( GEOMETRIC_REPRESENTATION_CONTEXT(2) 
PARAMETRIC_REPRESENTATION_CONTEXT() REPRESENTATION_CONTEXT('2D SPACE',''
  ) );
#9787 = ADVANCED_FACE('',(#9788),#1039,.T.);
#9788 = FACE_BOUND('',#9789,.T.);
#9789 = EDGE_LOOP('',(#9790,#9791,#9792,#9813));
#9790 = ORIENTED_EDGE('',*,*,#1023,.F.);
#9791 = ORIENTED_EDGE('',*,*,#9767,.T.);
#9792 = ORIENTED_EDGE('',*,*,#9793,.F.);
#9793 = EDGE_CURVE('',#6011,#9745,#9794,.T.);
#9794 = SURFACE_CURVE('',#9795,(#9799,#9806),.PCURVE_S1.);
#9795 = LINE('',#9796,#9797);
#9796 = CARTESIAN_POINT('',(-9.9,-9.988159656981,4.));
#9797 = VECTOR('',#9798,1.);
#9798 = DIRECTION('',(0.866025403784,-0.5,6.123233995737E-17));
#9799 = PCURVE('',#1039,#9800);
#9800 = DEFINITIONAL_REPRESENTATION('',(#9801),#9805);
#9801 = LINE('',#9802,#9803);
#9802 = CARTESIAN_POINT('',(5.427092530382,-0.4));
#9803 = VECTOR('',#9804,1.);
#9804 = DIRECTION('',(-1.,0.));
#9805 = ( GEOMETRIC_REPRESENTATION_CONTEXT(2) 
PARAMETRIC_REPRESENTATION_CONTEXT() REPRESENTATION_CONTEXT('2D SPACE',''
  ) );
#9806 = PCURVE('',#6049,#9807);
#9807 = DEFINITIONAL_REPRESENTATION('',(#9808),#9812);
#9808 = LINE('',#9809,#9810);
#9809 = CARTESIAN_POINT('',(0.5,9.988159656981));
#9810 = VECTOR('',#9811,1.);
#9811 = DIRECTION('',(0.866025403784,0.5));
#9812 = ( GEOMETRIC_REPRESENTATION_CONTEXT(2) 
PARAMETRIC_REPRESENTATION_CONTEXT() REPRESENTATION_CONTEXT('2D SPACE',''
  ) );
#9813 = ORIENTED_EDGE('',*,*,#6010,.F.);
#9814 = ADVANCED_FACE('',(#9815),#3216,.T.);
#9815 = FACE_BOUND('',#9816,.T.);
#9816 = EDGE_LOOP('',(#9817,#9840,#9841,#9842));
#9817 = ORIENTED_EDGE('',*,*,#9818,.F.);
#9818 = EDGE_CURVE('',#5436,#9819,#9821,.T.);
#9819 = VERTEX_POINT('',#9820);
#9820 = CARTESIAN_POINT('',(17.5,-3.061616997868E-16,4.));
#9821 = SURFACE_CURVE('',#9822,(#9826,#9833),.PCURVE_S1.);
#9822 = LINE('',#9823,#9824);
#9823 = CARTESIAN_POINT('',(16.2,-0.8,4.));
#9824 = VECTOR('',#9825,1.);
#9825 = DIRECTION('',(0.851658316705,0.524097425664,-6.418342347812E-17)
  );
#9826 = PCURVE('',#3216,#9827);
#9827 = DEFINITIONAL_REPRESENTATION('',(#9828),#9832);
#9828 = LINE('',#9829,#9830);
#9829 = CARTESIAN_POINT('',(0.,0.));
#9830 = VECTOR('',#9831,1.);
#9831 = DIRECTION('',(1.,0.));
#9832 = ( GEOMETRIC_REPRESENTATION_CONTEXT(2) 
PARAMETRIC_REPRESENTATION_CONTEXT() REPRESENTATION_CONTEXT('2D SPACE',''
  ) );
#9833 = PCURVE('',#5451,#9834);
#9834 = DEFINITIONAL_REPRESENTATION('',(#9835),#9839);
#9835 = LINE('',#9836,#9837);
#9836 = CARTESIAN_POINT('',(0.426481922385,0.8));
#9837 = VECTOR('',#9838,1.);
#9838 = DIRECTION('',(-0.851658316705,-0.524097425664));
#9839 = ( GEOMETRIC_REPRESENTATION_CONTEXT(2) 
PARAMETRIC_REPRESENTATION_CONTEXT() REPRESENTATION_CONTEXT('2D SPACE',''
  ) );
#9840 = ORIENTED_EDGE('',*,*,#5463,.F.);
#9841 = ORIENTED_EDGE('',*,*,#3200,.T.);
#9842 = ORIENTED_EDGE('',*,*,#9843,.F.);
#9843 = EDGE_CURVE('',#9819,#3173,#9844,.T.);
#9844 = SURFACE_CURVE('',#9845,(#9849,#9856),.PCURVE_S1.);
#9845 = LINE('',#9846,#9847);
#9846 = CARTESIAN_POINT('',(17.5,-3.061616997868E-16,4.));
#9847 = VECTOR('',#9848,1.);
#9848 = DIRECTION('',(0.,-1.224646799147E-16,-1.));
#9849 = PCURVE('',#3216,#9850);
#9850 = DEFINITIONAL_REPRESENTATION('',(#9851),#9855);
#9851 = LINE('',#9852,#9853);
#9852 = CARTESIAN_POINT('',(1.526433752247,9.797174393179E-17));
#9853 = VECTOR('',#9854,1.);
#9854 = DIRECTION('',(0.,-1.));
#9855 = ( GEOMETRIC_REPRESENTATION_CONTEXT(2) 
PARAMETRIC_REPRESENTATION_CONTEXT() REPRESENTATION_CONTEXT('2D SPACE',''
  ) );
#9856 = PCURVE('',#3188,#9857);
#9857 = DEFINITIONAL_REPRESENTATION('',(#9858),#9862);
#9858 = LINE('',#9859,#9860);
#9859 = CARTESIAN_POINT('',(0.,0.));
#9860 = VECTOR('',#9861,1.);
#9861 = DIRECTION('',(0.,-1.));
#9862 = ( GEOMETRIC_REPRESENTATION_CONTEXT(2) 
PARAMETRIC_REPRESENTATION_CONTEXT() REPRESENTATION_CONTEXT('2D SPACE',''
  ) );
#9863 = ADVANCED_FACE('',(#9864),#3188,.T.);
#9864 = FACE_BOUND('',#9865,.T.);
#9865 = EDGE_LOOP('',(#9866,#9887,#9888,#9889));
#9866 = ORIENTED_EDGE('',*,*,#9867,.F.);
#9867 = EDGE_CURVE('',#9819,#5413,#9868,.T.);
#9868 = SURFACE_CURVE('',#9869,(#9873,#9880),.PCURVE_S1.);
#9869 = LINE('',#9870,#9871);
#9870 = CARTESIAN_POINT('',(17.5,-3.061616997868E-16,4.));
#9871 = VECTOR('',#9872,1.);
#9872 = DIRECTION('',(-0.851658316705,0.524097425664,-6.418342347812E-17
    ));
#9873 = PCURVE('',#3188,#9874);
#9874 = DEFINITIONAL_REPRESENTATION('',(#9875),#9879);
#9875 = LINE('',#9876,#9877);
#9876 = CARTESIAN_POINT('',(0.,0.));
#9877 = VECTOR('',#9878,1.);
#9878 = DIRECTION('',(1.,0.));
#9879 = ( GEOMETRIC_REPRESENTATION_CONTEXT(2) 
PARAMETRIC_REPRESENTATION_CONTEXT() REPRESENTATION_CONTEXT('2D SPACE',''
  ) );
#9880 = PCURVE('',#5451,#9881);
#9881 = DEFINITIONAL_REPRESENTATION('',(#9882),#9886);
#9882 = LINE('',#9883,#9884);
#9883 = CARTESIAN_POINT('',(-0.873518077615,0.));
#9884 = VECTOR('',#9885,1.);
#9885 = DIRECTION('',(0.851658316705,-0.524097425664));
#9886 = ( GEOMETRIC_REPRESENTATION_CONTEXT(2) 
PARAMETRIC_REPRESENTATION_CONTEXT() REPRESENTATION_CONTEXT('2D SPACE',''
  ) );
#9887 = ORIENTED_EDGE('',*,*,#9843,.T.);
#9888 = ORIENTED_EDGE('',*,*,#3172,.T.);
#9889 = ORIENTED_EDGE('',*,*,#5412,.F.);
#9890 = ADVANCED_FACE('',(#9891),#3341,.F.);
#9891 = FACE_BOUND('',#9892,.F.);
#9892 = EDGE_LOOP('',(#9893,#9916,#9940,#9962,#9963));
#9893 = ORIENTED_EDGE('',*,*,#9894,.T.);
#9894 = EDGE_CURVE('',#3321,#9895,#9897,.T.);
#9895 = VERTEX_POINT('',#9896);
#9896 = CARTESIAN_POINT('',(-11.29904821689,8.174730299493,1.76));
#9897 = SEAM_CURVE('',#9898,(#9902,#9909),.PCURVE_S1.);
#9898 = LINE('',#9899,#9900);
#9899 = CARTESIAN_POINT('',(-11.44904821689,8.174730299493,
    -8.881784197001E-16));
#9900 = VECTOR('',#9901,1.);
#9901 = DIRECTION('',(8.491941668366E-02,1.012230573784E-16,
    0.996387822422));
#9902 = PCURVE('',#3341,#9903);
#9903 = DEFINITIONAL_REPRESENTATION('',(#9904),#9908);
#9904 = LINE('',#9905,#9906);
#9905 = CARTESIAN_POINT('',(-6.28318530718,0.));
#9906 = VECTOR('',#9907,1.);
#9907 = DIRECTION('',(-0.,-1.));
#9908 = ( GEOMETRIC_REPRESENTATION_CONTEXT(2) 
PARAMETRIC_REPRESENTATION_CONTEXT() REPRESENTATION_CONTEXT('2D SPACE',''
  ) );
#9909 = PCURVE('',#3341,#9910);
#9910 = DEFINITIONAL_REPRESENTATION('',(#9911),#9915);
#9911 = LINE('',#9912,#9913);
#9912 = CARTESIAN_POINT('',(0.,-0.));
#9913 = VECTOR('',#9914,1.);
#9914 = DIRECTION('',(-0.,-1.));
#9915 = ( GEOMETRIC_REPRESENTATION_CONTEXT(2) 
PARAMETRIC_REPRESENTATION_CONTEXT() REPRESENTATION_CONTEXT('2D SPACE',''
  ) );
#9916 = ORIENTED_EDGE('',*,*,#9917,.F.);
#9917 = EDGE_CURVE('',#9918,#9895,#9920,.T.);
#9918 = VERTEX_POINT('',#9919);
#9919 = CARTESIAN_POINT('',(-9.099048216895,8.174730299493,1.76));
#9920 = SURFACE_CURVE('',#9921,(#9926,#9933),.PCURVE_S1.);
#9921 = CIRCLE('',#9922,1.1);
#9922 = AXIS2_PLACEMENT_3D('',#9923,#9924,#9925);
#9923 = CARTESIAN_POINT('',(-10.19904821689,8.174730299493,1.76));
#9924 = DIRECTION('',(0.,1.224646799147E-16,1.));
#9925 = DIRECTION('',(-1.,0.,0.));
#9926 = PCURVE('',#3341,#9927);
#9927 = DEFINITIONAL_REPRESENTATION('',(#9928),#9932);
#9928 = LINE('',#9929,#9930);
#9929 = CARTESIAN_POINT('',(-0.,-1.76));
#9930 = VECTOR('',#9931,1.);
#9931 = DIRECTION('',(-1.,-0.));
#9932 = ( GEOMETRIC_REPRESENTATION_CONTEXT(2) 
PARAMETRIC_REPRESENTATION_CONTEXT() REPRESENTATION_CONTEXT('2D SPACE',''
  ) );
#9933 = PCURVE('',#7137,#9934);
#9934 = DEFINITIONAL_REPRESENTATION('',(#9935),#9939);
#9935 = LINE('',#9936,#9937);
#9936 = CARTESIAN_POINT('',(-9.424777960769,-19.74));
#9937 = VECTOR('',#9938,1.);
#9938 = DIRECTION('',(1.,-0.));
#9939 = ( GEOMETRIC_REPRESENTATION_CONTEXT(2) 
PARAMETRIC_REPRESENTATION_CONTEXT() REPRESENTATION_CONTEXT('2D SPACE',''
  ) );
#9940 = ORIENTED_EDGE('',*,*,#9941,.F.);
#9941 = EDGE_CURVE('',#9895,#9918,#9942,.T.);
#9942 = SURFACE_CURVE('',#9943,(#9948,#9955),.PCURVE_S1.);
#9943 = CIRCLE('',#9944,1.1);
#9944 = AXIS2_PLACEMENT_3D('',#9945,#9946,#9947);
#9945 = CARTESIAN_POINT('',(-10.19904821689,8.174730299493,1.76));
#9946 = DIRECTION('',(0.,1.224646799147E-16,1.));
#9947 = DIRECTION('',(-1.,0.,0.));
#9948 = PCURVE('',#3341,#9949);
#9949 = DEFINITIONAL_REPRESENTATION('',(#9950),#9954);
#9950 = LINE('',#9951,#9952);
#9951 = CARTESIAN_POINT('',(-0.,-1.76));
#9952 = VECTOR('',#9953,1.);
#9953 = DIRECTION('',(-1.,-0.));
#9954 = ( GEOMETRIC_REPRESENTATION_CONTEXT(2) 
PARAMETRIC_REPRESENTATION_CONTEXT() REPRESENTATION_CONTEXT('2D SPACE',''
  ) );
#9955 = PCURVE('',#7137,#9956);
#9956 = DEFINITIONAL_REPRESENTATION('',(#9957),#9961);
#9957 = LINE('',#9958,#9959);
#9958 = CARTESIAN_POINT('',(-3.14159265359,-19.74));
#9959 = VECTOR('',#9960,1.);
#9960 = DIRECTION('',(1.,-0.));
#9961 = ( GEOMETRIC_REPRESENTATION_CONTEXT(2) 
PARAMETRIC_REPRESENTATION_CONTEXT() REPRESENTATION_CONTEXT('2D SPACE',''
  ) );
#9962 = ORIENTED_EDGE('',*,*,#9894,.F.);
#9963 = ORIENTED_EDGE('',*,*,#3320,.T.);
#9964 = ADVANCED_FACE('',(#9965),#3376,.F.);
#9965 = FACE_BOUND('',#9966,.F.);
#9966 = EDGE_LOOP('',(#9967,#9990,#10014,#10036,#10037));
#9967 = ORIENTED_EDGE('',*,*,#9968,.T.);
#9968 = EDGE_CURVE('',#3356,#9969,#9971,.T.);
#9969 = VERTEX_POINT('',#9970);
#9970 = CARTESIAN_POINT('',(-3.63,12.57,1.76));
#9971 = SEAM_CURVE('',#9972,(#9976,#9983),.PCURVE_S1.);
#9972 = LINE('',#9973,#9974);
#9973 = CARTESIAN_POINT('',(-3.78,12.57,-1.7763568394E-15));
#9974 = VECTOR('',#9975,1.);
#9975 = DIRECTION('',(8.491941668366E-02,1.012230573784E-16,
    0.996387822422));
#9976 = PCURVE('',#3376,#9977);
#9977 = DEFINITIONAL_REPRESENTATION('',(#9978),#9982);
#9978 = LINE('',#9979,#9980);
#9979 = CARTESIAN_POINT('',(-6.28318530718,0.));
#9980 = VECTOR('',#9981,1.);
#9981 = DIRECTION('',(-0.,-1.));
#9982 = ( GEOMETRIC_REPRESENTATION_CONTEXT(2) 
PARAMETRIC_REPRESENTATION_CONTEXT() REPRESENTATION_CONTEXT('2D SPACE',''
  ) );
#9983 = PCURVE('',#3376,#9984);
#9984 = DEFINITIONAL_REPRESENTATION('',(#9985),#9989);
#9985 = LINE('',#9986,#9987);
#9986 = CARTESIAN_POINT('',(0.,-0.));
#9987 = VECTOR('',#9988,1.);
#9988 = DIRECTION('',(-0.,-1.));
#9989 = ( GEOMETRIC_REPRESENTATION_CONTEXT(2) 
PARAMETRIC_REPRESENTATION_CONTEXT() REPRESENTATION_CONTEXT('2D SPACE',''
  ) );
#9990 = ORIENTED_EDGE('',*,*,#9991,.F.);
#9991 = EDGE_CURVE('',#9992,#9969,#9994,.T.);
#9992 = VERTEX_POINT('',#9993);
#9993 = CARTESIAN_POINT('',(-1.43,12.57,1.76));
#9994 = SURFACE_CURVE('',#9995,(#10000,#10007),.PCURVE_S1.);
#9995 = CIRCLE('',#9996,1.1);
#9996 = AXIS2_PLACEMENT_3D('',#9997,#9998,#9999);
#9997 = CARTESIAN_POINT('',(-2.53,12.57,1.76));
#9998 = DIRECTION('',(0.,1.224646799147E-16,1.));
#9999 = DIRECTION('',(-1.,0.,0.));
#10000 = PCURVE('',#3376,#10001);
#10001 = DEFINITIONAL_REPRESENTATION('',(#10002),#10006);
#10002 = LINE('',#10003,#10004);
#10003 = CARTESIAN_POINT('',(-0.,-1.76));
#10004 = VECTOR('',#10005,1.);
#10005 = DIRECTION('',(-1.,-0.));
#10006 = ( GEOMETRIC_REPRESENTATION_CONTEXT(2) 
PARAMETRIC_REPRESENTATION_CONTEXT() REPRESENTATION_CONTEXT('2D SPACE',''
  ) );
#10007 = PCURVE('',#7500,#10008);
#10008 = DEFINITIONAL_REPRESENTATION('',(#10009),#10013);
#10009 = LINE('',#10010,#10011);
#10010 = CARTESIAN_POINT('',(-9.424777960769,-19.74));
#10011 = VECTOR('',#10012,1.);
#10012 = DIRECTION('',(1.,-0.));
#10013 = ( GEOMETRIC_REPRESENTATION_CONTEXT(2) 
PARAMETRIC_REPRESENTATION_CONTEXT() REPRESENTATION_CONTEXT('2D SPACE',''
  ) );
#10014 = ORIENTED_EDGE('',*,*,#10015,.F.);
#10015 = EDGE_CURVE('',#9969,#9992,#10016,.T.);
#10016 = SURFACE_CURVE('',#10017,(#10022,#10029),.PCURVE_S1.);
#10017 = CIRCLE('',#10018,1.1);
#10018 = AXIS2_PLACEMENT_3D('',#10019,#10020,#10021);
#10019 = CARTESIAN_POINT('',(-2.53,12.57,1.76));
#10020 = DIRECTION('',(0.,1.224646799147E-16,1.));
#10021 = DIRECTION('',(-1.,0.,0.));
#10022 = PCURVE('',#3376,#10023);
#10023 = DEFINITIONAL_REPRESENTATION('',(#10024),#10028);
#10024 = LINE('',#10025,#10026);
#10025 = CARTESIAN_POINT('',(-0.,-1.76));
#10026 = VECTOR('',#10027,1.);
#10027 = DIRECTION('',(-1.,-0.));
#10028 = ( GEOMETRIC_REPRESENTATION_CONTEXT(2) 
PARAMETRIC_REPRESENTATION_CONTEXT() REPRESENTATION_CONTEXT('2D SPACE',''
  ) );
#10029 = PCURVE('',#7500,#10030);
#10030 = DEFINITIONAL_REPRESENTATION('',(#10031),#10035);
#10031 = LINE('',#10032,#10033);
#10032 = CARTESIAN_POINT('',(-3.14159265359,-19.74));
#10033 = VECTOR('',#10034,1.);
#10034 = DIRECTION('',(1.,-0.));
#10035 = ( GEOMETRIC_REPRESENTATION_CONTEXT(2) 
PARAMETRIC_REPRESENTATION_CONTEXT() REPRESENTATION_CONTEXT('2D SPACE',''
  ) );
#10036 = ORIENTED_EDGE('',*,*,#9968,.F.);
#10037 = ORIENTED_EDGE('',*,*,#3355,.T.);
#10038 = ADVANCED_FACE('',(#10039),#3411,.F.);
#10039 = FACE_BOUND('',#10040,.F.);
#10040 = EDGE_LOOP('',(#10041,#10064,#10088,#10110,#10111));
#10041 = ORIENTED_EDGE('',*,*,#10042,.T.);
#10042 = EDGE_CURVE('',#3391,#10043,#10045,.T.);
#10043 = VERTEX_POINT('',#10044);
#10044 = CARTESIAN_POINT('',(-13.25093932557,4.093955728425,1.76));
#10045 = SEAM_CURVE('',#10046,(#10050,#10057),.PCURVE_S1.);
#10046 = LINE('',#10047,#10048);
#10047 = CARTESIAN_POINT('',(-13.40093932557,4.093955728425,
    -8.881784197001E-16));
#10048 = VECTOR('',#10049,1.);
#10049 = DIRECTION('',(8.491941668366E-02,1.012230573784E-16,
    0.996387822422));
#10050 = PCURVE('',#3411,#10051);
#10051 = DEFINITIONAL_REPRESENTATION('',(#10052),#10056);
#10052 = LINE('',#10053,#10054);
#10053 = CARTESIAN_POINT('',(-6.28318530718,0.));
#10054 = VECTOR('',#10055,1.);
#10055 = DIRECTION('',(-0.,-1.));
#10056 = ( GEOMETRIC_REPRESENTATION_CONTEXT(2) 
PARAMETRIC_REPRESENTATION_CONTEXT() REPRESENTATION_CONTEXT('2D SPACE',''
  ) );
#10057 = PCURVE('',#3411,#10058);
#10058 = DEFINITIONAL_REPRESENTATION('',(#10059),#10063);
#10059 = LINE('',#10060,#10061);
#10060 = CARTESIAN_POINT('',(0.,-0.));
#10061 = VECTOR('',#10062,1.);
#10062 = DIRECTION('',(-0.,-1.));
#10063 = ( GEOMETRIC_REPRESENTATION_CONTEXT(2) 
PARAMETRIC_REPRESENTATION_CONTEXT() REPRESENTATION_CONTEXT('2D SPACE',''
  ) );
#10064 = ORIENTED_EDGE('',*,*,#10065,.F.);
#10065 = EDGE_CURVE('',#10066,#10043,#10068,.T.);
#10066 = VERTEX_POINT('',#10067);
#10067 = CARTESIAN_POINT('',(-11.05093932557,4.093955728425,1.76));
#10068 = SURFACE_CURVE('',#10069,(#10074,#10081),.PCURVE_S1.);
#10069 = CIRCLE('',#10070,1.1);
#10070 = AXIS2_PLACEMENT_3D('',#10071,#10072,#10073);
#10071 = CARTESIAN_POINT('',(-12.15093932557,4.093955728425,1.76));
#10072 = DIRECTION('',(0.,1.224646799147E-16,1.));
#10073 = DIRECTION('',(-1.,0.,0.));
#10074 = PCURVE('',#3411,#10075);
#10075 = DEFINITIONAL_REPRESENTATION('',(#10076),#10080);
#10076 = LINE('',#10077,#10078);
#10077 = CARTESIAN_POINT('',(-0.,-1.76));
#10078 = VECTOR('',#10079,1.);
#10079 = DIRECTION('',(-1.,-0.));
#10080 = ( GEOMETRIC_REPRESENTATION_CONTEXT(2) 
PARAMETRIC_REPRESENTATION_CONTEXT() REPRESENTATION_CONTEXT('2D SPACE',''
  ) );
#10081 = PCURVE('',#6857,#10082);
#10082 = DEFINITIONAL_REPRESENTATION('',(#10083),#10087);
#10083 = LINE('',#10084,#10085);
#10084 = CARTESIAN_POINT('',(-9.424777960769,-19.74));
#10085 = VECTOR('',#10086,1.);
#10086 = DIRECTION('',(1.,-0.));
#10087 = ( GEOMETRIC_REPRESENTATION_CONTEXT(2) 
PARAMETRIC_REPRESENTATION_CONTEXT() REPRESENTATION_CONTEXT('2D SPACE',''
  ) );
#10088 = ORIENTED_EDGE('',*,*,#10089,.F.);
#10089 = EDGE_CURVE('',#10043,#10066,#10090,.T.);
#10090 = SURFACE_CURVE('',#10091,(#10096,#10103),.PCURVE_S1.);
#10091 = CIRCLE('',#10092,1.1);
#10092 = AXIS2_PLACEMENT_3D('',#10093,#10094,#10095);
#10093 = CARTESIAN_POINT('',(-12.15093932557,4.093955728425,1.76));
#10094 = DIRECTION('',(0.,1.224646799147E-16,1.));
#10095 = DIRECTION('',(-1.,0.,0.));
#10096 = PCURVE('',#3411,#10097);
#10097 = DEFINITIONAL_REPRESENTATION('',(#10098),#10102);
#10098 = LINE('',#10099,#10100);
#10099 = CARTESIAN_POINT('',(-0.,-1.76));
#10100 = VECTOR('',#10101,1.);
#10101 = DIRECTION('',(-1.,-0.));
#10102 = ( GEOMETRIC_REPRESENTATION_CONTEXT(2) 
PARAMETRIC_REPRESENTATION_CONTEXT() REPRESENTATION_CONTEXT('2D SPACE',''
  ) );
#10103 = PCURVE('',#6857,#10104);
#10104 = DEFINITIONAL_REPRESENTATION('',(#10105),#10109);
#10105 = LINE('',#10106,#10107);
#10106 = CARTESIAN_POINT('',(-3.14159265359,-19.74));
#10107 = VECTOR('',#10108,1.);
#10108 = DIRECTION('',(1.,-0.));
#10109 = ( GEOMETRIC_REPRESENTATION_CONTEXT(2) 
PARAMETRIC_REPRESENTATION_CONTEXT() REPRESENTATION_CONTEXT('2D SPACE',''
  ) );
#10110 = ORIENTED_EDGE('',*,*,#10042,.F.);
#10111 = ORIENTED_EDGE('',*,*,#3390,.T.);
#10112 = ADVANCED_FACE('',(#10113),#3446,.F.);
#10113 = FACE_BOUND('',#10114,.F.);
#10114 = EDGE_LOOP('',(#10115,#10138,#10162,#10184,#10185));
#10115 = ORIENTED_EDGE('',*,*,#10116,.T.);
#10116 = EDGE_CURVE('',#3426,#10117,#10119,.T.);
#10117 = VERTEX_POINT('',#10118);
#10118 = CARTESIAN_POINT('',(0.88,12.92,1.76));
#10119 = SEAM_CURVE('',#10120,(#10124,#10131),.PCURVE_S1.);
#10120 = LINE('',#10121,#10122);
#10121 = CARTESIAN_POINT('',(0.73,12.92,-1.7763568394E-15));
#10122 = VECTOR('',#10123,1.);
#10123 = DIRECTION('',(8.491941668366E-02,1.012230573784E-16,
    0.996387822422));
#10124 = PCURVE('',#3446,#10125);
#10125 = DEFINITIONAL_REPRESENTATION('',(#10126),#10130);
#10126 = LINE('',#10127,#10128);
#10127 = CARTESIAN_POINT('',(-6.28318530718,0.));
#10128 = VECTOR('',#10129,1.);
#10129 = DIRECTION('',(-0.,-1.));
#10130 = ( GEOMETRIC_REPRESENTATION_CONTEXT(2) 
PARAMETRIC_REPRESENTATION_CONTEXT() REPRESENTATION_CONTEXT('2D SPACE',''
  ) );
#10131 = PCURVE('',#3446,#10132);
#10132 = DEFINITIONAL_REPRESENTATION('',(#10133),#10137);
#10133 = LINE('',#10134,#10135);
#10134 = CARTESIAN_POINT('',(0.,-0.));
#10135 = VECTOR('',#10136,1.);
#10136 = DIRECTION('',(-0.,-1.));
#10137 = ( GEOMETRIC_REPRESENTATION_CONTEXT(2) 
PARAMETRIC_REPRESENTATION_CONTEXT() REPRESENTATION_CONTEXT('2D SPACE',''
  ) );
#10138 = ORIENTED_EDGE('',*,*,#10139,.F.);
#10139 = EDGE_CURVE('',#10140,#10117,#10142,.T.);
#10140 = VERTEX_POINT('',#10141);
#10141 = CARTESIAN_POINT('',(3.08,12.92,1.76));
#10142 = SURFACE_CURVE('',#10143,(#10148,#10155),.PCURVE_S1.);
#10143 = CIRCLE('',#10144,1.1);
#10144 = AXIS2_PLACEMENT_3D('',#10145,#10146,#10147);
#10145 = CARTESIAN_POINT('',(1.98,12.92,1.76));
#10146 = DIRECTION('',(0.,1.224646799147E-16,1.));
#10147 = DIRECTION('',(-1.,0.,0.));
#10148 = PCURVE('',#3446,#10149);
#10149 = DEFINITIONAL_REPRESENTATION('',(#10150),#10154);
#10150 = LINE('',#10151,#10152);
#10151 = CARTESIAN_POINT('',(-0.,-1.76));
#10152 = VECTOR('',#10153,1.);
#10153 = DIRECTION('',(-1.,-0.));
#10154 = ( GEOMETRIC_REPRESENTATION_CONTEXT(2) 
PARAMETRIC_REPRESENTATION_CONTEXT() REPRESENTATION_CONTEXT('2D SPACE',''
  ) );
#10155 = PCURVE('',#7759,#10156);
#10156 = DEFINITIONAL_REPRESENTATION('',(#10157),#10161);
#10157 = LINE('',#10158,#10159);
#10158 = CARTESIAN_POINT('',(-9.424777960769,-19.74));
#10159 = VECTOR('',#10160,1.);
#10160 = DIRECTION('',(1.,-0.));
#10161 = ( GEOMETRIC_REPRESENTATION_CONTEXT(2) 
PARAMETRIC_REPRESENTATION_CONTEXT() REPRESENTATION_CONTEXT('2D SPACE',''
  ) );
#10162 = ORIENTED_EDGE('',*,*,#10163,.F.);
#10163 = EDGE_CURVE('',#10117,#10140,#10164,.T.);
#10164 = SURFACE_CURVE('',#10165,(#10170,#10177),.PCURVE_S1.);
#10165 = CIRCLE('',#10166,1.1);
#10166 = AXIS2_PLACEMENT_3D('',#10167,#10168,#10169);
#10167 = CARTESIAN_POINT('',(1.98,12.92,1.76));
#10168 = DIRECTION('',(0.,1.224646799147E-16,1.));
#10169 = DIRECTION('',(-1.,0.,0.));
#10170 = PCURVE('',#3446,#10171);
#10171 = DEFINITIONAL_REPRESENTATION('',(#10172),#10176);
#10172 = LINE('',#10173,#10174);
#10173 = CARTESIAN_POINT('',(-0.,-1.76));
#10174 = VECTOR('',#10175,1.);
#10175 = DIRECTION('',(-1.,-0.));
#10176 = ( GEOMETRIC_REPRESENTATION_CONTEXT(2) 
PARAMETRIC_REPRESENTATION_CONTEXT() REPRESENTATION_CONTEXT('2D SPACE',''
  ) );
#10177 = PCURVE('',#7759,#10178);
#10178 = DEFINITIONAL_REPRESENTATION('',(#10179),#10183);
#10179 = LINE('',#10180,#10181);
#10180 = CARTESIAN_POINT('',(-3.14159265359,-19.74));
#10181 = VECTOR('',#10182,1.);
#10182 = DIRECTION('',(1.,-0.));
#10183 = ( GEOMETRIC_REPRESENTATION_CONTEXT(2) 
PARAMETRIC_REPRESENTATION_CONTEXT() REPRESENTATION_CONTEXT('2D SPACE',''
  ) );
#10184 = ORIENTED_EDGE('',*,*,#10116,.F.);
#10185 = ORIENTED_EDGE('',*,*,#3425,.T.);
#10186 = ADVANCED_FACE('',(#10187),#3481,.F.);
#10187 = FACE_BOUND('',#10188,.F.);
#10188 = EDGE_LOOP('',(#10189,#10212,#10236,#10258,#10259));
#10189 = ORIENTED_EDGE('',*,*,#10190,.T.);
#10190 = EDGE_CURVE('',#3461,#10191,#10193,.T.);
#10191 = VERTEX_POINT('',#10192);
#10192 = CARTESIAN_POINT('',(8.52093932557,8.476044271575,1.76));
#10193 = SEAM_CURVE('',#10194,(#10198,#10205),.PCURVE_S1.);
#10194 = LINE('',#10195,#10196);
#10195 = CARTESIAN_POINT('',(8.37093932557,8.476044271575,
    -8.881784197001E-16));
#10196 = VECTOR('',#10197,1.);
#10197 = DIRECTION('',(8.491941668366E-02,1.012230573784E-16,
    0.996387822422));
#10198 = PCURVE('',#3481,#10199);
#10199 = DEFINITIONAL_REPRESENTATION('',(#10200),#10204);
#10200 = LINE('',#10201,#10202);
#10201 = CARTESIAN_POINT('',(-6.28318530718,0.));
#10202 = VECTOR('',#10203,1.);
#10203 = DIRECTION('',(-0.,-1.));
#10204 = ( GEOMETRIC_REPRESENTATION_CONTEXT(2) 
PARAMETRIC_REPRESENTATION_CONTEXT() REPRESENTATION_CONTEXT('2D SPACE',''
  ) );
#10205 = PCURVE('',#3481,#10206);
#10206 = DEFINITIONAL_REPRESENTATION('',(#10207),#10211);
#10207 = LINE('',#10208,#10209);
#10208 = CARTESIAN_POINT('',(0.,-0.));
#10209 = VECTOR('',#10210,1.);
#10210 = DIRECTION('',(-0.,-1.));
#10211 = ( GEOMETRIC_REPRESENTATION_CONTEXT(2) 
PARAMETRIC_REPRESENTATION_CONTEXT() REPRESENTATION_CONTEXT('2D SPACE',''
  ) );
#10212 = ORIENTED_EDGE('',*,*,#10213,.F.);
#10213 = EDGE_CURVE('',#10214,#10191,#10216,.T.);
#10214 = VERTEX_POINT('',#10215);
#10215 = CARTESIAN_POINT('',(10.72093932557,8.476044271575,1.76));
#10216 = SURFACE_CURVE('',#10217,(#10222,#10229),.PCURVE_S1.);
#10217 = CIRCLE('',#10218,1.1);
#10218 = AXIS2_PLACEMENT_3D('',#10219,#10220,#10221);
#10219 = CARTESIAN_POINT('',(9.62093932557,8.476044271575,1.76));
#10220 = DIRECTION('',(0.,1.224646799147E-16,1.));
#10221 = DIRECTION('',(-1.,0.,0.));
#10222 = PCURVE('',#3481,#10223);
#10223 = DEFINITIONAL_REPRESENTATION('',(#10224),#10228);
#10224 = LINE('',#10225,#10226);
#10225 = CARTESIAN_POINT('',(-0.,-1.76));
#10226 = VECTOR('',#10227,1.);
#10227 = DIRECTION('',(-1.,-0.));
#10228 = ( GEOMETRIC_REPRESENTATION_CONTEXT(2) 
PARAMETRIC_REPRESENTATION_CONTEXT() REPRESENTATION_CONTEXT('2D SPACE',''
  ) );
#10229 = PCURVE('',#8122,#10230);
#10230 = DEFINITIONAL_REPRESENTATION('',(#10231),#10235);
#10231 = LINE('',#10232,#10233);
#10232 = CARTESIAN_POINT('',(-9.424777960769,-19.74));
#10233 = VECTOR('',#10234,1.);
#10234 = DIRECTION('',(1.,-0.));
#10235 = ( GEOMETRIC_REPRESENTATION_CONTEXT(2) 
PARAMETRIC_REPRESENTATION_CONTEXT() REPRESENTATION_CONTEXT('2D SPACE',''
  ) );
#10236 = ORIENTED_EDGE('',*,*,#10237,.F.);
#10237 = EDGE_CURVE('',#10191,#10214,#10238,.T.);
#10238 = SURFACE_CURVE('',#10239,(#10244,#10251),.PCURVE_S1.);
#10239 = CIRCLE('',#10240,1.1);
#10240 = AXIS2_PLACEMENT_3D('',#10241,#10242,#10243);
#10241 = CARTESIAN_POINT('',(9.62093932557,8.476044271575,1.76));
#10242 = DIRECTION('',(0.,1.224646799147E-16,1.));
#10243 = DIRECTION('',(-1.,0.,0.));
#10244 = PCURVE('',#3481,#10245);
#10245 = DEFINITIONAL_REPRESENTATION('',(#10246),#10250);
#10246 = LINE('',#10247,#10248);
#10247 = CARTESIAN_POINT('',(-0.,-1.76));
#10248 = VECTOR('',#10249,1.);
#10249 = DIRECTION('',(-1.,-0.));
#10250 = ( GEOMETRIC_REPRESENTATION_CONTEXT(2) 
PARAMETRIC_REPRESENTATION_CONTEXT() REPRESENTATION_CONTEXT('2D SPACE',''
  ) );
#10251 = PCURVE('',#8122,#10252);
#10252 = DEFINITIONAL_REPRESENTATION('',(#10253),#10257);
#10253 = LINE('',#10254,#10255);
#10254 = CARTESIAN_POINT('',(-3.14159265359,-19.74));
#10255 = VECTOR('',#10256,1.);
#10256 = DIRECTION('',(1.,-0.));
#10257 = ( GEOMETRIC_REPRESENTATION_CONTEXT(2) 
PARAMETRIC_REPRESENTATION_CONTEXT() REPRESENTATION_CONTEXT('2D SPACE',''
  ) );
#10258 = ORIENTED_EDGE('',*,*,#10190,.F.);
#10259 = ORIENTED_EDGE('',*,*,#3460,.T.);
#10260 = ADVANCED_FACE('',(#10261),#3516,.F.);
#10261 = FACE_BOUND('',#10262,.F.);
#10262 = EDGE_LOOP('',(#10263,#10286,#10310,#10332,#10333));
#10263 = ORIENTED_EDGE('',*,*,#10264,.T.);
#10264 = EDGE_CURVE('',#3496,#10265,#10267,.T.);
#10265 = VERTEX_POINT('',#10266);
#10266 = CARTESIAN_POINT('',(11.079048216895,4.745269700507,1.76));
#10267 = SEAM_CURVE('',#10268,(#10272,#10279),.PCURVE_S1.);
#10268 = LINE('',#10269,#10270);
#10269 = CARTESIAN_POINT('',(10.929048216895,4.745269700507,
    -8.881784197001E-16));
#10270 = VECTOR('',#10271,1.);
#10271 = DIRECTION('',(8.491941668366E-02,1.012230573784E-16,
    0.996387822422));
#10272 = PCURVE('',#3516,#10273);
#10273 = DEFINITIONAL_REPRESENTATION('',(#10274),#10278);
#10274 = LINE('',#10275,#10276);
#10275 = CARTESIAN_POINT('',(-6.28318530718,0.));
#10276 = VECTOR('',#10277,1.);
#10277 = DIRECTION('',(-0.,-1.));
#10278 = ( GEOMETRIC_REPRESENTATION_CONTEXT(2) 
PARAMETRIC_REPRESENTATION_CONTEXT() REPRESENTATION_CONTEXT('2D SPACE',''
  ) );
#10279 = PCURVE('',#3516,#10280);
#10280 = DEFINITIONAL_REPRESENTATION('',(#10281),#10285);
#10281 = LINE('',#10282,#10283);
#10282 = CARTESIAN_POINT('',(0.,-0.));
#10283 = VECTOR('',#10284,1.);
#10284 = DIRECTION('',(-0.,-1.));
#10285 = ( GEOMETRIC_REPRESENTATION_CONTEXT(2) 
PARAMETRIC_REPRESENTATION_CONTEXT() REPRESENTATION_CONTEXT('2D SPACE',''
  ) );
#10286 = ORIENTED_EDGE('',*,*,#10287,.F.);
#10287 = EDGE_CURVE('',#10288,#10265,#10290,.T.);
#10288 = VERTEX_POINT('',#10289);
#10289 = CARTESIAN_POINT('',(13.279048216895,4.745269700507,1.76));
#10290 = SURFACE_CURVE('',#10291,(#10296,#10303),.PCURVE_S1.);
#10291 = CIRCLE('',#10292,1.1);
#10292 = AXIS2_PLACEMENT_3D('',#10293,#10294,#10295);
#10293 = CARTESIAN_POINT('',(12.179048216895,4.745269700507,1.76));
#10294 = DIRECTION('',(0.,1.224646799147E-16,1.));
#10295 = DIRECTION('',(-1.,0.,0.));
#10296 = PCURVE('',#3516,#10297);
#10297 = DEFINITIONAL_REPRESENTATION('',(#10298),#10302);
#10298 = LINE('',#10299,#10300);
#10299 = CARTESIAN_POINT('',(-0.,-1.76));
#10300 = VECTOR('',#10301,1.);
#10301 = DIRECTION('',(-1.,-0.));
#10302 = ( GEOMETRIC_REPRESENTATION_CONTEXT(2) 
PARAMETRIC_REPRESENTATION_CONTEXT() REPRESENTATION_CONTEXT('2D SPACE',''
  ) );
#10303 = PCURVE('',#8381,#10304);
#10304 = DEFINITIONAL_REPRESENTATION('',(#10305),#10309);
#10305 = LINE('',#10306,#10307);
#10306 = CARTESIAN_POINT('',(-9.424777960769,-19.74));
#10307 = VECTOR('',#10308,1.);
#10308 = DIRECTION('',(1.,-0.));
#10309 = ( GEOMETRIC_REPRESENTATION_CONTEXT(2) 
PARAMETRIC_REPRESENTATION_CONTEXT() REPRESENTATION_CONTEXT('2D SPACE',''
  ) );
#10310 = ORIENTED_EDGE('',*,*,#10311,.F.);
#10311 = EDGE_CURVE('',#10265,#10288,#10312,.T.);
#10312 = SURFACE_CURVE('',#10313,(#10318,#10325),.PCURVE_S1.);
#10313 = CIRCLE('',#10314,1.1);
#10314 = AXIS2_PLACEMENT_3D('',#10315,#10316,#10317);
#10315 = CARTESIAN_POINT('',(12.179048216895,4.745269700507,1.76));
#10316 = DIRECTION('',(0.,1.224646799147E-16,1.));
#10317 = DIRECTION('',(-1.,0.,0.));
#10318 = PCURVE('',#3516,#10319);
#10319 = DEFINITIONAL_REPRESENTATION('',(#10320),#10324);
#10320 = LINE('',#10321,#10322);
#10321 = CARTESIAN_POINT('',(-0.,-1.76));
#10322 = VECTOR('',#10323,1.);
#10323 = DIRECTION('',(-1.,-0.));
#10324 = ( GEOMETRIC_REPRESENTATION_CONTEXT(2) 
PARAMETRIC_REPRESENTATION_CONTEXT() REPRESENTATION_CONTEXT('2D SPACE',''
  ) );
#10325 = PCURVE('',#8381,#10326);
#10326 = DEFINITIONAL_REPRESENTATION('',(#10327),#10331);
#10327 = LINE('',#10328,#10329);
#10328 = CARTESIAN_POINT('',(-3.14159265359,-19.74));
#10329 = VECTOR('',#10330,1.);
#10330 = DIRECTION('',(1.,-0.));
#10331 = ( GEOMETRIC_REPRESENTATION_CONTEXT(2) 
PARAMETRIC_REPRESENTATION_CONTEXT() REPRESENTATION_CONTEXT('2D SPACE',''
  ) );
#10332 = ORIENTED_EDGE('',*,*,#10264,.F.);
#10333 = ORIENTED_EDGE('',*,*,#3495,.T.);
#10334 = ADVANCED_FACE('',(#10335),#3548,.T.);
#10335 = FACE_BOUND('',#10336,.T.);
#10336 = EDGE_LOOP('',(#10337,#10360,#10388,#10409));
#10337 = ORIENTED_EDGE('',*,*,#10338,.T.);
#10338 = EDGE_CURVE('',#3531,#10339,#10341,.T.);
#10339 = VERTEX_POINT('',#10340);
#10340 = CARTESIAN_POINT('',(14.04267578125,0.94970703125,0.5));
#10341 = SURFACE_CURVE('',#10342,(#10346,#10353),.PCURVE_S1.);
#10342 = LINE('',#10343,#10344);
#10343 = CARTESIAN_POINT('',(14.04267578125,0.94970703125,0.));
#10344 = VECTOR('',#10345,1.);
#10345 = DIRECTION('',(0.,1.224646799147E-16,1.));
#10346 = PCURVE('',#3548,#10347);
#10347 = DEFINITIONAL_REPRESENTATION('',(#10348),#10352);
#10348 = LINE('',#10349,#10350);
#10349 = CARTESIAN_POINT('',(0.,0.));
#10350 = VECTOR('',#10351,1.);
#10351 = DIRECTION('',(0.,-1.));
#10352 = ( GEOMETRIC_REPRESENTATION_CONTEXT(2) 
PARAMETRIC_REPRESENTATION_CONTEXT() REPRESENTATION_CONTEXT('2D SPACE',''
  ) );
#10353 = PCURVE('',#4052,#10354);
#10354 = DEFINITIONAL_REPRESENTATION('',(#10355),#10359);
#10355 = LINE('',#10356,#10357);
#10356 = CARTESIAN_POINT('',(1.,0.));
#10357 = VECTOR('',#10358,1.);
#10358 = DIRECTION('',(0.,-1.));
#10359 = ( GEOMETRIC_REPRESENTATION_CONTEXT(2) 
PARAMETRIC_REPRESENTATION_CONTEXT() REPRESENTATION_CONTEXT('2D SPACE',''
  ) );
#10360 = ORIENTED_EDGE('',*,*,#10361,.T.);
#10361 = EDGE_CURVE('',#10339,#10362,#10364,.T.);
#10362 = VERTEX_POINT('',#10363);
#10363 = CARTESIAN_POINT('',(14.1466796875,0.732421875,0.5));
#10364 = SURFACE_CURVE('',#10365,(#10369,#10376),.PCURVE_S1.);
#10365 = B_SPLINE_CURVE_WITH_KNOTS('',2,(#10366,#10367,#10368),
  .UNSPECIFIED.,.F.,.F.,(3,3),(0.,1.),.PIECEWISE_BEZIER_KNOTS.);
#10366 = CARTESIAN_POINT('',(14.04267578125,0.94970703125,0.5));
#10367 = CARTESIAN_POINT('',(14.07734375,0.833984375,0.5));
#10368 = CARTESIAN_POINT('',(14.1466796875,0.732421875,0.5));
#10369 = PCURVE('',#3548,#10370);
#10370 = DEFINITIONAL_REPRESENTATION('',(#10371),#10375);
#10371 = LINE('',#10372,#10373);
#10372 = CARTESIAN_POINT('',(0.,-0.5));
#10373 = VECTOR('',#10374,1.);
#10374 = DIRECTION('',(1.,0.));
#10375 = ( GEOMETRIC_REPRESENTATION_CONTEXT(2) 
PARAMETRIC_REPRESENTATION_CONTEXT() REPRESENTATION_CONTEXT('2D SPACE',''
  ) );
#10376 = PCURVE('',#10377,#10382);
#10377 = PLANE('',#10378);
#10378 = AXIS2_PLACEMENT_3D('',#10379,#10380,#10381);
#10379 = CARTESIAN_POINT('',(15.4923828125,2.0205078125,0.5));
#10380 = DIRECTION('',(0.,-1.224646799147E-16,-1.));
#10381 = DIRECTION('',(1.110223024625E-16,-1.,1.224646799147E-16));
#10382 = DEFINITIONAL_REPRESENTATION('',(#10383),#10387);
#10383 = B_SPLINE_CURVE_WITH_KNOTS('',2,(#10384,#10385,#10386),
  .UNSPECIFIED.,.F.,.F.,(3,3),(0.,1.),.PIECEWISE_BEZIER_KNOTS.);
#10384 = CARTESIAN_POINT('',(1.07080078125,1.44970703125));
#10385 = CARTESIAN_POINT('',(1.1865234375,1.4150390625));
#10386 = CARTESIAN_POINT('',(1.2880859375,1.345703125));
#10387 = ( GEOMETRIC_REPRESENTATION_CONTEXT(2) 
PARAMETRIC_REPRESENTATION_CONTEXT() REPRESENTATION_CONTEXT('2D SPACE',''
  ) );
#10388 = ORIENTED_EDGE('',*,*,#10389,.F.);
#10389 = EDGE_CURVE('',#3533,#10362,#10390,.T.);
#10390 = SURFACE_CURVE('',#10391,(#10395,#10402),.PCURVE_S1.);
#10391 = LINE('',#10392,#10393);
#10392 = CARTESIAN_POINT('',(14.1466796875,0.732421875,0.));
#10393 = VECTOR('',#10394,1.);
#10394 = DIRECTION('',(0.,1.224646799147E-16,1.));
#10395 = PCURVE('',#3548,#10396);
#10396 = DEFINITIONAL_REPRESENTATION('',(#10397),#10401);
#10397 = LINE('',#10398,#10399);
#10398 = CARTESIAN_POINT('',(1.,0.));
#10399 = VECTOR('',#10400,1.);
#10400 = DIRECTION('',(0.,-1.));
#10401 = ( GEOMETRIC_REPRESENTATION_CONTEXT(2) 
PARAMETRIC_REPRESENTATION_CONTEXT() REPRESENTATION_CONTEXT('2D SPACE',''
  ) );
#10402 = PCURVE('',#3578,#10403);
#10403 = DEFINITIONAL_REPRESENTATION('',(#10404),#10408);
#10404 = LINE('',#10405,#10406);
#10405 = CARTESIAN_POINT('',(0.,0.));
#10406 = VECTOR('',#10407,1.);
#10407 = DIRECTION('',(0.,-1.));
#10408 = ( GEOMETRIC_REPRESENTATION_CONTEXT(2) 
PARAMETRIC_REPRESENTATION_CONTEXT() REPRESENTATION_CONTEXT('2D SPACE',''
  ) );
#10409 = ORIENTED_EDGE('',*,*,#3530,.F.);
#10410 = ADVANCED_FACE('',(#10411),#4052,.T.);
#10411 = FACE_BOUND('',#10412,.T.);
#10412 = EDGE_LOOP('',(#10413,#10436,#10457,#10458));
#10413 = ORIENTED_EDGE('',*,*,#10414,.T.);
#10414 = EDGE_CURVE('',#4009,#10415,#10417,.T.);
#10415 = VERTEX_POINT('',#10416);
#10416 = CARTESIAN_POINT('',(14.0080078125,1.1962890625,0.5));
#10417 = SURFACE_CURVE('',#10418,(#10422,#10429),.PCURVE_S1.);
#10418 = LINE('',#10419,#10420);
#10419 = CARTESIAN_POINT('',(14.0080078125,1.1962890625,0.));
#10420 = VECTOR('',#10421,1.);
#10421 = DIRECTION('',(0.,1.224646799147E-16,1.));
#10422 = PCURVE('',#4052,#10423);
#10423 = DEFINITIONAL_REPRESENTATION('',(#10424),#10428);
#10424 = LINE('',#10425,#10426);
#10425 = CARTESIAN_POINT('',(0.,0.));
#10426 = VECTOR('',#10427,1.);
#10427 = DIRECTION('',(0.,-1.));
#10428 = ( GEOMETRIC_REPRESENTATION_CONTEXT(2) 
PARAMETRIC_REPRESENTATION_CONTEXT() REPRESENTATION_CONTEXT('2D SPACE',''
  ) );
#10429 = PCURVE('',#4024,#10430);
#10430 = DEFINITIONAL_REPRESENTATION('',(#10431),#10435);
#10431 = LINE('',#10432,#10433);
#10432 = CARTESIAN_POINT('',(1.,0.));
#10433 = VECTOR('',#10434,1.);
#10434 = DIRECTION('',(0.,-1.));
#10435 = ( GEOMETRIC_REPRESENTATION_CONTEXT(2) 
PARAMETRIC_REPRESENTATION_CONTEXT() REPRESENTATION_CONTEXT('2D SPACE',''
  ) );
#10436 = ORIENTED_EDGE('',*,*,#10437,.T.);
#10437 = EDGE_CURVE('',#10415,#10339,#10438,.T.);
#10438 = SURFACE_CURVE('',#10439,(#10443,#10450),.PCURVE_S1.);
#10439 = B_SPLINE_CURVE_WITH_KNOTS('',2,(#10440,#10441,#10442),
  .UNSPECIFIED.,.F.,.F.,(3,3),(0.,1.),.PIECEWISE_BEZIER_KNOTS.);
#10440 = CARTESIAN_POINT('',(14.0080078125,1.1962890625,0.5));
#10441 = CARTESIAN_POINT('',(14.0080078125,1.0654296875,0.5));
#10442 = CARTESIAN_POINT('',(14.04267578125,0.94970703125,0.5));
#10443 = PCURVE('',#4052,#10444);
#10444 = DEFINITIONAL_REPRESENTATION('',(#10445),#10449);
#10445 = LINE('',#10446,#10447);
#10446 = CARTESIAN_POINT('',(0.,-0.5));
#10447 = VECTOR('',#10448,1.);
#10448 = DIRECTION('',(1.,0.));
#10449 = ( GEOMETRIC_REPRESENTATION_CONTEXT(2) 
PARAMETRIC_REPRESENTATION_CONTEXT() REPRESENTATION_CONTEXT('2D SPACE',''
  ) );
#10450 = PCURVE('',#10377,#10451);
#10451 = DEFINITIONAL_REPRESENTATION('',(#10452),#10456);
#10452 = B_SPLINE_CURVE_WITH_KNOTS('',2,(#10453,#10454,#10455),
  .UNSPECIFIED.,.F.,.F.,(3,3),(0.,1.),.PIECEWISE_BEZIER_KNOTS.);
#10453 = CARTESIAN_POINT('',(0.82421875,1.484375));
#10454 = CARTESIAN_POINT('',(0.955078125,1.484375));
#10455 = CARTESIAN_POINT('',(1.07080078125,1.44970703125));
#10456 = ( GEOMETRIC_REPRESENTATION_CONTEXT(2) 
PARAMETRIC_REPRESENTATION_CONTEXT() REPRESENTATION_CONTEXT('2D SPACE',''
  ) );
#10457 = ORIENTED_EDGE('',*,*,#10338,.F.);
#10458 = ORIENTED_EDGE('',*,*,#4038,.F.);
#10459 = ADVANCED_FACE('',(#10460),#4024,.T.);
#10460 = FACE_BOUND('',#10461,.T.);
#10461 = EDGE_LOOP('',(#10462,#10485,#10506,#10507));
#10462 = ORIENTED_EDGE('',*,*,#10463,.T.);
#10463 = EDGE_CURVE('',#3979,#10464,#10466,.T.);
#10464 = VERTEX_POINT('',#10465);
#10465 = CARTESIAN_POINT('',(14.21064453125,1.7177734375,0.5));
#10466 = SURFACE_CURVE('',#10467,(#10471,#10478),.PCURVE_S1.);
#10467 = LINE('',#10468,#10469);
#10468 = CARTESIAN_POINT('',(14.21064453125,1.7177734375,0.));
#10469 = VECTOR('',#10470,1.);
#10470 = DIRECTION('',(0.,1.224646799147E-16,1.));
#10471 = PCURVE('',#4024,#10472);
#10472 = DEFINITIONAL_REPRESENTATION('',(#10473),#10477);
#10473 = LINE('',#10474,#10475);
#10474 = CARTESIAN_POINT('',(0.,0.));
#10475 = VECTOR('',#10476,1.);
#10476 = DIRECTION('',(0.,-1.));
#10477 = ( GEOMETRIC_REPRESENTATION_CONTEXT(2) 
PARAMETRIC_REPRESENTATION_CONTEXT() REPRESENTATION_CONTEXT('2D SPACE',''
  ) );
#10478 = PCURVE('',#3994,#10479);
#10479 = DEFINITIONAL_REPRESENTATION('',(#10480),#10484);
#10480 = LINE('',#10481,#10482);
#10481 = CARTESIAN_POINT('',(1.,0.));
#10482 = VECTOR('',#10483,1.);
#10483 = DIRECTION('',(0.,-1.));
#10484 = ( GEOMETRIC_REPRESENTATION_CONTEXT(2) 
PARAMETRIC_REPRESENTATION_CONTEXT() REPRESENTATION_CONTEXT('2D SPACE',''
  ) );
#10485 = ORIENTED_EDGE('',*,*,#10486,.T.);
#10486 = EDGE_CURVE('',#10464,#10415,#10487,.T.);
#10487 = SURFACE_CURVE('',#10488,(#10492,#10499),.PCURVE_S1.);
#10488 = B_SPLINE_CURVE_WITH_KNOTS('',2,(#10489,#10490,#10491),
  .UNSPECIFIED.,.F.,.F.,(3,3),(0.,1.),.PIECEWISE_BEZIER_KNOTS.);
#10489 = CARTESIAN_POINT('',(14.21064453125,1.7177734375,0.5));
#10490 = CARTESIAN_POINT('',(14.0080078125,1.52734375,0.5));
#10491 = CARTESIAN_POINT('',(14.0080078125,1.1962890625,0.5));
#10492 = PCURVE('',#4024,#10493);
#10493 = DEFINITIONAL_REPRESENTATION('',(#10494),#10498);
#10494 = LINE('',#10495,#10496);
#10495 = CARTESIAN_POINT('',(0.,-0.5));
#10496 = VECTOR('',#10497,1.);
#10497 = DIRECTION('',(1.,0.));
#10498 = ( GEOMETRIC_REPRESENTATION_CONTEXT(2) 
PARAMETRIC_REPRESENTATION_CONTEXT() REPRESENTATION_CONTEXT('2D SPACE',''
  ) );
#10499 = PCURVE('',#10377,#10500);
#10500 = DEFINITIONAL_REPRESENTATION('',(#10501),#10505);
#10501 = B_SPLINE_CURVE_WITH_KNOTS('',2,(#10502,#10503,#10504),
  .UNSPECIFIED.,.F.,.F.,(3,3),(0.,1.),.PIECEWISE_BEZIER_KNOTS.);
#10502 = CARTESIAN_POINT('',(0.302734375,1.28173828125));
#10503 = CARTESIAN_POINT('',(0.4931640625,1.484375));
#10504 = CARTESIAN_POINT('',(0.82421875,1.484375));
#10505 = ( GEOMETRIC_REPRESENTATION_CONTEXT(2) 
PARAMETRIC_REPRESENTATION_CONTEXT() REPRESENTATION_CONTEXT('2D SPACE',''
  ) );
#10506 = ORIENTED_EDGE('',*,*,#10414,.F.);
#10507 = ORIENTED_EDGE('',*,*,#4008,.F.);
#10508 = ADVANCED_FACE('',(#10509),#3994,.T.);
#10509 = FACE_BOUND('',#10510,.T.);
#10510 = EDGE_LOOP('',(#10511,#10534,#10555,#10556));
#10511 = ORIENTED_EDGE('',*,*,#10512,.T.);
#10512 = EDGE_CURVE('',#3949,#10513,#10515,.T.);
#10513 = VERTEX_POINT('',#10514);
#10514 = CARTESIAN_POINT('',(14.76484375,1.908203125,0.5));
#10515 = SURFACE_CURVE('',#10516,(#10520,#10527),.PCURVE_S1.);
#10516 = LINE('',#10517,#10518);
#10517 = CARTESIAN_POINT('',(14.76484375,1.908203125,0.));
#10518 = VECTOR('',#10519,1.);
#10519 = DIRECTION('',(0.,1.224646799147E-16,1.));
#10520 = PCURVE('',#3994,#10521);
#10521 = DEFINITIONAL_REPRESENTATION('',(#10522),#10526);
#10522 = LINE('',#10523,#10524);
#10523 = CARTESIAN_POINT('',(0.,0.));
#10524 = VECTOR('',#10525,1.);
#10525 = DIRECTION('',(0.,-1.));
#10526 = ( GEOMETRIC_REPRESENTATION_CONTEXT(2) 
PARAMETRIC_REPRESENTATION_CONTEXT() REPRESENTATION_CONTEXT('2D SPACE',''
  ) );
#10527 = PCURVE('',#3964,#10528);
#10528 = DEFINITIONAL_REPRESENTATION('',(#10529),#10533);
#10529 = LINE('',#10530,#10531);
#10530 = CARTESIAN_POINT('',(1.,0.));
#10531 = VECTOR('',#10532,1.);
#10532 = DIRECTION('',(0.,-1.));
#10533 = ( GEOMETRIC_REPRESENTATION_CONTEXT(2) 
PARAMETRIC_REPRESENTATION_CONTEXT() REPRESENTATION_CONTEXT('2D SPACE',''
  ) );
#10534 = ORIENTED_EDGE('',*,*,#10535,.T.);
#10535 = EDGE_CURVE('',#10513,#10464,#10536,.T.);
#10536 = SURFACE_CURVE('',#10537,(#10541,#10548),.PCURVE_S1.);
#10537 = B_SPLINE_CURVE_WITH_KNOTS('',2,(#10538,#10539,#10540),
  .UNSPECIFIED.,.F.,.F.,(3,3),(0.,1.),.PIECEWISE_BEZIER_KNOTS.);
#10538 = CARTESIAN_POINT('',(14.76484375,1.908203125,0.5));
#10539 = CARTESIAN_POINT('',(14.41328125,1.908203125,0.5));
#10540 = CARTESIAN_POINT('',(14.21064453125,1.7177734375,0.5));
#10541 = PCURVE('',#3994,#10542);
#10542 = DEFINITIONAL_REPRESENTATION('',(#10543),#10547);
#10543 = LINE('',#10544,#10545);
#10544 = CARTESIAN_POINT('',(0.,-0.5));
#10545 = VECTOR('',#10546,1.);
#10546 = DIRECTION('',(1.,0.));
#10547 = ( GEOMETRIC_REPRESENTATION_CONTEXT(2) 
PARAMETRIC_REPRESENTATION_CONTEXT() REPRESENTATION_CONTEXT('2D SPACE',''
  ) );
#10548 = PCURVE('',#10377,#10549);
#10549 = DEFINITIONAL_REPRESENTATION('',(#10550),#10554);
#10550 = B_SPLINE_CURVE_WITH_KNOTS('',2,(#10551,#10552,#10553),
  .UNSPECIFIED.,.F.,.F.,(3,3),(0.,1.),.PIECEWISE_BEZIER_KNOTS.);
#10551 = CARTESIAN_POINT('',(0.1123046875,0.7275390625));
#10552 = CARTESIAN_POINT('',(0.1123046875,1.0791015625));
#10553 = CARTESIAN_POINT('',(0.302734375,1.28173828125));
#10554 = ( GEOMETRIC_REPRESENTATION_CONTEXT(2) 
PARAMETRIC_REPRESENTATION_CONTEXT() REPRESENTATION_CONTEXT('2D SPACE',''
  ) );
#10555 = ORIENTED_EDGE('',*,*,#10463,.F.);
#10556 = ORIENTED_EDGE('',*,*,#3978,.F.);
#10557 = ADVANCED_FACE('',(#10558),#3964,.T.);
#10558 = FACE_BOUND('',#10559,.T.);
#10559 = EDGE_LOOP('',(#10560,#10583,#10604,#10605));
#10560 = ORIENTED_EDGE('',*,*,#10561,.T.);
#10561 = EDGE_CURVE('',#3919,#10562,#10564,.T.);
#10562 = VERTEX_POINT('',#10563);
#10563 = CARTESIAN_POINT('',(15.31806640625,1.7177734375,0.5));
#10564 = SURFACE_CURVE('',#10565,(#10569,#10576),.PCURVE_S1.);
#10565 = LINE('',#10566,#10567);
#10566 = CARTESIAN_POINT('',(15.31806640625,1.7177734375,0.));
#10567 = VECTOR('',#10568,1.);
#10568 = DIRECTION('',(0.,1.224646799147E-16,1.));
#10569 = PCURVE('',#3964,#10570);
#10570 = DEFINITIONAL_REPRESENTATION('',(#10571),#10575);
#10571 = LINE('',#10572,#10573);
#10572 = CARTESIAN_POINT('',(0.,0.));
#10573 = VECTOR('',#10574,1.);
#10574 = DIRECTION('',(0.,-1.));
#10575 = ( GEOMETRIC_REPRESENTATION_CONTEXT(2) 
PARAMETRIC_REPRESENTATION_CONTEXT() REPRESENTATION_CONTEXT('2D SPACE',''
  ) );
#10576 = PCURVE('',#3934,#10577);
#10577 = DEFINITIONAL_REPRESENTATION('',(#10578),#10582);
#10578 = LINE('',#10579,#10580);
#10579 = CARTESIAN_POINT('',(1.,0.));
#10580 = VECTOR('',#10581,1.);
#10581 = DIRECTION('',(0.,-1.));
#10582 = ( GEOMETRIC_REPRESENTATION_CONTEXT(2) 
PARAMETRIC_REPRESENTATION_CONTEXT() REPRESENTATION_CONTEXT('2D SPACE',''
  ) );
#10583 = ORIENTED_EDGE('',*,*,#10584,.T.);
#10584 = EDGE_CURVE('',#10562,#10513,#10585,.T.);
#10585 = SURFACE_CURVE('',#10586,(#10590,#10597),.PCURVE_S1.);
#10586 = B_SPLINE_CURVE_WITH_KNOTS('',2,(#10587,#10588,#10589),
  .UNSPECIFIED.,.F.,.F.,(3,3),(0.,1.),.PIECEWISE_BEZIER_KNOTS.);
#10587 = CARTESIAN_POINT('',(15.31806640625,1.7177734375,0.5));
#10588 = CARTESIAN_POINT('',(15.1154296875,1.908203125,0.5));
#10589 = CARTESIAN_POINT('',(14.76484375,1.908203125,0.5));
#10590 = PCURVE('',#3964,#10591);
#10591 = DEFINITIONAL_REPRESENTATION('',(#10592),#10596);
#10592 = LINE('',#10593,#10594);
#10593 = CARTESIAN_POINT('',(0.,-0.5));
#10594 = VECTOR('',#10595,1.);
#10595 = DIRECTION('',(1.,0.));
#10596 = ( GEOMETRIC_REPRESENTATION_CONTEXT(2) 
PARAMETRIC_REPRESENTATION_CONTEXT() REPRESENTATION_CONTEXT('2D SPACE',''
  ) );
#10597 = PCURVE('',#10377,#10598);
#10598 = DEFINITIONAL_REPRESENTATION('',(#10599),#10603);
#10599 = B_SPLINE_CURVE_WITH_KNOTS('',2,(#10600,#10601,#10602),
  .UNSPECIFIED.,.F.,.F.,(3,3),(0.,1.),.PIECEWISE_BEZIER_KNOTS.);
#10600 = CARTESIAN_POINT('',(0.302734375,0.17431640625));
#10601 = CARTESIAN_POINT('',(0.1123046875,0.376953125));
#10602 = CARTESIAN_POINT('',(0.1123046875,0.7275390625));
#10603 = ( GEOMETRIC_REPRESENTATION_CONTEXT(2) 
PARAMETRIC_REPRESENTATION_CONTEXT() REPRESENTATION_CONTEXT('2D SPACE',''
  ) );
#10604 = ORIENTED_EDGE('',*,*,#10512,.F.);
#10605 = ORIENTED_EDGE('',*,*,#3948,.F.);
#10606 = ADVANCED_FACE('',(#10607),#3934,.T.);
#10607 = FACE_BOUND('',#10608,.T.);
#10608 = EDGE_LOOP('',(#10609,#10632,#10653,#10654));
#10609 = ORIENTED_EDGE('',*,*,#10610,.T.);
#10610 = EDGE_CURVE('',#3889,#10611,#10613,.T.);
#10611 = VERTEX_POINT('',#10612);
#10612 = CARTESIAN_POINT('',(15.520703125,1.1962890625,0.5));
#10613 = SURFACE_CURVE('',#10614,(#10618,#10625),.PCURVE_S1.);
#10614 = LINE('',#10615,#10616);
#10615 = CARTESIAN_POINT('',(15.520703125,1.1962890625,0.));
#10616 = VECTOR('',#10617,1.);
#10617 = DIRECTION('',(0.,1.224646799147E-16,1.));
#10618 = PCURVE('',#3934,#10619);
#10619 = DEFINITIONAL_REPRESENTATION('',(#10620),#10624);
#10620 = LINE('',#10621,#10622);
#10621 = CARTESIAN_POINT('',(0.,0.));
#10622 = VECTOR('',#10623,1.);
#10623 = DIRECTION('',(0.,-1.));
#10624 = ( GEOMETRIC_REPRESENTATION_CONTEXT(2) 
PARAMETRIC_REPRESENTATION_CONTEXT() REPRESENTATION_CONTEXT('2D SPACE',''
  ) );
#10625 = PCURVE('',#3904,#10626);
#10626 = DEFINITIONAL_REPRESENTATION('',(#10627),#10631);
#10627 = LINE('',#10628,#10629);
#10628 = CARTESIAN_POINT('',(1.,0.));
#10629 = VECTOR('',#10630,1.);
#10630 = DIRECTION('',(0.,-1.));
#10631 = ( GEOMETRIC_REPRESENTATION_CONTEXT(2) 
PARAMETRIC_REPRESENTATION_CONTEXT() REPRESENTATION_CONTEXT('2D SPACE',''
  ) );
#10632 = ORIENTED_EDGE('',*,*,#10633,.T.);
#10633 = EDGE_CURVE('',#10611,#10562,#10634,.T.);
#10634 = SURFACE_CURVE('',#10635,(#10639,#10646),.PCURVE_S1.);
#10635 = B_SPLINE_CURVE_WITH_KNOTS('',2,(#10636,#10637,#10638),
  .UNSPECIFIED.,.F.,.F.,(3,3),(0.,1.),.PIECEWISE_BEZIER_KNOTS.);
#10636 = CARTESIAN_POINT('',(15.520703125,1.1962890625,0.5));
#10637 = CARTESIAN_POINT('',(15.520703125,1.52734375,0.5));
#10638 = CARTESIAN_POINT('',(15.31806640625,1.7177734375,0.5));
#10639 = PCURVE('',#3934,#10640);
#10640 = DEFINITIONAL_REPRESENTATION('',(#10641),#10645);
#10641 = LINE('',#10642,#10643);
#10642 = CARTESIAN_POINT('',(0.,-0.5));
#10643 = VECTOR('',#10644,1.);
#10644 = DIRECTION('',(1.,0.));
#10645 = ( GEOMETRIC_REPRESENTATION_CONTEXT(2) 
PARAMETRIC_REPRESENTATION_CONTEXT() REPRESENTATION_CONTEXT('2D SPACE',''
  ) );
#10646 = PCURVE('',#10377,#10647);
#10647 = DEFINITIONAL_REPRESENTATION('',(#10648),#10652);
#10648 = B_SPLINE_CURVE_WITH_KNOTS('',2,(#10649,#10650,#10651),
  .UNSPECIFIED.,.F.,.F.,(3,3),(0.,1.),.PIECEWISE_BEZIER_KNOTS.);
#10649 = CARTESIAN_POINT('',(0.82421875,-2.83203125E-02));
#10650 = CARTESIAN_POINT('',(0.4931640625,-2.83203125E-02));
#10651 = CARTESIAN_POINT('',(0.302734375,0.17431640625));
#10652 = ( GEOMETRIC_REPRESENTATION_CONTEXT(2) 
PARAMETRIC_REPRESENTATION_CONTEXT() REPRESENTATION_CONTEXT('2D SPACE',''
  ) );
#10653 = ORIENTED_EDGE('',*,*,#10561,.F.);
#10654 = ORIENTED_EDGE('',*,*,#3918,.F.);
#10655 = ADVANCED_FACE('',(#10656),#3904,.T.);
#10656 = FACE_BOUND('',#10657,.T.);
#10657 = EDGE_LOOP('',(#10658,#10681,#10702,#10703));
#10658 = ORIENTED_EDGE('',*,*,#10659,.T.);
#10659 = EDGE_CURVE('',#3859,#10660,#10662,.T.);
#10660 = VERTEX_POINT('',#10661);
#10661 = CARTESIAN_POINT('',(15.485546875,0.95166015625,0.5));
#10662 = SURFACE_CURVE('',#10663,(#10667,#10674),.PCURVE_S1.);
#10663 = LINE('',#10664,#10665);
#10664 = CARTESIAN_POINT('',(15.485546875,0.95166015625,0.));
#10665 = VECTOR('',#10666,1.);
#10666 = DIRECTION('',(0.,1.224646799147E-16,1.));
#10667 = PCURVE('',#3904,#10668);
#10668 = DEFINITIONAL_REPRESENTATION('',(#10669),#10673);
#10669 = LINE('',#10670,#10671);
#10670 = CARTESIAN_POINT('',(0.,0.));
#10671 = VECTOR('',#10672,1.);
#10672 = DIRECTION('',(0.,-1.));
#10673 = ( GEOMETRIC_REPRESENTATION_CONTEXT(2) 
PARAMETRIC_REPRESENTATION_CONTEXT() REPRESENTATION_CONTEXT('2D SPACE',''
  ) );
#10674 = PCURVE('',#3874,#10675);
#10675 = DEFINITIONAL_REPRESENTATION('',(#10676),#10680);
#10676 = LINE('',#10677,#10678);
#10677 = CARTESIAN_POINT('',(1.,0.));
#10678 = VECTOR('',#10679,1.);
#10679 = DIRECTION('',(0.,-1.));
#10680 = ( GEOMETRIC_REPRESENTATION_CONTEXT(2) 
PARAMETRIC_REPRESENTATION_CONTEXT() REPRESENTATION_CONTEXT('2D SPACE',''
  ) );
#10681 = ORIENTED_EDGE('',*,*,#10682,.T.);
#10682 = EDGE_CURVE('',#10660,#10611,#10683,.T.);
#10683 = SURFACE_CURVE('',#10684,(#10688,#10695),.PCURVE_S1.);
#10684 = B_SPLINE_CURVE_WITH_KNOTS('',2,(#10685,#10686,#10687),
  .UNSPECIFIED.,.F.,.F.,(3,3),(0.,1.),.PIECEWISE_BEZIER_KNOTS.);
#10685 = CARTESIAN_POINT('',(15.485546875,0.95166015625,0.5));
#10686 = CARTESIAN_POINT('',(15.520703125,1.0673828125,0.5));
#10687 = CARTESIAN_POINT('',(15.520703125,1.1962890625,0.5));
#10688 = PCURVE('',#3904,#10689);
#10689 = DEFINITIONAL_REPRESENTATION('',(#10690),#10694);
#10690 = LINE('',#10691,#10692);
#10691 = CARTESIAN_POINT('',(0.,-0.5));
#10692 = VECTOR('',#10693,1.);
#10693 = DIRECTION('',(1.,0.));
#10694 = ( GEOMETRIC_REPRESENTATION_CONTEXT(2) 
PARAMETRIC_REPRESENTATION_CONTEXT() REPRESENTATION_CONTEXT('2D SPACE',''
  ) );
#10695 = PCURVE('',#10377,#10696);
#10696 = DEFINITIONAL_REPRESENTATION('',(#10697),#10701);
#10697 = B_SPLINE_CURVE_WITH_KNOTS('',2,(#10698,#10699,#10700),
  .UNSPECIFIED.,.F.,.F.,(3,3),(0.,1.),.PIECEWISE_BEZIER_KNOTS.);
#10698 = CARTESIAN_POINT('',(1.06884765625,6.8359375E-03));
#10699 = CARTESIAN_POINT('',(0.953125,-2.83203125E-02));
#10700 = CARTESIAN_POINT('',(0.82421875,-2.83203125E-02));
#10701 = ( GEOMETRIC_REPRESENTATION_CONTEXT(2) 
PARAMETRIC_REPRESENTATION_CONTEXT() REPRESENTATION_CONTEXT('2D SPACE',''
  ) );
#10702 = ORIENTED_EDGE('',*,*,#10610,.F.);
#10703 = ORIENTED_EDGE('',*,*,#3888,.F.);
#10704 = ADVANCED_FACE('',(#10705),#3874,.T.);
#10705 = FACE_BOUND('',#10706,.T.);
#10706 = EDGE_LOOP('',(#10707,#10730,#10751,#10752));
#10707 = ORIENTED_EDGE('',*,*,#10708,.T.);
#10708 = EDGE_CURVE('',#3831,#10709,#10711,.T.);
#10709 = VERTEX_POINT('',#10710);
#10710 = CARTESIAN_POINT('',(15.380078125,0.732421875,0.5));
#10711 = SURFACE_CURVE('',#10712,(#10716,#10723),.PCURVE_S1.);
#10712 = LINE('',#10713,#10714);
#10713 = CARTESIAN_POINT('',(15.380078125,0.732421875,0.));
#10714 = VECTOR('',#10715,1.);
#10715 = DIRECTION('',(0.,1.224646799147E-16,1.));
#10716 = PCURVE('',#3874,#10717);
#10717 = DEFINITIONAL_REPRESENTATION('',(#10718),#10722);
#10718 = LINE('',#10719,#10720);
#10719 = CARTESIAN_POINT('',(0.,0.));
#10720 = VECTOR('',#10721,1.);
#10721 = DIRECTION('',(0.,-1.));
#10722 = ( GEOMETRIC_REPRESENTATION_CONTEXT(2) 
PARAMETRIC_REPRESENTATION_CONTEXT() REPRESENTATION_CONTEXT('2D SPACE',''
  ) );
#10723 = PCURVE('',#3846,#10724);
#10724 = DEFINITIONAL_REPRESENTATION('',(#10725),#10729);
#10725 = LINE('',#10726,#10727);
#10726 = CARTESIAN_POINT('',(0.2060546875,-1.079472717493E-32));
#10727 = VECTOR('',#10728,1.);
#10728 = DIRECTION('',(0.,-1.));
#10729 = ( GEOMETRIC_REPRESENTATION_CONTEXT(2) 
PARAMETRIC_REPRESENTATION_CONTEXT() REPRESENTATION_CONTEXT('2D SPACE',''
  ) );
#10730 = ORIENTED_EDGE('',*,*,#10731,.T.);
#10731 = EDGE_CURVE('',#10709,#10660,#10732,.T.);
#10732 = SURFACE_CURVE('',#10733,(#10737,#10744),.PCURVE_S1.);
#10733 = B_SPLINE_CURVE_WITH_KNOTS('',2,(#10734,#10735,#10736),
  .UNSPECIFIED.,.F.,.F.,(3,3),(0.,1.),.PIECEWISE_BEZIER_KNOTS.);
#10734 = CARTESIAN_POINT('',(15.380078125,0.732421875,0.5));
#10735 = CARTESIAN_POINT('',(15.450390625,0.8359375,0.5));
#10736 = CARTESIAN_POINT('',(15.485546875,0.95166015625,0.5));
#10737 = PCURVE('',#3874,#10738);
#10738 = DEFINITIONAL_REPRESENTATION('',(#10739),#10743);
#10739 = LINE('',#10740,#10741);
#10740 = CARTESIAN_POINT('',(0.,-0.5));
#10741 = VECTOR('',#10742,1.);
#10742 = DIRECTION('',(1.,0.));
#10743 = ( GEOMETRIC_REPRESENTATION_CONTEXT(2) 
PARAMETRIC_REPRESENTATION_CONTEXT() REPRESENTATION_CONTEXT('2D SPACE',''
  ) );
#10744 = PCURVE('',#10377,#10745);
#10745 = DEFINITIONAL_REPRESENTATION('',(#10746),#10750);
#10746 = B_SPLINE_CURVE_WITH_KNOTS('',2,(#10747,#10748,#10749),
  .UNSPECIFIED.,.F.,.F.,(3,3),(0.,1.),.PIECEWISE_BEZIER_KNOTS.);
#10747 = CARTESIAN_POINT('',(1.2880859375,0.1123046875));
#10748 = CARTESIAN_POINT('',(1.1845703125,4.19921875E-02));
#10749 = CARTESIAN_POINT('',(1.06884765625,6.8359375E-03));
#10750 = ( GEOMETRIC_REPRESENTATION_CONTEXT(2) 
PARAMETRIC_REPRESENTATION_CONTEXT() REPRESENTATION_CONTEXT('2D SPACE',''
  ) );
#10751 = ORIENTED_EDGE('',*,*,#10659,.F.);
#10752 = ORIENTED_EDGE('',*,*,#3858,.F.);
#10753 = ADVANCED_FACE('',(#10754),#3846,.T.);
#10754 = FACE_BOUND('',#10755,.T.);
#10755 = EDGE_LOOP('',(#10756,#10779,#10800,#10801));
#10756 = ORIENTED_EDGE('',*,*,#10757,.T.);
#10757 = EDGE_CURVE('',#3801,#10758,#10760,.T.);
#10758 = VERTEX_POINT('',#10759);
#10759 = CARTESIAN_POINT('',(15.1740234375,0.732421875,0.5));
#10760 = SURFACE_CURVE('',#10761,(#10765,#10772),.PCURVE_S1.);
#10761 = LINE('',#10762,#10763);
#10762 = CARTESIAN_POINT('',(15.1740234375,0.732421875,0.));
#10763 = VECTOR('',#10764,1.);
#10764 = DIRECTION('',(0.,1.224646799147E-16,1.));
#10765 = PCURVE('',#3846,#10766);
#10766 = DEFINITIONAL_REPRESENTATION('',(#10767),#10771);
#10767 = LINE('',#10768,#10769);
#10768 = CARTESIAN_POINT('',(0.,0.));
#10769 = VECTOR('',#10770,1.);
#10770 = DIRECTION('',(0.,-1.));
#10771 = ( GEOMETRIC_REPRESENTATION_CONTEXT(2) 
PARAMETRIC_REPRESENTATION_CONTEXT() REPRESENTATION_CONTEXT('2D SPACE',''
  ) );
#10772 = PCURVE('',#3816,#10773);
#10773 = DEFINITIONAL_REPRESENTATION('',(#10774),#10778);
#10774 = LINE('',#10775,#10776);
#10775 = CARTESIAN_POINT('',(1.,0.));
#10776 = VECTOR('',#10777,1.);
#10777 = DIRECTION('',(0.,-1.));
#10778 = ( GEOMETRIC_REPRESENTATION_CONTEXT(2) 
PARAMETRIC_REPRESENTATION_CONTEXT() REPRESENTATION_CONTEXT('2D SPACE',''
  ) );
#10779 = ORIENTED_EDGE('',*,*,#10780,.T.);
#10780 = EDGE_CURVE('',#10758,#10709,#10781,.T.);
#10781 = SURFACE_CURVE('',#10782,(#10786,#10793),.PCURVE_S1.);
#10782 = LINE('',#10783,#10784);
#10783 = CARTESIAN_POINT('',(15.1740234375,0.732421875,0.5));
#10784 = VECTOR('',#10785,1.);
#10785 = DIRECTION('',(1.,1.110223024625E-16,-1.359631073447E-32));
#10786 = PCURVE('',#3846,#10787);
#10787 = DEFINITIONAL_REPRESENTATION('',(#10788),#10792);
#10788 = LINE('',#10789,#10790);
#10789 = CARTESIAN_POINT('',(5.527796276844E-33,-0.5));
#10790 = VECTOR('',#10791,1.);
#10791 = DIRECTION('',(1.,0.));
#10792 = ( GEOMETRIC_REPRESENTATION_CONTEXT(2) 
PARAMETRIC_REPRESENTATION_CONTEXT() REPRESENTATION_CONTEXT('2D SPACE',''
  ) );
#10793 = PCURVE('',#10377,#10794);
#10794 = DEFINITIONAL_REPRESENTATION('',(#10795),#10799);
#10795 = LINE('',#10796,#10797);
#10796 = CARTESIAN_POINT('',(1.2880859375,0.318359375));
#10797 = VECTOR('',#10798,1.);
#10798 = DIRECTION('',(-1.665067842118E-48,-1.));
#10799 = ( GEOMETRIC_REPRESENTATION_CONTEXT(2) 
PARAMETRIC_REPRESENTATION_CONTEXT() REPRESENTATION_CONTEXT('2D SPACE',''
  ) );
#10800 = ORIENTED_EDGE('',*,*,#10708,.F.);
#10801 = ORIENTED_EDGE('',*,*,#3830,.F.);
#10802 = ADVANCED_FACE('',(#10803),#3816,.T.);
#10803 = FACE_BOUND('',#10804,.T.);
#10804 = EDGE_LOOP('',(#10805,#10828,#10849,#10850));
#10805 = ORIENTED_EDGE('',*,*,#10806,.T.);
#10806 = EDGE_CURVE('',#3771,#10807,#10809,.T.);
#10807 = VERTEX_POINT('',#10808);
#10808 = CARTESIAN_POINT('',(15.3126953125,0.94482421875,0.5));
#10809 = SURFACE_CURVE('',#10810,(#10814,#10821),.PCURVE_S1.);
#10810 = LINE('',#10811,#10812);
#10811 = CARTESIAN_POINT('',(15.3126953125,0.94482421875,0.));
#10812 = VECTOR('',#10813,1.);
#10813 = DIRECTION('',(0.,1.224646799147E-16,1.));
#10814 = PCURVE('',#3816,#10815);
#10815 = DEFINITIONAL_REPRESENTATION('',(#10816),#10820);
#10816 = LINE('',#10817,#10818);
#10817 = CARTESIAN_POINT('',(0.,0.));
#10818 = VECTOR('',#10819,1.);
#10819 = DIRECTION('',(0.,-1.));
#10820 = ( GEOMETRIC_REPRESENTATION_CONTEXT(2) 
PARAMETRIC_REPRESENTATION_CONTEXT() REPRESENTATION_CONTEXT('2D SPACE',''
  ) );
#10821 = PCURVE('',#3786,#10822);
#10822 = DEFINITIONAL_REPRESENTATION('',(#10823),#10827);
#10823 = LINE('',#10824,#10825);
#10824 = CARTESIAN_POINT('',(1.,0.));
#10825 = VECTOR('',#10826,1.);
#10826 = DIRECTION('',(0.,-1.));
#10827 = ( GEOMETRIC_REPRESENTATION_CONTEXT(2) 
PARAMETRIC_REPRESENTATION_CONTEXT() REPRESENTATION_CONTEXT('2D SPACE',''
  ) );
#10828 = ORIENTED_EDGE('',*,*,#10829,.T.);
#10829 = EDGE_CURVE('',#10807,#10758,#10830,.T.);
#10830 = SURFACE_CURVE('',#10831,(#10835,#10842),.PCURVE_S1.);
#10831 = B_SPLINE_CURVE_WITH_KNOTS('',2,(#10832,#10833,#10834),
  .UNSPECIFIED.,.F.,.F.,(3,3),(0.,1.),.PIECEWISE_BEZIER_KNOTS.);
#10832 = CARTESIAN_POINT('',(15.3126953125,0.94482421875,0.5));
#10833 = CARTESIAN_POINT('',(15.266796875,0.83203125,0.5));
#10834 = CARTESIAN_POINT('',(15.1740234375,0.732421875,0.5));
#10835 = PCURVE('',#3816,#10836);
#10836 = DEFINITIONAL_REPRESENTATION('',(#10837),#10841);
#10837 = LINE('',#10838,#10839);
#10838 = CARTESIAN_POINT('',(0.,-0.5));
#10839 = VECTOR('',#10840,1.);
#10840 = DIRECTION('',(1.,0.));
#10841 = ( GEOMETRIC_REPRESENTATION_CONTEXT(2) 
PARAMETRIC_REPRESENTATION_CONTEXT() REPRESENTATION_CONTEXT('2D SPACE',''
  ) );
#10842 = PCURVE('',#10377,#10843);
#10843 = DEFINITIONAL_REPRESENTATION('',(#10844),#10848);
#10844 = B_SPLINE_CURVE_WITH_KNOTS('',2,(#10845,#10846,#10847),
  .UNSPECIFIED.,.F.,.F.,(3,3),(0.,1.),.PIECEWISE_BEZIER_KNOTS.);
#10845 = CARTESIAN_POINT('',(1.07568359375,0.1796875));
#10846 = CARTESIAN_POINT('',(1.1884765625,0.2255859375));
#10847 = CARTESIAN_POINT('',(1.2880859375,0.318359375));
#10848 = ( GEOMETRIC_REPRESENTATION_CONTEXT(2) 
PARAMETRIC_REPRESENTATION_CONTEXT() REPRESENTATION_CONTEXT('2D SPACE',''
  ) );
#10849 = ORIENTED_EDGE('',*,*,#10757,.F.);
#10850 = ORIENTED_EDGE('',*,*,#3800,.F.);
#10851 = ADVANCED_FACE('',(#10852),#3786,.T.);
#10852 = FACE_BOUND('',#10853,.T.);
#10853 = EDGE_LOOP('',(#10854,#10877,#10898,#10899));
#10854 = ORIENTED_EDGE('',*,*,#10855,.T.);
#10855 = EDGE_CURVE('',#3741,#10856,#10858,.T.);
#10856 = VERTEX_POINT('',#10857);
#10857 = CARTESIAN_POINT('',(15.35859375,1.1845703125,0.5));
#10858 = SURFACE_CURVE('',#10859,(#10863,#10870),.PCURVE_S1.);
#10859 = LINE('',#10860,#10861);
#10860 = CARTESIAN_POINT('',(15.35859375,1.1845703125,0.));
#10861 = VECTOR('',#10862,1.);
#10862 = DIRECTION('',(0.,1.224646799147E-16,1.));
#10863 = PCURVE('',#3786,#10864);
#10864 = DEFINITIONAL_REPRESENTATION('',(#10865),#10869);
#10865 = LINE('',#10866,#10867);
#10866 = CARTESIAN_POINT('',(0.,0.));
#10867 = VECTOR('',#10868,1.);
#10868 = DIRECTION('',(0.,-1.));
#10869 = ( GEOMETRIC_REPRESENTATION_CONTEXT(2) 
PARAMETRIC_REPRESENTATION_CONTEXT() REPRESENTATION_CONTEXT('2D SPACE',''
  ) );
#10870 = PCURVE('',#3756,#10871);
#10871 = DEFINITIONAL_REPRESENTATION('',(#10872),#10876);
#10872 = LINE('',#10873,#10874);
#10873 = CARTESIAN_POINT('',(1.,0.));
#10874 = VECTOR('',#10875,1.);
#10875 = DIRECTION('',(0.,-1.));
#10876 = ( GEOMETRIC_REPRESENTATION_CONTEXT(2) 
PARAMETRIC_REPRESENTATION_CONTEXT() REPRESENTATION_CONTEXT('2D SPACE',''
  ) );
#10877 = ORIENTED_EDGE('',*,*,#10878,.T.);
#10878 = EDGE_CURVE('',#10856,#10807,#10879,.T.);
#10879 = SURFACE_CURVE('',#10880,(#10884,#10891),.PCURVE_S1.);
#10880 = B_SPLINE_CURVE_WITH_KNOTS('',2,(#10881,#10882,#10883),
  .UNSPECIFIED.,.F.,.F.,(3,3),(0.,1.),.PIECEWISE_BEZIER_KNOTS.);
#10881 = CARTESIAN_POINT('',(15.35859375,1.1845703125,0.5));
#10882 = CARTESIAN_POINT('',(15.35859375,1.0576171875,0.5));
#10883 = CARTESIAN_POINT('',(15.3126953125,0.94482421875,0.5));
#10884 = PCURVE('',#3786,#10885);
#10885 = DEFINITIONAL_REPRESENTATION('',(#10886),#10890);
#10886 = LINE('',#10887,#10888);
#10887 = CARTESIAN_POINT('',(0.,-0.5));
#10888 = VECTOR('',#10889,1.);
#10889 = DIRECTION('',(1.,0.));
#10890 = ( GEOMETRIC_REPRESENTATION_CONTEXT(2) 
PARAMETRIC_REPRESENTATION_CONTEXT() REPRESENTATION_CONTEXT('2D SPACE',''
  ) );
#10891 = PCURVE('',#10377,#10892);
#10892 = DEFINITIONAL_REPRESENTATION('',(#10893),#10897);
#10893 = B_SPLINE_CURVE_WITH_KNOTS('',2,(#10894,#10895,#10896),
  .UNSPECIFIED.,.F.,.F.,(3,3),(0.,1.),.PIECEWISE_BEZIER_KNOTS.);
#10894 = CARTESIAN_POINT('',(0.8359375,0.1337890625));
#10895 = CARTESIAN_POINT('',(0.962890625,0.1337890625));
#10896 = CARTESIAN_POINT('',(1.07568359375,0.1796875));
#10897 = ( GEOMETRIC_REPRESENTATION_CONTEXT(2) 
PARAMETRIC_REPRESENTATION_CONTEXT() REPRESENTATION_CONTEXT('2D SPACE',''
  ) );
#10898 = ORIENTED_EDGE('',*,*,#10806,.F.);
#10899 = ORIENTED_EDGE('',*,*,#3770,.F.);
#10900 = ADVANCED_FACE('',(#10901),#3756,.T.);
#10901 = FACE_BOUND('',#10902,.T.);
#10902 = EDGE_LOOP('',(#10903,#10926,#10947,#10948));
#10903 = ORIENTED_EDGE('',*,*,#10904,.T.);
#10904 = EDGE_CURVE('',#3711,#10905,#10907,.T.);
#10905 = VERTEX_POINT('',#10906);
#10906 = CARTESIAN_POINT('',(15.20576171875,1.5673828125,0.5));
#10907 = SURFACE_CURVE('',#10908,(#10912,#10919),.PCURVE_S1.);
#10908 = LINE('',#10909,#10910);
#10909 = CARTESIAN_POINT('',(15.20576171875,1.5673828125,0.));
#10910 = VECTOR('',#10911,1.);
#10911 = DIRECTION('',(0.,1.224646799147E-16,1.));
#10912 = PCURVE('',#3756,#10913);
#10913 = DEFINITIONAL_REPRESENTATION('',(#10914),#10918);
#10914 = LINE('',#10915,#10916);
#10915 = CARTESIAN_POINT('',(0.,0.));
#10916 = VECTOR('',#10917,1.);
#10917 = DIRECTION('',(0.,-1.));
#10918 = ( GEOMETRIC_REPRESENTATION_CONTEXT(2) 
PARAMETRIC_REPRESENTATION_CONTEXT() REPRESENTATION_CONTEXT('2D SPACE',''
  ) );
#10919 = PCURVE('',#3726,#10920);
#10920 = DEFINITIONAL_REPRESENTATION('',(#10921),#10925);
#10921 = LINE('',#10922,#10923);
#10922 = CARTESIAN_POINT('',(1.,0.));
#10923 = VECTOR('',#10924,1.);
#10924 = DIRECTION('',(0.,-1.));
#10925 = ( GEOMETRIC_REPRESENTATION_CONTEXT(2) 
PARAMETRIC_REPRESENTATION_CONTEXT() REPRESENTATION_CONTEXT('2D SPACE',''
  ) );
#10926 = ORIENTED_EDGE('',*,*,#10927,.T.);
#10927 = EDGE_CURVE('',#10905,#10856,#10928,.T.);
#10928 = SURFACE_CURVE('',#10929,(#10933,#10940),.PCURVE_S1.);
#10929 = B_SPLINE_CURVE_WITH_KNOTS('',2,(#10930,#10931,#10932),
  .UNSPECIFIED.,.F.,.F.,(3,3),(0.,1.),.PIECEWISE_BEZIER_KNOTS.);
#10930 = CARTESIAN_POINT('',(15.20576171875,1.5673828125,0.5));
#10931 = CARTESIAN_POINT('',(15.35859375,1.4345703125,0.5));
#10932 = CARTESIAN_POINT('',(15.35859375,1.1845703125,0.5));
#10933 = PCURVE('',#3756,#10934);
#10934 = DEFINITIONAL_REPRESENTATION('',(#10935),#10939);
#10935 = LINE('',#10936,#10937);
#10936 = CARTESIAN_POINT('',(0.,-0.5));
#10937 = VECTOR('',#10938,1.);
#10938 = DIRECTION('',(1.,0.));
#10939 = ( GEOMETRIC_REPRESENTATION_CONTEXT(2) 
PARAMETRIC_REPRESENTATION_CONTEXT() REPRESENTATION_CONTEXT('2D SPACE',''
  ) );
#10940 = PCURVE('',#10377,#10941);
#10941 = DEFINITIONAL_REPRESENTATION('',(#10942),#10946);
#10942 = B_SPLINE_CURVE_WITH_KNOTS('',2,(#10943,#10944,#10945),
  .UNSPECIFIED.,.F.,.F.,(3,3),(0.,1.),.PIECEWISE_BEZIER_KNOTS.);
#10943 = CARTESIAN_POINT('',(0.453125,0.28662109375));
#10944 = CARTESIAN_POINT('',(0.5859375,0.1337890625));
#10945 = CARTESIAN_POINT('',(0.8359375,0.1337890625));
#10946 = ( GEOMETRIC_REPRESENTATION_CONTEXT(2) 
PARAMETRIC_REPRESENTATION_CONTEXT() REPRESENTATION_CONTEXT('2D SPACE',''
  ) );
#10947 = ORIENTED_EDGE('',*,*,#10855,.F.);
#10948 = ORIENTED_EDGE('',*,*,#3740,.F.);
#10949 = ADVANCED_FACE('',(#10950),#3726,.T.);
#10950 = FACE_BOUND('',#10951,.T.);
#10951 = EDGE_LOOP('',(#10952,#10975,#10996,#10997));
#10952 = ORIENTED_EDGE('',*,*,#10953,.T.);
#10953 = EDGE_CURVE('',#3681,#10954,#10956,.T.);
#10954 = VERTEX_POINT('',#10955);
#10955 = CARTESIAN_POINT('',(14.76484375,1.7001953125,0.5));
#10956 = SURFACE_CURVE('',#10957,(#10961,#10968),.PCURVE_S1.);
#10957 = LINE('',#10958,#10959);
#10958 = CARTESIAN_POINT('',(14.76484375,1.7001953125,0.));
#10959 = VECTOR('',#10960,1.);
#10960 = DIRECTION('',(0.,1.224646799147E-16,1.));
#10961 = PCURVE('',#3726,#10962);
#10962 = DEFINITIONAL_REPRESENTATION('',(#10963),#10967);
#10963 = LINE('',#10964,#10965);
#10964 = CARTESIAN_POINT('',(0.,0.));
#10965 = VECTOR('',#10966,1.);
#10966 = DIRECTION('',(0.,-1.));
#10967 = ( GEOMETRIC_REPRESENTATION_CONTEXT(2) 
PARAMETRIC_REPRESENTATION_CONTEXT() REPRESENTATION_CONTEXT('2D SPACE',''
  ) );
#10968 = PCURVE('',#3696,#10969);
#10969 = DEFINITIONAL_REPRESENTATION('',(#10970),#10974);
#10970 = LINE('',#10971,#10972);
#10971 = CARTESIAN_POINT('',(1.,0.));
#10972 = VECTOR('',#10973,1.);
#10973 = DIRECTION('',(0.,-1.));
#10974 = ( GEOMETRIC_REPRESENTATION_CONTEXT(2) 
PARAMETRIC_REPRESENTATION_CONTEXT() REPRESENTATION_CONTEXT('2D SPACE',''
  ) );
#10975 = ORIENTED_EDGE('',*,*,#10976,.T.);
#10976 = EDGE_CURVE('',#10954,#10905,#10977,.T.);
#10977 = SURFACE_CURVE('',#10978,(#10982,#10989),.PCURVE_S1.);
#10978 = B_SPLINE_CURVE_WITH_KNOTS('',2,(#10979,#10980,#10981),
  .UNSPECIFIED.,.F.,.F.,(3,3),(0.,1.),.PIECEWISE_BEZIER_KNOTS.);
#10979 = CARTESIAN_POINT('',(14.76484375,1.7001953125,0.5));
#10980 = CARTESIAN_POINT('',(15.0529296875,1.7001953125,0.5));
#10981 = CARTESIAN_POINT('',(15.20576171875,1.5673828125,0.5));
#10982 = PCURVE('',#3726,#10983);
#10983 = DEFINITIONAL_REPRESENTATION('',(#10984),#10988);
#10984 = LINE('',#10985,#10986);
#10985 = CARTESIAN_POINT('',(0.,-0.5));
#10986 = VECTOR('',#10987,1.);
#10987 = DIRECTION('',(1.,0.));
#10988 = ( GEOMETRIC_REPRESENTATION_CONTEXT(2) 
PARAMETRIC_REPRESENTATION_CONTEXT() REPRESENTATION_CONTEXT('2D SPACE',''
  ) );
#10989 = PCURVE('',#10377,#10990);
#10990 = DEFINITIONAL_REPRESENTATION('',(#10991),#10995);
#10991 = B_SPLINE_CURVE_WITH_KNOTS('',2,(#10992,#10993,#10994),
  .UNSPECIFIED.,.F.,.F.,(3,3),(0.,1.),.PIECEWISE_BEZIER_KNOTS.);
#10992 = CARTESIAN_POINT('',(0.3203125,0.7275390625));
#10993 = CARTESIAN_POINT('',(0.3203125,0.439453125));
#10994 = CARTESIAN_POINT('',(0.453125,0.28662109375));
#10995 = ( GEOMETRIC_REPRESENTATION_CONTEXT(2) 
PARAMETRIC_REPRESENTATION_CONTEXT() REPRESENTATION_CONTEXT('2D SPACE',''
  ) );
#10996 = ORIENTED_EDGE('',*,*,#10904,.F.);
#10997 = ORIENTED_EDGE('',*,*,#3710,.F.);
#10998 = ADVANCED_FACE('',(#10999),#3696,.T.);
#10999 = FACE_BOUND('',#11000,.T.);
#11000 = EDGE_LOOP('',(#11001,#11024,#11045,#11046));
#11001 = ORIENTED_EDGE('',*,*,#11002,.T.);
#11002 = EDGE_CURVE('',#3651,#11003,#11005,.T.);
#11003 = VERTEX_POINT('',#11004);
#11004 = CARTESIAN_POINT('',(14.32294921875,1.5673828125,0.5));
#11005 = SURFACE_CURVE('',#11006,(#11010,#11017),.PCURVE_S1.);
#11006 = LINE('',#11007,#11008);
#11007 = CARTESIAN_POINT('',(14.32294921875,1.5673828125,0.));
#11008 = VECTOR('',#11009,1.);
#11009 = DIRECTION('',(0.,1.224646799147E-16,1.));
#11010 = PCURVE('',#3696,#11011);
#11011 = DEFINITIONAL_REPRESENTATION('',(#11012),#11016);
#11012 = LINE('',#11013,#11014);
#11013 = CARTESIAN_POINT('',(0.,0.));
#11014 = VECTOR('',#11015,1.);
#11015 = DIRECTION('',(0.,-1.));
#11016 = ( GEOMETRIC_REPRESENTATION_CONTEXT(2) 
PARAMETRIC_REPRESENTATION_CONTEXT() REPRESENTATION_CONTEXT('2D SPACE',''
  ) );
#11017 = PCURVE('',#3666,#11018);
#11018 = DEFINITIONAL_REPRESENTATION('',(#11019),#11023);
#11019 = LINE('',#11020,#11021);
#11020 = CARTESIAN_POINT('',(1.,0.));
#11021 = VECTOR('',#11022,1.);
#11022 = DIRECTION('',(0.,-1.));
#11023 = ( GEOMETRIC_REPRESENTATION_CONTEXT(2) 
PARAMETRIC_REPRESENTATION_CONTEXT() REPRESENTATION_CONTEXT('2D SPACE',''
  ) );
#11024 = ORIENTED_EDGE('',*,*,#11025,.T.);
#11025 = EDGE_CURVE('',#11003,#10954,#11026,.T.);
#11026 = SURFACE_CURVE('',#11027,(#11031,#11038),.PCURVE_S1.);
#11027 = B_SPLINE_CURVE_WITH_KNOTS('',2,(#11028,#11029,#11030),
  .UNSPECIFIED.,.F.,.F.,(3,3),(0.,1.),.PIECEWISE_BEZIER_KNOTS.);
#11028 = CARTESIAN_POINT('',(14.32294921875,1.5673828125,0.5));
#11029 = CARTESIAN_POINT('',(14.47578125,1.7001953125,0.5));
#11030 = CARTESIAN_POINT('',(14.76484375,1.7001953125,0.5));
#11031 = PCURVE('',#3696,#11032);
#11032 = DEFINITIONAL_REPRESENTATION('',(#11033),#11037);
#11033 = LINE('',#11034,#11035);
#11034 = CARTESIAN_POINT('',(0.,-0.5));
#11035 = VECTOR('',#11036,1.);
#11036 = DIRECTION('',(1.,0.));
#11037 = ( GEOMETRIC_REPRESENTATION_CONTEXT(2) 
PARAMETRIC_REPRESENTATION_CONTEXT() REPRESENTATION_CONTEXT('2D SPACE',''
  ) );
#11038 = PCURVE('',#10377,#11039);
#11039 = DEFINITIONAL_REPRESENTATION('',(#11040),#11044);
#11040 = B_SPLINE_CURVE_WITH_KNOTS('',2,(#11041,#11042,#11043),
  .UNSPECIFIED.,.F.,.F.,(3,3),(0.,1.),.PIECEWISE_BEZIER_KNOTS.);
#11041 = CARTESIAN_POINT('',(0.453125,1.16943359375));
#11042 = CARTESIAN_POINT('',(0.3203125,1.0166015625));
#11043 = CARTESIAN_POINT('',(0.3203125,0.7275390625));
#11044 = ( GEOMETRIC_REPRESENTATION_CONTEXT(2) 
PARAMETRIC_REPRESENTATION_CONTEXT() REPRESENTATION_CONTEXT('2D SPACE',''
  ) );
#11045 = ORIENTED_EDGE('',*,*,#10953,.F.);
#11046 = ORIENTED_EDGE('',*,*,#3680,.F.);
#11047 = ADVANCED_FACE('',(#11048),#3666,.T.);
#11048 = FACE_BOUND('',#11049,.T.);
#11049 = EDGE_LOOP('',(#11050,#11073,#11094,#11095));
#11050 = ORIENTED_EDGE('',*,*,#11051,.T.);
#11051 = EDGE_CURVE('',#3621,#11052,#11054,.T.);
#11052 = VERTEX_POINT('',#11053);
#11053 = CARTESIAN_POINT('',(14.1701171875,1.1845703125,0.5));
#11054 = SURFACE_CURVE('',#11055,(#11059,#11066),.PCURVE_S1.);
#11055 = LINE('',#11056,#11057);
#11056 = CARTESIAN_POINT('',(14.1701171875,1.1845703125,0.));
#11057 = VECTOR('',#11058,1.);
#11058 = DIRECTION('',(0.,1.224646799147E-16,1.));
#11059 = PCURVE('',#3666,#11060);
#11060 = DEFINITIONAL_REPRESENTATION('',(#11061),#11065);
#11061 = LINE('',#11062,#11063);
#11062 = CARTESIAN_POINT('',(0.,0.));
#11063 = VECTOR('',#11064,1.);
#11064 = DIRECTION('',(0.,-1.));
#11065 = ( GEOMETRIC_REPRESENTATION_CONTEXT(2) 
PARAMETRIC_REPRESENTATION_CONTEXT() REPRESENTATION_CONTEXT('2D SPACE',''
  ) );
#11066 = PCURVE('',#3636,#11067);
#11067 = DEFINITIONAL_REPRESENTATION('',(#11068),#11072);
#11068 = LINE('',#11069,#11070);
#11069 = CARTESIAN_POINT('',(1.,0.));
#11070 = VECTOR('',#11071,1.);
#11071 = DIRECTION('',(0.,-1.));
#11072 = ( GEOMETRIC_REPRESENTATION_CONTEXT(2) 
PARAMETRIC_REPRESENTATION_CONTEXT() REPRESENTATION_CONTEXT('2D SPACE',''
  ) );
#11073 = ORIENTED_EDGE('',*,*,#11074,.T.);
#11074 = EDGE_CURVE('',#11052,#11003,#11075,.T.);
#11075 = SURFACE_CURVE('',#11076,(#11080,#11087),.PCURVE_S1.);
#11076 = B_SPLINE_CURVE_WITH_KNOTS('',2,(#11077,#11078,#11079),
  .UNSPECIFIED.,.F.,.F.,(3,3),(0.,1.),.PIECEWISE_BEZIER_KNOTS.);
#11077 = CARTESIAN_POINT('',(14.1701171875,1.1845703125,0.5));
#11078 = CARTESIAN_POINT('',(14.1701171875,1.4345703125,0.5));
#11079 = CARTESIAN_POINT('',(14.32294921875,1.5673828125,0.5));
#11080 = PCURVE('',#3666,#11081);
#11081 = DEFINITIONAL_REPRESENTATION('',(#11082),#11086);
#11082 = LINE('',#11083,#11084);
#11083 = CARTESIAN_POINT('',(0.,-0.5));
#11084 = VECTOR('',#11085,1.);
#11085 = DIRECTION('',(1.,0.));
#11086 = ( GEOMETRIC_REPRESENTATION_CONTEXT(2) 
PARAMETRIC_REPRESENTATION_CONTEXT() REPRESENTATION_CONTEXT('2D SPACE',''
  ) );
#11087 = PCURVE('',#10377,#11088);
#11088 = DEFINITIONAL_REPRESENTATION('',(#11089),#11093);
#11089 = B_SPLINE_CURVE_WITH_KNOTS('',2,(#11090,#11091,#11092),
  .UNSPECIFIED.,.F.,.F.,(3,3),(0.,1.),.PIECEWISE_BEZIER_KNOTS.);
#11090 = CARTESIAN_POINT('',(0.8359375,1.322265625));
#11091 = CARTESIAN_POINT('',(0.5859375,1.322265625));
#11092 = CARTESIAN_POINT('',(0.453125,1.16943359375));
#11093 = ( GEOMETRIC_REPRESENTATION_CONTEXT(2) 
PARAMETRIC_REPRESENTATION_CONTEXT() REPRESENTATION_CONTEXT('2D SPACE',''
  ) );
#11094 = ORIENTED_EDGE('',*,*,#11002,.F.);
#11095 = ORIENTED_EDGE('',*,*,#3650,.F.);
#11096 = ADVANCED_FACE('',(#11097),#3636,.T.);
#11097 = FACE_BOUND('',#11098,.T.);
#11098 = EDGE_LOOP('',(#11099,#11122,#11143,#11144));
#11099 = ORIENTED_EDGE('',*,*,#11100,.T.);
#11100 = EDGE_CURVE('',#3591,#11101,#11103,.T.);
#11101 = VERTEX_POINT('',#11102);
#11102 = CARTESIAN_POINT('',(14.216015625,0.94482421875,0.5));
#11103 = SURFACE_CURVE('',#11104,(#11108,#11115),.PCURVE_S1.);
#11104 = LINE('',#11105,#11106);
#11105 = CARTESIAN_POINT('',(14.216015625,0.94482421875,0.));
#11106 = VECTOR('',#11107,1.);
#11107 = DIRECTION('',(0.,1.224646799147E-16,1.));
#11108 = PCURVE('',#3636,#11109);
#11109 = DEFINITIONAL_REPRESENTATION('',(#11110),#11114);
#11110 = LINE('',#11111,#11112);
#11111 = CARTESIAN_POINT('',(0.,0.));
#11112 = VECTOR('',#11113,1.);
#11113 = DIRECTION('',(0.,-1.));
#11114 = ( GEOMETRIC_REPRESENTATION_CONTEXT(2) 
PARAMETRIC_REPRESENTATION_CONTEXT() REPRESENTATION_CONTEXT('2D SPACE',''
  ) );
#11115 = PCURVE('',#3606,#11116);
#11116 = DEFINITIONAL_REPRESENTATION('',(#11117),#11121);
#11117 = LINE('',#11118,#11119);
#11118 = CARTESIAN_POINT('',(1.,0.));
#11119 = VECTOR('',#11120,1.);
#11120 = DIRECTION('',(0.,-1.));
#11121 = ( GEOMETRIC_REPRESENTATION_CONTEXT(2) 
PARAMETRIC_REPRESENTATION_CONTEXT() REPRESENTATION_CONTEXT('2D SPACE',''
  ) );
#11122 = ORIENTED_EDGE('',*,*,#11123,.T.);
#11123 = EDGE_CURVE('',#11101,#11052,#11124,.T.);
#11124 = SURFACE_CURVE('',#11125,(#11129,#11136),.PCURVE_S1.);
#11125 = B_SPLINE_CURVE_WITH_KNOTS('',2,(#11126,#11127,#11128),
  .UNSPECIFIED.,.F.,.F.,(3,3),(0.,1.),.PIECEWISE_BEZIER_KNOTS.);
#11126 = CARTESIAN_POINT('',(14.216015625,0.94482421875,0.5));
#11127 = CARTESIAN_POINT('',(14.1701171875,1.0576171875,0.5));
#11128 = CARTESIAN_POINT('',(14.1701171875,1.1845703125,0.5));
#11129 = PCURVE('',#3636,#11130);
#11130 = DEFINITIONAL_REPRESENTATION('',(#11131),#11135);
#11131 = LINE('',#11132,#11133);
#11132 = CARTESIAN_POINT('',(0.,-0.5));
#11133 = VECTOR('',#11134,1.);
#11134 = DIRECTION('',(1.,0.));
#11135 = ( GEOMETRIC_REPRESENTATION_CONTEXT(2) 
PARAMETRIC_REPRESENTATION_CONTEXT() REPRESENTATION_CONTEXT('2D SPACE',''
  ) );
#11136 = PCURVE('',#10377,#11137);
#11137 = DEFINITIONAL_REPRESENTATION('',(#11138),#11142);
#11138 = B_SPLINE_CURVE_WITH_KNOTS('',2,(#11139,#11140,#11141),
  .UNSPECIFIED.,.F.,.F.,(3,3),(0.,1.),.PIECEWISE_BEZIER_KNOTS.);
#11139 = CARTESIAN_POINT('',(1.07568359375,1.2763671875));
#11140 = CARTESIAN_POINT('',(0.962890625,1.322265625));
#11141 = CARTESIAN_POINT('',(0.8359375,1.322265625));
#11142 = ( GEOMETRIC_REPRESENTATION_CONTEXT(2) 
PARAMETRIC_REPRESENTATION_CONTEXT() REPRESENTATION_CONTEXT('2D SPACE',''
  ) );
#11143 = ORIENTED_EDGE('',*,*,#11051,.F.);
#11144 = ORIENTED_EDGE('',*,*,#3620,.F.);
#11145 = ADVANCED_FACE('',(#11146),#3606,.T.);
#11146 = FACE_BOUND('',#11147,.T.);
#11147 = EDGE_LOOP('',(#11148,#11171,#11192,#11193));
#11148 = ORIENTED_EDGE('',*,*,#11149,.T.);
#11149 = EDGE_CURVE('',#3563,#11150,#11152,.T.);
#11150 = VERTEX_POINT('',#11151);
#11151 = CARTESIAN_POINT('',(14.3546875,0.732421875,0.5));
#11152 = SURFACE_CURVE('',#11153,(#11157,#11164),.PCURVE_S1.);
#11153 = LINE('',#11154,#11155);
#11154 = CARTESIAN_POINT('',(14.3546875,0.732421875,0.));
#11155 = VECTOR('',#11156,1.);
#11156 = DIRECTION('',(0.,1.224646799147E-16,1.));
#11157 = PCURVE('',#3606,#11158);
#11158 = DEFINITIONAL_REPRESENTATION('',(#11159),#11163);
#11159 = LINE('',#11160,#11161);
#11160 = CARTESIAN_POINT('',(0.,0.));
#11161 = VECTOR('',#11162,1.);
#11162 = DIRECTION('',(0.,-1.));
#11163 = ( GEOMETRIC_REPRESENTATION_CONTEXT(2) 
PARAMETRIC_REPRESENTATION_CONTEXT() REPRESENTATION_CONTEXT('2D SPACE',''
  ) );
#11164 = PCURVE('',#3578,#11165);
#11165 = DEFINITIONAL_REPRESENTATION('',(#11166),#11170);
#11166 = LINE('',#11167,#11168);
#11167 = CARTESIAN_POINT('',(0.2080078125,-1.076817188052E-32));
#11168 = VECTOR('',#11169,1.);
#11169 = DIRECTION('',(0.,-1.));
#11170 = ( GEOMETRIC_REPRESENTATION_CONTEXT(2) 
PARAMETRIC_REPRESENTATION_CONTEXT() REPRESENTATION_CONTEXT('2D SPACE',''
  ) );
#11171 = ORIENTED_EDGE('',*,*,#11172,.T.);
#11172 = EDGE_CURVE('',#11150,#11101,#11173,.T.);
#11173 = SURFACE_CURVE('',#11174,(#11178,#11185),.PCURVE_S1.);
#11174 = B_SPLINE_CURVE_WITH_KNOTS('',2,(#11175,#11176,#11177),
  .UNSPECIFIED.,.F.,.F.,(3,3),(0.,1.),.PIECEWISE_BEZIER_KNOTS.);
#11175 = CARTESIAN_POINT('',(14.3546875,0.732421875,0.5));
#11176 = CARTESIAN_POINT('',(14.2619140625,0.83203125,0.5));
#11177 = CARTESIAN_POINT('',(14.216015625,0.94482421875,0.5));
#11178 = PCURVE('',#3606,#11179);
#11179 = DEFINITIONAL_REPRESENTATION('',(#11180),#11184);
#11180 = LINE('',#11181,#11182);
#11181 = CARTESIAN_POINT('',(0.,-0.5));
#11182 = VECTOR('',#11183,1.);
#11183 = DIRECTION('',(1.,0.));
#11184 = ( GEOMETRIC_REPRESENTATION_CONTEXT(2) 
PARAMETRIC_REPRESENTATION_CONTEXT() REPRESENTATION_CONTEXT('2D SPACE',''
  ) );
#11185 = PCURVE('',#10377,#11186);
#11186 = DEFINITIONAL_REPRESENTATION('',(#11187),#11191);
#11187 = B_SPLINE_CURVE_WITH_KNOTS('',2,(#11188,#11189,#11190),
  .UNSPECIFIED.,.F.,.F.,(3,3),(0.,1.),.PIECEWISE_BEZIER_KNOTS.);
#11188 = CARTESIAN_POINT('',(1.2880859375,1.1376953125));
#11189 = CARTESIAN_POINT('',(1.1884765625,1.23046875));
#11190 = CARTESIAN_POINT('',(1.07568359375,1.2763671875));
#11191 = ( GEOMETRIC_REPRESENTATION_CONTEXT(2) 
PARAMETRIC_REPRESENTATION_CONTEXT() REPRESENTATION_CONTEXT('2D SPACE',''
  ) );
#11192 = ORIENTED_EDGE('',*,*,#11100,.F.);
#11193 = ORIENTED_EDGE('',*,*,#3590,.F.);
#11194 = ADVANCED_FACE('',(#11195),#3578,.T.);
#11195 = FACE_BOUND('',#11196,.T.);
#11196 = EDGE_LOOP('',(#11197,#11198,#11219,#11220));
#11197 = ORIENTED_EDGE('',*,*,#10389,.T.);
#11198 = ORIENTED_EDGE('',*,*,#11199,.T.);
#11199 = EDGE_CURVE('',#10362,#11150,#11200,.T.);
#11200 = SURFACE_CURVE('',#11201,(#11205,#11212),.PCURVE_S1.);
#11201 = LINE('',#11202,#11203);
#11202 = CARTESIAN_POINT('',(14.1466796875,0.732421875,0.5));
#11203 = VECTOR('',#11204,1.);
#11204 = DIRECTION('',(1.,1.110223024625E-16,-1.359631073447E-32));
#11205 = PCURVE('',#3578,#11206);
#11206 = DEFINITIONAL_REPRESENTATION('',(#11207),#11211);
#11207 = LINE('',#11208,#11209);
#11208 = CARTESIAN_POINT('',(5.527796276844E-33,-0.5));
#11209 = VECTOR('',#11210,1.);
#11210 = DIRECTION('',(1.,0.));
#11211 = ( GEOMETRIC_REPRESENTATION_CONTEXT(2) 
PARAMETRIC_REPRESENTATION_CONTEXT() REPRESENTATION_CONTEXT('2D SPACE',''
  ) );
#11212 = PCURVE('',#10377,#11213);
#11213 = DEFINITIONAL_REPRESENTATION('',(#11214),#11218);
#11214 = LINE('',#11215,#11216);
#11215 = CARTESIAN_POINT('',(1.2880859375,1.345703125));
#11216 = VECTOR('',#11217,1.);
#11217 = DIRECTION('',(-1.665067842118E-48,-1.));
#11218 = ( GEOMETRIC_REPRESENTATION_CONTEXT(2) 
PARAMETRIC_REPRESENTATION_CONTEXT() REPRESENTATION_CONTEXT('2D SPACE',''
  ) );
#11219 = ORIENTED_EDGE('',*,*,#11149,.F.);
#11220 = ORIENTED_EDGE('',*,*,#3562,.F.);
#11221 = ADVANCED_FACE('',(#11222),#4089,.F.);
#11222 = FACE_BOUND('',#11223,.F.);
#11223 = EDGE_LOOP('',(#11224,#11247,#11271,#11293,#11294));
#11224 = ORIENTED_EDGE('',*,*,#11225,.T.);
#11225 = EDGE_CURVE('',#4069,#11226,#11228,.T.);
#11226 = VERTEX_POINT('',#11227);
#11227 = CARTESIAN_POINT('',(-13.27904821689,-4.745269700507,1.76));
#11228 = SEAM_CURVE('',#11229,(#11233,#11240),.PCURVE_S1.);
#11229 = LINE('',#11230,#11231);
#11230 = CARTESIAN_POINT('',(-13.42904821689,-4.745269700507,
    8.881784197001E-16));
#11231 = VECTOR('',#11232,1.);
#11232 = DIRECTION('',(8.491941668366E-02,1.012230573784E-16,
    0.996387822422));
#11233 = PCURVE('',#4089,#11234);
#11234 = DEFINITIONAL_REPRESENTATION('',(#11235),#11239);
#11235 = LINE('',#11236,#11237);
#11236 = CARTESIAN_POINT('',(-6.28318530718,0.));
#11237 = VECTOR('',#11238,1.);
#11238 = DIRECTION('',(-0.,-1.));
#11239 = ( GEOMETRIC_REPRESENTATION_CONTEXT(2) 
PARAMETRIC_REPRESENTATION_CONTEXT() REPRESENTATION_CONTEXT('2D SPACE',''
  ) );
#11240 = PCURVE('',#4089,#11241);
#11241 = DEFINITIONAL_REPRESENTATION('',(#11242),#11246);
#11242 = LINE('',#11243,#11244);
#11243 = CARTESIAN_POINT('',(0.,-0.));
#11244 = VECTOR('',#11245,1.);
#11245 = DIRECTION('',(-0.,-1.));
#11246 = ( GEOMETRIC_REPRESENTATION_CONTEXT(2) 
PARAMETRIC_REPRESENTATION_CONTEXT() REPRESENTATION_CONTEXT('2D SPACE',''
  ) );
#11247 = ORIENTED_EDGE('',*,*,#11248,.F.);
#11248 = EDGE_CURVE('',#11249,#11226,#11251,.T.);
#11249 = VERTEX_POINT('',#11250);
#11250 = CARTESIAN_POINT('',(-11.07904821689,-4.745269700507,1.76));
#11251 = SURFACE_CURVE('',#11252,(#11257,#11264),.PCURVE_S1.);
#11252 = CIRCLE('',#11253,1.1);
#11253 = AXIS2_PLACEMENT_3D('',#11254,#11255,#11256);
#11254 = CARTESIAN_POINT('',(-12.17904821689,-4.745269700507,1.76));
#11255 = DIRECTION('',(0.,1.224646799147E-16,1.));
#11256 = DIRECTION('',(-1.,0.,0.));
#11257 = PCURVE('',#4089,#11258);
#11258 = DEFINITIONAL_REPRESENTATION('',(#11259),#11263);
#11259 = LINE('',#11260,#11261);
#11260 = CARTESIAN_POINT('',(-0.,-1.76));
#11261 = VECTOR('',#11262,1.);
#11262 = DIRECTION('',(-1.,-0.));
#11263 = ( GEOMETRIC_REPRESENTATION_CONTEXT(2) 
PARAMETRIC_REPRESENTATION_CONTEXT() REPRESENTATION_CONTEXT('2D SPACE',''
  ) );
#11264 = PCURVE('',#6471,#11265);
#11265 = DEFINITIONAL_REPRESENTATION('',(#11266),#11270);
#11266 = LINE('',#11267,#11268);
#11267 = CARTESIAN_POINT('',(-9.424777960769,-19.74));
#11268 = VECTOR('',#11269,1.);
#11269 = DIRECTION('',(1.,-0.));
#11270 = ( GEOMETRIC_REPRESENTATION_CONTEXT(2) 
PARAMETRIC_REPRESENTATION_CONTEXT() REPRESENTATION_CONTEXT('2D SPACE',''
  ) );
#11271 = ORIENTED_EDGE('',*,*,#11272,.F.);
#11272 = EDGE_CURVE('',#11226,#11249,#11273,.T.);
#11273 = SURFACE_CURVE('',#11274,(#11279,#11286),.PCURVE_S1.);
#11274 = CIRCLE('',#11275,1.1);
#11275 = AXIS2_PLACEMENT_3D('',#11276,#11277,#11278);
#11276 = CARTESIAN_POINT('',(-12.17904821689,-4.745269700507,1.76));
#11277 = DIRECTION('',(0.,1.224646799147E-16,1.));
#11278 = DIRECTION('',(-1.,0.,0.));
#11279 = PCURVE('',#4089,#11280);
#11280 = DEFINITIONAL_REPRESENTATION('',(#11281),#11285);
#11281 = LINE('',#11282,#11283);
#11282 = CARTESIAN_POINT('',(-0.,-1.76));
#11283 = VECTOR('',#11284,1.);
#11284 = DIRECTION('',(-1.,-0.));
#11285 = ( GEOMETRIC_REPRESENTATION_CONTEXT(2) 
PARAMETRIC_REPRESENTATION_CONTEXT() REPRESENTATION_CONTEXT('2D SPACE',''
  ) );
#11286 = PCURVE('',#6471,#11287);
#11287 = DEFINITIONAL_REPRESENTATION('',(#11288),#11292);
#11288 = LINE('',#11289,#11290);
#11289 = CARTESIAN_POINT('',(-3.14159265359,-19.74));
#11290 = VECTOR('',#11291,1.);
#11291 = DIRECTION('',(1.,-0.));
#11292 = ( GEOMETRIC_REPRESENTATION_CONTEXT(2) 
PARAMETRIC_REPRESENTATION_CONTEXT() REPRESENTATION_CONTEXT('2D SPACE',''
  ) );
#11293 = ORIENTED_EDGE('',*,*,#11225,.F.);
#11294 = ORIENTED_EDGE('',*,*,#4068,.T.);
#11295 = ADVANCED_FACE('',(#11296),#4124,.F.);
#11296 = FACE_BOUND('',#11297,.F.);
#11297 = EDGE_LOOP('',(#11298,#11321,#11345,#11367,#11368));
#11298 = ORIENTED_EDGE('',*,*,#11299,.T.);
#11299 = EDGE_CURVE('',#4104,#11300,#11302,.T.);
#11300 = VERTEX_POINT('',#11301);
#11301 = CARTESIAN_POINT('',(-10.72093932557,-8.476044271575,1.76));
#11302 = SEAM_CURVE('',#11303,(#11307,#11314),.PCURVE_S1.);
#11303 = LINE('',#11304,#11305);
#11304 = CARTESIAN_POINT('',(-10.87093932557,-8.476044271575,
    8.881784197001E-16));
#11305 = VECTOR('',#11306,1.);
#11306 = DIRECTION('',(8.491941668366E-02,1.012230573784E-16,
    0.996387822422));
#11307 = PCURVE('',#4124,#11308);
#11308 = DEFINITIONAL_REPRESENTATION('',(#11309),#11313);
#11309 = LINE('',#11310,#11311);
#11310 = CARTESIAN_POINT('',(-6.28318530718,0.));
#11311 = VECTOR('',#11312,1.);
#11312 = DIRECTION('',(-0.,-1.));
#11313 = ( GEOMETRIC_REPRESENTATION_CONTEXT(2) 
PARAMETRIC_REPRESENTATION_CONTEXT() REPRESENTATION_CONTEXT('2D SPACE',''
  ) );
#11314 = PCURVE('',#4124,#11315);
#11315 = DEFINITIONAL_REPRESENTATION('',(#11316),#11320);
#11316 = LINE('',#11317,#11318);
#11317 = CARTESIAN_POINT('',(0.,-0.));
#11318 = VECTOR('',#11319,1.);
#11319 = DIRECTION('',(-0.,-1.));
#11320 = ( GEOMETRIC_REPRESENTATION_CONTEXT(2) 
PARAMETRIC_REPRESENTATION_CONTEXT() REPRESENTATION_CONTEXT('2D SPACE',''
  ) );
#11321 = ORIENTED_EDGE('',*,*,#11322,.F.);
#11322 = EDGE_CURVE('',#11323,#11300,#11325,.T.);
#11323 = VERTEX_POINT('',#11324);
#11324 = CARTESIAN_POINT('',(-8.52093932557,-8.476044271575,1.76));
#11325 = SURFACE_CURVE('',#11326,(#11331,#11338),.PCURVE_S1.);
#11326 = CIRCLE('',#11327,1.1);
#11327 = AXIS2_PLACEMENT_3D('',#11328,#11329,#11330);
#11328 = CARTESIAN_POINT('',(-9.62093932557,-8.476044271575,1.76));
#11329 = DIRECTION('',(0.,1.224646799147E-16,1.));
#11330 = DIRECTION('',(-1.,0.,0.));
#11331 = PCURVE('',#4124,#11332);
#11332 = DEFINITIONAL_REPRESENTATION('',(#11333),#11337);
#11333 = LINE('',#11334,#11335);
#11334 = CARTESIAN_POINT('',(-0.,-1.76));
#11335 = VECTOR('',#11336,1.);
#11336 = DIRECTION('',(-1.,-0.));
#11337 = ( GEOMETRIC_REPRESENTATION_CONTEXT(2) 
PARAMETRIC_REPRESENTATION_CONTEXT() REPRESENTATION_CONTEXT('2D SPACE',''
  ) );
#11338 = PCURVE('',#6210,#11339);
#11339 = DEFINITIONAL_REPRESENTATION('',(#11340),#11344);
#11340 = LINE('',#11341,#11342);
#11341 = CARTESIAN_POINT('',(-9.424777960769,-19.74));
#11342 = VECTOR('',#11343,1.);
#11343 = DIRECTION('',(1.,-0.));
#11344 = ( GEOMETRIC_REPRESENTATION_CONTEXT(2) 
PARAMETRIC_REPRESENTATION_CONTEXT() REPRESENTATION_CONTEXT('2D SPACE',''
  ) );
#11345 = ORIENTED_EDGE('',*,*,#11346,.F.);
#11346 = EDGE_CURVE('',#11300,#11323,#11347,.T.);
#11347 = SURFACE_CURVE('',#11348,(#11353,#11360),.PCURVE_S1.);
#11348 = CIRCLE('',#11349,1.1);
#11349 = AXIS2_PLACEMENT_3D('',#11350,#11351,#11352);
#11350 = CARTESIAN_POINT('',(-9.62093932557,-8.476044271575,1.76));
#11351 = DIRECTION('',(0.,1.224646799147E-16,1.));
#11352 = DIRECTION('',(-1.,0.,0.));
#11353 = PCURVE('',#4124,#11354);
#11354 = DEFINITIONAL_REPRESENTATION('',(#11355),#11359);
#11355 = LINE('',#11356,#11357);
#11356 = CARTESIAN_POINT('',(-0.,-1.76));
#11357 = VECTOR('',#11358,1.);
#11358 = DIRECTION('',(-1.,-0.));
#11359 = ( GEOMETRIC_REPRESENTATION_CONTEXT(2) 
PARAMETRIC_REPRESENTATION_CONTEXT() REPRESENTATION_CONTEXT('2D SPACE',''
  ) );
#11360 = PCURVE('',#6210,#11361);
#11361 = DEFINITIONAL_REPRESENTATION('',(#11362),#11366);
#11362 = LINE('',#11363,#11364);
#11363 = CARTESIAN_POINT('',(-3.14159265359,-19.74));
#11364 = VECTOR('',#11365,1.);
#11365 = DIRECTION('',(1.,-0.));
#11366 = ( GEOMETRIC_REPRESENTATION_CONTEXT(2) 
PARAMETRIC_REPRESENTATION_CONTEXT() REPRESENTATION_CONTEXT('2D SPACE',''
  ) );
#11367 = ORIENTED_EDGE('',*,*,#11299,.F.);
#11368 = ORIENTED_EDGE('',*,*,#4103,.T.);
#11369 = ADVANCED_FACE('',(#11370),#4159,.F.);
#11370 = FACE_BOUND('',#11371,.F.);
#11371 = EDGE_LOOP('',(#11372,#11395,#11419,#11441,#11442));
#11372 = ORIENTED_EDGE('',*,*,#11373,.T.);
#11373 = EDGE_CURVE('',#4139,#11374,#11376,.T.);
#11374 = VERTEX_POINT('',#11375);
#11375 = CARTESIAN_POINT('',(-3.08,-12.92,1.76));
#11376 = SEAM_CURVE('',#11377,(#11381,#11388),.PCURVE_S1.);
#11377 = LINE('',#11378,#11379);
#11378 = CARTESIAN_POINT('',(-3.23,-12.92,1.7763568394E-15));
#11379 = VECTOR('',#11380,1.);
#11380 = DIRECTION('',(8.491941668366E-02,1.012230573784E-16,
    0.996387822422));
#11381 = PCURVE('',#4159,#11382);
#11382 = DEFINITIONAL_REPRESENTATION('',(#11383),#11387);
#11383 = LINE('',#11384,#11385);
#11384 = CARTESIAN_POINT('',(-6.28318530718,0.));
#11385 = VECTOR('',#11386,1.);
#11386 = DIRECTION('',(-0.,-1.));
#11387 = ( GEOMETRIC_REPRESENTATION_CONTEXT(2) 
PARAMETRIC_REPRESENTATION_CONTEXT() REPRESENTATION_CONTEXT('2D SPACE',''
  ) );
#11388 = PCURVE('',#4159,#11389);
#11389 = DEFINITIONAL_REPRESENTATION('',(#11390),#11394);
#11390 = LINE('',#11391,#11392);
#11391 = CARTESIAN_POINT('',(0.,-0.));
#11392 = VECTOR('',#11393,1.);
#11393 = DIRECTION('',(-0.,-1.));
#11394 = ( GEOMETRIC_REPRESENTATION_CONTEXT(2) 
PARAMETRIC_REPRESENTATION_CONTEXT() REPRESENTATION_CONTEXT('2D SPACE',''
  ) );
#11395 = ORIENTED_EDGE('',*,*,#11396,.F.);
#11396 = EDGE_CURVE('',#11397,#11374,#11399,.T.);
#11397 = VERTEX_POINT('',#11398);
#11398 = CARTESIAN_POINT('',(-0.88,-12.92,1.76));
#11399 = SURFACE_CURVE('',#11400,(#11405,#11412),.PCURVE_S1.);
#11400 = CIRCLE('',#11401,1.1);
#11401 = AXIS2_PLACEMENT_3D('',#11402,#11403,#11404);
#11402 = CARTESIAN_POINT('',(-1.98,-12.92,1.76));
#11403 = DIRECTION('',(0.,1.224646799147E-16,1.));
#11404 = DIRECTION('',(-1.,0.,0.));
#11405 = PCURVE('',#4159,#11406);
#11406 = DEFINITIONAL_REPRESENTATION('',(#11407),#11411);
#11407 = LINE('',#11408,#11409);
#11408 = CARTESIAN_POINT('',(-0.,-1.76));
#11409 = VECTOR('',#11410,1.);
#11410 = DIRECTION('',(-1.,-0.));
#11411 = ( GEOMETRIC_REPRESENTATION_CONTEXT(2) 
PARAMETRIC_REPRESENTATION_CONTEXT() REPRESENTATION_CONTEXT('2D SPACE',''
  ) );
#11412 = PCURVE('',#9625,#11413);
#11413 = DEFINITIONAL_REPRESENTATION('',(#11414),#11418);
#11414 = LINE('',#11415,#11416);
#11415 = CARTESIAN_POINT('',(-9.424777960769,-19.74));
#11416 = VECTOR('',#11417,1.);
#11417 = DIRECTION('',(1.,-0.));
#11418 = ( GEOMETRIC_REPRESENTATION_CONTEXT(2) 
PARAMETRIC_REPRESENTATION_CONTEXT() REPRESENTATION_CONTEXT('2D SPACE',''
  ) );
#11419 = ORIENTED_EDGE('',*,*,#11420,.F.);
#11420 = EDGE_CURVE('',#11374,#11397,#11421,.T.);
#11421 = SURFACE_CURVE('',#11422,(#11427,#11434),.PCURVE_S1.);
#11422 = CIRCLE('',#11423,1.1);
#11423 = AXIS2_PLACEMENT_3D('',#11424,#11425,#11426);
#11424 = CARTESIAN_POINT('',(-1.98,-12.92,1.76));
#11425 = DIRECTION('',(0.,1.224646799147E-16,1.));
#11426 = DIRECTION('',(-1.,0.,0.));
#11427 = PCURVE('',#4159,#11428);
#11428 = DEFINITIONAL_REPRESENTATION('',(#11429),#11433);
#11429 = LINE('',#11430,#11431);
#11430 = CARTESIAN_POINT('',(-0.,-1.76));
#11431 = VECTOR('',#11432,1.);
#11432 = DIRECTION('',(-1.,-0.));
#11433 = ( GEOMETRIC_REPRESENTATION_CONTEXT(2) 
PARAMETRIC_REPRESENTATION_CONTEXT() REPRESENTATION_CONTEXT('2D SPACE',''
  ) );
#11434 = PCURVE('',#9625,#11435);
#11435 = DEFINITIONAL_REPRESENTATION('',(#11436),#11440);
#11436 = LINE('',#11437,#11438);
#11437 = CARTESIAN_POINT('',(-3.14159265359,-19.74));
#11438 = VECTOR('',#11439,1.);
#11439 = DIRECTION('',(1.,-0.));
#11440 = ( GEOMETRIC_REPRESENTATION_CONTEXT(2) 
PARAMETRIC_REPRESENTATION_CONTEXT() REPRESENTATION_CONTEXT('2D SPACE',''
  ) );
#11441 = ORIENTED_EDGE('',*,*,#11373,.F.);
#11442 = ORIENTED_EDGE('',*,*,#4138,.T.);
#11443 = ADVANCED_FACE('',(#11444),#4191,.T.);
#11444 = FACE_BOUND('',#11445,.T.);
#11445 = EDGE_LOOP('',(#11446,#11469,#11497,#11518));
#11446 = ORIENTED_EDGE('',*,*,#11447,.T.);
#11447 = EDGE_CURVE('',#4174,#11448,#11450,.T.);
#11448 = VERTEX_POINT('',#11449);
#11449 = CARTESIAN_POINT('',(15.4923828125,-9.5703125E-02,0.5));
#11450 = SURFACE_CURVE('',#11451,(#11455,#11462),.PCURVE_S1.);
#11451 = LINE('',#11452,#11453);
#11452 = CARTESIAN_POINT('',(15.4923828125,-9.5703125E-02,0.));
#11453 = VECTOR('',#11454,1.);
#11454 = DIRECTION('',(0.,1.224646799147E-16,1.));
#11455 = PCURVE('',#4191,#11456);
#11456 = DEFINITIONAL_REPRESENTATION('',(#11457),#11461);
#11457 = LINE('',#11458,#11459);
#11458 = CARTESIAN_POINT('',(0.,0.));
#11459 = VECTOR('',#11460,1.);
#11460 = DIRECTION('',(0.,-1.));
#11461 = ( GEOMETRIC_REPRESENTATION_CONTEXT(2) 
PARAMETRIC_REPRESENTATION_CONTEXT() REPRESENTATION_CONTEXT('2D SPACE',''
  ) );
#11462 = PCURVE('',#4483,#11463);
#11463 = DEFINITIONAL_REPRESENTATION('',(#11464),#11468);
#11464 = LINE('',#11465,#11466);
#11465 = CARTESIAN_POINT('',(1.,0.));
#11466 = VECTOR('',#11467,1.);
#11467 = DIRECTION('',(0.,-1.));
#11468 = ( GEOMETRIC_REPRESENTATION_CONTEXT(2) 
PARAMETRIC_REPRESENTATION_CONTEXT() REPRESENTATION_CONTEXT('2D SPACE',''
  ) );
#11469 = ORIENTED_EDGE('',*,*,#11470,.T.);
#11470 = EDGE_CURVE('',#11448,#11471,#11473,.T.);
#11471 = VERTEX_POINT('',#11472);
#11472 = CARTESIAN_POINT('',(15.4923828125,0.427734375,0.5));
#11473 = SURFACE_CURVE('',#11474,(#11478,#11485),.PCURVE_S1.);
#11474 = LINE('',#11475,#11476);
#11475 = CARTESIAN_POINT('',(15.4923828125,-9.5703125E-02,0.5));
#11476 = VECTOR('',#11477,1.);
#11477 = DIRECTION('',(-1.110223024625E-16,1.,-1.224646799147E-16));
#11478 = PCURVE('',#4191,#11479);
#11479 = DEFINITIONAL_REPRESENTATION('',(#11480),#11484);
#11480 = LINE('',#11481,#11482);
#11481 = CARTESIAN_POINT('',(-1.959897653392E-17,-0.5));
#11482 = VECTOR('',#11483,1.);
#11483 = DIRECTION('',(1.,0.));
#11484 = ( GEOMETRIC_REPRESENTATION_CONTEXT(2) 
PARAMETRIC_REPRESENTATION_CONTEXT() REPRESENTATION_CONTEXT('2D SPACE',''
  ) );
#11485 = PCURVE('',#11486,#11491);
#11486 = PLANE('',#11487);
#11487 = AXIS2_PLACEMENT_3D('',#11488,#11489,#11490);
#11488 = CARTESIAN_POINT('',(15.4923828125,0.6240234375,0.5));
#11489 = DIRECTION('',(0.,-1.224646799147E-16,-1.));
#11490 = DIRECTION('',(1.110223024625E-16,-1.,1.224646799147E-16));
#11491 = DEFINITIONAL_REPRESENTATION('',(#11492),#11496);
#11492 = LINE('',#11493,#11494);
#11493 = CARTESIAN_POINT('',(0.7197265625,7.990570011218E-17));
#11494 = VECTOR('',#11495,1.);
#11495 = DIRECTION('',(-1.,-1.665067842118E-48));
#11496 = ( GEOMETRIC_REPRESENTATION_CONTEXT(2) 
PARAMETRIC_REPRESENTATION_CONTEXT() REPRESENTATION_CONTEXT('2D SPACE',''
  ) );
#11497 = ORIENTED_EDGE('',*,*,#11498,.F.);
#11498 = EDGE_CURVE('',#4176,#11471,#11499,.T.);
#11499 = SURFACE_CURVE('',#11500,(#11504,#11511),.PCURVE_S1.);
#11500 = LINE('',#11501,#11502);
#11501 = CARTESIAN_POINT('',(15.4923828125,0.427734375,0.));
#11502 = VECTOR('',#11503,1.);
#11503 = DIRECTION('',(0.,1.224646799147E-16,1.));
#11504 = PCURVE('',#4191,#11505);
#11505 = DEFINITIONAL_REPRESENTATION('',(#11506),#11510);
#11506 = LINE('',#11507,#11508);
#11507 = CARTESIAN_POINT('',(0.5234375,-6.410260589287E-17));
#11508 = VECTOR('',#11509,1.);
#11509 = DIRECTION('',(0.,-1.));
#11510 = ( GEOMETRIC_REPRESENTATION_CONTEXT(2) 
PARAMETRIC_REPRESENTATION_CONTEXT() REPRESENTATION_CONTEXT('2D SPACE',''
  ) );
#11511 = PCURVE('',#4219,#11512);
#11512 = DEFINITIONAL_REPRESENTATION('',(#11513),#11517);
#11513 = LINE('',#11514,#11515);
#11514 = CARTESIAN_POINT('',(0.,0.));
#11515 = VECTOR('',#11516,1.);
#11516 = DIRECTION('',(0.,-1.));
#11517 = ( GEOMETRIC_REPRESENTATION_CONTEXT(2) 
PARAMETRIC_REPRESENTATION_CONTEXT() REPRESENTATION_CONTEXT('2D SPACE',''
  ) );
#11518 = ORIENTED_EDGE('',*,*,#4173,.F.);
#11519 = ADVANCED_FACE('',(#11520),#4483,.T.);
#11520 = FACE_BOUND('',#11521,.T.);
#11521 = EDGE_LOOP('',(#11522,#11545,#11566,#11567));
#11522 = ORIENTED_EDGE('',*,*,#11523,.T.);
#11523 = EDGE_CURVE('',#4440,#11524,#11526,.T.);
#11524 = VERTEX_POINT('',#11525);
#11525 = CARTESIAN_POINT('',(15.3859375,-0.4736328125,0.5));
#11526 = SURFACE_CURVE('',#11527,(#11531,#11538),.PCURVE_S1.);
#11527 = LINE('',#11528,#11529);
#11528 = CARTESIAN_POINT('',(15.3859375,-0.4736328125,0.));
#11529 = VECTOR('',#11530,1.);
#11530 = DIRECTION('',(0.,1.224646799147E-16,1.));
#11531 = PCURVE('',#4483,#11532);
#11532 = DEFINITIONAL_REPRESENTATION('',(#11533),#11537);
#11533 = LINE('',#11534,#11535);
#11534 = CARTESIAN_POINT('',(0.,0.));
#11535 = VECTOR('',#11536,1.);
#11536 = DIRECTION('',(0.,-1.));
#11537 = ( GEOMETRIC_REPRESENTATION_CONTEXT(2) 
PARAMETRIC_REPRESENTATION_CONTEXT() REPRESENTATION_CONTEXT('2D SPACE',''
  ) );
#11538 = PCURVE('',#4455,#11539);
#11539 = DEFINITIONAL_REPRESENTATION('',(#11540),#11544);
#11540 = LINE('',#11541,#11542);
#11541 = CARTESIAN_POINT('',(1.,0.));
#11542 = VECTOR('',#11543,1.);
#11543 = DIRECTION('',(0.,-1.));
#11544 = ( GEOMETRIC_REPRESENTATION_CONTEXT(2) 
PARAMETRIC_REPRESENTATION_CONTEXT() REPRESENTATION_CONTEXT('2D SPACE',''
  ) );
#11545 = ORIENTED_EDGE('',*,*,#11546,.T.);
#11546 = EDGE_CURVE('',#11524,#11448,#11547,.T.);
#11547 = SURFACE_CURVE('',#11548,(#11552,#11559),.PCURVE_S1.);
#11548 = B_SPLINE_CURVE_WITH_KNOTS('',2,(#11549,#11550,#11551),
  .UNSPECIFIED.,.F.,.F.,(3,3),(0.,1.),.PIECEWISE_BEZIER_KNOTS.);
#11549 = CARTESIAN_POINT('',(15.3859375,-0.4736328125,0.5));
#11550 = CARTESIAN_POINT('',(15.4923828125,-0.3408203125,0.5));
#11551 = CARTESIAN_POINT('',(15.4923828125,-9.5703125E-02,0.5));
#11552 = PCURVE('',#4483,#11553);
#11553 = DEFINITIONAL_REPRESENTATION('',(#11554),#11558);
#11554 = LINE('',#11555,#11556);
#11555 = CARTESIAN_POINT('',(0.,-0.5));
#11556 = VECTOR('',#11557,1.);
#11557 = DIRECTION('',(1.,0.));
#11558 = ( GEOMETRIC_REPRESENTATION_CONTEXT(2) 
PARAMETRIC_REPRESENTATION_CONTEXT() REPRESENTATION_CONTEXT('2D SPACE',''
  ) );
#11559 = PCURVE('',#11486,#11560);
#11560 = DEFINITIONAL_REPRESENTATION('',(#11561),#11565);
#11561 = B_SPLINE_CURVE_WITH_KNOTS('',2,(#11562,#11563,#11564),
  .UNSPECIFIED.,.F.,.F.,(3,3),(0.,1.),.PIECEWISE_BEZIER_KNOTS.);
#11562 = CARTESIAN_POINT('',(1.09765625,0.1064453125));
#11563 = CARTESIAN_POINT('',(0.96484375,0.));
#11564 = CARTESIAN_POINT('',(0.7197265625,0.));
#11565 = ( GEOMETRIC_REPRESENTATION_CONTEXT(2) 
PARAMETRIC_REPRESENTATION_CONTEXT() REPRESENTATION_CONTEXT('2D SPACE',''
  ) );
#11566 = ORIENTED_EDGE('',*,*,#11447,.F.);
#11567 = ORIENTED_EDGE('',*,*,#4469,.F.);
#11568 = ADVANCED_FACE('',(#11569),#4455,.T.);
#11569 = FACE_BOUND('',#11570,.T.);
#11570 = EDGE_LOOP('',(#11571,#11594,#11615,#11616));
#11571 = ORIENTED_EDGE('',*,*,#11572,.T.);
#11572 = EDGE_CURVE('',#4410,#11573,#11575,.T.);
#11573 = VERTEX_POINT('',#11574);
#11574 = CARTESIAN_POINT('',(15.0841796875,-0.6064453125,0.5));
#11575 = SURFACE_CURVE('',#11576,(#11580,#11587),.PCURVE_S1.);
#11576 = LINE('',#11577,#11578);
#11577 = CARTESIAN_POINT('',(15.0841796875,-0.6064453125,0.));
#11578 = VECTOR('',#11579,1.);
#11579 = DIRECTION('',(0.,1.224646799147E-16,1.));
#11580 = PCURVE('',#4455,#11581);
#11581 = DEFINITIONAL_REPRESENTATION('',(#11582),#11586);
#11582 = LINE('',#11583,#11584);
#11583 = CARTESIAN_POINT('',(0.,0.));
#11584 = VECTOR('',#11585,1.);
#11585 = DIRECTION('',(0.,-1.));
#11586 = ( GEOMETRIC_REPRESENTATION_CONTEXT(2) 
PARAMETRIC_REPRESENTATION_CONTEXT() REPRESENTATION_CONTEXT('2D SPACE',''
  ) );
#11587 = PCURVE('',#4425,#11588);
#11588 = DEFINITIONAL_REPRESENTATION('',(#11589),#11593);
#11589 = LINE('',#11590,#11591);
#11590 = CARTESIAN_POINT('',(1.,0.));
#11591 = VECTOR('',#11592,1.);
#11592 = DIRECTION('',(0.,-1.));
#11593 = ( GEOMETRIC_REPRESENTATION_CONTEXT(2) 
PARAMETRIC_REPRESENTATION_CONTEXT() REPRESENTATION_CONTEXT('2D SPACE',''
  ) );
#11594 = ORIENTED_EDGE('',*,*,#11595,.T.);
#11595 = EDGE_CURVE('',#11573,#11524,#11596,.T.);
#11596 = SURFACE_CURVE('',#11597,(#11601,#11608),.PCURVE_S1.);
#11597 = B_SPLINE_CURVE_WITH_KNOTS('',2,(#11598,#11599,#11600),
  .UNSPECIFIED.,.F.,.F.,(3,3),(0.,1.),.PIECEWISE_BEZIER_KNOTS.);
#11598 = CARTESIAN_POINT('',(15.0841796875,-0.6064453125,0.5));
#11599 = CARTESIAN_POINT('',(15.2794921875,-0.6064453125,0.5));
#11600 = CARTESIAN_POINT('',(15.3859375,-0.4736328125,0.5));
#11601 = PCURVE('',#4455,#11602);
#11602 = DEFINITIONAL_REPRESENTATION('',(#11603),#11607);
#11603 = LINE('',#11604,#11605);
#11604 = CARTESIAN_POINT('',(0.,-0.5));
#11605 = VECTOR('',#11606,1.);
#11606 = DIRECTION('',(1.,0.));
#11607 = ( GEOMETRIC_REPRESENTATION_CONTEXT(2) 
PARAMETRIC_REPRESENTATION_CONTEXT() REPRESENTATION_CONTEXT('2D SPACE',''
  ) );
#11608 = PCURVE('',#11486,#11609);
#11609 = DEFINITIONAL_REPRESENTATION('',(#11610),#11614);
#11610 = B_SPLINE_CURVE_WITH_KNOTS('',2,(#11611,#11612,#11613),
  .UNSPECIFIED.,.F.,.F.,(3,3),(0.,1.),.PIECEWISE_BEZIER_KNOTS.);
#11611 = CARTESIAN_POINT('',(1.23046875,0.408203125));
#11612 = CARTESIAN_POINT('',(1.23046875,0.212890625));
#11613 = CARTESIAN_POINT('',(1.09765625,0.1064453125));
#11614 = ( GEOMETRIC_REPRESENTATION_CONTEXT(2) 
PARAMETRIC_REPRESENTATION_CONTEXT() REPRESENTATION_CONTEXT('2D SPACE',''
  ) );
#11615 = ORIENTED_EDGE('',*,*,#11523,.F.);
#11616 = ORIENTED_EDGE('',*,*,#4439,.F.);
#11617 = ADVANCED_FACE('',(#11618),#4425,.T.);
#11618 = FACE_BOUND('',#11619,.T.);
#11619 = EDGE_LOOP('',(#11620,#11643,#11664,#11665));
#11620 = ORIENTED_EDGE('',*,*,#11621,.T.);
#11621 = EDGE_CURVE('',#4380,#11622,#11624,.T.);
#11622 = VERTEX_POINT('',#11623);
#11623 = CARTESIAN_POINT('',(14.83662109375,-0.52587890625,0.5));
#11624 = SURFACE_CURVE('',#11625,(#11629,#11636),.PCURVE_S1.);
#11625 = LINE('',#11626,#11627);
#11626 = CARTESIAN_POINT('',(14.83662109375,-0.52587890625,0.));
#11627 = VECTOR('',#11628,1.);
#11628 = DIRECTION('',(0.,1.224646799147E-16,1.));
#11629 = PCURVE('',#4425,#11630);
#11630 = DEFINITIONAL_REPRESENTATION('',(#11631),#11635);
#11631 = LINE('',#11632,#11633);
#11632 = CARTESIAN_POINT('',(0.,0.));
#11633 = VECTOR('',#11634,1.);
#11634 = DIRECTION('',(0.,-1.));
#11635 = ( GEOMETRIC_REPRESENTATION_CONTEXT(2) 
PARAMETRIC_REPRESENTATION_CONTEXT() REPRESENTATION_CONTEXT('2D SPACE',''
  ) );
#11636 = PCURVE('',#4395,#11637);
#11637 = DEFINITIONAL_REPRESENTATION('',(#11638),#11642);
#11638 = LINE('',#11639,#11640);
#11639 = CARTESIAN_POINT('',(1.,0.));
#11640 = VECTOR('',#11641,1.);
#11641 = DIRECTION('',(0.,-1.));
#11642 = ( GEOMETRIC_REPRESENTATION_CONTEXT(2) 
PARAMETRIC_REPRESENTATION_CONTEXT() REPRESENTATION_CONTEXT('2D SPACE',''
  ) );
#11643 = ORIENTED_EDGE('',*,*,#11644,.T.);
#11644 = EDGE_CURVE('',#11622,#11573,#11645,.T.);
#11645 = SURFACE_CURVE('',#11646,(#11650,#11657),.PCURVE_S1.);
#11646 = B_SPLINE_CURVE_WITH_KNOTS('',2,(#11647,#11648,#11649),
  .UNSPECIFIED.,.F.,.F.,(3,3),(0.,1.),.PIECEWISE_BEZIER_KNOTS.);
#11647 = CARTESIAN_POINT('',(14.83662109375,-0.52587890625,0.5));
#11648 = CARTESIAN_POINT('',(14.9357421875,-0.6064453125,0.5));
#11649 = CARTESIAN_POINT('',(15.0841796875,-0.6064453125,0.5));
#11650 = PCURVE('',#4425,#11651);
#11651 = DEFINITIONAL_REPRESENTATION('',(#11652),#11656);
#11652 = LINE('',#11653,#11654);
#11653 = CARTESIAN_POINT('',(0.,-0.5));
#11654 = VECTOR('',#11655,1.);
#11655 = DIRECTION('',(1.,0.));
#11656 = ( GEOMETRIC_REPRESENTATION_CONTEXT(2) 
PARAMETRIC_REPRESENTATION_CONTEXT() REPRESENTATION_CONTEXT('2D SPACE',''
  ) );
#11657 = PCURVE('',#11486,#11658);
#11658 = DEFINITIONAL_REPRESENTATION('',(#11659),#11663);
#11659 = B_SPLINE_CURVE_WITH_KNOTS('',2,(#11660,#11661,#11662),
  .UNSPECIFIED.,.F.,.F.,(3,3),(0.,1.),.PIECEWISE_BEZIER_KNOTS.);
#11660 = CARTESIAN_POINT('',(1.14990234375,0.65576171875));
#11661 = CARTESIAN_POINT('',(1.23046875,0.556640625));
#11662 = CARTESIAN_POINT('',(1.23046875,0.408203125));
#11663 = ( GEOMETRIC_REPRESENTATION_CONTEXT(2) 
PARAMETRIC_REPRESENTATION_CONTEXT() REPRESENTATION_CONTEXT('2D SPACE',''
  ) );
#11664 = ORIENTED_EDGE('',*,*,#11572,.F.);
#11665 = ORIENTED_EDGE('',*,*,#4409,.F.);
#11666 = ADVANCED_FACE('',(#11667),#4395,.T.);
#11667 = FACE_BOUND('',#11668,.T.);
#11668 = EDGE_LOOP('',(#11669,#11692,#11713,#11714));
#11669 = ORIENTED_EDGE('',*,*,#11670,.T.);
#11670 = EDGE_CURVE('',#4350,#11671,#11673,.T.);
#11671 = VERTEX_POINT('',#11672);
#11672 = CARTESIAN_POINT('',(14.70625,-0.2998046875,0.5));
#11673 = SURFACE_CURVE('',#11674,(#11678,#11685),.PCURVE_S1.);
#11674 = LINE('',#11675,#11676);
#11675 = CARTESIAN_POINT('',(14.70625,-0.2998046875,0.));
#11676 = VECTOR('',#11677,1.);
#11677 = DIRECTION('',(0.,1.224646799147E-16,1.));
#11678 = PCURVE('',#4395,#11679);
#11679 = DEFINITIONAL_REPRESENTATION('',(#11680),#11684);
#11680 = LINE('',#11681,#11682);
#11681 = CARTESIAN_POINT('',(0.,0.));
#11682 = VECTOR('',#11683,1.);
#11683 = DIRECTION('',(0.,-1.));
#11684 = ( GEOMETRIC_REPRESENTATION_CONTEXT(2) 
PARAMETRIC_REPRESENTATION_CONTEXT() REPRESENTATION_CONTEXT('2D SPACE',''
  ) );
#11685 = PCURVE('',#4365,#11686);
#11686 = DEFINITIONAL_REPRESENTATION('',(#11687),#11691);
#11687 = LINE('',#11688,#11689);
#11688 = CARTESIAN_POINT('',(1.,0.));
#11689 = VECTOR('',#11690,1.);
#11690 = DIRECTION('',(0.,-1.));
#11691 = ( GEOMETRIC_REPRESENTATION_CONTEXT(2) 
PARAMETRIC_REPRESENTATION_CONTEXT() REPRESENTATION_CONTEXT('2D SPACE',''
  ) );
#11692 = ORIENTED_EDGE('',*,*,#11693,.T.);
#11693 = EDGE_CURVE('',#11671,#11622,#11694,.T.);
#11694 = SURFACE_CURVE('',#11695,(#11699,#11706),.PCURVE_S1.);
#11695 = B_SPLINE_CURVE_WITH_KNOTS('',2,(#11696,#11697,#11698),
  .UNSPECIFIED.,.F.,.F.,(3,3),(0.,1.),.PIECEWISE_BEZIER_KNOTS.);
#11696 = CARTESIAN_POINT('',(14.70625,-0.2998046875,0.5));
#11697 = CARTESIAN_POINT('',(14.7375,-0.4453125,0.5));
#11698 = CARTESIAN_POINT('',(14.83662109375,-0.52587890625,0.5));
#11699 = PCURVE('',#4395,#11700);
#11700 = DEFINITIONAL_REPRESENTATION('',(#11701),#11705);
#11701 = LINE('',#11702,#11703);
#11702 = CARTESIAN_POINT('',(0.,-0.5));
#11703 = VECTOR('',#11704,1.);
#11704 = DIRECTION('',(1.,0.));
#11705 = ( GEOMETRIC_REPRESENTATION_CONTEXT(2) 
PARAMETRIC_REPRESENTATION_CONTEXT() REPRESENTATION_CONTEXT('2D SPACE',''
  ) );
#11706 = PCURVE('',#11486,#11707);
#11707 = DEFINITIONAL_REPRESENTATION('',(#11708),#11712);
#11708 = B_SPLINE_CURVE_WITH_KNOTS('',2,(#11709,#11710,#11711),
  .UNSPECIFIED.,.F.,.F.,(3,3),(0.,1.),.PIECEWISE_BEZIER_KNOTS.);
#11709 = CARTESIAN_POINT('',(0.923828125,0.7861328125));
#11710 = CARTESIAN_POINT('',(1.0693359375,0.7548828125));
#11711 = CARTESIAN_POINT('',(1.14990234375,0.65576171875));
#11712 = ( GEOMETRIC_REPRESENTATION_CONTEXT(2) 
PARAMETRIC_REPRESENTATION_CONTEXT() REPRESENTATION_CONTEXT('2D SPACE',''
  ) );
#11713 = ORIENTED_EDGE('',*,*,#11621,.F.);
#11714 = ORIENTED_EDGE('',*,*,#4379,.F.);
#11715 = ADVANCED_FACE('',(#11716),#4365,.T.);
#11716 = FACE_BOUND('',#11717,.T.);
#11717 = EDGE_LOOP('',(#11718,#11741,#11762,#11763));
#11718 = ORIENTED_EDGE('',*,*,#11719,.T.);
#11719 = EDGE_CURVE('',#4320,#11720,#11722,.T.);
#11720 = VERTEX_POINT('',#11721);
#11721 = CARTESIAN_POINT('',(14.6076171875,-0.4833984375,0.5));
#11722 = SURFACE_CURVE('',#11723,(#11727,#11734),.PCURVE_S1.);
#11723 = LINE('',#11724,#11725);
#11724 = CARTESIAN_POINT('',(14.6076171875,-0.4833984375,0.));
#11725 = VECTOR('',#11726,1.);
#11726 = DIRECTION('',(0.,1.224646799147E-16,1.));
#11727 = PCURVE('',#4365,#11728);
#11728 = DEFINITIONAL_REPRESENTATION('',(#11729),#11733);
#11729 = LINE('',#11730,#11731);
#11730 = CARTESIAN_POINT('',(0.,0.));
#11731 = VECTOR('',#11732,1.);
#11732 = DIRECTION('',(0.,-1.));
#11733 = ( GEOMETRIC_REPRESENTATION_CONTEXT(2) 
PARAMETRIC_REPRESENTATION_CONTEXT() REPRESENTATION_CONTEXT('2D SPACE',''
  ) );
#11734 = PCURVE('',#4335,#11735);
#11735 = DEFINITIONAL_REPRESENTATION('',(#11736),#11740);
#11736 = LINE('',#11737,#11738);
#11737 = CARTESIAN_POINT('',(1.,0.));
#11738 = VECTOR('',#11739,1.);
#11739 = DIRECTION('',(0.,-1.));
#11740 = ( GEOMETRIC_REPRESENTATION_CONTEXT(2) 
PARAMETRIC_REPRESENTATION_CONTEXT() REPRESENTATION_CONTEXT('2D SPACE',''
  ) );
#11741 = ORIENTED_EDGE('',*,*,#11742,.T.);
#11742 = EDGE_CURVE('',#11720,#11671,#11743,.T.);
#11743 = SURFACE_CURVE('',#11744,(#11748,#11755),.PCURVE_S1.);
#11744 = B_SPLINE_CURVE_WITH_KNOTS('',2,(#11745,#11746,#11747),
  .UNSPECIFIED.,.F.,.F.,(3,3),(0.,1.),.PIECEWISE_BEZIER_KNOTS.);
#11745 = CARTESIAN_POINT('',(14.6076171875,-0.4833984375,0.5));
#11746 = CARTESIAN_POINT('',(14.68671875,-0.4208984375,0.5));
#11747 = CARTESIAN_POINT('',(14.70625,-0.2998046875,0.5));
#11748 = PCURVE('',#4365,#11749);
#11749 = DEFINITIONAL_REPRESENTATION('',(#11750),#11754);
#11750 = LINE('',#11751,#11752);
#11751 = CARTESIAN_POINT('',(0.,-0.5));
#11752 = VECTOR('',#11753,1.);
#11753 = DIRECTION('',(1.,0.));
#11754 = ( GEOMETRIC_REPRESENTATION_CONTEXT(2) 
PARAMETRIC_REPRESENTATION_CONTEXT() REPRESENTATION_CONTEXT('2D SPACE',''
  ) );
#11755 = PCURVE('',#11486,#11756);
#11756 = DEFINITIONAL_REPRESENTATION('',(#11757),#11761);
#11757 = B_SPLINE_CURVE_WITH_KNOTS('',2,(#11758,#11759,#11760),
  .UNSPECIFIED.,.F.,.F.,(3,3),(0.,1.),.PIECEWISE_BEZIER_KNOTS.);
#11758 = CARTESIAN_POINT('',(1.107421875,0.884765625));
#11759 = CARTESIAN_POINT('',(1.044921875,0.8056640625));
#11760 = CARTESIAN_POINT('',(0.923828125,0.7861328125));
#11761 = ( GEOMETRIC_REPRESENTATION_CONTEXT(2) 
PARAMETRIC_REPRESENTATION_CONTEXT() REPRESENTATION_CONTEXT('2D SPACE',''
  ) );
#11762 = ORIENTED_EDGE('',*,*,#11670,.F.);
#11763 = ORIENTED_EDGE('',*,*,#4349,.F.);
#11764 = ADVANCED_FACE('',(#11765),#4335,.T.);
#11765 = FACE_BOUND('',#11766,.T.);
#11766 = EDGE_LOOP('',(#11767,#11790,#11811,#11812));
#11767 = ORIENTED_EDGE('',*,*,#11768,.T.);
#11768 = EDGE_CURVE('',#4290,#11769,#11771,.T.);
#11769 = VERTEX_POINT('',#11770);
#11770 = CARTESIAN_POINT('',(14.3947265625,-0.5458984375,0.5));
#11771 = SURFACE_CURVE('',#11772,(#11776,#11783),.PCURVE_S1.);
#11772 = LINE('',#11773,#11774);
#11773 = CARTESIAN_POINT('',(14.3947265625,-0.5458984375,0.));
#11774 = VECTOR('',#11775,1.);
#11775 = DIRECTION('',(0.,1.224646799147E-16,1.));
#11776 = PCURVE('',#4335,#11777);
#11777 = DEFINITIONAL_REPRESENTATION('',(#11778),#11782);
#11778 = LINE('',#11779,#11780);
#11779 = CARTESIAN_POINT('',(0.,0.));
#11780 = VECTOR('',#11781,1.);
#11781 = DIRECTION('',(0.,-1.));
#11782 = ( GEOMETRIC_REPRESENTATION_CONTEXT(2) 
PARAMETRIC_REPRESENTATION_CONTEXT() REPRESENTATION_CONTEXT('2D SPACE',''
  ) );
#11783 = PCURVE('',#4305,#11784);
#11784 = DEFINITIONAL_REPRESENTATION('',(#11785),#11789);
#11785 = LINE('',#11786,#11787);
#11786 = CARTESIAN_POINT('',(1.,0.));
#11787 = VECTOR('',#11788,1.);
#11788 = DIRECTION('',(0.,-1.));
#11789 = ( GEOMETRIC_REPRESENTATION_CONTEXT(2) 
PARAMETRIC_REPRESENTATION_CONTEXT() REPRESENTATION_CONTEXT('2D SPACE',''
  ) );
#11790 = ORIENTED_EDGE('',*,*,#11791,.T.);
#11791 = EDGE_CURVE('',#11769,#11720,#11792,.T.);
#11792 = SURFACE_CURVE('',#11793,(#11797,#11804),.PCURVE_S1.);
#11793 = B_SPLINE_CURVE_WITH_KNOTS('',2,(#11794,#11795,#11796),
  .UNSPECIFIED.,.F.,.F.,(3,3),(0.,1.),.PIECEWISE_BEZIER_KNOTS.);
#11794 = CARTESIAN_POINT('',(14.3947265625,-0.5458984375,0.5));
#11795 = CARTESIAN_POINT('',(14.528515625,-0.5458984375,0.5));
#11796 = CARTESIAN_POINT('',(14.6076171875,-0.4833984375,0.5));
#11797 = PCURVE('',#4335,#11798);
#11798 = DEFINITIONAL_REPRESENTATION('',(#11799),#11803);
#11799 = LINE('',#11800,#11801);
#11800 = CARTESIAN_POINT('',(0.,-0.5));
#11801 = VECTOR('',#11802,1.);
#11802 = DIRECTION('',(1.,0.));
#11803 = ( GEOMETRIC_REPRESENTATION_CONTEXT(2) 
PARAMETRIC_REPRESENTATION_CONTEXT() REPRESENTATION_CONTEXT('2D SPACE',''
  ) );
#11804 = PCURVE('',#11486,#11805);
#11805 = DEFINITIONAL_REPRESENTATION('',(#11806),#11810);
#11806 = B_SPLINE_CURVE_WITH_KNOTS('',2,(#11807,#11808,#11809),
  .UNSPECIFIED.,.F.,.F.,(3,3),(0.,1.),.PIECEWISE_BEZIER_KNOTS.);
#11807 = CARTESIAN_POINT('',(1.169921875,1.09765625));
#11808 = CARTESIAN_POINT('',(1.169921875,0.9638671875));
#11809 = CARTESIAN_POINT('',(1.107421875,0.884765625));
#11810 = ( GEOMETRIC_REPRESENTATION_CONTEXT(2) 
PARAMETRIC_REPRESENTATION_CONTEXT() REPRESENTATION_CONTEXT('2D SPACE',''
  ) );
#11811 = ORIENTED_EDGE('',*,*,#11719,.F.);
#11812 = ORIENTED_EDGE('',*,*,#4319,.F.);
#11813 = ADVANCED_FACE('',(#11814),#4305,.T.);
#11814 = FACE_BOUND('',#11815,.T.);
#11815 = EDGE_LOOP('',(#11816,#11839,#11860,#11861));
#11816 = ORIENTED_EDGE('',*,*,#11817,.T.);
#11817 = EDGE_CURVE('',#4260,#11818,#11820,.T.);
#11818 = VERTEX_POINT('',#11819);
#11819 = CARTESIAN_POINT('',(14.128125,-0.423828125,0.5));
#11820 = SURFACE_CURVE('',#11821,(#11825,#11832),.PCURVE_S1.);
#11821 = LINE('',#11822,#11823);
#11822 = CARTESIAN_POINT('',(14.128125,-0.423828125,0.));
#11823 = VECTOR('',#11824,1.);
#11824 = DIRECTION('',(0.,1.224646799147E-16,1.));
#11825 = PCURVE('',#4305,#11826);
#11826 = DEFINITIONAL_REPRESENTATION('',(#11827),#11831);
#11827 = LINE('',#11828,#11829);
#11828 = CARTESIAN_POINT('',(0.,0.));
#11829 = VECTOR('',#11830,1.);
#11830 = DIRECTION('',(0.,-1.));
#11831 = ( GEOMETRIC_REPRESENTATION_CONTEXT(2) 
PARAMETRIC_REPRESENTATION_CONTEXT() REPRESENTATION_CONTEXT('2D SPACE',''
  ) );
#11832 = PCURVE('',#4275,#11833);
#11833 = DEFINITIONAL_REPRESENTATION('',(#11834),#11838);
#11834 = LINE('',#11835,#11836);
#11835 = CARTESIAN_POINT('',(1.,0.));
#11836 = VECTOR('',#11837,1.);
#11837 = DIRECTION('',(0.,-1.));
#11838 = ( GEOMETRIC_REPRESENTATION_CONTEXT(2) 
PARAMETRIC_REPRESENTATION_CONTEXT() REPRESENTATION_CONTEXT('2D SPACE',''
  ) );
#11839 = ORIENTED_EDGE('',*,*,#11840,.T.);
#11840 = EDGE_CURVE('',#11818,#11769,#11841,.T.);
#11841 = SURFACE_CURVE('',#11842,(#11846,#11853),.PCURVE_S1.);
#11842 = B_SPLINE_CURVE_WITH_KNOTS('',2,(#11843,#11844,#11845),
  .UNSPECIFIED.,.F.,.F.,(3,3),(0.,1.),.PIECEWISE_BEZIER_KNOTS.);
#11843 = CARTESIAN_POINT('',(14.128125,-0.423828125,0.5));
#11844 = CARTESIAN_POINT('',(14.221875,-0.5458984375,0.5));
#11845 = CARTESIAN_POINT('',(14.3947265625,-0.5458984375,0.5));
#11846 = PCURVE('',#4305,#11847);
#11847 = DEFINITIONAL_REPRESENTATION('',(#11848),#11852);
#11848 = LINE('',#11849,#11850);
#11849 = CARTESIAN_POINT('',(0.,-0.5));
#11850 = VECTOR('',#11851,1.);
#11851 = DIRECTION('',(1.,0.));
#11852 = ( GEOMETRIC_REPRESENTATION_CONTEXT(2) 
PARAMETRIC_REPRESENTATION_CONTEXT() REPRESENTATION_CONTEXT('2D SPACE',''
  ) );
#11853 = PCURVE('',#11486,#11854);
#11854 = DEFINITIONAL_REPRESENTATION('',(#11855),#11859);
#11855 = B_SPLINE_CURVE_WITH_KNOTS('',2,(#11856,#11857,#11858),
  .UNSPECIFIED.,.F.,.F.,(3,3),(0.,1.),.PIECEWISE_BEZIER_KNOTS.);
#11856 = CARTESIAN_POINT('',(1.0478515625,1.3642578125));
#11857 = CARTESIAN_POINT('',(1.169921875,1.2705078125));
#11858 = CARTESIAN_POINT('',(1.169921875,1.09765625));
#11859 = ( GEOMETRIC_REPRESENTATION_CONTEXT(2) 
PARAMETRIC_REPRESENTATION_CONTEXT() REPRESENTATION_CONTEXT('2D SPACE',''
  ) );
#11860 = ORIENTED_EDGE('',*,*,#11768,.F.);
#11861 = ORIENTED_EDGE('',*,*,#4289,.F.);
#11862 = ADVANCED_FACE('',(#11863),#4275,.T.);
#11863 = FACE_BOUND('',#11864,.T.);
#11864 = EDGE_LOOP('',(#11865,#11888,#11909,#11910));
#11865 = ORIENTED_EDGE('',*,*,#11866,.T.);
#11866 = EDGE_CURVE('',#4232,#11867,#11869,.T.);
#11867 = VERTEX_POINT('',#11868);
#11868 = CARTESIAN_POINT('',(14.034375,-7.6171875E-02,0.5));
#11869 = SURFACE_CURVE('',#11870,(#11874,#11881),.PCURVE_S1.);
#11870 = LINE('',#11871,#11872);
#11871 = CARTESIAN_POINT('',(14.034375,-7.6171875E-02,0.));
#11872 = VECTOR('',#11873,1.);
#11873 = DIRECTION('',(0.,1.224646799147E-16,1.));
#11874 = PCURVE('',#4275,#11875);
#11875 = DEFINITIONAL_REPRESENTATION('',(#11876),#11880);
#11876 = LINE('',#11877,#11878);
#11877 = CARTESIAN_POINT('',(0.,0.));
#11878 = VECTOR('',#11879,1.);
#11879 = DIRECTION('',(0.,-1.));
#11880 = ( GEOMETRIC_REPRESENTATION_CONTEXT(2) 
PARAMETRIC_REPRESENTATION_CONTEXT() REPRESENTATION_CONTEXT('2D SPACE',''
  ) );
#11881 = PCURVE('',#4247,#11882);
#11882 = DEFINITIONAL_REPRESENTATION('',(#11883),#11887);
#11883 = LINE('',#11884,#11885);
#11884 = CARTESIAN_POINT('',(0.50390625,6.171071761328E-17));
#11885 = VECTOR('',#11886,1.);
#11886 = DIRECTION('',(0.,-1.));
#11887 = ( GEOMETRIC_REPRESENTATION_CONTEXT(2) 
PARAMETRIC_REPRESENTATION_CONTEXT() REPRESENTATION_CONTEXT('2D SPACE',''
  ) );
#11888 = ORIENTED_EDGE('',*,*,#11889,.T.);
#11889 = EDGE_CURVE('',#11867,#11818,#11890,.T.);
#11890 = SURFACE_CURVE('',#11891,(#11895,#11902),.PCURVE_S1.);
#11891 = B_SPLINE_CURVE_WITH_KNOTS('',2,(#11892,#11893,#11894),
  .UNSPECIFIED.,.F.,.F.,(3,3),(0.,1.),.PIECEWISE_BEZIER_KNOTS.);
#11892 = CARTESIAN_POINT('',(14.034375,-7.6171875E-02,0.5));
#11893 = CARTESIAN_POINT('',(14.034375,-0.3017578125,0.5));
#11894 = CARTESIAN_POINT('',(14.128125,-0.423828125,0.5));
#11895 = PCURVE('',#4275,#11896);
#11896 = DEFINITIONAL_REPRESENTATION('',(#11897),#11901);
#11897 = LINE('',#11898,#11899);
#11898 = CARTESIAN_POINT('',(0.,-0.5));
#11899 = VECTOR('',#11900,1.);
#11900 = DIRECTION('',(1.,0.));
#11901 = ( GEOMETRIC_REPRESENTATION_CONTEXT(2) 
PARAMETRIC_REPRESENTATION_CONTEXT() REPRESENTATION_CONTEXT('2D SPACE',''
  ) );
#11902 = PCURVE('',#11486,#11903);
#11903 = DEFINITIONAL_REPRESENTATION('',(#11904),#11908);
#11904 = B_SPLINE_CURVE_WITH_KNOTS('',2,(#11905,#11906,#11907),
  .UNSPECIFIED.,.F.,.F.,(3,3),(0.,1.),.PIECEWISE_BEZIER_KNOTS.);
#11905 = CARTESIAN_POINT('',(0.7001953125,1.4580078125));
#11906 = CARTESIAN_POINT('',(0.92578125,1.4580078125));
#11907 = CARTESIAN_POINT('',(1.0478515625,1.3642578125));
#11908 = ( GEOMETRIC_REPRESENTATION_CONTEXT(2) 
PARAMETRIC_REPRESENTATION_CONTEXT() REPRESENTATION_CONTEXT('2D SPACE',''
  ) );
#11909 = ORIENTED_EDGE('',*,*,#11817,.F.);
#11910 = ORIENTED_EDGE('',*,*,#4259,.F.);
#11911 = ADVANCED_FACE('',(#11912),#4247,.T.);
#11912 = FACE_BOUND('',#11913,.T.);
#11913 = EDGE_LOOP('',(#11914,#11937,#11958,#11959));
#11914 = ORIENTED_EDGE('',*,*,#11915,.T.);
#11915 = EDGE_CURVE('',#4204,#11916,#11918,.T.);
#11916 = VERTEX_POINT('',#11917);
#11917 = CARTESIAN_POINT('',(14.034375,0.427734375,0.5));
#11918 = SURFACE_CURVE('',#11919,(#11923,#11930),.PCURVE_S1.);
#11919 = LINE('',#11920,#11921);
#11920 = CARTESIAN_POINT('',(14.034375,0.427734375,0.));
#11921 = VECTOR('',#11922,1.);
#11922 = DIRECTION('',(0.,1.224646799147E-16,1.));
#11923 = PCURVE('',#4247,#11924);
#11924 = DEFINITIONAL_REPRESENTATION('',(#11925),#11929);
#11925 = LINE('',#11926,#11927);
#11926 = CARTESIAN_POINT('',(0.,0.));
#11927 = VECTOR('',#11928,1.);
#11928 = DIRECTION('',(0.,-1.));
#11929 = ( GEOMETRIC_REPRESENTATION_CONTEXT(2) 
PARAMETRIC_REPRESENTATION_CONTEXT() REPRESENTATION_CONTEXT('2D SPACE',''
  ) );
#11930 = PCURVE('',#4219,#11931);
#11931 = DEFINITIONAL_REPRESENTATION('',(#11932),#11936);
#11932 = LINE('',#11933,#11934);
#11933 = CARTESIAN_POINT('',(1.4580078125,2.096540493137E-32));
#11934 = VECTOR('',#11935,1.);
#11935 = DIRECTION('',(0.,-1.));
#11936 = ( GEOMETRIC_REPRESENTATION_CONTEXT(2) 
PARAMETRIC_REPRESENTATION_CONTEXT() REPRESENTATION_CONTEXT('2D SPACE',''
  ) );
#11937 = ORIENTED_EDGE('',*,*,#11938,.T.);
#11938 = EDGE_CURVE('',#11916,#11867,#11939,.T.);
#11939 = SURFACE_CURVE('',#11940,(#11944,#11951),.PCURVE_S1.);
#11940 = LINE('',#11941,#11942);
#11941 = CARTESIAN_POINT('',(14.034375,0.427734375,0.5));
#11942 = VECTOR('',#11943,1.);
#11943 = DIRECTION('',(1.110223024625E-16,-1.,1.224646799147E-16));
#11944 = PCURVE('',#4247,#11945);
#11945 = DEFINITIONAL_REPRESENTATION('',(#11946),#11950);
#11946 = LINE('',#11947,#11948);
#11947 = CARTESIAN_POINT('',(6.123233995737E-17,-0.5));
#11948 = VECTOR('',#11949,1.);
#11949 = DIRECTION('',(1.,0.));
#11950 = ( GEOMETRIC_REPRESENTATION_CONTEXT(2) 
PARAMETRIC_REPRESENTATION_CONTEXT() REPRESENTATION_CONTEXT('2D SPACE',''
  ) );
#11951 = PCURVE('',#11486,#11952);
#11952 = DEFINITIONAL_REPRESENTATION('',(#11953),#11957);
#11953 = LINE('',#11954,#11955);
#11954 = CARTESIAN_POINT('',(0.1962890625,1.4580078125));
#11955 = VECTOR('',#11956,1.);
#11956 = DIRECTION('',(1.,1.665067842118E-48));
#11957 = ( GEOMETRIC_REPRESENTATION_CONTEXT(2) 
PARAMETRIC_REPRESENTATION_CONTEXT() REPRESENTATION_CONTEXT('2D SPACE',''
  ) );
#11958 = ORIENTED_EDGE('',*,*,#11866,.F.);
#11959 = ORIENTED_EDGE('',*,*,#4231,.F.);
#11960 = ADVANCED_FACE('',(#11961),#4219,.T.);
#11961 = FACE_BOUND('',#11962,.T.);
#11962 = EDGE_LOOP('',(#11963,#11964,#11985,#11986));
#11963 = ORIENTED_EDGE('',*,*,#11498,.T.);
#11964 = ORIENTED_EDGE('',*,*,#11965,.T.);
#11965 = EDGE_CURVE('',#11471,#11916,#11966,.T.);
#11966 = SURFACE_CURVE('',#11967,(#11971,#11978),.PCURVE_S1.);
#11967 = LINE('',#11968,#11969);
#11968 = CARTESIAN_POINT('',(15.4923828125,0.427734375,0.5));
#11969 = VECTOR('',#11970,1.);
#11970 = DIRECTION('',(-1.,-1.110223024625E-16,1.359631073447E-32));
#11971 = PCURVE('',#4219,#11972);
#11972 = DEFINITIONAL_REPRESENTATION('',(#11973),#11977);
#11973 = LINE('',#11974,#11975);
#11974 = CARTESIAN_POINT('',(6.351795451953E-34,-0.5));
#11975 = VECTOR('',#11976,1.);
#11976 = DIRECTION('',(1.,0.));
#11977 = ( GEOMETRIC_REPRESENTATION_CONTEXT(2) 
PARAMETRIC_REPRESENTATION_CONTEXT() REPRESENTATION_CONTEXT('2D SPACE',''
  ) );
#11978 = PCURVE('',#11486,#11979);
#11979 = DEFINITIONAL_REPRESENTATION('',(#11980),#11984);
#11980 = LINE('',#11981,#11982);
#11981 = CARTESIAN_POINT('',(0.1962890625,2.179246366696E-17));
#11982 = VECTOR('',#11983,1.);
#11983 = DIRECTION('',(1.665067842118E-48,1.));
#11984 = ( GEOMETRIC_REPRESENTATION_CONTEXT(2) 
PARAMETRIC_REPRESENTATION_CONTEXT() REPRESENTATION_CONTEXT('2D SPACE',''
  ) );
#11985 = ORIENTED_EDGE('',*,*,#11915,.F.);
#11986 = ORIENTED_EDGE('',*,*,#4203,.F.);
#11987 = ADVANCED_FACE('',(#11988),#4517,.T.);
#11988 = FACE_BOUND('',#11989,.T.);
#11989 = EDGE_LOOP('',(#11990,#12013,#12041,#12062));
#11990 = ORIENTED_EDGE('',*,*,#11991,.T.);
#11991 = EDGE_CURVE('',#4500,#11992,#11994,.T.);
#11992 = VERTEX_POINT('',#11993);
#11993 = CARTESIAN_POINT('',(14.94794921875,-1.5009765625,0.5));
#11994 = SURFACE_CURVE('',#11995,(#11999,#12006),.PCURVE_S1.);
#11995 = LINE('',#11996,#11997);
#11996 = CARTESIAN_POINT('',(14.94794921875,-1.5009765625,0.));
#11997 = VECTOR('',#11998,1.);
#11998 = DIRECTION('',(0.,1.224646799147E-16,1.));
#11999 = PCURVE('',#4517,#12000);
#12000 = DEFINITIONAL_REPRESENTATION('',(#12001),#12005);
#12001 = LINE('',#12002,#12003);
#12002 = CARTESIAN_POINT('',(0.,0.));
#12003 = VECTOR('',#12004,1.);
#12004 = DIRECTION('',(0.,-1.));
#12005 = ( GEOMETRIC_REPRESENTATION_CONTEXT(2) 
PARAMETRIC_REPRESENTATION_CONTEXT() REPRESENTATION_CONTEXT('2D SPACE',''
  ) );
#12006 = PCURVE('',#5105,#12007);
#12007 = DEFINITIONAL_REPRESENTATION('',(#12008),#12012);
#12008 = LINE('',#12009,#12010);
#12009 = CARTESIAN_POINT('',(1.,0.));
#12010 = VECTOR('',#12011,1.);
#12011 = DIRECTION('',(0.,-1.));
#12012 = ( GEOMETRIC_REPRESENTATION_CONTEXT(2) 
PARAMETRIC_REPRESENTATION_CONTEXT() REPRESENTATION_CONTEXT('2D SPACE',''
  ) );
#12013 = ORIENTED_EDGE('',*,*,#12014,.T.);
#12014 = EDGE_CURVE('',#11992,#12015,#12017,.T.);
#12015 = VERTEX_POINT('',#12016);
#12016 = CARTESIAN_POINT('',(15.3263671875,-1.1318359375,0.5));
#12017 = SURFACE_CURVE('',#12018,(#12022,#12029),.PCURVE_S1.);
#12018 = B_SPLINE_CURVE_WITH_KNOTS('',2,(#12019,#12020,#12021),
  .UNSPECIFIED.,.F.,.F.,(3,3),(0.,1.),.PIECEWISE_BEZIER_KNOTS.);
#12019 = CARTESIAN_POINT('',(14.94794921875,-1.5009765625,0.5));
#12020 = CARTESIAN_POINT('',(15.083203125,-1.3701171875,0.5));
#12021 = CARTESIAN_POINT('',(15.3263671875,-1.1318359375,0.5));
#12022 = PCURVE('',#4517,#12023);
#12023 = DEFINITIONAL_REPRESENTATION('',(#12024),#12028);
#12024 = LINE('',#12025,#12026);
#12025 = CARTESIAN_POINT('',(0.,-0.5));
#12026 = VECTOR('',#12027,1.);
#12027 = DIRECTION('',(1.,0.));
#12028 = ( GEOMETRIC_REPRESENTATION_CONTEXT(2) 
PARAMETRIC_REPRESENTATION_CONTEXT() REPRESENTATION_CONTEXT('2D SPACE',''
  ) );
#12029 = PCURVE('',#12030,#12035);
#12030 = PLANE('',#12031);
#12031 = AXIS2_PLACEMENT_3D('',#12032,#12033,#12034);
#12032 = CARTESIAN_POINT('',(15.4923828125,-0.748046875,0.5));
#12033 = DIRECTION('',(0.,-1.224646799147E-16,-1.));
#12034 = DIRECTION('',(1.110223024625E-16,-1.,1.224646799147E-16));
#12035 = DEFINITIONAL_REPRESENTATION('',(#12036),#12040);
#12036 = B_SPLINE_CURVE_WITH_KNOTS('',2,(#12037,#12038,#12039),
  .UNSPECIFIED.,.F.,.F.,(3,3),(0.,1.),.PIECEWISE_BEZIER_KNOTS.);
#12037 = CARTESIAN_POINT('',(0.7529296875,0.54443359375));
#12038 = CARTESIAN_POINT('',(0.6220703125,0.4091796875));
#12039 = CARTESIAN_POINT('',(0.3837890625,0.166015625));
#12040 = ( GEOMETRIC_REPRESENTATION_CONTEXT(2) 
PARAMETRIC_REPRESENTATION_CONTEXT() REPRESENTATION_CONTEXT('2D SPACE',''
  ) );
#12041 = ORIENTED_EDGE('',*,*,#12042,.F.);
#12042 = EDGE_CURVE('',#4502,#12015,#12043,.T.);
#12043 = SURFACE_CURVE('',#12044,(#12048,#12055),.PCURVE_S1.);
#12044 = LINE('',#12045,#12046);
#12045 = CARTESIAN_POINT('',(15.3263671875,-1.1318359375,0.));
#12046 = VECTOR('',#12047,1.);
#12047 = DIRECTION('',(0.,1.224646799147E-16,1.));
#12048 = PCURVE('',#4517,#12049);
#12049 = DEFINITIONAL_REPRESENTATION('',(#12050),#12054);
#12050 = LINE('',#12051,#12052);
#12051 = CARTESIAN_POINT('',(1.,0.));
#12052 = VECTOR('',#12053,1.);
#12053 = DIRECTION('',(0.,-1.));
#12054 = ( GEOMETRIC_REPRESENTATION_CONTEXT(2) 
PARAMETRIC_REPRESENTATION_CONTEXT() REPRESENTATION_CONTEXT('2D SPACE',''
  ) );
#12055 = PCURVE('',#4547,#12056);
#12056 = DEFINITIONAL_REPRESENTATION('',(#12057),#12061);
#12057 = LINE('',#12058,#12059);
#12058 = CARTESIAN_POINT('',(0.,0.));
#12059 = VECTOR('',#12060,1.);
#12060 = DIRECTION('',(0.,-1.));
#12061 = ( GEOMETRIC_REPRESENTATION_CONTEXT(2) 
PARAMETRIC_REPRESENTATION_CONTEXT() REPRESENTATION_CONTEXT('2D SPACE',''
  ) );
#12062 = ORIENTED_EDGE('',*,*,#4499,.F.);
#12063 = ADVANCED_FACE('',(#12064),#5105,.T.);
#12064 = FACE_BOUND('',#12065,.T.);
#12065 = EDGE_LOOP('',(#12066,#12089,#12110,#12111));
#12066 = ORIENTED_EDGE('',*,*,#12067,.T.);
#12067 = EDGE_CURVE('',#5062,#12068,#12070,.T.);
#12068 = VERTEX_POINT('',#12069);
#12069 = CARTESIAN_POINT('',(14.784375,-1.65625,0.5));
#12070 = SURFACE_CURVE('',#12071,(#12075,#12082),.PCURVE_S1.);
#12071 = LINE('',#12072,#12073);
#12072 = CARTESIAN_POINT('',(14.784375,-1.65625,0.));
#12073 = VECTOR('',#12074,1.);
#12074 = DIRECTION('',(0.,1.224646799147E-16,1.));
#12075 = PCURVE('',#5105,#12076);
#12076 = DEFINITIONAL_REPRESENTATION('',(#12077),#12081);
#12077 = LINE('',#12078,#12079);
#12078 = CARTESIAN_POINT('',(0.,0.));
#12079 = VECTOR('',#12080,1.);
#12080 = DIRECTION('',(0.,-1.));
#12081 = ( GEOMETRIC_REPRESENTATION_CONTEXT(2) 
PARAMETRIC_REPRESENTATION_CONTEXT() REPRESENTATION_CONTEXT('2D SPACE',''
  ) );
#12082 = PCURVE('',#5077,#12083);
#12083 = DEFINITIONAL_REPRESENTATION('',(#12084),#12088);
#12084 = LINE('',#12085,#12086);
#12085 = CARTESIAN_POINT('',(1.,0.));
#12086 = VECTOR('',#12087,1.);
#12087 = DIRECTION('',(0.,-1.));
#12088 = ( GEOMETRIC_REPRESENTATION_CONTEXT(2) 
PARAMETRIC_REPRESENTATION_CONTEXT() REPRESENTATION_CONTEXT('2D SPACE',''
  ) );
#12089 = ORIENTED_EDGE('',*,*,#12090,.T.);
#12090 = EDGE_CURVE('',#12068,#11992,#12091,.T.);
#12091 = SURFACE_CURVE('',#12092,(#12096,#12103),.PCURVE_S1.);
#12092 = B_SPLINE_CURVE_WITH_KNOTS('',2,(#12093,#12094,#12095),
  .UNSPECIFIED.,.F.,.F.,(3,3),(0.,1.),.PIECEWISE_BEZIER_KNOTS.);
#12093 = CARTESIAN_POINT('',(14.784375,-1.65625,0.5));
#12094 = CARTESIAN_POINT('',(14.8126953125,-1.6318359375,0.5));
#12095 = CARTESIAN_POINT('',(14.94794921875,-1.5009765625,0.5));
#12096 = PCURVE('',#5105,#12097);
#12097 = DEFINITIONAL_REPRESENTATION('',(#12098),#12102);
#12098 = LINE('',#12099,#12100);
#12099 = CARTESIAN_POINT('',(0.,-0.5));
#12100 = VECTOR('',#12101,1.);
#12101 = DIRECTION('',(1.,0.));
#12102 = ( GEOMETRIC_REPRESENTATION_CONTEXT(2) 
PARAMETRIC_REPRESENTATION_CONTEXT() REPRESENTATION_CONTEXT('2D SPACE',''
  ) );
#12103 = PCURVE('',#12030,#12104);
#12104 = DEFINITIONAL_REPRESENTATION('',(#12105),#12109);
#12105 = B_SPLINE_CURVE_WITH_KNOTS('',2,(#12106,#12107,#12108),
  .UNSPECIFIED.,.F.,.F.,(3,3),(0.,1.),.PIECEWISE_BEZIER_KNOTS.);
#12106 = CARTESIAN_POINT('',(0.908203125,0.7080078125));
#12107 = CARTESIAN_POINT('',(0.8837890625,0.6796875));
#12108 = CARTESIAN_POINT('',(0.7529296875,0.54443359375));
#12109 = ( GEOMETRIC_REPRESENTATION_CONTEXT(2) 
PARAMETRIC_REPRESENTATION_CONTEXT() REPRESENTATION_CONTEXT('2D SPACE',''
  ) );
#12110 = ORIENTED_EDGE('',*,*,#11991,.F.);
#12111 = ORIENTED_EDGE('',*,*,#5091,.F.);
#12112 = ADVANCED_FACE('',(#12113),#5077,.T.);
#12113 = FACE_BOUND('',#12114,.T.);
#12114 = EDGE_LOOP('',(#12115,#12138,#12159,#12160));
#12115 = ORIENTED_EDGE('',*,*,#12116,.T.);
#12116 = EDGE_CURVE('',#5032,#12117,#12119,.T.);
#12117 = VERTEX_POINT('',#12118);
#12118 = CARTESIAN_POINT('',(14.59443359375,-1.77880859375,0.5));
#12119 = SURFACE_CURVE('',#12120,(#12124,#12131),.PCURVE_S1.);
#12120 = LINE('',#12121,#12122);
#12121 = CARTESIAN_POINT('',(14.59443359375,-1.77880859375,0.));
#12122 = VECTOR('',#12123,1.);
#12123 = DIRECTION('',(0.,1.224646799147E-16,1.));
#12124 = PCURVE('',#5077,#12125);
#12125 = DEFINITIONAL_REPRESENTATION('',(#12126),#12130);
#12126 = LINE('',#12127,#12128);
#12127 = CARTESIAN_POINT('',(0.,0.));
#12128 = VECTOR('',#12129,1.);
#12129 = DIRECTION('',(0.,-1.));
#12130 = ( GEOMETRIC_REPRESENTATION_CONTEXT(2) 
PARAMETRIC_REPRESENTATION_CONTEXT() REPRESENTATION_CONTEXT('2D SPACE',''
  ) );
#12131 = PCURVE('',#5047,#12132);
#12132 = DEFINITIONAL_REPRESENTATION('',(#12133),#12137);
#12133 = LINE('',#12134,#12135);
#12134 = CARTESIAN_POINT('',(1.,0.));
#12135 = VECTOR('',#12136,1.);
#12136 = DIRECTION('',(0.,-1.));
#12137 = ( GEOMETRIC_REPRESENTATION_CONTEXT(2) 
PARAMETRIC_REPRESENTATION_CONTEXT() REPRESENTATION_CONTEXT('2D SPACE',''
  ) );
#12138 = ORIENTED_EDGE('',*,*,#12139,.T.);
#12139 = EDGE_CURVE('',#12117,#12068,#12140,.T.);
#12140 = SURFACE_CURVE('',#12141,(#12145,#12152),.PCURVE_S1.);
#12141 = B_SPLINE_CURVE_WITH_KNOTS('',2,(#12142,#12143,#12144),
  .UNSPECIFIED.,.F.,.F.,(3,3),(0.,1.),.PIECEWISE_BEZIER_KNOTS.);
#12142 = CARTESIAN_POINT('',(14.59443359375,-1.77880859375,0.5));
#12143 = CARTESIAN_POINT('',(14.675,-1.7451171875,0.5));
#12144 = CARTESIAN_POINT('',(14.784375,-1.65625,0.5));
#12145 = PCURVE('',#5077,#12146);
#12146 = DEFINITIONAL_REPRESENTATION('',(#12147),#12151);
#12147 = LINE('',#12148,#12149);
#12148 = CARTESIAN_POINT('',(0.,-0.5));
#12149 = VECTOR('',#12150,1.);
#12150 = DIRECTION('',(1.,0.));
#12151 = ( GEOMETRIC_REPRESENTATION_CONTEXT(2) 
PARAMETRIC_REPRESENTATION_CONTEXT() REPRESENTATION_CONTEXT('2D SPACE',''
  ) );
#12152 = PCURVE('',#12030,#12153);
#12153 = DEFINITIONAL_REPRESENTATION('',(#12154),#12158);
#12154 = B_SPLINE_CURVE_WITH_KNOTS('',2,(#12155,#12156,#12157),
  .UNSPECIFIED.,.F.,.F.,(3,3),(0.,1.),.PIECEWISE_BEZIER_KNOTS.);
#12155 = CARTESIAN_POINT('',(1.03076171875,0.89794921875));
#12156 = CARTESIAN_POINT('',(0.9970703125,0.8173828125));
#12157 = CARTESIAN_POINT('',(0.908203125,0.7080078125));
#12158 = ( GEOMETRIC_REPRESENTATION_CONTEXT(2) 
PARAMETRIC_REPRESENTATION_CONTEXT() REPRESENTATION_CONTEXT('2D SPACE',''
  ) );
#12159 = ORIENTED_EDGE('',*,*,#12067,.F.);
#12160 = ORIENTED_EDGE('',*,*,#5061,.F.);
#12161 = ADVANCED_FACE('',(#12162),#5047,.T.);
#12162 = FACE_BOUND('',#12163,.T.);
#12163 = EDGE_LOOP('',(#12164,#12187,#12208,#12209));
#12164 = ORIENTED_EDGE('',*,*,#12165,.T.);
#12165 = EDGE_CURVE('',#5002,#12166,#12168,.T.);
#12166 = VERTEX_POINT('',#12167);
#12167 = CARTESIAN_POINT('',(14.4240234375,-1.8125,0.5));
#12168 = SURFACE_CURVE('',#12169,(#12173,#12180),.PCURVE_S1.);
#12169 = LINE('',#12170,#12171);
#12170 = CARTESIAN_POINT('',(14.4240234375,-1.8125,0.));
#12171 = VECTOR('',#12172,1.);
#12172 = DIRECTION('',(0.,1.224646799147E-16,1.));
#12173 = PCURVE('',#5047,#12174);
#12174 = DEFINITIONAL_REPRESENTATION('',(#12175),#12179);
#12175 = LINE('',#12176,#12177);
#12176 = CARTESIAN_POINT('',(0.,0.));
#12177 = VECTOR('',#12178,1.);
#12178 = DIRECTION('',(0.,-1.));
#12179 = ( GEOMETRIC_REPRESENTATION_CONTEXT(2) 
PARAMETRIC_REPRESENTATION_CONTEXT() REPRESENTATION_CONTEXT('2D SPACE',''
  ) );
#12180 = PCURVE('',#5017,#12181);
#12181 = DEFINITIONAL_REPRESENTATION('',(#12182),#12186);
#12182 = LINE('',#12183,#12184);
#12183 = CARTESIAN_POINT('',(1.,0.));
#12184 = VECTOR('',#12185,1.);
#12185 = DIRECTION('',(0.,-1.));
#12186 = ( GEOMETRIC_REPRESENTATION_CONTEXT(2) 
PARAMETRIC_REPRESENTATION_CONTEXT() REPRESENTATION_CONTEXT('2D SPACE',''
  ) );
#12187 = ORIENTED_EDGE('',*,*,#12188,.T.);
#12188 = EDGE_CURVE('',#12166,#12117,#12189,.T.);
#12189 = SURFACE_CURVE('',#12190,(#12194,#12201),.PCURVE_S1.);
#12190 = B_SPLINE_CURVE_WITH_KNOTS('',2,(#12191,#12192,#12193),
  .UNSPECIFIED.,.F.,.F.,(3,3),(0.,1.),.PIECEWISE_BEZIER_KNOTS.);
#12191 = CARTESIAN_POINT('',(14.4240234375,-1.8125,0.5));
#12192 = CARTESIAN_POINT('',(14.5138671875,-1.8125,0.5));
#12193 = CARTESIAN_POINT('',(14.59443359375,-1.77880859375,0.5));
#12194 = PCURVE('',#5047,#12195);
#12195 = DEFINITIONAL_REPRESENTATION('',(#12196),#12200);
#12196 = LINE('',#12197,#12198);
#12197 = CARTESIAN_POINT('',(0.,-0.5));
#12198 = VECTOR('',#12199,1.);
#12199 = DIRECTION('',(1.,0.));
#12200 = ( GEOMETRIC_REPRESENTATION_CONTEXT(2) 
PARAMETRIC_REPRESENTATION_CONTEXT() REPRESENTATION_CONTEXT('2D SPACE',''
  ) );
#12201 = PCURVE('',#12030,#12202);
#12202 = DEFINITIONAL_REPRESENTATION('',(#12203),#12207);
#12203 = B_SPLINE_CURVE_WITH_KNOTS('',2,(#12204,#12205,#12206),
  .UNSPECIFIED.,.F.,.F.,(3,3),(0.,1.),.PIECEWISE_BEZIER_KNOTS.);
#12204 = CARTESIAN_POINT('',(1.064453125,1.068359375));
#12205 = CARTESIAN_POINT('',(1.064453125,0.978515625));
#12206 = CARTESIAN_POINT('',(1.03076171875,0.89794921875));
#12207 = ( GEOMETRIC_REPRESENTATION_CONTEXT(2) 
PARAMETRIC_REPRESENTATION_CONTEXT() REPRESENTATION_CONTEXT('2D SPACE',''
  ) );
#12208 = ORIENTED_EDGE('',*,*,#12116,.F.);
#12209 = ORIENTED_EDGE('',*,*,#5031,.F.);
#12210 = ADVANCED_FACE('',(#12211),#5017,.T.);
#12211 = FACE_BOUND('',#12212,.T.);
#12212 = EDGE_LOOP('',(#12213,#12236,#12257,#12258));
#12213 = ORIENTED_EDGE('',*,*,#12214,.T.);
#12214 = EDGE_CURVE('',#4972,#12215,#12217,.T.);
#12215 = VERTEX_POINT('',#12216);
#12216 = CARTESIAN_POINT('',(14.1212890625,-1.677734375,0.5));
#12217 = SURFACE_CURVE('',#12218,(#12222,#12229),.PCURVE_S1.);
#12218 = LINE('',#12219,#12220);
#12219 = CARTESIAN_POINT('',(14.1212890625,-1.677734375,0.));
#12220 = VECTOR('',#12221,1.);
#12221 = DIRECTION('',(0.,1.224646799147E-16,1.));
#12222 = PCURVE('',#5017,#12223);
#12223 = DEFINITIONAL_REPRESENTATION('',(#12224),#12228);
#12224 = LINE('',#12225,#12226);
#12225 = CARTESIAN_POINT('',(0.,0.));
#12226 = VECTOR('',#12227,1.);
#12227 = DIRECTION('',(0.,-1.));
#12228 = ( GEOMETRIC_REPRESENTATION_CONTEXT(2) 
PARAMETRIC_REPRESENTATION_CONTEXT() REPRESENTATION_CONTEXT('2D SPACE',''
  ) );
#12229 = PCURVE('',#4987,#12230);
#12230 = DEFINITIONAL_REPRESENTATION('',(#12231),#12235);
#12231 = LINE('',#12232,#12233);
#12232 = CARTESIAN_POINT('',(1.,0.));
#12233 = VECTOR('',#12234,1.);
#12234 = DIRECTION('',(0.,-1.));
#12235 = ( GEOMETRIC_REPRESENTATION_CONTEXT(2) 
PARAMETRIC_REPRESENTATION_CONTEXT() REPRESENTATION_CONTEXT('2D SPACE',''
  ) );
#12236 = ORIENTED_EDGE('',*,*,#12237,.T.);
#12237 = EDGE_CURVE('',#12215,#12166,#12238,.T.);
#12238 = SURFACE_CURVE('',#12239,(#12243,#12250),.PCURVE_S1.);
#12239 = B_SPLINE_CURVE_WITH_KNOTS('',2,(#12240,#12241,#12242),
  .UNSPECIFIED.,.F.,.F.,(3,3),(0.,1.),.PIECEWISE_BEZIER_KNOTS.);
#12240 = CARTESIAN_POINT('',(14.1212890625,-1.677734375,0.5));
#12241 = CARTESIAN_POINT('',(14.2345703125,-1.8125,0.5));
#12242 = CARTESIAN_POINT('',(14.4240234375,-1.8125,0.5));
#12243 = PCURVE('',#5017,#12244);
#12244 = DEFINITIONAL_REPRESENTATION('',(#12245),#12249);
#12245 = LINE('',#12246,#12247);
#12246 = CARTESIAN_POINT('',(0.,-0.5));
#12247 = VECTOR('',#12248,1.);
#12248 = DIRECTION('',(1.,0.));
#12249 = ( GEOMETRIC_REPRESENTATION_CONTEXT(2) 
PARAMETRIC_REPRESENTATION_CONTEXT() REPRESENTATION_CONTEXT('2D SPACE',''
  ) );
#12250 = PCURVE('',#12030,#12251);
#12251 = DEFINITIONAL_REPRESENTATION('',(#12252),#12256);
#12252 = B_SPLINE_CURVE_WITH_KNOTS('',2,(#12253,#12254,#12255),
  .UNSPECIFIED.,.F.,.F.,(3,3),(0.,1.),.PIECEWISE_BEZIER_KNOTS.);
#12253 = CARTESIAN_POINT('',(0.9296875,1.37109375));
#12254 = CARTESIAN_POINT('',(1.064453125,1.2578125));
#12255 = CARTESIAN_POINT('',(1.064453125,1.068359375));
#12256 = ( GEOMETRIC_REPRESENTATION_CONTEXT(2) 
PARAMETRIC_REPRESENTATION_CONTEXT() REPRESENTATION_CONTEXT('2D SPACE',''
  ) );
#12257 = ORIENTED_EDGE('',*,*,#12165,.F.);
#12258 = ORIENTED_EDGE('',*,*,#5001,.F.);
#12259 = ADVANCED_FACE('',(#12260),#4987,.T.);
#12260 = FACE_BOUND('',#12261,.T.);
#12261 = EDGE_LOOP('',(#12262,#12285,#12306,#12307));
#12262 = ORIENTED_EDGE('',*,*,#12263,.T.);
#12263 = EDGE_CURVE('',#4942,#12264,#12266,.T.);
#12264 = VERTEX_POINT('',#12265);
#12265 = CARTESIAN_POINT('',(14.0080078125,-1.31640625,0.5));
#12266 = SURFACE_CURVE('',#12267,(#12271,#12278),.PCURVE_S1.);
#12267 = LINE('',#12268,#12269);
#12268 = CARTESIAN_POINT('',(14.0080078125,-1.31640625,0.));
#12269 = VECTOR('',#12270,1.);
#12270 = DIRECTION('',(0.,1.224646799147E-16,1.));
#12271 = PCURVE('',#4987,#12272);
#12272 = DEFINITIONAL_REPRESENTATION('',(#12273),#12277);
#12273 = LINE('',#12274,#12275);
#12274 = CARTESIAN_POINT('',(0.,0.));
#12275 = VECTOR('',#12276,1.);
#12276 = DIRECTION('',(0.,-1.));
#12277 = ( GEOMETRIC_REPRESENTATION_CONTEXT(2) 
PARAMETRIC_REPRESENTATION_CONTEXT() REPRESENTATION_CONTEXT('2D SPACE',''
  ) );
#12278 = PCURVE('',#4957,#12279);
#12279 = DEFINITIONAL_REPRESENTATION('',(#12280),#12284);
#12280 = LINE('',#12281,#12282);
#12281 = CARTESIAN_POINT('',(1.,0.));
#12282 = VECTOR('',#12283,1.);
#12283 = DIRECTION('',(0.,-1.));
#12284 = ( GEOMETRIC_REPRESENTATION_CONTEXT(2) 
PARAMETRIC_REPRESENTATION_CONTEXT() REPRESENTATION_CONTEXT('2D SPACE',''
  ) );
#12285 = ORIENTED_EDGE('',*,*,#12286,.T.);
#12286 = EDGE_CURVE('',#12264,#12215,#12287,.T.);
#12287 = SURFACE_CURVE('',#12288,(#12292,#12299),.PCURVE_S1.);
#12288 = B_SPLINE_CURVE_WITH_KNOTS('',2,(#12289,#12290,#12291),
  .UNSPECIFIED.,.F.,.F.,(3,3),(0.,1.),.PIECEWISE_BEZIER_KNOTS.);
#12289 = CARTESIAN_POINT('',(14.0080078125,-1.31640625,0.5));
#12290 = CARTESIAN_POINT('',(14.0080078125,-1.54296875,0.5));
#12291 = CARTESIAN_POINT('',(14.1212890625,-1.677734375,0.5));
#12292 = PCURVE('',#4987,#12293);
#12293 = DEFINITIONAL_REPRESENTATION('',(#12294),#12298);
#12294 = LINE('',#12295,#12296);
#12295 = CARTESIAN_POINT('',(0.,-0.5));
#12296 = VECTOR('',#12297,1.);
#12297 = DIRECTION('',(1.,0.));
#12298 = ( GEOMETRIC_REPRESENTATION_CONTEXT(2) 
PARAMETRIC_REPRESENTATION_CONTEXT() REPRESENTATION_CONTEXT('2D SPACE',''
  ) );
#12299 = PCURVE('',#12030,#12300);
#12300 = DEFINITIONAL_REPRESENTATION('',(#12301),#12305);
#12301 = B_SPLINE_CURVE_WITH_KNOTS('',2,(#12302,#12303,#12304),
  .UNSPECIFIED.,.F.,.F.,(3,3),(0.,1.),.PIECEWISE_BEZIER_KNOTS.);
#12302 = CARTESIAN_POINT('',(0.568359375,1.484375));
#12303 = CARTESIAN_POINT('',(0.794921875,1.484375));
#12304 = CARTESIAN_POINT('',(0.9296875,1.37109375));
#12305 = ( GEOMETRIC_REPRESENTATION_CONTEXT(2) 
PARAMETRIC_REPRESENTATION_CONTEXT() REPRESENTATION_CONTEXT('2D SPACE',''
  ) );
#12306 = ORIENTED_EDGE('',*,*,#12214,.F.);
#12307 = ORIENTED_EDGE('',*,*,#4971,.F.);
#12308 = ADVANCED_FACE('',(#12309),#4957,.T.);
#12309 = FACE_BOUND('',#12310,.T.);
#12310 = EDGE_LOOP('',(#12311,#12334,#12355,#12356));
#12311 = ORIENTED_EDGE('',*,*,#12312,.T.);
#12312 = EDGE_CURVE('',#4912,#12313,#12315,.T.);
#12313 = VERTEX_POINT('',#12314);
#12314 = CARTESIAN_POINT('',(14.032421875,-1.126953125,0.5));
#12315 = SURFACE_CURVE('',#12316,(#12320,#12327),.PCURVE_S1.);
#12316 = LINE('',#12317,#12318);
#12317 = CARTESIAN_POINT('',(14.032421875,-1.126953125,0.));
#12318 = VECTOR('',#12319,1.);
#12319 = DIRECTION('',(0.,1.224646799147E-16,1.));
#12320 = PCURVE('',#4957,#12321);
#12321 = DEFINITIONAL_REPRESENTATION('',(#12322),#12326);
#12322 = LINE('',#12323,#12324);
#12323 = CARTESIAN_POINT('',(0.,0.));
#12324 = VECTOR('',#12325,1.);
#12325 = DIRECTION('',(0.,-1.));
#12326 = ( GEOMETRIC_REPRESENTATION_CONTEXT(2) 
PARAMETRIC_REPRESENTATION_CONTEXT() REPRESENTATION_CONTEXT('2D SPACE',''
  ) );
#12327 = PCURVE('',#4927,#12328);
#12328 = DEFINITIONAL_REPRESENTATION('',(#12329),#12333);
#12329 = LINE('',#12330,#12331);
#12330 = CARTESIAN_POINT('',(1.,0.));
#12331 = VECTOR('',#12332,1.);
#12332 = DIRECTION('',(0.,-1.));
#12333 = ( GEOMETRIC_REPRESENTATION_CONTEXT(2) 
PARAMETRIC_REPRESENTATION_CONTEXT() REPRESENTATION_CONTEXT('2D SPACE',''
  ) );
#12334 = ORIENTED_EDGE('',*,*,#12335,.T.);
#12335 = EDGE_CURVE('',#12313,#12264,#12336,.T.);
#12336 = SURFACE_CURVE('',#12337,(#12341,#12348),.PCURVE_S1.);
#12337 = B_SPLINE_CURVE_WITH_KNOTS('',2,(#12338,#12339,#12340),
  .UNSPECIFIED.,.F.,.F.,(3,3),(0.,1.),.PIECEWISE_BEZIER_KNOTS.);
#12338 = CARTESIAN_POINT('',(14.032421875,-1.126953125,0.5));
#12339 = CARTESIAN_POINT('',(14.0080078125,-1.23046875,0.5));
#12340 = CARTESIAN_POINT('',(14.0080078125,-1.31640625,0.5));
#12341 = PCURVE('',#4957,#12342);
#12342 = DEFINITIONAL_REPRESENTATION('',(#12343),#12347);
#12343 = LINE('',#12344,#12345);
#12344 = CARTESIAN_POINT('',(0.,-0.5));
#12345 = VECTOR('',#12346,1.);
#12346 = DIRECTION('',(1.,0.));
#12347 = ( GEOMETRIC_REPRESENTATION_CONTEXT(2) 
PARAMETRIC_REPRESENTATION_CONTEXT() REPRESENTATION_CONTEXT('2D SPACE',''
  ) );
#12348 = PCURVE('',#12030,#12349);
#12349 = DEFINITIONAL_REPRESENTATION('',(#12350),#12354);
#12350 = B_SPLINE_CURVE_WITH_KNOTS('',2,(#12351,#12352,#12353),
  .UNSPECIFIED.,.F.,.F.,(3,3),(0.,1.),.PIECEWISE_BEZIER_KNOTS.);
#12351 = CARTESIAN_POINT('',(0.37890625,1.4599609375));
#12352 = CARTESIAN_POINT('',(0.482421875,1.484375));
#12353 = CARTESIAN_POINT('',(0.568359375,1.484375));
#12354 = ( GEOMETRIC_REPRESENTATION_CONTEXT(2) 
PARAMETRIC_REPRESENTATION_CONTEXT() REPRESENTATION_CONTEXT('2D SPACE',''
  ) );
#12355 = ORIENTED_EDGE('',*,*,#12263,.F.);
#12356 = ORIENTED_EDGE('',*,*,#4941,.F.);
#12357 = ADVANCED_FACE('',(#12358),#4927,.T.);
#12358 = FACE_BOUND('',#12359,.T.);
#12359 = EDGE_LOOP('',(#12360,#12383,#12404,#12405));
#12360 = ORIENTED_EDGE('',*,*,#12361,.T.);
#12361 = EDGE_CURVE('',#4884,#12362,#12364,.T.);
#12362 = VERTEX_POINT('',#12363);
#12363 = CARTESIAN_POINT('',(14.1046875,-0.904296875,0.5));
#12364 = SURFACE_CURVE('',#12365,(#12369,#12376),.PCURVE_S1.);
#12365 = LINE('',#12366,#12367);
#12366 = CARTESIAN_POINT('',(14.1046875,-0.904296875,0.));
#12367 = VECTOR('',#12368,1.);
#12368 = DIRECTION('',(0.,1.224646799147E-16,1.));
#12369 = PCURVE('',#4927,#12370);
#12370 = DEFINITIONAL_REPRESENTATION('',(#12371),#12375);
#12371 = LINE('',#12372,#12373);
#12372 = CARTESIAN_POINT('',(0.,0.));
#12373 = VECTOR('',#12374,1.);
#12374 = DIRECTION('',(0.,-1.));
#12375 = ( GEOMETRIC_REPRESENTATION_CONTEXT(2) 
PARAMETRIC_REPRESENTATION_CONTEXT() REPRESENTATION_CONTEXT('2D SPACE',''
  ) );
#12376 = PCURVE('',#4899,#12377);
#12377 = DEFINITIONAL_REPRESENTATION('',(#12378),#12382);
#12378 = LINE('',#12379,#12380);
#12379 = CARTESIAN_POINT('',(0.19921875,1.088767070534E-32));
#12380 = VECTOR('',#12381,1.);
#12381 = DIRECTION('',(0.,-1.));
#12382 = ( GEOMETRIC_REPRESENTATION_CONTEXT(2) 
PARAMETRIC_REPRESENTATION_CONTEXT() REPRESENTATION_CONTEXT('2D SPACE',''
  ) );
#12383 = ORIENTED_EDGE('',*,*,#12384,.T.);
#12384 = EDGE_CURVE('',#12362,#12313,#12385,.T.);
#12385 = SURFACE_CURVE('',#12386,(#12390,#12397),.PCURVE_S1.);
#12386 = B_SPLINE_CURVE_WITH_KNOTS('',2,(#12387,#12388,#12389),
  .UNSPECIFIED.,.F.,.F.,(3,3),(0.,1.),.PIECEWISE_BEZIER_KNOTS.);
#12387 = CARTESIAN_POINT('',(14.1046875,-0.904296875,0.5));
#12388 = CARTESIAN_POINT('',(14.0568359375,-1.0234375,0.5));
#12389 = CARTESIAN_POINT('',(14.032421875,-1.126953125,0.5));
#12390 = PCURVE('',#4927,#12391);
#12391 = DEFINITIONAL_REPRESENTATION('',(#12392),#12396);
#12392 = LINE('',#12393,#12394);
#12393 = CARTESIAN_POINT('',(0.,-0.5));
#12394 = VECTOR('',#12395,1.);
#12395 = DIRECTION('',(1.,0.));
#12396 = ( GEOMETRIC_REPRESENTATION_CONTEXT(2) 
PARAMETRIC_REPRESENTATION_CONTEXT() REPRESENTATION_CONTEXT('2D SPACE',''
  ) );
#12397 = PCURVE('',#12030,#12398);
#12398 = DEFINITIONAL_REPRESENTATION('',(#12399),#12403);
#12399 = B_SPLINE_CURVE_WITH_KNOTS('',2,(#12400,#12401,#12402),
  .UNSPECIFIED.,.F.,.F.,(3,3),(0.,1.),.PIECEWISE_BEZIER_KNOTS.);
#12400 = CARTESIAN_POINT('',(0.15625,1.3876953125));
#12401 = CARTESIAN_POINT('',(0.275390625,1.435546875));
#12402 = CARTESIAN_POINT('',(0.37890625,1.4599609375));
#12403 = ( GEOMETRIC_REPRESENTATION_CONTEXT(2) 
PARAMETRIC_REPRESENTATION_CONTEXT() REPRESENTATION_CONTEXT('2D SPACE',''
  ) );
#12404 = ORIENTED_EDGE('',*,*,#12312,.F.);
#12405 = ORIENTED_EDGE('',*,*,#4911,.F.);
#12406 = ADVANCED_FACE('',(#12407),#4899,.T.);
#12407 = FACE_BOUND('',#12408,.T.);
#12408 = EDGE_LOOP('',(#12409,#12432,#12453,#12454));
#12409 = ORIENTED_EDGE('',*,*,#12410,.T.);
#12410 = EDGE_CURVE('',#4854,#12411,#12413,.T.);
#12411 = VERTEX_POINT('',#12412);
#12412 = CARTESIAN_POINT('',(14.30390625,-0.904296875,0.5));
#12413 = SURFACE_CURVE('',#12414,(#12418,#12425),.PCURVE_S1.);
#12414 = LINE('',#12415,#12416);
#12415 = CARTESIAN_POINT('',(14.30390625,-0.904296875,0.));
#12416 = VECTOR('',#12417,1.);
#12417 = DIRECTION('',(0.,1.224646799147E-16,1.));
#12418 = PCURVE('',#4899,#12419);
#12419 = DEFINITIONAL_REPRESENTATION('',(#12420),#12424);
#12420 = LINE('',#12421,#12422);
#12421 = CARTESIAN_POINT('',(0.,0.));
#12422 = VECTOR('',#12423,1.);
#12423 = DIRECTION('',(0.,-1.));
#12424 = ( GEOMETRIC_REPRESENTATION_CONTEXT(2) 
PARAMETRIC_REPRESENTATION_CONTEXT() REPRESENTATION_CONTEXT('2D SPACE',''
  ) );
#12425 = PCURVE('',#4869,#12426);
#12426 = DEFINITIONAL_REPRESENTATION('',(#12427),#12431);
#12427 = LINE('',#12428,#12429);
#12428 = CARTESIAN_POINT('',(1.,0.));
#12429 = VECTOR('',#12430,1.);
#12430 = DIRECTION('',(0.,-1.));
#12431 = ( GEOMETRIC_REPRESENTATION_CONTEXT(2) 
PARAMETRIC_REPRESENTATION_CONTEXT() REPRESENTATION_CONTEXT('2D SPACE',''
  ) );
#12432 = ORIENTED_EDGE('',*,*,#12433,.T.);
#12433 = EDGE_CURVE('',#12411,#12362,#12434,.T.);
#12434 = SURFACE_CURVE('',#12435,(#12439,#12446),.PCURVE_S1.);
#12435 = LINE('',#12436,#12437);
#12436 = CARTESIAN_POINT('',(14.30390625,-0.904296875,0.5));
#12437 = VECTOR('',#12438,1.);
#12438 = DIRECTION('',(-1.,-1.110223024625E-16,1.359631073447E-32));
#12439 = PCURVE('',#4899,#12440);
#12440 = DEFINITIONAL_REPRESENTATION('',(#12441),#12445);
#12441 = LINE('',#12442,#12443);
#12442 = CARTESIAN_POINT('',(-5.527796276844E-33,-0.5));
#12443 = VECTOR('',#12444,1.);
#12444 = DIRECTION('',(1.,0.));
#12445 = ( GEOMETRIC_REPRESENTATION_CONTEXT(2) 
PARAMETRIC_REPRESENTATION_CONTEXT() REPRESENTATION_CONTEXT('2D SPACE',''
  ) );
#12446 = PCURVE('',#12030,#12447);
#12447 = DEFINITIONAL_REPRESENTATION('',(#12448),#12452);
#12448 = LINE('',#12449,#12450);
#12449 = CARTESIAN_POINT('',(0.15625,1.1884765625));
#12450 = VECTOR('',#12451,1.);
#12451 = DIRECTION('',(1.665067842118E-48,1.));
#12452 = ( GEOMETRIC_REPRESENTATION_CONTEXT(2) 
PARAMETRIC_REPRESENTATION_CONTEXT() REPRESENTATION_CONTEXT('2D SPACE',''
  ) );
#12453 = ORIENTED_EDGE('',*,*,#12361,.F.);
#12454 = ORIENTED_EDGE('',*,*,#4883,.F.);
#12455 = ADVANCED_FACE('',(#12456),#4869,.T.);
#12456 = FACE_BOUND('',#12457,.T.);
#12457 = EDGE_LOOP('',(#12458,#12481,#12502,#12503));
#12458 = ORIENTED_EDGE('',*,*,#12459,.T.);
#12459 = EDGE_CURVE('',#4824,#12460,#12462,.T.);
#12460 = VERTEX_POINT('',#12461);
#12461 = CARTESIAN_POINT('',(14.20625,-1.12451171875,0.5));
#12462 = SURFACE_CURVE('',#12463,(#12467,#12474),.PCURVE_S1.);
#12463 = LINE('',#12464,#12465);
#12464 = CARTESIAN_POINT('',(14.20625,-1.12451171875,0.));
#12465 = VECTOR('',#12466,1.);
#12466 = DIRECTION('',(0.,1.224646799147E-16,1.));
#12467 = PCURVE('',#4869,#12468);
#12468 = DEFINITIONAL_REPRESENTATION('',(#12469),#12473);
#12469 = LINE('',#12470,#12471);
#12470 = CARTESIAN_POINT('',(0.,0.));
#12471 = VECTOR('',#12472,1.);
#12472 = DIRECTION('',(0.,-1.));
#12473 = ( GEOMETRIC_REPRESENTATION_CONTEXT(2) 
PARAMETRIC_REPRESENTATION_CONTEXT() REPRESENTATION_CONTEXT('2D SPACE',''
  ) );
#12474 = PCURVE('',#4839,#12475);
#12475 = DEFINITIONAL_REPRESENTATION('',(#12476),#12480);
#12476 = LINE('',#12477,#12478);
#12477 = CARTESIAN_POINT('',(1.,0.));
#12478 = VECTOR('',#12479,1.);
#12479 = DIRECTION('',(0.,-1.));
#12480 = ( GEOMETRIC_REPRESENTATION_CONTEXT(2) 
PARAMETRIC_REPRESENTATION_CONTEXT() REPRESENTATION_CONTEXT('2D SPACE',''
  ) );
#12481 = ORIENTED_EDGE('',*,*,#12482,.T.);
#12482 = EDGE_CURVE('',#12460,#12411,#12483,.T.);
#12483 = SURFACE_CURVE('',#12484,(#12488,#12495),.PCURVE_S1.);
#12484 = B_SPLINE_CURVE_WITH_KNOTS('',2,(#12485,#12486,#12487),
  .UNSPECIFIED.,.F.,.F.,(3,3),(0.,1.),.PIECEWISE_BEZIER_KNOTS.);
#12485 = CARTESIAN_POINT('',(14.20625,-1.12451171875,0.5));
#12486 = CARTESIAN_POINT('',(14.2384765625,-1.021484375,0.5));
#12487 = CARTESIAN_POINT('',(14.30390625,-0.904296875,0.5));
#12488 = PCURVE('',#4869,#12489);
#12489 = DEFINITIONAL_REPRESENTATION('',(#12490),#12494);
#12490 = LINE('',#12491,#12492);
#12491 = CARTESIAN_POINT('',(0.,-0.5));
#12492 = VECTOR('',#12493,1.);
#12493 = DIRECTION('',(1.,0.));
#12494 = ( GEOMETRIC_REPRESENTATION_CONTEXT(2) 
PARAMETRIC_REPRESENTATION_CONTEXT() REPRESENTATION_CONTEXT('2D SPACE',''
  ) );
#12495 = PCURVE('',#12030,#12496);
#12496 = DEFINITIONAL_REPRESENTATION('',(#12497),#12501);
#12497 = B_SPLINE_CURVE_WITH_KNOTS('',2,(#12498,#12499,#12500),
  .UNSPECIFIED.,.F.,.F.,(3,3),(0.,1.),.PIECEWISE_BEZIER_KNOTS.);
#12498 = CARTESIAN_POINT('',(0.37646484375,1.2861328125));
#12499 = CARTESIAN_POINT('',(0.2734375,1.25390625));
#12500 = CARTESIAN_POINT('',(0.15625,1.1884765625));
#12501 = ( GEOMETRIC_REPRESENTATION_CONTEXT(2) 
PARAMETRIC_REPRESENTATION_CONTEXT() REPRESENTATION_CONTEXT('2D SPACE',''
  ) );
#12502 = ORIENTED_EDGE('',*,*,#12410,.F.);
#12503 = ORIENTED_EDGE('',*,*,#4853,.F.);
#12504 = ADVANCED_FACE('',(#12505),#4839,.T.);
#12505 = FACE_BOUND('',#12506,.T.);
#12506 = EDGE_LOOP('',(#12507,#12530,#12551,#12552));
#12507 = ORIENTED_EDGE('',*,*,#12508,.T.);
#12508 = EDGE_CURVE('',#4794,#12509,#12511,.T.);
#12509 = VERTEX_POINT('',#12510);
#12510 = CARTESIAN_POINT('',(14.1740234375,-1.3203125,0.5));
#12511 = SURFACE_CURVE('',#12512,(#12516,#12523),.PCURVE_S1.);
#12512 = LINE('',#12513,#12514);
#12513 = CARTESIAN_POINT('',(14.1740234375,-1.3203125,0.));
#12514 = VECTOR('',#12515,1.);
#12515 = DIRECTION('',(0.,1.224646799147E-16,1.));
#12516 = PCURVE('',#4839,#12517);
#12517 = DEFINITIONAL_REPRESENTATION('',(#12518),#12522);
#12518 = LINE('',#12519,#12520);
#12519 = CARTESIAN_POINT('',(0.,0.));
#12520 = VECTOR('',#12521,1.);
#12521 = DIRECTION('',(0.,-1.));
#12522 = ( GEOMETRIC_REPRESENTATION_CONTEXT(2) 
PARAMETRIC_REPRESENTATION_CONTEXT() REPRESENTATION_CONTEXT('2D SPACE',''
  ) );
#12523 = PCURVE('',#4809,#12524);
#12524 = DEFINITIONAL_REPRESENTATION('',(#12525),#12529);
#12525 = LINE('',#12526,#12527);
#12526 = CARTESIAN_POINT('',(1.,0.));
#12527 = VECTOR('',#12528,1.);
#12528 = DIRECTION('',(0.,-1.));
#12529 = ( GEOMETRIC_REPRESENTATION_CONTEXT(2) 
PARAMETRIC_REPRESENTATION_CONTEXT() REPRESENTATION_CONTEXT('2D SPACE',''
  ) );
#12530 = ORIENTED_EDGE('',*,*,#12531,.T.);
#12531 = EDGE_CURVE('',#12509,#12460,#12532,.T.);
#12532 = SURFACE_CURVE('',#12533,(#12537,#12544),.PCURVE_S1.);
#12533 = B_SPLINE_CURVE_WITH_KNOTS('',2,(#12534,#12535,#12536),
  .UNSPECIFIED.,.F.,.F.,(3,3),(0.,1.),.PIECEWISE_BEZIER_KNOTS.);
#12534 = CARTESIAN_POINT('',(14.1740234375,-1.3203125,0.5));
#12535 = CARTESIAN_POINT('',(14.1740234375,-1.2275390625,0.5));
#12536 = CARTESIAN_POINT('',(14.20625,-1.12451171875,0.5));
#12537 = PCURVE('',#4839,#12538);
#12538 = DEFINITIONAL_REPRESENTATION('',(#12539),#12543);
#12539 = LINE('',#12540,#12541);
#12540 = CARTESIAN_POINT('',(0.,-0.5));
#12541 = VECTOR('',#12542,1.);
#12542 = DIRECTION('',(1.,0.));
#12543 = ( GEOMETRIC_REPRESENTATION_CONTEXT(2) 
PARAMETRIC_REPRESENTATION_CONTEXT() REPRESENTATION_CONTEXT('2D SPACE',''
  ) );
#12544 = PCURVE('',#12030,#12545);
#12545 = DEFINITIONAL_REPRESENTATION('',(#12546),#12550);
#12546 = B_SPLINE_CURVE_WITH_KNOTS('',2,(#12547,#12548,#12549),
  .UNSPECIFIED.,.F.,.F.,(3,3),(0.,1.),.PIECEWISE_BEZIER_KNOTS.);
#12547 = CARTESIAN_POINT('',(0.572265625,1.318359375));
#12548 = CARTESIAN_POINT('',(0.4794921875,1.318359375));
#12549 = CARTESIAN_POINT('',(0.37646484375,1.2861328125));
#12550 = ( GEOMETRIC_REPRESENTATION_CONTEXT(2) 
PARAMETRIC_REPRESENTATION_CONTEXT() REPRESENTATION_CONTEXT('2D SPACE',''
  ) );
#12551 = ORIENTED_EDGE('',*,*,#12459,.F.);
#12552 = ORIENTED_EDGE('',*,*,#4823,.F.);
#12553 = ADVANCED_FACE('',(#12554),#4809,.T.);
#12554 = FACE_BOUND('',#12555,.T.);
#12555 = EDGE_LOOP('',(#12556,#12579,#12600,#12601));
#12556 = ORIENTED_EDGE('',*,*,#12557,.T.);
#12557 = EDGE_CURVE('',#4764,#12558,#12560,.T.);
#12558 = VERTEX_POINT('',#12559);
#12559 = CARTESIAN_POINT('',(14.247265625,-1.53271484375,0.5));
#12560 = SURFACE_CURVE('',#12561,(#12565,#12572),.PCURVE_S1.);
#12561 = LINE('',#12562,#12563);
#12562 = CARTESIAN_POINT('',(14.247265625,-1.53271484375,0.));
#12563 = VECTOR('',#12564,1.);
#12564 = DIRECTION('',(0.,1.224646799147E-16,1.));
#12565 = PCURVE('',#4809,#12566);
#12566 = DEFINITIONAL_REPRESENTATION('',(#12567),#12571);
#12567 = LINE('',#12568,#12569);
#12568 = CARTESIAN_POINT('',(0.,0.));
#12569 = VECTOR('',#12570,1.);
#12570 = DIRECTION('',(0.,-1.));
#12571 = ( GEOMETRIC_REPRESENTATION_CONTEXT(2) 
PARAMETRIC_REPRESENTATION_CONTEXT() REPRESENTATION_CONTEXT('2D SPACE',''
  ) );
#12572 = PCURVE('',#4779,#12573);
#12573 = DEFINITIONAL_REPRESENTATION('',(#12574),#12578);
#12574 = LINE('',#12575,#12576);
#12575 = CARTESIAN_POINT('',(1.,0.));
#12576 = VECTOR('',#12577,1.);
#12577 = DIRECTION('',(0.,-1.));
#12578 = ( GEOMETRIC_REPRESENTATION_CONTEXT(2) 
PARAMETRIC_REPRESENTATION_CONTEXT() REPRESENTATION_CONTEXT('2D SPACE',''
  ) );
#12579 = ORIENTED_EDGE('',*,*,#12580,.T.);
#12580 = EDGE_CURVE('',#12558,#12509,#12581,.T.);
#12581 = SURFACE_CURVE('',#12582,(#12586,#12593),.PCURVE_S1.);
#12582 = B_SPLINE_CURVE_WITH_KNOTS('',2,(#12583,#12584,#12585),
  .UNSPECIFIED.,.F.,.F.,(3,3),(0.,1.),.PIECEWISE_BEZIER_KNOTS.);
#12583 = CARTESIAN_POINT('',(14.247265625,-1.53271484375,0.5));
#12584 = CARTESIAN_POINT('',(14.1740234375,-1.451171875,0.5));
#12585 = CARTESIAN_POINT('',(14.1740234375,-1.3203125,0.5));
#12586 = PCURVE('',#4809,#12587);
#12587 = DEFINITIONAL_REPRESENTATION('',(#12588),#12592);
#12588 = LINE('',#12589,#12590);
#12589 = CARTESIAN_POINT('',(0.,-0.5));
#12590 = VECTOR('',#12591,1.);
#12591 = DIRECTION('',(1.,0.));
#12592 = ( GEOMETRIC_REPRESENTATION_CONTEXT(2) 
PARAMETRIC_REPRESENTATION_CONTEXT() REPRESENTATION_CONTEXT('2D SPACE',''
  ) );
#12593 = PCURVE('',#12030,#12594);
#12594 = DEFINITIONAL_REPRESENTATION('',(#12595),#12599);
#12595 = B_SPLINE_CURVE_WITH_KNOTS('',2,(#12596,#12597,#12598),
  .UNSPECIFIED.,.F.,.F.,(3,3),(0.,1.),.PIECEWISE_BEZIER_KNOTS.);
#12596 = CARTESIAN_POINT('',(0.78466796875,1.2451171875));
#12597 = CARTESIAN_POINT('',(0.703125,1.318359375));
#12598 = CARTESIAN_POINT('',(0.572265625,1.318359375));
#12599 = ( GEOMETRIC_REPRESENTATION_CONTEXT(2) 
PARAMETRIC_REPRESENTATION_CONTEXT() REPRESENTATION_CONTEXT('2D SPACE',''
  ) );
#12600 = ORIENTED_EDGE('',*,*,#12508,.F.);
#12601 = ORIENTED_EDGE('',*,*,#4793,.F.);
#12602 = ADVANCED_FACE('',(#12603),#4779,.T.);
#12603 = FACE_BOUND('',#12604,.T.);
#12604 = EDGE_LOOP('',(#12605,#12628,#12649,#12650));
#12605 = ORIENTED_EDGE('',*,*,#12606,.T.);
#12606 = EDGE_CURVE('',#4734,#12607,#12609,.T.);
#12607 = VERTEX_POINT('',#12608);
#12608 = CARTESIAN_POINT('',(14.43671875,-1.6142578125,0.5));
#12609 = SURFACE_CURVE('',#12610,(#12614,#12621),.PCURVE_S1.);
#12610 = LINE('',#12611,#12612);
#12611 = CARTESIAN_POINT('',(14.43671875,-1.6142578125,0.));
#12612 = VECTOR('',#12613,1.);
#12613 = DIRECTION('',(0.,1.224646799147E-16,1.));
#12614 = PCURVE('',#4779,#12615);
#12615 = DEFINITIONAL_REPRESENTATION('',(#12616),#12620);
#12616 = LINE('',#12617,#12618);
#12617 = CARTESIAN_POINT('',(0.,0.));
#12618 = VECTOR('',#12619,1.);
#12619 = DIRECTION('',(0.,-1.));
#12620 = ( GEOMETRIC_REPRESENTATION_CONTEXT(2) 
PARAMETRIC_REPRESENTATION_CONTEXT() REPRESENTATION_CONTEXT('2D SPACE',''
  ) );
#12621 = PCURVE('',#4749,#12622);
#12622 = DEFINITIONAL_REPRESENTATION('',(#12623),#12627);
#12623 = LINE('',#12624,#12625);
#12624 = CARTESIAN_POINT('',(1.,0.));
#12625 = VECTOR('',#12626,1.);
#12626 = DIRECTION('',(0.,-1.));
#12627 = ( GEOMETRIC_REPRESENTATION_CONTEXT(2) 
PARAMETRIC_REPRESENTATION_CONTEXT() REPRESENTATION_CONTEXT('2D SPACE',''
  ) );
#12628 = ORIENTED_EDGE('',*,*,#12629,.T.);
#12629 = EDGE_CURVE('',#12607,#12558,#12630,.T.);
#12630 = SURFACE_CURVE('',#12631,(#12635,#12642),.PCURVE_S1.);
#12631 = B_SPLINE_CURVE_WITH_KNOTS('',2,(#12632,#12633,#12634),
  .UNSPECIFIED.,.F.,.F.,(3,3),(0.,1.),.PIECEWISE_BEZIER_KNOTS.);
#12632 = CARTESIAN_POINT('',(14.43671875,-1.6142578125,0.5));
#12633 = CARTESIAN_POINT('',(14.3205078125,-1.6142578125,0.5));
#12634 = CARTESIAN_POINT('',(14.247265625,-1.53271484375,0.5));
#12635 = PCURVE('',#4779,#12636);
#12636 = DEFINITIONAL_REPRESENTATION('',(#12637),#12641);
#12637 = LINE('',#12638,#12639);
#12638 = CARTESIAN_POINT('',(0.,-0.5));
#12639 = VECTOR('',#12640,1.);
#12640 = DIRECTION('',(1.,0.));
#12641 = ( GEOMETRIC_REPRESENTATION_CONTEXT(2) 
PARAMETRIC_REPRESENTATION_CONTEXT() REPRESENTATION_CONTEXT('2D SPACE',''
  ) );
#12642 = PCURVE('',#12030,#12643);
#12643 = DEFINITIONAL_REPRESENTATION('',(#12644),#12648);
#12644 = B_SPLINE_CURVE_WITH_KNOTS('',2,(#12645,#12646,#12647),
  .UNSPECIFIED.,.F.,.F.,(3,3),(0.,1.),.PIECEWISE_BEZIER_KNOTS.);
#12645 = CARTESIAN_POINT('',(0.8662109375,1.0556640625));
#12646 = CARTESIAN_POINT('',(0.8662109375,1.171875));
#12647 = CARTESIAN_POINT('',(0.78466796875,1.2451171875));
#12648 = ( GEOMETRIC_REPRESENTATION_CONTEXT(2) 
PARAMETRIC_REPRESENTATION_CONTEXT() REPRESENTATION_CONTEXT('2D SPACE',''
  ) );
#12649 = ORIENTED_EDGE('',*,*,#12557,.F.);
#12650 = ORIENTED_EDGE('',*,*,#4763,.F.);
#12651 = ADVANCED_FACE('',(#12652),#4749,.T.);
#12652 = FACE_BOUND('',#12653,.T.);
#12653 = EDGE_LOOP('',(#12654,#12677,#12698,#12699));
#12654 = ORIENTED_EDGE('',*,*,#12655,.T.);
#12655 = EDGE_CURVE('',#4704,#12656,#12658,.T.);
#12656 = VERTEX_POINT('',#12657);
#12657 = CARTESIAN_POINT('',(14.58173828125,-1.57666015625,0.5));
#12658 = SURFACE_CURVE('',#12659,(#12663,#12670),.PCURVE_S1.);
#12659 = LINE('',#12660,#12661);
#12660 = CARTESIAN_POINT('',(14.58173828125,-1.57666015625,0.));
#12661 = VECTOR('',#12662,1.);
#12662 = DIRECTION('',(0.,1.224646799147E-16,1.));
#12663 = PCURVE('',#4749,#12664);
#12664 = DEFINITIONAL_REPRESENTATION('',(#12665),#12669);
#12665 = LINE('',#12666,#12667);
#12666 = CARTESIAN_POINT('',(0.,0.));
#12667 = VECTOR('',#12668,1.);
#12668 = DIRECTION('',(0.,-1.));
#12669 = ( GEOMETRIC_REPRESENTATION_CONTEXT(2) 
PARAMETRIC_REPRESENTATION_CONTEXT() REPRESENTATION_CONTEXT('2D SPACE',''
  ) );
#12670 = PCURVE('',#4719,#12671);
#12671 = DEFINITIONAL_REPRESENTATION('',(#12672),#12676);
#12672 = LINE('',#12673,#12674);
#12673 = CARTESIAN_POINT('',(1.,0.));
#12674 = VECTOR('',#12675,1.);
#12675 = DIRECTION('',(0.,-1.));
#12676 = ( GEOMETRIC_REPRESENTATION_CONTEXT(2) 
PARAMETRIC_REPRESENTATION_CONTEXT() REPRESENTATION_CONTEXT('2D SPACE',''
  ) );
#12677 = ORIENTED_EDGE('',*,*,#12678,.T.);
#12678 = EDGE_CURVE('',#12656,#12607,#12679,.T.);
#12679 = SURFACE_CURVE('',#12680,(#12684,#12691),.PCURVE_S1.);
#12680 = B_SPLINE_CURVE_WITH_KNOTS('',2,(#12681,#12682,#12683),
  .UNSPECIFIED.,.F.,.F.,(3,3),(0.,1.),.PIECEWISE_BEZIER_KNOTS.);
#12681 = CARTESIAN_POINT('',(14.58173828125,-1.57666015625,0.5));
#12682 = CARTESIAN_POINT('',(14.5080078125,-1.6142578125,0.5));
#12683 = CARTESIAN_POINT('',(14.43671875,-1.6142578125,0.5));
#12684 = PCURVE('',#4749,#12685);
#12685 = DEFINITIONAL_REPRESENTATION('',(#12686),#12690);
#12686 = LINE('',#12687,#12688);
#12687 = CARTESIAN_POINT('',(0.,-0.5));
#12688 = VECTOR('',#12689,1.);
#12689 = DIRECTION('',(1.,0.));
#12690 = ( GEOMETRIC_REPRESENTATION_CONTEXT(2) 
PARAMETRIC_REPRESENTATION_CONTEXT() REPRESENTATION_CONTEXT('2D SPACE',''
  ) );
#12691 = PCURVE('',#12030,#12692);
#12692 = DEFINITIONAL_REPRESENTATION('',(#12693),#12697);
#12693 = B_SPLINE_CURVE_WITH_KNOTS('',2,(#12694,#12695,#12696),
  .UNSPECIFIED.,.F.,.F.,(3,3),(0.,1.),.PIECEWISE_BEZIER_KNOTS.);
#12694 = CARTESIAN_POINT('',(0.82861328125,0.91064453125));
#12695 = CARTESIAN_POINT('',(0.8662109375,0.984375));
#12696 = CARTESIAN_POINT('',(0.8662109375,1.0556640625));
#12697 = ( GEOMETRIC_REPRESENTATION_CONTEXT(2) 
PARAMETRIC_REPRESENTATION_CONTEXT() REPRESENTATION_CONTEXT('2D SPACE',''
  ) );
#12698 = ORIENTED_EDGE('',*,*,#12606,.F.);
#12699 = ORIENTED_EDGE('',*,*,#4733,.F.);
#12700 = ADVANCED_FACE('',(#12701),#4719,.T.);
#12701 = FACE_BOUND('',#12702,.T.);
#12702 = EDGE_LOOP('',(#12703,#12726,#12747,#12748));
#12703 = ORIENTED_EDGE('',*,*,#12704,.T.);
#12704 = EDGE_CURVE('',#4674,#12705,#12707,.T.);
#12705 = VERTEX_POINT('',#12706);
#12706 = CARTESIAN_POINT('',(14.7619140625,-1.4443359375,0.5));
#12707 = SURFACE_CURVE('',#12708,(#12712,#12719),.PCURVE_S1.);
#12708 = LINE('',#12709,#12710);
#12709 = CARTESIAN_POINT('',(14.7619140625,-1.4443359375,0.));
#12710 = VECTOR('',#12711,1.);
#12711 = DIRECTION('',(0.,1.224646799147E-16,1.));
#12712 = PCURVE('',#4719,#12713);
#12713 = DEFINITIONAL_REPRESENTATION('',(#12714),#12718);
#12714 = LINE('',#12715,#12716);
#12715 = CARTESIAN_POINT('',(0.,0.));
#12716 = VECTOR('',#12717,1.);
#12717 = DIRECTION('',(0.,-1.));
#12718 = ( GEOMETRIC_REPRESENTATION_CONTEXT(2) 
PARAMETRIC_REPRESENTATION_CONTEXT() REPRESENTATION_CONTEXT('2D SPACE',''
  ) );
#12719 = PCURVE('',#4689,#12720);
#12720 = DEFINITIONAL_REPRESENTATION('',(#12721),#12725);
#12721 = LINE('',#12722,#12723);
#12722 = CARTESIAN_POINT('',(1.,0.));
#12723 = VECTOR('',#12724,1.);
#12724 = DIRECTION('',(0.,-1.));
#12725 = ( GEOMETRIC_REPRESENTATION_CONTEXT(2) 
PARAMETRIC_REPRESENTATION_CONTEXT() REPRESENTATION_CONTEXT('2D SPACE',''
  ) );
#12726 = ORIENTED_EDGE('',*,*,#12727,.T.);
#12727 = EDGE_CURVE('',#12705,#12656,#12728,.T.);
#12728 = SURFACE_CURVE('',#12729,(#12733,#12740),.PCURVE_S1.);
#12729 = B_SPLINE_CURVE_WITH_KNOTS('',2,(#12730,#12731,#12732),
  .UNSPECIFIED.,.F.,.F.,(3,3),(0.,1.),.PIECEWISE_BEZIER_KNOTS.);
#12730 = CARTESIAN_POINT('',(14.7619140625,-1.4443359375,0.5));
#12731 = CARTESIAN_POINT('',(14.65546875,-1.5390625,0.5));
#12732 = CARTESIAN_POINT('',(14.58173828125,-1.57666015625,0.5));
#12733 = PCURVE('',#4719,#12734);
#12734 = DEFINITIONAL_REPRESENTATION('',(#12735),#12739);
#12735 = LINE('',#12736,#12737);
#12736 = CARTESIAN_POINT('',(0.,-0.5));
#12737 = VECTOR('',#12738,1.);
#12738 = DIRECTION('',(1.,0.));
#12739 = ( GEOMETRIC_REPRESENTATION_CONTEXT(2) 
PARAMETRIC_REPRESENTATION_CONTEXT() REPRESENTATION_CONTEXT('2D SPACE',''
  ) );
#12740 = PCURVE('',#12030,#12741);
#12741 = DEFINITIONAL_REPRESENTATION('',(#12742),#12746);
#12742 = B_SPLINE_CURVE_WITH_KNOTS('',2,(#12743,#12744,#12745),
  .UNSPECIFIED.,.F.,.F.,(3,3),(0.,1.),.PIECEWISE_BEZIER_KNOTS.);
#12743 = CARTESIAN_POINT('',(0.6962890625,0.73046875));
#12744 = CARTESIAN_POINT('',(0.791015625,0.8369140625));
#12745 = CARTESIAN_POINT('',(0.82861328125,0.91064453125));
#12746 = ( GEOMETRIC_REPRESENTATION_CONTEXT(2) 
PARAMETRIC_REPRESENTATION_CONTEXT() REPRESENTATION_CONTEXT('2D SPACE',''
  ) );
#12747 = ORIENTED_EDGE('',*,*,#12655,.F.);
#12748 = ORIENTED_EDGE('',*,*,#4703,.F.);
#12749 = ADVANCED_FACE('',(#12750),#4689,.T.);
#12750 = FACE_BOUND('',#12751,.T.);
#12751 = EDGE_LOOP('',(#12752,#12775,#12796,#12797));
#12752 = ORIENTED_EDGE('',*,*,#12753,.T.);
#12753 = EDGE_CURVE('',#4644,#12754,#12756,.T.);
#12754 = VERTEX_POINT('',#12755);
#12755 = CARTESIAN_POINT('',(15.01435546875,-1.20068359375,0.5));
#12756 = SURFACE_CURVE('',#12757,(#12761,#12768),.PCURVE_S1.);
#12757 = LINE('',#12758,#12759);
#12758 = CARTESIAN_POINT('',(15.01435546875,-1.20068359375,0.));
#12759 = VECTOR('',#12760,1.);
#12760 = DIRECTION('',(0.,1.224646799147E-16,1.));
#12761 = PCURVE('',#4689,#12762);
#12762 = DEFINITIONAL_REPRESENTATION('',(#12763),#12767);
#12763 = LINE('',#12764,#12765);
#12764 = CARTESIAN_POINT('',(0.,0.));
#12765 = VECTOR('',#12766,1.);
#12766 = DIRECTION('',(0.,-1.));
#12767 = ( GEOMETRIC_REPRESENTATION_CONTEXT(2) 
PARAMETRIC_REPRESENTATION_CONTEXT() REPRESENTATION_CONTEXT('2D SPACE',''
  ) );
#12768 = PCURVE('',#4659,#12769);
#12769 = DEFINITIONAL_REPRESENTATION('',(#12770),#12774);
#12770 = LINE('',#12771,#12772);
#12771 = CARTESIAN_POINT('',(1.,0.));
#12772 = VECTOR('',#12773,1.);
#12773 = DIRECTION('',(0.,-1.));
#12774 = ( GEOMETRIC_REPRESENTATION_CONTEXT(2) 
PARAMETRIC_REPRESENTATION_CONTEXT() REPRESENTATION_CONTEXT('2D SPACE',''
  ) );
#12775 = ORIENTED_EDGE('',*,*,#12776,.T.);
#12776 = EDGE_CURVE('',#12754,#12705,#12777,.T.);
#12777 = SURFACE_CURVE('',#12778,(#12782,#12789),.PCURVE_S1.);
#12778 = B_SPLINE_CURVE_WITH_KNOTS('',2,(#12779,#12780,#12781),
  .UNSPECIFIED.,.F.,.F.,(3,3),(0.,1.),.PIECEWISE_BEZIER_KNOTS.);
#12779 = CARTESIAN_POINT('',(15.01435546875,-1.20068359375,0.5));
#12780 = CARTESIAN_POINT('',(14.8185546875,-1.39453125,0.5));
#12781 = CARTESIAN_POINT('',(14.7619140625,-1.4443359375,0.5));
#12782 = PCURVE('',#4689,#12783);
#12783 = DEFINITIONAL_REPRESENTATION('',(#12784),#12788);
#12784 = LINE('',#12785,#12786);
#12785 = CARTESIAN_POINT('',(0.,-0.5));
#12786 = VECTOR('',#12787,1.);
#12787 = DIRECTION('',(1.,0.));
#12788 = ( GEOMETRIC_REPRESENTATION_CONTEXT(2) 
PARAMETRIC_REPRESENTATION_CONTEXT() REPRESENTATION_CONTEXT('2D SPACE',''
  ) );
#12789 = PCURVE('',#12030,#12790);
#12790 = DEFINITIONAL_REPRESENTATION('',(#12791),#12795);
#12791 = B_SPLINE_CURVE_WITH_KNOTS('',2,(#12792,#12793,#12794),
  .UNSPECIFIED.,.F.,.F.,(3,3),(0.,1.),.PIECEWISE_BEZIER_KNOTS.);
#12792 = CARTESIAN_POINT('',(0.45263671875,0.47802734375));
#12793 = CARTESIAN_POINT('',(0.646484375,0.673828125));
#12794 = CARTESIAN_POINT('',(0.6962890625,0.73046875));
#12795 = ( GEOMETRIC_REPRESENTATION_CONTEXT(2) 
PARAMETRIC_REPRESENTATION_CONTEXT() REPRESENTATION_CONTEXT('2D SPACE',''
  ) );
#12796 = ORIENTED_EDGE('',*,*,#12704,.F.);
#12797 = ORIENTED_EDGE('',*,*,#4673,.F.);
#12798 = ADVANCED_FACE('',(#12799),#4659,.T.);
#12799 = FACE_BOUND('',#12800,.T.);
#12800 = EDGE_LOOP('',(#12801,#12824,#12845,#12846));
#12801 = ORIENTED_EDGE('',*,*,#12802,.T.);
#12802 = EDGE_CURVE('',#4616,#12803,#12805,.T.);
#12803 = VERTEX_POINT('',#12804);
#12804 = CARTESIAN_POINT('',(15.3263671875,-0.89453125,0.5));
#12805 = SURFACE_CURVE('',#12806,(#12810,#12817),.PCURVE_S1.);
#12806 = LINE('',#12807,#12808);
#12807 = CARTESIAN_POINT('',(15.3263671875,-0.89453125,0.));
#12808 = VECTOR('',#12809,1.);
#12809 = DIRECTION('',(0.,1.224646799147E-16,1.));
#12810 = PCURVE('',#4659,#12811);
#12811 = DEFINITIONAL_REPRESENTATION('',(#12812),#12816);
#12812 = LINE('',#12813,#12814);
#12813 = CARTESIAN_POINT('',(0.,0.));
#12814 = VECTOR('',#12815,1.);
#12815 = DIRECTION('',(0.,-1.));
#12816 = ( GEOMETRIC_REPRESENTATION_CONTEXT(2) 
PARAMETRIC_REPRESENTATION_CONTEXT() REPRESENTATION_CONTEXT('2D SPACE',''
  ) );
#12817 = PCURVE('',#4631,#12818);
#12818 = DEFINITIONAL_REPRESENTATION('',(#12819),#12823);
#12819 = LINE('',#12820,#12821);
#12820 = CARTESIAN_POINT('',(0.166015625,-2.257200024277E-33));
#12821 = VECTOR('',#12822,1.);
#12822 = DIRECTION('',(0.,-1.));
#12823 = ( GEOMETRIC_REPRESENTATION_CONTEXT(2) 
PARAMETRIC_REPRESENTATION_CONTEXT() REPRESENTATION_CONTEXT('2D SPACE',''
  ) );
#12824 = ORIENTED_EDGE('',*,*,#12825,.T.);
#12825 = EDGE_CURVE('',#12803,#12754,#12826,.T.);
#12826 = SURFACE_CURVE('',#12827,(#12831,#12838),.PCURVE_S1.);
#12827 = B_SPLINE_CURVE_WITH_KNOTS('',2,(#12828,#12829,#12830),
  .UNSPECIFIED.,.F.,.F.,(3,3),(0.,1.),.PIECEWISE_BEZIER_KNOTS.);
#12828 = CARTESIAN_POINT('',(15.3263671875,-0.89453125,0.5));
#12829 = CARTESIAN_POINT('',(15.21015625,-1.0068359375,0.5));
#12830 = CARTESIAN_POINT('',(15.01435546875,-1.20068359375,0.5));
#12831 = PCURVE('',#4659,#12832);
#12832 = DEFINITIONAL_REPRESENTATION('',(#12833),#12837);
#12833 = LINE('',#12834,#12835);
#12834 = CARTESIAN_POINT('',(0.,-0.5));
#12835 = VECTOR('',#12836,1.);
#12836 = DIRECTION('',(1.,0.));
#12837 = ( GEOMETRIC_REPRESENTATION_CONTEXT(2) 
PARAMETRIC_REPRESENTATION_CONTEXT() REPRESENTATION_CONTEXT('2D SPACE',''
  ) );
#12838 = PCURVE('',#12030,#12839);
#12839 = DEFINITIONAL_REPRESENTATION('',(#12840),#12844);
#12840 = B_SPLINE_CURVE_WITH_KNOTS('',2,(#12841,#12842,#12843),
  .UNSPECIFIED.,.F.,.F.,(3,3),(0.,1.),.PIECEWISE_BEZIER_KNOTS.);
#12841 = CARTESIAN_POINT('',(0.146484375,0.166015625));
#12842 = CARTESIAN_POINT('',(0.2587890625,0.2822265625));
#12843 = CARTESIAN_POINT('',(0.45263671875,0.47802734375));
#12844 = ( GEOMETRIC_REPRESENTATION_CONTEXT(2) 
PARAMETRIC_REPRESENTATION_CONTEXT() REPRESENTATION_CONTEXT('2D SPACE',''
  ) );
#12845 = ORIENTED_EDGE('',*,*,#12753,.F.);
#12846 = ORIENTED_EDGE('',*,*,#4643,.F.);
#12847 = ADVANCED_FACE('',(#12848),#4631,.T.);
#12848 = FACE_BOUND('',#12849,.T.);
#12849 = EDGE_LOOP('',(#12850,#12873,#12894,#12895));
#12850 = ORIENTED_EDGE('',*,*,#12851,.T.);
#12851 = EDGE_CURVE('',#4588,#12852,#12854,.T.);
#12852 = VERTEX_POINT('',#12853);
#12853 = CARTESIAN_POINT('',(15.4923828125,-0.89453125,0.5));
#12854 = SURFACE_CURVE('',#12855,(#12859,#12866),.PCURVE_S1.);
#12855 = LINE('',#12856,#12857);
#12856 = CARTESIAN_POINT('',(15.4923828125,-0.89453125,0.));
#12857 = VECTOR('',#12858,1.);
#12858 = DIRECTION('',(0.,1.224646799147E-16,1.));
#12859 = PCURVE('',#4631,#12860);
#12860 = DEFINITIONAL_REPRESENTATION('',(#12861),#12865);
#12861 = LINE('',#12862,#12863);
#12862 = CARTESIAN_POINT('',(0.,0.));
#12863 = VECTOR('',#12864,1.);
#12864 = DIRECTION('',(0.,-1.));
#12865 = ( GEOMETRIC_REPRESENTATION_CONTEXT(2) 
PARAMETRIC_REPRESENTATION_CONTEXT() REPRESENTATION_CONTEXT('2D SPACE',''
  ) );
#12866 = PCURVE('',#4603,#12867);
#12867 = DEFINITIONAL_REPRESENTATION('',(#12868),#12872);
#12868 = LINE('',#12869,#12870);
#12869 = CARTESIAN_POINT('',(0.92578125,-1.133755044523E-16));
#12870 = VECTOR('',#12871,1.);
#12871 = DIRECTION('',(0.,-1.));
#12872 = ( GEOMETRIC_REPRESENTATION_CONTEXT(2) 
PARAMETRIC_REPRESENTATION_CONTEXT() REPRESENTATION_CONTEXT('2D SPACE',''
  ) );
#12873 = ORIENTED_EDGE('',*,*,#12874,.T.);
#12874 = EDGE_CURVE('',#12852,#12803,#12875,.T.);
#12875 = SURFACE_CURVE('',#12876,(#12880,#12887),.PCURVE_S1.);
#12876 = LINE('',#12877,#12878);
#12877 = CARTESIAN_POINT('',(15.4923828125,-0.89453125,0.5));
#12878 = VECTOR('',#12879,1.);
#12879 = DIRECTION('',(-1.,-1.110223024625E-16,1.359631073447E-32));
#12880 = PCURVE('',#4631,#12881);
#12881 = DEFINITIONAL_REPRESENTATION('',(#12882),#12886);
#12882 = LINE('',#12883,#12884);
#12883 = CARTESIAN_POINT('',(-5.527796276844E-33,-0.5));
#12884 = VECTOR('',#12885,1.);
#12885 = DIRECTION('',(1.,0.));
#12886 = ( GEOMETRIC_REPRESENTATION_CONTEXT(2) 
PARAMETRIC_REPRESENTATION_CONTEXT() REPRESENTATION_CONTEXT('2D SPACE',''
  ) );
#12887 = PCURVE('',#12030,#12888);
#12888 = DEFINITIONAL_REPRESENTATION('',(#12889),#12893);
#12889 = LINE('',#12890,#12891);
#12890 = CARTESIAN_POINT('',(0.146484375,1.626303258728E-17));
#12891 = VECTOR('',#12892,1.);
#12892 = DIRECTION('',(1.665067842118E-48,1.));
#12893 = ( GEOMETRIC_REPRESENTATION_CONTEXT(2) 
PARAMETRIC_REPRESENTATION_CONTEXT() REPRESENTATION_CONTEXT('2D SPACE',''
  ) );
#12894 = ORIENTED_EDGE('',*,*,#12802,.F.);
#12895 = ORIENTED_EDGE('',*,*,#4615,.F.);
#12896 = ADVANCED_FACE('',(#12897),#4603,.T.);
#12897 = FACE_BOUND('',#12898,.T.);
#12898 = EDGE_LOOP('',(#12899,#12922,#12943,#12944));
#12899 = ORIENTED_EDGE('',*,*,#12900,.T.);
#12900 = EDGE_CURVE('',#4560,#12901,#12903,.T.);
#12901 = VERTEX_POINT('',#12902);
#12902 = CARTESIAN_POINT('',(15.4923828125,-1.8203125,0.5));
#12903 = SURFACE_CURVE('',#12904,(#12908,#12915),.PCURVE_S1.);
#12904 = LINE('',#12905,#12906);
#12905 = CARTESIAN_POINT('',(15.4923828125,-1.8203125,0.));
#12906 = VECTOR('',#12907,1.);
#12907 = DIRECTION('',(0.,1.224646799147E-16,1.));
#12908 = PCURVE('',#4603,#12909);
#12909 = DEFINITIONAL_REPRESENTATION('',(#12910),#12914);
#12910 = LINE('',#12911,#12912);
#12911 = CARTESIAN_POINT('',(0.,0.));
#12912 = VECTOR('',#12913,1.);
#12913 = DIRECTION('',(0.,-1.));
#12914 = ( GEOMETRIC_REPRESENTATION_CONTEXT(2) 
PARAMETRIC_REPRESENTATION_CONTEXT() REPRESENTATION_CONTEXT('2D SPACE',''
  ) );
#12915 = PCURVE('',#4575,#12916);
#12916 = DEFINITIONAL_REPRESENTATION('',(#12917),#12921);
#12917 = LINE('',#12918,#12919);
#12918 = CARTESIAN_POINT('',(0.166015625,2.257200024277E-33));
#12919 = VECTOR('',#12920,1.);
#12920 = DIRECTION('',(0.,-1.));
#12921 = ( GEOMETRIC_REPRESENTATION_CONTEXT(2) 
PARAMETRIC_REPRESENTATION_CONTEXT() REPRESENTATION_CONTEXT('2D SPACE',''
  ) );
#12922 = ORIENTED_EDGE('',*,*,#12923,.T.);
#12923 = EDGE_CURVE('',#12901,#12852,#12924,.T.);
#12924 = SURFACE_CURVE('',#12925,(#12929,#12936),.PCURVE_S1.);
#12925 = LINE('',#12926,#12927);
#12926 = CARTESIAN_POINT('',(15.4923828125,-1.8203125,0.5));
#12927 = VECTOR('',#12928,1.);
#12928 = DIRECTION('',(-1.110223024625E-16,1.,-1.224646799147E-16));
#12929 = PCURVE('',#4603,#12930);
#12930 = DEFINITIONAL_REPRESENTATION('',(#12931),#12935);
#12931 = LINE('',#12932,#12933);
#12932 = CARTESIAN_POINT('',(-6.123233995737E-17,-0.5));
#12933 = VECTOR('',#12934,1.);
#12934 = DIRECTION('',(1.,0.));
#12935 = ( GEOMETRIC_REPRESENTATION_CONTEXT(2) 
PARAMETRIC_REPRESENTATION_CONTEXT() REPRESENTATION_CONTEXT('2D SPACE',''
  ) );
#12936 = PCURVE('',#12030,#12937);
#12937 = DEFINITIONAL_REPRESENTATION('',(#12938),#12942);
#12938 = LINE('',#12939,#12940);
#12939 = CARTESIAN_POINT('',(1.072265625,1.190453985389E-16));
#12940 = VECTOR('',#12941,1.);
#12941 = DIRECTION('',(-1.,-1.665067842118E-48));
#12942 = ( GEOMETRIC_REPRESENTATION_CONTEXT(2) 
PARAMETRIC_REPRESENTATION_CONTEXT() REPRESENTATION_CONTEXT('2D SPACE',''
  ) );
#12943 = ORIENTED_EDGE('',*,*,#12851,.F.);
#12944 = ORIENTED_EDGE('',*,*,#4587,.F.);
#12945 = ADVANCED_FACE('',(#12946),#4575,.T.);
#12946 = FACE_BOUND('',#12947,.T.);
#12947 = EDGE_LOOP('',(#12948,#12971,#12992,#12993));
#12948 = ORIENTED_EDGE('',*,*,#12949,.T.);
#12949 = EDGE_CURVE('',#4532,#12950,#12952,.T.);
#12950 = VERTEX_POINT('',#12951);
#12951 = CARTESIAN_POINT('',(15.3263671875,-1.8203125,0.5));
#12952 = SURFACE_CURVE('',#12953,(#12957,#12964),.PCURVE_S1.);
#12953 = LINE('',#12954,#12955);
#12954 = CARTESIAN_POINT('',(15.3263671875,-1.8203125,0.));
#12955 = VECTOR('',#12956,1.);
#12956 = DIRECTION('',(0.,1.224646799147E-16,1.));
#12957 = PCURVE('',#4575,#12958);
#12958 = DEFINITIONAL_REPRESENTATION('',(#12959),#12963);
#12959 = LINE('',#12960,#12961);
#12960 = CARTESIAN_POINT('',(0.,0.));
#12961 = VECTOR('',#12962,1.);
#12962 = DIRECTION('',(0.,-1.));
#12963 = ( GEOMETRIC_REPRESENTATION_CONTEXT(2) 
PARAMETRIC_REPRESENTATION_CONTEXT() REPRESENTATION_CONTEXT('2D SPACE',''
  ) );
#12964 = PCURVE('',#4547,#12965);
#12965 = DEFINITIONAL_REPRESENTATION('',(#12966),#12970);
#12966 = LINE('',#12967,#12968);
#12967 = CARTESIAN_POINT('',(0.6884765625,8.431406185536E-17));
#12968 = VECTOR('',#12969,1.);
#12969 = DIRECTION('',(0.,-1.));
#12970 = ( GEOMETRIC_REPRESENTATION_CONTEXT(2) 
PARAMETRIC_REPRESENTATION_CONTEXT() REPRESENTATION_CONTEXT('2D SPACE',''
  ) );
#12971 = ORIENTED_EDGE('',*,*,#12972,.T.);
#12972 = EDGE_CURVE('',#12950,#12901,#12973,.T.);
#12973 = SURFACE_CURVE('',#12974,(#12978,#12985),.PCURVE_S1.);
#12974 = LINE('',#12975,#12976);
#12975 = CARTESIAN_POINT('',(15.3263671875,-1.8203125,0.5));
#12976 = VECTOR('',#12977,1.);
#12977 = DIRECTION('',(1.,1.110223024625E-16,-1.359631073447E-32));
#12978 = PCURVE('',#4575,#12979);
#12979 = DEFINITIONAL_REPRESENTATION('',(#12980),#12984);
#12980 = LINE('',#12981,#12982);
#12981 = CARTESIAN_POINT('',(-6.798155367234E-33,-0.5));
#12982 = VECTOR('',#12983,1.);
#12983 = DIRECTION('',(1.,0.));
#12984 = ( GEOMETRIC_REPRESENTATION_CONTEXT(2) 
PARAMETRIC_REPRESENTATION_CONTEXT() REPRESENTATION_CONTEXT('2D SPACE',''
  ) );
#12985 = PCURVE('',#12030,#12986);
#12986 = DEFINITIONAL_REPRESENTATION('',(#12987),#12991);
#12987 = LINE('',#12988,#12989);
#12988 = CARTESIAN_POINT('',(1.072265625,0.166015625));
#12989 = VECTOR('',#12990,1.);
#12990 = DIRECTION('',(-1.665067842118E-48,-1.));
#12991 = ( GEOMETRIC_REPRESENTATION_CONTEXT(2) 
PARAMETRIC_REPRESENTATION_CONTEXT() REPRESENTATION_CONTEXT('2D SPACE',''
  ) );
#12992 = ORIENTED_EDGE('',*,*,#12900,.F.);
#12993 = ORIENTED_EDGE('',*,*,#4559,.F.);
#12994 = ADVANCED_FACE('',(#12995),#4547,.T.);
#12995 = FACE_BOUND('',#12996,.T.);
#12996 = EDGE_LOOP('',(#12997,#12998,#13019,#13020));
#12997 = ORIENTED_EDGE('',*,*,#12042,.T.);
#12998 = ORIENTED_EDGE('',*,*,#12999,.T.);
#12999 = EDGE_CURVE('',#12015,#12950,#13000,.T.);
#13000 = SURFACE_CURVE('',#13001,(#13005,#13012),.PCURVE_S1.);
#13001 = LINE('',#13002,#13003);
#13002 = CARTESIAN_POINT('',(15.3263671875,-1.1318359375,0.5));
#13003 = VECTOR('',#13004,1.);
#13004 = DIRECTION('',(1.110223024625E-16,-1.,1.224646799147E-16));
#13005 = PCURVE('',#4547,#13006);
#13006 = DEFINITIONAL_REPRESENTATION('',(#13007),#13011);
#13007 = LINE('',#13008,#13009);
#13008 = CARTESIAN_POINT('',(6.123233995737E-17,-0.5));
#13009 = VECTOR('',#13010,1.);
#13010 = DIRECTION('',(1.,0.));
#13011 = ( GEOMETRIC_REPRESENTATION_CONTEXT(2) 
PARAMETRIC_REPRESENTATION_CONTEXT() REPRESENTATION_CONTEXT('2D SPACE',''
  ) );
#13012 = PCURVE('',#12030,#13013);
#13013 = DEFINITIONAL_REPRESENTATION('',(#13014),#13018);
#13014 = LINE('',#13015,#13016);
#13015 = CARTESIAN_POINT('',(0.3837890625,0.166015625));
#13016 = VECTOR('',#13017,1.);
#13017 = DIRECTION('',(1.,1.665067842118E-48));
#13018 = ( GEOMETRIC_REPRESENTATION_CONTEXT(2) 
PARAMETRIC_REPRESENTATION_CONTEXT() REPRESENTATION_CONTEXT('2D SPACE',''
  ) );
#13019 = ORIENTED_EDGE('',*,*,#12949,.F.);
#13020 = ORIENTED_EDGE('',*,*,#4531,.F.);
#13021 = ADVANCED_FACE('',(#13022),#5142,.F.);
#13022 = FACE_BOUND('',#13023,.F.);
#13023 = EDGE_LOOP('',(#13024,#13047,#13071,#13093,#13094));
#13024 = ORIENTED_EDGE('',*,*,#13025,.T.);
#13025 = EDGE_CURVE('',#5122,#13026,#13028,.T.);
#13026 = VERTEX_POINT('',#13027);
#13027 = CARTESIAN_POINT('',(11.05093932557,-4.093955728425,1.76));
#13028 = SEAM_CURVE('',#13029,(#13033,#13040),.PCURVE_S1.);
#13029 = LINE('',#13030,#13031);
#13030 = CARTESIAN_POINT('',(10.90093932557,-4.093955728425,
    8.881784197001E-16));
#13031 = VECTOR('',#13032,1.);
#13032 = DIRECTION('',(8.491941668366E-02,1.012230573784E-16,
    0.996387822422));
#13033 = PCURVE('',#5142,#13034);
#13034 = DEFINITIONAL_REPRESENTATION('',(#13035),#13039);
#13035 = LINE('',#13036,#13037);
#13036 = CARTESIAN_POINT('',(-6.28318530718,0.));
#13037 = VECTOR('',#13038,1.);
#13038 = DIRECTION('',(-0.,-1.));
#13039 = ( GEOMETRIC_REPRESENTATION_CONTEXT(2) 
PARAMETRIC_REPRESENTATION_CONTEXT() REPRESENTATION_CONTEXT('2D SPACE',''
  ) );
#13040 = PCURVE('',#5142,#13041);
#13041 = DEFINITIONAL_REPRESENTATION('',(#13042),#13046);
#13042 = LINE('',#13043,#13044);
#13043 = CARTESIAN_POINT('',(0.,-0.));
#13044 = VECTOR('',#13045,1.);
#13045 = DIRECTION('',(-0.,-1.));
#13046 = ( GEOMETRIC_REPRESENTATION_CONTEXT(2) 
PARAMETRIC_REPRESENTATION_CONTEXT() REPRESENTATION_CONTEXT('2D SPACE',''
  ) );
#13047 = ORIENTED_EDGE('',*,*,#13048,.F.);
#13048 = EDGE_CURVE('',#13049,#13026,#13051,.T.);
#13049 = VERTEX_POINT('',#13050);
#13050 = CARTESIAN_POINT('',(13.25093932557,-4.093955728425,1.76));
#13051 = SURFACE_CURVE('',#13052,(#13057,#13064),.PCURVE_S1.);
#13052 = CIRCLE('',#13053,1.1);
#13053 = AXIS2_PLACEMENT_3D('',#13054,#13055,#13056);
#13054 = CARTESIAN_POINT('',(12.15093932557,-4.093955728425,1.76));
#13055 = DIRECTION('',(0.,1.224646799147E-16,1.));
#13056 = DIRECTION('',(-1.,0.,0.));
#13057 = PCURVE('',#5142,#13058);
#13058 = DEFINITIONAL_REPRESENTATION('',(#13059),#13063);
#13059 = LINE('',#13060,#13061);
#13060 = CARTESIAN_POINT('',(-0.,-1.76));
#13061 = VECTOR('',#13062,1.);
#13062 = DIRECTION('',(-1.,-0.));
#13063 = ( GEOMETRIC_REPRESENTATION_CONTEXT(2) 
PARAMETRIC_REPRESENTATION_CONTEXT() REPRESENTATION_CONTEXT('2D SPACE',''
  ) );
#13064 = PCURVE('',#8744,#13065);
#13065 = DEFINITIONAL_REPRESENTATION('',(#13066),#13070);
#13066 = LINE('',#13067,#13068);
#13067 = CARTESIAN_POINT('',(-9.424777960769,-19.74));
#13068 = VECTOR('',#13069,1.);
#13069 = DIRECTION('',(1.,-0.));
#13070 = ( GEOMETRIC_REPRESENTATION_CONTEXT(2) 
PARAMETRIC_REPRESENTATION_CONTEXT() REPRESENTATION_CONTEXT('2D SPACE',''
  ) );
#13071 = ORIENTED_EDGE('',*,*,#13072,.F.);
#13072 = EDGE_CURVE('',#13026,#13049,#13073,.T.);
#13073 = SURFACE_CURVE('',#13074,(#13079,#13086),.PCURVE_S1.);
#13074 = CIRCLE('',#13075,1.1);
#13075 = AXIS2_PLACEMENT_3D('',#13076,#13077,#13078);
#13076 = CARTESIAN_POINT('',(12.15093932557,-4.093955728425,1.76));
#13077 = DIRECTION('',(0.,1.224646799147E-16,1.));
#13078 = DIRECTION('',(-1.,0.,0.));
#13079 = PCURVE('',#5142,#13080);
#13080 = DEFINITIONAL_REPRESENTATION('',(#13081),#13085);
#13081 = LINE('',#13082,#13083);
#13082 = CARTESIAN_POINT('',(-0.,-1.76));
#13083 = VECTOR('',#13084,1.);
#13084 = DIRECTION('',(-1.,-0.));
#13085 = ( GEOMETRIC_REPRESENTATION_CONTEXT(2) 
PARAMETRIC_REPRESENTATION_CONTEXT() REPRESENTATION_CONTEXT('2D SPACE',''
  ) );
#13086 = PCURVE('',#8744,#13087);
#13087 = DEFINITIONAL_REPRESENTATION('',(#13088),#13092);
#13088 = LINE('',#13089,#13090);
#13089 = CARTESIAN_POINT('',(-3.14159265359,-19.74));
#13090 = VECTOR('',#13091,1.);
#13091 = DIRECTION('',(1.,-0.));
#13092 = ( GEOMETRIC_REPRESENTATION_CONTEXT(2) 
PARAMETRIC_REPRESENTATION_CONTEXT() REPRESENTATION_CONTEXT('2D SPACE',''
  ) );
#13093 = ORIENTED_EDGE('',*,*,#13025,.F.);
#13094 = ORIENTED_EDGE('',*,*,#5121,.T.);
#13095 = ADVANCED_FACE('',(#13096),#5177,.F.);
#13096 = FACE_BOUND('',#13097,.F.);
#13097 = EDGE_LOOP('',(#13098,#13121,#13145,#13167,#13168));
#13098 = ORIENTED_EDGE('',*,*,#13099,.T.);
#13099 = EDGE_CURVE('',#5157,#13100,#13102,.T.);
#13100 = VERTEX_POINT('',#13101);
#13101 = CARTESIAN_POINT('',(1.43,-12.57,1.76));
#13102 = SEAM_CURVE('',#13103,(#13107,#13114),.PCURVE_S1.);
#13103 = LINE('',#13104,#13105);
#13104 = CARTESIAN_POINT('',(1.28,-12.57,1.7763568394E-15));
#13105 = VECTOR('',#13106,1.);
#13106 = DIRECTION('',(8.491941668366E-02,1.012230573784E-16,
    0.996387822422));
#13107 = PCURVE('',#5177,#13108);
#13108 = DEFINITIONAL_REPRESENTATION('',(#13109),#13113);
#13109 = LINE('',#13110,#13111);
#13110 = CARTESIAN_POINT('',(-6.28318530718,0.));
#13111 = VECTOR('',#13112,1.);
#13112 = DIRECTION('',(-0.,-1.));
#13113 = ( GEOMETRIC_REPRESENTATION_CONTEXT(2) 
PARAMETRIC_REPRESENTATION_CONTEXT() REPRESENTATION_CONTEXT('2D SPACE',''
  ) );
#13114 = PCURVE('',#5177,#13115);
#13115 = DEFINITIONAL_REPRESENTATION('',(#13116),#13120);
#13116 = LINE('',#13117,#13118);
#13117 = CARTESIAN_POINT('',(0.,-0.));
#13118 = VECTOR('',#13119,1.);
#13119 = DIRECTION('',(-0.,-1.));
#13120 = ( GEOMETRIC_REPRESENTATION_CONTEXT(2) 
PARAMETRIC_REPRESENTATION_CONTEXT() REPRESENTATION_CONTEXT('2D SPACE',''
  ) );
#13121 = ORIENTED_EDGE('',*,*,#13122,.F.);
#13122 = EDGE_CURVE('',#13123,#13100,#13125,.T.);
#13123 = VERTEX_POINT('',#13124);
#13124 = CARTESIAN_POINT('',(3.63,-12.57,1.76));
#13125 = SURFACE_CURVE('',#13126,(#13131,#13138),.PCURVE_S1.);
#13126 = CIRCLE('',#13127,1.1);
#13127 = AXIS2_PLACEMENT_3D('',#13128,#13129,#13130);
#13128 = CARTESIAN_POINT('',(2.53,-12.57,1.76));
#13129 = DIRECTION('',(0.,1.224646799147E-16,1.));
#13130 = DIRECTION('',(-1.,0.,0.));
#13131 = PCURVE('',#5177,#13132);
#13132 = DEFINITIONAL_REPRESENTATION('',(#13133),#13137);
#13133 = LINE('',#13134,#13135);
#13134 = CARTESIAN_POINT('',(-0.,-1.76));
#13135 = VECTOR('',#13136,1.);
#13136 = DIRECTION('',(-1.,-0.));
#13137 = ( GEOMETRIC_REPRESENTATION_CONTEXT(2) 
PARAMETRIC_REPRESENTATION_CONTEXT() REPRESENTATION_CONTEXT('2D SPACE',''
  ) );
#13138 = PCURVE('',#9366,#13139);
#13139 = DEFINITIONAL_REPRESENTATION('',(#13140),#13144);
#13140 = LINE('',#13141,#13142);
#13141 = CARTESIAN_POINT('',(-9.424777960769,-19.74));
#13142 = VECTOR('',#13143,1.);
#13143 = DIRECTION('',(1.,-0.));
#13144 = ( GEOMETRIC_REPRESENTATION_CONTEXT(2) 
PARAMETRIC_REPRESENTATION_CONTEXT() REPRESENTATION_CONTEXT('2D SPACE',''
  ) );
#13145 = ORIENTED_EDGE('',*,*,#13146,.F.);
#13146 = EDGE_CURVE('',#13100,#13123,#13147,.T.);
#13147 = SURFACE_CURVE('',#13148,(#13153,#13160),.PCURVE_S1.);
#13148 = CIRCLE('',#13149,1.1);
#13149 = AXIS2_PLACEMENT_3D('',#13150,#13151,#13152);
#13150 = CARTESIAN_POINT('',(2.53,-12.57,1.76));
#13151 = DIRECTION('',(0.,1.224646799147E-16,1.));
#13152 = DIRECTION('',(-1.,0.,0.));
#13153 = PCURVE('',#5177,#13154);
#13154 = DEFINITIONAL_REPRESENTATION('',(#13155),#13159);
#13155 = LINE('',#13156,#13157);
#13156 = CARTESIAN_POINT('',(-0.,-1.76));
#13157 = VECTOR('',#13158,1.);
#13158 = DIRECTION('',(-1.,-0.));
#13159 = ( GEOMETRIC_REPRESENTATION_CONTEXT(2) 
PARAMETRIC_REPRESENTATION_CONTEXT() REPRESENTATION_CONTEXT('2D SPACE',''
  ) );
#13160 = PCURVE('',#9366,#13161);
#13161 = DEFINITIONAL_REPRESENTATION('',(#13162),#13166);
#13162 = LINE('',#13163,#13164);
#13163 = CARTESIAN_POINT('',(-3.14159265359,-19.74));
#13164 = VECTOR('',#13165,1.);
#13165 = DIRECTION('',(1.,-0.));
#13166 = ( GEOMETRIC_REPRESENTATION_CONTEXT(2) 
PARAMETRIC_REPRESENTATION_CONTEXT() REPRESENTATION_CONTEXT('2D SPACE',''
  ) );
#13167 = ORIENTED_EDGE('',*,*,#13099,.F.);
#13168 = ORIENTED_EDGE('',*,*,#5156,.T.);
#13169 = ADVANCED_FACE('',(#13170),#5212,.F.);
#13170 = FACE_BOUND('',#13171,.F.);
#13171 = EDGE_LOOP('',(#13172,#13195,#13219,#13241,#13242));
#13172 = ORIENTED_EDGE('',*,*,#13173,.T.);
#13173 = EDGE_CURVE('',#5192,#13174,#13176,.T.);
#13174 = VERTEX_POINT('',#13175);
#13175 = CARTESIAN_POINT('',(9.099048216895,-8.174730299493,1.76));
#13176 = SEAM_CURVE('',#13177,(#13181,#13188),.PCURVE_S1.);
#13177 = LINE('',#13178,#13179);
#13178 = CARTESIAN_POINT('',(8.949048216895,-8.174730299493,
    8.881784197001E-16));
#13179 = VECTOR('',#13180,1.);
#13180 = DIRECTION('',(8.491941668366E-02,1.012230573784E-16,
    0.996387822422));
#13181 = PCURVE('',#5212,#13182);
#13182 = DEFINITIONAL_REPRESENTATION('',(#13183),#13187);
#13183 = LINE('',#13184,#13185);
#13184 = CARTESIAN_POINT('',(-6.28318530718,0.));
#13185 = VECTOR('',#13186,1.);
#13186 = DIRECTION('',(-0.,-1.));
#13187 = ( GEOMETRIC_REPRESENTATION_CONTEXT(2) 
PARAMETRIC_REPRESENTATION_CONTEXT() REPRESENTATION_CONTEXT('2D SPACE',''
  ) );
#13188 = PCURVE('',#5212,#13189);
#13189 = DEFINITIONAL_REPRESENTATION('',(#13190),#13194);
#13190 = LINE('',#13191,#13192);
#13191 = CARTESIAN_POINT('',(0.,-0.));
#13192 = VECTOR('',#13193,1.);
#13193 = DIRECTION('',(-0.,-1.));
#13194 = ( GEOMETRIC_REPRESENTATION_CONTEXT(2) 
PARAMETRIC_REPRESENTATION_CONTEXT() REPRESENTATION_CONTEXT('2D SPACE',''
  ) );
#13195 = ORIENTED_EDGE('',*,*,#13196,.F.);
#13196 = EDGE_CURVE('',#13197,#13174,#13199,.T.);
#13197 = VERTEX_POINT('',#13198);
#13198 = CARTESIAN_POINT('',(11.299048216895,-8.174730299493,1.76));
#13199 = SURFACE_CURVE('',#13200,(#13205,#13212),.PCURVE_S1.);
#13200 = CIRCLE('',#13201,1.1);
#13201 = AXIS2_PLACEMENT_3D('',#13202,#13203,#13204);
#13202 = CARTESIAN_POINT('',(10.199048216895,-8.174730299493,1.76));
#13203 = DIRECTION('',(0.,1.224646799147E-16,1.));
#13204 = DIRECTION('',(-1.,0.,0.));
#13205 = PCURVE('',#5212,#13206);
#13206 = DEFINITIONAL_REPRESENTATION('',(#13207),#13211);
#13207 = LINE('',#13208,#13209);
#13208 = CARTESIAN_POINT('',(-0.,-1.76));
#13209 = VECTOR('',#13210,1.);
#13210 = DIRECTION('',(-1.,-0.));
#13211 = ( GEOMETRIC_REPRESENTATION_CONTEXT(2) 
PARAMETRIC_REPRESENTATION_CONTEXT() REPRESENTATION_CONTEXT('2D SPACE',''
  ) );
#13212 = PCURVE('',#9003,#13213);
#13213 = DEFINITIONAL_REPRESENTATION('',(#13214),#13218);
#13214 = LINE('',#13215,#13216);
#13215 = CARTESIAN_POINT('',(-9.424777960769,-19.74));
#13216 = VECTOR('',#13217,1.);
#13217 = DIRECTION('',(1.,-0.));
#13218 = ( GEOMETRIC_REPRESENTATION_CONTEXT(2) 
PARAMETRIC_REPRESENTATION_CONTEXT() REPRESENTATION_CONTEXT('2D SPACE',''
  ) );
#13219 = ORIENTED_EDGE('',*,*,#13220,.F.);
#13220 = EDGE_CURVE('',#13174,#13197,#13221,.T.);
#13221 = SURFACE_CURVE('',#13222,(#13227,#13234),.PCURVE_S1.);
#13222 = CIRCLE('',#13223,1.1);
#13223 = AXIS2_PLACEMENT_3D('',#13224,#13225,#13226);
#13224 = CARTESIAN_POINT('',(10.199048216895,-8.174730299493,1.76));
#13225 = DIRECTION('',(0.,1.224646799147E-16,1.));
#13226 = DIRECTION('',(-1.,0.,0.));
#13227 = PCURVE('',#5212,#13228);
#13228 = DEFINITIONAL_REPRESENTATION('',(#13229),#13233);
#13229 = LINE('',#13230,#13231);
#13230 = CARTESIAN_POINT('',(-0.,-1.76));
#13231 = VECTOR('',#13232,1.);
#13232 = DIRECTION('',(-1.,-0.));
#13233 = ( GEOMETRIC_REPRESENTATION_CONTEXT(2) 
PARAMETRIC_REPRESENTATION_CONTEXT() REPRESENTATION_CONTEXT('2D SPACE',''
  ) );
#13234 = PCURVE('',#9003,#13235);
#13235 = DEFINITIONAL_REPRESENTATION('',(#13236),#13240);
#13236 = LINE('',#13237,#13238);
#13237 = CARTESIAN_POINT('',(-3.14159265359,-19.74));
#13238 = VECTOR('',#13239,1.);
#13239 = DIRECTION('',(1.,-0.));
#13240 = ( GEOMETRIC_REPRESENTATION_CONTEXT(2) 
PARAMETRIC_REPRESENTATION_CONTEXT() REPRESENTATION_CONTEXT('2D SPACE',''
  ) );
#13241 = ORIENTED_EDGE('',*,*,#13173,.F.);
#13242 = ORIENTED_EDGE('',*,*,#5191,.T.);
#13243 = ADVANCED_FACE('',(#13244),#5451,.T.);
#13244 = FACE_BOUND('',#13245,.T.);
#13245 = EDGE_LOOP('',(#13246,#13247,#13248));
#13246 = ORIENTED_EDGE('',*,*,#9867,.T.);
#13247 = ORIENTED_EDGE('',*,*,#5435,.F.);
#13248 = ORIENTED_EDGE('',*,*,#9818,.T.);
#13249 = ADVANCED_FACE('',(#13250),#6105,.F.);
#13250 = FACE_BOUND('',#13251,.F.);
#13251 = EDGE_LOOP('',(#13252,#13253,#13254));
#13252 = ORIENTED_EDGE('',*,*,#6089,.F.);
#13253 = ORIENTED_EDGE('',*,*,#6303,.F.);
#13254 = ORIENTED_EDGE('',*,*,#13255,.F.);
#13255 = EDGE_CURVE('',#6062,#6277,#13256,.T.);
#13256 = SURFACE_CURVE('',#13257,(#13261,#13268),.PCURVE_S1.);
#13257 = LINE('',#13258,#13259);
#13258 = CARTESIAN_POINT('',(-7.8,-8.198373822493,4.4));
#13259 = VECTOR('',#13260,1.);
#13260 = DIRECTION('',(-0.866025403784,0.5,-6.123233995737E-17));
#13261 = PCURVE('',#6105,#13262);
#13262 = DEFINITIONAL_REPRESENTATION('',(#13263),#13267);
#13263 = LINE('',#13264,#13265);
#13264 = CARTESIAN_POINT('',(2.6,8.198373822493));
#13265 = VECTOR('',#13266,1.);
#13266 = DIRECTION('',(-0.866025403784,-0.5));
#13267 = ( GEOMETRIC_REPRESENTATION_CONTEXT(2) 
PARAMETRIC_REPRESENTATION_CONTEXT() REPRESENTATION_CONTEXT('2D SPACE',''
  ) );
#13268 = PCURVE('',#6077,#13269);
#13269 = DEFINITIONAL_REPRESENTATION('',(#13270),#13274);
#13270 = LINE('',#13271,#13272);
#13271 = CARTESIAN_POINT('',(0.,0.));
#13272 = VECTOR('',#13273,1.);
#13273 = DIRECTION('',(1.,0.));
#13274 = ( GEOMETRIC_REPRESENTATION_CONTEXT(2) 
PARAMETRIC_REPRESENTATION_CONTEXT() REPRESENTATION_CONTEXT('2D SPACE',''
  ) );
#13275 = ADVANCED_FACE('',(#13276),#6077,.T.);
#13276 = FACE_BOUND('',#13277,.T.);
#13277 = EDGE_LOOP('',(#13278,#13279,#13280,#13301));
#13278 = ORIENTED_EDGE('',*,*,#13255,.F.);
#13279 = ORIENTED_EDGE('',*,*,#6061,.T.);
#13280 = ORIENTED_EDGE('',*,*,#13281,.F.);
#13281 = EDGE_CURVE('',#6253,#6034,#13282,.T.);
#13282 = SURFACE_CURVE('',#13283,(#13287,#13294),.PCURVE_S1.);
#13283 = LINE('',#13284,#13285);
#13284 = CARTESIAN_POINT('',(-10.55,-6.610660582221,4.));
#13285 = VECTOR('',#13286,1.);
#13286 = DIRECTION('',(0.866025403784,-0.5,6.123233995737E-17));
#13287 = PCURVE('',#6077,#13288);
#13288 = DEFINITIONAL_REPRESENTATION('',(#13289),#13293);
#13289 = LINE('',#13290,#13291);
#13290 = CARTESIAN_POINT('',(3.175426480543,-0.4));
#13291 = VECTOR('',#13292,1.);
#13292 = DIRECTION('',(-1.,0.));
#13293 = ( GEOMETRIC_REPRESENTATION_CONTEXT(2) 
PARAMETRIC_REPRESENTATION_CONTEXT() REPRESENTATION_CONTEXT('2D SPACE',''
  ) );
#13294 = PCURVE('',#6049,#13295);
#13295 = DEFINITIONAL_REPRESENTATION('',(#13296),#13300);
#13296 = LINE('',#13297,#13298);
#13297 = CARTESIAN_POINT('',(-0.15,6.610660582221));
#13298 = VECTOR('',#13299,1.);
#13299 = DIRECTION('',(0.866025403784,0.5));
#13300 = ( GEOMETRIC_REPRESENTATION_CONTEXT(2) 
PARAMETRIC_REPRESENTATION_CONTEXT() REPRESENTATION_CONTEXT('2D SPACE',''
  ) );
#13301 = ORIENTED_EDGE('',*,*,#6276,.T.);
#13302 = ADVANCED_FACE('',(#13303,#13461,#13496,#13531,#13566,#13601,
    #13636,#13671,#13706,#13741,#13776,#13811,#13846,#13881,#13916,
    #13951,#13986,#14021,#14056,#14091),#6049,.F.);
#13303 = FACE_BOUND('',#13304,.F.);
#13304 = EDGE_LOOP('',(#13305,#13306,#13307,#13308,#13309,#13310,#13311,
    #13312,#13313,#13314,#13315,#13316,#13337,#13338,#13339,#13340,
    #13341,#13342,#13343,#13344,#13345,#13346,#13367,#13368,#13369,
    #13370,#13371,#13372,#13373,#13374,#13375,#13396,#13397,#13398,
    #13399,#13400,#13401,#13402,#13403,#13404,#13425,#13426,#13427,
    #13428,#13429,#13430,#13431,#13432,#13433,#13454,#13455,#13456,
    #13457,#13458,#13459,#13460));
#13305 = ORIENTED_EDGE('',*,*,#6033,.F.);
#13306 = ORIENTED_EDGE('',*,*,#13281,.F.);
#13307 = ORIENTED_EDGE('',*,*,#6252,.F.);
#13308 = ORIENTED_EDGE('',*,*,#6331,.F.);
#13309 = ORIENTED_EDGE('',*,*,#6380,.F.);
#13310 = ORIENTED_EDGE('',*,*,#6484,.F.);
#13311 = ORIENTED_EDGE('',*,*,#6535,.F.);
#13312 = ORIENTED_EDGE('',*,*,#6562,.F.);
#13313 = ORIENTED_EDGE('',*,*,#6611,.F.);
#13314 = ORIENTED_EDGE('',*,*,#6660,.F.);
#13315 = ORIENTED_EDGE('',*,*,#6709,.F.);
#13316 = ORIENTED_EDGE('',*,*,#13317,.F.);
#13317 = EDGE_CURVE('',#6871,#6710,#13318,.T.);
#13318 = SURFACE_CURVE('',#13319,(#13323,#13330),.PCURVE_S1.);
#13319 = LINE('',#13320,#13321);
#13320 = CARTESIAN_POINT('',(-11.,1.327905619136,4.));
#13321 = VECTOR('',#13322,1.);
#13322 = DIRECTION('',(-4.807406715959E-16,-1.,1.224646799147E-16));
#13323 = PCURVE('',#6049,#13324);
#13324 = DEFINITIONAL_REPRESENTATION('',(#13325),#13329);
#13325 = LINE('',#13326,#13327);
#13326 = CARTESIAN_POINT('',(-0.6,-1.327905619136));
#13327 = VECTOR('',#13328,1.);
#13328 = DIRECTION('',(-4.807406715959E-16,1.));
#13329 = ( GEOMETRIC_REPRESENTATION_CONTEXT(2) 
PARAMETRIC_REPRESENTATION_CONTEXT() REPRESENTATION_CONTEXT('2D SPACE',''
  ) );
#13330 = PCURVE('',#6748,#13331);
#13331 = DEFINITIONAL_REPRESENTATION('',(#13332),#13336);
#13332 = LINE('',#13333,#13334);
#13333 = CARTESIAN_POINT('',(-1.327905619136,-0.4));
#13334 = VECTOR('',#13335,1.);
#13335 = DIRECTION('',(-1.,0.));
#13336 = ( GEOMETRIC_REPRESENTATION_CONTEXT(2) 
PARAMETRIC_REPRESENTATION_CONTEXT() REPRESENTATION_CONTEXT('2D SPACE',''
  ) );
#13337 = ORIENTED_EDGE('',*,*,#6870,.F.);
#13338 = ORIENTED_EDGE('',*,*,#6972,.F.);
#13339 = ORIENTED_EDGE('',*,*,#6999,.F.);
#13340 = ORIENTED_EDGE('',*,*,#7048,.F.);
#13341 = ORIENTED_EDGE('',*,*,#7178,.F.);
#13342 = ORIENTED_EDGE('',*,*,#7207,.F.);
#13343 = ORIENTED_EDGE('',*,*,#7256,.F.);
#13344 = ORIENTED_EDGE('',*,*,#7305,.F.);
#13345 = ORIENTED_EDGE('',*,*,#7354,.F.);
#13346 = ORIENTED_EDGE('',*,*,#13347,.F.);
#13347 = EDGE_CURVE('',#7542,#7355,#13348,.T.);
#13348 = SURFACE_CURVE('',#13349,(#13353,#13360),.PCURVE_S1.);
#13349 = LINE('',#13350,#13351);
#13350 = CARTESIAN_POINT('',(-8.25,7.938566201357,4.));
#13351 = VECTOR('',#13352,1.);
#13352 = DIRECTION('',(-0.866025403784,-0.5,6.123233995737E-17));
#13353 = PCURVE('',#6049,#13354);
#13354 = DEFINITIONAL_REPRESENTATION('',(#13355),#13359);
#13355 = LINE('',#13356,#13357);
#13356 = CARTESIAN_POINT('',(2.15,-7.938566201357));
#13357 = VECTOR('',#13358,1.);
#13358 = DIRECTION('',(-0.866025403784,0.5));
#13359 = ( GEOMETRIC_REPRESENTATION_CONTEXT(2) 
PARAMETRIC_REPRESENTATION_CONTEXT() REPRESENTATION_CONTEXT('2D SPACE',''
  ) );
#13360 = PCURVE('',#7393,#13361);
#13361 = DEFINITIONAL_REPRESENTATION('',(#13362),#13366);
#13362 = LINE('',#13363,#13364);
#13363 = CARTESIAN_POINT('',(-5.831237718815,-0.4));
#13364 = VECTOR('',#13365,1.);
#13365 = DIRECTION('',(-1.,0.));
#13366 = ( GEOMETRIC_REPRESENTATION_CONTEXT(2) 
PARAMETRIC_REPRESENTATION_CONTEXT() REPRESENTATION_CONTEXT('2D SPACE',''
  ) );
#13367 = ORIENTED_EDGE('',*,*,#7541,.F.);
#13368 = ORIENTED_EDGE('',*,*,#7621,.F.);
#13369 = ORIENTED_EDGE('',*,*,#7670,.F.);
#13370 = ORIENTED_EDGE('',*,*,#7800,.F.);
#13371 = ORIENTED_EDGE('',*,*,#7829,.F.);
#13372 = ORIENTED_EDGE('',*,*,#7878,.F.);
#13373 = ORIENTED_EDGE('',*,*,#7927,.F.);
#13374 = ORIENTED_EDGE('',*,*,#7976,.F.);
#13375 = ORIENTED_EDGE('',*,*,#13376,.F.);
#13376 = EDGE_CURVE('',#8164,#7977,#13377,.T.);
#13377 = SURFACE_CURVE('',#13378,(#13382,#13389),.PCURVE_S1.);
#13378 = LINE('',#13379,#13380);
#13379 = CARTESIAN_POINT('',(2.75,11.1139926819,4.));
#13380 = VECTOR('',#13381,1.);
#13381 = DIRECTION('',(-0.866025403784,0.5,-6.123233995737E-17));
#13382 = PCURVE('',#6049,#13383);
#13383 = DEFINITIONAL_REPRESENTATION('',(#13384),#13388);
#13384 = LINE('',#13385,#13386);
#13385 = CARTESIAN_POINT('',(13.15,-11.1139926819));
#13386 = VECTOR('',#13387,1.);
#13387 = DIRECTION('',(-0.866025403784,-0.5));
#13388 = ( GEOMETRIC_REPRESENTATION_CONTEXT(2) 
PARAMETRIC_REPRESENTATION_CONTEXT() REPRESENTATION_CONTEXT('2D SPACE',''
  ) );
#13389 = PCURVE('',#8015,#13390);
#13390 = DEFINITIONAL_REPRESENTATION('',(#13391),#13395);
#13391 = LINE('',#13392,#13393);
#13392 = CARTESIAN_POINT('',(-5.831237718815,-0.4));
#13393 = VECTOR('',#13394,1.);
#13394 = DIRECTION('',(-1.,0.));
#13395 = ( GEOMETRIC_REPRESENTATION_CONTEXT(2) 
PARAMETRIC_REPRESENTATION_CONTEXT() REPRESENTATION_CONTEXT('2D SPACE',''
  ) );
#13396 = ORIENTED_EDGE('',*,*,#8163,.F.);
#13397 = ORIENTED_EDGE('',*,*,#8243,.F.);
#13398 = ORIENTED_EDGE('',*,*,#8292,.F.);
#13399 = ORIENTED_EDGE('',*,*,#8422,.F.);
#13400 = ORIENTED_EDGE('',*,*,#8451,.F.);
#13401 = ORIENTED_EDGE('',*,*,#8500,.F.);
#13402 = ORIENTED_EDGE('',*,*,#8549,.F.);
#13403 = ORIENTED_EDGE('',*,*,#8598,.F.);
#13404 = ORIENTED_EDGE('',*,*,#13405,.F.);
#13405 = EDGE_CURVE('',#8786,#8599,#13406,.T.);
#13406 = SURFACE_CURVE('',#13407,(#13411,#13418),.PCURVE_S1.);
#13407 = LINE('',#13408,#13409);
#13408 = CARTESIAN_POINT('',(11.,-1.327905619136,4.));
#13409 = VECTOR('',#13410,1.);
#13410 = DIRECTION('',(-4.807406715959E-16,1.,-1.224646799147E-16));
#13411 = PCURVE('',#6049,#13412);
#13412 = DEFINITIONAL_REPRESENTATION('',(#13413),#13417);
#13413 = LINE('',#13414,#13415);
#13414 = CARTESIAN_POINT('',(21.4,1.327905619136));
#13415 = VECTOR('',#13416,1.);
#13416 = DIRECTION('',(-4.807406715959E-16,-1.));
#13417 = ( GEOMETRIC_REPRESENTATION_CONTEXT(2) 
PARAMETRIC_REPRESENTATION_CONTEXT() REPRESENTATION_CONTEXT('2D SPACE',''
  ) );
#13418 = PCURVE('',#8637,#13419);
#13419 = DEFINITIONAL_REPRESENTATION('',(#13420),#13424);
#13420 = LINE('',#13421,#13422);
#13421 = CARTESIAN_POINT('',(-1.327905619136,-0.4));
#13422 = VECTOR('',#13423,1.);
#13423 = DIRECTION('',(-1.,0.));
#13424 = ( GEOMETRIC_REPRESENTATION_CONTEXT(2) 
PARAMETRIC_REPRESENTATION_CONTEXT() REPRESENTATION_CONTEXT('2D SPACE',''
  ) );
#13425 = ORIENTED_EDGE('',*,*,#8785,.F.);
#13426 = ORIENTED_EDGE('',*,*,#8865,.F.);
#13427 = ORIENTED_EDGE('',*,*,#8914,.F.);
#13428 = ORIENTED_EDGE('',*,*,#9044,.F.);
#13429 = ORIENTED_EDGE('',*,*,#9073,.F.);
#13430 = ORIENTED_EDGE('',*,*,#9122,.F.);
#13431 = ORIENTED_EDGE('',*,*,#9171,.F.);
#13432 = ORIENTED_EDGE('',*,*,#9220,.F.);
#13433 = ORIENTED_EDGE('',*,*,#13434,.F.);
#13434 = EDGE_CURVE('',#9408,#9221,#13435,.T.);
#13435 = SURFACE_CURVE('',#13436,(#13440,#13447),.PCURVE_S1.);
#13436 = LINE('',#13437,#13438);
#13437 = CARTESIAN_POINT('',(0.45,-12.44189830103,4.));
#13438 = VECTOR('',#13439,1.);
#13439 = DIRECTION('',(0.866025403784,0.5,-6.123233995737E-17));
#13440 = PCURVE('',#6049,#13441);
#13441 = DEFINITIONAL_REPRESENTATION('',(#13442),#13446);
#13442 = LINE('',#13443,#13444);
#13443 = CARTESIAN_POINT('',(10.85,12.441898301036));
#13444 = VECTOR('',#13445,1.);
#13445 = DIRECTION('',(0.866025403784,-0.5));
#13446 = ( GEOMETRIC_REPRESENTATION_CONTEXT(2) 
PARAMETRIC_REPRESENTATION_CONTEXT() REPRESENTATION_CONTEXT('2D SPACE',''
  ) );
#13447 = PCURVE('',#9259,#13448);
#13448 = DEFINITIONAL_REPRESENTATION('',(#13449),#13453);
#13449 = LINE('',#13450,#13451);
#13450 = CARTESIAN_POINT('',(3.175426480543,-0.4));
#13451 = VECTOR('',#13452,1.);
#13452 = DIRECTION('',(-1.,0.));
#13453 = ( GEOMETRIC_REPRESENTATION_CONTEXT(2) 
PARAMETRIC_REPRESENTATION_CONTEXT() REPRESENTATION_CONTEXT('2D SPACE',''
  ) );
#13454 = ORIENTED_EDGE('',*,*,#9407,.F.);
#13455 = ORIENTED_EDGE('',*,*,#9487,.F.);
#13456 = ORIENTED_EDGE('',*,*,#9536,.F.);
#13457 = ORIENTED_EDGE('',*,*,#9666,.F.);
#13458 = ORIENTED_EDGE('',*,*,#9695,.F.);
#13459 = ORIENTED_EDGE('',*,*,#9744,.F.);
#13460 = ORIENTED_EDGE('',*,*,#9793,.F.);
#13461 = FACE_BOUND('',#13462,.F.);
#13462 = EDGE_LOOP('',(#13463));
#13463 = ORIENTED_EDGE('',*,*,#13464,.T.);
#13464 = EDGE_CURVE('',#13465,#13465,#13467,.T.);
#13465 = VERTEX_POINT('',#13466);
#13466 = CARTESIAN_POINT('',(-3.,9.006664199358,4.));
#13467 = SURFACE_CURVE('',#13468,(#13473,#13484),.PCURVE_S1.);
#13468 = CIRCLE('',#13469,2.2);
#13469 = AXIS2_PLACEMENT_3D('',#13470,#13471,#13472);
#13470 = CARTESIAN_POINT('',(-5.2,9.006664199358,4.));
#13471 = DIRECTION('',(-0.,1.224646799147E-16,1.));
#13472 = DIRECTION('',(1.,0.,0.));
#13473 = PCURVE('',#6049,#13474);
#13474 = DEFINITIONAL_REPRESENTATION('',(#13475),#13483);
#13475 = ( BOUNDED_CURVE() B_SPLINE_CURVE(2,(#13476,#13477,#13478,#13479
    ,#13480,#13481,#13482),.UNSPECIFIED.,.T.,.F.) 
B_SPLINE_CURVE_WITH_KNOTS((1,2,2,2,2,1),(-2.094395102393,0.,
    2.094395102393,4.188790204786,6.28318530718,8.377580409573),
.UNSPECIFIED.) CURVE() GEOMETRIC_REPRESENTATION_ITEM() 
RATIONAL_B_SPLINE_CURVE((1.,0.5,1.,0.5,1.,0.5,1.)) REPRESENTATION_ITEM(
  '') );
#13476 = CARTESIAN_POINT('',(7.4,-9.006664199358));
#13477 = CARTESIAN_POINT('',(7.4,-12.81717597601));
#13478 = CARTESIAN_POINT('',(4.1,-10.91192008768));
#13479 = CARTESIAN_POINT('',(0.8,-9.006664199358));
#13480 = CARTESIAN_POINT('',(4.1,-7.101408311032));
#13481 = CARTESIAN_POINT('',(7.4,-5.196152422707));
#13482 = CARTESIAN_POINT('',(7.4,-9.006664199358));
#13483 = ( GEOMETRIC_REPRESENTATION_CONTEXT(2) 
PARAMETRIC_REPRESENTATION_CONTEXT() REPRESENTATION_CONTEXT('2D SPACE',''
  ) );
#13484 = PCURVE('',#13485,#13490);
#13485 = CYLINDRICAL_SURFACE('',#13486,2.2);
#13486 = AXIS2_PLACEMENT_3D('',#13487,#13488,#13489);
#13487 = CARTESIAN_POINT('',(-5.2,9.006664199358,5.38));
#13488 = DIRECTION('',(-0.,1.224646799147E-16,1.));
#13489 = DIRECTION('',(1.,0.,0.));
#13490 = DEFINITIONAL_REPRESENTATION('',(#13491),#13495);
#13491 = LINE('',#13492,#13493);
#13492 = CARTESIAN_POINT('',(-6.28318530718,-1.38));
#13493 = VECTOR('',#13494,1.);
#13494 = DIRECTION('',(1.,-0.));
#13495 = ( GEOMETRIC_REPRESENTATION_CONTEXT(2) 
PARAMETRIC_REPRESENTATION_CONTEXT() REPRESENTATION_CONTEXT('2D SPACE',''
  ) );
#13496 = FACE_BOUND('',#13497,.F.);
#13497 = EDGE_LOOP('',(#13498));
#13498 = ORIENTED_EDGE('',*,*,#13499,.T.);
#13499 = EDGE_CURVE('',#13500,#13500,#13502,.T.);
#13500 = VERTEX_POINT('',#13501);
#13501 = CARTESIAN_POINT('',(-5.6,4.503332099679,4.));
#13502 = SURFACE_CURVE('',#13503,(#13508,#13519),.PCURVE_S1.);
#13503 = CIRCLE('',#13504,2.2);
#13504 = AXIS2_PLACEMENT_3D('',#13505,#13506,#13507);
#13505 = CARTESIAN_POINT('',(-7.8,4.503332099679,4.));
#13506 = DIRECTION('',(-0.,1.224646799147E-16,1.));
#13507 = DIRECTION('',(1.,0.,0.));
#13508 = PCURVE('',#6049,#13509);
#13509 = DEFINITIONAL_REPRESENTATION('',(#13510),#13518);
#13510 = ( BOUNDED_CURVE() B_SPLINE_CURVE(2,(#13511,#13512,#13513,#13514
    ,#13515,#13516,#13517),.UNSPECIFIED.,.T.,.F.) 
B_SPLINE_CURVE_WITH_KNOTS((1,2,2,2,2,1),(-2.094395102393,0.,
    2.094395102393,4.188790204786,6.28318530718,8.377580409573),
.UNSPECIFIED.) CURVE() GEOMETRIC_REPRESENTATION_ITEM() 
RATIONAL_B_SPLINE_CURVE((1.,0.5,1.,0.5,1.,0.5,1.)) REPRESENTATION_ITEM(
  '') );
#13511 = CARTESIAN_POINT('',(4.8,-4.503332099679));
#13512 = CARTESIAN_POINT('',(4.8,-8.313843876331));
#13513 = CARTESIAN_POINT('',(1.5,-6.408587988005));
#13514 = CARTESIAN_POINT('',(-1.8,-4.503332099679));
#13515 = CARTESIAN_POINT('',(1.5,-2.598076211353));
#13516 = CARTESIAN_POINT('',(4.8,-0.692820323028));
#13517 = CARTESIAN_POINT('',(4.8,-4.503332099679));
#13518 = ( GEOMETRIC_REPRESENTATION_CONTEXT(2) 
PARAMETRIC_REPRESENTATION_CONTEXT() REPRESENTATION_CONTEXT('2D SPACE',''
  ) );
#13519 = PCURVE('',#13520,#13525);
#13520 = CYLINDRICAL_SURFACE('',#13521,2.2);
#13521 = AXIS2_PLACEMENT_3D('',#13522,#13523,#13524);
#13522 = CARTESIAN_POINT('',(-7.8,4.503332099679,5.38));
#13523 = DIRECTION('',(-0.,1.224646799147E-16,1.));
#13524 = DIRECTION('',(1.,0.,0.));
#13525 = DEFINITIONAL_REPRESENTATION('',(#13526),#13530);
#13526 = LINE('',#13527,#13528);
#13527 = CARTESIAN_POINT('',(-6.28318530718,-1.38));
#13528 = VECTOR('',#13529,1.);
#13529 = DIRECTION('',(1.,-0.));
#13530 = ( GEOMETRIC_REPRESENTATION_CONTEXT(2) 
PARAMETRIC_REPRESENTATION_CONTEXT() REPRESENTATION_CONTEXT('2D SPACE',''
  ) );
#13531 = FACE_BOUND('',#13532,.F.);
#13532 = EDGE_LOOP('',(#13533));
#13533 = ORIENTED_EDGE('',*,*,#13534,.T.);
#13534 = EDGE_CURVE('',#13535,#13535,#13537,.T.);
#13535 = VERTEX_POINT('',#13536);
#13536 = CARTESIAN_POINT('',(-0.4,4.503332099679,4.));
#13537 = SURFACE_CURVE('',#13538,(#13543,#13554),.PCURVE_S1.);
#13538 = CIRCLE('',#13539,2.2);
#13539 = AXIS2_PLACEMENT_3D('',#13540,#13541,#13542);
#13540 = CARTESIAN_POINT('',(-2.6,4.503332099679,4.));
#13541 = DIRECTION('',(-0.,1.224646799147E-16,1.));
#13542 = DIRECTION('',(1.,0.,0.));
#13543 = PCURVE('',#6049,#13544);
#13544 = DEFINITIONAL_REPRESENTATION('',(#13545),#13553);
#13545 = ( BOUNDED_CURVE() B_SPLINE_CURVE(2,(#13546,#13547,#13548,#13549
    ,#13550,#13551,#13552),.UNSPECIFIED.,.T.,.F.) 
B_SPLINE_CURVE_WITH_KNOTS((1,2,2,2,2,1),(-2.094395102393,0.,
    2.094395102393,4.188790204786,6.28318530718,8.377580409573),
.UNSPECIFIED.) CURVE() GEOMETRIC_REPRESENTATION_ITEM() 
RATIONAL_B_SPLINE_CURVE((1.,0.5,1.,0.5,1.,0.5,1.)) REPRESENTATION_ITEM(
  '') );
#13546 = CARTESIAN_POINT('',(10.,-4.503332099679));
#13547 = CARTESIAN_POINT('',(10.,-8.313843876331));
#13548 = CARTESIAN_POINT('',(6.7,-6.408587988005));
#13549 = CARTESIAN_POINT('',(3.4,-4.503332099679));
#13550 = CARTESIAN_POINT('',(6.7,-2.598076211353));
#13551 = CARTESIAN_POINT('',(10.,-0.692820323028));
#13552 = CARTESIAN_POINT('',(10.,-4.503332099679));
#13553 = ( GEOMETRIC_REPRESENTATION_CONTEXT(2) 
PARAMETRIC_REPRESENTATION_CONTEXT() REPRESENTATION_CONTEXT('2D SPACE',''
  ) );
#13554 = PCURVE('',#13555,#13560);
#13555 = CYLINDRICAL_SURFACE('',#13556,2.2);
#13556 = AXIS2_PLACEMENT_3D('',#13557,#13558,#13559);
#13557 = CARTESIAN_POINT('',(-2.6,4.503332099679,5.38));
#13558 = DIRECTION('',(-0.,1.224646799147E-16,1.));
#13559 = DIRECTION('',(1.,0.,0.));
#13560 = DEFINITIONAL_REPRESENTATION('',(#13561),#13565);
#13561 = LINE('',#13562,#13563);
#13562 = CARTESIAN_POINT('',(-6.28318530718,-1.38));
#13563 = VECTOR('',#13564,1.);
#13564 = DIRECTION('',(1.,-0.));
#13565 = ( GEOMETRIC_REPRESENTATION_CONTEXT(2) 
PARAMETRIC_REPRESENTATION_CONTEXT() REPRESENTATION_CONTEXT('2D SPACE',''
  ) );
#13566 = FACE_BOUND('',#13567,.F.);
#13567 = EDGE_LOOP('',(#13568));
#13568 = ORIENTED_EDGE('',*,*,#13569,.T.);
#13569 = EDGE_CURVE('',#13570,#13570,#13572,.T.);
#13570 = VERTEX_POINT('',#13571);
#13571 = CARTESIAN_POINT('',(2.2,9.006664199358,4.));
#13572 = SURFACE_CURVE('',#13573,(#13578,#13589),.PCURVE_S1.);
#13573 = CIRCLE('',#13574,2.2);
#13574 = AXIS2_PLACEMENT_3D('',#13575,#13576,#13577);
#13575 = CARTESIAN_POINT('',(0.,9.006664199358,4.));
#13576 = DIRECTION('',(-0.,1.224646799147E-16,1.));
#13577 = DIRECTION('',(1.,0.,0.));
#13578 = PCURVE('',#6049,#13579);
#13579 = DEFINITIONAL_REPRESENTATION('',(#13580),#13588);
#13580 = ( BOUNDED_CURVE() B_SPLINE_CURVE(2,(#13581,#13582,#13583,#13584
    ,#13585,#13586,#13587),.UNSPECIFIED.,.T.,.F.) 
B_SPLINE_CURVE_WITH_KNOTS((1,2,2,2,2,1),(-2.094395102393,0.,
    2.094395102393,4.188790204786,6.28318530718,8.377580409573),
.UNSPECIFIED.) CURVE() GEOMETRIC_REPRESENTATION_ITEM() 
RATIONAL_B_SPLINE_CURVE((1.,0.5,1.,0.5,1.,0.5,1.)) REPRESENTATION_ITEM(
  '') );
#13581 = CARTESIAN_POINT('',(12.6,-9.006664199358));
#13582 = CARTESIAN_POINT('',(12.6,-12.81717597601));
#13583 = CARTESIAN_POINT('',(9.3,-10.91192008768));
#13584 = CARTESIAN_POINT('',(6.,-9.006664199358));
#13585 = CARTESIAN_POINT('',(9.3,-7.101408311032));
#13586 = CARTESIAN_POINT('',(12.6,-5.196152422707));
#13587 = CARTESIAN_POINT('',(12.6,-9.006664199358));
#13588 = ( GEOMETRIC_REPRESENTATION_CONTEXT(2) 
PARAMETRIC_REPRESENTATION_CONTEXT() REPRESENTATION_CONTEXT('2D SPACE',''
  ) );
#13589 = PCURVE('',#13590,#13595);
#13590 = CYLINDRICAL_SURFACE('',#13591,2.2);
#13591 = AXIS2_PLACEMENT_3D('',#13592,#13593,#13594);
#13592 = CARTESIAN_POINT('',(0.,9.006664199358,5.38));
#13593 = DIRECTION('',(-0.,1.224646799147E-16,1.));
#13594 = DIRECTION('',(1.,0.,0.));
#13595 = DEFINITIONAL_REPRESENTATION('',(#13596),#13600);
#13596 = LINE('',#13597,#13598);
#13597 = CARTESIAN_POINT('',(-6.28318530718,-1.38));
#13598 = VECTOR('',#13599,1.);
#13599 = DIRECTION('',(1.,-0.));
#13600 = ( GEOMETRIC_REPRESENTATION_CONTEXT(2) 
PARAMETRIC_REPRESENTATION_CONTEXT() REPRESENTATION_CONTEXT('2D SPACE',''
  ) );
#13601 = FACE_BOUND('',#13602,.F.);
#13602 = EDGE_LOOP('',(#13603));
#13603 = ORIENTED_EDGE('',*,*,#13604,.T.);
#13604 = EDGE_CURVE('',#13605,#13605,#13607,.T.);
#13605 = VERTEX_POINT('',#13606);
#13606 = CARTESIAN_POINT('',(7.4,9.006664199358,4.));
#13607 = SURFACE_CURVE('',#13608,(#13613,#13624),.PCURVE_S1.);
#13608 = CIRCLE('',#13609,2.2);
#13609 = AXIS2_PLACEMENT_3D('',#13610,#13611,#13612);
#13610 = CARTESIAN_POINT('',(5.2,9.006664199358,4.));
#13611 = DIRECTION('',(-0.,1.224646799147E-16,1.));
#13612 = DIRECTION('',(1.,0.,0.));
#13613 = PCURVE('',#6049,#13614);
#13614 = DEFINITIONAL_REPRESENTATION('',(#13615),#13623);
#13615 = ( BOUNDED_CURVE() B_SPLINE_CURVE(2,(#13616,#13617,#13618,#13619
    ,#13620,#13621,#13622),.UNSPECIFIED.,.T.,.F.) 
B_SPLINE_CURVE_WITH_KNOTS((1,2,2,2,2,1),(-2.094395102393,0.,
    2.094395102393,4.188790204786,6.28318530718,8.377580409573),
.UNSPECIFIED.) CURVE() GEOMETRIC_REPRESENTATION_ITEM() 
RATIONAL_B_SPLINE_CURVE((1.,0.5,1.,0.5,1.,0.5,1.)) REPRESENTATION_ITEM(
  '') );
#13616 = CARTESIAN_POINT('',(17.8,-9.006664199358));
#13617 = CARTESIAN_POINT('',(17.8,-12.81717597601));
#13618 = CARTESIAN_POINT('',(14.5,-10.91192008768));
#13619 = CARTESIAN_POINT('',(11.2,-9.006664199358));
#13620 = CARTESIAN_POINT('',(14.5,-7.101408311032));
#13621 = CARTESIAN_POINT('',(17.8,-5.196152422707));
#13622 = CARTESIAN_POINT('',(17.8,-9.006664199358));
#13623 = ( GEOMETRIC_REPRESENTATION_CONTEXT(2) 
PARAMETRIC_REPRESENTATION_CONTEXT() REPRESENTATION_CONTEXT('2D SPACE',''
  ) );
#13624 = PCURVE('',#13625,#13630);
#13625 = CYLINDRICAL_SURFACE('',#13626,2.2);
#13626 = AXIS2_PLACEMENT_3D('',#13627,#13628,#13629);
#13627 = CARTESIAN_POINT('',(5.2,9.006664199358,5.38));
#13628 = DIRECTION('',(-0.,1.224646799147E-16,1.));
#13629 = DIRECTION('',(1.,0.,0.));
#13630 = DEFINITIONAL_REPRESENTATION('',(#13631),#13635);
#13631 = LINE('',#13632,#13633);
#13632 = CARTESIAN_POINT('',(-6.28318530718,-1.38));
#13633 = VECTOR('',#13634,1.);
#13634 = DIRECTION('',(1.,-0.));
#13635 = ( GEOMETRIC_REPRESENTATION_CONTEXT(2) 
PARAMETRIC_REPRESENTATION_CONTEXT() REPRESENTATION_CONTEXT('2D SPACE',''
  ) );
#13636 = FACE_BOUND('',#13637,.F.);
#13637 = EDGE_LOOP('',(#13638));
#13638 = ORIENTED_EDGE('',*,*,#13639,.T.);
#13639 = EDGE_CURVE('',#13640,#13640,#13642,.T.);
#13640 = VERTEX_POINT('',#13641);
#13641 = CARTESIAN_POINT('',(4.8,4.503332099679,4.));
#13642 = SURFACE_CURVE('',#13643,(#13648,#13659),.PCURVE_S1.);
#13643 = CIRCLE('',#13644,2.2);
#13644 = AXIS2_PLACEMENT_3D('',#13645,#13646,#13647);
#13645 = CARTESIAN_POINT('',(2.6,4.503332099679,4.));
#13646 = DIRECTION('',(-0.,1.224646799147E-16,1.));
#13647 = DIRECTION('',(1.,0.,0.));
#13648 = PCURVE('',#6049,#13649);
#13649 = DEFINITIONAL_REPRESENTATION('',(#13650),#13658);
#13650 = ( BOUNDED_CURVE() B_SPLINE_CURVE(2,(#13651,#13652,#13653,#13654
    ,#13655,#13656,#13657),.UNSPECIFIED.,.T.,.F.) 
B_SPLINE_CURVE_WITH_KNOTS((1,2,2,2,2,1),(-2.094395102393,0.,
    2.094395102393,4.188790204786,6.28318530718,8.377580409573),
.UNSPECIFIED.) CURVE() GEOMETRIC_REPRESENTATION_ITEM() 
RATIONAL_B_SPLINE_CURVE((1.,0.5,1.,0.5,1.,0.5,1.)) REPRESENTATION_ITEM(
  '') );
#13651 = CARTESIAN_POINT('',(15.2,-4.503332099679));
#13652 = CARTESIAN_POINT('',(15.2,-8.313843876331));
#13653 = CARTESIAN_POINT('',(11.9,-6.408587988005));
#13654 = CARTESIAN_POINT('',(8.6,-4.503332099679));
#13655 = CARTESIAN_POINT('',(11.9,-2.598076211353));
#13656 = CARTESIAN_POINT('',(15.2,-0.692820323028));
#13657 = CARTESIAN_POINT('',(15.2,-4.503332099679));
#13658 = ( GEOMETRIC_REPRESENTATION_CONTEXT(2) 
PARAMETRIC_REPRESENTATION_CONTEXT() REPRESENTATION_CONTEXT('2D SPACE',''
  ) );
#13659 = PCURVE('',#13660,#13665);
#13660 = CYLINDRICAL_SURFACE('',#13661,2.2);
#13661 = AXIS2_PLACEMENT_3D('',#13662,#13663,#13664);
#13662 = CARTESIAN_POINT('',(2.6,4.503332099679,5.38));
#13663 = DIRECTION('',(-0.,1.224646799147E-16,1.));
#13664 = DIRECTION('',(1.,0.,0.));
#13665 = DEFINITIONAL_REPRESENTATION('',(#13666),#13670);
#13666 = LINE('',#13667,#13668);
#13667 = CARTESIAN_POINT('',(-6.28318530718,-1.38));
#13668 = VECTOR('',#13669,1.);
#13669 = DIRECTION('',(1.,-0.));
#13670 = ( GEOMETRIC_REPRESENTATION_CONTEXT(2) 
PARAMETRIC_REPRESENTATION_CONTEXT() REPRESENTATION_CONTEXT('2D SPACE',''
  ) );
#13671 = FACE_BOUND('',#13672,.F.);
#13672 = EDGE_LOOP('',(#13673));
#13673 = ORIENTED_EDGE('',*,*,#13674,.T.);
#13674 = EDGE_CURVE('',#13675,#13675,#13677,.T.);
#13675 = VERTEX_POINT('',#13676);
#13676 = CARTESIAN_POINT('',(10.,4.503332099679,4.));
#13677 = SURFACE_CURVE('',#13678,(#13683,#13694),.PCURVE_S1.);
#13678 = CIRCLE('',#13679,2.2);
#13679 = AXIS2_PLACEMENT_3D('',#13680,#13681,#13682);
#13680 = CARTESIAN_POINT('',(7.8,4.503332099679,4.));
#13681 = DIRECTION('',(-0.,1.224646799147E-16,1.));
#13682 = DIRECTION('',(1.,0.,0.));
#13683 = PCURVE('',#6049,#13684);
#13684 = DEFINITIONAL_REPRESENTATION('',(#13685),#13693);
#13685 = ( BOUNDED_CURVE() B_SPLINE_CURVE(2,(#13686,#13687,#13688,#13689
    ,#13690,#13691,#13692),.UNSPECIFIED.,.T.,.F.) 
B_SPLINE_CURVE_WITH_KNOTS((1,2,2,2,2,1),(-2.094395102393,0.,
    2.094395102393,4.188790204786,6.28318530718,8.377580409573),
.UNSPECIFIED.) CURVE() GEOMETRIC_REPRESENTATION_ITEM() 
RATIONAL_B_SPLINE_CURVE((1.,0.5,1.,0.5,1.,0.5,1.)) REPRESENTATION_ITEM(
  '') );
#13686 = CARTESIAN_POINT('',(20.4,-4.503332099679));
#13687 = CARTESIAN_POINT('',(20.4,-8.313843876331));
#13688 = CARTESIAN_POINT('',(17.1,-6.408587988005));
#13689 = CARTESIAN_POINT('',(13.8,-4.503332099679));
#13690 = CARTESIAN_POINT('',(17.1,-2.598076211353));
#13691 = CARTESIAN_POINT('',(20.4,-0.692820323028));
#13692 = CARTESIAN_POINT('',(20.4,-4.503332099679));
#13693 = ( GEOMETRIC_REPRESENTATION_CONTEXT(2) 
PARAMETRIC_REPRESENTATION_CONTEXT() REPRESENTATION_CONTEXT('2D SPACE',''
  ) );
#13694 = PCURVE('',#13695,#13700);
#13695 = CYLINDRICAL_SURFACE('',#13696,2.2);
#13696 = AXIS2_PLACEMENT_3D('',#13697,#13698,#13699);
#13697 = CARTESIAN_POINT('',(7.8,4.503332099679,5.38));
#13698 = DIRECTION('',(-0.,1.224646799147E-16,1.));
#13699 = DIRECTION('',(1.,0.,0.));
#13700 = DEFINITIONAL_REPRESENTATION('',(#13701),#13705);
#13701 = LINE('',#13702,#13703);
#13702 = CARTESIAN_POINT('',(-6.28318530718,-1.38));
#13703 = VECTOR('',#13704,1.);
#13704 = DIRECTION('',(1.,-0.));
#13705 = ( GEOMETRIC_REPRESENTATION_CONTEXT(2) 
PARAMETRIC_REPRESENTATION_CONTEXT() REPRESENTATION_CONTEXT('2D SPACE',''
  ) );
#13706 = FACE_BOUND('',#13707,.F.);
#13707 = EDGE_LOOP('',(#13708));
#13708 = ORIENTED_EDGE('',*,*,#13709,.T.);
#13709 = EDGE_CURVE('',#13710,#13710,#13712,.T.);
#13710 = VERTEX_POINT('',#13711);
#13711 = CARTESIAN_POINT('',(-8.2,-3.061616997868E-16,4.));
#13712 = SURFACE_CURVE('',#13713,(#13718,#13729),.PCURVE_S1.);
#13713 = CIRCLE('',#13714,2.2);
#13714 = AXIS2_PLACEMENT_3D('',#13715,#13716,#13717);
#13715 = CARTESIAN_POINT('',(-10.4,-3.061616997868E-16,4.));
#13716 = DIRECTION('',(-0.,1.224646799147E-16,1.));
#13717 = DIRECTION('',(1.,0.,0.));
#13718 = PCURVE('',#6049,#13719);
#13719 = DEFINITIONAL_REPRESENTATION('',(#13720),#13728);
#13720 = ( BOUNDED_CURVE() B_SPLINE_CURVE(2,(#13721,#13722,#13723,#13724
    ,#13725,#13726,#13727),.UNSPECIFIED.,.T.,.F.) 
B_SPLINE_CURVE_WITH_KNOTS((1,2,2,2,2,1),(-2.094395102393,0.,
    2.094395102393,4.188790204786,6.28318530718,8.377580409573),
.UNSPECIFIED.) CURVE() GEOMETRIC_REPRESENTATION_ITEM() 
RATIONAL_B_SPLINE_CURVE((1.,0.5,1.,0.5,1.,0.5,1.)) REPRESENTATION_ITEM(
  '') );
#13721 = CARTESIAN_POINT('',(2.2,4.203197128707E-16));
#13722 = CARTESIAN_POINT('',(2.2,-3.810511776652));
#13723 = CARTESIAN_POINT('',(-1.1,-1.905255888326));
#13724 = CARTESIAN_POINT('',(-4.4,-1.185248787541E-16));
#13725 = CARTESIAN_POINT('',(-1.1,1.905255888326));
#13726 = CARTESIAN_POINT('',(2.2,3.810511776652));
#13727 = CARTESIAN_POINT('',(2.2,4.203197128707E-16));
#13728 = ( GEOMETRIC_REPRESENTATION_CONTEXT(2) 
PARAMETRIC_REPRESENTATION_CONTEXT() REPRESENTATION_CONTEXT('2D SPACE',''
  ) );
#13729 = PCURVE('',#13730,#13735);
#13730 = CYLINDRICAL_SURFACE('',#13731,2.2);
#13731 = AXIS2_PLACEMENT_3D('',#13732,#13733,#13734);
#13732 = CARTESIAN_POINT('',(-10.4,-1.371604415045E-16,5.38));
#13733 = DIRECTION('',(-0.,1.224646799147E-16,1.));
#13734 = DIRECTION('',(1.,0.,0.));
#13735 = DEFINITIONAL_REPRESENTATION('',(#13736),#13740);
#13736 = LINE('',#13737,#13738);
#13737 = CARTESIAN_POINT('',(-6.28318530718,-1.38));
#13738 = VECTOR('',#13739,1.);
#13739 = DIRECTION('',(1.,-0.));
#13740 = ( GEOMETRIC_REPRESENTATION_CONTEXT(2) 
PARAMETRIC_REPRESENTATION_CONTEXT() REPRESENTATION_CONTEXT('2D SPACE',''
  ) );
#13741 = FACE_BOUND('',#13742,.F.);
#13742 = EDGE_LOOP('',(#13743));
#13743 = ORIENTED_EDGE('',*,*,#13744,.T.);
#13744 = EDGE_CURVE('',#13745,#13745,#13747,.T.);
#13745 = VERTEX_POINT('',#13746);
#13746 = CARTESIAN_POINT('',(-5.6,-4.503332099679,4.));
#13747 = SURFACE_CURVE('',#13748,(#13753,#13764),.PCURVE_S1.);
#13748 = CIRCLE('',#13749,2.2);
#13749 = AXIS2_PLACEMENT_3D('',#13750,#13751,#13752);
#13750 = CARTESIAN_POINT('',(-7.8,-4.503332099679,4.));
#13751 = DIRECTION('',(-0.,1.224646799147E-16,1.));
#13752 = DIRECTION('',(1.,0.,0.));
#13753 = PCURVE('',#6049,#13754);
#13754 = DEFINITIONAL_REPRESENTATION('',(#13755),#13763);
#13755 = ( BOUNDED_CURVE() B_SPLINE_CURVE(2,(#13756,#13757,#13758,#13759
    ,#13760,#13761,#13762),.UNSPECIFIED.,.T.,.F.) 
B_SPLINE_CURVE_WITH_KNOTS((1,2,2,2,2,1),(-2.094395102393,0.,
    2.094395102393,4.188790204786,6.28318530718,8.377580409573),
.UNSPECIFIED.) CURVE() GEOMETRIC_REPRESENTATION_ITEM() 
RATIONAL_B_SPLINE_CURVE((1.,0.5,1.,0.5,1.,0.5,1.)) REPRESENTATION_ITEM(
  '') );
#13756 = CARTESIAN_POINT('',(4.8,4.503332099679));
#13757 = CARTESIAN_POINT('',(4.8,0.692820323028));
#13758 = CARTESIAN_POINT('',(1.5,2.598076211353));
#13759 = CARTESIAN_POINT('',(-1.8,4.503332099679));
#13760 = CARTESIAN_POINT('',(1.5,6.408587988005));
#13761 = CARTESIAN_POINT('',(4.8,8.313843876331));
#13762 = CARTESIAN_POINT('',(4.8,4.503332099679));
#13763 = ( GEOMETRIC_REPRESENTATION_CONTEXT(2) 
PARAMETRIC_REPRESENTATION_CONTEXT() REPRESENTATION_CONTEXT('2D SPACE',''
  ) );
#13764 = PCURVE('',#13765,#13770);
#13765 = CYLINDRICAL_SURFACE('',#13766,2.2);
#13766 = AXIS2_PLACEMENT_3D('',#13767,#13768,#13769);
#13767 = CARTESIAN_POINT('',(-7.8,-4.503332099679,5.38));
#13768 = DIRECTION('',(-0.,1.224646799147E-16,1.));
#13769 = DIRECTION('',(1.,0.,0.));
#13770 = DEFINITIONAL_REPRESENTATION('',(#13771),#13775);
#13771 = LINE('',#13772,#13773);
#13772 = CARTESIAN_POINT('',(-6.28318530718,-1.38));
#13773 = VECTOR('',#13774,1.);
#13774 = DIRECTION('',(1.,-0.));
#13775 = ( GEOMETRIC_REPRESENTATION_CONTEXT(2) 
PARAMETRIC_REPRESENTATION_CONTEXT() REPRESENTATION_CONTEXT('2D SPACE',''
  ) );
#13776 = FACE_BOUND('',#13777,.F.);
#13777 = EDGE_LOOP('',(#13778));
#13778 = ORIENTED_EDGE('',*,*,#13779,.T.);
#13779 = EDGE_CURVE('',#13780,#13780,#13782,.T.);
#13780 = VERTEX_POINT('',#13781);
#13781 = CARTESIAN_POINT('',(-3.,-3.061616997868E-16,4.));
#13782 = SURFACE_CURVE('',#13783,(#13788,#13799),.PCURVE_S1.);
#13783 = CIRCLE('',#13784,2.2);
#13784 = AXIS2_PLACEMENT_3D('',#13785,#13786,#13787);
#13785 = CARTESIAN_POINT('',(-5.2,-3.061616997868E-16,4.));
#13786 = DIRECTION('',(-0.,1.224646799147E-16,1.));
#13787 = DIRECTION('',(1.,0.,0.));
#13788 = PCURVE('',#6049,#13789);
#13789 = DEFINITIONAL_REPRESENTATION('',(#13790),#13798);
#13790 = ( BOUNDED_CURVE() B_SPLINE_CURVE(2,(#13791,#13792,#13793,#13794
    ,#13795,#13796,#13797),.UNSPECIFIED.,.T.,.F.) 
B_SPLINE_CURVE_WITH_KNOTS((1,2,2,2,2,1),(-2.094395102393,0.,
    2.094395102393,4.188790204786,6.28318530718,8.377580409573),
.UNSPECIFIED.) CURVE() GEOMETRIC_REPRESENTATION_ITEM() 
RATIONAL_B_SPLINE_CURVE((1.,0.5,1.,0.5,1.,0.5,1.)) REPRESENTATION_ITEM(
  '') );
#13791 = CARTESIAN_POINT('',(7.4,4.203197128707E-16));
#13792 = CARTESIAN_POINT('',(7.4,-3.810511776652));
#13793 = CARTESIAN_POINT('',(4.1,-1.905255888326));
#13794 = CARTESIAN_POINT('',(0.8,-1.185248787541E-16));
#13795 = CARTESIAN_POINT('',(4.1,1.905255888326));
#13796 = CARTESIAN_POINT('',(7.4,3.810511776652));
#13797 = CARTESIAN_POINT('',(7.4,4.203197128707E-16));
#13798 = ( GEOMETRIC_REPRESENTATION_CONTEXT(2) 
PARAMETRIC_REPRESENTATION_CONTEXT() REPRESENTATION_CONTEXT('2D SPACE',''
  ) );
#13799 = PCURVE('',#13800,#13805);
#13800 = CYLINDRICAL_SURFACE('',#13801,2.2);
#13801 = AXIS2_PLACEMENT_3D('',#13802,#13803,#13804);
#13802 = CARTESIAN_POINT('',(-5.2,-1.371604415045E-16,5.38));
#13803 = DIRECTION('',(-0.,1.224646799147E-16,1.));
#13804 = DIRECTION('',(1.,0.,0.));
#13805 = DEFINITIONAL_REPRESENTATION('',(#13806),#13810);
#13806 = LINE('',#13807,#13808);
#13807 = CARTESIAN_POINT('',(-6.28318530718,-1.38));
#13808 = VECTOR('',#13809,1.);
#13809 = DIRECTION('',(1.,-0.));
#13810 = ( GEOMETRIC_REPRESENTATION_CONTEXT(2) 
PARAMETRIC_REPRESENTATION_CONTEXT() REPRESENTATION_CONTEXT('2D SPACE',''
  ) );
#13811 = FACE_BOUND('',#13812,.F.);
#13812 = EDGE_LOOP('',(#13813));
#13813 = ORIENTED_EDGE('',*,*,#13814,.T.);
#13814 = EDGE_CURVE('',#13815,#13815,#13817,.T.);
#13815 = VERTEX_POINT('',#13816);
#13816 = CARTESIAN_POINT('',(-0.4,-4.503332099679,4.));
#13817 = SURFACE_CURVE('',#13818,(#13823,#13834),.PCURVE_S1.);
#13818 = CIRCLE('',#13819,2.2);
#13819 = AXIS2_PLACEMENT_3D('',#13820,#13821,#13822);
#13820 = CARTESIAN_POINT('',(-2.6,-4.503332099679,4.));
#13821 = DIRECTION('',(-0.,1.224646799147E-16,1.));
#13822 = DIRECTION('',(1.,0.,0.));
#13823 = PCURVE('',#6049,#13824);
#13824 = DEFINITIONAL_REPRESENTATION('',(#13825),#13833);
#13825 = ( BOUNDED_CURVE() B_SPLINE_CURVE(2,(#13826,#13827,#13828,#13829
    ,#13830,#13831,#13832),.UNSPECIFIED.,.T.,.F.) 
B_SPLINE_CURVE_WITH_KNOTS((1,2,2,2,2,1),(-2.094395102393,0.,
    2.094395102393,4.188790204786,6.28318530718,8.377580409573),
.UNSPECIFIED.) CURVE() GEOMETRIC_REPRESENTATION_ITEM() 
RATIONAL_B_SPLINE_CURVE((1.,0.5,1.,0.5,1.,0.5,1.)) REPRESENTATION_ITEM(
  '') );
#13826 = CARTESIAN_POINT('',(10.,4.503332099679));
#13827 = CARTESIAN_POINT('',(10.,0.692820323028));
#13828 = CARTESIAN_POINT('',(6.7,2.598076211353));
#13829 = CARTESIAN_POINT('',(3.4,4.503332099679));
#13830 = CARTESIAN_POINT('',(6.7,6.408587988005));
#13831 = CARTESIAN_POINT('',(10.,8.313843876331));
#13832 = CARTESIAN_POINT('',(10.,4.503332099679));
#13833 = ( GEOMETRIC_REPRESENTATION_CONTEXT(2) 
PARAMETRIC_REPRESENTATION_CONTEXT() REPRESENTATION_CONTEXT('2D SPACE',''
  ) );
#13834 = PCURVE('',#13835,#13840);
#13835 = CYLINDRICAL_SURFACE('',#13836,2.2);
#13836 = AXIS2_PLACEMENT_3D('',#13837,#13838,#13839);
#13837 = CARTESIAN_POINT('',(-2.6,-4.503332099679,5.38));
#13838 = DIRECTION('',(-0.,1.224646799147E-16,1.));
#13839 = DIRECTION('',(1.,0.,0.));
#13840 = DEFINITIONAL_REPRESENTATION('',(#13841),#13845);
#13841 = LINE('',#13842,#13843);
#13842 = CARTESIAN_POINT('',(-6.28318530718,-1.38));
#13843 = VECTOR('',#13844,1.);
#13844 = DIRECTION('',(1.,-0.));
#13845 = ( GEOMETRIC_REPRESENTATION_CONTEXT(2) 
PARAMETRIC_REPRESENTATION_CONTEXT() REPRESENTATION_CONTEXT('2D SPACE',''
  ) );
#13846 = FACE_BOUND('',#13847,.F.);
#13847 = EDGE_LOOP('',(#13848));
#13848 = ORIENTED_EDGE('',*,*,#13849,.T.);
#13849 = EDGE_CURVE('',#13850,#13850,#13852,.T.);
#13850 = VERTEX_POINT('',#13851);
#13851 = CARTESIAN_POINT('',(-3.,-9.006664199358,4.));
#13852 = SURFACE_CURVE('',#13853,(#13858,#13869),.PCURVE_S1.);
#13853 = CIRCLE('',#13854,2.2);
#13854 = AXIS2_PLACEMENT_3D('',#13855,#13856,#13857);
#13855 = CARTESIAN_POINT('',(-5.2,-9.006664199358,4.));
#13856 = DIRECTION('',(-0.,1.224646799147E-16,1.));
#13857 = DIRECTION('',(1.,0.,0.));
#13858 = PCURVE('',#6049,#13859);
#13859 = DEFINITIONAL_REPRESENTATION('',(#13860),#13868);
#13860 = ( BOUNDED_CURVE() B_SPLINE_CURVE(2,(#13861,#13862,#13863,#13864
    ,#13865,#13866,#13867),.UNSPECIFIED.,.T.,.F.) 
B_SPLINE_CURVE_WITH_KNOTS((1,2,2,2,2,1),(-2.094395102393,0.,
    2.094395102393,4.188790204786,6.28318530718,8.377580409573),
.UNSPECIFIED.) CURVE() GEOMETRIC_REPRESENTATION_ITEM() 
RATIONAL_B_SPLINE_CURVE((1.,0.5,1.,0.5,1.,0.5,1.)) REPRESENTATION_ITEM(
  '') );
#13861 = CARTESIAN_POINT('',(7.4,9.006664199358));
#13862 = CARTESIAN_POINT('',(7.4,5.196152422707));
#13863 = CARTESIAN_POINT('',(4.1,7.101408311032));
#13864 = CARTESIAN_POINT('',(0.8,9.006664199358));
#13865 = CARTESIAN_POINT('',(4.1,10.911920087684));
#13866 = CARTESIAN_POINT('',(7.4,12.81717597601));
#13867 = CARTESIAN_POINT('',(7.4,9.006664199358));
#13868 = ( GEOMETRIC_REPRESENTATION_CONTEXT(2) 
PARAMETRIC_REPRESENTATION_CONTEXT() REPRESENTATION_CONTEXT('2D SPACE',''
  ) );
#13869 = PCURVE('',#13870,#13875);
#13870 = CYLINDRICAL_SURFACE('',#13871,2.2);
#13871 = AXIS2_PLACEMENT_3D('',#13872,#13873,#13874);
#13872 = CARTESIAN_POINT('',(-5.2,-9.006664199358,5.38));
#13873 = DIRECTION('',(-0.,1.224646799147E-16,1.));
#13874 = DIRECTION('',(1.,0.,0.));
#13875 = DEFINITIONAL_REPRESENTATION('',(#13876),#13880);
#13876 = LINE('',#13877,#13878);
#13877 = CARTESIAN_POINT('',(-6.28318530718,-1.38));
#13878 = VECTOR('',#13879,1.);
#13879 = DIRECTION('',(1.,-0.));
#13880 = ( GEOMETRIC_REPRESENTATION_CONTEXT(2) 
PARAMETRIC_REPRESENTATION_CONTEXT() REPRESENTATION_CONTEXT('2D SPACE',''
  ) );
#13881 = FACE_BOUND('',#13882,.F.);
#13882 = EDGE_LOOP('',(#13883));
#13883 = ORIENTED_EDGE('',*,*,#13884,.T.);
#13884 = EDGE_CURVE('',#13885,#13885,#13887,.T.);
#13885 = VERTEX_POINT('',#13886);
#13886 = CARTESIAN_POINT('',(2.2,-3.061616997868E-16,4.));
#13887 = SURFACE_CURVE('',#13888,(#13893,#13904),.PCURVE_S1.);
#13888 = CIRCLE('',#13889,2.2);
#13889 = AXIS2_PLACEMENT_3D('',#13890,#13891,#13892);
#13890 = CARTESIAN_POINT('',(0.,-3.061616997868E-16,4.));
#13891 = DIRECTION('',(-0.,1.224646799147E-16,1.));
#13892 = DIRECTION('',(1.,0.,0.));
#13893 = PCURVE('',#6049,#13894);
#13894 = DEFINITIONAL_REPRESENTATION('',(#13895),#13903);
#13895 = ( BOUNDED_CURVE() B_SPLINE_CURVE(2,(#13896,#13897,#13898,#13899
    ,#13900,#13901,#13902),.UNSPECIFIED.,.T.,.F.) 
B_SPLINE_CURVE_WITH_KNOTS((1,2,2,2,2,1),(-2.094395102393,0.,
    2.094395102393,4.188790204786,6.28318530718,8.377580409573),
.UNSPECIFIED.) CURVE() GEOMETRIC_REPRESENTATION_ITEM() 
RATIONAL_B_SPLINE_CURVE((1.,0.5,1.,0.5,1.,0.5,1.)) REPRESENTATION_ITEM(
  '') );
#13896 = CARTESIAN_POINT('',(12.6,4.203197128707E-16));
#13897 = CARTESIAN_POINT('',(12.6,-3.810511776652));
#13898 = CARTESIAN_POINT('',(9.3,-1.905255888326));
#13899 = CARTESIAN_POINT('',(6.,-1.185248787541E-16));
#13900 = CARTESIAN_POINT('',(9.3,1.905255888326));
#13901 = CARTESIAN_POINT('',(12.6,3.810511776652));
#13902 = CARTESIAN_POINT('',(12.6,4.203197128707E-16));
#13903 = ( GEOMETRIC_REPRESENTATION_CONTEXT(2) 
PARAMETRIC_REPRESENTATION_CONTEXT() REPRESENTATION_CONTEXT('2D SPACE',''
  ) );
#13904 = PCURVE('',#13905,#13910);
#13905 = CYLINDRICAL_SURFACE('',#13906,2.2);
#13906 = AXIS2_PLACEMENT_3D('',#13907,#13908,#13909);
#13907 = CARTESIAN_POINT('',(0.,-1.371604415045E-16,5.38));
#13908 = DIRECTION('',(-0.,1.224646799147E-16,1.));
#13909 = DIRECTION('',(1.,0.,0.));
#13910 = DEFINITIONAL_REPRESENTATION('',(#13911),#13915);
#13911 = LINE('',#13912,#13913);
#13912 = CARTESIAN_POINT('',(-6.28318530718,-1.38));
#13913 = VECTOR('',#13914,1.);
#13914 = DIRECTION('',(1.,-0.));
#13915 = ( GEOMETRIC_REPRESENTATION_CONTEXT(2) 
PARAMETRIC_REPRESENTATION_CONTEXT() REPRESENTATION_CONTEXT('2D SPACE',''
  ) );
#13916 = FACE_BOUND('',#13917,.F.);
#13917 = EDGE_LOOP('',(#13918));
#13918 = ORIENTED_EDGE('',*,*,#13919,.T.);
#13919 = EDGE_CURVE('',#13920,#13920,#13922,.T.);
#13920 = VERTEX_POINT('',#13921);
#13921 = CARTESIAN_POINT('',(7.4,-3.061616997868E-16,4.));
#13922 = SURFACE_CURVE('',#13923,(#13928,#13939),.PCURVE_S1.);
#13923 = CIRCLE('',#13924,2.2);
#13924 = AXIS2_PLACEMENT_3D('',#13925,#13926,#13927);
#13925 = CARTESIAN_POINT('',(5.2,-3.061616997868E-16,4.));
#13926 = DIRECTION('',(-0.,1.224646799147E-16,1.));
#13927 = DIRECTION('',(1.,0.,0.));
#13928 = PCURVE('',#6049,#13929);
#13929 = DEFINITIONAL_REPRESENTATION('',(#13930),#13938);
#13930 = ( BOUNDED_CURVE() B_SPLINE_CURVE(2,(#13931,#13932,#13933,#13934
    ,#13935,#13936,#13937),.UNSPECIFIED.,.T.,.F.) 
B_SPLINE_CURVE_WITH_KNOTS((1,2,2,2,2,1),(-2.094395102393,0.,
    2.094395102393,4.188790204786,6.28318530718,8.377580409573),
.UNSPECIFIED.) CURVE() GEOMETRIC_REPRESENTATION_ITEM() 
RATIONAL_B_SPLINE_CURVE((1.,0.5,1.,0.5,1.,0.5,1.)) REPRESENTATION_ITEM(
  '') );
#13931 = CARTESIAN_POINT('',(17.8,4.203197128707E-16));
#13932 = CARTESIAN_POINT('',(17.8,-3.810511776652));
#13933 = CARTESIAN_POINT('',(14.5,-1.905255888326));
#13934 = CARTESIAN_POINT('',(11.2,-1.185248787541E-16));
#13935 = CARTESIAN_POINT('',(14.5,1.905255888326));
#13936 = CARTESIAN_POINT('',(17.8,3.810511776652));
#13937 = CARTESIAN_POINT('',(17.8,4.203197128707E-16));
#13938 = ( GEOMETRIC_REPRESENTATION_CONTEXT(2) 
PARAMETRIC_REPRESENTATION_CONTEXT() REPRESENTATION_CONTEXT('2D SPACE',''
  ) );
#13939 = PCURVE('',#13940,#13945);
#13940 = CYLINDRICAL_SURFACE('',#13941,2.2);
#13941 = AXIS2_PLACEMENT_3D('',#13942,#13943,#13944);
#13942 = CARTESIAN_POINT('',(5.2,-1.371604415045E-16,5.38));
#13943 = DIRECTION('',(-0.,1.224646799147E-16,1.));
#13944 = DIRECTION('',(1.,0.,0.));
#13945 = DEFINITIONAL_REPRESENTATION('',(#13946),#13950);
#13946 = LINE('',#13947,#13948);
#13947 = CARTESIAN_POINT('',(-6.28318530718,-1.38));
#13948 = VECTOR('',#13949,1.);
#13949 = DIRECTION('',(1.,-0.));
#13950 = ( GEOMETRIC_REPRESENTATION_CONTEXT(2) 
PARAMETRIC_REPRESENTATION_CONTEXT() REPRESENTATION_CONTEXT('2D SPACE',''
  ) );
#13951 = FACE_BOUND('',#13952,.F.);
#13952 = EDGE_LOOP('',(#13953));
#13953 = ORIENTED_EDGE('',*,*,#13954,.T.);
#13954 = EDGE_CURVE('',#13955,#13955,#13957,.T.);
#13955 = VERTEX_POINT('',#13956);
#13956 = CARTESIAN_POINT('',(4.8,-4.503332099679,4.));
#13957 = SURFACE_CURVE('',#13958,(#13963,#13974),.PCURVE_S1.);
#13958 = CIRCLE('',#13959,2.2);
#13959 = AXIS2_PLACEMENT_3D('',#13960,#13961,#13962);
#13960 = CARTESIAN_POINT('',(2.6,-4.503332099679,4.));
#13961 = DIRECTION('',(-0.,1.224646799147E-16,1.));
#13962 = DIRECTION('',(1.,0.,0.));
#13963 = PCURVE('',#6049,#13964);
#13964 = DEFINITIONAL_REPRESENTATION('',(#13965),#13973);
#13965 = ( BOUNDED_CURVE() B_SPLINE_CURVE(2,(#13966,#13967,#13968,#13969
    ,#13970,#13971,#13972),.UNSPECIFIED.,.T.,.F.) 
B_SPLINE_CURVE_WITH_KNOTS((1,2,2,2,2,1),(-2.094395102393,0.,
    2.094395102393,4.188790204786,6.28318530718,8.377580409573),
.UNSPECIFIED.) CURVE() GEOMETRIC_REPRESENTATION_ITEM() 
RATIONAL_B_SPLINE_CURVE((1.,0.5,1.,0.5,1.,0.5,1.)) REPRESENTATION_ITEM(
  '') );
#13966 = CARTESIAN_POINT('',(15.2,4.503332099679));
#13967 = CARTESIAN_POINT('',(15.2,0.692820323028));
#13968 = CARTESIAN_POINT('',(11.9,2.598076211353));
#13969 = CARTESIAN_POINT('',(8.6,4.503332099679));
#13970 = CARTESIAN_POINT('',(11.9,6.408587988005));
#13971 = CARTESIAN_POINT('',(15.2,8.313843876331));
#13972 = CARTESIAN_POINT('',(15.2,4.503332099679));
#13973 = ( GEOMETRIC_REPRESENTATION_CONTEXT(2) 
PARAMETRIC_REPRESENTATION_CONTEXT() REPRESENTATION_CONTEXT('2D SPACE',''
  ) );
#13974 = PCURVE('',#13975,#13980);
#13975 = CYLINDRICAL_SURFACE('',#13976,2.2);
#13976 = AXIS2_PLACEMENT_3D('',#13977,#13978,#13979);
#13977 = CARTESIAN_POINT('',(2.6,-4.503332099679,5.38));
#13978 = DIRECTION('',(-0.,1.224646799147E-16,1.));
#13979 = DIRECTION('',(1.,0.,0.));
#13980 = DEFINITIONAL_REPRESENTATION('',(#13981),#13985);
#13981 = LINE('',#13982,#13983);
#13982 = CARTESIAN_POINT('',(-6.28318530718,-1.38));
#13983 = VECTOR('',#13984,1.);
#13984 = DIRECTION('',(1.,-0.));
#13985 = ( GEOMETRIC_REPRESENTATION_CONTEXT(2) 
PARAMETRIC_REPRESENTATION_CONTEXT() REPRESENTATION_CONTEXT('2D SPACE',''
  ) );
#13986 = FACE_BOUND('',#13987,.F.);
#13987 = EDGE_LOOP('',(#13988));
#13988 = ORIENTED_EDGE('',*,*,#13989,.T.);
#13989 = EDGE_CURVE('',#13990,#13990,#13992,.T.);
#13990 = VERTEX_POINT('',#13991);
#13991 = CARTESIAN_POINT('',(12.6,-3.061616997868E-16,4.));
#13992 = SURFACE_CURVE('',#13993,(#13998,#14009),.PCURVE_S1.);
#13993 = CIRCLE('',#13994,2.2);
#13994 = AXIS2_PLACEMENT_3D('',#13995,#13996,#13997);
#13995 = CARTESIAN_POINT('',(10.4,-3.061616997868E-16,4.));
#13996 = DIRECTION('',(-0.,1.224646799147E-16,1.));
#13997 = DIRECTION('',(1.,0.,0.));
#13998 = PCURVE('',#6049,#13999);
#13999 = DEFINITIONAL_REPRESENTATION('',(#14000),#14008);
#14000 = ( BOUNDED_CURVE() B_SPLINE_CURVE(2,(#14001,#14002,#14003,#14004
    ,#14005,#14006,#14007),.UNSPECIFIED.,.T.,.F.) 
B_SPLINE_CURVE_WITH_KNOTS((1,2,2,2,2,1),(-2.094395102393,0.,
    2.094395102393,4.188790204786,6.28318530718,8.377580409573),
.UNSPECIFIED.) CURVE() GEOMETRIC_REPRESENTATION_ITEM() 
RATIONAL_B_SPLINE_CURVE((1.,0.5,1.,0.5,1.,0.5,1.)) REPRESENTATION_ITEM(
  '') );
#14001 = CARTESIAN_POINT('',(23.,4.203197128707E-16));
#14002 = CARTESIAN_POINT('',(23.,-3.810511776652));
#14003 = CARTESIAN_POINT('',(19.7,-1.905255888326));
#14004 = CARTESIAN_POINT('',(16.4,-1.185248787541E-16));
#14005 = CARTESIAN_POINT('',(19.7,1.905255888326));
#14006 = CARTESIAN_POINT('',(23.,3.810511776652));
#14007 = CARTESIAN_POINT('',(23.,4.203197128707E-16));
#14008 = ( GEOMETRIC_REPRESENTATION_CONTEXT(2) 
PARAMETRIC_REPRESENTATION_CONTEXT() REPRESENTATION_CONTEXT('2D SPACE',''
  ) );
#14009 = PCURVE('',#14010,#14015);
#14010 = CYLINDRICAL_SURFACE('',#14011,2.2);
#14011 = AXIS2_PLACEMENT_3D('',#14012,#14013,#14014);
#14012 = CARTESIAN_POINT('',(10.4,-1.371604415045E-16,5.38));
#14013 = DIRECTION('',(-0.,1.224646799147E-16,1.));
#14014 = DIRECTION('',(1.,0.,0.));
#14015 = DEFINITIONAL_REPRESENTATION('',(#14016),#14020);
#14016 = LINE('',#14017,#14018);
#14017 = CARTESIAN_POINT('',(-6.28318530718,-1.38));
#14018 = VECTOR('',#14019,1.);
#14019 = DIRECTION('',(1.,-0.));
#14020 = ( GEOMETRIC_REPRESENTATION_CONTEXT(2) 
PARAMETRIC_REPRESENTATION_CONTEXT() REPRESENTATION_CONTEXT('2D SPACE',''
  ) );
#14021 = FACE_BOUND('',#14022,.F.);
#14022 = EDGE_LOOP('',(#14023));
#14023 = ORIENTED_EDGE('',*,*,#14024,.T.);
#14024 = EDGE_CURVE('',#14025,#14025,#14027,.T.);
#14025 = VERTEX_POINT('',#14026);
#14026 = CARTESIAN_POINT('',(10.,-4.503332099679,4.));
#14027 = SURFACE_CURVE('',#14028,(#14033,#14044),.PCURVE_S1.);
#14028 = CIRCLE('',#14029,2.2);
#14029 = AXIS2_PLACEMENT_3D('',#14030,#14031,#14032);
#14030 = CARTESIAN_POINT('',(7.8,-4.503332099679,4.));
#14031 = DIRECTION('',(-0.,1.224646799147E-16,1.));
#14032 = DIRECTION('',(1.,0.,0.));
#14033 = PCURVE('',#6049,#14034);
#14034 = DEFINITIONAL_REPRESENTATION('',(#14035),#14043);
#14035 = ( BOUNDED_CURVE() B_SPLINE_CURVE(2,(#14036,#14037,#14038,#14039
    ,#14040,#14041,#14042),.UNSPECIFIED.,.T.,.F.) 
B_SPLINE_CURVE_WITH_KNOTS((1,2,2,2,2,1),(-2.094395102393,0.,
    2.094395102393,4.188790204786,6.28318530718,8.377580409573),
.UNSPECIFIED.) CURVE() GEOMETRIC_REPRESENTATION_ITEM() 
RATIONAL_B_SPLINE_CURVE((1.,0.5,1.,0.5,1.,0.5,1.)) REPRESENTATION_ITEM(
  '') );
#14036 = CARTESIAN_POINT('',(20.4,4.503332099679));
#14037 = CARTESIAN_POINT('',(20.4,0.692820323028));
#14038 = CARTESIAN_POINT('',(17.1,2.598076211353));
#14039 = CARTESIAN_POINT('',(13.8,4.503332099679));
#14040 = CARTESIAN_POINT('',(17.1,6.408587988005));
#14041 = CARTESIAN_POINT('',(20.4,8.313843876331));
#14042 = CARTESIAN_POINT('',(20.4,4.503332099679));
#14043 = ( GEOMETRIC_REPRESENTATION_CONTEXT(2) 
PARAMETRIC_REPRESENTATION_CONTEXT() REPRESENTATION_CONTEXT('2D SPACE',''
  ) );
#14044 = PCURVE('',#14045,#14050);
#14045 = CYLINDRICAL_SURFACE('',#14046,2.2);
#14046 = AXIS2_PLACEMENT_3D('',#14047,#14048,#14049);
#14047 = CARTESIAN_POINT('',(7.8,-4.503332099679,5.38));
#14048 = DIRECTION('',(-0.,1.224646799147E-16,1.));
#14049 = DIRECTION('',(1.,0.,0.));
#14050 = DEFINITIONAL_REPRESENTATION('',(#14051),#14055);
#14051 = LINE('',#14052,#14053);
#14052 = CARTESIAN_POINT('',(-6.28318530718,-1.38));
#14053 = VECTOR('',#14054,1.);
#14054 = DIRECTION('',(1.,-0.));
#14055 = ( GEOMETRIC_REPRESENTATION_CONTEXT(2) 
PARAMETRIC_REPRESENTATION_CONTEXT() REPRESENTATION_CONTEXT('2D SPACE',''
  ) );
#14056 = FACE_BOUND('',#14057,.F.);
#14057 = EDGE_LOOP('',(#14058));
#14058 = ORIENTED_EDGE('',*,*,#14059,.T.);
#14059 = EDGE_CURVE('',#14060,#14060,#14062,.T.);
#14060 = VERTEX_POINT('',#14061);
#14061 = CARTESIAN_POINT('',(2.2,-9.006664199358,4.));
#14062 = SURFACE_CURVE('',#14063,(#14068,#14079),.PCURVE_S1.);
#14063 = CIRCLE('',#14064,2.2);
#14064 = AXIS2_PLACEMENT_3D('',#14065,#14066,#14067);
#14065 = CARTESIAN_POINT('',(0.,-9.006664199358,4.));
#14066 = DIRECTION('',(-0.,1.224646799147E-16,1.));
#14067 = DIRECTION('',(1.,0.,0.));
#14068 = PCURVE('',#6049,#14069);
#14069 = DEFINITIONAL_REPRESENTATION('',(#14070),#14078);
#14070 = ( BOUNDED_CURVE() B_SPLINE_CURVE(2,(#14071,#14072,#14073,#14074
    ,#14075,#14076,#14077),.UNSPECIFIED.,.T.,.F.) 
B_SPLINE_CURVE_WITH_KNOTS((1,2,2,2,2,1),(-2.094395102393,0.,
    2.094395102393,4.188790204786,6.28318530718,8.377580409573),
.UNSPECIFIED.) CURVE() GEOMETRIC_REPRESENTATION_ITEM() 
RATIONAL_B_SPLINE_CURVE((1.,0.5,1.,0.5,1.,0.5,1.)) REPRESENTATION_ITEM(
  '') );
#14071 = CARTESIAN_POINT('',(12.6,9.006664199358));
#14072 = CARTESIAN_POINT('',(12.6,5.196152422707));
#14073 = CARTESIAN_POINT('',(9.3,7.101408311032));
#14074 = CARTESIAN_POINT('',(6.,9.006664199358));
#14075 = CARTESIAN_POINT('',(9.3,10.911920087684));
#14076 = CARTESIAN_POINT('',(12.6,12.81717597601));
#14077 = CARTESIAN_POINT('',(12.6,9.006664199358));
#14078 = ( GEOMETRIC_REPRESENTATION_CONTEXT(2) 
PARAMETRIC_REPRESENTATION_CONTEXT() REPRESENTATION_CONTEXT('2D SPACE',''
  ) );
#14079 = PCURVE('',#14080,#14085);
#14080 = CYLINDRICAL_SURFACE('',#14081,2.2);
#14081 = AXIS2_PLACEMENT_3D('',#14082,#14083,#14084);
#14082 = CARTESIAN_POINT('',(0.,-9.006664199358,5.38));
#14083 = DIRECTION('',(-0.,1.224646799147E-16,1.));
#14084 = DIRECTION('',(1.,0.,0.));
#14085 = DEFINITIONAL_REPRESENTATION('',(#14086),#14090);
#14086 = LINE('',#14087,#14088);
#14087 = CARTESIAN_POINT('',(-6.28318530718,-1.38));
#14088 = VECTOR('',#14089,1.);
#14089 = DIRECTION('',(1.,-0.));
#14090 = ( GEOMETRIC_REPRESENTATION_CONTEXT(2) 
PARAMETRIC_REPRESENTATION_CONTEXT() REPRESENTATION_CONTEXT('2D SPACE',''
  ) );
#14091 = FACE_BOUND('',#14092,.F.);
#14092 = EDGE_LOOP('',(#14093));
#14093 = ORIENTED_EDGE('',*,*,#14094,.T.);
#14094 = EDGE_CURVE('',#14095,#14095,#14097,.T.);
#14095 = VERTEX_POINT('',#14096);
#14096 = CARTESIAN_POINT('',(7.4,-9.006664199358,4.));
#14097 = SURFACE_CURVE('',#14098,(#14103,#14114),.PCURVE_S1.);
#14098 = CIRCLE('',#14099,2.2);
#14099 = AXIS2_PLACEMENT_3D('',#14100,#14101,#14102);
#14100 = CARTESIAN_POINT('',(5.2,-9.006664199358,4.));
#14101 = DIRECTION('',(-0.,1.224646799147E-16,1.));
#14102 = DIRECTION('',(1.,0.,0.));
#14103 = PCURVE('',#6049,#14104);
#14104 = DEFINITIONAL_REPRESENTATION('',(#14105),#14113);
#14105 = ( BOUNDED_CURVE() B_SPLINE_CURVE(2,(#14106,#14107,#14108,#14109
    ,#14110,#14111,#14112),.UNSPECIFIED.,.T.,.F.) 
B_SPLINE_CURVE_WITH_KNOTS((1,2,2,2,2,1),(-2.094395102393,0.,
    2.094395102393,4.188790204786,6.28318530718,8.377580409573),
.UNSPECIFIED.) CURVE() GEOMETRIC_REPRESENTATION_ITEM() 
RATIONAL_B_SPLINE_CURVE((1.,0.5,1.,0.5,1.,0.5,1.)) REPRESENTATION_ITEM(
  '') );
#14106 = CARTESIAN_POINT('',(17.8,9.006664199358));
#14107 = CARTESIAN_POINT('',(17.8,5.196152422707));
#14108 = CARTESIAN_POINT('',(14.5,7.101408311032));
#14109 = CARTESIAN_POINT('',(11.2,9.006664199358));
#14110 = CARTESIAN_POINT('',(14.5,10.911920087684));
#14111 = CARTESIAN_POINT('',(17.8,12.81717597601));
#14112 = CARTESIAN_POINT('',(17.8,9.006664199358));
#14113 = ( GEOMETRIC_REPRESENTATION_CONTEXT(2) 
PARAMETRIC_REPRESENTATION_CONTEXT() REPRESENTATION_CONTEXT('2D SPACE',''
  ) );
#14114 = PCURVE('',#14115,#14120);
#14115 = CYLINDRICAL_SURFACE('',#14116,2.2);
#14116 = AXIS2_PLACEMENT_3D('',#14117,#14118,#14119);
#14117 = CARTESIAN_POINT('',(5.2,-9.006664199358,5.38));
#14118 = DIRECTION('',(-0.,1.224646799147E-16,1.));
#14119 = DIRECTION('',(1.,0.,0.));
#14120 = DEFINITIONAL_REPRESENTATION('',(#14121),#14125);
#14121 = LINE('',#14122,#14123);
#14122 = CARTESIAN_POINT('',(-6.28318530718,-1.38));
#14123 = VECTOR('',#14124,1.);
#14124 = DIRECTION('',(1.,-0.));
#14125 = ( GEOMETRIC_REPRESENTATION_CONTEXT(2) 
PARAMETRIC_REPRESENTATION_CONTEXT() REPRESENTATION_CONTEXT('2D SPACE',''
  ) );
#14126 = ADVANCED_FACE('',(#14127),#6210,.F.);
#14127 = FACE_BOUND('',#14128,.T.);
#14128 = EDGE_LOOP('',(#14129,#14150,#14151,#14152,#14153));
#14129 = ORIENTED_EDGE('',*,*,#14130,.F.);
#14130 = EDGE_CURVE('',#6173,#11323,#14131,.T.);
#14131 = SEAM_CURVE('',#14132,(#14136,#14143),.PCURVE_S1.);
#14132 = LINE('',#14133,#14134);
#14133 = CARTESIAN_POINT('',(-8.52093932557,-8.476044271575,21.5));
#14134 = VECTOR('',#14135,1.);
#14135 = DIRECTION('',(0.,-1.224646799147E-16,-1.));
#14136 = PCURVE('',#6210,#14137);
#14137 = DEFINITIONAL_REPRESENTATION('',(#14138),#14142);
#14138 = LINE('',#14139,#14140);
#14139 = CARTESIAN_POINT('',(-6.28318530718,0.));
#14140 = VECTOR('',#14141,1.);
#14141 = DIRECTION('',(-0.,-1.));
#14142 = ( GEOMETRIC_REPRESENTATION_CONTEXT(2) 
PARAMETRIC_REPRESENTATION_CONTEXT() REPRESENTATION_CONTEXT('2D SPACE',''
  ) );
#14143 = PCURVE('',#6210,#14144);
#14144 = DEFINITIONAL_REPRESENTATION('',(#14145),#14149);
#14145 = LINE('',#14146,#14147);
#14146 = CARTESIAN_POINT('',(-0.,0.));
#14147 = VECTOR('',#14148,1.);
#14148 = DIRECTION('',(-0.,-1.));
#14149 = ( GEOMETRIC_REPRESENTATION_CONTEXT(2) 
PARAMETRIC_REPRESENTATION_CONTEXT() REPRESENTATION_CONTEXT('2D SPACE',''
  ) );
#14150 = ORIENTED_EDGE('',*,*,#6195,.F.);
#14151 = ORIENTED_EDGE('',*,*,#14130,.T.);
#14152 = ORIENTED_EDGE('',*,*,#11346,.F.);
#14153 = ORIENTED_EDGE('',*,*,#11322,.F.);
#14154 = ADVANCED_FACE('',(#14155),#6471,.F.);
#14155 = FACE_BOUND('',#14156,.T.);
#14156 = EDGE_LOOP('',(#14157,#14178,#14179,#14180,#14181));
#14157 = ORIENTED_EDGE('',*,*,#14158,.F.);
#14158 = EDGE_CURVE('',#6434,#11249,#14159,.T.);
#14159 = SEAM_CURVE('',#14160,(#14164,#14171),.PCURVE_S1.);
#14160 = LINE('',#14161,#14162);
#14161 = CARTESIAN_POINT('',(-11.07904821689,-4.745269700507,21.5));
#14162 = VECTOR('',#14163,1.);
#14163 = DIRECTION('',(0.,-1.224646799147E-16,-1.));
#14164 = PCURVE('',#6471,#14165);
#14165 = DEFINITIONAL_REPRESENTATION('',(#14166),#14170);
#14166 = LINE('',#14167,#14168);
#14167 = CARTESIAN_POINT('',(-6.28318530718,0.));
#14168 = VECTOR('',#14169,1.);
#14169 = DIRECTION('',(-0.,-1.));
#14170 = ( GEOMETRIC_REPRESENTATION_CONTEXT(2) 
PARAMETRIC_REPRESENTATION_CONTEXT() REPRESENTATION_CONTEXT('2D SPACE',''
  ) );
#14171 = PCURVE('',#6471,#14172);
#14172 = DEFINITIONAL_REPRESENTATION('',(#14173),#14177);
#14173 = LINE('',#14174,#14175);
#14174 = CARTESIAN_POINT('',(-0.,0.));
#14175 = VECTOR('',#14176,1.);
#14176 = DIRECTION('',(-0.,-1.));
#14177 = ( GEOMETRIC_REPRESENTATION_CONTEXT(2) 
PARAMETRIC_REPRESENTATION_CONTEXT() REPRESENTATION_CONTEXT('2D SPACE',''
  ) );
#14178 = ORIENTED_EDGE('',*,*,#6456,.F.);
#14179 = ORIENTED_EDGE('',*,*,#14158,.T.);
#14180 = ORIENTED_EDGE('',*,*,#11272,.F.);
#14181 = ORIENTED_EDGE('',*,*,#11248,.F.);
#14182 = ADVANCED_FACE('',(#14183),#6776,.F.);
#14183 = FACE_BOUND('',#14184,.F.);
#14184 = EDGE_LOOP('',(#14185,#14186,#14187));
#14185 = ORIENTED_EDGE('',*,*,#6760,.F.);
#14186 = ORIENTED_EDGE('',*,*,#6921,.F.);
#14187 = ORIENTED_EDGE('',*,*,#14188,.F.);
#14188 = EDGE_CURVE('',#6733,#6895,#14189,.T.);
#14189 = SURFACE_CURVE('',#14190,(#14194,#14201),.PCURVE_S1.);
#14190 = LINE('',#14191,#14192);
#14191 = CARTESIAN_POINT('',(-11.,2.655811238272,4.4));
#14192 = VECTOR('',#14193,1.);
#14193 = DIRECTION('',(4.807406715959E-16,1.,-1.224646799147E-16));
#14194 = PCURVE('',#6776,#14195);
#14195 = DEFINITIONAL_REPRESENTATION('',(#14196),#14200);
#14196 = LINE('',#14197,#14198);
#14197 = CARTESIAN_POINT('',(-0.6,-2.655811238272));
#14198 = VECTOR('',#14199,1.);
#14199 = DIRECTION('',(4.807406715959E-16,-1.));
#14200 = ( GEOMETRIC_REPRESENTATION_CONTEXT(2) 
PARAMETRIC_REPRESENTATION_CONTEXT() REPRESENTATION_CONTEXT('2D SPACE',''
  ) );
#14201 = PCURVE('',#6748,#14202);
#14202 = DEFINITIONAL_REPRESENTATION('',(#14203),#14207);
#14203 = LINE('',#14204,#14205);
#14204 = CARTESIAN_POINT('',(0.,0.));
#14205 = VECTOR('',#14206,1.);
#14206 = DIRECTION('',(1.,0.));
#14207 = ( GEOMETRIC_REPRESENTATION_CONTEXT(2) 
PARAMETRIC_REPRESENTATION_CONTEXT() REPRESENTATION_CONTEXT('2D SPACE',''
  ) );
#14208 = ADVANCED_FACE('',(#14209),#6748,.T.);
#14209 = FACE_BOUND('',#14210,.T.);
#14210 = EDGE_LOOP('',(#14211,#14212,#14213,#14214));
#14211 = ORIENTED_EDGE('',*,*,#14188,.F.);
#14212 = ORIENTED_EDGE('',*,*,#6732,.F.);
#14213 = ORIENTED_EDGE('',*,*,#13317,.F.);
#14214 = ORIENTED_EDGE('',*,*,#6894,.T.);
#14215 = ADVANCED_FACE('',(#14216),#6857,.F.);
#14216 = FACE_BOUND('',#14217,.T.);
#14217 = EDGE_LOOP('',(#14218,#14239,#14240,#14241,#14242));
#14218 = ORIENTED_EDGE('',*,*,#14219,.F.);
#14219 = EDGE_CURVE('',#6820,#10066,#14220,.T.);
#14220 = SEAM_CURVE('',#14221,(#14225,#14232),.PCURVE_S1.);
#14221 = LINE('',#14222,#14223);
#14222 = CARTESIAN_POINT('',(-11.05093932557,4.093955728425,21.5));
#14223 = VECTOR('',#14224,1.);
#14224 = DIRECTION('',(0.,-1.224646799147E-16,-1.));
#14225 = PCURVE('',#6857,#14226);
#14226 = DEFINITIONAL_REPRESENTATION('',(#14227),#14231);
#14227 = LINE('',#14228,#14229);
#14228 = CARTESIAN_POINT('',(-6.28318530718,0.));
#14229 = VECTOR('',#14230,1.);
#14230 = DIRECTION('',(-0.,-1.));
#14231 = ( GEOMETRIC_REPRESENTATION_CONTEXT(2) 
PARAMETRIC_REPRESENTATION_CONTEXT() REPRESENTATION_CONTEXT('2D SPACE',''
  ) );
#14232 = PCURVE('',#6857,#14233);
#14233 = DEFINITIONAL_REPRESENTATION('',(#14234),#14238);
#14234 = LINE('',#14235,#14236);
#14235 = CARTESIAN_POINT('',(-0.,0.));
#14236 = VECTOR('',#14237,1.);
#14237 = DIRECTION('',(-0.,-1.));
#14238 = ( GEOMETRIC_REPRESENTATION_CONTEXT(2) 
PARAMETRIC_REPRESENTATION_CONTEXT() REPRESENTATION_CONTEXT('2D SPACE',''
  ) );
#14239 = ORIENTED_EDGE('',*,*,#6842,.F.);
#14240 = ORIENTED_EDGE('',*,*,#14219,.T.);
#14241 = ORIENTED_EDGE('',*,*,#10089,.F.);
#14242 = ORIENTED_EDGE('',*,*,#10065,.F.);
#14243 = ADVANCED_FACE('',(#14244),#7137,.F.);
#14244 = FACE_BOUND('',#14245,.T.);
#14245 = EDGE_LOOP('',(#14246,#14267,#14268,#14269,#14270));
#14246 = ORIENTED_EDGE('',*,*,#14247,.F.);
#14247 = EDGE_CURVE('',#7100,#9918,#14248,.T.);
#14248 = SEAM_CURVE('',#14249,(#14253,#14260),.PCURVE_S1.);
#14249 = LINE('',#14250,#14251);
#14250 = CARTESIAN_POINT('',(-9.099048216895,8.174730299493,21.5));
#14251 = VECTOR('',#14252,1.);
#14252 = DIRECTION('',(0.,-1.224646799147E-16,-1.));
#14253 = PCURVE('',#7137,#14254);
#14254 = DEFINITIONAL_REPRESENTATION('',(#14255),#14259);
#14255 = LINE('',#14256,#14257);
#14256 = CARTESIAN_POINT('',(-6.28318530718,0.));
#14257 = VECTOR('',#14258,1.);
#14258 = DIRECTION('',(-0.,-1.));
#14259 = ( GEOMETRIC_REPRESENTATION_CONTEXT(2) 
PARAMETRIC_REPRESENTATION_CONTEXT() REPRESENTATION_CONTEXT('2D SPACE',''
  ) );
#14260 = PCURVE('',#7137,#14261);
#14261 = DEFINITIONAL_REPRESENTATION('',(#14262),#14266);
#14262 = LINE('',#14263,#14264);
#14263 = CARTESIAN_POINT('',(-0.,0.));
#14264 = VECTOR('',#14265,1.);
#14265 = DIRECTION('',(-0.,-1.));
#14266 = ( GEOMETRIC_REPRESENTATION_CONTEXT(2) 
PARAMETRIC_REPRESENTATION_CONTEXT() REPRESENTATION_CONTEXT('2D SPACE',''
  ) );
#14267 = ORIENTED_EDGE('',*,*,#7122,.F.);
#14268 = ORIENTED_EDGE('',*,*,#14247,.T.);
#14269 = ORIENTED_EDGE('',*,*,#9941,.F.);
#14270 = ORIENTED_EDGE('',*,*,#9917,.F.);
#14271 = ADVANCED_FACE('',(#14272),#7421,.F.);
#14272 = FACE_BOUND('',#14273,.F.);
#14273 = EDGE_LOOP('',(#14274,#14275,#14276));
#14274 = ORIENTED_EDGE('',*,*,#7405,.F.);
#14275 = ORIENTED_EDGE('',*,*,#7592,.F.);
#14276 = ORIENTED_EDGE('',*,*,#14277,.F.);
#14277 = EDGE_CURVE('',#7378,#7566,#14278,.T.);
#14278 = SURFACE_CURVE('',#14279,(#14283,#14290),.PCURVE_S1.);
#14279 = LINE('',#14280,#14281);
#14280 = CARTESIAN_POINT('',(-3.2,10.854185060765,4.4));
#14281 = VECTOR('',#14282,1.);
#14282 = DIRECTION('',(0.866025403784,0.5,-6.123233995737E-17));
#14283 = PCURVE('',#7421,#14284);
#14284 = DEFINITIONAL_REPRESENTATION('',(#14285),#14289);
#14285 = LINE('',#14286,#14287);
#14286 = CARTESIAN_POINT('',(7.2,-10.85418506076));
#14287 = VECTOR('',#14288,1.);
#14288 = DIRECTION('',(0.866025403784,-0.5));
#14289 = ( GEOMETRIC_REPRESENTATION_CONTEXT(2) 
PARAMETRIC_REPRESENTATION_CONTEXT() REPRESENTATION_CONTEXT('2D SPACE',''
  ) );
#14290 = PCURVE('',#7393,#14291);
#14291 = DEFINITIONAL_REPRESENTATION('',(#14292),#14296);
#14292 = LINE('',#14293,#14294);
#14293 = CARTESIAN_POINT('',(0.,0.));
#14294 = VECTOR('',#14295,1.);
#14295 = DIRECTION('',(1.,0.));
#14296 = ( GEOMETRIC_REPRESENTATION_CONTEXT(2) 
PARAMETRIC_REPRESENTATION_CONTEXT() REPRESENTATION_CONTEXT('2D SPACE',''
  ) );
#14297 = ADVANCED_FACE('',(#14298),#7393,.T.);
#14298 = FACE_BOUND('',#14299,.T.);
#14299 = EDGE_LOOP('',(#14300,#14301,#14302,#14303));
#14300 = ORIENTED_EDGE('',*,*,#14277,.F.);
#14301 = ORIENTED_EDGE('',*,*,#7377,.F.);
#14302 = ORIENTED_EDGE('',*,*,#13347,.F.);
#14303 = ORIENTED_EDGE('',*,*,#7565,.T.);
#14304 = ADVANCED_FACE('',(#14305),#7500,.F.);
#14305 = FACE_BOUND('',#14306,.T.);
#14306 = EDGE_LOOP('',(#14307,#14328,#14329,#14330,#14331));
#14307 = ORIENTED_EDGE('',*,*,#14308,.F.);
#14308 = EDGE_CURVE('',#7463,#9992,#14309,.T.);
#14309 = SEAM_CURVE('',#14310,(#14314,#14321),.PCURVE_S1.);
#14310 = LINE('',#14311,#14312);
#14311 = CARTESIAN_POINT('',(-1.43,12.57,21.5));
#14312 = VECTOR('',#14313,1.);
#14313 = DIRECTION('',(0.,-1.224646799147E-16,-1.));
#14314 = PCURVE('',#7500,#14315);
#14315 = DEFINITIONAL_REPRESENTATION('',(#14316),#14320);
#14316 = LINE('',#14317,#14318);
#14317 = CARTESIAN_POINT('',(-6.28318530718,0.));
#14318 = VECTOR('',#14319,1.);
#14319 = DIRECTION('',(-0.,-1.));
#14320 = ( GEOMETRIC_REPRESENTATION_CONTEXT(2) 
PARAMETRIC_REPRESENTATION_CONTEXT() REPRESENTATION_CONTEXT('2D SPACE',''
  ) );
#14321 = PCURVE('',#7500,#14322);
#14322 = DEFINITIONAL_REPRESENTATION('',(#14323),#14327);
#14323 = LINE('',#14324,#14325);
#14324 = CARTESIAN_POINT('',(-0.,0.));
#14325 = VECTOR('',#14326,1.);
#14326 = DIRECTION('',(-0.,-1.));
#14327 = ( GEOMETRIC_REPRESENTATION_CONTEXT(2) 
PARAMETRIC_REPRESENTATION_CONTEXT() REPRESENTATION_CONTEXT('2D SPACE',''
  ) );
#14328 = ORIENTED_EDGE('',*,*,#7485,.F.);
#14329 = ORIENTED_EDGE('',*,*,#14308,.T.);
#14330 = ORIENTED_EDGE('',*,*,#10015,.F.);
#14331 = ORIENTED_EDGE('',*,*,#9991,.F.);
#14332 = ADVANCED_FACE('',(#14333),#7759,.F.);
#14333 = FACE_BOUND('',#14334,.T.);
#14334 = EDGE_LOOP('',(#14335,#14356,#14357,#14358,#14359));
#14335 = ORIENTED_EDGE('',*,*,#14336,.F.);
#14336 = EDGE_CURVE('',#7722,#10140,#14337,.T.);
#14337 = SEAM_CURVE('',#14338,(#14342,#14349),.PCURVE_S1.);
#14338 = LINE('',#14339,#14340);
#14339 = CARTESIAN_POINT('',(3.08,12.92,21.5));
#14340 = VECTOR('',#14341,1.);
#14341 = DIRECTION('',(0.,-1.224646799147E-16,-1.));
#14342 = PCURVE('',#7759,#14343);
#14343 = DEFINITIONAL_REPRESENTATION('',(#14344),#14348);
#14344 = LINE('',#14345,#14346);
#14345 = CARTESIAN_POINT('',(-6.28318530718,0.));
#14346 = VECTOR('',#14347,1.);
#14347 = DIRECTION('',(-0.,-1.));
#14348 = ( GEOMETRIC_REPRESENTATION_CONTEXT(2) 
PARAMETRIC_REPRESENTATION_CONTEXT() REPRESENTATION_CONTEXT('2D SPACE',''
  ) );
#14349 = PCURVE('',#7759,#14350);
#14350 = DEFINITIONAL_REPRESENTATION('',(#14351),#14355);
#14351 = LINE('',#14352,#14353);
#14352 = CARTESIAN_POINT('',(-0.,0.));
#14353 = VECTOR('',#14354,1.);
#14354 = DIRECTION('',(-0.,-1.));
#14355 = ( GEOMETRIC_REPRESENTATION_CONTEXT(2) 
PARAMETRIC_REPRESENTATION_CONTEXT() REPRESENTATION_CONTEXT('2D SPACE',''
  ) );
#14356 = ORIENTED_EDGE('',*,*,#7744,.F.);
#14357 = ORIENTED_EDGE('',*,*,#14336,.T.);
#14358 = ORIENTED_EDGE('',*,*,#10163,.F.);
#14359 = ORIENTED_EDGE('',*,*,#10139,.F.);
#14360 = ADVANCED_FACE('',(#14361),#8043,.F.);
#14361 = FACE_BOUND('',#14362,.F.);
#14362 = EDGE_LOOP('',(#14363,#14364,#14385));
#14363 = ORIENTED_EDGE('',*,*,#8214,.F.);
#14364 = ORIENTED_EDGE('',*,*,#14365,.F.);
#14365 = EDGE_CURVE('',#8000,#8188,#14366,.T.);
#14366 = SURFACE_CURVE('',#14367,(#14371,#14378),.PCURVE_S1.);
#14367 = LINE('',#14368,#14369);
#14368 = CARTESIAN_POINT('',(7.8,8.198373822493,4.4));
#14369 = VECTOR('',#14370,1.);
#14370 = DIRECTION('',(0.866025403784,-0.5,6.123233995737E-17));
#14371 = PCURVE('',#8043,#14372);
#14372 = DEFINITIONAL_REPRESENTATION('',(#14373),#14377);
#14373 = LINE('',#14374,#14375);
#14374 = CARTESIAN_POINT('',(18.2,-8.198373822493));
#14375 = VECTOR('',#14376,1.);
#14376 = DIRECTION('',(0.866025403784,0.5));
#14377 = ( GEOMETRIC_REPRESENTATION_CONTEXT(2) 
PARAMETRIC_REPRESENTATION_CONTEXT() REPRESENTATION_CONTEXT('2D SPACE',''
  ) );
#14378 = PCURVE('',#8015,#14379);
#14379 = DEFINITIONAL_REPRESENTATION('',(#14380),#14384);
#14380 = LINE('',#14381,#14382);
#14381 = CARTESIAN_POINT('',(0.,0.));
#14382 = VECTOR('',#14383,1.);
#14383 = DIRECTION('',(1.,0.));
#14384 = ( GEOMETRIC_REPRESENTATION_CONTEXT(2) 
PARAMETRIC_REPRESENTATION_CONTEXT() REPRESENTATION_CONTEXT('2D SPACE',''
  ) );
#14385 = ORIENTED_EDGE('',*,*,#8027,.F.);
#14386 = ADVANCED_FACE('',(#14387),#8015,.T.);
#14387 = FACE_BOUND('',#14388,.T.);
#14388 = EDGE_LOOP('',(#14389,#14390,#14391,#14392));
#14389 = ORIENTED_EDGE('',*,*,#14365,.F.);
#14390 = ORIENTED_EDGE('',*,*,#7999,.F.);
#14391 = ORIENTED_EDGE('',*,*,#13376,.F.);
#14392 = ORIENTED_EDGE('',*,*,#8187,.T.);
#14393 = ADVANCED_FACE('',(#14394),#8122,.F.);
#14394 = FACE_BOUND('',#14395,.T.);
#14395 = EDGE_LOOP('',(#14396,#14417,#14418,#14419,#14420));
#14396 = ORIENTED_EDGE('',*,*,#14397,.F.);
#14397 = EDGE_CURVE('',#8085,#10214,#14398,.T.);
#14398 = SEAM_CURVE('',#14399,(#14403,#14410),.PCURVE_S1.);
#14399 = LINE('',#14400,#14401);
#14400 = CARTESIAN_POINT('',(10.72093932557,8.476044271575,21.5));
#14401 = VECTOR('',#14402,1.);
#14402 = DIRECTION('',(0.,-1.224646799147E-16,-1.));
#14403 = PCURVE('',#8122,#14404);
#14404 = DEFINITIONAL_REPRESENTATION('',(#14405),#14409);
#14405 = LINE('',#14406,#14407);
#14406 = CARTESIAN_POINT('',(-6.28318530718,0.));
#14407 = VECTOR('',#14408,1.);
#14408 = DIRECTION('',(-0.,-1.));
#14409 = ( GEOMETRIC_REPRESENTATION_CONTEXT(2) 
PARAMETRIC_REPRESENTATION_CONTEXT() REPRESENTATION_CONTEXT('2D SPACE',''
  ) );
#14410 = PCURVE('',#8122,#14411);
#14411 = DEFINITIONAL_REPRESENTATION('',(#14412),#14416);
#14412 = LINE('',#14413,#14414);
#14413 = CARTESIAN_POINT('',(-0.,0.));
#14414 = VECTOR('',#14415,1.);
#14415 = DIRECTION('',(-0.,-1.));
#14416 = ( GEOMETRIC_REPRESENTATION_CONTEXT(2) 
PARAMETRIC_REPRESENTATION_CONTEXT() REPRESENTATION_CONTEXT('2D SPACE',''
  ) );
#14417 = ORIENTED_EDGE('',*,*,#8107,.F.);
#14418 = ORIENTED_EDGE('',*,*,#14397,.T.);
#14419 = ORIENTED_EDGE('',*,*,#10237,.F.);
#14420 = ORIENTED_EDGE('',*,*,#10213,.F.);
#14421 = ADVANCED_FACE('',(#14422),#8381,.F.);
#14422 = FACE_BOUND('',#14423,.T.);
#14423 = EDGE_LOOP('',(#14424,#14445,#14446,#14447,#14448));
#14424 = ORIENTED_EDGE('',*,*,#14425,.F.);
#14425 = EDGE_CURVE('',#8344,#10288,#14426,.T.);
#14426 = SEAM_CURVE('',#14427,(#14431,#14438),.PCURVE_S1.);
#14427 = LINE('',#14428,#14429);
#14428 = CARTESIAN_POINT('',(13.279048216895,4.745269700507,21.5));
#14429 = VECTOR('',#14430,1.);
#14430 = DIRECTION('',(0.,-1.224646799147E-16,-1.));
#14431 = PCURVE('',#8381,#14432);
#14432 = DEFINITIONAL_REPRESENTATION('',(#14433),#14437);
#14433 = LINE('',#14434,#14435);
#14434 = CARTESIAN_POINT('',(-6.28318530718,0.));
#14435 = VECTOR('',#14436,1.);
#14436 = DIRECTION('',(-0.,-1.));
#14437 = ( GEOMETRIC_REPRESENTATION_CONTEXT(2) 
PARAMETRIC_REPRESENTATION_CONTEXT() REPRESENTATION_CONTEXT('2D SPACE',''
  ) );
#14438 = PCURVE('',#8381,#14439);
#14439 = DEFINITIONAL_REPRESENTATION('',(#14440),#14444);
#14440 = LINE('',#14441,#14442);
#14441 = CARTESIAN_POINT('',(-0.,0.));
#14442 = VECTOR('',#14443,1.);
#14443 = DIRECTION('',(-0.,-1.));
#14444 = ( GEOMETRIC_REPRESENTATION_CONTEXT(2) 
PARAMETRIC_REPRESENTATION_CONTEXT() REPRESENTATION_CONTEXT('2D SPACE',''
  ) );
#14445 = ORIENTED_EDGE('',*,*,#8366,.F.);
#14446 = ORIENTED_EDGE('',*,*,#14425,.T.);
#14447 = ORIENTED_EDGE('',*,*,#10311,.F.);
#14448 = ORIENTED_EDGE('',*,*,#10287,.F.);
#14449 = ADVANCED_FACE('',(#14450),#8665,.F.);
#14450 = FACE_BOUND('',#14451,.F.);
#14451 = EDGE_LOOP('',(#14452,#14453,#14474));
#14452 = ORIENTED_EDGE('',*,*,#8836,.F.);
#14453 = ORIENTED_EDGE('',*,*,#14454,.F.);
#14454 = EDGE_CURVE('',#8622,#8810,#14455,.T.);
#14455 = SURFACE_CURVE('',#14456,(#14460,#14467),.PCURVE_S1.);
#14456 = LINE('',#14457,#14458);
#14457 = CARTESIAN_POINT('',(11.,-2.655811238272,4.4));
#14458 = VECTOR('',#14459,1.);
#14459 = DIRECTION('',(4.807406715959E-16,-1.,1.224646799147E-16));
#14460 = PCURVE('',#8665,#14461);
#14461 = DEFINITIONAL_REPRESENTATION('',(#14462),#14466);
#14462 = LINE('',#14463,#14464);
#14463 = CARTESIAN_POINT('',(21.4,2.655811238272));
#14464 = VECTOR('',#14465,1.);
#14465 = DIRECTION('',(4.807406715959E-16,1.));
#14466 = ( GEOMETRIC_REPRESENTATION_CONTEXT(2) 
PARAMETRIC_REPRESENTATION_CONTEXT() REPRESENTATION_CONTEXT('2D SPACE',''
  ) );
#14467 = PCURVE('',#8637,#14468);
#14468 = DEFINITIONAL_REPRESENTATION('',(#14469),#14473);
#14469 = LINE('',#14470,#14471);
#14470 = CARTESIAN_POINT('',(0.,0.));
#14471 = VECTOR('',#14472,1.);
#14472 = DIRECTION('',(1.,0.));
#14473 = ( GEOMETRIC_REPRESENTATION_CONTEXT(2) 
PARAMETRIC_REPRESENTATION_CONTEXT() REPRESENTATION_CONTEXT('2D SPACE',''
  ) );
#14474 = ORIENTED_EDGE('',*,*,#8649,.F.);
#14475 = ADVANCED_FACE('',(#14476),#8637,.T.);
#14476 = FACE_BOUND('',#14477,.T.);
#14477 = EDGE_LOOP('',(#14478,#14479,#14480,#14481));
#14478 = ORIENTED_EDGE('',*,*,#14454,.F.);
#14479 = ORIENTED_EDGE('',*,*,#8621,.T.);
#14480 = ORIENTED_EDGE('',*,*,#13405,.F.);
#14481 = ORIENTED_EDGE('',*,*,#8809,.T.);
#14482 = ADVANCED_FACE('',(#14483),#8744,.F.);
#14483 = FACE_BOUND('',#14484,.T.);
#14484 = EDGE_LOOP('',(#14485,#14506,#14507,#14508,#14509));
#14485 = ORIENTED_EDGE('',*,*,#14486,.F.);
#14486 = EDGE_CURVE('',#8707,#13049,#14487,.T.);
#14487 = SEAM_CURVE('',#14488,(#14492,#14499),.PCURVE_S1.);
#14488 = LINE('',#14489,#14490);
#14489 = CARTESIAN_POINT('',(13.25093932557,-4.093955728425,21.5));
#14490 = VECTOR('',#14491,1.);
#14491 = DIRECTION('',(0.,-1.224646799147E-16,-1.));
#14492 = PCURVE('',#8744,#14493);
#14493 = DEFINITIONAL_REPRESENTATION('',(#14494),#14498);
#14494 = LINE('',#14495,#14496);
#14495 = CARTESIAN_POINT('',(-6.28318530718,0.));
#14496 = VECTOR('',#14497,1.);
#14497 = DIRECTION('',(-0.,-1.));
#14498 = ( GEOMETRIC_REPRESENTATION_CONTEXT(2) 
PARAMETRIC_REPRESENTATION_CONTEXT() REPRESENTATION_CONTEXT('2D SPACE',''
  ) );
#14499 = PCURVE('',#8744,#14500);
#14500 = DEFINITIONAL_REPRESENTATION('',(#14501),#14505);
#14501 = LINE('',#14502,#14503);
#14502 = CARTESIAN_POINT('',(-0.,0.));
#14503 = VECTOR('',#14504,1.);
#14504 = DIRECTION('',(-0.,-1.));
#14505 = ( GEOMETRIC_REPRESENTATION_CONTEXT(2) 
PARAMETRIC_REPRESENTATION_CONTEXT() REPRESENTATION_CONTEXT('2D SPACE',''
  ) );
#14506 = ORIENTED_EDGE('',*,*,#8729,.F.);
#14507 = ORIENTED_EDGE('',*,*,#14486,.T.);
#14508 = ORIENTED_EDGE('',*,*,#13072,.F.);
#14509 = ORIENTED_EDGE('',*,*,#13048,.F.);
#14510 = ADVANCED_FACE('',(#14511),#9003,.F.);
#14511 = FACE_BOUND('',#14512,.T.);
#14512 = EDGE_LOOP('',(#14513,#14534,#14535,#14536,#14537));
#14513 = ORIENTED_EDGE('',*,*,#14514,.F.);
#14514 = EDGE_CURVE('',#8966,#13197,#14515,.T.);
#14515 = SEAM_CURVE('',#14516,(#14520,#14527),.PCURVE_S1.);
#14516 = LINE('',#14517,#14518);
#14517 = CARTESIAN_POINT('',(11.299048216895,-8.174730299493,21.5));
#14518 = VECTOR('',#14519,1.);
#14519 = DIRECTION('',(0.,-1.224646799147E-16,-1.));
#14520 = PCURVE('',#9003,#14521);
#14521 = DEFINITIONAL_REPRESENTATION('',(#14522),#14526);
#14522 = LINE('',#14523,#14524);
#14523 = CARTESIAN_POINT('',(-6.28318530718,0.));
#14524 = VECTOR('',#14525,1.);
#14525 = DIRECTION('',(-0.,-1.));
#14526 = ( GEOMETRIC_REPRESENTATION_CONTEXT(2) 
PARAMETRIC_REPRESENTATION_CONTEXT() REPRESENTATION_CONTEXT('2D SPACE',''
  ) );
#14527 = PCURVE('',#9003,#14528);
#14528 = DEFINITIONAL_REPRESENTATION('',(#14529),#14533);
#14529 = LINE('',#14530,#14531);
#14530 = CARTESIAN_POINT('',(-0.,0.));
#14531 = VECTOR('',#14532,1.);
#14532 = DIRECTION('',(-0.,-1.));
#14533 = ( GEOMETRIC_REPRESENTATION_CONTEXT(2) 
PARAMETRIC_REPRESENTATION_CONTEXT() REPRESENTATION_CONTEXT('2D SPACE',''
  ) );
#14534 = ORIENTED_EDGE('',*,*,#8988,.F.);
#14535 = ORIENTED_EDGE('',*,*,#14514,.T.);
#14536 = ORIENTED_EDGE('',*,*,#13220,.F.);
#14537 = ORIENTED_EDGE('',*,*,#13196,.F.);
#14538 = ADVANCED_FACE('',(#14539),#9287,.F.);
#14539 = FACE_BOUND('',#14540,.F.);
#14540 = EDGE_LOOP('',(#14541,#14542,#14563));
#14541 = ORIENTED_EDGE('',*,*,#9458,.F.);
#14542 = ORIENTED_EDGE('',*,*,#14543,.F.);
#14543 = EDGE_CURVE('',#9244,#9432,#14544,.T.);
#14544 = SURFACE_CURVE('',#14545,(#14549,#14556),.PCURVE_S1.);
#14545 = LINE('',#14546,#14547);
#14546 = CARTESIAN_POINT('',(3.2,-10.85418506076,4.4));
#14547 = VECTOR('',#14548,1.);
#14548 = DIRECTION('',(-0.866025403784,-0.5,6.123233995737E-17));
#14549 = PCURVE('',#9287,#14550);
#14550 = DEFINITIONAL_REPRESENTATION('',(#14551),#14555);
#14551 = LINE('',#14552,#14553);
#14552 = CARTESIAN_POINT('',(13.6,10.854185060765));
#14553 = VECTOR('',#14554,1.);
#14554 = DIRECTION('',(-0.866025403784,0.5));
#14555 = ( GEOMETRIC_REPRESENTATION_CONTEXT(2) 
PARAMETRIC_REPRESENTATION_CONTEXT() REPRESENTATION_CONTEXT('2D SPACE',''
  ) );
#14556 = PCURVE('',#9259,#14557);
#14557 = DEFINITIONAL_REPRESENTATION('',(#14558),#14562);
#14558 = LINE('',#14559,#14560);
#14559 = CARTESIAN_POINT('',(0.,0.));
#14560 = VECTOR('',#14561,1.);
#14561 = DIRECTION('',(1.,0.));
#14562 = ( GEOMETRIC_REPRESENTATION_CONTEXT(2) 
PARAMETRIC_REPRESENTATION_CONTEXT() REPRESENTATION_CONTEXT('2D SPACE',''
  ) );
#14563 = ORIENTED_EDGE('',*,*,#9271,.F.);
#14564 = ADVANCED_FACE('',(#14565),#9259,.T.);
#14565 = FACE_BOUND('',#14566,.T.);
#14566 = EDGE_LOOP('',(#14567,#14568,#14569,#14570));
#14567 = ORIENTED_EDGE('',*,*,#14543,.F.);
#14568 = ORIENTED_EDGE('',*,*,#9243,.T.);
#14569 = ORIENTED_EDGE('',*,*,#13434,.F.);
#14570 = ORIENTED_EDGE('',*,*,#9431,.T.);
#14571 = ADVANCED_FACE('',(#14572),#9366,.F.);
#14572 = FACE_BOUND('',#14573,.T.);
#14573 = EDGE_LOOP('',(#14574,#14595,#14596,#14597,#14598));
#14574 = ORIENTED_EDGE('',*,*,#14575,.F.);
#14575 = EDGE_CURVE('',#9329,#13123,#14576,.T.);
#14576 = SEAM_CURVE('',#14577,(#14581,#14588),.PCURVE_S1.);
#14577 = LINE('',#14578,#14579);
#14578 = CARTESIAN_POINT('',(3.63,-12.57,21.5));
#14579 = VECTOR('',#14580,1.);
#14580 = DIRECTION('',(0.,-1.224646799147E-16,-1.));
#14581 = PCURVE('',#9366,#14582);
#14582 = DEFINITIONAL_REPRESENTATION('',(#14583),#14587);
#14583 = LINE('',#14584,#14585);
#14584 = CARTESIAN_POINT('',(-6.28318530718,0.));
#14585 = VECTOR('',#14586,1.);
#14586 = DIRECTION('',(-0.,-1.));
#14587 = ( GEOMETRIC_REPRESENTATION_CONTEXT(2) 
PARAMETRIC_REPRESENTATION_CONTEXT() REPRESENTATION_CONTEXT('2D SPACE',''
  ) );
#14588 = PCURVE('',#9366,#14589);
#14589 = DEFINITIONAL_REPRESENTATION('',(#14590),#14594);
#14590 = LINE('',#14591,#14592);
#14591 = CARTESIAN_POINT('',(-0.,0.));
#14592 = VECTOR('',#14593,1.);
#14593 = DIRECTION('',(-0.,-1.));
#14594 = ( GEOMETRIC_REPRESENTATION_CONTEXT(2) 
PARAMETRIC_REPRESENTATION_CONTEXT() REPRESENTATION_CONTEXT('2D SPACE',''
  ) );
#14595 = ORIENTED_EDGE('',*,*,#9351,.F.);
#14596 = ORIENTED_EDGE('',*,*,#14575,.T.);
#14597 = ORIENTED_EDGE('',*,*,#13146,.F.);
#14598 = ORIENTED_EDGE('',*,*,#13122,.F.);
#14599 = ADVANCED_FACE('',(#14600),#9625,.F.);
#14600 = FACE_BOUND('',#14601,.T.);
#14601 = EDGE_LOOP('',(#14602,#14623,#14624,#14625,#14626));
#14602 = ORIENTED_EDGE('',*,*,#14603,.F.);
#14603 = EDGE_CURVE('',#9588,#11397,#14604,.T.);
#14604 = SEAM_CURVE('',#14605,(#14609,#14616),.PCURVE_S1.);
#14605 = LINE('',#14606,#14607);
#14606 = CARTESIAN_POINT('',(-0.88,-12.92,21.5));
#14607 = VECTOR('',#14608,1.);
#14608 = DIRECTION('',(0.,-1.224646799147E-16,-1.));
#14609 = PCURVE('',#9625,#14610);
#14610 = DEFINITIONAL_REPRESENTATION('',(#14611),#14615);
#14611 = LINE('',#14612,#14613);
#14612 = CARTESIAN_POINT('',(-6.28318530718,0.));
#14613 = VECTOR('',#14614,1.);
#14614 = DIRECTION('',(-0.,-1.));
#14615 = ( GEOMETRIC_REPRESENTATION_CONTEXT(2) 
PARAMETRIC_REPRESENTATION_CONTEXT() REPRESENTATION_CONTEXT('2D SPACE',''
  ) );
#14616 = PCURVE('',#9625,#14617);
#14617 = DEFINITIONAL_REPRESENTATION('',(#14618),#14622);
#14618 = LINE('',#14619,#14620);
#14619 = CARTESIAN_POINT('',(-0.,0.));
#14620 = VECTOR('',#14621,1.);
#14621 = DIRECTION('',(-0.,-1.));
#14622 = ( GEOMETRIC_REPRESENTATION_CONTEXT(2) 
PARAMETRIC_REPRESENTATION_CONTEXT() REPRESENTATION_CONTEXT('2D SPACE',''
  ) );
#14623 = ORIENTED_EDGE('',*,*,#9610,.F.);
#14624 = ORIENTED_EDGE('',*,*,#14603,.T.);
#14625 = ORIENTED_EDGE('',*,*,#11420,.F.);
#14626 = ORIENTED_EDGE('',*,*,#11396,.F.);
#14627 = ADVANCED_FACE('',(#14628),#10377,.T.);
#14628 = FACE_BOUND('',#14629,.F.);
#14629 = EDGE_LOOP('',(#14630,#14631,#14632,#14633,#14634,#14635,#14636,
    #14637,#14638,#14639,#14640,#14641,#14642,#14643,#14644,#14645,
    #14646,#14647));
#14630 = ORIENTED_EDGE('',*,*,#11199,.T.);
#14631 = ORIENTED_EDGE('',*,*,#11172,.T.);
#14632 = ORIENTED_EDGE('',*,*,#11123,.T.);
#14633 = ORIENTED_EDGE('',*,*,#11074,.T.);
#14634 = ORIENTED_EDGE('',*,*,#11025,.T.);
#14635 = ORIENTED_EDGE('',*,*,#10976,.T.);
#14636 = ORIENTED_EDGE('',*,*,#10927,.T.);
#14637 = ORIENTED_EDGE('',*,*,#10878,.T.);
#14638 = ORIENTED_EDGE('',*,*,#10829,.T.);
#14639 = ORIENTED_EDGE('',*,*,#10780,.T.);
#14640 = ORIENTED_EDGE('',*,*,#10731,.T.);
#14641 = ORIENTED_EDGE('',*,*,#10682,.T.);
#14642 = ORIENTED_EDGE('',*,*,#10633,.T.);
#14643 = ORIENTED_EDGE('',*,*,#10584,.T.);
#14644 = ORIENTED_EDGE('',*,*,#10535,.T.);
#14645 = ORIENTED_EDGE('',*,*,#10486,.T.);
#14646 = ORIENTED_EDGE('',*,*,#10437,.T.);
#14647 = ORIENTED_EDGE('',*,*,#10361,.T.);
#14648 = ADVANCED_FACE('',(#14649,#14662,#14868),#11486,.T.);
#14649 = FACE_BOUND('',#14650,.F.);
#14650 = EDGE_LOOP('',(#14651,#14652,#14653,#14654,#14655,#14656,#14657,
    #14658,#14659,#14660,#14661));
#14651 = ORIENTED_EDGE('',*,*,#11965,.T.);
#14652 = ORIENTED_EDGE('',*,*,#11938,.T.);
#14653 = ORIENTED_EDGE('',*,*,#11889,.T.);
#14654 = ORIENTED_EDGE('',*,*,#11840,.T.);
#14655 = ORIENTED_EDGE('',*,*,#11791,.T.);
#14656 = ORIENTED_EDGE('',*,*,#11742,.T.);
#14657 = ORIENTED_EDGE('',*,*,#11693,.T.);
#14658 = ORIENTED_EDGE('',*,*,#11644,.T.);
#14659 = ORIENTED_EDGE('',*,*,#11595,.T.);
#14660 = ORIENTED_EDGE('',*,*,#11546,.T.);
#14661 = ORIENTED_EDGE('',*,*,#11470,.T.);
#14662 = FACE_BOUND('',#14663,.F.);
#14663 = EDGE_LOOP('',(#14664,#14694,#14722,#14750,#14780,#14810,#14840)
  );
#14664 = ORIENTED_EDGE('',*,*,#14665,.T.);
#14665 = EDGE_CURVE('',#14666,#14668,#14670,.T.);
#14666 = VERTEX_POINT('',#14667);
#14667 = CARTESIAN_POINT('',(14.79609375,-8.59375E-02,0.5));
#14668 = VERTEX_POINT('',#14669);
#14669 = CARTESIAN_POINT('',(14.79609375,0.23046875,0.5));
#14670 = SURFACE_CURVE('',#14671,(#14675,#14682),.PCURVE_S1.);
#14671 = LINE('',#14672,#14673);
#14672 = CARTESIAN_POINT('',(14.79609375,-8.59375E-02,0.5));
#14673 = VECTOR('',#14674,1.);
#14674 = DIRECTION('',(-1.110223024625E-16,1.,-1.224646799147E-16));
#14675 = PCURVE('',#11486,#14676);
#14676 = DEFINITIONAL_REPRESENTATION('',(#14677),#14681);
#14677 = LINE('',#14678,#14679);
#14678 = CARTESIAN_POINT('',(0.7099609375,0.6962890625));
#14679 = VECTOR('',#14680,1.);
#14680 = DIRECTION('',(-1.,-1.665067842118E-48));
#14681 = ( GEOMETRIC_REPRESENTATION_CONTEXT(2) 
PARAMETRIC_REPRESENTATION_CONTEXT() REPRESENTATION_CONTEXT('2D SPACE',''
  ) );
#14682 = PCURVE('',#14683,#14688);
#14683 = PLANE('',#14684);
#14684 = AXIS2_PLACEMENT_3D('',#14685,#14686,#14687);
#14685 = CARTESIAN_POINT('',(14.79609375,-8.59375E-02,0.));
#14686 = DIRECTION('',(-1.,-1.110223024625E-16,1.359631073447E-32));
#14687 = DIRECTION('',(-1.110223024625E-16,1.,-1.224646799147E-16));
#14688 = DEFINITIONAL_REPRESENTATION('',(#14689),#14693);
#14689 = LINE('',#14690,#14691);
#14690 = CARTESIAN_POINT('',(-4.735455214955E-17,-0.5));
#14691 = VECTOR('',#14692,1.);
#14692 = DIRECTION('',(1.,0.));
#14693 = ( GEOMETRIC_REPRESENTATION_CONTEXT(2) 
PARAMETRIC_REPRESENTATION_CONTEXT() REPRESENTATION_CONTEXT('2D SPACE',''
  ) );
#14694 = ORIENTED_EDGE('',*,*,#14695,.T.);
#14695 = EDGE_CURVE('',#14668,#14696,#14698,.T.);
#14696 = VERTEX_POINT('',#14697);
#14697 = CARTESIAN_POINT('',(15.3302734375,0.23046875,0.5));
#14698 = SURFACE_CURVE('',#14699,(#14703,#14710),.PCURVE_S1.);
#14699 = LINE('',#14700,#14701);
#14700 = CARTESIAN_POINT('',(14.79609375,0.23046875,0.5));
#14701 = VECTOR('',#14702,1.);
#14702 = DIRECTION('',(1.,1.110223024625E-16,-1.359631073447E-32));
#14703 = PCURVE('',#11486,#14704);
#14704 = DEFINITIONAL_REPRESENTATION('',(#14705),#14709);
#14705 = LINE('',#14706,#14707);
#14706 = CARTESIAN_POINT('',(0.3935546875,0.6962890625));
#14707 = VECTOR('',#14708,1.);
#14708 = DIRECTION('',(-1.665067842118E-48,-1.));
#14709 = ( GEOMETRIC_REPRESENTATION_CONTEXT(2) 
PARAMETRIC_REPRESENTATION_CONTEXT() REPRESENTATION_CONTEXT('2D SPACE',''
  ) );
#14710 = PCURVE('',#14711,#14716);
#14711 = PLANE('',#14712);
#14712 = AXIS2_PLACEMENT_3D('',#14713,#14714,#14715);
#14713 = CARTESIAN_POINT('',(14.79609375,0.23046875,0.));
#14714 = DIRECTION('',(-1.110223024625E-16,1.,-1.224646799147E-16));
#14715 = DIRECTION('',(1.,1.110223024625E-16,-1.359631073447E-32));
#14716 = DEFINITIONAL_REPRESENTATION('',(#14717),#14721);
#14717 = LINE('',#14718,#14719);
#14718 = CARTESIAN_POINT('',(-6.351795451953E-34,-0.5));
#14719 = VECTOR('',#14720,1.);
#14720 = DIRECTION('',(1.,0.));
#14721 = ( GEOMETRIC_REPRESENTATION_CONTEXT(2) 
PARAMETRIC_REPRESENTATION_CONTEXT() REPRESENTATION_CONTEXT('2D SPACE',''
  ) );
#14722 = ORIENTED_EDGE('',*,*,#14723,.T.);
#14723 = EDGE_CURVE('',#14696,#14724,#14726,.T.);
#14724 = VERTEX_POINT('',#14725);
#14725 = CARTESIAN_POINT('',(15.3302734375,-8.59375E-02,0.5));
#14726 = SURFACE_CURVE('',#14727,(#14731,#14738),.PCURVE_S1.);
#14727 = LINE('',#14728,#14729);
#14728 = CARTESIAN_POINT('',(15.3302734375,0.23046875,0.5));
#14729 = VECTOR('',#14730,1.);
#14730 = DIRECTION('',(1.110223024625E-16,-1.,1.224646799147E-16));
#14731 = PCURVE('',#11486,#14732);
#14732 = DEFINITIONAL_REPRESENTATION('',(#14733),#14737);
#14733 = LINE('',#14734,#14735);
#14734 = CARTESIAN_POINT('',(0.3935546875,0.162109375));
#14735 = VECTOR('',#14736,1.);
#14736 = DIRECTION('',(1.,1.665067842118E-48));
#14737 = ( GEOMETRIC_REPRESENTATION_CONTEXT(2) 
PARAMETRIC_REPRESENTATION_CONTEXT() REPRESENTATION_CONTEXT('2D SPACE',''
  ) );
#14738 = PCURVE('',#14739,#14744);
#14739 = PLANE('',#14740);
#14740 = AXIS2_PLACEMENT_3D('',#14741,#14742,#14743);
#14741 = CARTESIAN_POINT('',(15.3302734375,0.23046875,0.));
#14742 = DIRECTION('',(1.,1.110223024625E-16,-1.359631073447E-32));
#14743 = DIRECTION('',(1.110223024625E-16,-1.,1.224646799147E-16));
#14744 = DEFINITIONAL_REPRESENTATION('',(#14745),#14749);
#14745 = LINE('',#14746,#14747);
#14746 = CARTESIAN_POINT('',(-2.203438688952E-17,-0.5));
#14747 = VECTOR('',#14748,1.);
#14748 = DIRECTION('',(1.,0.));
#14749 = ( GEOMETRIC_REPRESENTATION_CONTEXT(2) 
PARAMETRIC_REPRESENTATION_CONTEXT() REPRESENTATION_CONTEXT('2D SPACE',''
  ) );
#14750 = ORIENTED_EDGE('',*,*,#14751,.T.);
#14751 = EDGE_CURVE('',#14724,#14752,#14754,.T.);
#14752 = VERTEX_POINT('',#14753);
#14753 = CARTESIAN_POINT('',(15.26435546875,-0.32177734375,0.5));
#14754 = SURFACE_CURVE('',#14755,(#14759,#14766),.PCURVE_S1.);
#14755 = B_SPLINE_CURVE_WITH_KNOTS('',2,(#14756,#14757,#14758),
  .UNSPECIFIED.,.F.,.F.,(3,3),(0.,1.),.PIECEWISE_BEZIER_KNOTS.);
#14756 = CARTESIAN_POINT('',(15.3302734375,-8.59375E-02,0.5));
#14757 = CARTESIAN_POINT('',(15.3302734375,-0.2451171875,0.5));
#14758 = CARTESIAN_POINT('',(15.26435546875,-0.32177734375,0.5));
#14759 = PCURVE('',#11486,#14760);
#14760 = DEFINITIONAL_REPRESENTATION('',(#14761),#14765);
#14761 = B_SPLINE_CURVE_WITH_KNOTS('',2,(#14762,#14763,#14764),
  .UNSPECIFIED.,.F.,.F.,(3,3),(0.,1.),.PIECEWISE_BEZIER_KNOTS.);
#14762 = CARTESIAN_POINT('',(0.7099609375,0.162109375));
#14763 = CARTESIAN_POINT('',(0.869140625,0.162109375));
#14764 = CARTESIAN_POINT('',(0.94580078125,0.22802734375));
#14765 = ( GEOMETRIC_REPRESENTATION_CONTEXT(2) 
PARAMETRIC_REPRESENTATION_CONTEXT() REPRESENTATION_CONTEXT('2D SPACE',''
  ) );
#14766 = PCURVE('',#14767,#14774);
#14767 = SURFACE_OF_LINEAR_EXTRUSION('',#14768,#14772);
#14768 = B_SPLINE_CURVE_WITH_KNOTS('',2,(#14769,#14770,#14771),
  .UNSPECIFIED.,.F.,.F.,(3,3),(0.,1.),.PIECEWISE_BEZIER_KNOTS.);
#14769 = CARTESIAN_POINT('',(15.3302734375,-8.59375E-02,0.));
#14770 = CARTESIAN_POINT('',(15.3302734375,-0.2451171875,0.));
#14771 = CARTESIAN_POINT('',(15.26435546875,-0.32177734375,0.));
#14772 = VECTOR('',#14773,1.);
#14773 = DIRECTION('',(0.,-1.224646799147E-16,-1.));
#14774 = DEFINITIONAL_REPRESENTATION('',(#14775),#14779);
#14775 = LINE('',#14776,#14777);
#14776 = CARTESIAN_POINT('',(0.,-0.5));
#14777 = VECTOR('',#14778,1.);
#14778 = DIRECTION('',(1.,0.));
#14779 = ( GEOMETRIC_REPRESENTATION_CONTEXT(2) 
PARAMETRIC_REPRESENTATION_CONTEXT() REPRESENTATION_CONTEXT('2D SPACE',''
  ) );
#14780 = ORIENTED_EDGE('',*,*,#14781,.T.);
#14781 = EDGE_CURVE('',#14752,#14782,#14784,.T.);
#14782 = VERTEX_POINT('',#14783);
#14783 = CARTESIAN_POINT('',(15.0626953125,-0.3984375,0.5));
#14784 = SURFACE_CURVE('',#14785,(#14789,#14796),.PCURVE_S1.);
#14785 = B_SPLINE_CURVE_WITH_KNOTS('',2,(#14786,#14787,#14788),
  .UNSPECIFIED.,.F.,.F.,(3,3),(0.,1.),.PIECEWISE_BEZIER_KNOTS.);
#14786 = CARTESIAN_POINT('',(15.26435546875,-0.32177734375,0.5));
#14787 = CARTESIAN_POINT('',(15.1984375,-0.3984375,0.5));
#14788 = CARTESIAN_POINT('',(15.0626953125,-0.3984375,0.5));
#14789 = PCURVE('',#11486,#14790);
#14790 = DEFINITIONAL_REPRESENTATION('',(#14791),#14795);
#14791 = B_SPLINE_CURVE_WITH_KNOTS('',2,(#14792,#14793,#14794),
  .UNSPECIFIED.,.F.,.F.,(3,3),(0.,1.),.PIECEWISE_BEZIER_KNOTS.);
#14792 = CARTESIAN_POINT('',(0.94580078125,0.22802734375));
#14793 = CARTESIAN_POINT('',(1.0224609375,0.2939453125));
#14794 = CARTESIAN_POINT('',(1.0224609375,0.4296875));
#14795 = ( GEOMETRIC_REPRESENTATION_CONTEXT(2) 
PARAMETRIC_REPRESENTATION_CONTEXT() REPRESENTATION_CONTEXT('2D SPACE',''
  ) );
#14796 = PCURVE('',#14797,#14804);
#14797 = SURFACE_OF_LINEAR_EXTRUSION('',#14798,#14802);
#14798 = B_SPLINE_CURVE_WITH_KNOTS('',2,(#14799,#14800,#14801),
  .UNSPECIFIED.,.F.,.F.,(3,3),(0.,1.),.PIECEWISE_BEZIER_KNOTS.);
#14799 = CARTESIAN_POINT('',(15.26435546875,-0.32177734375,0.));
#14800 = CARTESIAN_POINT('',(15.1984375,-0.3984375,0.));
#14801 = CARTESIAN_POINT('',(15.0626953125,-0.3984375,0.));
#14802 = VECTOR('',#14803,1.);
#14803 = DIRECTION('',(0.,-1.224646799147E-16,-1.));
#14804 = DEFINITIONAL_REPRESENTATION('',(#14805),#14809);
#14805 = LINE('',#14806,#14807);
#14806 = CARTESIAN_POINT('',(0.,-0.5));
#14807 = VECTOR('',#14808,1.);
#14808 = DIRECTION('',(1.,0.));
#14809 = ( GEOMETRIC_REPRESENTATION_CONTEXT(2) 
PARAMETRIC_REPRESENTATION_CONTEXT() REPRESENTATION_CONTEXT('2D SPACE',''
  ) );
#14810 = ORIENTED_EDGE('',*,*,#14811,.T.);
#14811 = EDGE_CURVE('',#14782,#14812,#14814,.T.);
#14812 = VERTEX_POINT('',#14813);
#14813 = CARTESIAN_POINT('',(14.86103515625,-0.32177734375,0.5));
#14814 = SURFACE_CURVE('',#14815,(#14819,#14826),.PCURVE_S1.);
#14815 = B_SPLINE_CURVE_WITH_KNOTS('',2,(#14816,#14817,#14818),
  .UNSPECIFIED.,.F.,.F.,(3,3),(0.,1.),.PIECEWISE_BEZIER_KNOTS.);
#14816 = CARTESIAN_POINT('',(15.0626953125,-0.3984375,0.5));
#14817 = CARTESIAN_POINT('',(14.9259765625,-0.3984375,0.5));
#14818 = CARTESIAN_POINT('',(14.86103515625,-0.32177734375,0.5));
#14819 = PCURVE('',#11486,#14820);
#14820 = DEFINITIONAL_REPRESENTATION('',(#14821),#14825);
#14821 = B_SPLINE_CURVE_WITH_KNOTS('',2,(#14822,#14823,#14824),
  .UNSPECIFIED.,.F.,.F.,(3,3),(0.,1.),.PIECEWISE_BEZIER_KNOTS.);
#14822 = CARTESIAN_POINT('',(1.0224609375,0.4296875));
#14823 = CARTESIAN_POINT('',(1.0224609375,0.56640625));
#14824 = CARTESIAN_POINT('',(0.94580078125,0.63134765625));
#14825 = ( GEOMETRIC_REPRESENTATION_CONTEXT(2) 
PARAMETRIC_REPRESENTATION_CONTEXT() REPRESENTATION_CONTEXT('2D SPACE',''
  ) );
#14826 = PCURVE('',#14827,#14834);
#14827 = SURFACE_OF_LINEAR_EXTRUSION('',#14828,#14832);
#14828 = B_SPLINE_CURVE_WITH_KNOTS('',2,(#14829,#14830,#14831),
  .UNSPECIFIED.,.F.,.F.,(3,3),(0.,1.),.PIECEWISE_BEZIER_KNOTS.);
#14829 = CARTESIAN_POINT('',(15.0626953125,-0.3984375,0.));
#14830 = CARTESIAN_POINT('',(14.9259765625,-0.3984375,0.));
#14831 = CARTESIAN_POINT('',(14.86103515625,-0.32177734375,0.));
#14832 = VECTOR('',#14833,1.);
#14833 = DIRECTION('',(0.,-1.224646799147E-16,-1.));
#14834 = DEFINITIONAL_REPRESENTATION('',(#14835),#14839);
#14835 = LINE('',#14836,#14837);
#14836 = CARTESIAN_POINT('',(0.,-0.5));
#14837 = VECTOR('',#14838,1.);
#14838 = DIRECTION('',(1.,0.));
#14839 = ( GEOMETRIC_REPRESENTATION_CONTEXT(2) 
PARAMETRIC_REPRESENTATION_CONTEXT() REPRESENTATION_CONTEXT('2D SPACE',''
  ) );
#14840 = ORIENTED_EDGE('',*,*,#14841,.T.);
#14841 = EDGE_CURVE('',#14812,#14666,#14842,.T.);
#14842 = SURFACE_CURVE('',#14843,(#14847,#14854),.PCURVE_S1.);
#14843 = B_SPLINE_CURVE_WITH_KNOTS('',2,(#14844,#14845,#14846),
  .UNSPECIFIED.,.F.,.F.,(3,3),(0.,1.),.PIECEWISE_BEZIER_KNOTS.);
#14844 = CARTESIAN_POINT('',(14.86103515625,-0.32177734375,0.5));
#14845 = CARTESIAN_POINT('',(14.79609375,-0.2451171875,0.5));
#14846 = CARTESIAN_POINT('',(14.79609375,-8.59375E-02,0.5));
#14847 = PCURVE('',#11486,#14848);
#14848 = DEFINITIONAL_REPRESENTATION('',(#14849),#14853);
#14849 = B_SPLINE_CURVE_WITH_KNOTS('',2,(#14850,#14851,#14852),
  .UNSPECIFIED.,.F.,.F.,(3,3),(0.,1.),.PIECEWISE_BEZIER_KNOTS.);
#14850 = CARTESIAN_POINT('',(0.94580078125,0.63134765625));
#14851 = CARTESIAN_POINT('',(0.869140625,0.6962890625));
#14852 = CARTESIAN_POINT('',(0.7099609375,0.6962890625));
#14853 = ( GEOMETRIC_REPRESENTATION_CONTEXT(2) 
PARAMETRIC_REPRESENTATION_CONTEXT() REPRESENTATION_CONTEXT('2D SPACE',''
  ) );
#14854 = PCURVE('',#14855,#14862);
#14855 = SURFACE_OF_LINEAR_EXTRUSION('',#14856,#14860);
#14856 = B_SPLINE_CURVE_WITH_KNOTS('',2,(#14857,#14858,#14859),
  .UNSPECIFIED.,.F.,.F.,(3,3),(0.,1.),.PIECEWISE_BEZIER_KNOTS.);
#14857 = CARTESIAN_POINT('',(14.86103515625,-0.32177734375,0.));
#14858 = CARTESIAN_POINT('',(14.79609375,-0.2451171875,0.));
#14859 = CARTESIAN_POINT('',(14.79609375,-8.59375E-02,0.));
#14860 = VECTOR('',#14861,1.);
#14861 = DIRECTION('',(0.,-1.224646799147E-16,-1.));
#14862 = DEFINITIONAL_REPRESENTATION('',(#14863),#14867);
#14863 = LINE('',#14864,#14865);
#14864 = CARTESIAN_POINT('',(0.,-0.5));
#14865 = VECTOR('',#14866,1.);
#14866 = DIRECTION('',(1.,0.));
#14867 = ( GEOMETRIC_REPRESENTATION_CONTEXT(2) 
PARAMETRIC_REPRESENTATION_CONTEXT() REPRESENTATION_CONTEXT('2D SPACE',''
  ) );
#14868 = FACE_BOUND('',#14869,.F.);
#14869 = EDGE_LOOP('',(#14870,#14900,#14928,#14956,#14986,#15016,#15046)
  );
#14870 = ORIENTED_EDGE('',*,*,#14871,.T.);
#14871 = EDGE_CURVE('',#14872,#14874,#14876,.T.);
#14872 = VERTEX_POINT('',#14873);
#14873 = CARTESIAN_POINT('',(14.196484375,-6.15234375E-02,0.5));
#14874 = VERTEX_POINT('',#14875);
#14875 = CARTESIAN_POINT('',(14.196484375,0.23046875,0.5));
#14876 = SURFACE_CURVE('',#14877,(#14881,#14888),.PCURVE_S1.);
#14877 = LINE('',#14878,#14879);
#14878 = CARTESIAN_POINT('',(14.196484375,-6.15234375E-02,0.5));
#14879 = VECTOR('',#14880,1.);
#14880 = DIRECTION('',(-1.110223024625E-16,1.,-1.224646799147E-16));
#14881 = PCURVE('',#11486,#14882);
#14882 = DEFINITIONAL_REPRESENTATION('',(#14883),#14887);
#14883 = LINE('',#14884,#14885);
#14884 = CARTESIAN_POINT('',(0.685546875,1.2958984375));
#14885 = VECTOR('',#14886,1.);
#14886 = DIRECTION('',(-1.,-1.665067842118E-48));
#14887 = ( GEOMETRIC_REPRESENTATION_CONTEXT(2) 
PARAMETRIC_REPRESENTATION_CONTEXT() REPRESENTATION_CONTEXT('2D SPACE',''
  ) );
#14888 = PCURVE('',#14889,#14894);
#14889 = PLANE('',#14890);
#14890 = AXIS2_PLACEMENT_3D('',#14891,#14892,#14893);
#14891 = CARTESIAN_POINT('',(14.196484375,-6.15234375E-02,0.));
#14892 = DIRECTION('',(-1.,-1.110223024625E-16,1.359631073447E-32));
#14893 = DIRECTION('',(-1.110223024625E-16,1.,-1.224646799147E-16));
#14894 = DEFINITIONAL_REPRESENTATION('',(#14895),#14899);
#14895 = LINE('',#14896,#14897);
#14896 = CARTESIAN_POINT('',(2.897328079343E-17,-0.5));
#14897 = VECTOR('',#14898,1.);
#14898 = DIRECTION('',(1.,0.));
#14899 = ( GEOMETRIC_REPRESENTATION_CONTEXT(2) 
PARAMETRIC_REPRESENTATION_CONTEXT() REPRESENTATION_CONTEXT('2D SPACE',''
  ) );
#14900 = ORIENTED_EDGE('',*,*,#14901,.T.);
#14901 = EDGE_CURVE('',#14874,#14902,#14904,.T.);
#14902 = VERTEX_POINT('',#14903);
#14903 = CARTESIAN_POINT('',(14.6359375,0.23046875,0.5));
#14904 = SURFACE_CURVE('',#14905,(#14909,#14916),.PCURVE_S1.);
#14905 = LINE('',#14906,#14907);
#14906 = CARTESIAN_POINT('',(14.196484375,0.23046875,0.5));
#14907 = VECTOR('',#14908,1.);
#14908 = DIRECTION('',(1.,1.110223024625E-16,-1.359631073447E-32));
#14909 = PCURVE('',#11486,#14910);
#14910 = DEFINITIONAL_REPRESENTATION('',(#14911),#14915);
#14911 = LINE('',#14912,#14913);
#14912 = CARTESIAN_POINT('',(0.3935546875,1.2958984375));
#14913 = VECTOR('',#14914,1.);
#14914 = DIRECTION('',(-1.665067842118E-48,-1.));
#14915 = ( GEOMETRIC_REPRESENTATION_CONTEXT(2) 
PARAMETRIC_REPRESENTATION_CONTEXT() REPRESENTATION_CONTEXT('2D SPACE',''
  ) );
#14916 = PCURVE('',#14917,#14922);
#14917 = PLANE('',#14918);
#14918 = AXIS2_PLACEMENT_3D('',#14919,#14920,#14921);
#14919 = CARTESIAN_POINT('',(14.196484375,0.23046875,0.));
#14920 = DIRECTION('',(-1.110223024625E-16,1.,-1.224646799147E-16));
#14921 = DIRECTION('',(1.,1.110223024625E-16,-1.359631073447E-32));
#14922 = DEFINITIONAL_REPRESENTATION('',(#14923),#14927);
#14923 = LINE('',#14924,#14925);
#14924 = CARTESIAN_POINT('',(-6.351795451953E-34,-0.5));
#14925 = VECTOR('',#14926,1.);
#14926 = DIRECTION('',(1.,0.));
#14927 = ( GEOMETRIC_REPRESENTATION_CONTEXT(2) 
PARAMETRIC_REPRESENTATION_CONTEXT() REPRESENTATION_CONTEXT('2D SPACE',''
  ) );
#14928 = ORIENTED_EDGE('',*,*,#14929,.T.);
#14929 = EDGE_CURVE('',#14902,#14930,#14932,.T.);
#14930 = VERTEX_POINT('',#14931);
#14931 = CARTESIAN_POINT('',(14.6359375,-6.15234375E-02,0.5));
#14932 = SURFACE_CURVE('',#14933,(#14937,#14944),.PCURVE_S1.);
#14933 = LINE('',#14934,#14935);
#14934 = CARTESIAN_POINT('',(14.6359375,0.23046875,0.5));
#14935 = VECTOR('',#14936,1.);
#14936 = DIRECTION('',(1.110223024625E-16,-1.,1.224646799147E-16));
#14937 = PCURVE('',#11486,#14938);
#14938 = DEFINITIONAL_REPRESENTATION('',(#14939),#14943);
#14939 = LINE('',#14940,#14941);
#14940 = CARTESIAN_POINT('',(0.3935546875,0.8564453125));
#14941 = VECTOR('',#14942,1.);
#14942 = DIRECTION('',(1.,1.665067842118E-48));
#14943 = ( GEOMETRIC_REPRESENTATION_CONTEXT(2) 
PARAMETRIC_REPRESENTATION_CONTEXT() REPRESENTATION_CONTEXT('2D SPACE',''
  ) );
#14944 = PCURVE('',#14945,#14950);
#14945 = PLANE('',#14946);
#14946 = AXIS2_PLACEMENT_3D('',#14947,#14948,#14949);
#14947 = CARTESIAN_POINT('',(14.6359375,0.23046875,0.));
#14948 = DIRECTION('',(1.,1.110223024625E-16,-1.359631073447E-32));
#14949 = DIRECTION('',(1.110223024625E-16,-1.,1.224646799147E-16));
#14950 = DEFINITIONAL_REPRESENTATION('',(#14951),#14955);
#14951 = LINE('',#14952,#14953);
#14952 = CARTESIAN_POINT('',(5.72118872611E-18,-0.5));
#14953 = VECTOR('',#14954,1.);
#14954 = DIRECTION('',(1.,0.));
#14955 = ( GEOMETRIC_REPRESENTATION_CONTEXT(2) 
PARAMETRIC_REPRESENTATION_CONTEXT() REPRESENTATION_CONTEXT('2D SPACE',''
  ) );
#14956 = ORIENTED_EDGE('',*,*,#14957,.T.);
#14957 = EDGE_CURVE('',#14930,#14958,#14960,.T.);
#14958 = VERTEX_POINT('',#14959);
#14959 = CARTESIAN_POINT('',(14.58173828125,-0.27685546875,0.5));
#14960 = SURFACE_CURVE('',#14961,(#14965,#14972),.PCURVE_S1.);
#14961 = B_SPLINE_CURVE_WITH_KNOTS('',2,(#14962,#14963,#14964),
  .UNSPECIFIED.,.F.,.F.,(3,3),(0.,1.),.PIECEWISE_BEZIER_KNOTS.);
#14962 = CARTESIAN_POINT('',(14.6359375,-6.15234375E-02,0.5));
#14963 = CARTESIAN_POINT('',(14.6359375,-0.2060546875,0.5));
#14964 = CARTESIAN_POINT('',(14.58173828125,-0.27685546875,0.5));
#14965 = PCURVE('',#11486,#14966);
#14966 = DEFINITIONAL_REPRESENTATION('',(#14967),#14971);
#14967 = B_SPLINE_CURVE_WITH_KNOTS('',2,(#14968,#14969,#14970),
  .UNSPECIFIED.,.F.,.F.,(3,3),(0.,1.),.PIECEWISE_BEZIER_KNOTS.);
#14968 = CARTESIAN_POINT('',(0.685546875,0.8564453125));
#14969 = CARTESIAN_POINT('',(0.830078125,0.8564453125));
#14970 = CARTESIAN_POINT('',(0.90087890625,0.91064453125));
#14971 = ( GEOMETRIC_REPRESENTATION_CONTEXT(2) 
PARAMETRIC_REPRESENTATION_CONTEXT() REPRESENTATION_CONTEXT('2D SPACE',''
  ) );
#14972 = PCURVE('',#14973,#14980);
#14973 = SURFACE_OF_LINEAR_EXTRUSION('',#14974,#14978);
#14974 = B_SPLINE_CURVE_WITH_KNOTS('',2,(#14975,#14976,#14977),
  .UNSPECIFIED.,.F.,.F.,(3,3),(0.,1.),.PIECEWISE_BEZIER_KNOTS.);
#14975 = CARTESIAN_POINT('',(14.6359375,-6.15234375E-02,0.));
#14976 = CARTESIAN_POINT('',(14.6359375,-0.2060546875,0.));
#14977 = CARTESIAN_POINT('',(14.58173828125,-0.27685546875,0.));
#14978 = VECTOR('',#14979,1.);
#14979 = DIRECTION('',(0.,-1.224646799147E-16,-1.));
#14980 = DEFINITIONAL_REPRESENTATION('',(#14981),#14985);
#14981 = LINE('',#14982,#14983);
#14982 = CARTESIAN_POINT('',(0.,-0.5));
#14983 = VECTOR('',#14984,1.);
#14984 = DIRECTION('',(1.,0.));
#14985 = ( GEOMETRIC_REPRESENTATION_CONTEXT(2) 
PARAMETRIC_REPRESENTATION_CONTEXT() REPRESENTATION_CONTEXT('2D SPACE',''
  ) );
#14986 = ORIENTED_EDGE('',*,*,#14987,.T.);
#14987 = EDGE_CURVE('',#14958,#14988,#14990,.T.);
#14988 = VERTEX_POINT('',#14989);
#14989 = CARTESIAN_POINT('',(14.4162109375,-0.34765625,0.5));
#14990 = SURFACE_CURVE('',#14991,(#14995,#15002),.PCURVE_S1.);
#14991 = B_SPLINE_CURVE_WITH_KNOTS('',2,(#14992,#14993,#14994),
  .UNSPECIFIED.,.F.,.F.,(3,3),(0.,1.),.PIECEWISE_BEZIER_KNOTS.);
#14992 = CARTESIAN_POINT('',(14.58173828125,-0.27685546875,0.5));
#14993 = CARTESIAN_POINT('',(14.5275390625,-0.34765625,0.5));
#14994 = CARTESIAN_POINT('',(14.4162109375,-0.34765625,0.5));
#14995 = PCURVE('',#11486,#14996);
#14996 = DEFINITIONAL_REPRESENTATION('',(#14997),#15001);
#14997 = B_SPLINE_CURVE_WITH_KNOTS('',2,(#14998,#14999,#15000),
  .UNSPECIFIED.,.F.,.F.,(3,3),(0.,1.),.PIECEWISE_BEZIER_KNOTS.);
#14998 = CARTESIAN_POINT('',(0.90087890625,0.91064453125));
#14999 = CARTESIAN_POINT('',(0.9716796875,0.96484375));
#15000 = CARTESIAN_POINT('',(0.9716796875,1.076171875));
#15001 = ( GEOMETRIC_REPRESENTATION_CONTEXT(2) 
PARAMETRIC_REPRESENTATION_CONTEXT() REPRESENTATION_CONTEXT('2D SPACE',''
  ) );
#15002 = PCURVE('',#15003,#15010);
#15003 = SURFACE_OF_LINEAR_EXTRUSION('',#15004,#15008);
#15004 = B_SPLINE_CURVE_WITH_KNOTS('',2,(#15005,#15006,#15007),
  .UNSPECIFIED.,.F.,.F.,(3,3),(0.,1.),.PIECEWISE_BEZIER_KNOTS.);
#15005 = CARTESIAN_POINT('',(14.58173828125,-0.27685546875,0.));
#15006 = CARTESIAN_POINT('',(14.5275390625,-0.34765625,0.));
#15007 = CARTESIAN_POINT('',(14.4162109375,-0.34765625,0.));
#15008 = VECTOR('',#15009,1.);
#15009 = DIRECTION('',(0.,-1.224646799147E-16,-1.));
#15010 = DEFINITIONAL_REPRESENTATION('',(#15011),#15015);
#15011 = LINE('',#15012,#15013);
#15012 = CARTESIAN_POINT('',(0.,-0.5));
#15013 = VECTOR('',#15014,1.);
#15014 = DIRECTION('',(1.,0.));
#15015 = ( GEOMETRIC_REPRESENTATION_CONTEXT(2) 
PARAMETRIC_REPRESENTATION_CONTEXT() REPRESENTATION_CONTEXT('2D SPACE',''
  ) );
#15016 = ORIENTED_EDGE('',*,*,#15017,.T.);
#15017 = EDGE_CURVE('',#14988,#15018,#15020,.T.);
#15018 = VERTEX_POINT('',#15019);
#15019 = CARTESIAN_POINT('',(14.251171875,-0.27685546875,0.5));
#15020 = SURFACE_CURVE('',#15021,(#15025,#15032),.PCURVE_S1.);
#15021 = B_SPLINE_CURVE_WITH_KNOTS('',2,(#15022,#15023,#15024),
  .UNSPECIFIED.,.F.,.F.,(3,3),(0.,1.),.PIECEWISE_BEZIER_KNOTS.);
#15022 = CARTESIAN_POINT('',(14.4162109375,-0.34765625,0.5));
#15023 = CARTESIAN_POINT('',(14.305859375,-0.34765625,0.5));
#15024 = CARTESIAN_POINT('',(14.251171875,-0.27685546875,0.5));
#15025 = PCURVE('',#11486,#15026);
#15026 = DEFINITIONAL_REPRESENTATION('',(#15027),#15031);
#15027 = B_SPLINE_CURVE_WITH_KNOTS('',2,(#15028,#15029,#15030),
  .UNSPECIFIED.,.F.,.F.,(3,3),(0.,1.),.PIECEWISE_BEZIER_KNOTS.);
#15028 = CARTESIAN_POINT('',(0.9716796875,1.076171875));
#15029 = CARTESIAN_POINT('',(0.9716796875,1.1865234375));
#15030 = CARTESIAN_POINT('',(0.90087890625,1.2412109375));
#15031 = ( GEOMETRIC_REPRESENTATION_CONTEXT(2) 
PARAMETRIC_REPRESENTATION_CONTEXT() REPRESENTATION_CONTEXT('2D SPACE',''
  ) );
#15032 = PCURVE('',#15033,#15040);
#15033 = SURFACE_OF_LINEAR_EXTRUSION('',#15034,#15038);
#15034 = B_SPLINE_CURVE_WITH_KNOTS('',2,(#15035,#15036,#15037),
  .UNSPECIFIED.,.F.,.F.,(3,3),(0.,1.),.PIECEWISE_BEZIER_KNOTS.);
#15035 = CARTESIAN_POINT('',(14.4162109375,-0.34765625,0.));
#15036 = CARTESIAN_POINT('',(14.305859375,-0.34765625,0.));
#15037 = CARTESIAN_POINT('',(14.251171875,-0.27685546875,0.));
#15038 = VECTOR('',#15039,1.);
#15039 = DIRECTION('',(0.,-1.224646799147E-16,-1.));
#15040 = DEFINITIONAL_REPRESENTATION('',(#15041),#15045);
#15041 = LINE('',#15042,#15043);
#15042 = CARTESIAN_POINT('',(0.,-0.5));
#15043 = VECTOR('',#15044,1.);
#15044 = DIRECTION('',(1.,0.));
#15045 = ( GEOMETRIC_REPRESENTATION_CONTEXT(2) 
PARAMETRIC_REPRESENTATION_CONTEXT() REPRESENTATION_CONTEXT('2D SPACE',''
  ) );
#15046 = ORIENTED_EDGE('',*,*,#15047,.T.);
#15047 = EDGE_CURVE('',#15018,#14872,#15048,.T.);
#15048 = SURFACE_CURVE('',#15049,(#15053,#15060),.PCURVE_S1.);
#15049 = B_SPLINE_CURVE_WITH_KNOTS('',2,(#15050,#15051,#15052),
  .UNSPECIFIED.,.F.,.F.,(3,3),(0.,1.),.PIECEWISE_BEZIER_KNOTS.);
#15050 = CARTESIAN_POINT('',(14.251171875,-0.27685546875,0.5));
#15051 = CARTESIAN_POINT('',(14.196484375,-0.2060546875,0.5));
#15052 = CARTESIAN_POINT('',(14.196484375,-6.15234375E-02,0.5));
#15053 = PCURVE('',#11486,#15054);
#15054 = DEFINITIONAL_REPRESENTATION('',(#15055),#15059);
#15055 = B_SPLINE_CURVE_WITH_KNOTS('',2,(#15056,#15057,#15058),
  .UNSPECIFIED.,.F.,.F.,(3,3),(0.,1.),.PIECEWISE_BEZIER_KNOTS.);
#15056 = CARTESIAN_POINT('',(0.90087890625,1.2412109375));
#15057 = CARTESIAN_POINT('',(0.830078125,1.2958984375));
#15058 = CARTESIAN_POINT('',(0.685546875,1.2958984375));
#15059 = ( GEOMETRIC_REPRESENTATION_CONTEXT(2) 
PARAMETRIC_REPRESENTATION_CONTEXT() REPRESENTATION_CONTEXT('2D SPACE',''
  ) );
#15060 = PCURVE('',#15061,#15068);
#15061 = SURFACE_OF_LINEAR_EXTRUSION('',#15062,#15066);
#15062 = B_SPLINE_CURVE_WITH_KNOTS('',2,(#15063,#15064,#15065),
  .UNSPECIFIED.,.F.,.F.,(3,3),(0.,1.),.PIECEWISE_BEZIER_KNOTS.);
#15063 = CARTESIAN_POINT('',(14.251171875,-0.27685546875,0.));
#15064 = CARTESIAN_POINT('',(14.196484375,-0.2060546875,0.));
#15065 = CARTESIAN_POINT('',(14.196484375,-6.15234375E-02,0.));
#15066 = VECTOR('',#15067,1.);
#15067 = DIRECTION('',(0.,-1.224646799147E-16,-1.));
#15068 = DEFINITIONAL_REPRESENTATION('',(#15069),#15073);
#15069 = LINE('',#15070,#15071);
#15070 = CARTESIAN_POINT('',(0.,-0.5));
#15071 = VECTOR('',#15072,1.);
#15072 = DIRECTION('',(1.,0.));
#15073 = ( GEOMETRIC_REPRESENTATION_CONTEXT(2) 
PARAMETRIC_REPRESENTATION_CONTEXT() REPRESENTATION_CONTEXT('2D SPACE',''
  ) );
#15074 = ADVANCED_FACE('',(#15075),#12030,.T.);
#15075 = FACE_BOUND('',#15076,.F.);
#15076 = EDGE_LOOP('',(#15077,#15078,#15079,#15080,#15081,#15082,#15083,
    #15084,#15085,#15086,#15087,#15088,#15089,#15090,#15091,#15092,
    #15093,#15094,#15095,#15096,#15097));
#15077 = ORIENTED_EDGE('',*,*,#12999,.T.);
#15078 = ORIENTED_EDGE('',*,*,#12972,.T.);
#15079 = ORIENTED_EDGE('',*,*,#12923,.T.);
#15080 = ORIENTED_EDGE('',*,*,#12874,.T.);
#15081 = ORIENTED_EDGE('',*,*,#12825,.T.);
#15082 = ORIENTED_EDGE('',*,*,#12776,.T.);
#15083 = ORIENTED_EDGE('',*,*,#12727,.T.);
#15084 = ORIENTED_EDGE('',*,*,#12678,.T.);
#15085 = ORIENTED_EDGE('',*,*,#12629,.T.);
#15086 = ORIENTED_EDGE('',*,*,#12580,.T.);
#15087 = ORIENTED_EDGE('',*,*,#12531,.T.);
#15088 = ORIENTED_EDGE('',*,*,#12482,.T.);
#15089 = ORIENTED_EDGE('',*,*,#12433,.T.);
#15090 = ORIENTED_EDGE('',*,*,#12384,.T.);
#15091 = ORIENTED_EDGE('',*,*,#12335,.T.);
#15092 = ORIENTED_EDGE('',*,*,#12286,.T.);
#15093 = ORIENTED_EDGE('',*,*,#12237,.T.);
#15094 = ORIENTED_EDGE('',*,*,#12188,.T.);
#15095 = ORIENTED_EDGE('',*,*,#12139,.T.);
#15096 = ORIENTED_EDGE('',*,*,#12090,.T.);
#15097 = ORIENTED_EDGE('',*,*,#12014,.T.);
#15098 = ADVANCED_FACE('',(#15099),#13485,.T.);
#15099 = FACE_BOUND('',#15100,.F.);
#15100 = EDGE_LOOP('',(#15101,#15124,#15155,#15156));
#15101 = ORIENTED_EDGE('',*,*,#15102,.F.);
#15102 = EDGE_CURVE('',#15103,#13465,#15105,.T.);
#15103 = VERTEX_POINT('',#15104);
#15104 = CARTESIAN_POINT('',(-3.,9.006664199358,4.68));
#15105 = SEAM_CURVE('',#15106,(#15110,#15117),.PCURVE_S1.);
#15106 = LINE('',#15107,#15108);
#15107 = CARTESIAN_POINT('',(-3.,9.006664199358,5.38));
#15108 = VECTOR('',#15109,1.);
#15109 = DIRECTION('',(0.,-1.224646799147E-16,-1.));
#15110 = PCURVE('',#13485,#15111);
#15111 = DEFINITIONAL_REPRESENTATION('',(#15112),#15116);
#15112 = LINE('',#15113,#15114);
#15113 = CARTESIAN_POINT('',(-6.28318530718,0.));
#15114 = VECTOR('',#15115,1.);
#15115 = DIRECTION('',(-0.,-1.));
#15116 = ( GEOMETRIC_REPRESENTATION_CONTEXT(2) 
PARAMETRIC_REPRESENTATION_CONTEXT() REPRESENTATION_CONTEXT('2D SPACE',''
  ) );
#15117 = PCURVE('',#13485,#15118);
#15118 = DEFINITIONAL_REPRESENTATION('',(#15119),#15123);
#15119 = LINE('',#15120,#15121);
#15120 = CARTESIAN_POINT('',(-0.,0.));
#15121 = VECTOR('',#15122,1.);
#15122 = DIRECTION('',(-0.,-1.));
#15123 = ( GEOMETRIC_REPRESENTATION_CONTEXT(2) 
PARAMETRIC_REPRESENTATION_CONTEXT() REPRESENTATION_CONTEXT('2D SPACE',''
  ) );
#15124 = ORIENTED_EDGE('',*,*,#15125,.T.);
#15125 = EDGE_CURVE('',#15103,#15103,#15126,.T.);
#15126 = SURFACE_CURVE('',#15127,(#15132,#15139),.PCURVE_S1.);
#15127 = CIRCLE('',#15128,2.2);
#15128 = AXIS2_PLACEMENT_3D('',#15129,#15130,#15131);
#15129 = CARTESIAN_POINT('',(-5.2,9.006664199358,4.68));
#15130 = DIRECTION('',(-0.,1.224646799147E-16,1.));
#15131 = DIRECTION('',(1.,0.,0.));
#15132 = PCURVE('',#13485,#15133);
#15133 = DEFINITIONAL_REPRESENTATION('',(#15134),#15138);
#15134 = LINE('',#15135,#15136);
#15135 = CARTESIAN_POINT('',(-6.28318530718,-0.7));
#15136 = VECTOR('',#15137,1.);
#15137 = DIRECTION('',(1.,-0.));
#15138 = ( GEOMETRIC_REPRESENTATION_CONTEXT(2) 
PARAMETRIC_REPRESENTATION_CONTEXT() REPRESENTATION_CONTEXT('2D SPACE',''
  ) );
#15139 = PCURVE('',#15140,#15145);
#15140 = PLANE('',#15141);
#15141 = AXIS2_PLACEMENT_3D('',#15142,#15143,#15144);
#15142 = CARTESIAN_POINT('',(-5.2,9.006664199358,4.68));
#15143 = DIRECTION('',(0.,-1.224646799147E-16,-1.));
#15144 = DIRECTION('',(1.,0.,0.));
#15145 = DEFINITIONAL_REPRESENTATION('',(#15146),#15154);
#15146 = ( BOUNDED_CURVE() B_SPLINE_CURVE(2,(#15147,#15148,#15149,#15150
    ,#15151,#15152,#15153),.UNSPECIFIED.,.T.,.F.) 
B_SPLINE_CURVE_WITH_KNOTS((1,2,2,2,2,1),(-2.094395102393,0.,
    2.094395102393,4.188790204786,6.28318530718,8.377580409573),
.UNSPECIFIED.) CURVE() GEOMETRIC_REPRESENTATION_ITEM() 
RATIONAL_B_SPLINE_CURVE((1.,0.5,1.,0.5,1.,0.5,1.)) REPRESENTATION_ITEM(
  '') );
#15147 = CARTESIAN_POINT('',(2.2,0.));
#15148 = CARTESIAN_POINT('',(2.2,-3.810511776652));
#15149 = CARTESIAN_POINT('',(-1.1,-1.905255888326));
#15150 = CARTESIAN_POINT('',(-4.4,-5.388445916248E-16));
#15151 = CARTESIAN_POINT('',(-1.1,1.905255888326));
#15152 = CARTESIAN_POINT('',(2.2,3.810511776652));
#15153 = CARTESIAN_POINT('',(2.2,0.));
#15154 = ( GEOMETRIC_REPRESENTATION_CONTEXT(2) 
PARAMETRIC_REPRESENTATION_CONTEXT() REPRESENTATION_CONTEXT('2D SPACE',''
  ) );
#15155 = ORIENTED_EDGE('',*,*,#15102,.T.);
#15156 = ORIENTED_EDGE('',*,*,#13464,.F.);
#15157 = ADVANCED_FACE('',(#15158),#13520,.T.);
#15158 = FACE_BOUND('',#15159,.F.);
#15159 = EDGE_LOOP('',(#15160,#15183,#15214,#15215));
#15160 = ORIENTED_EDGE('',*,*,#15161,.F.);
#15161 = EDGE_CURVE('',#15162,#13500,#15164,.T.);
#15162 = VERTEX_POINT('',#15163);
#15163 = CARTESIAN_POINT('',(-5.6,4.503332099679,4.68));
#15164 = SEAM_CURVE('',#15165,(#15169,#15176),.PCURVE_S1.);
#15165 = LINE('',#15166,#15167);
#15166 = CARTESIAN_POINT('',(-5.6,4.503332099679,5.38));
#15167 = VECTOR('',#15168,1.);
#15168 = DIRECTION('',(0.,-1.224646799147E-16,-1.));
#15169 = PCURVE('',#13520,#15170);
#15170 = DEFINITIONAL_REPRESENTATION('',(#15171),#15175);
#15171 = LINE('',#15172,#15173);
#15172 = CARTESIAN_POINT('',(-6.28318530718,0.));
#15173 = VECTOR('',#15174,1.);
#15174 = DIRECTION('',(-0.,-1.));
#15175 = ( GEOMETRIC_REPRESENTATION_CONTEXT(2) 
PARAMETRIC_REPRESENTATION_CONTEXT() REPRESENTATION_CONTEXT('2D SPACE',''
  ) );
#15176 = PCURVE('',#13520,#15177);
#15177 = DEFINITIONAL_REPRESENTATION('',(#15178),#15182);
#15178 = LINE('',#15179,#15180);
#15179 = CARTESIAN_POINT('',(-0.,0.));
#15180 = VECTOR('',#15181,1.);
#15181 = DIRECTION('',(-0.,-1.));
#15182 = ( GEOMETRIC_REPRESENTATION_CONTEXT(2) 
PARAMETRIC_REPRESENTATION_CONTEXT() REPRESENTATION_CONTEXT('2D SPACE',''
  ) );
#15183 = ORIENTED_EDGE('',*,*,#15184,.T.);
#15184 = EDGE_CURVE('',#15162,#15162,#15185,.T.);
#15185 = SURFACE_CURVE('',#15186,(#15191,#15198),.PCURVE_S1.);
#15186 = CIRCLE('',#15187,2.2);
#15187 = AXIS2_PLACEMENT_3D('',#15188,#15189,#15190);
#15188 = CARTESIAN_POINT('',(-7.8,4.503332099679,4.68));
#15189 = DIRECTION('',(-0.,1.224646799147E-16,1.));
#15190 = DIRECTION('',(1.,0.,0.));
#15191 = PCURVE('',#13520,#15192);
#15192 = DEFINITIONAL_REPRESENTATION('',(#15193),#15197);
#15193 = LINE('',#15194,#15195);
#15194 = CARTESIAN_POINT('',(-6.28318530718,-0.7));
#15195 = VECTOR('',#15196,1.);
#15196 = DIRECTION('',(1.,-0.));
#15197 = ( GEOMETRIC_REPRESENTATION_CONTEXT(2) 
PARAMETRIC_REPRESENTATION_CONTEXT() REPRESENTATION_CONTEXT('2D SPACE',''
  ) );
#15198 = PCURVE('',#15199,#15204);
#15199 = PLANE('',#15200);
#15200 = AXIS2_PLACEMENT_3D('',#15201,#15202,#15203);
#15201 = CARTESIAN_POINT('',(-7.8,4.503332099679,4.68));
#15202 = DIRECTION('',(0.,-1.224646799147E-16,-1.));
#15203 = DIRECTION('',(1.,0.,0.));
#15204 = DEFINITIONAL_REPRESENTATION('',(#15205),#15213);
#15205 = ( BOUNDED_CURVE() B_SPLINE_CURVE(2,(#15206,#15207,#15208,#15209
    ,#15210,#15211,#15212),.UNSPECIFIED.,.T.,.F.) 
B_SPLINE_CURVE_WITH_KNOTS((1,2,2,2,2,1),(-2.094395102393,0.,
    2.094395102393,4.188790204786,6.28318530718,8.377580409573),
.UNSPECIFIED.) CURVE() GEOMETRIC_REPRESENTATION_ITEM() 
RATIONAL_B_SPLINE_CURVE((1.,0.5,1.,0.5,1.,0.5,1.)) REPRESENTATION_ITEM(
  '') );
#15206 = CARTESIAN_POINT('',(2.2,0.));
#15207 = CARTESIAN_POINT('',(2.2,-3.810511776652));
#15208 = CARTESIAN_POINT('',(-1.1,-1.905255888326));
#15209 = CARTESIAN_POINT('',(-4.4,-5.388445916248E-16));
#15210 = CARTESIAN_POINT('',(-1.1,1.905255888326));
#15211 = CARTESIAN_POINT('',(2.2,3.810511776652));
#15212 = CARTESIAN_POINT('',(2.2,0.));
#15213 = ( GEOMETRIC_REPRESENTATION_CONTEXT(2) 
PARAMETRIC_REPRESENTATION_CONTEXT() REPRESENTATION_CONTEXT('2D SPACE',''
  ) );
#15214 = ORIENTED_EDGE('',*,*,#15161,.T.);
#15215 = ORIENTED_EDGE('',*,*,#13499,.F.);
#15216 = ADVANCED_FACE('',(#15217),#13555,.T.);
#15217 = FACE_BOUND('',#15218,.F.);
#15218 = EDGE_LOOP('',(#15219,#15242,#15273,#15274));
#15219 = ORIENTED_EDGE('',*,*,#15220,.F.);
#15220 = EDGE_CURVE('',#15221,#13535,#15223,.T.);
#15221 = VERTEX_POINT('',#15222);
#15222 = CARTESIAN_POINT('',(-0.4,4.503332099679,4.68));
#15223 = SEAM_CURVE('',#15224,(#15228,#15235),.PCURVE_S1.);
#15224 = LINE('',#15225,#15226);
#15225 = CARTESIAN_POINT('',(-0.4,4.503332099679,5.38));
#15226 = VECTOR('',#15227,1.);
#15227 = DIRECTION('',(0.,-1.224646799147E-16,-1.));
#15228 = PCURVE('',#13555,#15229);
#15229 = DEFINITIONAL_REPRESENTATION('',(#15230),#15234);
#15230 = LINE('',#15231,#15232);
#15231 = CARTESIAN_POINT('',(-6.28318530718,0.));
#15232 = VECTOR('',#15233,1.);
#15233 = DIRECTION('',(-0.,-1.));
#15234 = ( GEOMETRIC_REPRESENTATION_CONTEXT(2) 
PARAMETRIC_REPRESENTATION_CONTEXT() REPRESENTATION_CONTEXT('2D SPACE',''
  ) );
#15235 = PCURVE('',#13555,#15236);
#15236 = DEFINITIONAL_REPRESENTATION('',(#15237),#15241);
#15237 = LINE('',#15238,#15239);
#15238 = CARTESIAN_POINT('',(-0.,0.));
#15239 = VECTOR('',#15240,1.);
#15240 = DIRECTION('',(-0.,-1.));
#15241 = ( GEOMETRIC_REPRESENTATION_CONTEXT(2) 
PARAMETRIC_REPRESENTATION_CONTEXT() REPRESENTATION_CONTEXT('2D SPACE',''
  ) );
#15242 = ORIENTED_EDGE('',*,*,#15243,.T.);
#15243 = EDGE_CURVE('',#15221,#15221,#15244,.T.);
#15244 = SURFACE_CURVE('',#15245,(#15250,#15257),.PCURVE_S1.);
#15245 = CIRCLE('',#15246,2.2);
#15246 = AXIS2_PLACEMENT_3D('',#15247,#15248,#15249);
#15247 = CARTESIAN_POINT('',(-2.6,4.503332099679,4.68));
#15248 = DIRECTION('',(-0.,1.224646799147E-16,1.));
#15249 = DIRECTION('',(1.,0.,0.));
#15250 = PCURVE('',#13555,#15251);
#15251 = DEFINITIONAL_REPRESENTATION('',(#15252),#15256);
#15252 = LINE('',#15253,#15254);
#15253 = CARTESIAN_POINT('',(-6.28318530718,-0.7));
#15254 = VECTOR('',#15255,1.);
#15255 = DIRECTION('',(1.,-0.));
#15256 = ( GEOMETRIC_REPRESENTATION_CONTEXT(2) 
PARAMETRIC_REPRESENTATION_CONTEXT() REPRESENTATION_CONTEXT('2D SPACE',''
  ) );
#15257 = PCURVE('',#15258,#15263);
#15258 = PLANE('',#15259);
#15259 = AXIS2_PLACEMENT_3D('',#15260,#15261,#15262);
#15260 = CARTESIAN_POINT('',(-2.6,4.503332099679,4.68));
#15261 = DIRECTION('',(0.,-1.224646799147E-16,-1.));
#15262 = DIRECTION('',(1.,0.,0.));
#15263 = DEFINITIONAL_REPRESENTATION('',(#15264),#15272);
#15264 = ( BOUNDED_CURVE() B_SPLINE_CURVE(2,(#15265,#15266,#15267,#15268
    ,#15269,#15270,#15271),.UNSPECIFIED.,.T.,.F.) 
B_SPLINE_CURVE_WITH_KNOTS((1,2,2,2,2,1),(-2.094395102393,0.,
    2.094395102393,4.188790204786,6.28318530718,8.377580409573),
.UNSPECIFIED.) CURVE() GEOMETRIC_REPRESENTATION_ITEM() 
RATIONAL_B_SPLINE_CURVE((1.,0.5,1.,0.5,1.,0.5,1.)) REPRESENTATION_ITEM(
  '') );
#15265 = CARTESIAN_POINT('',(2.2,0.));
#15266 = CARTESIAN_POINT('',(2.2,-3.810511776652));
#15267 = CARTESIAN_POINT('',(-1.1,-1.905255888326));
#15268 = CARTESIAN_POINT('',(-4.4,-5.388445916248E-16));
#15269 = CARTESIAN_POINT('',(-1.1,1.905255888326));
#15270 = CARTESIAN_POINT('',(2.2,3.810511776652));
#15271 = CARTESIAN_POINT('',(2.2,0.));
#15272 = ( GEOMETRIC_REPRESENTATION_CONTEXT(2) 
PARAMETRIC_REPRESENTATION_CONTEXT() REPRESENTATION_CONTEXT('2D SPACE',''
  ) );
#15273 = ORIENTED_EDGE('',*,*,#15220,.T.);
#15274 = ORIENTED_EDGE('',*,*,#13534,.F.);
#15275 = ADVANCED_FACE('',(#15276),#13590,.T.);
#15276 = FACE_BOUND('',#15277,.F.);
#15277 = EDGE_LOOP('',(#15278,#15301,#15332,#15333));
#15278 = ORIENTED_EDGE('',*,*,#15279,.F.);
#15279 = EDGE_CURVE('',#15280,#13570,#15282,.T.);
#15280 = VERTEX_POINT('',#15281);
#15281 = CARTESIAN_POINT('',(2.2,9.006664199358,4.68));
#15282 = SEAM_CURVE('',#15283,(#15287,#15294),.PCURVE_S1.);
#15283 = LINE('',#15284,#15285);
#15284 = CARTESIAN_POINT('',(2.2,9.006664199358,5.38));
#15285 = VECTOR('',#15286,1.);
#15286 = DIRECTION('',(0.,-1.224646799147E-16,-1.));
#15287 = PCURVE('',#13590,#15288);
#15288 = DEFINITIONAL_REPRESENTATION('',(#15289),#15293);
#15289 = LINE('',#15290,#15291);
#15290 = CARTESIAN_POINT('',(-6.28318530718,0.));
#15291 = VECTOR('',#15292,1.);
#15292 = DIRECTION('',(-0.,-1.));
#15293 = ( GEOMETRIC_REPRESENTATION_CONTEXT(2) 
PARAMETRIC_REPRESENTATION_CONTEXT() REPRESENTATION_CONTEXT('2D SPACE',''
  ) );
#15294 = PCURVE('',#13590,#15295);
#15295 = DEFINITIONAL_REPRESENTATION('',(#15296),#15300);
#15296 = LINE('',#15297,#15298);
#15297 = CARTESIAN_POINT('',(-0.,0.));
#15298 = VECTOR('',#15299,1.);
#15299 = DIRECTION('',(-0.,-1.));
#15300 = ( GEOMETRIC_REPRESENTATION_CONTEXT(2) 
PARAMETRIC_REPRESENTATION_CONTEXT() REPRESENTATION_CONTEXT('2D SPACE',''
  ) );
#15301 = ORIENTED_EDGE('',*,*,#15302,.T.);
#15302 = EDGE_CURVE('',#15280,#15280,#15303,.T.);
#15303 = SURFACE_CURVE('',#15304,(#15309,#15316),.PCURVE_S1.);
#15304 = CIRCLE('',#15305,2.2);
#15305 = AXIS2_PLACEMENT_3D('',#15306,#15307,#15308);
#15306 = CARTESIAN_POINT('',(0.,9.006664199358,4.68));
#15307 = DIRECTION('',(-0.,1.224646799147E-16,1.));
#15308 = DIRECTION('',(1.,0.,0.));
#15309 = PCURVE('',#13590,#15310);
#15310 = DEFINITIONAL_REPRESENTATION('',(#15311),#15315);
#15311 = LINE('',#15312,#15313);
#15312 = CARTESIAN_POINT('',(-6.28318530718,-0.7));
#15313 = VECTOR('',#15314,1.);
#15314 = DIRECTION('',(1.,-0.));
#15315 = ( GEOMETRIC_REPRESENTATION_CONTEXT(2) 
PARAMETRIC_REPRESENTATION_CONTEXT() REPRESENTATION_CONTEXT('2D SPACE',''
  ) );
#15316 = PCURVE('',#15317,#15322);
#15317 = PLANE('',#15318);
#15318 = AXIS2_PLACEMENT_3D('',#15319,#15320,#15321);
#15319 = CARTESIAN_POINT('',(0.,9.006664199358,4.68));
#15320 = DIRECTION('',(0.,-1.224646799147E-16,-1.));
#15321 = DIRECTION('',(1.,0.,0.));
#15322 = DEFINITIONAL_REPRESENTATION('',(#15323),#15331);
#15323 = ( BOUNDED_CURVE() B_SPLINE_CURVE(2,(#15324,#15325,#15326,#15327
    ,#15328,#15329,#15330),.UNSPECIFIED.,.T.,.F.) 
B_SPLINE_CURVE_WITH_KNOTS((1,2,2,2,2,1),(-2.094395102393,0.,
    2.094395102393,4.188790204786,6.28318530718,8.377580409573),
.UNSPECIFIED.) CURVE() GEOMETRIC_REPRESENTATION_ITEM() 
RATIONAL_B_SPLINE_CURVE((1.,0.5,1.,0.5,1.,0.5,1.)) REPRESENTATION_ITEM(
  '') );
#15324 = CARTESIAN_POINT('',(2.2,0.));
#15325 = CARTESIAN_POINT('',(2.2,-3.810511776652));
#15326 = CARTESIAN_POINT('',(-1.1,-1.905255888326));
#15327 = CARTESIAN_POINT('',(-4.4,-5.388445916248E-16));
#15328 = CARTESIAN_POINT('',(-1.1,1.905255888326));
#15329 = CARTESIAN_POINT('',(2.2,3.810511776652));
#15330 = CARTESIAN_POINT('',(2.2,0.));
#15331 = ( GEOMETRIC_REPRESENTATION_CONTEXT(2) 
PARAMETRIC_REPRESENTATION_CONTEXT() REPRESENTATION_CONTEXT('2D SPACE',''
  ) );
#15332 = ORIENTED_EDGE('',*,*,#15279,.T.);
#15333 = ORIENTED_EDGE('',*,*,#13569,.F.);
#15334 = ADVANCED_FACE('',(#15335),#13625,.T.);
#15335 = FACE_BOUND('',#15336,.F.);
#15336 = EDGE_LOOP('',(#15337,#15360,#15391,#15392));
#15337 = ORIENTED_EDGE('',*,*,#15338,.F.);
#15338 = EDGE_CURVE('',#15339,#13605,#15341,.T.);
#15339 = VERTEX_POINT('',#15340);
#15340 = CARTESIAN_POINT('',(7.4,9.006664199358,4.68));
#15341 = SEAM_CURVE('',#15342,(#15346,#15353),.PCURVE_S1.);
#15342 = LINE('',#15343,#15344);
#15343 = CARTESIAN_POINT('',(7.4,9.006664199358,5.38));
#15344 = VECTOR('',#15345,1.);
#15345 = DIRECTION('',(0.,-1.224646799147E-16,-1.));
#15346 = PCURVE('',#13625,#15347);
#15347 = DEFINITIONAL_REPRESENTATION('',(#15348),#15352);
#15348 = LINE('',#15349,#15350);
#15349 = CARTESIAN_POINT('',(-6.28318530718,0.));
#15350 = VECTOR('',#15351,1.);
#15351 = DIRECTION('',(-0.,-1.));
#15352 = ( GEOMETRIC_REPRESENTATION_CONTEXT(2) 
PARAMETRIC_REPRESENTATION_CONTEXT() REPRESENTATION_CONTEXT('2D SPACE',''
  ) );
#15353 = PCURVE('',#13625,#15354);
#15354 = DEFINITIONAL_REPRESENTATION('',(#15355),#15359);
#15355 = LINE('',#15356,#15357);
#15356 = CARTESIAN_POINT('',(-0.,0.));
#15357 = VECTOR('',#15358,1.);
#15358 = DIRECTION('',(-0.,-1.));
#15359 = ( GEOMETRIC_REPRESENTATION_CONTEXT(2) 
PARAMETRIC_REPRESENTATION_CONTEXT() REPRESENTATION_CONTEXT('2D SPACE',''
  ) );
#15360 = ORIENTED_EDGE('',*,*,#15361,.T.);
#15361 = EDGE_CURVE('',#15339,#15339,#15362,.T.);
#15362 = SURFACE_CURVE('',#15363,(#15368,#15375),.PCURVE_S1.);
#15363 = CIRCLE('',#15364,2.2);
#15364 = AXIS2_PLACEMENT_3D('',#15365,#15366,#15367);
#15365 = CARTESIAN_POINT('',(5.2,9.006664199358,4.68));
#15366 = DIRECTION('',(-0.,1.224646799147E-16,1.));
#15367 = DIRECTION('',(1.,0.,0.));
#15368 = PCURVE('',#13625,#15369);
#15369 = DEFINITIONAL_REPRESENTATION('',(#15370),#15374);
#15370 = LINE('',#15371,#15372);
#15371 = CARTESIAN_POINT('',(-6.28318530718,-0.7));
#15372 = VECTOR('',#15373,1.);
#15373 = DIRECTION('',(1.,-0.));
#15374 = ( GEOMETRIC_REPRESENTATION_CONTEXT(2) 
PARAMETRIC_REPRESENTATION_CONTEXT() REPRESENTATION_CONTEXT('2D SPACE',''
  ) );
#15375 = PCURVE('',#15376,#15381);
#15376 = PLANE('',#15377);
#15377 = AXIS2_PLACEMENT_3D('',#15378,#15379,#15380);
#15378 = CARTESIAN_POINT('',(5.2,9.006664199358,4.68));
#15379 = DIRECTION('',(0.,-1.224646799147E-16,-1.));
#15380 = DIRECTION('',(1.,0.,0.));
#15381 = DEFINITIONAL_REPRESENTATION('',(#15382),#15390);
#15382 = ( BOUNDED_CURVE() B_SPLINE_CURVE(2,(#15383,#15384,#15385,#15386
    ,#15387,#15388,#15389),.UNSPECIFIED.,.T.,.F.) 
B_SPLINE_CURVE_WITH_KNOTS((1,2,2,2,2,1),(-2.094395102393,0.,
    2.094395102393,4.188790204786,6.28318530718,8.377580409573),
.UNSPECIFIED.) CURVE() GEOMETRIC_REPRESENTATION_ITEM() 
RATIONAL_B_SPLINE_CURVE((1.,0.5,1.,0.5,1.,0.5,1.)) REPRESENTATION_ITEM(
  '') );
#15383 = CARTESIAN_POINT('',(2.2,0.));
#15384 = CARTESIAN_POINT('',(2.2,-3.810511776652));
#15385 = CARTESIAN_POINT('',(-1.1,-1.905255888326));
#15386 = CARTESIAN_POINT('',(-4.4,-5.388445916248E-16));
#15387 = CARTESIAN_POINT('',(-1.1,1.905255888326));
#15388 = CARTESIAN_POINT('',(2.2,3.810511776652));
#15389 = CARTESIAN_POINT('',(2.2,0.));
#15390 = ( GEOMETRIC_REPRESENTATION_CONTEXT(2) 
PARAMETRIC_REPRESENTATION_CONTEXT() REPRESENTATION_CONTEXT('2D SPACE',''
  ) );
#15391 = ORIENTED_EDGE('',*,*,#15338,.T.);
#15392 = ORIENTED_EDGE('',*,*,#13604,.F.);
#15393 = ADVANCED_FACE('',(#15394),#13660,.T.);
#15394 = FACE_BOUND('',#15395,.F.);
#15395 = EDGE_LOOP('',(#15396,#15419,#15450,#15451));
#15396 = ORIENTED_EDGE('',*,*,#15397,.F.);
#15397 = EDGE_CURVE('',#15398,#13640,#15400,.T.);
#15398 = VERTEX_POINT('',#15399);
#15399 = CARTESIAN_POINT('',(4.8,4.503332099679,4.68));
#15400 = SEAM_CURVE('',#15401,(#15405,#15412),.PCURVE_S1.);
#15401 = LINE('',#15402,#15403);
#15402 = CARTESIAN_POINT('',(4.8,4.503332099679,5.38));
#15403 = VECTOR('',#15404,1.);
#15404 = DIRECTION('',(0.,-1.224646799147E-16,-1.));
#15405 = PCURVE('',#13660,#15406);
#15406 = DEFINITIONAL_REPRESENTATION('',(#15407),#15411);
#15407 = LINE('',#15408,#15409);
#15408 = CARTESIAN_POINT('',(-6.28318530718,0.));
#15409 = VECTOR('',#15410,1.);
#15410 = DIRECTION('',(-0.,-1.));
#15411 = ( GEOMETRIC_REPRESENTATION_CONTEXT(2) 
PARAMETRIC_REPRESENTATION_CONTEXT() REPRESENTATION_CONTEXT('2D SPACE',''
  ) );
#15412 = PCURVE('',#13660,#15413);
#15413 = DEFINITIONAL_REPRESENTATION('',(#15414),#15418);
#15414 = LINE('',#15415,#15416);
#15415 = CARTESIAN_POINT('',(-0.,0.));
#15416 = VECTOR('',#15417,1.);
#15417 = DIRECTION('',(-0.,-1.));
#15418 = ( GEOMETRIC_REPRESENTATION_CONTEXT(2) 
PARAMETRIC_REPRESENTATION_CONTEXT() REPRESENTATION_CONTEXT('2D SPACE',''
  ) );
#15419 = ORIENTED_EDGE('',*,*,#15420,.T.);
#15420 = EDGE_CURVE('',#15398,#15398,#15421,.T.);
#15421 = SURFACE_CURVE('',#15422,(#15427,#15434),.PCURVE_S1.);
#15422 = CIRCLE('',#15423,2.2);
#15423 = AXIS2_PLACEMENT_3D('',#15424,#15425,#15426);
#15424 = CARTESIAN_POINT('',(2.6,4.503332099679,4.68));
#15425 = DIRECTION('',(-0.,1.224646799147E-16,1.));
#15426 = DIRECTION('',(1.,0.,0.));
#15427 = PCURVE('',#13660,#15428);
#15428 = DEFINITIONAL_REPRESENTATION('',(#15429),#15433);
#15429 = LINE('',#15430,#15431);
#15430 = CARTESIAN_POINT('',(-6.28318530718,-0.7));
#15431 = VECTOR('',#15432,1.);
#15432 = DIRECTION('',(1.,-0.));
#15433 = ( GEOMETRIC_REPRESENTATION_CONTEXT(2) 
PARAMETRIC_REPRESENTATION_CONTEXT() REPRESENTATION_CONTEXT('2D SPACE',''
  ) );
#15434 = PCURVE('',#15435,#15440);
#15435 = PLANE('',#15436);
#15436 = AXIS2_PLACEMENT_3D('',#15437,#15438,#15439);
#15437 = CARTESIAN_POINT('',(2.6,4.503332099679,4.68));
#15438 = DIRECTION('',(0.,-1.224646799147E-16,-1.));
#15439 = DIRECTION('',(1.,0.,0.));
#15440 = DEFINITIONAL_REPRESENTATION('',(#15441),#15449);
#15441 = ( BOUNDED_CURVE() B_SPLINE_CURVE(2,(#15442,#15443,#15444,#15445
    ,#15446,#15447,#15448),.UNSPECIFIED.,.T.,.F.) 
B_SPLINE_CURVE_WITH_KNOTS((1,2,2,2,2,1),(-2.094395102393,0.,
    2.094395102393,4.188790204786,6.28318530718,8.377580409573),
.UNSPECIFIED.) CURVE() GEOMETRIC_REPRESENTATION_ITEM() 
RATIONAL_B_SPLINE_CURVE((1.,0.5,1.,0.5,1.,0.5,1.)) REPRESENTATION_ITEM(
  '') );
#15442 = CARTESIAN_POINT('',(2.2,0.));
#15443 = CARTESIAN_POINT('',(2.2,-3.810511776652));
#15444 = CARTESIAN_POINT('',(-1.1,-1.905255888326));
#15445 = CARTESIAN_POINT('',(-4.4,-5.388445916248E-16));
#15446 = CARTESIAN_POINT('',(-1.1,1.905255888326));
#15447 = CARTESIAN_POINT('',(2.2,3.810511776652));
#15448 = CARTESIAN_POINT('',(2.2,0.));
#15449 = ( GEOMETRIC_REPRESENTATION_CONTEXT(2) 
PARAMETRIC_REPRESENTATION_CONTEXT() REPRESENTATION_CONTEXT('2D SPACE',''
  ) );
#15450 = ORIENTED_EDGE('',*,*,#15397,.T.);
#15451 = ORIENTED_EDGE('',*,*,#13639,.F.);
#15452 = ADVANCED_FACE('',(#15453),#13695,.T.);
#15453 = FACE_BOUND('',#15454,.F.);
#15454 = EDGE_LOOP('',(#15455,#15478,#15509,#15510));
#15455 = ORIENTED_EDGE('',*,*,#15456,.F.);
#15456 = EDGE_CURVE('',#15457,#13675,#15459,.T.);
#15457 = VERTEX_POINT('',#15458);
#15458 = CARTESIAN_POINT('',(10.,4.503332099679,4.68));
#15459 = SEAM_CURVE('',#15460,(#15464,#15471),.PCURVE_S1.);
#15460 = LINE('',#15461,#15462);
#15461 = CARTESIAN_POINT('',(10.,4.503332099679,5.38));
#15462 = VECTOR('',#15463,1.);
#15463 = DIRECTION('',(0.,-1.224646799147E-16,-1.));
#15464 = PCURVE('',#13695,#15465);
#15465 = DEFINITIONAL_REPRESENTATION('',(#15466),#15470);
#15466 = LINE('',#15467,#15468);
#15467 = CARTESIAN_POINT('',(-6.28318530718,0.));
#15468 = VECTOR('',#15469,1.);
#15469 = DIRECTION('',(-0.,-1.));
#15470 = ( GEOMETRIC_REPRESENTATION_CONTEXT(2) 
PARAMETRIC_REPRESENTATION_CONTEXT() REPRESENTATION_CONTEXT('2D SPACE',''
  ) );
#15471 = PCURVE('',#13695,#15472);
#15472 = DEFINITIONAL_REPRESENTATION('',(#15473),#15477);
#15473 = LINE('',#15474,#15475);
#15474 = CARTESIAN_POINT('',(-0.,0.));
#15475 = VECTOR('',#15476,1.);
#15476 = DIRECTION('',(-0.,-1.));
#15477 = ( GEOMETRIC_REPRESENTATION_CONTEXT(2) 
PARAMETRIC_REPRESENTATION_CONTEXT() REPRESENTATION_CONTEXT('2D SPACE',''
  ) );
#15478 = ORIENTED_EDGE('',*,*,#15479,.T.);
#15479 = EDGE_CURVE('',#15457,#15457,#15480,.T.);
#15480 = SURFACE_CURVE('',#15481,(#15486,#15493),.PCURVE_S1.);
#15481 = CIRCLE('',#15482,2.2);
#15482 = AXIS2_PLACEMENT_3D('',#15483,#15484,#15485);
#15483 = CARTESIAN_POINT('',(7.8,4.503332099679,4.68));
#15484 = DIRECTION('',(-0.,1.224646799147E-16,1.));
#15485 = DIRECTION('',(1.,0.,0.));
#15486 = PCURVE('',#13695,#15487);
#15487 = DEFINITIONAL_REPRESENTATION('',(#15488),#15492);
#15488 = LINE('',#15489,#15490);
#15489 = CARTESIAN_POINT('',(-6.28318530718,-0.7));
#15490 = VECTOR('',#15491,1.);
#15491 = DIRECTION('',(1.,-0.));
#15492 = ( GEOMETRIC_REPRESENTATION_CONTEXT(2) 
PARAMETRIC_REPRESENTATION_CONTEXT() REPRESENTATION_CONTEXT('2D SPACE',''
  ) );
#15493 = PCURVE('',#15494,#15499);
#15494 = PLANE('',#15495);
#15495 = AXIS2_PLACEMENT_3D('',#15496,#15497,#15498);
#15496 = CARTESIAN_POINT('',(7.8,4.503332099679,4.68));
#15497 = DIRECTION('',(0.,-1.224646799147E-16,-1.));
#15498 = DIRECTION('',(1.,0.,0.));
#15499 = DEFINITIONAL_REPRESENTATION('',(#15500),#15508);
#15500 = ( BOUNDED_CURVE() B_SPLINE_CURVE(2,(#15501,#15502,#15503,#15504
    ,#15505,#15506,#15507),.UNSPECIFIED.,.T.,.F.) 
B_SPLINE_CURVE_WITH_KNOTS((1,2,2,2,2,1),(-2.094395102393,0.,
    2.094395102393,4.188790204786,6.28318530718,8.377580409573),
.UNSPECIFIED.) CURVE() GEOMETRIC_REPRESENTATION_ITEM() 
RATIONAL_B_SPLINE_CURVE((1.,0.5,1.,0.5,1.,0.5,1.)) REPRESENTATION_ITEM(
  '') );
#15501 = CARTESIAN_POINT('',(2.2,0.));
#15502 = CARTESIAN_POINT('',(2.2,-3.810511776652));
#15503 = CARTESIAN_POINT('',(-1.1,-1.905255888326));
#15504 = CARTESIAN_POINT('',(-4.4,-5.388445916248E-16));
#15505 = CARTESIAN_POINT('',(-1.1,1.905255888326));
#15506 = CARTESIAN_POINT('',(2.2,3.810511776652));
#15507 = CARTESIAN_POINT('',(2.2,0.));
#15508 = ( GEOMETRIC_REPRESENTATION_CONTEXT(2) 
PARAMETRIC_REPRESENTATION_CONTEXT() REPRESENTATION_CONTEXT('2D SPACE',''
  ) );
#15509 = ORIENTED_EDGE('',*,*,#15456,.T.);
#15510 = ORIENTED_EDGE('',*,*,#13674,.F.);
#15511 = ADVANCED_FACE('',(#15512),#13730,.T.);
#15512 = FACE_BOUND('',#15513,.F.);
#15513 = EDGE_LOOP('',(#15514,#15537,#15568,#15569));
#15514 = ORIENTED_EDGE('',*,*,#15515,.F.);
#15515 = EDGE_CURVE('',#15516,#13710,#15518,.T.);
#15516 = VERTEX_POINT('',#15517);
#15517 = CARTESIAN_POINT('',(-8.2,-2.228857174448E-16,4.68));
#15518 = SEAM_CURVE('',#15519,(#15523,#15530),.PCURVE_S1.);
#15519 = LINE('',#15520,#15521);
#15520 = CARTESIAN_POINT('',(-8.2,-1.371604415045E-16,5.38));
#15521 = VECTOR('',#15522,1.);
#15522 = DIRECTION('',(0.,-1.224646799147E-16,-1.));
#15523 = PCURVE('',#13730,#15524);
#15524 = DEFINITIONAL_REPRESENTATION('',(#15525),#15529);
#15525 = LINE('',#15526,#15527);
#15526 = CARTESIAN_POINT('',(-6.28318530718,0.));
#15527 = VECTOR('',#15528,1.);
#15528 = DIRECTION('',(-0.,-1.));
#15529 = ( GEOMETRIC_REPRESENTATION_CONTEXT(2) 
PARAMETRIC_REPRESENTATION_CONTEXT() REPRESENTATION_CONTEXT('2D SPACE',''
  ) );
#15530 = PCURVE('',#13730,#15531);
#15531 = DEFINITIONAL_REPRESENTATION('',(#15532),#15536);
#15532 = LINE('',#15533,#15534);
#15533 = CARTESIAN_POINT('',(-0.,0.));
#15534 = VECTOR('',#15535,1.);
#15535 = DIRECTION('',(-0.,-1.));
#15536 = ( GEOMETRIC_REPRESENTATION_CONTEXT(2) 
PARAMETRIC_REPRESENTATION_CONTEXT() REPRESENTATION_CONTEXT('2D SPACE',''
  ) );
#15537 = ORIENTED_EDGE('',*,*,#15538,.T.);
#15538 = EDGE_CURVE('',#15516,#15516,#15539,.T.);
#15539 = SURFACE_CURVE('',#15540,(#15545,#15552),.PCURVE_S1.);
#15540 = CIRCLE('',#15541,2.2);
#15541 = AXIS2_PLACEMENT_3D('',#15542,#15543,#15544);
#15542 = CARTESIAN_POINT('',(-10.4,-2.228857174448E-16,4.68));
#15543 = DIRECTION('',(-0.,1.224646799147E-16,1.));
#15544 = DIRECTION('',(1.,0.,0.));
#15545 = PCURVE('',#13730,#15546);
#15546 = DEFINITIONAL_REPRESENTATION('',(#15547),#15551);
#15547 = LINE('',#15548,#15549);
#15548 = CARTESIAN_POINT('',(-6.28318530718,-0.7));
#15549 = VECTOR('',#15550,1.);
#15550 = DIRECTION('',(1.,-0.));
#15551 = ( GEOMETRIC_REPRESENTATION_CONTEXT(2) 
PARAMETRIC_REPRESENTATION_CONTEXT() REPRESENTATION_CONTEXT('2D SPACE',''
  ) );
#15552 = PCURVE('',#15553,#15558);
#15553 = PLANE('',#15554);
#15554 = AXIS2_PLACEMENT_3D('',#15555,#15556,#15557);
#15555 = CARTESIAN_POINT('',(-10.4,-2.228857174448E-16,4.68));
#15556 = DIRECTION('',(0.,-1.224646799147E-16,-1.));
#15557 = DIRECTION('',(1.,0.,0.));
#15558 = DEFINITIONAL_REPRESENTATION('',(#15559),#15567);
#15559 = ( BOUNDED_CURVE() B_SPLINE_CURVE(2,(#15560,#15561,#15562,#15563
    ,#15564,#15565,#15566),.UNSPECIFIED.,.T.,.F.) 
B_SPLINE_CURVE_WITH_KNOTS((1,2,2,2,2,1),(-2.094395102393,0.,
    2.094395102393,4.188790204786,6.28318530718,8.377580409573),
.UNSPECIFIED.) CURVE() GEOMETRIC_REPRESENTATION_ITEM() 
RATIONAL_B_SPLINE_CURVE((1.,0.5,1.,0.5,1.,0.5,1.)) REPRESENTATION_ITEM(
  '') );
#15560 = CARTESIAN_POINT('',(2.2,0.));
#15561 = CARTESIAN_POINT('',(2.2,-3.810511776652));
#15562 = CARTESIAN_POINT('',(-1.1,-1.905255888326));
#15563 = CARTESIAN_POINT('',(-4.4,-5.388445916248E-16));
#15564 = CARTESIAN_POINT('',(-1.1,1.905255888326));
#15565 = CARTESIAN_POINT('',(2.2,3.810511776652));
#15566 = CARTESIAN_POINT('',(2.2,0.));
#15567 = ( GEOMETRIC_REPRESENTATION_CONTEXT(2) 
PARAMETRIC_REPRESENTATION_CONTEXT() REPRESENTATION_CONTEXT('2D SPACE',''
  ) );
#15568 = ORIENTED_EDGE('',*,*,#15515,.T.);
#15569 = ORIENTED_EDGE('',*,*,#13709,.F.);
#15570 = ADVANCED_FACE('',(#15571),#13765,.T.);
#15571 = FACE_BOUND('',#15572,.F.);
#15572 = EDGE_LOOP('',(#15573,#15596,#15627,#15628));
#15573 = ORIENTED_EDGE('',*,*,#15574,.F.);
#15574 = EDGE_CURVE('',#15575,#13745,#15577,.T.);
#15575 = VERTEX_POINT('',#15576);
#15576 = CARTESIAN_POINT('',(-5.6,-4.503332099679,4.68));
#15577 = SEAM_CURVE('',#15578,(#15582,#15589),.PCURVE_S1.);
#15578 = LINE('',#15579,#15580);
#15579 = CARTESIAN_POINT('',(-5.6,-4.503332099679,5.38));
#15580 = VECTOR('',#15581,1.);
#15581 = DIRECTION('',(0.,-1.224646799147E-16,-1.));
#15582 = PCURVE('',#13765,#15583);
#15583 = DEFINITIONAL_REPRESENTATION('',(#15584),#15588);
#15584 = LINE('',#15585,#15586);
#15585 = CARTESIAN_POINT('',(-6.28318530718,0.));
#15586 = VECTOR('',#15587,1.);
#15587 = DIRECTION('',(-0.,-1.));
#15588 = ( GEOMETRIC_REPRESENTATION_CONTEXT(2) 
PARAMETRIC_REPRESENTATION_CONTEXT() REPRESENTATION_CONTEXT('2D SPACE',''
  ) );
#15589 = PCURVE('',#13765,#15590);
#15590 = DEFINITIONAL_REPRESENTATION('',(#15591),#15595);
#15591 = LINE('',#15592,#15593);
#15592 = CARTESIAN_POINT('',(-0.,0.));
#15593 = VECTOR('',#15594,1.);
#15594 = DIRECTION('',(-0.,-1.));
#15595 = ( GEOMETRIC_REPRESENTATION_CONTEXT(2) 
PARAMETRIC_REPRESENTATION_CONTEXT() REPRESENTATION_CONTEXT('2D SPACE',''
  ) );
#15596 = ORIENTED_EDGE('',*,*,#15597,.T.);
#15597 = EDGE_CURVE('',#15575,#15575,#15598,.T.);
#15598 = SURFACE_CURVE('',#15599,(#15604,#15611),.PCURVE_S1.);
#15599 = CIRCLE('',#15600,2.2);
#15600 = AXIS2_PLACEMENT_3D('',#15601,#15602,#15603);
#15601 = CARTESIAN_POINT('',(-7.8,-4.503332099679,4.68));
#15602 = DIRECTION('',(-0.,1.224646799147E-16,1.));
#15603 = DIRECTION('',(1.,0.,0.));
#15604 = PCURVE('',#13765,#15605);
#15605 = DEFINITIONAL_REPRESENTATION('',(#15606),#15610);
#15606 = LINE('',#15607,#15608);
#15607 = CARTESIAN_POINT('',(-6.28318530718,-0.7));
#15608 = VECTOR('',#15609,1.);
#15609 = DIRECTION('',(1.,-0.));
#15610 = ( GEOMETRIC_REPRESENTATION_CONTEXT(2) 
PARAMETRIC_REPRESENTATION_CONTEXT() REPRESENTATION_CONTEXT('2D SPACE',''
  ) );
#15611 = PCURVE('',#15612,#15617);
#15612 = PLANE('',#15613);
#15613 = AXIS2_PLACEMENT_3D('',#15614,#15615,#15616);
#15614 = CARTESIAN_POINT('',(-7.8,-4.503332099679,4.68));
#15615 = DIRECTION('',(0.,-1.224646799147E-16,-1.));
#15616 = DIRECTION('',(1.,0.,0.));
#15617 = DEFINITIONAL_REPRESENTATION('',(#15618),#15626);
#15618 = ( BOUNDED_CURVE() B_SPLINE_CURVE(2,(#15619,#15620,#15621,#15622
    ,#15623,#15624,#15625),.UNSPECIFIED.,.T.,.F.) 
B_SPLINE_CURVE_WITH_KNOTS((1,2,2,2,2,1),(-2.094395102393,0.,
    2.094395102393,4.188790204786,6.28318530718,8.377580409573),
.UNSPECIFIED.) CURVE() GEOMETRIC_REPRESENTATION_ITEM() 
RATIONAL_B_SPLINE_CURVE((1.,0.5,1.,0.5,1.,0.5,1.)) REPRESENTATION_ITEM(
  '') );
#15619 = CARTESIAN_POINT('',(2.2,0.));
#15620 = CARTESIAN_POINT('',(2.2,-3.810511776652));
#15621 = CARTESIAN_POINT('',(-1.1,-1.905255888326));
#15622 = CARTESIAN_POINT('',(-4.4,-5.388445916248E-16));
#15623 = CARTESIAN_POINT('',(-1.1,1.905255888326));
#15624 = CARTESIAN_POINT('',(2.2,3.810511776652));
#15625 = CARTESIAN_POINT('',(2.2,0.));
#15626 = ( GEOMETRIC_REPRESENTATION_CONTEXT(2) 
PARAMETRIC_REPRESENTATION_CONTEXT() REPRESENTATION_CONTEXT('2D SPACE',''
  ) );
#15627 = ORIENTED_EDGE('',*,*,#15574,.T.);
#15628 = ORIENTED_EDGE('',*,*,#13744,.F.);
#15629 = ADVANCED_FACE('',(#15630),#13800,.T.);
#15630 = FACE_BOUND('',#15631,.F.);
#15631 = EDGE_LOOP('',(#15632,#15655,#15686,#15687));
#15632 = ORIENTED_EDGE('',*,*,#15633,.F.);
#15633 = EDGE_CURVE('',#15634,#13780,#15636,.T.);
#15634 = VERTEX_POINT('',#15635);
#15635 = CARTESIAN_POINT('',(-3.,-2.228857174448E-16,4.68));
#15636 = SEAM_CURVE('',#15637,(#15641,#15648),.PCURVE_S1.);
#15637 = LINE('',#15638,#15639);
#15638 = CARTESIAN_POINT('',(-3.,-1.371604415045E-16,5.38));
#15639 = VECTOR('',#15640,1.);
#15640 = DIRECTION('',(0.,-1.224646799147E-16,-1.));
#15641 = PCURVE('',#13800,#15642);
#15642 = DEFINITIONAL_REPRESENTATION('',(#15643),#15647);
#15643 = LINE('',#15644,#15645);
#15644 = CARTESIAN_POINT('',(-6.28318530718,0.));
#15645 = VECTOR('',#15646,1.);
#15646 = DIRECTION('',(-0.,-1.));
#15647 = ( GEOMETRIC_REPRESENTATION_CONTEXT(2) 
PARAMETRIC_REPRESENTATION_CONTEXT() REPRESENTATION_CONTEXT('2D SPACE',''
  ) );
#15648 = PCURVE('',#13800,#15649);
#15649 = DEFINITIONAL_REPRESENTATION('',(#15650),#15654);
#15650 = LINE('',#15651,#15652);
#15651 = CARTESIAN_POINT('',(-0.,0.));
#15652 = VECTOR('',#15653,1.);
#15653 = DIRECTION('',(-0.,-1.));
#15654 = ( GEOMETRIC_REPRESENTATION_CONTEXT(2) 
PARAMETRIC_REPRESENTATION_CONTEXT() REPRESENTATION_CONTEXT('2D SPACE',''
  ) );
#15655 = ORIENTED_EDGE('',*,*,#15656,.T.);
#15656 = EDGE_CURVE('',#15634,#15634,#15657,.T.);
#15657 = SURFACE_CURVE('',#15658,(#15663,#15670),.PCURVE_S1.);
#15658 = CIRCLE('',#15659,2.2);
#15659 = AXIS2_PLACEMENT_3D('',#15660,#15661,#15662);
#15660 = CARTESIAN_POINT('',(-5.2,-2.228857174448E-16,4.68));
#15661 = DIRECTION('',(-0.,1.224646799147E-16,1.));
#15662 = DIRECTION('',(1.,0.,0.));
#15663 = PCURVE('',#13800,#15664);
#15664 = DEFINITIONAL_REPRESENTATION('',(#15665),#15669);
#15665 = LINE('',#15666,#15667);
#15666 = CARTESIAN_POINT('',(-6.28318530718,-0.7));
#15667 = VECTOR('',#15668,1.);
#15668 = DIRECTION('',(1.,-0.));
#15669 = ( GEOMETRIC_REPRESENTATION_CONTEXT(2) 
PARAMETRIC_REPRESENTATION_CONTEXT() REPRESENTATION_CONTEXT('2D SPACE',''
  ) );
#15670 = PCURVE('',#15671,#15676);
#15671 = PLANE('',#15672);
#15672 = AXIS2_PLACEMENT_3D('',#15673,#15674,#15675);
#15673 = CARTESIAN_POINT('',(-5.2,-2.228857174448E-16,4.68));
#15674 = DIRECTION('',(0.,-1.224646799147E-16,-1.));
#15675 = DIRECTION('',(1.,0.,0.));
#15676 = DEFINITIONAL_REPRESENTATION('',(#15677),#15685);
#15677 = ( BOUNDED_CURVE() B_SPLINE_CURVE(2,(#15678,#15679,#15680,#15681
    ,#15682,#15683,#15684),.UNSPECIFIED.,.T.,.F.) 
B_SPLINE_CURVE_WITH_KNOTS((1,2,2,2,2,1),(-2.094395102393,0.,
    2.094395102393,4.188790204786,6.28318530718,8.377580409573),
.UNSPECIFIED.) CURVE() GEOMETRIC_REPRESENTATION_ITEM() 
RATIONAL_B_SPLINE_CURVE((1.,0.5,1.,0.5,1.,0.5,1.)) REPRESENTATION_ITEM(
  '') );
#15678 = CARTESIAN_POINT('',(2.2,0.));
#15679 = CARTESIAN_POINT('',(2.2,-3.810511776652));
#15680 = CARTESIAN_POINT('',(-1.1,-1.905255888326));
#15681 = CARTESIAN_POINT('',(-4.4,-5.388445916248E-16));
#15682 = CARTESIAN_POINT('',(-1.1,1.905255888326));
#15683 = CARTESIAN_POINT('',(2.2,3.810511776652));
#15684 = CARTESIAN_POINT('',(2.2,0.));
#15685 = ( GEOMETRIC_REPRESENTATION_CONTEXT(2) 
PARAMETRIC_REPRESENTATION_CONTEXT() REPRESENTATION_CONTEXT('2D SPACE',''
  ) );
#15686 = ORIENTED_EDGE('',*,*,#15633,.T.);
#15687 = ORIENTED_EDGE('',*,*,#13779,.F.);
#15688 = ADVANCED_FACE('',(#15689),#13835,.T.);
#15689 = FACE_BOUND('',#15690,.F.);
#15690 = EDGE_LOOP('',(#15691,#15714,#15745,#15746));
#15691 = ORIENTED_EDGE('',*,*,#15692,.F.);
#15692 = EDGE_CURVE('',#15693,#13815,#15695,.T.);
#15693 = VERTEX_POINT('',#15694);
#15694 = CARTESIAN_POINT('',(-0.4,-4.503332099679,4.68));
#15695 = SEAM_CURVE('',#15696,(#15700,#15707),.PCURVE_S1.);
#15696 = LINE('',#15697,#15698);
#15697 = CARTESIAN_POINT('',(-0.4,-4.503332099679,5.38));
#15698 = VECTOR('',#15699,1.);
#15699 = DIRECTION('',(0.,-1.224646799147E-16,-1.));
#15700 = PCURVE('',#13835,#15701);
#15701 = DEFINITIONAL_REPRESENTATION('',(#15702),#15706);
#15702 = LINE('',#15703,#15704);
#15703 = CARTESIAN_POINT('',(-6.28318530718,0.));
#15704 = VECTOR('',#15705,1.);
#15705 = DIRECTION('',(-0.,-1.));
#15706 = ( GEOMETRIC_REPRESENTATION_CONTEXT(2) 
PARAMETRIC_REPRESENTATION_CONTEXT() REPRESENTATION_CONTEXT('2D SPACE',''
  ) );
#15707 = PCURVE('',#13835,#15708);
#15708 = DEFINITIONAL_REPRESENTATION('',(#15709),#15713);
#15709 = LINE('',#15710,#15711);
#15710 = CARTESIAN_POINT('',(-0.,0.));
#15711 = VECTOR('',#15712,1.);
#15712 = DIRECTION('',(-0.,-1.));
#15713 = ( GEOMETRIC_REPRESENTATION_CONTEXT(2) 
PARAMETRIC_REPRESENTATION_CONTEXT() REPRESENTATION_CONTEXT('2D SPACE',''
  ) );
#15714 = ORIENTED_EDGE('',*,*,#15715,.T.);
#15715 = EDGE_CURVE('',#15693,#15693,#15716,.T.);
#15716 = SURFACE_CURVE('',#15717,(#15722,#15729),.PCURVE_S1.);
#15717 = CIRCLE('',#15718,2.2);
#15718 = AXIS2_PLACEMENT_3D('',#15719,#15720,#15721);
#15719 = CARTESIAN_POINT('',(-2.6,-4.503332099679,4.68));
#15720 = DIRECTION('',(-0.,1.224646799147E-16,1.));
#15721 = DIRECTION('',(1.,0.,0.));
#15722 = PCURVE('',#13835,#15723);
#15723 = DEFINITIONAL_REPRESENTATION('',(#15724),#15728);
#15724 = LINE('',#15725,#15726);
#15725 = CARTESIAN_POINT('',(-6.28318530718,-0.7));
#15726 = VECTOR('',#15727,1.);
#15727 = DIRECTION('',(1.,-0.));
#15728 = ( GEOMETRIC_REPRESENTATION_CONTEXT(2) 
PARAMETRIC_REPRESENTATION_CONTEXT() REPRESENTATION_CONTEXT('2D SPACE',''
  ) );
#15729 = PCURVE('',#15730,#15735);
#15730 = PLANE('',#15731);
#15731 = AXIS2_PLACEMENT_3D('',#15732,#15733,#15734);
#15732 = CARTESIAN_POINT('',(-2.6,-4.503332099679,4.68));
#15733 = DIRECTION('',(0.,-1.224646799147E-16,-1.));
#15734 = DIRECTION('',(1.,0.,0.));
#15735 = DEFINITIONAL_REPRESENTATION('',(#15736),#15744);
#15736 = ( BOUNDED_CURVE() B_SPLINE_CURVE(2,(#15737,#15738,#15739,#15740
    ,#15741,#15742,#15743),.UNSPECIFIED.,.T.,.F.) 
B_SPLINE_CURVE_WITH_KNOTS((1,2,2,2,2,1),(-2.094395102393,0.,
    2.094395102393,4.188790204786,6.28318530718,8.377580409573),
.UNSPECIFIED.) CURVE() GEOMETRIC_REPRESENTATION_ITEM() 
RATIONAL_B_SPLINE_CURVE((1.,0.5,1.,0.5,1.,0.5,1.)) REPRESENTATION_ITEM(
  '') );
#15737 = CARTESIAN_POINT('',(2.2,0.));
#15738 = CARTESIAN_POINT('',(2.2,-3.810511776652));
#15739 = CARTESIAN_POINT('',(-1.1,-1.905255888326));
#15740 = CARTESIAN_POINT('',(-4.4,-5.388445916248E-16));
#15741 = CARTESIAN_POINT('',(-1.1,1.905255888326));
#15742 = CARTESIAN_POINT('',(2.2,3.810511776652));
#15743 = CARTESIAN_POINT('',(2.2,0.));
#15744 = ( GEOMETRIC_REPRESENTATION_CONTEXT(2) 
PARAMETRIC_REPRESENTATION_CONTEXT() REPRESENTATION_CONTEXT('2D SPACE',''
  ) );
#15745 = ORIENTED_EDGE('',*,*,#15692,.T.);
#15746 = ORIENTED_EDGE('',*,*,#13814,.F.);
#15747 = ADVANCED_FACE('',(#15748),#13870,.T.);
#15748 = FACE_BOUND('',#15749,.F.);
#15749 = EDGE_LOOP('',(#15750,#15773,#15804,#15805));
#15750 = ORIENTED_EDGE('',*,*,#15751,.F.);
#15751 = EDGE_CURVE('',#15752,#13850,#15754,.T.);
#15752 = VERTEX_POINT('',#15753);
#15753 = CARTESIAN_POINT('',(-3.,-9.006664199358,4.68));
#15754 = SEAM_CURVE('',#15755,(#15759,#15766),.PCURVE_S1.);
#15755 = LINE('',#15756,#15757);
#15756 = CARTESIAN_POINT('',(-3.,-9.006664199358,5.38));
#15757 = VECTOR('',#15758,1.);
#15758 = DIRECTION('',(0.,-1.224646799147E-16,-1.));
#15759 = PCURVE('',#13870,#15760);
#15760 = DEFINITIONAL_REPRESENTATION('',(#15761),#15765);
#15761 = LINE('',#15762,#15763);
#15762 = CARTESIAN_POINT('',(-6.28318530718,0.));
#15763 = VECTOR('',#15764,1.);
#15764 = DIRECTION('',(-0.,-1.));
#15765 = ( GEOMETRIC_REPRESENTATION_CONTEXT(2) 
PARAMETRIC_REPRESENTATION_CONTEXT() REPRESENTATION_CONTEXT('2D SPACE',''
  ) );
#15766 = PCURVE('',#13870,#15767);
#15767 = DEFINITIONAL_REPRESENTATION('',(#15768),#15772);
#15768 = LINE('',#15769,#15770);
#15769 = CARTESIAN_POINT('',(-0.,0.));
#15770 = VECTOR('',#15771,1.);
#15771 = DIRECTION('',(-0.,-1.));
#15772 = ( GEOMETRIC_REPRESENTATION_CONTEXT(2) 
PARAMETRIC_REPRESENTATION_CONTEXT() REPRESENTATION_CONTEXT('2D SPACE',''
  ) );
#15773 = ORIENTED_EDGE('',*,*,#15774,.T.);
#15774 = EDGE_CURVE('',#15752,#15752,#15775,.T.);
#15775 = SURFACE_CURVE('',#15776,(#15781,#15788),.PCURVE_S1.);
#15776 = CIRCLE('',#15777,2.2);
#15777 = AXIS2_PLACEMENT_3D('',#15778,#15779,#15780);
#15778 = CARTESIAN_POINT('',(-5.2,-9.006664199358,4.68));
#15779 = DIRECTION('',(-0.,1.224646799147E-16,1.));
#15780 = DIRECTION('',(1.,0.,0.));
#15781 = PCURVE('',#13870,#15782);
#15782 = DEFINITIONAL_REPRESENTATION('',(#15783),#15787);
#15783 = LINE('',#15784,#15785);
#15784 = CARTESIAN_POINT('',(-6.28318530718,-0.7));
#15785 = VECTOR('',#15786,1.);
#15786 = DIRECTION('',(1.,-0.));
#15787 = ( GEOMETRIC_REPRESENTATION_CONTEXT(2) 
PARAMETRIC_REPRESENTATION_CONTEXT() REPRESENTATION_CONTEXT('2D SPACE',''
  ) );
#15788 = PCURVE('',#15789,#15794);
#15789 = PLANE('',#15790);
#15790 = AXIS2_PLACEMENT_3D('',#15791,#15792,#15793);
#15791 = CARTESIAN_POINT('',(-5.2,-9.006664199358,4.68));
#15792 = DIRECTION('',(0.,-1.224646799147E-16,-1.));
#15793 = DIRECTION('',(1.,0.,0.));
#15794 = DEFINITIONAL_REPRESENTATION('',(#15795),#15803);
#15795 = ( BOUNDED_CURVE() B_SPLINE_CURVE(2,(#15796,#15797,#15798,#15799
    ,#15800,#15801,#15802),.UNSPECIFIED.,.T.,.F.) 
B_SPLINE_CURVE_WITH_KNOTS((1,2,2,2,2,1),(-2.094395102393,0.,
    2.094395102393,4.188790204786,6.28318530718,8.377580409573),
.UNSPECIFIED.) CURVE() GEOMETRIC_REPRESENTATION_ITEM() 
RATIONAL_B_SPLINE_CURVE((1.,0.5,1.,0.5,1.,0.5,1.)) REPRESENTATION_ITEM(
  '') );
#15796 = CARTESIAN_POINT('',(2.2,0.));
#15797 = CARTESIAN_POINT('',(2.2,-3.810511776652));
#15798 = CARTESIAN_POINT('',(-1.1,-1.905255888326));
#15799 = CARTESIAN_POINT('',(-4.4,-5.388445916248E-16));
#15800 = CARTESIAN_POINT('',(-1.1,1.905255888326));
#15801 = CARTESIAN_POINT('',(2.2,3.810511776652));
#15802 = CARTESIAN_POINT('',(2.2,0.));
#15803 = ( GEOMETRIC_REPRESENTATION_CONTEXT(2) 
PARAMETRIC_REPRESENTATION_CONTEXT() REPRESENTATION_CONTEXT('2D SPACE',''
  ) );
#15804 = ORIENTED_EDGE('',*,*,#15751,.T.);
#15805 = ORIENTED_EDGE('',*,*,#13849,.F.);
#15806 = ADVANCED_FACE('',(#15807),#13905,.T.);
#15807 = FACE_BOUND('',#15808,.F.);
#15808 = EDGE_LOOP('',(#15809,#15832,#15863,#15864));
#15809 = ORIENTED_EDGE('',*,*,#15810,.F.);
#15810 = EDGE_CURVE('',#15811,#13885,#15813,.T.);
#15811 = VERTEX_POINT('',#15812);
#15812 = CARTESIAN_POINT('',(2.2,-2.228857174448E-16,4.68));
#15813 = SEAM_CURVE('',#15814,(#15818,#15825),.PCURVE_S1.);
#15814 = LINE('',#15815,#15816);
#15815 = CARTESIAN_POINT('',(2.2,-1.371604415045E-16,5.38));
#15816 = VECTOR('',#15817,1.);
#15817 = DIRECTION('',(0.,-1.224646799147E-16,-1.));
#15818 = PCURVE('',#13905,#15819);
#15819 = DEFINITIONAL_REPRESENTATION('',(#15820),#15824);
#15820 = LINE('',#15821,#15822);
#15821 = CARTESIAN_POINT('',(-6.28318530718,0.));
#15822 = VECTOR('',#15823,1.);
#15823 = DIRECTION('',(-0.,-1.));
#15824 = ( GEOMETRIC_REPRESENTATION_CONTEXT(2) 
PARAMETRIC_REPRESENTATION_CONTEXT() REPRESENTATION_CONTEXT('2D SPACE',''
  ) );
#15825 = PCURVE('',#13905,#15826);
#15826 = DEFINITIONAL_REPRESENTATION('',(#15827),#15831);
#15827 = LINE('',#15828,#15829);
#15828 = CARTESIAN_POINT('',(-0.,0.));
#15829 = VECTOR('',#15830,1.);
#15830 = DIRECTION('',(-0.,-1.));
#15831 = ( GEOMETRIC_REPRESENTATION_CONTEXT(2) 
PARAMETRIC_REPRESENTATION_CONTEXT() REPRESENTATION_CONTEXT('2D SPACE',''
  ) );
#15832 = ORIENTED_EDGE('',*,*,#15833,.T.);
#15833 = EDGE_CURVE('',#15811,#15811,#15834,.T.);
#15834 = SURFACE_CURVE('',#15835,(#15840,#15847),.PCURVE_S1.);
#15835 = CIRCLE('',#15836,2.2);
#15836 = AXIS2_PLACEMENT_3D('',#15837,#15838,#15839);
#15837 = CARTESIAN_POINT('',(0.,-2.228857174448E-16,4.68));
#15838 = DIRECTION('',(-0.,1.224646799147E-16,1.));
#15839 = DIRECTION('',(1.,0.,0.));
#15840 = PCURVE('',#13905,#15841);
#15841 = DEFINITIONAL_REPRESENTATION('',(#15842),#15846);
#15842 = LINE('',#15843,#15844);
#15843 = CARTESIAN_POINT('',(-6.28318530718,-0.7));
#15844 = VECTOR('',#15845,1.);
#15845 = DIRECTION('',(1.,-0.));
#15846 = ( GEOMETRIC_REPRESENTATION_CONTEXT(2) 
PARAMETRIC_REPRESENTATION_CONTEXT() REPRESENTATION_CONTEXT('2D SPACE',''
  ) );
#15847 = PCURVE('',#15848,#15853);
#15848 = PLANE('',#15849);
#15849 = AXIS2_PLACEMENT_3D('',#15850,#15851,#15852);
#15850 = CARTESIAN_POINT('',(0.,-2.228857174448E-16,4.68));
#15851 = DIRECTION('',(0.,-1.224646799147E-16,-1.));
#15852 = DIRECTION('',(1.,0.,0.));
#15853 = DEFINITIONAL_REPRESENTATION('',(#15854),#15862);
#15854 = ( BOUNDED_CURVE() B_SPLINE_CURVE(2,(#15855,#15856,#15857,#15858
    ,#15859,#15860,#15861),.UNSPECIFIED.,.T.,.F.) 
B_SPLINE_CURVE_WITH_KNOTS((1,2,2,2,2,1),(-2.094395102393,0.,
    2.094395102393,4.188790204786,6.28318530718,8.377580409573),
.UNSPECIFIED.) CURVE() GEOMETRIC_REPRESENTATION_ITEM() 
RATIONAL_B_SPLINE_CURVE((1.,0.5,1.,0.5,1.,0.5,1.)) REPRESENTATION_ITEM(
  '') );
#15855 = CARTESIAN_POINT('',(2.2,0.));
#15856 = CARTESIAN_POINT('',(2.2,-3.810511776652));
#15857 = CARTESIAN_POINT('',(-1.1,-1.905255888326));
#15858 = CARTESIAN_POINT('',(-4.4,-5.388445916248E-16));
#15859 = CARTESIAN_POINT('',(-1.1,1.905255888326));
#15860 = CARTESIAN_POINT('',(2.2,3.810511776652));
#15861 = CARTESIAN_POINT('',(2.2,0.));
#15862 = ( GEOMETRIC_REPRESENTATION_CONTEXT(2) 
PARAMETRIC_REPRESENTATION_CONTEXT() REPRESENTATION_CONTEXT('2D SPACE',''
  ) );
#15863 = ORIENTED_EDGE('',*,*,#15810,.T.);
#15864 = ORIENTED_EDGE('',*,*,#13884,.F.);
#15865 = ADVANCED_FACE('',(#15866),#13940,.T.);
#15866 = FACE_BOUND('',#15867,.F.);
#15867 = EDGE_LOOP('',(#15868,#15891,#15922,#15923));
#15868 = ORIENTED_EDGE('',*,*,#15869,.F.);
#15869 = EDGE_CURVE('',#15870,#13920,#15872,.T.);
#15870 = VERTEX_POINT('',#15871);
#15871 = CARTESIAN_POINT('',(7.4,-2.228857174448E-16,4.68));
#15872 = SEAM_CURVE('',#15873,(#15877,#15884),.PCURVE_S1.);
#15873 = LINE('',#15874,#15875);
#15874 = CARTESIAN_POINT('',(7.4,-1.371604415045E-16,5.38));
#15875 = VECTOR('',#15876,1.);
#15876 = DIRECTION('',(0.,-1.224646799147E-16,-1.));
#15877 = PCURVE('',#13940,#15878);
#15878 = DEFINITIONAL_REPRESENTATION('',(#15879),#15883);
#15879 = LINE('',#15880,#15881);
#15880 = CARTESIAN_POINT('',(-6.28318530718,0.));
#15881 = VECTOR('',#15882,1.);
#15882 = DIRECTION('',(-0.,-1.));
#15883 = ( GEOMETRIC_REPRESENTATION_CONTEXT(2) 
PARAMETRIC_REPRESENTATION_CONTEXT() REPRESENTATION_CONTEXT('2D SPACE',''
  ) );
#15884 = PCURVE('',#13940,#15885);
#15885 = DEFINITIONAL_REPRESENTATION('',(#15886),#15890);
#15886 = LINE('',#15887,#15888);
#15887 = CARTESIAN_POINT('',(-0.,0.));
#15888 = VECTOR('',#15889,1.);
#15889 = DIRECTION('',(-0.,-1.));
#15890 = ( GEOMETRIC_REPRESENTATION_CONTEXT(2) 
PARAMETRIC_REPRESENTATION_CONTEXT() REPRESENTATION_CONTEXT('2D SPACE',''
  ) );
#15891 = ORIENTED_EDGE('',*,*,#15892,.T.);
#15892 = EDGE_CURVE('',#15870,#15870,#15893,.T.);
#15893 = SURFACE_CURVE('',#15894,(#15899,#15906),.PCURVE_S1.);
#15894 = CIRCLE('',#15895,2.2);
#15895 = AXIS2_PLACEMENT_3D('',#15896,#15897,#15898);
#15896 = CARTESIAN_POINT('',(5.2,-2.228857174448E-16,4.68));
#15897 = DIRECTION('',(-0.,1.224646799147E-16,1.));
#15898 = DIRECTION('',(1.,0.,0.));
#15899 = PCURVE('',#13940,#15900);
#15900 = DEFINITIONAL_REPRESENTATION('',(#15901),#15905);
#15901 = LINE('',#15902,#15903);
#15902 = CARTESIAN_POINT('',(-6.28318530718,-0.7));
#15903 = VECTOR('',#15904,1.);
#15904 = DIRECTION('',(1.,-0.));
#15905 = ( GEOMETRIC_REPRESENTATION_CONTEXT(2) 
PARAMETRIC_REPRESENTATION_CONTEXT() REPRESENTATION_CONTEXT('2D SPACE',''
  ) );
#15906 = PCURVE('',#15907,#15912);
#15907 = PLANE('',#15908);
#15908 = AXIS2_PLACEMENT_3D('',#15909,#15910,#15911);
#15909 = CARTESIAN_POINT('',(5.2,-2.228857174448E-16,4.68));
#15910 = DIRECTION('',(0.,-1.224646799147E-16,-1.));
#15911 = DIRECTION('',(1.,0.,0.));
#15912 = DEFINITIONAL_REPRESENTATION('',(#15913),#15921);
#15913 = ( BOUNDED_CURVE() B_SPLINE_CURVE(2,(#15914,#15915,#15916,#15917
    ,#15918,#15919,#15920),.UNSPECIFIED.,.T.,.F.) 
B_SPLINE_CURVE_WITH_KNOTS((1,2,2,2,2,1),(-2.094395102393,0.,
    2.094395102393,4.188790204786,6.28318530718,8.377580409573),
.UNSPECIFIED.) CURVE() GEOMETRIC_REPRESENTATION_ITEM() 
RATIONAL_B_SPLINE_CURVE((1.,0.5,1.,0.5,1.,0.5,1.)) REPRESENTATION_ITEM(
  '') );
#15914 = CARTESIAN_POINT('',(2.2,0.));
#15915 = CARTESIAN_POINT('',(2.2,-3.810511776652));
#15916 = CARTESIAN_POINT('',(-1.1,-1.905255888326));
#15917 = CARTESIAN_POINT('',(-4.4,-5.388445916248E-16));
#15918 = CARTESIAN_POINT('',(-1.1,1.905255888326));
#15919 = CARTESIAN_POINT('',(2.2,3.810511776652));
#15920 = CARTESIAN_POINT('',(2.2,0.));
#15921 = ( GEOMETRIC_REPRESENTATION_CONTEXT(2) 
PARAMETRIC_REPRESENTATION_CONTEXT() REPRESENTATION_CONTEXT('2D SPACE',''
  ) );
#15922 = ORIENTED_EDGE('',*,*,#15869,.T.);
#15923 = ORIENTED_EDGE('',*,*,#13919,.F.);
#15924 = ADVANCED_FACE('',(#15925),#13975,.T.);
#15925 = FACE_BOUND('',#15926,.F.);
#15926 = EDGE_LOOP('',(#15927,#15950,#15981,#15982));
#15927 = ORIENTED_EDGE('',*,*,#15928,.F.);
#15928 = EDGE_CURVE('',#15929,#13955,#15931,.T.);
#15929 = VERTEX_POINT('',#15930);
#15930 = CARTESIAN_POINT('',(4.8,-4.503332099679,4.68));
#15931 = SEAM_CURVE('',#15932,(#15936,#15943),.PCURVE_S1.);
#15932 = LINE('',#15933,#15934);
#15933 = CARTESIAN_POINT('',(4.8,-4.503332099679,5.38));
#15934 = VECTOR('',#15935,1.);
#15935 = DIRECTION('',(0.,-1.224646799147E-16,-1.));
#15936 = PCURVE('',#13975,#15937);
#15937 = DEFINITIONAL_REPRESENTATION('',(#15938),#15942);
#15938 = LINE('',#15939,#15940);
#15939 = CARTESIAN_POINT('',(-6.28318530718,0.));
#15940 = VECTOR('',#15941,1.);
#15941 = DIRECTION('',(-0.,-1.));
#15942 = ( GEOMETRIC_REPRESENTATION_CONTEXT(2) 
PARAMETRIC_REPRESENTATION_CONTEXT() REPRESENTATION_CONTEXT('2D SPACE',''
  ) );
#15943 = PCURVE('',#13975,#15944);
#15944 = DEFINITIONAL_REPRESENTATION('',(#15945),#15949);
#15945 = LINE('',#15946,#15947);
#15946 = CARTESIAN_POINT('',(-0.,0.));
#15947 = VECTOR('',#15948,1.);
#15948 = DIRECTION('',(-0.,-1.));
#15949 = ( GEOMETRIC_REPRESENTATION_CONTEXT(2) 
PARAMETRIC_REPRESENTATION_CONTEXT() REPRESENTATION_CONTEXT('2D SPACE',''
  ) );
#15950 = ORIENTED_EDGE('',*,*,#15951,.T.);
#15951 = EDGE_CURVE('',#15929,#15929,#15952,.T.);
#15952 = SURFACE_CURVE('',#15953,(#15958,#15965),.PCURVE_S1.);
#15953 = CIRCLE('',#15954,2.2);
#15954 = AXIS2_PLACEMENT_3D('',#15955,#15956,#15957);
#15955 = CARTESIAN_POINT('',(2.6,-4.503332099679,4.68));
#15956 = DIRECTION('',(-0.,1.224646799147E-16,1.));
#15957 = DIRECTION('',(1.,0.,0.));
#15958 = PCURVE('',#13975,#15959);
#15959 = DEFINITIONAL_REPRESENTATION('',(#15960),#15964);
#15960 = LINE('',#15961,#15962);
#15961 = CARTESIAN_POINT('',(-6.28318530718,-0.7));
#15962 = VECTOR('',#15963,1.);
#15963 = DIRECTION('',(1.,-0.));
#15964 = ( GEOMETRIC_REPRESENTATION_CONTEXT(2) 
PARAMETRIC_REPRESENTATION_CONTEXT() REPRESENTATION_CONTEXT('2D SPACE',''
  ) );
#15965 = PCURVE('',#15966,#15971);
#15966 = PLANE('',#15967);
#15967 = AXIS2_PLACEMENT_3D('',#15968,#15969,#15970);
#15968 = CARTESIAN_POINT('',(2.6,-4.503332099679,4.68));
#15969 = DIRECTION('',(0.,-1.224646799147E-16,-1.));
#15970 = DIRECTION('',(1.,0.,0.));
#15971 = DEFINITIONAL_REPRESENTATION('',(#15972),#15980);
#15972 = ( BOUNDED_CURVE() B_SPLINE_CURVE(2,(#15973,#15974,#15975,#15976
    ,#15977,#15978,#15979),.UNSPECIFIED.,.T.,.F.) 
B_SPLINE_CURVE_WITH_KNOTS((1,2,2,2,2,1),(-2.094395102393,0.,
    2.094395102393,4.188790204786,6.28318530718,8.377580409573),
.UNSPECIFIED.) CURVE() GEOMETRIC_REPRESENTATION_ITEM() 
RATIONAL_B_SPLINE_CURVE((1.,0.5,1.,0.5,1.,0.5,1.)) REPRESENTATION_ITEM(
  '') );
#15973 = CARTESIAN_POINT('',(2.2,0.));
#15974 = CARTESIAN_POINT('',(2.2,-3.810511776652));
#15975 = CARTESIAN_POINT('',(-1.1,-1.905255888326));
#15976 = CARTESIAN_POINT('',(-4.4,-5.388445916248E-16));
#15977 = CARTESIAN_POINT('',(-1.1,1.905255888326));
#15978 = CARTESIAN_POINT('',(2.2,3.810511776652));
#15979 = CARTESIAN_POINT('',(2.2,0.));
#15980 = ( GEOMETRIC_REPRESENTATION_CONTEXT(2) 
PARAMETRIC_REPRESENTATION_CONTEXT() REPRESENTATION_CONTEXT('2D SPACE',''
  ) );
#15981 = ORIENTED_EDGE('',*,*,#15928,.T.);
#15982 = ORIENTED_EDGE('',*,*,#13954,.F.);
#15983 = ADVANCED_FACE('',(#15984),#14010,.T.);
#15984 = FACE_BOUND('',#15985,.F.);
#15985 = EDGE_LOOP('',(#15986,#16009,#16040,#16041));
#15986 = ORIENTED_EDGE('',*,*,#15987,.F.);
#15987 = EDGE_CURVE('',#15988,#13990,#15990,.T.);
#15988 = VERTEX_POINT('',#15989);
#15989 = CARTESIAN_POINT('',(12.6,-2.228857174448E-16,4.68));
#15990 = SEAM_CURVE('',#15991,(#15995,#16002),.PCURVE_S1.);
#15991 = LINE('',#15992,#15993);
#15992 = CARTESIAN_POINT('',(12.6,-1.371604415045E-16,5.38));
#15993 = VECTOR('',#15994,1.);
#15994 = DIRECTION('',(0.,-1.224646799147E-16,-1.));
#15995 = PCURVE('',#14010,#15996);
#15996 = DEFINITIONAL_REPRESENTATION('',(#15997),#16001);
#15997 = LINE('',#15998,#15999);
#15998 = CARTESIAN_POINT('',(-6.28318530718,0.));
#15999 = VECTOR('',#16000,1.);
#16000 = DIRECTION('',(-0.,-1.));
#16001 = ( GEOMETRIC_REPRESENTATION_CONTEXT(2) 
PARAMETRIC_REPRESENTATION_CONTEXT() REPRESENTATION_CONTEXT('2D SPACE',''
  ) );
#16002 = PCURVE('',#14010,#16003);
#16003 = DEFINITIONAL_REPRESENTATION('',(#16004),#16008);
#16004 = LINE('',#16005,#16006);
#16005 = CARTESIAN_POINT('',(-0.,0.));
#16006 = VECTOR('',#16007,1.);
#16007 = DIRECTION('',(-0.,-1.));
#16008 = ( GEOMETRIC_REPRESENTATION_CONTEXT(2) 
PARAMETRIC_REPRESENTATION_CONTEXT() REPRESENTATION_CONTEXT('2D SPACE',''
  ) );
#16009 = ORIENTED_EDGE('',*,*,#16010,.T.);
#16010 = EDGE_CURVE('',#15988,#15988,#16011,.T.);
#16011 = SURFACE_CURVE('',#16012,(#16017,#16024),.PCURVE_S1.);
#16012 = CIRCLE('',#16013,2.2);
#16013 = AXIS2_PLACEMENT_3D('',#16014,#16015,#16016);
#16014 = CARTESIAN_POINT('',(10.4,-2.228857174448E-16,4.68));
#16015 = DIRECTION('',(-0.,1.224646799147E-16,1.));
#16016 = DIRECTION('',(1.,0.,0.));
#16017 = PCURVE('',#14010,#16018);
#16018 = DEFINITIONAL_REPRESENTATION('',(#16019),#16023);
#16019 = LINE('',#16020,#16021);
#16020 = CARTESIAN_POINT('',(-6.28318530718,-0.7));
#16021 = VECTOR('',#16022,1.);
#16022 = DIRECTION('',(1.,-0.));
#16023 = ( GEOMETRIC_REPRESENTATION_CONTEXT(2) 
PARAMETRIC_REPRESENTATION_CONTEXT() REPRESENTATION_CONTEXT('2D SPACE',''
  ) );
#16024 = PCURVE('',#16025,#16030);
#16025 = PLANE('',#16026);
#16026 = AXIS2_PLACEMENT_3D('',#16027,#16028,#16029);
#16027 = CARTESIAN_POINT('',(10.4,-2.228857174448E-16,4.68));
#16028 = DIRECTION('',(0.,-1.224646799147E-16,-1.));
#16029 = DIRECTION('',(1.,0.,0.));
#16030 = DEFINITIONAL_REPRESENTATION('',(#16031),#16039);
#16031 = ( BOUNDED_CURVE() B_SPLINE_CURVE(2,(#16032,#16033,#16034,#16035
    ,#16036,#16037,#16038),.UNSPECIFIED.,.T.,.F.) 
B_SPLINE_CURVE_WITH_KNOTS((1,2,2,2,2,1),(-2.094395102393,0.,
    2.094395102393,4.188790204786,6.28318530718,8.377580409573),
.UNSPECIFIED.) CURVE() GEOMETRIC_REPRESENTATION_ITEM() 
RATIONAL_B_SPLINE_CURVE((1.,0.5,1.,0.5,1.,0.5,1.)) REPRESENTATION_ITEM(
  '') );
#16032 = CARTESIAN_POINT('',(2.2,0.));
#16033 = CARTESIAN_POINT('',(2.2,-3.810511776652));
#16034 = CARTESIAN_POINT('',(-1.1,-1.905255888326));
#16035 = CARTESIAN_POINT('',(-4.4,-5.388445916248E-16));
#16036 = CARTESIAN_POINT('',(-1.1,1.905255888326));
#16037 = CARTESIAN_POINT('',(2.2,3.810511776652));
#16038 = CARTESIAN_POINT('',(2.2,0.));
#16039 = ( GEOMETRIC_REPRESENTATION_CONTEXT(2) 
PARAMETRIC_REPRESENTATION_CONTEXT() REPRESENTATION_CONTEXT('2D SPACE',''
  ) );
#16040 = ORIENTED_EDGE('',*,*,#15987,.T.);
#16041 = ORIENTED_EDGE('',*,*,#13989,.F.);
#16042 = ADVANCED_FACE('',(#16043),#14045,.T.);
#16043 = FACE_BOUND('',#16044,.F.);
#16044 = EDGE_LOOP('',(#16045,#16068,#16099,#16100));
#16045 = ORIENTED_EDGE('',*,*,#16046,.F.);
#16046 = EDGE_CURVE('',#16047,#14025,#16049,.T.);
#16047 = VERTEX_POINT('',#16048);
#16048 = CARTESIAN_POINT('',(10.,-4.503332099679,4.68));
#16049 = SEAM_CURVE('',#16050,(#16054,#16061),.PCURVE_S1.);
#16050 = LINE('',#16051,#16052);
#16051 = CARTESIAN_POINT('',(10.,-4.503332099679,5.38));
#16052 = VECTOR('',#16053,1.);
#16053 = DIRECTION('',(0.,-1.224646799147E-16,-1.));
#16054 = PCURVE('',#14045,#16055);
#16055 = DEFINITIONAL_REPRESENTATION('',(#16056),#16060);
#16056 = LINE('',#16057,#16058);
#16057 = CARTESIAN_POINT('',(-6.28318530718,0.));
#16058 = VECTOR('',#16059,1.);
#16059 = DIRECTION('',(-0.,-1.));
#16060 = ( GEOMETRIC_REPRESENTATION_CONTEXT(2) 
PARAMETRIC_REPRESENTATION_CONTEXT() REPRESENTATION_CONTEXT('2D SPACE',''
  ) );
#16061 = PCURVE('',#14045,#16062);
#16062 = DEFINITIONAL_REPRESENTATION('',(#16063),#16067);
#16063 = LINE('',#16064,#16065);
#16064 = CARTESIAN_POINT('',(-0.,0.));
#16065 = VECTOR('',#16066,1.);
#16066 = DIRECTION('',(-0.,-1.));
#16067 = ( GEOMETRIC_REPRESENTATION_CONTEXT(2) 
PARAMETRIC_REPRESENTATION_CONTEXT() REPRESENTATION_CONTEXT('2D SPACE',''
  ) );
#16068 = ORIENTED_EDGE('',*,*,#16069,.T.);
#16069 = EDGE_CURVE('',#16047,#16047,#16070,.T.);
#16070 = SURFACE_CURVE('',#16071,(#16076,#16083),.PCURVE_S1.);
#16071 = CIRCLE('',#16072,2.2);
#16072 = AXIS2_PLACEMENT_3D('',#16073,#16074,#16075);
#16073 = CARTESIAN_POINT('',(7.8,-4.503332099679,4.68));
#16074 = DIRECTION('',(-0.,1.224646799147E-16,1.));
#16075 = DIRECTION('',(1.,0.,0.));
#16076 = PCURVE('',#14045,#16077);
#16077 = DEFINITIONAL_REPRESENTATION('',(#16078),#16082);
#16078 = LINE('',#16079,#16080);
#16079 = CARTESIAN_POINT('',(-6.28318530718,-0.7));
#16080 = VECTOR('',#16081,1.);
#16081 = DIRECTION('',(1.,-0.));
#16082 = ( GEOMETRIC_REPRESENTATION_CONTEXT(2) 
PARAMETRIC_REPRESENTATION_CONTEXT() REPRESENTATION_CONTEXT('2D SPACE',''
  ) );
#16083 = PCURVE('',#16084,#16089);
#16084 = PLANE('',#16085);
#16085 = AXIS2_PLACEMENT_3D('',#16086,#16087,#16088);
#16086 = CARTESIAN_POINT('',(7.8,-4.503332099679,4.68));
#16087 = DIRECTION('',(0.,-1.224646799147E-16,-1.));
#16088 = DIRECTION('',(1.,0.,0.));
#16089 = DEFINITIONAL_REPRESENTATION('',(#16090),#16098);
#16090 = ( BOUNDED_CURVE() B_SPLINE_CURVE(2,(#16091,#16092,#16093,#16094
    ,#16095,#16096,#16097),.UNSPECIFIED.,.T.,.F.) 
B_SPLINE_CURVE_WITH_KNOTS((1,2,2,2,2,1),(-2.094395102393,0.,
    2.094395102393,4.188790204786,6.28318530718,8.377580409573),
.UNSPECIFIED.) CURVE() GEOMETRIC_REPRESENTATION_ITEM() 
RATIONAL_B_SPLINE_CURVE((1.,0.5,1.,0.5,1.,0.5,1.)) REPRESENTATION_ITEM(
  '') );
#16091 = CARTESIAN_POINT('',(2.2,0.));
#16092 = CARTESIAN_POINT('',(2.2,-3.810511776652));
#16093 = CARTESIAN_POINT('',(-1.1,-1.905255888326));
#16094 = CARTESIAN_POINT('',(-4.4,-5.388445916248E-16));
#16095 = CARTESIAN_POINT('',(-1.1,1.905255888326));
#16096 = CARTESIAN_POINT('',(2.2,3.810511776652));
#16097 = CARTESIAN_POINT('',(2.2,0.));
#16098 = ( GEOMETRIC_REPRESENTATION_CONTEXT(2) 
PARAMETRIC_REPRESENTATION_CONTEXT() REPRESENTATION_CONTEXT('2D SPACE',''
  ) );
#16099 = ORIENTED_EDGE('',*,*,#16046,.T.);
#16100 = ORIENTED_EDGE('',*,*,#14024,.F.);
#16101 = ADVANCED_FACE('',(#16102),#14080,.T.);
#16102 = FACE_BOUND('',#16103,.F.);
#16103 = EDGE_LOOP('',(#16104,#16127,#16158,#16159));
#16104 = ORIENTED_EDGE('',*,*,#16105,.F.);
#16105 = EDGE_CURVE('',#16106,#14060,#16108,.T.);
#16106 = VERTEX_POINT('',#16107);
#16107 = CARTESIAN_POINT('',(2.2,-9.006664199358,4.68));
#16108 = SEAM_CURVE('',#16109,(#16113,#16120),.PCURVE_S1.);
#16109 = LINE('',#16110,#16111);
#16110 = CARTESIAN_POINT('',(2.2,-9.006664199358,5.38));
#16111 = VECTOR('',#16112,1.);
#16112 = DIRECTION('',(0.,-1.224646799147E-16,-1.));
#16113 = PCURVE('',#14080,#16114);
#16114 = DEFINITIONAL_REPRESENTATION('',(#16115),#16119);
#16115 = LINE('',#16116,#16117);
#16116 = CARTESIAN_POINT('',(-6.28318530718,0.));
#16117 = VECTOR('',#16118,1.);
#16118 = DIRECTION('',(-0.,-1.));
#16119 = ( GEOMETRIC_REPRESENTATION_CONTEXT(2) 
PARAMETRIC_REPRESENTATION_CONTEXT() REPRESENTATION_CONTEXT('2D SPACE',''
  ) );
#16120 = PCURVE('',#14080,#16121);
#16121 = DEFINITIONAL_REPRESENTATION('',(#16122),#16126);
#16122 = LINE('',#16123,#16124);
#16123 = CARTESIAN_POINT('',(-0.,0.));
#16124 = VECTOR('',#16125,1.);
#16125 = DIRECTION('',(-0.,-1.));
#16126 = ( GEOMETRIC_REPRESENTATION_CONTEXT(2) 
PARAMETRIC_REPRESENTATION_CONTEXT() REPRESENTATION_CONTEXT('2D SPACE',''
  ) );
#16127 = ORIENTED_EDGE('',*,*,#16128,.T.);
#16128 = EDGE_CURVE('',#16106,#16106,#16129,.T.);
#16129 = SURFACE_CURVE('',#16130,(#16135,#16142),.PCURVE_S1.);
#16130 = CIRCLE('',#16131,2.2);
#16131 = AXIS2_PLACEMENT_3D('',#16132,#16133,#16134);
#16132 = CARTESIAN_POINT('',(0.,-9.006664199358,4.68));
#16133 = DIRECTION('',(-0.,1.224646799147E-16,1.));
#16134 = DIRECTION('',(1.,0.,0.));
#16135 = PCURVE('',#14080,#16136);
#16136 = DEFINITIONAL_REPRESENTATION('',(#16137),#16141);
#16137 = LINE('',#16138,#16139);
#16138 = CARTESIAN_POINT('',(-6.28318530718,-0.7));
#16139 = VECTOR('',#16140,1.);
#16140 = DIRECTION('',(1.,-0.));
#16141 = ( GEOMETRIC_REPRESENTATION_CONTEXT(2) 
PARAMETRIC_REPRESENTATION_CONTEXT() REPRESENTATION_CONTEXT('2D SPACE',''
  ) );
#16142 = PCURVE('',#16143,#16148);
#16143 = PLANE('',#16144);
#16144 = AXIS2_PLACEMENT_3D('',#16145,#16146,#16147);
#16145 = CARTESIAN_POINT('',(0.,-9.006664199358,4.68));
#16146 = DIRECTION('',(0.,-1.224646799147E-16,-1.));
#16147 = DIRECTION('',(1.,0.,0.));
#16148 = DEFINITIONAL_REPRESENTATION('',(#16149),#16157);
#16149 = ( BOUNDED_CURVE() B_SPLINE_CURVE(2,(#16150,#16151,#16152,#16153
    ,#16154,#16155,#16156),.UNSPECIFIED.,.T.,.F.) 
B_SPLINE_CURVE_WITH_KNOTS((1,2,2,2,2,1),(-2.094395102393,0.,
    2.094395102393,4.188790204786,6.28318530718,8.377580409573),
.UNSPECIFIED.) CURVE() GEOMETRIC_REPRESENTATION_ITEM() 
RATIONAL_B_SPLINE_CURVE((1.,0.5,1.,0.5,1.,0.5,1.)) REPRESENTATION_ITEM(
  '') );
#16150 = CARTESIAN_POINT('',(2.2,0.));
#16151 = CARTESIAN_POINT('',(2.2,-3.810511776652));
#16152 = CARTESIAN_POINT('',(-1.1,-1.905255888326));
#16153 = CARTESIAN_POINT('',(-4.4,-5.388445916248E-16));
#16154 = CARTESIAN_POINT('',(-1.1,1.905255888326));
#16155 = CARTESIAN_POINT('',(2.2,3.810511776652));
#16156 = CARTESIAN_POINT('',(2.2,0.));
#16157 = ( GEOMETRIC_REPRESENTATION_CONTEXT(2) 
PARAMETRIC_REPRESENTATION_CONTEXT() REPRESENTATION_CONTEXT('2D SPACE',''
  ) );
#16158 = ORIENTED_EDGE('',*,*,#16105,.T.);
#16159 = ORIENTED_EDGE('',*,*,#14059,.F.);
#16160 = ADVANCED_FACE('',(#16161),#14115,.T.);
#16161 = FACE_BOUND('',#16162,.F.);
#16162 = EDGE_LOOP('',(#16163,#16186,#16217,#16218));
#16163 = ORIENTED_EDGE('',*,*,#16164,.F.);
#16164 = EDGE_CURVE('',#16165,#14095,#16167,.T.);
#16165 = VERTEX_POINT('',#16166);
#16166 = CARTESIAN_POINT('',(7.4,-9.006664199358,4.68));
#16167 = SEAM_CURVE('',#16168,(#16172,#16179),.PCURVE_S1.);
#16168 = LINE('',#16169,#16170);
#16169 = CARTESIAN_POINT('',(7.4,-9.006664199358,5.38));
#16170 = VECTOR('',#16171,1.);
#16171 = DIRECTION('',(0.,-1.224646799147E-16,-1.));
#16172 = PCURVE('',#14115,#16173);
#16173 = DEFINITIONAL_REPRESENTATION('',(#16174),#16178);
#16174 = LINE('',#16175,#16176);
#16175 = CARTESIAN_POINT('',(-6.28318530718,0.));
#16176 = VECTOR('',#16177,1.);
#16177 = DIRECTION('',(-0.,-1.));
#16178 = ( GEOMETRIC_REPRESENTATION_CONTEXT(2) 
PARAMETRIC_REPRESENTATION_CONTEXT() REPRESENTATION_CONTEXT('2D SPACE',''
  ) );
#16179 = PCURVE('',#14115,#16180);
#16180 = DEFINITIONAL_REPRESENTATION('',(#16181),#16185);
#16181 = LINE('',#16182,#16183);
#16182 = CARTESIAN_POINT('',(-0.,0.));
#16183 = VECTOR('',#16184,1.);
#16184 = DIRECTION('',(-0.,-1.));
#16185 = ( GEOMETRIC_REPRESENTATION_CONTEXT(2) 
PARAMETRIC_REPRESENTATION_CONTEXT() REPRESENTATION_CONTEXT('2D SPACE',''
  ) );
#16186 = ORIENTED_EDGE('',*,*,#16187,.T.);
#16187 = EDGE_CURVE('',#16165,#16165,#16188,.T.);
#16188 = SURFACE_CURVE('',#16189,(#16194,#16201),.PCURVE_S1.);
#16189 = CIRCLE('',#16190,2.2);
#16190 = AXIS2_PLACEMENT_3D('',#16191,#16192,#16193);
#16191 = CARTESIAN_POINT('',(5.2,-9.006664199358,4.68));
#16192 = DIRECTION('',(-0.,1.224646799147E-16,1.));
#16193 = DIRECTION('',(1.,0.,0.));
#16194 = PCURVE('',#14115,#16195);
#16195 = DEFINITIONAL_REPRESENTATION('',(#16196),#16200);
#16196 = LINE('',#16197,#16198);
#16197 = CARTESIAN_POINT('',(-6.28318530718,-0.7));
#16198 = VECTOR('',#16199,1.);
#16199 = DIRECTION('',(1.,-0.));
#16200 = ( GEOMETRIC_REPRESENTATION_CONTEXT(2) 
PARAMETRIC_REPRESENTATION_CONTEXT() REPRESENTATION_CONTEXT('2D SPACE',''
  ) );
#16201 = PCURVE('',#16202,#16207);
#16202 = PLANE('',#16203);
#16203 = AXIS2_PLACEMENT_3D('',#16204,#16205,#16206);
#16204 = CARTESIAN_POINT('',(5.2,-9.006664199358,4.68));
#16205 = DIRECTION('',(0.,-1.224646799147E-16,-1.));
#16206 = DIRECTION('',(1.,0.,0.));
#16207 = DEFINITIONAL_REPRESENTATION('',(#16208),#16216);
#16208 = ( BOUNDED_CURVE() B_SPLINE_CURVE(2,(#16209,#16210,#16211,#16212
    ,#16213,#16214,#16215),.UNSPECIFIED.,.T.,.F.) 
B_SPLINE_CURVE_WITH_KNOTS((1,2,2,2,2,1),(-2.094395102393,0.,
    2.094395102393,4.188790204786,6.28318530718,8.377580409573),
.UNSPECIFIED.) CURVE() GEOMETRIC_REPRESENTATION_ITEM() 
RATIONAL_B_SPLINE_CURVE((1.,0.5,1.,0.5,1.,0.5,1.)) REPRESENTATION_ITEM(
  '') );
#16209 = CARTESIAN_POINT('',(2.2,0.));
#16210 = CARTESIAN_POINT('',(2.2,-3.810511776652));
#16211 = CARTESIAN_POINT('',(-1.1,-1.905255888326));
#16212 = CARTESIAN_POINT('',(-4.4,-5.388445916248E-16));
#16213 = CARTESIAN_POINT('',(-1.1,1.905255888326));
#16214 = CARTESIAN_POINT('',(2.2,3.810511776652));
#16215 = CARTESIAN_POINT('',(2.2,0.));
#16216 = ( GEOMETRIC_REPRESENTATION_CONTEXT(2) 
PARAMETRIC_REPRESENTATION_CONTEXT() REPRESENTATION_CONTEXT('2D SPACE',''
  ) );
#16217 = ORIENTED_EDGE('',*,*,#16164,.T.);
#16218 = ORIENTED_EDGE('',*,*,#14094,.F.);
#16219 = ADVANCED_FACE('',(#16220),#14683,.T.);
#16220 = FACE_BOUND('',#16221,.T.);
#16221 = EDGE_LOOP('',(#16222,#16245,#16246,#16269));
#16222 = ORIENTED_EDGE('',*,*,#16223,.T.);
#16223 = EDGE_CURVE('',#16224,#14666,#16226,.T.);
#16224 = VERTEX_POINT('',#16225);
#16225 = CARTESIAN_POINT('',(14.79609375,-8.59375E-02,0.));
#16226 = SURFACE_CURVE('',#16227,(#16231,#16238),.PCURVE_S1.);
#16227 = LINE('',#16228,#16229);
#16228 = CARTESIAN_POINT('',(14.79609375,-8.59375E-02,0.));
#16229 = VECTOR('',#16230,1.);
#16230 = DIRECTION('',(0.,1.224646799147E-16,1.));
#16231 = PCURVE('',#14683,#16232);
#16232 = DEFINITIONAL_REPRESENTATION('',(#16233),#16237);
#16233 = LINE('',#16234,#16235);
#16234 = CARTESIAN_POINT('',(0.,0.));
#16235 = VECTOR('',#16236,1.);
#16236 = DIRECTION('',(0.,-1.));
#16237 = ( GEOMETRIC_REPRESENTATION_CONTEXT(2) 
PARAMETRIC_REPRESENTATION_CONTEXT() REPRESENTATION_CONTEXT('2D SPACE',''
  ) );
#16238 = PCURVE('',#14855,#16239);
#16239 = DEFINITIONAL_REPRESENTATION('',(#16240),#16244);
#16240 = LINE('',#16241,#16242);
#16241 = CARTESIAN_POINT('',(1.,0.));
#16242 = VECTOR('',#16243,1.);
#16243 = DIRECTION('',(0.,-1.));
#16244 = ( GEOMETRIC_REPRESENTATION_CONTEXT(2) 
PARAMETRIC_REPRESENTATION_CONTEXT() REPRESENTATION_CONTEXT('2D SPACE',''
  ) );
#16245 = ORIENTED_EDGE('',*,*,#14665,.T.);
#16246 = ORIENTED_EDGE('',*,*,#16247,.F.);
#16247 = EDGE_CURVE('',#16248,#14668,#16250,.T.);
#16248 = VERTEX_POINT('',#16249);
#16249 = CARTESIAN_POINT('',(14.79609375,0.23046875,0.));
#16250 = SURFACE_CURVE('',#16251,(#16255,#16262),.PCURVE_S1.);
#16251 = LINE('',#16252,#16253);
#16252 = CARTESIAN_POINT('',(14.79609375,0.23046875,0.));
#16253 = VECTOR('',#16254,1.);
#16254 = DIRECTION('',(0.,1.224646799147E-16,1.));
#16255 = PCURVE('',#14683,#16256);
#16256 = DEFINITIONAL_REPRESENTATION('',(#16257),#16261);
#16257 = LINE('',#16258,#16259);
#16258 = CARTESIAN_POINT('',(0.31640625,-3.874859012927E-17));
#16259 = VECTOR('',#16260,1.);
#16260 = DIRECTION('',(0.,-1.));
#16261 = ( GEOMETRIC_REPRESENTATION_CONTEXT(2) 
PARAMETRIC_REPRESENTATION_CONTEXT() REPRESENTATION_CONTEXT('2D SPACE',''
  ) );
#16262 = PCURVE('',#14711,#16263);
#16263 = DEFINITIONAL_REPRESENTATION('',(#16264),#16268);
#16264 = LINE('',#16265,#16266);
#16265 = CARTESIAN_POINT('',(0.,0.));
#16266 = VECTOR('',#16267,1.);
#16267 = DIRECTION('',(0.,-1.));
#16268 = ( GEOMETRIC_REPRESENTATION_CONTEXT(2) 
PARAMETRIC_REPRESENTATION_CONTEXT() REPRESENTATION_CONTEXT('2D SPACE',''
  ) );
#16269 = ORIENTED_EDGE('',*,*,#16270,.F.);
#16270 = EDGE_CURVE('',#16224,#16248,#16271,.T.);
#16271 = SURFACE_CURVE('',#16272,(#16276,#16283),.PCURVE_S1.);
#16272 = LINE('',#16273,#16274);
#16273 = CARTESIAN_POINT('',(14.79609375,-8.59375E-02,0.));
#16274 = VECTOR('',#16275,1.);
#16275 = DIRECTION('',(-1.110223024625E-16,1.,-1.224646799147E-16));
#16276 = PCURVE('',#14683,#16277);
#16277 = DEFINITIONAL_REPRESENTATION('',(#16278),#16282);
#16278 = LINE('',#16279,#16280);
#16279 = CARTESIAN_POINT('',(1.387778780781E-17,-1.699538841809E-33));
#16280 = VECTOR('',#16281,1.);
#16281 = DIRECTION('',(1.,0.));
#16282 = ( GEOMETRIC_REPRESENTATION_CONTEXT(2) 
PARAMETRIC_REPRESENTATION_CONTEXT() REPRESENTATION_CONTEXT('2D SPACE',''
  ) );
#16283 = PCURVE('',#16284,#16289);
#16284 = PLANE('',#16285);
#16285 = AXIS2_PLACEMENT_3D('',#16286,#16287,#16288);
#16286 = CARTESIAN_POINT('',(-7.8,4.503332099679,-8.881784197001E-16));
#16287 = DIRECTION('',(0.,-1.224646799147E-16,-1.));
#16288 = DIRECTION('',(1.,0.,0.));
#16289 = DEFINITIONAL_REPRESENTATION('',(#16290),#16294);
#16290 = LINE('',#16291,#16292);
#16291 = CARTESIAN_POINT('',(22.59609375,4.589269599679));
#16292 = VECTOR('',#16293,1.);
#16293 = DIRECTION('',(-1.110223024625E-16,-1.));
#16294 = ( GEOMETRIC_REPRESENTATION_CONTEXT(2) 
PARAMETRIC_REPRESENTATION_CONTEXT() REPRESENTATION_CONTEXT('2D SPACE',''
  ) );
#16295 = ADVANCED_FACE('',(#16296),#14711,.T.);
#16296 = FACE_BOUND('',#16297,.T.);
#16297 = EDGE_LOOP('',(#16298,#16299,#16300,#16323));
#16298 = ORIENTED_EDGE('',*,*,#16247,.T.);
#16299 = ORIENTED_EDGE('',*,*,#14695,.T.);
#16300 = ORIENTED_EDGE('',*,*,#16301,.F.);
#16301 = EDGE_CURVE('',#16302,#14696,#16304,.T.);
#16302 = VERTEX_POINT('',#16303);
#16303 = CARTESIAN_POINT('',(15.3302734375,0.23046875,0.));
#16304 = SURFACE_CURVE('',#16305,(#16309,#16316),.PCURVE_S1.);
#16305 = LINE('',#16306,#16307);
#16306 = CARTESIAN_POINT('',(15.3302734375,0.23046875,0.));
#16307 = VECTOR('',#16308,1.);
#16308 = DIRECTION('',(0.,1.224646799147E-16,1.));
#16309 = PCURVE('',#14711,#16310);
#16310 = DEFINITIONAL_REPRESENTATION('',(#16311),#16315);
#16311 = LINE('',#16312,#16313);
#16312 = CARTESIAN_POINT('',(0.5341796875,-6.333437715177E-33));
#16313 = VECTOR('',#16314,1.);
#16314 = DIRECTION('',(0.,-1.));
#16315 = ( GEOMETRIC_REPRESENTATION_CONTEXT(2) 
PARAMETRIC_REPRESENTATION_CONTEXT() REPRESENTATION_CONTEXT('2D SPACE',''
  ) );
#16316 = PCURVE('',#14739,#16317);
#16317 = DEFINITIONAL_REPRESENTATION('',(#16318),#16322);
#16318 = LINE('',#16319,#16320);
#16319 = CARTESIAN_POINT('',(0.,0.));
#16320 = VECTOR('',#16321,1.);
#16321 = DIRECTION('',(0.,-1.));
#16322 = ( GEOMETRIC_REPRESENTATION_CONTEXT(2) 
PARAMETRIC_REPRESENTATION_CONTEXT() REPRESENTATION_CONTEXT('2D SPACE',''
  ) );
#16323 = ORIENTED_EDGE('',*,*,#16324,.F.);
#16324 = EDGE_CURVE('',#16248,#16302,#16325,.T.);
#16325 = SURFACE_CURVE('',#16326,(#16330,#16337),.PCURVE_S1.);
#16326 = LINE('',#16327,#16328);
#16327 = CARTESIAN_POINT('',(14.79609375,0.23046875,0.));
#16328 = VECTOR('',#16329,1.);
#16329 = DIRECTION('',(1.,1.110223024625E-16,-1.359631073447E-32));
#16330 = PCURVE('',#14711,#16331);
#16331 = DEFINITIONAL_REPRESENTATION('',(#16332),#16336);
#16332 = LINE('',#16333,#16334);
#16333 = CARTESIAN_POINT('',(-2.310745819853E-64,-1.699538841809E-32));
#16334 = VECTOR('',#16335,1.);
#16335 = DIRECTION('',(1.,0.));
#16336 = ( GEOMETRIC_REPRESENTATION_CONTEXT(2) 
PARAMETRIC_REPRESENTATION_CONTEXT() REPRESENTATION_CONTEXT('2D SPACE',''
  ) );
#16337 = PCURVE('',#16284,#16338);
#16338 = DEFINITIONAL_REPRESENTATION('',(#16339),#16343);
#16339 = LINE('',#16340,#16341);
#16340 = CARTESIAN_POINT('',(22.59609375,4.272863349679));
#16341 = VECTOR('',#16342,1.);
#16342 = DIRECTION('',(1.,-1.110223024625E-16));
#16343 = ( GEOMETRIC_REPRESENTATION_CONTEXT(2) 
PARAMETRIC_REPRESENTATION_CONTEXT() REPRESENTATION_CONTEXT('2D SPACE',''
  ) );
#16344 = ADVANCED_FACE('',(#16345),#14739,.T.);
#16345 = FACE_BOUND('',#16346,.T.);
#16346 = EDGE_LOOP('',(#16347,#16348,#16349,#16372));
#16347 = ORIENTED_EDGE('',*,*,#16301,.T.);
#16348 = ORIENTED_EDGE('',*,*,#14723,.T.);
#16349 = ORIENTED_EDGE('',*,*,#16350,.F.);
#16350 = EDGE_CURVE('',#16351,#14724,#16353,.T.);
#16351 = VERTEX_POINT('',#16352);
#16352 = CARTESIAN_POINT('',(15.3302734375,-8.59375E-02,0.));
#16353 = SURFACE_CURVE('',#16354,(#16358,#16365),.PCURVE_S1.);
#16354 = LINE('',#16355,#16356);
#16355 = CARTESIAN_POINT('',(15.3302734375,-8.59375E-02,0.));
#16356 = VECTOR('',#16357,1.);
#16357 = DIRECTION('',(0.,1.224646799147E-16,1.));
#16358 = PCURVE('',#14739,#16359);
#16359 = DEFINITIONAL_REPRESENTATION('',(#16360),#16364);
#16360 = LINE('',#16361,#16362);
#16361 = CARTESIAN_POINT('',(0.31640625,3.874859012927E-17));
#16362 = VECTOR('',#16363,1.);
#16363 = DIRECTION('',(0.,-1.));
#16364 = ( GEOMETRIC_REPRESENTATION_CONTEXT(2) 
PARAMETRIC_REPRESENTATION_CONTEXT() REPRESENTATION_CONTEXT('2D SPACE',''
  ) );
#16365 = PCURVE('',#14767,#16366);
#16366 = DEFINITIONAL_REPRESENTATION('',(#16367),#16371);
#16367 = LINE('',#16368,#16369);
#16368 = CARTESIAN_POINT('',(0.,0.));
#16369 = VECTOR('',#16370,1.);
#16370 = DIRECTION('',(0.,-1.));
#16371 = ( GEOMETRIC_REPRESENTATION_CONTEXT(2) 
PARAMETRIC_REPRESENTATION_CONTEXT() REPRESENTATION_CONTEXT('2D SPACE',''
  ) );
#16372 = ORIENTED_EDGE('',*,*,#16373,.F.);
#16373 = EDGE_CURVE('',#16302,#16351,#16374,.T.);
#16374 = SURFACE_CURVE('',#16375,(#16379,#16386),.PCURVE_S1.);
#16375 = LINE('',#16376,#16377);
#16376 = CARTESIAN_POINT('',(15.3302734375,0.23046875,0.));
#16377 = VECTOR('',#16378,1.);
#16378 = DIRECTION('',(1.110223024625E-16,-1.,1.224646799147E-16));
#16379 = PCURVE('',#14739,#16380);
#16380 = DEFINITIONAL_REPRESENTATION('',(#16381),#16385);
#16381 = LINE('',#16382,#16383);
#16382 = CARTESIAN_POINT('',(-8.326672684689E-17,-1.019723305085E-32));
#16383 = VECTOR('',#16384,1.);
#16384 = DIRECTION('',(1.,0.));
#16385 = ( GEOMETRIC_REPRESENTATION_CONTEXT(2) 
PARAMETRIC_REPRESENTATION_CONTEXT() REPRESENTATION_CONTEXT('2D SPACE',''
  ) );
#16386 = PCURVE('',#16284,#16387);
#16387 = DEFINITIONAL_REPRESENTATION('',(#16388),#16392);
#16388 = LINE('',#16389,#16390);
#16389 = CARTESIAN_POINT('',(23.1302734375,4.272863349679));
#16390 = VECTOR('',#16391,1.);
#16391 = DIRECTION('',(1.110223024625E-16,1.));
#16392 = ( GEOMETRIC_REPRESENTATION_CONTEXT(2) 
PARAMETRIC_REPRESENTATION_CONTEXT() REPRESENTATION_CONTEXT('2D SPACE',''
  ) );
#16393 = ADVANCED_FACE('',(#16394),#14767,.T.);
#16394 = FACE_BOUND('',#16395,.T.);
#16395 = EDGE_LOOP('',(#16396,#16397,#16398,#16421));
#16396 = ORIENTED_EDGE('',*,*,#16350,.T.);
#16397 = ORIENTED_EDGE('',*,*,#14751,.T.);
#16398 = ORIENTED_EDGE('',*,*,#16399,.F.);
#16399 = EDGE_CURVE('',#16400,#14752,#16402,.T.);
#16400 = VERTEX_POINT('',#16401);
#16401 = CARTESIAN_POINT('',(15.26435546875,-0.32177734375,0.));
#16402 = SURFACE_CURVE('',#16403,(#16407,#16414),.PCURVE_S1.);
#16403 = LINE('',#16404,#16405);
#16404 = CARTESIAN_POINT('',(15.26435546875,-0.32177734375,0.));
#16405 = VECTOR('',#16406,1.);
#16406 = DIRECTION('',(0.,1.224646799147E-16,1.));
#16407 = PCURVE('',#14767,#16408);
#16408 = DEFINITIONAL_REPRESENTATION('',(#16409),#16413);
#16409 = LINE('',#16410,#16411);
#16410 = CARTESIAN_POINT('',(1.,0.));
#16411 = VECTOR('',#16412,1.);
#16412 = DIRECTION('',(0.,-1.));
#16413 = ( GEOMETRIC_REPRESENTATION_CONTEXT(2) 
PARAMETRIC_REPRESENTATION_CONTEXT() REPRESENTATION_CONTEXT('2D SPACE',''
  ) );
#16414 = PCURVE('',#14797,#16415);
#16415 = DEFINITIONAL_REPRESENTATION('',(#16416),#16420);
#16416 = LINE('',#16417,#16418);
#16417 = CARTESIAN_POINT('',(0.,0.));
#16418 = VECTOR('',#16419,1.);
#16419 = DIRECTION('',(0.,-1.));
#16420 = ( GEOMETRIC_REPRESENTATION_CONTEXT(2) 
PARAMETRIC_REPRESENTATION_CONTEXT() REPRESENTATION_CONTEXT('2D SPACE',''
  ) );
#16421 = ORIENTED_EDGE('',*,*,#16422,.F.);
#16422 = EDGE_CURVE('',#16351,#16400,#16423,.T.);
#16423 = SURFACE_CURVE('',#16424,(#16428,#16435),.PCURVE_S1.);
#16424 = B_SPLINE_CURVE_WITH_KNOTS('',2,(#16425,#16426,#16427),
  .UNSPECIFIED.,.F.,.F.,(3,3),(0.,1.),.PIECEWISE_BEZIER_KNOTS.);
#16425 = CARTESIAN_POINT('',(15.3302734375,-8.59375E-02,0.));
#16426 = CARTESIAN_POINT('',(15.3302734375,-0.2451171875,0.));
#16427 = CARTESIAN_POINT('',(15.26435546875,-0.32177734375,0.));
#16428 = PCURVE('',#14767,#16429);
#16429 = DEFINITIONAL_REPRESENTATION('',(#16430),#16434);
#16430 = LINE('',#16431,#16432);
#16431 = CARTESIAN_POINT('',(0.,0.));
#16432 = VECTOR('',#16433,1.);
#16433 = DIRECTION('',(1.,0.));
#16434 = ( GEOMETRIC_REPRESENTATION_CONTEXT(2) 
PARAMETRIC_REPRESENTATION_CONTEXT() REPRESENTATION_CONTEXT('2D SPACE',''
  ) );
#16435 = PCURVE('',#16284,#16436);
#16436 = DEFINITIONAL_REPRESENTATION('',(#16437),#16441);
#16437 = B_SPLINE_CURVE_WITH_KNOTS('',2,(#16438,#16439,#16440),
  .UNSPECIFIED.,.F.,.F.,(3,3),(0.,1.),.PIECEWISE_BEZIER_KNOTS.);
#16438 = CARTESIAN_POINT('',(23.1302734375,4.589269599679));
#16439 = CARTESIAN_POINT('',(23.1302734375,4.748449287179));
#16440 = CARTESIAN_POINT('',(23.06435546875,4.825109443429));
#16441 = ( GEOMETRIC_REPRESENTATION_CONTEXT(2) 
PARAMETRIC_REPRESENTATION_CONTEXT() REPRESENTATION_CONTEXT('2D SPACE',''
  ) );
#16442 = ADVANCED_FACE('',(#16443),#14797,.T.);
#16443 = FACE_BOUND('',#16444,.T.);
#16444 = EDGE_LOOP('',(#16445,#16446,#16447,#16470));
#16445 = ORIENTED_EDGE('',*,*,#16399,.T.);
#16446 = ORIENTED_EDGE('',*,*,#14781,.T.);
#16447 = ORIENTED_EDGE('',*,*,#16448,.F.);
#16448 = EDGE_CURVE('',#16449,#14782,#16451,.T.);
#16449 = VERTEX_POINT('',#16450);
#16450 = CARTESIAN_POINT('',(15.0626953125,-0.3984375,0.));
#16451 = SURFACE_CURVE('',#16452,(#16456,#16463),.PCURVE_S1.);
#16452 = LINE('',#16453,#16454);
#16453 = CARTESIAN_POINT('',(15.0626953125,-0.3984375,0.));
#16454 = VECTOR('',#16455,1.);
#16455 = DIRECTION('',(0.,1.224646799147E-16,1.));
#16456 = PCURVE('',#14797,#16457);
#16457 = DEFINITIONAL_REPRESENTATION('',(#16458),#16462);
#16458 = LINE('',#16459,#16460);
#16459 = CARTESIAN_POINT('',(1.,0.));
#16460 = VECTOR('',#16461,1.);
#16461 = DIRECTION('',(0.,-1.));
#16462 = ( GEOMETRIC_REPRESENTATION_CONTEXT(2) 
PARAMETRIC_REPRESENTATION_CONTEXT() REPRESENTATION_CONTEXT('2D SPACE',''
  ) );
#16463 = PCURVE('',#14827,#16464);
#16464 = DEFINITIONAL_REPRESENTATION('',(#16465),#16469);
#16465 = LINE('',#16466,#16467);
#16466 = CARTESIAN_POINT('',(0.,0.));
#16467 = VECTOR('',#16468,1.);
#16468 = DIRECTION('',(0.,-1.));
#16469 = ( GEOMETRIC_REPRESENTATION_CONTEXT(2) 
PARAMETRIC_REPRESENTATION_CONTEXT() REPRESENTATION_CONTEXT('2D SPACE',''
  ) );
#16470 = ORIENTED_EDGE('',*,*,#16471,.F.);
#16471 = EDGE_CURVE('',#16400,#16449,#16472,.T.);
#16472 = SURFACE_CURVE('',#16473,(#16477,#16484),.PCURVE_S1.);
#16473 = B_SPLINE_CURVE_WITH_KNOTS('',2,(#16474,#16475,#16476),
  .UNSPECIFIED.,.F.,.F.,(3,3),(0.,1.),.PIECEWISE_BEZIER_KNOTS.);
#16474 = CARTESIAN_POINT('',(15.26435546875,-0.32177734375,0.));
#16475 = CARTESIAN_POINT('',(15.1984375,-0.3984375,0.));
#16476 = CARTESIAN_POINT('',(15.0626953125,-0.3984375,0.));
#16477 = PCURVE('',#14797,#16478);
#16478 = DEFINITIONAL_REPRESENTATION('',(#16479),#16483);
#16479 = LINE('',#16480,#16481);
#16480 = CARTESIAN_POINT('',(0.,0.));
#16481 = VECTOR('',#16482,1.);
#16482 = DIRECTION('',(1.,0.));
#16483 = ( GEOMETRIC_REPRESENTATION_CONTEXT(2) 
PARAMETRIC_REPRESENTATION_CONTEXT() REPRESENTATION_CONTEXT('2D SPACE',''
  ) );
#16484 = PCURVE('',#16284,#16485);
#16485 = DEFINITIONAL_REPRESENTATION('',(#16486),#16490);
#16486 = B_SPLINE_CURVE_WITH_KNOTS('',2,(#16487,#16488,#16489),
  .UNSPECIFIED.,.F.,.F.,(3,3),(0.,1.),.PIECEWISE_BEZIER_KNOTS.);
#16487 = CARTESIAN_POINT('',(23.06435546875,4.825109443429));
#16488 = CARTESIAN_POINT('',(22.9984375,4.901769599679));
#16489 = CARTESIAN_POINT('',(22.8626953125,4.901769599679));
#16490 = ( GEOMETRIC_REPRESENTATION_CONTEXT(2) 
PARAMETRIC_REPRESENTATION_CONTEXT() REPRESENTATION_CONTEXT('2D SPACE',''
  ) );
#16491 = ADVANCED_FACE('',(#16492),#14827,.T.);
#16492 = FACE_BOUND('',#16493,.T.);
#16493 = EDGE_LOOP('',(#16494,#16495,#16496,#16519));
#16494 = ORIENTED_EDGE('',*,*,#16448,.T.);
#16495 = ORIENTED_EDGE('',*,*,#14811,.T.);
#16496 = ORIENTED_EDGE('',*,*,#16497,.F.);
#16497 = EDGE_CURVE('',#16498,#14812,#16500,.T.);
#16498 = VERTEX_POINT('',#16499);
#16499 = CARTESIAN_POINT('',(14.86103515625,-0.32177734375,0.));
#16500 = SURFACE_CURVE('',#16501,(#16505,#16512),.PCURVE_S1.);
#16501 = LINE('',#16502,#16503);
#16502 = CARTESIAN_POINT('',(14.86103515625,-0.32177734375,0.));
#16503 = VECTOR('',#16504,1.);
#16504 = DIRECTION('',(0.,1.224646799147E-16,1.));
#16505 = PCURVE('',#14827,#16506);
#16506 = DEFINITIONAL_REPRESENTATION('',(#16507),#16511);
#16507 = LINE('',#16508,#16509);
#16508 = CARTESIAN_POINT('',(1.,0.));
#16509 = VECTOR('',#16510,1.);
#16510 = DIRECTION('',(0.,-1.));
#16511 = ( GEOMETRIC_REPRESENTATION_CONTEXT(2) 
PARAMETRIC_REPRESENTATION_CONTEXT() REPRESENTATION_CONTEXT('2D SPACE',''
  ) );
#16512 = PCURVE('',#14855,#16513);
#16513 = DEFINITIONAL_REPRESENTATION('',(#16514),#16518);
#16514 = LINE('',#16515,#16516);
#16515 = CARTESIAN_POINT('',(0.,0.));
#16516 = VECTOR('',#16517,1.);
#16517 = DIRECTION('',(0.,-1.));
#16518 = ( GEOMETRIC_REPRESENTATION_CONTEXT(2) 
PARAMETRIC_REPRESENTATION_CONTEXT() REPRESENTATION_CONTEXT('2D SPACE',''
  ) );
#16519 = ORIENTED_EDGE('',*,*,#16520,.F.);
#16520 = EDGE_CURVE('',#16449,#16498,#16521,.T.);
#16521 = SURFACE_CURVE('',#16522,(#16526,#16533),.PCURVE_S1.);
#16522 = B_SPLINE_CURVE_WITH_KNOTS('',2,(#16523,#16524,#16525),
  .UNSPECIFIED.,.F.,.F.,(3,3),(0.,1.),.PIECEWISE_BEZIER_KNOTS.);
#16523 = CARTESIAN_POINT('',(15.0626953125,-0.3984375,0.));
#16524 = CARTESIAN_POINT('',(14.9259765625,-0.3984375,0.));
#16525 = CARTESIAN_POINT('',(14.86103515625,-0.32177734375,0.));
#16526 = PCURVE('',#14827,#16527);
#16527 = DEFINITIONAL_REPRESENTATION('',(#16528),#16532);
#16528 = LINE('',#16529,#16530);
#16529 = CARTESIAN_POINT('',(0.,0.));
#16530 = VECTOR('',#16531,1.);
#16531 = DIRECTION('',(1.,0.));
#16532 = ( GEOMETRIC_REPRESENTATION_CONTEXT(2) 
PARAMETRIC_REPRESENTATION_CONTEXT() REPRESENTATION_CONTEXT('2D SPACE',''
  ) );
#16533 = PCURVE('',#16284,#16534);
#16534 = DEFINITIONAL_REPRESENTATION('',(#16535),#16539);
#16535 = B_SPLINE_CURVE_WITH_KNOTS('',2,(#16536,#16537,#16538),
  .UNSPECIFIED.,.F.,.F.,(3,3),(0.,1.),.PIECEWISE_BEZIER_KNOTS.);
#16536 = CARTESIAN_POINT('',(22.8626953125,4.901769599679));
#16537 = CARTESIAN_POINT('',(22.7259765625,4.901769599679));
#16538 = CARTESIAN_POINT('',(22.66103515625,4.825109443429));
#16539 = ( GEOMETRIC_REPRESENTATION_CONTEXT(2) 
PARAMETRIC_REPRESENTATION_CONTEXT() REPRESENTATION_CONTEXT('2D SPACE',''
  ) );
#16540 = ADVANCED_FACE('',(#16541),#14855,.T.);
#16541 = FACE_BOUND('',#16542,.T.);
#16542 = EDGE_LOOP('',(#16543,#16544,#16545,#16546));
#16543 = ORIENTED_EDGE('',*,*,#16497,.T.);
#16544 = ORIENTED_EDGE('',*,*,#14841,.T.);
#16545 = ORIENTED_EDGE('',*,*,#16223,.F.);
#16546 = ORIENTED_EDGE('',*,*,#16547,.F.);
#16547 = EDGE_CURVE('',#16498,#16224,#16548,.T.);
#16548 = SURFACE_CURVE('',#16549,(#16553,#16560),.PCURVE_S1.);
#16549 = B_SPLINE_CURVE_WITH_KNOTS('',2,(#16550,#16551,#16552),
  .UNSPECIFIED.,.F.,.F.,(3,3),(0.,1.),.PIECEWISE_BEZIER_KNOTS.);
#16550 = CARTESIAN_POINT('',(14.86103515625,-0.32177734375,0.));
#16551 = CARTESIAN_POINT('',(14.79609375,-0.2451171875,0.));
#16552 = CARTESIAN_POINT('',(14.79609375,-8.59375E-02,0.));
#16553 = PCURVE('',#14855,#16554);
#16554 = DEFINITIONAL_REPRESENTATION('',(#16555),#16559);
#16555 = LINE('',#16556,#16557);
#16556 = CARTESIAN_POINT('',(0.,0.));
#16557 = VECTOR('',#16558,1.);
#16558 = DIRECTION('',(1.,0.));
#16559 = ( GEOMETRIC_REPRESENTATION_CONTEXT(2) 
PARAMETRIC_REPRESENTATION_CONTEXT() REPRESENTATION_CONTEXT('2D SPACE',''
  ) );
#16560 = PCURVE('',#16284,#16561);
#16561 = DEFINITIONAL_REPRESENTATION('',(#16562),#16566);
#16562 = B_SPLINE_CURVE_WITH_KNOTS('',2,(#16563,#16564,#16565),
  .UNSPECIFIED.,.F.,.F.,(3,3),(0.,1.),.PIECEWISE_BEZIER_KNOTS.);
#16563 = CARTESIAN_POINT('',(22.66103515625,4.825109443429));
#16564 = CARTESIAN_POINT('',(22.59609375,4.748449287179));
#16565 = CARTESIAN_POINT('',(22.59609375,4.589269599679));
#16566 = ( GEOMETRIC_REPRESENTATION_CONTEXT(2) 
PARAMETRIC_REPRESENTATION_CONTEXT() REPRESENTATION_CONTEXT('2D SPACE',''
  ) );
#16567 = ADVANCED_FACE('',(#16568),#14889,.T.);
#16568 = FACE_BOUND('',#16569,.T.);
#16569 = EDGE_LOOP('',(#16570,#16593,#16594,#16617));
#16570 = ORIENTED_EDGE('',*,*,#16571,.T.);
#16571 = EDGE_CURVE('',#16572,#14872,#16574,.T.);
#16572 = VERTEX_POINT('',#16573);
#16573 = CARTESIAN_POINT('',(14.196484375,-6.15234375E-02,0.));
#16574 = SURFACE_CURVE('',#16575,(#16579,#16586),.PCURVE_S1.);
#16575 = LINE('',#16576,#16577);
#16576 = CARTESIAN_POINT('',(14.196484375,-6.15234375E-02,0.));
#16577 = VECTOR('',#16578,1.);
#16578 = DIRECTION('',(0.,1.224646799147E-16,1.));
#16579 = PCURVE('',#14889,#16580);
#16580 = DEFINITIONAL_REPRESENTATION('',(#16581),#16585);
#16581 = LINE('',#16582,#16583);
#16582 = CARTESIAN_POINT('',(0.,0.));
#16583 = VECTOR('',#16584,1.);
#16584 = DIRECTION('',(0.,-1.));
#16585 = ( GEOMETRIC_REPRESENTATION_CONTEXT(2) 
PARAMETRIC_REPRESENTATION_CONTEXT() REPRESENTATION_CONTEXT('2D SPACE',''
  ) );
#16586 = PCURVE('',#15061,#16587);
#16587 = DEFINITIONAL_REPRESENTATION('',(#16588),#16592);
#16588 = LINE('',#16589,#16590);
#16589 = CARTESIAN_POINT('',(1.,0.));
#16590 = VECTOR('',#16591,1.);
#16591 = DIRECTION('',(0.,-1.));
#16592 = ( GEOMETRIC_REPRESENTATION_CONTEXT(2) 
PARAMETRIC_REPRESENTATION_CONTEXT() REPRESENTATION_CONTEXT('2D SPACE',''
  ) );
#16593 = ORIENTED_EDGE('',*,*,#14871,.T.);
#16594 = ORIENTED_EDGE('',*,*,#16595,.F.);
#16595 = EDGE_CURVE('',#16596,#14874,#16598,.T.);
#16596 = VERTEX_POINT('',#16597);
#16597 = CARTESIAN_POINT('',(14.196484375,0.23046875,0.));
#16598 = SURFACE_CURVE('',#16599,(#16603,#16610),.PCURVE_S1.);
#16599 = LINE('',#16600,#16601);
#16600 = CARTESIAN_POINT('',(14.196484375,0.23046875,0.));
#16601 = VECTOR('',#16602,1.);
#16602 = DIRECTION('',(0.,1.224646799147E-16,1.));
#16603 = PCURVE('',#14889,#16604);
#16604 = DEFINITIONAL_REPRESENTATION('',(#16605),#16609);
#16605 = LINE('',#16606,#16607);
#16606 = CARTESIAN_POINT('',(0.2919921875,-3.575872977979E-17));
#16607 = VECTOR('',#16608,1.);
#16608 = DIRECTION('',(0.,-1.));
#16609 = ( GEOMETRIC_REPRESENTATION_CONTEXT(2) 
PARAMETRIC_REPRESENTATION_CONTEXT() REPRESENTATION_CONTEXT('2D SPACE',''
  ) );
#16610 = PCURVE('',#14917,#16611);
#16611 = DEFINITIONAL_REPRESENTATION('',(#16612),#16616);
#16612 = LINE('',#16613,#16614);
#16613 = CARTESIAN_POINT('',(0.,0.));
#16614 = VECTOR('',#16615,1.);
#16615 = DIRECTION('',(0.,-1.));
#16616 = ( GEOMETRIC_REPRESENTATION_CONTEXT(2) 
PARAMETRIC_REPRESENTATION_CONTEXT() REPRESENTATION_CONTEXT('2D SPACE',''
  ) );
#16617 = ORIENTED_EDGE('',*,*,#16618,.F.);
#16618 = EDGE_CURVE('',#16572,#16596,#16619,.T.);
#16619 = SURFACE_CURVE('',#16620,(#16624,#16631),.PCURVE_S1.);
#16620 = LINE('',#16621,#16622);
#16621 = CARTESIAN_POINT('',(14.196484375,-6.15234375E-02,0.));
#16622 = VECTOR('',#16623,1.);
#16623 = DIRECTION('',(-1.110223024625E-16,1.,-1.224646799147E-16));
#16624 = PCURVE('',#14889,#16625);
#16625 = DEFINITIONAL_REPRESENTATION('',(#16626),#16630);
#16626 = LINE('',#16627,#16628);
#16627 = CARTESIAN_POINT('',(9.020562075079E-17,-1.104700247176E-32));
#16628 = VECTOR('',#16629,1.);
#16629 = DIRECTION('',(1.,0.));
#16630 = ( GEOMETRIC_REPRESENTATION_CONTEXT(2) 
PARAMETRIC_REPRESENTATION_CONTEXT() REPRESENTATION_CONTEXT('2D SPACE',''
  ) );
#16631 = PCURVE('',#16632,#16637);
#16632 = PLANE('',#16633);
#16633 = AXIS2_PLACEMENT_3D('',#16634,#16635,#16636);
#16634 = CARTESIAN_POINT('',(-7.8,4.503332099679,-8.881784197001E-16));
#16635 = DIRECTION('',(0.,-1.224646799147E-16,-1.));
#16636 = DIRECTION('',(1.,0.,0.));
#16637 = DEFINITIONAL_REPRESENTATION('',(#16638),#16642);
#16638 = LINE('',#16639,#16640);
#16639 = CARTESIAN_POINT('',(21.996484375,4.564855537179));
#16640 = VECTOR('',#16641,1.);
#16641 = DIRECTION('',(-1.110223024625E-16,-1.));
#16642 = ( GEOMETRIC_REPRESENTATION_CONTEXT(2) 
PARAMETRIC_REPRESENTATION_CONTEXT() REPRESENTATION_CONTEXT('2D SPACE',''
  ) );
#16643 = ADVANCED_FACE('',(#16644),#14917,.T.);
#16644 = FACE_BOUND('',#16645,.T.);
#16645 = EDGE_LOOP('',(#16646,#16647,#16648,#16671));
#16646 = ORIENTED_EDGE('',*,*,#16595,.T.);
#16647 = ORIENTED_EDGE('',*,*,#14901,.T.);
#16648 = ORIENTED_EDGE('',*,*,#16649,.F.);
#16649 = EDGE_CURVE('',#16650,#14902,#16652,.T.);
#16650 = VERTEX_POINT('',#16651);
#16651 = CARTESIAN_POINT('',(14.6359375,0.23046875,0.));
#16652 = SURFACE_CURVE('',#16653,(#16657,#16664),.PCURVE_S1.);
#16653 = LINE('',#16654,#16655);
#16654 = CARTESIAN_POINT('',(14.6359375,0.23046875,0.));
#16655 = VECTOR('',#16656,1.);
#16656 = DIRECTION('',(0.,1.224646799147E-16,1.));
#16657 = PCURVE('',#14917,#16658);
#16658 = DEFINITIONAL_REPRESENTATION('',(#16659),#16663);
#16659 = LINE('',#16660,#16661);
#16660 = CARTESIAN_POINT('',(0.439453125,-4.222291810118E-33));
#16661 = VECTOR('',#16662,1.);
#16662 = DIRECTION('',(0.,-1.));
#16663 = ( GEOMETRIC_REPRESENTATION_CONTEXT(2) 
PARAMETRIC_REPRESENTATION_CONTEXT() REPRESENTATION_CONTEXT('2D SPACE',''
  ) );
#16664 = PCURVE('',#14945,#16665);
#16665 = DEFINITIONAL_REPRESENTATION('',(#16666),#16670);
#16666 = LINE('',#16667,#16668);
#16667 = CARTESIAN_POINT('',(0.,0.));
#16668 = VECTOR('',#16669,1.);
#16669 = DIRECTION('',(0.,-1.));
#16670 = ( GEOMETRIC_REPRESENTATION_CONTEXT(2) 
PARAMETRIC_REPRESENTATION_CONTEXT() REPRESENTATION_CONTEXT('2D SPACE',''
  ) );
#16671 = ORIENTED_EDGE('',*,*,#16672,.F.);
#16672 = EDGE_CURVE('',#16596,#16650,#16673,.T.);
#16673 = SURFACE_CURVE('',#16674,(#16678,#16685),.PCURVE_S1.);
#16674 = LINE('',#16675,#16676);
#16675 = CARTESIAN_POINT('',(14.196484375,0.23046875,0.));
#16676 = VECTOR('',#16677,1.);
#16677 = DIRECTION('',(1.,1.110223024625E-16,-1.359631073447E-32));
#16678 = PCURVE('',#14917,#16679);
#16679 = DEFINITIONAL_REPRESENTATION('',(#16680),#16684);
#16680 = LINE('',#16681,#16682);
#16681 = CARTESIAN_POINT('',(4.621491639706E-65,3.399077683617E-33));
#16682 = VECTOR('',#16683,1.);
#16683 = DIRECTION('',(1.,0.));
#16684 = ( GEOMETRIC_REPRESENTATION_CONTEXT(2) 
PARAMETRIC_REPRESENTATION_CONTEXT() REPRESENTATION_CONTEXT('2D SPACE',''
  ) );
#16685 = PCURVE('',#16632,#16686);
#16686 = DEFINITIONAL_REPRESENTATION('',(#16687),#16691);
#16687 = LINE('',#16688,#16689);
#16688 = CARTESIAN_POINT('',(21.996484375,4.272863349679));
#16689 = VECTOR('',#16690,1.);
#16690 = DIRECTION('',(1.,-1.110223024625E-16));
#16691 = ( GEOMETRIC_REPRESENTATION_CONTEXT(2) 
PARAMETRIC_REPRESENTATION_CONTEXT() REPRESENTATION_CONTEXT('2D SPACE',''
  ) );
#16692 = ADVANCED_FACE('',(#16693),#14945,.T.);
#16693 = FACE_BOUND('',#16694,.T.);
#16694 = EDGE_LOOP('',(#16695,#16696,#16697,#16720));
#16695 = ORIENTED_EDGE('',*,*,#16649,.T.);
#16696 = ORIENTED_EDGE('',*,*,#14929,.T.);
#16697 = ORIENTED_EDGE('',*,*,#16698,.F.);
#16698 = EDGE_CURVE('',#16699,#14930,#16701,.T.);
#16699 = VERTEX_POINT('',#16700);
#16700 = CARTESIAN_POINT('',(14.6359375,-6.15234375E-02,0.));
#16701 = SURFACE_CURVE('',#16702,(#16706,#16713),.PCURVE_S1.);
#16702 = LINE('',#16703,#16704);
#16703 = CARTESIAN_POINT('',(14.6359375,-6.15234375E-02,0.));
#16704 = VECTOR('',#16705,1.);
#16705 = DIRECTION('',(0.,1.224646799147E-16,1.));
#16706 = PCURVE('',#14945,#16707);
#16707 = DEFINITIONAL_REPRESENTATION('',(#16708),#16712);
#16708 = LINE('',#16709,#16710);
#16709 = CARTESIAN_POINT('',(0.2919921875,3.575872977979E-17));
#16710 = VECTOR('',#16711,1.);
#16711 = DIRECTION('',(0.,-1.));
#16712 = ( GEOMETRIC_REPRESENTATION_CONTEXT(2) 
PARAMETRIC_REPRESENTATION_CONTEXT() REPRESENTATION_CONTEXT('2D SPACE',''
  ) );
#16713 = PCURVE('',#14973,#16714);
#16714 = DEFINITIONAL_REPRESENTATION('',(#16715),#16719);
#16715 = LINE('',#16716,#16717);
#16716 = CARTESIAN_POINT('',(0.,0.));
#16717 = VECTOR('',#16718,1.);
#16718 = DIRECTION('',(0.,-1.));
#16719 = ( GEOMETRIC_REPRESENTATION_CONTEXT(2) 
PARAMETRIC_REPRESENTATION_CONTEXT() REPRESENTATION_CONTEXT('2D SPACE',''
  ) );
#16720 = ORIENTED_EDGE('',*,*,#16721,.F.);
#16721 = EDGE_CURVE('',#16650,#16699,#16722,.T.);
#16722 = SURFACE_CURVE('',#16723,(#16727,#16734),.PCURVE_S1.);
#16723 = LINE('',#16724,#16725);
#16724 = CARTESIAN_POINT('',(14.6359375,0.23046875,0.));
#16725 = VECTOR('',#16726,1.);
#16726 = DIRECTION('',(1.110223024625E-16,-1.,1.224646799147E-16));
#16727 = PCURVE('',#14945,#16728);
#16728 = DEFINITIONAL_REPRESENTATION('',(#16729),#16733);
#16729 = LINE('',#16730,#16731);
#16730 = CARTESIAN_POINT('',(-5.551115123126E-17,-6.798155367234E-33));
#16731 = VECTOR('',#16732,1.);
#16732 = DIRECTION('',(1.,0.));
#16733 = ( GEOMETRIC_REPRESENTATION_CONTEXT(2) 
PARAMETRIC_REPRESENTATION_CONTEXT() REPRESENTATION_CONTEXT('2D SPACE',''
  ) );
#16734 = PCURVE('',#16632,#16735);
#16735 = DEFINITIONAL_REPRESENTATION('',(#16736),#16740);
#16736 = LINE('',#16737,#16738);
#16737 = CARTESIAN_POINT('',(22.4359375,4.272863349679));
#16738 = VECTOR('',#16739,1.);
#16739 = DIRECTION('',(1.110223024625E-16,1.));
#16740 = ( GEOMETRIC_REPRESENTATION_CONTEXT(2) 
PARAMETRIC_REPRESENTATION_CONTEXT() REPRESENTATION_CONTEXT('2D SPACE',''
  ) );
#16741 = ADVANCED_FACE('',(#16742),#14973,.T.);
#16742 = FACE_BOUND('',#16743,.T.);
#16743 = EDGE_LOOP('',(#16744,#16745,#16746,#16769));
#16744 = ORIENTED_EDGE('',*,*,#16698,.T.);
#16745 = ORIENTED_EDGE('',*,*,#14957,.T.);
#16746 = ORIENTED_EDGE('',*,*,#16747,.F.);
#16747 = EDGE_CURVE('',#16748,#14958,#16750,.T.);
#16748 = VERTEX_POINT('',#16749);
#16749 = CARTESIAN_POINT('',(14.58173828125,-0.27685546875,0.));
#16750 = SURFACE_CURVE('',#16751,(#16755,#16762),.PCURVE_S1.);
#16751 = LINE('',#16752,#16753);
#16752 = CARTESIAN_POINT('',(14.58173828125,-0.27685546875,0.));
#16753 = VECTOR('',#16754,1.);
#16754 = DIRECTION('',(0.,1.224646799147E-16,1.));
#16755 = PCURVE('',#14973,#16756);
#16756 = DEFINITIONAL_REPRESENTATION('',(#16757),#16761);
#16757 = LINE('',#16758,#16759);
#16758 = CARTESIAN_POINT('',(1.,0.));
#16759 = VECTOR('',#16760,1.);
#16760 = DIRECTION('',(0.,-1.));
#16761 = ( GEOMETRIC_REPRESENTATION_CONTEXT(2) 
PARAMETRIC_REPRESENTATION_CONTEXT() REPRESENTATION_CONTEXT('2D SPACE',''
  ) );
#16762 = PCURVE('',#15003,#16763);
#16763 = DEFINITIONAL_REPRESENTATION('',(#16764),#16768);
#16764 = LINE('',#16765,#16766);
#16765 = CARTESIAN_POINT('',(0.,0.));
#16766 = VECTOR('',#16767,1.);
#16767 = DIRECTION('',(0.,-1.));
#16768 = ( GEOMETRIC_REPRESENTATION_CONTEXT(2) 
PARAMETRIC_REPRESENTATION_CONTEXT() REPRESENTATION_CONTEXT('2D SPACE',''
  ) );
#16769 = ORIENTED_EDGE('',*,*,#16770,.F.);
#16770 = EDGE_CURVE('',#16699,#16748,#16771,.T.);
#16771 = SURFACE_CURVE('',#16772,(#16776,#16783),.PCURVE_S1.);
#16772 = B_SPLINE_CURVE_WITH_KNOTS('',2,(#16773,#16774,#16775),
  .UNSPECIFIED.,.F.,.F.,(3,3),(0.,1.),.PIECEWISE_BEZIER_KNOTS.);
#16773 = CARTESIAN_POINT('',(14.6359375,-6.15234375E-02,0.));
#16774 = CARTESIAN_POINT('',(14.6359375,-0.2060546875,0.));
#16775 = CARTESIAN_POINT('',(14.58173828125,-0.27685546875,0.));
#16776 = PCURVE('',#14973,#16777);
#16777 = DEFINITIONAL_REPRESENTATION('',(#16778),#16782);
#16778 = LINE('',#16779,#16780);
#16779 = CARTESIAN_POINT('',(0.,0.));
#16780 = VECTOR('',#16781,1.);
#16781 = DIRECTION('',(1.,0.));
#16782 = ( GEOMETRIC_REPRESENTATION_CONTEXT(2) 
PARAMETRIC_REPRESENTATION_CONTEXT() REPRESENTATION_CONTEXT('2D SPACE',''
  ) );
#16783 = PCURVE('',#16632,#16784);
#16784 = DEFINITIONAL_REPRESENTATION('',(#16785),#16789);
#16785 = B_SPLINE_CURVE_WITH_KNOTS('',2,(#16786,#16787,#16788),
  .UNSPECIFIED.,.F.,.F.,(3,3),(0.,1.),.PIECEWISE_BEZIER_KNOTS.);
#16786 = CARTESIAN_POINT('',(22.4359375,4.564855537179));
#16787 = CARTESIAN_POINT('',(22.4359375,4.709386787179));
#16788 = CARTESIAN_POINT('',(22.38173828125,4.780187568429));
#16789 = ( GEOMETRIC_REPRESENTATION_CONTEXT(2) 
PARAMETRIC_REPRESENTATION_CONTEXT() REPRESENTATION_CONTEXT('2D SPACE',''
  ) );
#16790 = ADVANCED_FACE('',(#16791),#15003,.T.);
#16791 = FACE_BOUND('',#16792,.T.);
#16792 = EDGE_LOOP('',(#16793,#16794,#16795,#16818));
#16793 = ORIENTED_EDGE('',*,*,#16747,.T.);
#16794 = ORIENTED_EDGE('',*,*,#14987,.T.);
#16795 = ORIENTED_EDGE('',*,*,#16796,.F.);
#16796 = EDGE_CURVE('',#16797,#14988,#16799,.T.);
#16797 = VERTEX_POINT('',#16798);
#16798 = CARTESIAN_POINT('',(14.4162109375,-0.34765625,0.));
#16799 = SURFACE_CURVE('',#16800,(#16804,#16811),.PCURVE_S1.);
#16800 = LINE('',#16801,#16802);
#16801 = CARTESIAN_POINT('',(14.4162109375,-0.34765625,0.));
#16802 = VECTOR('',#16803,1.);
#16803 = DIRECTION('',(0.,1.224646799147E-16,1.));
#16804 = PCURVE('',#15003,#16805);
#16805 = DEFINITIONAL_REPRESENTATION('',(#16806),#16810);
#16806 = LINE('',#16807,#16808);
#16807 = CARTESIAN_POINT('',(1.,0.));
#16808 = VECTOR('',#16809,1.);
#16809 = DIRECTION('',(0.,-1.));
#16810 = ( GEOMETRIC_REPRESENTATION_CONTEXT(2) 
PARAMETRIC_REPRESENTATION_CONTEXT() REPRESENTATION_CONTEXT('2D SPACE',''
  ) );
#16811 = PCURVE('',#15033,#16812);
#16812 = DEFINITIONAL_REPRESENTATION('',(#16813),#16817);
#16813 = LINE('',#16814,#16815);
#16814 = CARTESIAN_POINT('',(0.,0.));
#16815 = VECTOR('',#16816,1.);
#16816 = DIRECTION('',(0.,-1.));
#16817 = ( GEOMETRIC_REPRESENTATION_CONTEXT(2) 
PARAMETRIC_REPRESENTATION_CONTEXT() REPRESENTATION_CONTEXT('2D SPACE',''
  ) );
#16818 = ORIENTED_EDGE('',*,*,#16819,.F.);
#16819 = EDGE_CURVE('',#16748,#16797,#16820,.T.);
#16820 = SURFACE_CURVE('',#16821,(#16825,#16832),.PCURVE_S1.);
#16821 = B_SPLINE_CURVE_WITH_KNOTS('',2,(#16822,#16823,#16824),
  .UNSPECIFIED.,.F.,.F.,(3,3),(0.,1.),.PIECEWISE_BEZIER_KNOTS.);
#16822 = CARTESIAN_POINT('',(14.58173828125,-0.27685546875,0.));
#16823 = CARTESIAN_POINT('',(14.5275390625,-0.34765625,0.));
#16824 = CARTESIAN_POINT('',(14.4162109375,-0.34765625,0.));
#16825 = PCURVE('',#15003,#16826);
#16826 = DEFINITIONAL_REPRESENTATION('',(#16827),#16831);
#16827 = LINE('',#16828,#16829);
#16828 = CARTESIAN_POINT('',(0.,0.));
#16829 = VECTOR('',#16830,1.);
#16830 = DIRECTION('',(1.,0.));
#16831 = ( GEOMETRIC_REPRESENTATION_CONTEXT(2) 
PARAMETRIC_REPRESENTATION_CONTEXT() REPRESENTATION_CONTEXT('2D SPACE',''
  ) );
#16832 = PCURVE('',#16632,#16833);
#16833 = DEFINITIONAL_REPRESENTATION('',(#16834),#16838);
#16834 = B_SPLINE_CURVE_WITH_KNOTS('',2,(#16835,#16836,#16837),
  .UNSPECIFIED.,.F.,.F.,(3,3),(0.,1.),.PIECEWISE_BEZIER_KNOTS.);
#16835 = CARTESIAN_POINT('',(22.38173828125,4.780187568429));
#16836 = CARTESIAN_POINT('',(22.3275390625,4.850988349679));
#16837 = CARTESIAN_POINT('',(22.2162109375,4.850988349679));
#16838 = ( GEOMETRIC_REPRESENTATION_CONTEXT(2) 
PARAMETRIC_REPRESENTATION_CONTEXT() REPRESENTATION_CONTEXT('2D SPACE',''
  ) );
#16839 = ADVANCED_FACE('',(#16840),#15033,.T.);
#16840 = FACE_BOUND('',#16841,.T.);
#16841 = EDGE_LOOP('',(#16842,#16843,#16844,#16867));
#16842 = ORIENTED_EDGE('',*,*,#16796,.T.);
#16843 = ORIENTED_EDGE('',*,*,#15017,.T.);
#16844 = ORIENTED_EDGE('',*,*,#16845,.F.);
#16845 = EDGE_CURVE('',#16846,#15018,#16848,.T.);
#16846 = VERTEX_POINT('',#16847);
#16847 = CARTESIAN_POINT('',(14.251171875,-0.27685546875,0.));
#16848 = SURFACE_CURVE('',#16849,(#16853,#16860),.PCURVE_S1.);
#16849 = LINE('',#16850,#16851);
#16850 = CARTESIAN_POINT('',(14.251171875,-0.27685546875,0.));
#16851 = VECTOR('',#16852,1.);
#16852 = DIRECTION('',(0.,1.224646799147E-16,1.));
#16853 = PCURVE('',#15033,#16854);
#16854 = DEFINITIONAL_REPRESENTATION('',(#16855),#16859);
#16855 = LINE('',#16856,#16857);
#16856 = CARTESIAN_POINT('',(1.,0.));
#16857 = VECTOR('',#16858,1.);
#16858 = DIRECTION('',(0.,-1.));
#16859 = ( GEOMETRIC_REPRESENTATION_CONTEXT(2) 
PARAMETRIC_REPRESENTATION_CONTEXT() REPRESENTATION_CONTEXT('2D SPACE',''
  ) );
#16860 = PCURVE('',#15061,#16861);
#16861 = DEFINITIONAL_REPRESENTATION('',(#16862),#16866);
#16862 = LINE('',#16863,#16864);
#16863 = CARTESIAN_POINT('',(0.,0.));
#16864 = VECTOR('',#16865,1.);
#16865 = DIRECTION('',(0.,-1.));
#16866 = ( GEOMETRIC_REPRESENTATION_CONTEXT(2) 
PARAMETRIC_REPRESENTATION_CONTEXT() REPRESENTATION_CONTEXT('2D SPACE',''
  ) );
#16867 = ORIENTED_EDGE('',*,*,#16868,.F.);
#16868 = EDGE_CURVE('',#16797,#16846,#16869,.T.);
#16869 = SURFACE_CURVE('',#16870,(#16874,#16881),.PCURVE_S1.);
#16870 = B_SPLINE_CURVE_WITH_KNOTS('',2,(#16871,#16872,#16873),
  .UNSPECIFIED.,.F.,.F.,(3,3),(0.,1.),.PIECEWISE_BEZIER_KNOTS.);
#16871 = CARTESIAN_POINT('',(14.4162109375,-0.34765625,0.));
#16872 = CARTESIAN_POINT('',(14.305859375,-0.34765625,0.));
#16873 = CARTESIAN_POINT('',(14.251171875,-0.27685546875,0.));
#16874 = PCURVE('',#15033,#16875);
#16875 = DEFINITIONAL_REPRESENTATION('',(#16876),#16880);
#16876 = LINE('',#16877,#16878);
#16877 = CARTESIAN_POINT('',(0.,0.));
#16878 = VECTOR('',#16879,1.);
#16879 = DIRECTION('',(1.,0.));
#16880 = ( GEOMETRIC_REPRESENTATION_CONTEXT(2) 
PARAMETRIC_REPRESENTATION_CONTEXT() REPRESENTATION_CONTEXT('2D SPACE',''
  ) );
#16881 = PCURVE('',#16632,#16882);
#16882 = DEFINITIONAL_REPRESENTATION('',(#16883),#16887);
#16883 = B_SPLINE_CURVE_WITH_KNOTS('',2,(#16884,#16885,#16886),
  .UNSPECIFIED.,.F.,.F.,(3,3),(0.,1.),.PIECEWISE_BEZIER_KNOTS.);
#16884 = CARTESIAN_POINT('',(22.2162109375,4.850988349679));
#16885 = CARTESIAN_POINT('',(22.105859375,4.850988349679));
#16886 = CARTESIAN_POINT('',(22.051171875,4.780187568429));
#16887 = ( GEOMETRIC_REPRESENTATION_CONTEXT(2) 
PARAMETRIC_REPRESENTATION_CONTEXT() REPRESENTATION_CONTEXT('2D SPACE',''
  ) );
#16888 = ADVANCED_FACE('',(#16889),#15061,.T.);
#16889 = FACE_BOUND('',#16890,.T.);
#16890 = EDGE_LOOP('',(#16891,#16892,#16893,#16894));
#16891 = ORIENTED_EDGE('',*,*,#16845,.T.);
#16892 = ORIENTED_EDGE('',*,*,#15047,.T.);
#16893 = ORIENTED_EDGE('',*,*,#16571,.F.);
#16894 = ORIENTED_EDGE('',*,*,#16895,.F.);
#16895 = EDGE_CURVE('',#16846,#16572,#16896,.T.);
#16896 = SURFACE_CURVE('',#16897,(#16901,#16908),.PCURVE_S1.);
#16897 = B_SPLINE_CURVE_WITH_KNOTS('',2,(#16898,#16899,#16900),
  .UNSPECIFIED.,.F.,.F.,(3,3),(0.,1.),.PIECEWISE_BEZIER_KNOTS.);
#16898 = CARTESIAN_POINT('',(14.251171875,-0.27685546875,0.));
#16899 = CARTESIAN_POINT('',(14.196484375,-0.2060546875,0.));
#16900 = CARTESIAN_POINT('',(14.196484375,-6.15234375E-02,0.));
#16901 = PCURVE('',#15061,#16902);
#16902 = DEFINITIONAL_REPRESENTATION('',(#16903),#16907);
#16903 = LINE('',#16904,#16905);
#16904 = CARTESIAN_POINT('',(0.,0.));
#16905 = VECTOR('',#16906,1.);
#16906 = DIRECTION('',(1.,0.));
#16907 = ( GEOMETRIC_REPRESENTATION_CONTEXT(2) 
PARAMETRIC_REPRESENTATION_CONTEXT() REPRESENTATION_CONTEXT('2D SPACE',''
  ) );
#16908 = PCURVE('',#16632,#16909);
#16909 = DEFINITIONAL_REPRESENTATION('',(#16910),#16914);
#16910 = B_SPLINE_CURVE_WITH_KNOTS('',2,(#16911,#16912,#16913),
  .UNSPECIFIED.,.F.,.F.,(3,3),(0.,1.),.PIECEWISE_BEZIER_KNOTS.);
#16911 = CARTESIAN_POINT('',(22.051171875,4.780187568429));
#16912 = CARTESIAN_POINT('',(21.996484375,4.709386787179));
#16913 = CARTESIAN_POINT('',(21.996484375,4.564855537179));
#16914 = ( GEOMETRIC_REPRESENTATION_CONTEXT(2) 
PARAMETRIC_REPRESENTATION_CONTEXT() REPRESENTATION_CONTEXT('2D SPACE',''
  ) );
#16915 = ADVANCED_FACE('',(#16916,#16919),#15140,.F.);
#16916 = FACE_BOUND('',#16917,.F.);
#16917 = EDGE_LOOP('',(#16918));
#16918 = ORIENTED_EDGE('',*,*,#15125,.F.);
#16919 = FACE_BOUND('',#16920,.F.);
#16920 = EDGE_LOOP('',(#16921));
#16921 = ORIENTED_EDGE('',*,*,#16922,.F.);
#16922 = EDGE_CURVE('',#16923,#16923,#16925,.T.);
#16923 = VERTEX_POINT('',#16924);
#16924 = CARTESIAN_POINT('',(-3.45,9.006664199358,4.68));
#16925 = SURFACE_CURVE('',#16926,(#16931,#16938),.PCURVE_S1.);
#16926 = CIRCLE('',#16927,1.75);
#16927 = AXIS2_PLACEMENT_3D('',#16928,#16929,#16930);
#16928 = CARTESIAN_POINT('',(-5.2,9.006664199358,4.68));
#16929 = DIRECTION('',(0.,-1.224646799147E-16,-1.));
#16930 = DIRECTION('',(1.,0.,0.));
#16931 = PCURVE('',#15140,#16932);
#16932 = DEFINITIONAL_REPRESENTATION('',(#16933),#16937);
#16933 = CIRCLE('',#16934,1.75);
#16934 = AXIS2_PLACEMENT_2D('',#16935,#16936);
#16935 = CARTESIAN_POINT('',(0.,0.));
#16936 = DIRECTION('',(1.,0.));
#16937 = ( GEOMETRIC_REPRESENTATION_CONTEXT(2) 
PARAMETRIC_REPRESENTATION_CONTEXT() REPRESENTATION_CONTEXT('2D SPACE',''
  ) );
#16938 = PCURVE('',#16939,#16944);
#16939 = CONICAL_SURFACE('',#16940,2.269615242271,1.047197551197);
#16940 = AXIS2_PLACEMENT_3D('',#16941,#16942,#16943);
#16941 = CARTESIAN_POINT('',(-5.2,9.006664199358,4.98));
#16942 = DIRECTION('',(-0.,1.224646799147E-16,1.));
#16943 = DIRECTION('',(1.,0.,0.));
#16944 = DEFINITIONAL_REPRESENTATION('',(#16945),#16949);
#16945 = LINE('',#16946,#16947);
#16946 = CARTESIAN_POINT('',(-0.,-0.3));
#16947 = VECTOR('',#16948,1.);
#16948 = DIRECTION('',(-1.,-0.));
#16949 = ( GEOMETRIC_REPRESENTATION_CONTEXT(2) 
PARAMETRIC_REPRESENTATION_CONTEXT() REPRESENTATION_CONTEXT('2D SPACE',''
  ) );
#16950 = ADVANCED_FACE('',(#16951,#16954),#15199,.F.);
#16951 = FACE_BOUND('',#16952,.F.);
#16952 = EDGE_LOOP('',(#16953));
#16953 = ORIENTED_EDGE('',*,*,#15184,.F.);
#16954 = FACE_BOUND('',#16955,.F.);
#16955 = EDGE_LOOP('',(#16956));
#16956 = ORIENTED_EDGE('',*,*,#16957,.F.);
#16957 = EDGE_CURVE('',#16958,#16958,#16960,.T.);
#16958 = VERTEX_POINT('',#16959);
#16959 = CARTESIAN_POINT('',(-6.05,4.503332099679,4.68));
#16960 = SURFACE_CURVE('',#16961,(#16966,#16973),.PCURVE_S1.);
#16961 = CIRCLE('',#16962,1.75);
#16962 = AXIS2_PLACEMENT_3D('',#16963,#16964,#16965);
#16963 = CARTESIAN_POINT('',(-7.8,4.503332099679,4.68));
#16964 = DIRECTION('',(0.,-1.224646799147E-16,-1.));
#16965 = DIRECTION('',(1.,0.,0.));
#16966 = PCURVE('',#15199,#16967);
#16967 = DEFINITIONAL_REPRESENTATION('',(#16968),#16972);
#16968 = CIRCLE('',#16969,1.75);
#16969 = AXIS2_PLACEMENT_2D('',#16970,#16971);
#16970 = CARTESIAN_POINT('',(0.,0.));
#16971 = DIRECTION('',(1.,0.));
#16972 = ( GEOMETRIC_REPRESENTATION_CONTEXT(2) 
PARAMETRIC_REPRESENTATION_CONTEXT() REPRESENTATION_CONTEXT('2D SPACE',''
  ) );
#16973 = PCURVE('',#16974,#16979);
#16974 = CONICAL_SURFACE('',#16975,2.269615242271,1.047197551197);
#16975 = AXIS2_PLACEMENT_3D('',#16976,#16977,#16978);
#16976 = CARTESIAN_POINT('',(-7.8,4.503332099679,4.98));
#16977 = DIRECTION('',(-0.,1.224646799147E-16,1.));
#16978 = DIRECTION('',(1.,0.,0.));
#16979 = DEFINITIONAL_REPRESENTATION('',(#16980),#16984);
#16980 = LINE('',#16981,#16982);
#16981 = CARTESIAN_POINT('',(-0.,-0.3));
#16982 = VECTOR('',#16983,1.);
#16983 = DIRECTION('',(-1.,-0.));
#16984 = ( GEOMETRIC_REPRESENTATION_CONTEXT(2) 
PARAMETRIC_REPRESENTATION_CONTEXT() REPRESENTATION_CONTEXT('2D SPACE',''
  ) );
#16985 = ADVANCED_FACE('',(#16986,#16989),#15258,.F.);
#16986 = FACE_BOUND('',#16987,.F.);
#16987 = EDGE_LOOP('',(#16988));
#16988 = ORIENTED_EDGE('',*,*,#15243,.F.);
#16989 = FACE_BOUND('',#16990,.F.);
#16990 = EDGE_LOOP('',(#16991));
#16991 = ORIENTED_EDGE('',*,*,#16992,.F.);
#16992 = EDGE_CURVE('',#16993,#16993,#16995,.T.);
#16993 = VERTEX_POINT('',#16994);
#16994 = CARTESIAN_POINT('',(-0.85,4.503332099679,4.68));
#16995 = SURFACE_CURVE('',#16996,(#17001,#17008),.PCURVE_S1.);
#16996 = CIRCLE('',#16997,1.75);
#16997 = AXIS2_PLACEMENT_3D('',#16998,#16999,#17000);
#16998 = CARTESIAN_POINT('',(-2.6,4.503332099679,4.68));
#16999 = DIRECTION('',(0.,-1.224646799147E-16,-1.));
#17000 = DIRECTION('',(1.,0.,0.));
#17001 = PCURVE('',#15258,#17002);
#17002 = DEFINITIONAL_REPRESENTATION('',(#17003),#17007);
#17003 = CIRCLE('',#17004,1.75);
#17004 = AXIS2_PLACEMENT_2D('',#17005,#17006);
#17005 = CARTESIAN_POINT('',(0.,0.));
#17006 = DIRECTION('',(1.,0.));
#17007 = ( GEOMETRIC_REPRESENTATION_CONTEXT(2) 
PARAMETRIC_REPRESENTATION_CONTEXT() REPRESENTATION_CONTEXT('2D SPACE',''
  ) );
#17008 = PCURVE('',#17009,#17014);
#17009 = CONICAL_SURFACE('',#17010,2.269615242271,1.047197551197);
#17010 = AXIS2_PLACEMENT_3D('',#17011,#17012,#17013);
#17011 = CARTESIAN_POINT('',(-2.6,4.503332099679,4.98));
#17012 = DIRECTION('',(-0.,1.224646799147E-16,1.));
#17013 = DIRECTION('',(1.,0.,0.));
#17014 = DEFINITIONAL_REPRESENTATION('',(#17015),#17019);
#17015 = LINE('',#17016,#17017);
#17016 = CARTESIAN_POINT('',(-0.,-0.3));
#17017 = VECTOR('',#17018,1.);
#17018 = DIRECTION('',(-1.,-0.));
#17019 = ( GEOMETRIC_REPRESENTATION_CONTEXT(2) 
PARAMETRIC_REPRESENTATION_CONTEXT() REPRESENTATION_CONTEXT('2D SPACE',''
  ) );
#17020 = ADVANCED_FACE('',(#17021,#17024),#15317,.F.);
#17021 = FACE_BOUND('',#17022,.F.);
#17022 = EDGE_LOOP('',(#17023));
#17023 = ORIENTED_EDGE('',*,*,#15302,.F.);
#17024 = FACE_BOUND('',#17025,.F.);
#17025 = EDGE_LOOP('',(#17026));
#17026 = ORIENTED_EDGE('',*,*,#17027,.F.);
#17027 = EDGE_CURVE('',#17028,#17028,#17030,.T.);
#17028 = VERTEX_POINT('',#17029);
#17029 = CARTESIAN_POINT('',(1.75,9.006664199358,4.68));
#17030 = SURFACE_CURVE('',#17031,(#17036,#17043),.PCURVE_S1.);
#17031 = CIRCLE('',#17032,1.75);
#17032 = AXIS2_PLACEMENT_3D('',#17033,#17034,#17035);
#17033 = CARTESIAN_POINT('',(0.,9.006664199358,4.68));
#17034 = DIRECTION('',(0.,-1.224646799147E-16,-1.));
#17035 = DIRECTION('',(1.,0.,0.));
#17036 = PCURVE('',#15317,#17037);
#17037 = DEFINITIONAL_REPRESENTATION('',(#17038),#17042);
#17038 = CIRCLE('',#17039,1.75);
#17039 = AXIS2_PLACEMENT_2D('',#17040,#17041);
#17040 = CARTESIAN_POINT('',(0.,0.));
#17041 = DIRECTION('',(1.,0.));
#17042 = ( GEOMETRIC_REPRESENTATION_CONTEXT(2) 
PARAMETRIC_REPRESENTATION_CONTEXT() REPRESENTATION_CONTEXT('2D SPACE',''
  ) );
#17043 = PCURVE('',#17044,#17049);
#17044 = CONICAL_SURFACE('',#17045,2.269615242271,1.047197551197);
#17045 = AXIS2_PLACEMENT_3D('',#17046,#17047,#17048);
#17046 = CARTESIAN_POINT('',(0.,9.006664199358,4.98));
#17047 = DIRECTION('',(-0.,1.224646799147E-16,1.));
#17048 = DIRECTION('',(1.,0.,0.));
#17049 = DEFINITIONAL_REPRESENTATION('',(#17050),#17054);
#17050 = LINE('',#17051,#17052);
#17051 = CARTESIAN_POINT('',(-0.,-0.3));
#17052 = VECTOR('',#17053,1.);
#17053 = DIRECTION('',(-1.,-0.));
#17054 = ( GEOMETRIC_REPRESENTATION_CONTEXT(2) 
PARAMETRIC_REPRESENTATION_CONTEXT() REPRESENTATION_CONTEXT('2D SPACE',''
  ) );
#17055 = ADVANCED_FACE('',(#17056,#17059),#15376,.F.);
#17056 = FACE_BOUND('',#17057,.F.);
#17057 = EDGE_LOOP('',(#17058));
#17058 = ORIENTED_EDGE('',*,*,#15361,.F.);
#17059 = FACE_BOUND('',#17060,.F.);
#17060 = EDGE_LOOP('',(#17061));
#17061 = ORIENTED_EDGE('',*,*,#17062,.F.);
#17062 = EDGE_CURVE('',#17063,#17063,#17065,.T.);
#17063 = VERTEX_POINT('',#17064);
#17064 = CARTESIAN_POINT('',(6.95,9.006664199358,4.68));
#17065 = SURFACE_CURVE('',#17066,(#17071,#17078),.PCURVE_S1.);
#17066 = CIRCLE('',#17067,1.75);
#17067 = AXIS2_PLACEMENT_3D('',#17068,#17069,#17070);
#17068 = CARTESIAN_POINT('',(5.2,9.006664199358,4.68));
#17069 = DIRECTION('',(0.,-1.224646799147E-16,-1.));
#17070 = DIRECTION('',(1.,0.,0.));
#17071 = PCURVE('',#15376,#17072);
#17072 = DEFINITIONAL_REPRESENTATION('',(#17073),#17077);
#17073 = CIRCLE('',#17074,1.75);
#17074 = AXIS2_PLACEMENT_2D('',#17075,#17076);
#17075 = CARTESIAN_POINT('',(0.,0.));
#17076 = DIRECTION('',(1.,0.));
#17077 = ( GEOMETRIC_REPRESENTATION_CONTEXT(2) 
PARAMETRIC_REPRESENTATION_CONTEXT() REPRESENTATION_CONTEXT('2D SPACE',''
  ) );
#17078 = PCURVE('',#17079,#17084);
#17079 = CONICAL_SURFACE('',#17080,2.269615242271,1.047197551197);
#17080 = AXIS2_PLACEMENT_3D('',#17081,#17082,#17083);
#17081 = CARTESIAN_POINT('',(5.2,9.006664199358,4.98));
#17082 = DIRECTION('',(-0.,1.224646799147E-16,1.));
#17083 = DIRECTION('',(1.,0.,0.));
#17084 = DEFINITIONAL_REPRESENTATION('',(#17085),#17089);
#17085 = LINE('',#17086,#17087);
#17086 = CARTESIAN_POINT('',(-0.,-0.3));
#17087 = VECTOR('',#17088,1.);
#17088 = DIRECTION('',(-1.,-0.));
#17089 = ( GEOMETRIC_REPRESENTATION_CONTEXT(2) 
PARAMETRIC_REPRESENTATION_CONTEXT() REPRESENTATION_CONTEXT('2D SPACE',''
  ) );
#17090 = ADVANCED_FACE('',(#17091,#17094),#15435,.F.);
#17091 = FACE_BOUND('',#17092,.F.);
#17092 = EDGE_LOOP('',(#17093));
#17093 = ORIENTED_EDGE('',*,*,#15420,.F.);
#17094 = FACE_BOUND('',#17095,.F.);
#17095 = EDGE_LOOP('',(#17096));
#17096 = ORIENTED_EDGE('',*,*,#17097,.F.);
#17097 = EDGE_CURVE('',#17098,#17098,#17100,.T.);
#17098 = VERTEX_POINT('',#17099);
#17099 = CARTESIAN_POINT('',(4.35,4.503332099679,4.68));
#17100 = SURFACE_CURVE('',#17101,(#17106,#17113),.PCURVE_S1.);
#17101 = CIRCLE('',#17102,1.75);
#17102 = AXIS2_PLACEMENT_3D('',#17103,#17104,#17105);
#17103 = CARTESIAN_POINT('',(2.6,4.503332099679,4.68));
#17104 = DIRECTION('',(0.,-1.224646799147E-16,-1.));
#17105 = DIRECTION('',(1.,0.,0.));
#17106 = PCURVE('',#15435,#17107);
#17107 = DEFINITIONAL_REPRESENTATION('',(#17108),#17112);
#17108 = CIRCLE('',#17109,1.75);
#17109 = AXIS2_PLACEMENT_2D('',#17110,#17111);
#17110 = CARTESIAN_POINT('',(0.,0.));
#17111 = DIRECTION('',(1.,0.));
#17112 = ( GEOMETRIC_REPRESENTATION_CONTEXT(2) 
PARAMETRIC_REPRESENTATION_CONTEXT() REPRESENTATION_CONTEXT('2D SPACE',''
  ) );
#17113 = PCURVE('',#17114,#17119);
#17114 = CONICAL_SURFACE('',#17115,2.269615242271,1.047197551197);
#17115 = AXIS2_PLACEMENT_3D('',#17116,#17117,#17118);
#17116 = CARTESIAN_POINT('',(2.6,4.503332099679,4.98));
#17117 = DIRECTION('',(-0.,1.224646799147E-16,1.));
#17118 = DIRECTION('',(1.,0.,0.));
#17119 = DEFINITIONAL_REPRESENTATION('',(#17120),#17124);
#17120 = LINE('',#17121,#17122);
#17121 = CARTESIAN_POINT('',(-0.,-0.3));
#17122 = VECTOR('',#17123,1.);
#17123 = DIRECTION('',(-1.,-0.));
#17124 = ( GEOMETRIC_REPRESENTATION_CONTEXT(2) 
PARAMETRIC_REPRESENTATION_CONTEXT() REPRESENTATION_CONTEXT('2D SPACE',''
  ) );
#17125 = ADVANCED_FACE('',(#17126,#17129),#15494,.F.);
#17126 = FACE_BOUND('',#17127,.F.);
#17127 = EDGE_LOOP('',(#17128));
#17128 = ORIENTED_EDGE('',*,*,#15479,.F.);
#17129 = FACE_BOUND('',#17130,.F.);
#17130 = EDGE_LOOP('',(#17131));
#17131 = ORIENTED_EDGE('',*,*,#17132,.F.);
#17132 = EDGE_CURVE('',#17133,#17133,#17135,.T.);
#17133 = VERTEX_POINT('',#17134);
#17134 = CARTESIAN_POINT('',(9.55,4.503332099679,4.68));
#17135 = SURFACE_CURVE('',#17136,(#17141,#17148),.PCURVE_S1.);
#17136 = CIRCLE('',#17137,1.75);
#17137 = AXIS2_PLACEMENT_3D('',#17138,#17139,#17140);
#17138 = CARTESIAN_POINT('',(7.8,4.503332099679,4.68));
#17139 = DIRECTION('',(0.,-1.224646799147E-16,-1.));
#17140 = DIRECTION('',(1.,0.,0.));
#17141 = PCURVE('',#15494,#17142);
#17142 = DEFINITIONAL_REPRESENTATION('',(#17143),#17147);
#17143 = CIRCLE('',#17144,1.75);
#17144 = AXIS2_PLACEMENT_2D('',#17145,#17146);
#17145 = CARTESIAN_POINT('',(0.,0.));
#17146 = DIRECTION('',(1.,0.));
#17147 = ( GEOMETRIC_REPRESENTATION_CONTEXT(2) 
PARAMETRIC_REPRESENTATION_CONTEXT() REPRESENTATION_CONTEXT('2D SPACE',''
  ) );
#17148 = PCURVE('',#17149,#17154);
#17149 = CONICAL_SURFACE('',#17150,2.269615242271,1.047197551197);
#17150 = AXIS2_PLACEMENT_3D('',#17151,#17152,#17153);
#17151 = CARTESIAN_POINT('',(7.8,4.503332099679,4.98));
#17152 = DIRECTION('',(-0.,1.224646799147E-16,1.));
#17153 = DIRECTION('',(1.,0.,0.));
#17154 = DEFINITIONAL_REPRESENTATION('',(#17155),#17159);
#17155 = LINE('',#17156,#17157);
#17156 = CARTESIAN_POINT('',(-0.,-0.3));
#17157 = VECTOR('',#17158,1.);
#17158 = DIRECTION('',(-1.,-0.));
#17159 = ( GEOMETRIC_REPRESENTATION_CONTEXT(2) 
PARAMETRIC_REPRESENTATION_CONTEXT() REPRESENTATION_CONTEXT('2D SPACE',''
  ) );
#17160 = ADVANCED_FACE('',(#17161,#17164),#15553,.F.);
#17161 = FACE_BOUND('',#17162,.F.);
#17162 = EDGE_LOOP('',(#17163));
#17163 = ORIENTED_EDGE('',*,*,#15538,.F.);
#17164 = FACE_BOUND('',#17165,.F.);
#17165 = EDGE_LOOP('',(#17166));
#17166 = ORIENTED_EDGE('',*,*,#17167,.F.);
#17167 = EDGE_CURVE('',#17168,#17168,#17170,.T.);
#17168 = VERTEX_POINT('',#17169);
#17169 = CARTESIAN_POINT('',(-8.65,2.057406622568E-16,4.68));
#17170 = SURFACE_CURVE('',#17171,(#17176,#17183),.PCURVE_S1.);
#17171 = CIRCLE('',#17172,1.75);
#17172 = AXIS2_PLACEMENT_3D('',#17173,#17174,#17175);
#17173 = CARTESIAN_POINT('',(-10.4,-2.228857174448E-16,4.68));
#17174 = DIRECTION('',(0.,-1.224646799147E-16,-1.));
#17175 = DIRECTION('',(1.,0.,0.));
#17176 = PCURVE('',#15553,#17177);
#17177 = DEFINITIONAL_REPRESENTATION('',(#17178),#17182);
#17178 = CIRCLE('',#17179,1.75);
#17179 = AXIS2_PLACEMENT_2D('',#17180,#17181);
#17180 = CARTESIAN_POINT('',(0.,0.));
#17181 = DIRECTION('',(1.,0.));
#17182 = ( GEOMETRIC_REPRESENTATION_CONTEXT(2) 
PARAMETRIC_REPRESENTATION_CONTEXT() REPRESENTATION_CONTEXT('2D SPACE',''
  ) );
#17183 = PCURVE('',#17184,#17189);
#17184 = CONICAL_SURFACE('',#17185,2.269615242271,1.047197551197);
#17185 = AXIS2_PLACEMENT_3D('',#17186,#17187,#17188);
#17186 = CARTESIAN_POINT('',(-10.4,-1.861463134704E-16,4.98));
#17187 = DIRECTION('',(-0.,1.224646799147E-16,1.));
#17188 = DIRECTION('',(1.,0.,0.));
#17189 = DEFINITIONAL_REPRESENTATION('',(#17190),#17194);
#17190 = LINE('',#17191,#17192);
#17191 = CARTESIAN_POINT('',(-0.,-0.3));
#17192 = VECTOR('',#17193,1.);
#17193 = DIRECTION('',(-1.,-0.));
#17194 = ( GEOMETRIC_REPRESENTATION_CONTEXT(2) 
PARAMETRIC_REPRESENTATION_CONTEXT() REPRESENTATION_CONTEXT('2D SPACE',''
  ) );
#17195 = ADVANCED_FACE('',(#17196,#17199),#15612,.F.);
#17196 = FACE_BOUND('',#17197,.F.);
#17197 = EDGE_LOOP('',(#17198));
#17198 = ORIENTED_EDGE('',*,*,#15597,.F.);
#17199 = FACE_BOUND('',#17200,.F.);
#17200 = EDGE_LOOP('',(#17201));
#17201 = ORIENTED_EDGE('',*,*,#17202,.F.);
#17202 = EDGE_CURVE('',#17203,#17203,#17205,.T.);
#17203 = VERTEX_POINT('',#17204);
#17204 = CARTESIAN_POINT('',(-6.05,-4.503332099679,4.68));
#17205 = SURFACE_CURVE('',#17206,(#17211,#17218),.PCURVE_S1.);
#17206 = CIRCLE('',#17207,1.75);
#17207 = AXIS2_PLACEMENT_3D('',#17208,#17209,#17210);
#17208 = CARTESIAN_POINT('',(-7.8,-4.503332099679,4.68));
#17209 = DIRECTION('',(0.,-1.224646799147E-16,-1.));
#17210 = DIRECTION('',(1.,0.,0.));
#17211 = PCURVE('',#15612,#17212);
#17212 = DEFINITIONAL_REPRESENTATION('',(#17213),#17217);
#17213 = CIRCLE('',#17214,1.75);
#17214 = AXIS2_PLACEMENT_2D('',#17215,#17216);
#17215 = CARTESIAN_POINT('',(0.,0.));
#17216 = DIRECTION('',(1.,0.));
#17217 = ( GEOMETRIC_REPRESENTATION_CONTEXT(2) 
PARAMETRIC_REPRESENTATION_CONTEXT() REPRESENTATION_CONTEXT('2D SPACE',''
  ) );
#17218 = PCURVE('',#17219,#17224);
#17219 = CONICAL_SURFACE('',#17220,2.269615242271,1.047197551197);
#17220 = AXIS2_PLACEMENT_3D('',#17221,#17222,#17223);
#17221 = CARTESIAN_POINT('',(-7.8,-4.503332099679,4.98));
#17222 = DIRECTION('',(-0.,1.224646799147E-16,1.));
#17223 = DIRECTION('',(1.,0.,0.));
#17224 = DEFINITIONAL_REPRESENTATION('',(#17225),#17229);
#17225 = LINE('',#17226,#17227);
#17226 = CARTESIAN_POINT('',(-0.,-0.3));
#17227 = VECTOR('',#17228,1.);
#17228 = DIRECTION('',(-1.,-0.));
#17229 = ( GEOMETRIC_REPRESENTATION_CONTEXT(2) 
PARAMETRIC_REPRESENTATION_CONTEXT() REPRESENTATION_CONTEXT('2D SPACE',''
  ) );
#17230 = ADVANCED_FACE('',(#17231,#17234),#15671,.F.);
#17231 = FACE_BOUND('',#17232,.F.);
#17232 = EDGE_LOOP('',(#17233));
#17233 = ORIENTED_EDGE('',*,*,#15656,.F.);
#17234 = FACE_BOUND('',#17235,.F.);
#17235 = EDGE_LOOP('',(#17236));
#17236 = ORIENTED_EDGE('',*,*,#17237,.F.);
#17237 = EDGE_CURVE('',#17238,#17238,#17240,.T.);
#17238 = VERTEX_POINT('',#17239);
#17239 = CARTESIAN_POINT('',(-3.45,2.057406622568E-16,4.68));
#17240 = SURFACE_CURVE('',#17241,(#17246,#17253),.PCURVE_S1.);
#17241 = CIRCLE('',#17242,1.75);
#17242 = AXIS2_PLACEMENT_3D('',#17243,#17244,#17245);
#17243 = CARTESIAN_POINT('',(-5.2,-2.228857174448E-16,4.68));
#17244 = DIRECTION('',(0.,-1.224646799147E-16,-1.));
#17245 = DIRECTION('',(1.,0.,0.));
#17246 = PCURVE('',#15671,#17247);
#17247 = DEFINITIONAL_REPRESENTATION('',(#17248),#17252);
#17248 = CIRCLE('',#17249,1.75);
#17249 = AXIS2_PLACEMENT_2D('',#17250,#17251);
#17250 = CARTESIAN_POINT('',(0.,0.));
#17251 = DIRECTION('',(1.,0.));
#17252 = ( GEOMETRIC_REPRESENTATION_CONTEXT(2) 
PARAMETRIC_REPRESENTATION_CONTEXT() REPRESENTATION_CONTEXT('2D SPACE',''
  ) );
#17253 = PCURVE('',#17254,#17259);
#17254 = CONICAL_SURFACE('',#17255,2.269615242271,1.047197551197);
#17255 = AXIS2_PLACEMENT_3D('',#17256,#17257,#17258);
#17256 = CARTESIAN_POINT('',(-5.2,-1.861463134704E-16,4.98));
#17257 = DIRECTION('',(-0.,1.224646799147E-16,1.));
#17258 = DIRECTION('',(1.,0.,0.));
#17259 = DEFINITIONAL_REPRESENTATION('',(#17260),#17264);
#17260 = LINE('',#17261,#17262);
#17261 = CARTESIAN_POINT('',(-0.,-0.3));
#17262 = VECTOR('',#17263,1.);
#17263 = DIRECTION('',(-1.,-0.));
#17264 = ( GEOMETRIC_REPRESENTATION_CONTEXT(2) 
PARAMETRIC_REPRESENTATION_CONTEXT() REPRESENTATION_CONTEXT('2D SPACE',''
  ) );
#17265 = ADVANCED_FACE('',(#17266,#17269),#15730,.F.);
#17266 = FACE_BOUND('',#17267,.F.);
#17267 = EDGE_LOOP('',(#17268));
#17268 = ORIENTED_EDGE('',*,*,#15715,.F.);
#17269 = FACE_BOUND('',#17270,.F.);
#17270 = EDGE_LOOP('',(#17271));
#17271 = ORIENTED_EDGE('',*,*,#17272,.F.);
#17272 = EDGE_CURVE('',#17273,#17273,#17275,.T.);
#17273 = VERTEX_POINT('',#17274);
#17274 = CARTESIAN_POINT('',(-0.85,-4.503332099679,4.68));
#17275 = SURFACE_CURVE('',#17276,(#17281,#17288),.PCURVE_S1.);
#17276 = CIRCLE('',#17277,1.75);
#17277 = AXIS2_PLACEMENT_3D('',#17278,#17279,#17280);
#17278 = CARTESIAN_POINT('',(-2.6,-4.503332099679,4.68));
#17279 = DIRECTION('',(0.,-1.224646799147E-16,-1.));
#17280 = DIRECTION('',(1.,0.,0.));
#17281 = PCURVE('',#15730,#17282);
#17282 = DEFINITIONAL_REPRESENTATION('',(#17283),#17287);
#17283 = CIRCLE('',#17284,1.75);
#17284 = AXIS2_PLACEMENT_2D('',#17285,#17286);
#17285 = CARTESIAN_POINT('',(0.,0.));
#17286 = DIRECTION('',(1.,0.));
#17287 = ( GEOMETRIC_REPRESENTATION_CONTEXT(2) 
PARAMETRIC_REPRESENTATION_CONTEXT() REPRESENTATION_CONTEXT('2D SPACE',''
  ) );
#17288 = PCURVE('',#17289,#17294);
#17289 = CONICAL_SURFACE('',#17290,2.269615242271,1.047197551197);
#17290 = AXIS2_PLACEMENT_3D('',#17291,#17292,#17293);
#17291 = CARTESIAN_POINT('',(-2.6,-4.503332099679,4.98));
#17292 = DIRECTION('',(-0.,1.224646799147E-16,1.));
#17293 = DIRECTION('',(1.,0.,0.));
#17294 = DEFINITIONAL_REPRESENTATION('',(#17295),#17299);
#17295 = LINE('',#17296,#17297);
#17296 = CARTESIAN_POINT('',(-0.,-0.3));
#17297 = VECTOR('',#17298,1.);
#17298 = DIRECTION('',(-1.,-0.));
#17299 = ( GEOMETRIC_REPRESENTATION_CONTEXT(2) 
PARAMETRIC_REPRESENTATION_CONTEXT() REPRESENTATION_CONTEXT('2D SPACE',''
  ) );
#17300 = ADVANCED_FACE('',(#17301,#17304),#15789,.F.);
#17301 = FACE_BOUND('',#17302,.F.);
#17302 = EDGE_LOOP('',(#17303));
#17303 = ORIENTED_EDGE('',*,*,#15774,.F.);
#17304 = FACE_BOUND('',#17305,.F.);
#17305 = EDGE_LOOP('',(#17306));
#17306 = ORIENTED_EDGE('',*,*,#17307,.F.);
#17307 = EDGE_CURVE('',#17308,#17308,#17310,.T.);
#17308 = VERTEX_POINT('',#17309);
#17309 = CARTESIAN_POINT('',(-3.45,-9.006664199358,4.68));
#17310 = SURFACE_CURVE('',#17311,(#17316,#17323),.PCURVE_S1.);
#17311 = CIRCLE('',#17312,1.75);
#17312 = AXIS2_PLACEMENT_3D('',#17313,#17314,#17315);
#17313 = CARTESIAN_POINT('',(-5.2,-9.006664199358,4.68));
#17314 = DIRECTION('',(0.,-1.224646799147E-16,-1.));
#17315 = DIRECTION('',(1.,0.,0.));
#17316 = PCURVE('',#15789,#17317);
#17317 = DEFINITIONAL_REPRESENTATION('',(#17318),#17322);
#17318 = CIRCLE('',#17319,1.75);
#17319 = AXIS2_PLACEMENT_2D('',#17320,#17321);
#17320 = CARTESIAN_POINT('',(0.,0.));
#17321 = DIRECTION('',(1.,0.));
#17322 = ( GEOMETRIC_REPRESENTATION_CONTEXT(2) 
PARAMETRIC_REPRESENTATION_CONTEXT() REPRESENTATION_CONTEXT('2D SPACE',''
  ) );
#17323 = PCURVE('',#17324,#17329);
#17324 = CONICAL_SURFACE('',#17325,2.269615242271,1.047197551197);
#17325 = AXIS2_PLACEMENT_3D('',#17326,#17327,#17328);
#17326 = CARTESIAN_POINT('',(-5.2,-9.006664199358,4.98));
#17327 = DIRECTION('',(-0.,1.224646799147E-16,1.));
#17328 = DIRECTION('',(1.,0.,0.));
#17329 = DEFINITIONAL_REPRESENTATION('',(#17330),#17334);
#17330 = LINE('',#17331,#17332);
#17331 = CARTESIAN_POINT('',(-0.,-0.3));
#17332 = VECTOR('',#17333,1.);
#17333 = DIRECTION('',(-1.,-0.));
#17334 = ( GEOMETRIC_REPRESENTATION_CONTEXT(2) 
PARAMETRIC_REPRESENTATION_CONTEXT() REPRESENTATION_CONTEXT('2D SPACE',''
  ) );
#17335 = ADVANCED_FACE('',(#17336,#17339),#15848,.F.);
#17336 = FACE_BOUND('',#17337,.F.);
#17337 = EDGE_LOOP('',(#17338));
#17338 = ORIENTED_EDGE('',*,*,#15833,.F.);
#17339 = FACE_BOUND('',#17340,.F.);
#17340 = EDGE_LOOP('',(#17341));
#17341 = ORIENTED_EDGE('',*,*,#17342,.F.);
#17342 = EDGE_CURVE('',#17343,#17343,#17345,.T.);
#17343 = VERTEX_POINT('',#17344);
#17344 = CARTESIAN_POINT('',(1.75,2.057406622568E-16,4.68));
#17345 = SURFACE_CURVE('',#17346,(#17351,#17358),.PCURVE_S1.);
#17346 = CIRCLE('',#17347,1.75);
#17347 = AXIS2_PLACEMENT_3D('',#17348,#17349,#17350);
#17348 = CARTESIAN_POINT('',(0.,-2.228857174448E-16,4.68));
#17349 = DIRECTION('',(0.,-1.224646799147E-16,-1.));
#17350 = DIRECTION('',(1.,0.,0.));
#17351 = PCURVE('',#15848,#17352);
#17352 = DEFINITIONAL_REPRESENTATION('',(#17353),#17357);
#17353 = CIRCLE('',#17354,1.75);
#17354 = AXIS2_PLACEMENT_2D('',#17355,#17356);
#17355 = CARTESIAN_POINT('',(0.,0.));
#17356 = DIRECTION('',(1.,0.));
#17357 = ( GEOMETRIC_REPRESENTATION_CONTEXT(2) 
PARAMETRIC_REPRESENTATION_CONTEXT() REPRESENTATION_CONTEXT('2D SPACE',''
  ) );
#17358 = PCURVE('',#17359,#17364);
#17359 = CONICAL_SURFACE('',#17360,2.269615242271,1.047197551197);
#17360 = AXIS2_PLACEMENT_3D('',#17361,#17362,#17363);
#17361 = CARTESIAN_POINT('',(0.,-1.861463134704E-16,4.98));
#17362 = DIRECTION('',(-0.,1.224646799147E-16,1.));
#17363 = DIRECTION('',(1.,0.,0.));
#17364 = DEFINITIONAL_REPRESENTATION('',(#17365),#17369);
#17365 = LINE('',#17366,#17367);
#17366 = CARTESIAN_POINT('',(-0.,-0.3));
#17367 = VECTOR('',#17368,1.);
#17368 = DIRECTION('',(-1.,-0.));
#17369 = ( GEOMETRIC_REPRESENTATION_CONTEXT(2) 
PARAMETRIC_REPRESENTATION_CONTEXT() REPRESENTATION_CONTEXT('2D SPACE',''
  ) );
#17370 = ADVANCED_FACE('',(#17371,#17374),#15907,.F.);
#17371 = FACE_BOUND('',#17372,.F.);
#17372 = EDGE_LOOP('',(#17373));
#17373 = ORIENTED_EDGE('',*,*,#15892,.F.);
#17374 = FACE_BOUND('',#17375,.F.);
#17375 = EDGE_LOOP('',(#17376));
#17376 = ORIENTED_EDGE('',*,*,#17377,.F.);
#17377 = EDGE_CURVE('',#17378,#17378,#17380,.T.);
#17378 = VERTEX_POINT('',#17379);
#17379 = CARTESIAN_POINT('',(6.95,2.057406622568E-16,4.68));
#17380 = SURFACE_CURVE('',#17381,(#17386,#17393),.PCURVE_S1.);
#17381 = CIRCLE('',#17382,1.75);
#17382 = AXIS2_PLACEMENT_3D('',#17383,#17384,#17385);
#17383 = CARTESIAN_POINT('',(5.2,-2.228857174448E-16,4.68));
#17384 = DIRECTION('',(0.,-1.224646799147E-16,-1.));
#17385 = DIRECTION('',(1.,0.,0.));
#17386 = PCURVE('',#15907,#17387);
#17387 = DEFINITIONAL_REPRESENTATION('',(#17388),#17392);
#17388 = CIRCLE('',#17389,1.75);
#17389 = AXIS2_PLACEMENT_2D('',#17390,#17391);
#17390 = CARTESIAN_POINT('',(0.,0.));
#17391 = DIRECTION('',(1.,0.));
#17392 = ( GEOMETRIC_REPRESENTATION_CONTEXT(2) 
PARAMETRIC_REPRESENTATION_CONTEXT() REPRESENTATION_CONTEXT('2D SPACE',''
  ) );
#17393 = PCURVE('',#17394,#17399);
#17394 = CONICAL_SURFACE('',#17395,2.269615242271,1.047197551197);
#17395 = AXIS2_PLACEMENT_3D('',#17396,#17397,#17398);
#17396 = CARTESIAN_POINT('',(5.2,-1.861463134704E-16,4.98));
#17397 = DIRECTION('',(-0.,1.224646799147E-16,1.));
#17398 = DIRECTION('',(1.,0.,0.));
#17399 = DEFINITIONAL_REPRESENTATION('',(#17400),#17404);
#17400 = LINE('',#17401,#17402);
#17401 = CARTESIAN_POINT('',(-0.,-0.3));
#17402 = VECTOR('',#17403,1.);
#17403 = DIRECTION('',(-1.,-0.));
#17404 = ( GEOMETRIC_REPRESENTATION_CONTEXT(2) 
PARAMETRIC_REPRESENTATION_CONTEXT() REPRESENTATION_CONTEXT('2D SPACE',''
  ) );
#17405 = ADVANCED_FACE('',(#17406,#17409),#15966,.F.);
#17406 = FACE_BOUND('',#17407,.F.);
#17407 = EDGE_LOOP('',(#17408));
#17408 = ORIENTED_EDGE('',*,*,#15951,.F.);
#17409 = FACE_BOUND('',#17410,.F.);
#17410 = EDGE_LOOP('',(#17411));
#17411 = ORIENTED_EDGE('',*,*,#17412,.F.);
#17412 = EDGE_CURVE('',#17413,#17413,#17415,.T.);
#17413 = VERTEX_POINT('',#17414);
#17414 = CARTESIAN_POINT('',(4.35,-4.503332099679,4.68));
#17415 = SURFACE_CURVE('',#17416,(#17421,#17428),.PCURVE_S1.);
#17416 = CIRCLE('',#17417,1.75);
#17417 = AXIS2_PLACEMENT_3D('',#17418,#17419,#17420);
#17418 = CARTESIAN_POINT('',(2.6,-4.503332099679,4.68));
#17419 = DIRECTION('',(0.,-1.224646799147E-16,-1.));
#17420 = DIRECTION('',(1.,0.,0.));
#17421 = PCURVE('',#15966,#17422);
#17422 = DEFINITIONAL_REPRESENTATION('',(#17423),#17427);
#17423 = CIRCLE('',#17424,1.75);
#17424 = AXIS2_PLACEMENT_2D('',#17425,#17426);
#17425 = CARTESIAN_POINT('',(0.,0.));
#17426 = DIRECTION('',(1.,0.));
#17427 = ( GEOMETRIC_REPRESENTATION_CONTEXT(2) 
PARAMETRIC_REPRESENTATION_CONTEXT() REPRESENTATION_CONTEXT('2D SPACE',''
  ) );
#17428 = PCURVE('',#17429,#17434);
#17429 = CONICAL_SURFACE('',#17430,2.269615242271,1.047197551197);
#17430 = AXIS2_PLACEMENT_3D('',#17431,#17432,#17433);
#17431 = CARTESIAN_POINT('',(2.6,-4.503332099679,4.98));
#17432 = DIRECTION('',(-0.,1.224646799147E-16,1.));
#17433 = DIRECTION('',(1.,0.,0.));
#17434 = DEFINITIONAL_REPRESENTATION('',(#17435),#17439);
#17435 = LINE('',#17436,#17437);
#17436 = CARTESIAN_POINT('',(-0.,-0.3));
#17437 = VECTOR('',#17438,1.);
#17438 = DIRECTION('',(-1.,-0.));
#17439 = ( GEOMETRIC_REPRESENTATION_CONTEXT(2) 
PARAMETRIC_REPRESENTATION_CONTEXT() REPRESENTATION_CONTEXT('2D SPACE',''
  ) );
#17440 = ADVANCED_FACE('',(#17441,#17444),#16025,.F.);
#17441 = FACE_BOUND('',#17442,.F.);
#17442 = EDGE_LOOP('',(#17443));
#17443 = ORIENTED_EDGE('',*,*,#16010,.F.);
#17444 = FACE_BOUND('',#17445,.F.);
#17445 = EDGE_LOOP('',(#17446));
#17446 = ORIENTED_EDGE('',*,*,#17447,.F.);
#17447 = EDGE_CURVE('',#17448,#17448,#17450,.T.);
#17448 = VERTEX_POINT('',#17449);
#17449 = CARTESIAN_POINT('',(12.15,2.057406622568E-16,4.68));
#17450 = SURFACE_CURVE('',#17451,(#17456,#17463),.PCURVE_S1.);
#17451 = CIRCLE('',#17452,1.75);
#17452 = AXIS2_PLACEMENT_3D('',#17453,#17454,#17455);
#17453 = CARTESIAN_POINT('',(10.4,-2.228857174448E-16,4.68));
#17454 = DIRECTION('',(0.,-1.224646799147E-16,-1.));
#17455 = DIRECTION('',(1.,0.,0.));
#17456 = PCURVE('',#16025,#17457);
#17457 = DEFINITIONAL_REPRESENTATION('',(#17458),#17462);
#17458 = CIRCLE('',#17459,1.75);
#17459 = AXIS2_PLACEMENT_2D('',#17460,#17461);
#17460 = CARTESIAN_POINT('',(0.,0.));
#17461 = DIRECTION('',(1.,0.));
#17462 = ( GEOMETRIC_REPRESENTATION_CONTEXT(2) 
PARAMETRIC_REPRESENTATION_CONTEXT() REPRESENTATION_CONTEXT('2D SPACE',''
  ) );
#17463 = PCURVE('',#17464,#17469);
#17464 = CONICAL_SURFACE('',#17465,2.269615242271,1.047197551197);
#17465 = AXIS2_PLACEMENT_3D('',#17466,#17467,#17468);
#17466 = CARTESIAN_POINT('',(10.4,-1.861463134704E-16,4.98));
#17467 = DIRECTION('',(-0.,1.224646799147E-16,1.));
#17468 = DIRECTION('',(1.,0.,0.));
#17469 = DEFINITIONAL_REPRESENTATION('',(#17470),#17474);
#17470 = LINE('',#17471,#17472);
#17471 = CARTESIAN_POINT('',(-0.,-0.3));
#17472 = VECTOR('',#17473,1.);
#17473 = DIRECTION('',(-1.,-0.));
#17474 = ( GEOMETRIC_REPRESENTATION_CONTEXT(2) 
PARAMETRIC_REPRESENTATION_CONTEXT() REPRESENTATION_CONTEXT('2D SPACE',''
  ) );
#17475 = ADVANCED_FACE('',(#17476,#17479),#16084,.F.);
#17476 = FACE_BOUND('',#17477,.F.);
#17477 = EDGE_LOOP('',(#17478));
#17478 = ORIENTED_EDGE('',*,*,#16069,.F.);
#17479 = FACE_BOUND('',#17480,.F.);
#17480 = EDGE_LOOP('',(#17481));
#17481 = ORIENTED_EDGE('',*,*,#17482,.F.);
#17482 = EDGE_CURVE('',#17483,#17483,#17485,.T.);
#17483 = VERTEX_POINT('',#17484);
#17484 = CARTESIAN_POINT('',(9.55,-4.503332099679,4.68));
#17485 = SURFACE_CURVE('',#17486,(#17491,#17498),.PCURVE_S1.);
#17486 = CIRCLE('',#17487,1.75);
#17487 = AXIS2_PLACEMENT_3D('',#17488,#17489,#17490);
#17488 = CARTESIAN_POINT('',(7.8,-4.503332099679,4.68));
#17489 = DIRECTION('',(0.,-1.224646799147E-16,-1.));
#17490 = DIRECTION('',(1.,0.,0.));
#17491 = PCURVE('',#16084,#17492);
#17492 = DEFINITIONAL_REPRESENTATION('',(#17493),#17497);
#17493 = CIRCLE('',#17494,1.75);
#17494 = AXIS2_PLACEMENT_2D('',#17495,#17496);
#17495 = CARTESIAN_POINT('',(0.,0.));
#17496 = DIRECTION('',(1.,0.));
#17497 = ( GEOMETRIC_REPRESENTATION_CONTEXT(2) 
PARAMETRIC_REPRESENTATION_CONTEXT() REPRESENTATION_CONTEXT('2D SPACE',''
  ) );
#17498 = PCURVE('',#17499,#17504);
#17499 = CONICAL_SURFACE('',#17500,2.269615242271,1.047197551197);
#17500 = AXIS2_PLACEMENT_3D('',#17501,#17502,#17503);
#17501 = CARTESIAN_POINT('',(7.8,-4.503332099679,4.98));
#17502 = DIRECTION('',(-0.,1.224646799147E-16,1.));
#17503 = DIRECTION('',(1.,0.,0.));
#17504 = DEFINITIONAL_REPRESENTATION('',(#17505),#17509);
#17505 = LINE('',#17506,#17507);
#17506 = CARTESIAN_POINT('',(-0.,-0.3));
#17507 = VECTOR('',#17508,1.);
#17508 = DIRECTION('',(-1.,-0.));
#17509 = ( GEOMETRIC_REPRESENTATION_CONTEXT(2) 
PARAMETRIC_REPRESENTATION_CONTEXT() REPRESENTATION_CONTEXT('2D SPACE',''
  ) );
#17510 = ADVANCED_FACE('',(#17511,#17514),#16143,.F.);
#17511 = FACE_BOUND('',#17512,.F.);
#17512 = EDGE_LOOP('',(#17513));
#17513 = ORIENTED_EDGE('',*,*,#16128,.F.);
#17514 = FACE_BOUND('',#17515,.F.);
#17515 = EDGE_LOOP('',(#17516));
#17516 = ORIENTED_EDGE('',*,*,#17517,.F.);
#17517 = EDGE_CURVE('',#17518,#17518,#17520,.T.);
#17518 = VERTEX_POINT('',#17519);
#17519 = CARTESIAN_POINT('',(1.75,-9.006664199358,4.68));
#17520 = SURFACE_CURVE('',#17521,(#17526,#17533),.PCURVE_S1.);
#17521 = CIRCLE('',#17522,1.75);
#17522 = AXIS2_PLACEMENT_3D('',#17523,#17524,#17525);
#17523 = CARTESIAN_POINT('',(0.,-9.006664199358,4.68));
#17524 = DIRECTION('',(0.,-1.224646799147E-16,-1.));
#17525 = DIRECTION('',(1.,0.,0.));
#17526 = PCURVE('',#16143,#17527);
#17527 = DEFINITIONAL_REPRESENTATION('',(#17528),#17532);
#17528 = CIRCLE('',#17529,1.75);
#17529 = AXIS2_PLACEMENT_2D('',#17530,#17531);
#17530 = CARTESIAN_POINT('',(0.,0.));
#17531 = DIRECTION('',(1.,0.));
#17532 = ( GEOMETRIC_REPRESENTATION_CONTEXT(2) 
PARAMETRIC_REPRESENTATION_CONTEXT() REPRESENTATION_CONTEXT('2D SPACE',''
  ) );
#17533 = PCURVE('',#17534,#17539);
#17534 = CONICAL_SURFACE('',#17535,2.269615242271,1.047197551197);
#17535 = AXIS2_PLACEMENT_3D('',#17536,#17537,#17538);
#17536 = CARTESIAN_POINT('',(0.,-9.006664199358,4.98));
#17537 = DIRECTION('',(-0.,1.224646799147E-16,1.));
#17538 = DIRECTION('',(1.,0.,0.));
#17539 = DEFINITIONAL_REPRESENTATION('',(#17540),#17544);
#17540 = LINE('',#17541,#17542);
#17541 = CARTESIAN_POINT('',(-0.,-0.3));
#17542 = VECTOR('',#17543,1.);
#17543 = DIRECTION('',(-1.,-0.));
#17544 = ( GEOMETRIC_REPRESENTATION_CONTEXT(2) 
PARAMETRIC_REPRESENTATION_CONTEXT() REPRESENTATION_CONTEXT('2D SPACE',''
  ) );
#17545 = ADVANCED_FACE('',(#17546,#17549),#16202,.F.);
#17546 = FACE_BOUND('',#17547,.F.);
#17547 = EDGE_LOOP('',(#17548));
#17548 = ORIENTED_EDGE('',*,*,#16187,.F.);
#17549 = FACE_BOUND('',#17550,.F.);
#17550 = EDGE_LOOP('',(#17551));
#17551 = ORIENTED_EDGE('',*,*,#17552,.F.);
#17552 = EDGE_CURVE('',#17553,#17553,#17555,.T.);
#17553 = VERTEX_POINT('',#17554);
#17554 = CARTESIAN_POINT('',(6.95,-9.006664199358,4.68));
#17555 = SURFACE_CURVE('',#17556,(#17561,#17568),.PCURVE_S1.);
#17556 = CIRCLE('',#17557,1.75);
#17557 = AXIS2_PLACEMENT_3D('',#17558,#17559,#17560);
#17558 = CARTESIAN_POINT('',(5.2,-9.006664199358,4.68));
#17559 = DIRECTION('',(0.,-1.224646799147E-16,-1.));
#17560 = DIRECTION('',(1.,0.,0.));
#17561 = PCURVE('',#16202,#17562);
#17562 = DEFINITIONAL_REPRESENTATION('',(#17563),#17567);
#17563 = CIRCLE('',#17564,1.75);
#17564 = AXIS2_PLACEMENT_2D('',#17565,#17566);
#17565 = CARTESIAN_POINT('',(0.,0.));
#17566 = DIRECTION('',(1.,0.));
#17567 = ( GEOMETRIC_REPRESENTATION_CONTEXT(2) 
PARAMETRIC_REPRESENTATION_CONTEXT() REPRESENTATION_CONTEXT('2D SPACE',''
  ) );
#17568 = PCURVE('',#17569,#17574);
#17569 = CONICAL_SURFACE('',#17570,2.269615242271,1.047197551197);
#17570 = AXIS2_PLACEMENT_3D('',#17571,#17572,#17573);
#17571 = CARTESIAN_POINT('',(5.2,-9.006664199358,4.98));
#17572 = DIRECTION('',(-0.,1.224646799147E-16,1.));
#17573 = DIRECTION('',(1.,0.,0.));
#17574 = DEFINITIONAL_REPRESENTATION('',(#17575),#17579);
#17575 = LINE('',#17576,#17577);
#17576 = CARTESIAN_POINT('',(-0.,-0.3));
#17577 = VECTOR('',#17578,1.);
#17578 = DIRECTION('',(-1.,-0.));
#17579 = ( GEOMETRIC_REPRESENTATION_CONTEXT(2) 
PARAMETRIC_REPRESENTATION_CONTEXT() REPRESENTATION_CONTEXT('2D SPACE',''
  ) );
#17580 = ADVANCED_FACE('',(#17581),#16284,.T.);
#17581 = FACE_BOUND('',#17582,.T.);
#17582 = EDGE_LOOP('',(#17583,#17584,#17585,#17586,#17587,#17588,#17589)
  );
#17583 = ORIENTED_EDGE('',*,*,#16547,.T.);
#17584 = ORIENTED_EDGE('',*,*,#16270,.T.);
#17585 = ORIENTED_EDGE('',*,*,#16324,.T.);
#17586 = ORIENTED_EDGE('',*,*,#16373,.T.);
#17587 = ORIENTED_EDGE('',*,*,#16422,.T.);
#17588 = ORIENTED_EDGE('',*,*,#16471,.T.);
#17589 = ORIENTED_EDGE('',*,*,#16520,.T.);
#17590 = ADVANCED_FACE('',(#17591),#16632,.T.);
#17591 = FACE_BOUND('',#17592,.T.);
#17592 = EDGE_LOOP('',(#17593,#17594,#17595,#17596,#17597,#17598,#17599)
  );
#17593 = ORIENTED_EDGE('',*,*,#16895,.T.);
#17594 = ORIENTED_EDGE('',*,*,#16618,.T.);
#17595 = ORIENTED_EDGE('',*,*,#16672,.T.);
#17596 = ORIENTED_EDGE('',*,*,#16721,.T.);
#17597 = ORIENTED_EDGE('',*,*,#16770,.T.);
#17598 = ORIENTED_EDGE('',*,*,#16819,.T.);
#17599 = ORIENTED_EDGE('',*,*,#16868,.T.);
#17600 = ADVANCED_FACE('',(#17601),#16939,.F.);
#17601 = FACE_BOUND('',#17602,.F.);
#17602 = EDGE_LOOP('',(#17603,#17626,#17627));
#17603 = ORIENTED_EDGE('',*,*,#17604,.T.);
#17604 = EDGE_CURVE('',#16923,#17605,#17607,.T.);
#17605 = VERTEX_POINT('',#17606);
#17606 = CARTESIAN_POINT('',(-5.2,9.006664199358,3.669637028918));
#17607 = SEAM_CURVE('',#17608,(#17612,#17619),.PCURVE_S1.);
#17608 = LINE('',#17609,#17610);
#17609 = CARTESIAN_POINT('',(-2.930384757729,9.006664199358,4.98));
#17610 = VECTOR('',#17611,1.);
#17611 = DIRECTION('',(-0.866025403784,-2.733473877023E-16,-0.5));
#17612 = PCURVE('',#16939,#17613);
#17613 = DEFINITIONAL_REPRESENTATION('',(#17614),#17618);
#17614 = LINE('',#17615,#17616);
#17615 = CARTESIAN_POINT('',(-6.28318530718,0.));
#17616 = VECTOR('',#17617,1.);
#17617 = DIRECTION('',(-0.,-1.));
#17618 = ( GEOMETRIC_REPRESENTATION_CONTEXT(2) 
PARAMETRIC_REPRESENTATION_CONTEXT() REPRESENTATION_CONTEXT('2D SPACE',''
  ) );
#17619 = PCURVE('',#16939,#17620);
#17620 = DEFINITIONAL_REPRESENTATION('',(#17621),#17625);
#17621 = LINE('',#17622,#17623);
#17622 = CARTESIAN_POINT('',(0.,-0.));
#17623 = VECTOR('',#17624,1.);
#17624 = DIRECTION('',(-0.,-1.));
#17625 = ( GEOMETRIC_REPRESENTATION_CONTEXT(2) 
PARAMETRIC_REPRESENTATION_CONTEXT() REPRESENTATION_CONTEXT('2D SPACE',''
  ) );
#17626 = ORIENTED_EDGE('',*,*,#17604,.F.);
#17627 = ORIENTED_EDGE('',*,*,#16922,.T.);
#17628 = ADVANCED_FACE('',(#17629),#16974,.F.);
#17629 = FACE_BOUND('',#17630,.F.);
#17630 = EDGE_LOOP('',(#17631,#17654,#17655));
#17631 = ORIENTED_EDGE('',*,*,#17632,.T.);
#17632 = EDGE_CURVE('',#16958,#17633,#17635,.T.);
#17633 = VERTEX_POINT('',#17634);
#17634 = CARTESIAN_POINT('',(-7.8,4.503332099679,3.669637028918));
#17635 = SEAM_CURVE('',#17636,(#17640,#17647),.PCURVE_S1.);
#17636 = LINE('',#17637,#17638);
#17637 = CARTESIAN_POINT('',(-5.530384757729,4.503332099679,4.98));
#17638 = VECTOR('',#17639,1.);
#17639 = DIRECTION('',(-0.866025403784,-2.733473877023E-16,-0.5));
#17640 = PCURVE('',#16974,#17641);
#17641 = DEFINITIONAL_REPRESENTATION('',(#17642),#17646);
#17642 = LINE('',#17643,#17644);
#17643 = CARTESIAN_POINT('',(-6.28318530718,0.));
#17644 = VECTOR('',#17645,1.);
#17645 = DIRECTION('',(-0.,-1.));
#17646 = ( GEOMETRIC_REPRESENTATION_CONTEXT(2) 
PARAMETRIC_REPRESENTATION_CONTEXT() REPRESENTATION_CONTEXT('2D SPACE',''
  ) );
#17647 = PCURVE('',#16974,#17648);
#17648 = DEFINITIONAL_REPRESENTATION('',(#17649),#17653);
#17649 = LINE('',#17650,#17651);
#17650 = CARTESIAN_POINT('',(0.,-0.));
#17651 = VECTOR('',#17652,1.);
#17652 = DIRECTION('',(-0.,-1.));
#17653 = ( GEOMETRIC_REPRESENTATION_CONTEXT(2) 
PARAMETRIC_REPRESENTATION_CONTEXT() REPRESENTATION_CONTEXT('2D SPACE',''
  ) );
#17654 = ORIENTED_EDGE('',*,*,#17632,.F.);
#17655 = ORIENTED_EDGE('',*,*,#16957,.T.);
#17656 = ADVANCED_FACE('',(#17657),#17009,.F.);
#17657 = FACE_BOUND('',#17658,.F.);
#17658 = EDGE_LOOP('',(#17659,#17682,#17683));
#17659 = ORIENTED_EDGE('',*,*,#17660,.T.);
#17660 = EDGE_CURVE('',#16993,#17661,#17663,.T.);
#17661 = VERTEX_POINT('',#17662);
#17662 = CARTESIAN_POINT('',(-2.6,4.503332099679,3.669637028918));
#17663 = SEAM_CURVE('',#17664,(#17668,#17675),.PCURVE_S1.);
#17664 = LINE('',#17665,#17666);
#17665 = CARTESIAN_POINT('',(-0.330384757729,4.503332099679,4.98));
#17666 = VECTOR('',#17667,1.);
#17667 = DIRECTION('',(-0.866025403784,-2.733473877023E-16,-0.5));
#17668 = PCURVE('',#17009,#17669);
#17669 = DEFINITIONAL_REPRESENTATION('',(#17670),#17674);
#17670 = LINE('',#17671,#17672);
#17671 = CARTESIAN_POINT('',(-6.28318530718,0.));
#17672 = VECTOR('',#17673,1.);
#17673 = DIRECTION('',(-0.,-1.));
#17674 = ( GEOMETRIC_REPRESENTATION_CONTEXT(2) 
PARAMETRIC_REPRESENTATION_CONTEXT() REPRESENTATION_CONTEXT('2D SPACE',''
  ) );
#17675 = PCURVE('',#17009,#17676);
#17676 = DEFINITIONAL_REPRESENTATION('',(#17677),#17681);
#17677 = LINE('',#17678,#17679);
#17678 = CARTESIAN_POINT('',(0.,-0.));
#17679 = VECTOR('',#17680,1.);
#17680 = DIRECTION('',(-0.,-1.));
#17681 = ( GEOMETRIC_REPRESENTATION_CONTEXT(2) 
PARAMETRIC_REPRESENTATION_CONTEXT() REPRESENTATION_CONTEXT('2D SPACE',''
  ) );
#17682 = ORIENTED_EDGE('',*,*,#17660,.F.);
#17683 = ORIENTED_EDGE('',*,*,#16992,.T.);
#17684 = ADVANCED_FACE('',(#17685),#17044,.F.);
#17685 = FACE_BOUND('',#17686,.F.);
#17686 = EDGE_LOOP('',(#17687,#17710,#17711));
#17687 = ORIENTED_EDGE('',*,*,#17688,.T.);
#17688 = EDGE_CURVE('',#17028,#17689,#17691,.T.);
#17689 = VERTEX_POINT('',#17690);
#17690 = CARTESIAN_POINT('',(0.,9.006664199358,3.669637028918));
#17691 = SEAM_CURVE('',#17692,(#17696,#17703),.PCURVE_S1.);
#17692 = LINE('',#17693,#17694);
#17693 = CARTESIAN_POINT('',(2.269615242271,9.006664199358,4.98));
#17694 = VECTOR('',#17695,1.);
#17695 = DIRECTION('',(-0.866025403784,-2.733473877023E-16,-0.5));
#17696 = PCURVE('',#17044,#17697);
#17697 = DEFINITIONAL_REPRESENTATION('',(#17698),#17702);
#17698 = LINE('',#17699,#17700);
#17699 = CARTESIAN_POINT('',(-6.28318530718,0.));
#17700 = VECTOR('',#17701,1.);
#17701 = DIRECTION('',(-0.,-1.));
#17702 = ( GEOMETRIC_REPRESENTATION_CONTEXT(2) 
PARAMETRIC_REPRESENTATION_CONTEXT() REPRESENTATION_CONTEXT('2D SPACE',''
  ) );
#17703 = PCURVE('',#17044,#17704);
#17704 = DEFINITIONAL_REPRESENTATION('',(#17705),#17709);
#17705 = LINE('',#17706,#17707);
#17706 = CARTESIAN_POINT('',(0.,-0.));
#17707 = VECTOR('',#17708,1.);
#17708 = DIRECTION('',(-0.,-1.));
#17709 = ( GEOMETRIC_REPRESENTATION_CONTEXT(2) 
PARAMETRIC_REPRESENTATION_CONTEXT() REPRESENTATION_CONTEXT('2D SPACE',''
  ) );
#17710 = ORIENTED_EDGE('',*,*,#17688,.F.);
#17711 = ORIENTED_EDGE('',*,*,#17027,.T.);
#17712 = ADVANCED_FACE('',(#17713),#17079,.F.);
#17713 = FACE_BOUND('',#17714,.F.);
#17714 = EDGE_LOOP('',(#17715,#17738,#17739));
#17715 = ORIENTED_EDGE('',*,*,#17716,.T.);
#17716 = EDGE_CURVE('',#17063,#17717,#17719,.T.);
#17717 = VERTEX_POINT('',#17718);
#17718 = CARTESIAN_POINT('',(5.2,9.006664199358,3.669637028918));
#17719 = SEAM_CURVE('',#17720,(#17724,#17731),.PCURVE_S1.);
#17720 = LINE('',#17721,#17722);
#17721 = CARTESIAN_POINT('',(7.469615242271,9.006664199358,4.98));
#17722 = VECTOR('',#17723,1.);
#17723 = DIRECTION('',(-0.866025403784,-2.733473877023E-16,-0.5));
#17724 = PCURVE('',#17079,#17725);
#17725 = DEFINITIONAL_REPRESENTATION('',(#17726),#17730);
#17726 = LINE('',#17727,#17728);
#17727 = CARTESIAN_POINT('',(-6.28318530718,0.));
#17728 = VECTOR('',#17729,1.);
#17729 = DIRECTION('',(-0.,-1.));
#17730 = ( GEOMETRIC_REPRESENTATION_CONTEXT(2) 
PARAMETRIC_REPRESENTATION_CONTEXT() REPRESENTATION_CONTEXT('2D SPACE',''
  ) );
#17731 = PCURVE('',#17079,#17732);
#17732 = DEFINITIONAL_REPRESENTATION('',(#17733),#17737);
#17733 = LINE('',#17734,#17735);
#17734 = CARTESIAN_POINT('',(0.,-0.));
#17735 = VECTOR('',#17736,1.);
#17736 = DIRECTION('',(-0.,-1.));
#17737 = ( GEOMETRIC_REPRESENTATION_CONTEXT(2) 
PARAMETRIC_REPRESENTATION_CONTEXT() REPRESENTATION_CONTEXT('2D SPACE',''
  ) );
#17738 = ORIENTED_EDGE('',*,*,#17716,.F.);
#17739 = ORIENTED_EDGE('',*,*,#17062,.T.);
#17740 = ADVANCED_FACE('',(#17741),#17114,.F.);
#17741 = FACE_BOUND('',#17742,.F.);
#17742 = EDGE_LOOP('',(#17743,#17766,#17767));
#17743 = ORIENTED_EDGE('',*,*,#17744,.T.);
#17744 = EDGE_CURVE('',#17098,#17745,#17747,.T.);
#17745 = VERTEX_POINT('',#17746);
#17746 = CARTESIAN_POINT('',(2.6,4.503332099679,3.669637028918));
#17747 = SEAM_CURVE('',#17748,(#17752,#17759),.PCURVE_S1.);
#17748 = LINE('',#17749,#17750);
#17749 = CARTESIAN_POINT('',(4.869615242271,4.503332099679,4.98));
#17750 = VECTOR('',#17751,1.);
#17751 = DIRECTION('',(-0.866025403784,-2.733473877023E-16,-0.5));
#17752 = PCURVE('',#17114,#17753);
#17753 = DEFINITIONAL_REPRESENTATION('',(#17754),#17758);
#17754 = LINE('',#17755,#17756);
#17755 = CARTESIAN_POINT('',(-6.28318530718,0.));
#17756 = VECTOR('',#17757,1.);
#17757 = DIRECTION('',(-0.,-1.));
#17758 = ( GEOMETRIC_REPRESENTATION_CONTEXT(2) 
PARAMETRIC_REPRESENTATION_CONTEXT() REPRESENTATION_CONTEXT('2D SPACE',''
  ) );
#17759 = PCURVE('',#17114,#17760);
#17760 = DEFINITIONAL_REPRESENTATION('',(#17761),#17765);
#17761 = LINE('',#17762,#17763);
#17762 = CARTESIAN_POINT('',(0.,-0.));
#17763 = VECTOR('',#17764,1.);
#17764 = DIRECTION('',(-0.,-1.));
#17765 = ( GEOMETRIC_REPRESENTATION_CONTEXT(2) 
PARAMETRIC_REPRESENTATION_CONTEXT() REPRESENTATION_CONTEXT('2D SPACE',''
  ) );
#17766 = ORIENTED_EDGE('',*,*,#17744,.F.);
#17767 = ORIENTED_EDGE('',*,*,#17097,.T.);
#17768 = ADVANCED_FACE('',(#17769),#17149,.F.);
#17769 = FACE_BOUND('',#17770,.F.);
#17770 = EDGE_LOOP('',(#17771,#17794,#17795));
#17771 = ORIENTED_EDGE('',*,*,#17772,.T.);
#17772 = EDGE_CURVE('',#17133,#17773,#17775,.T.);
#17773 = VERTEX_POINT('',#17774);
#17774 = CARTESIAN_POINT('',(7.8,4.503332099679,3.669637028918));
#17775 = SEAM_CURVE('',#17776,(#17780,#17787),.PCURVE_S1.);
#17776 = LINE('',#17777,#17778);
#17777 = CARTESIAN_POINT('',(10.069615242271,4.503332099679,4.98));
#17778 = VECTOR('',#17779,1.);
#17779 = DIRECTION('',(-0.866025403784,-2.733473877023E-16,-0.5));
#17780 = PCURVE('',#17149,#17781);
#17781 = DEFINITIONAL_REPRESENTATION('',(#17782),#17786);
#17782 = LINE('',#17783,#17784);
#17783 = CARTESIAN_POINT('',(-6.28318530718,0.));
#17784 = VECTOR('',#17785,1.);
#17785 = DIRECTION('',(-0.,-1.));
#17786 = ( GEOMETRIC_REPRESENTATION_CONTEXT(2) 
PARAMETRIC_REPRESENTATION_CONTEXT() REPRESENTATION_CONTEXT('2D SPACE',''
  ) );
#17787 = PCURVE('',#17149,#17788);
#17788 = DEFINITIONAL_REPRESENTATION('',(#17789),#17793);
#17789 = LINE('',#17790,#17791);
#17790 = CARTESIAN_POINT('',(0.,-0.));
#17791 = VECTOR('',#17792,1.);
#17792 = DIRECTION('',(-0.,-1.));
#17793 = ( GEOMETRIC_REPRESENTATION_CONTEXT(2) 
PARAMETRIC_REPRESENTATION_CONTEXT() REPRESENTATION_CONTEXT('2D SPACE',''
  ) );
#17794 = ORIENTED_EDGE('',*,*,#17772,.F.);
#17795 = ORIENTED_EDGE('',*,*,#17132,.T.);
#17796 = ADVANCED_FACE('',(#17797),#17184,.F.);
#17797 = FACE_BOUND('',#17798,.F.);
#17798 = EDGE_LOOP('',(#17799,#17822,#17823));
#17799 = ORIENTED_EDGE('',*,*,#17800,.T.);
#17800 = EDGE_CURVE('',#17168,#17801,#17803,.T.);
#17801 = VERTEX_POINT('',#17802);
#17802 = CARTESIAN_POINT('',(-10.4,-3.466194952961E-16,3.669637028918));
#17803 = SEAM_CURVE('',#17804,(#17808,#17815),.PCURVE_S1.);
#17804 = LINE('',#17805,#17806);
#17805 = CARTESIAN_POINT('',(-8.130384757729,3.697490948782E-16,4.98));
#17806 = VECTOR('',#17807,1.);
#17807 = DIRECTION('',(-0.866025403784,-2.733473877023E-16,-0.5));
#17808 = PCURVE('',#17184,#17809);
#17809 = DEFINITIONAL_REPRESENTATION('',(#17810),#17814);
#17810 = LINE('',#17811,#17812);
#17811 = CARTESIAN_POINT('',(-6.28318530718,0.));
#17812 = VECTOR('',#17813,1.);
#17813 = DIRECTION('',(-0.,-1.));
#17814 = ( GEOMETRIC_REPRESENTATION_CONTEXT(2) 
PARAMETRIC_REPRESENTATION_CONTEXT() REPRESENTATION_CONTEXT('2D SPACE',''
  ) );
#17815 = PCURVE('',#17184,#17816);
#17816 = DEFINITIONAL_REPRESENTATION('',(#17817),#17821);
#17817 = LINE('',#17818,#17819);
#17818 = CARTESIAN_POINT('',(0.,-0.));
#17819 = VECTOR('',#17820,1.);
#17820 = DIRECTION('',(-0.,-1.));
#17821 = ( GEOMETRIC_REPRESENTATION_CONTEXT(2) 
PARAMETRIC_REPRESENTATION_CONTEXT() REPRESENTATION_CONTEXT('2D SPACE',''
  ) );
#17822 = ORIENTED_EDGE('',*,*,#17800,.F.);
#17823 = ORIENTED_EDGE('',*,*,#17167,.T.);
#17824 = ADVANCED_FACE('',(#17825),#17219,.F.);
#17825 = FACE_BOUND('',#17826,.F.);
#17826 = EDGE_LOOP('',(#17827,#17850,#17851));
#17827 = ORIENTED_EDGE('',*,*,#17828,.T.);
#17828 = EDGE_CURVE('',#17203,#17829,#17831,.T.);
#17829 = VERTEX_POINT('',#17830);
#17830 = CARTESIAN_POINT('',(-7.8,-4.503332099679,3.669637028918));
#17831 = SEAM_CURVE('',#17832,(#17836,#17843),.PCURVE_S1.);
#17832 = LINE('',#17833,#17834);
#17833 = CARTESIAN_POINT('',(-5.530384757729,-4.503332099679,4.98));
#17834 = VECTOR('',#17835,1.);
#17835 = DIRECTION('',(-0.866025403784,-2.733473877023E-16,-0.5));
#17836 = PCURVE('',#17219,#17837);
#17837 = DEFINITIONAL_REPRESENTATION('',(#17838),#17842);
#17838 = LINE('',#17839,#17840);
#17839 = CARTESIAN_POINT('',(-6.28318530718,0.));
#17840 = VECTOR('',#17841,1.);
#17841 = DIRECTION('',(-0.,-1.));
#17842 = ( GEOMETRIC_REPRESENTATION_CONTEXT(2) 
PARAMETRIC_REPRESENTATION_CONTEXT() REPRESENTATION_CONTEXT('2D SPACE',''
  ) );
#17843 = PCURVE('',#17219,#17844);
#17844 = DEFINITIONAL_REPRESENTATION('',(#17845),#17849);
#17845 = LINE('',#17846,#17847);
#17846 = CARTESIAN_POINT('',(0.,-0.));
#17847 = VECTOR('',#17848,1.);
#17848 = DIRECTION('',(-0.,-1.));
#17849 = ( GEOMETRIC_REPRESENTATION_CONTEXT(2) 
PARAMETRIC_REPRESENTATION_CONTEXT() REPRESENTATION_CONTEXT('2D SPACE',''
  ) );
#17850 = ORIENTED_EDGE('',*,*,#17828,.F.);
#17851 = ORIENTED_EDGE('',*,*,#17202,.T.);
#17852 = ADVANCED_FACE('',(#17853),#17254,.F.);
#17853 = FACE_BOUND('',#17854,.F.);
#17854 = EDGE_LOOP('',(#17855,#17878,#17879));
#17855 = ORIENTED_EDGE('',*,*,#17856,.T.);
#17856 = EDGE_CURVE('',#17238,#17857,#17859,.T.);
#17857 = VERTEX_POINT('',#17858);
#17858 = CARTESIAN_POINT('',(-5.2,-3.466194952961E-16,3.669637028918));
#17859 = SEAM_CURVE('',#17860,(#17864,#17871),.PCURVE_S1.);
#17860 = LINE('',#17861,#17862);
#17861 = CARTESIAN_POINT('',(-2.930384757729,3.697490948782E-16,4.98));
#17862 = VECTOR('',#17863,1.);
#17863 = DIRECTION('',(-0.866025403784,-2.733473877023E-16,-0.5));
#17864 = PCURVE('',#17254,#17865);
#17865 = DEFINITIONAL_REPRESENTATION('',(#17866),#17870);
#17866 = LINE('',#17867,#17868);
#17867 = CARTESIAN_POINT('',(-6.28318530718,0.));
#17868 = VECTOR('',#17869,1.);
#17869 = DIRECTION('',(-0.,-1.));
#17870 = ( GEOMETRIC_REPRESENTATION_CONTEXT(2) 
PARAMETRIC_REPRESENTATION_CONTEXT() REPRESENTATION_CONTEXT('2D SPACE',''
  ) );
#17871 = PCURVE('',#17254,#17872);
#17872 = DEFINITIONAL_REPRESENTATION('',(#17873),#17877);
#17873 = LINE('',#17874,#17875);
#17874 = CARTESIAN_POINT('',(0.,-0.));
#17875 = VECTOR('',#17876,1.);
#17876 = DIRECTION('',(-0.,-1.));
#17877 = ( GEOMETRIC_REPRESENTATION_CONTEXT(2) 
PARAMETRIC_REPRESENTATION_CONTEXT() REPRESENTATION_CONTEXT('2D SPACE',''
  ) );
#17878 = ORIENTED_EDGE('',*,*,#17856,.F.);
#17879 = ORIENTED_EDGE('',*,*,#17237,.T.);
#17880 = ADVANCED_FACE('',(#17881),#17289,.F.);
#17881 = FACE_BOUND('',#17882,.F.);
#17882 = EDGE_LOOP('',(#17883,#17906,#17907));
#17883 = ORIENTED_EDGE('',*,*,#17884,.T.);
#17884 = EDGE_CURVE('',#17273,#17885,#17887,.T.);
#17885 = VERTEX_POINT('',#17886);
#17886 = CARTESIAN_POINT('',(-2.6,-4.503332099679,3.669637028918));
#17887 = SEAM_CURVE('',#17888,(#17892,#17899),.PCURVE_S1.);
#17888 = LINE('',#17889,#17890);
#17889 = CARTESIAN_POINT('',(-0.330384757729,-4.503332099679,4.98));
#17890 = VECTOR('',#17891,1.);
#17891 = DIRECTION('',(-0.866025403784,-2.733473877023E-16,-0.5));
#17892 = PCURVE('',#17289,#17893);
#17893 = DEFINITIONAL_REPRESENTATION('',(#17894),#17898);
#17894 = LINE('',#17895,#17896);
#17895 = CARTESIAN_POINT('',(-6.28318530718,0.));
#17896 = VECTOR('',#17897,1.);
#17897 = DIRECTION('',(-0.,-1.));
#17898 = ( GEOMETRIC_REPRESENTATION_CONTEXT(2) 
PARAMETRIC_REPRESENTATION_CONTEXT() REPRESENTATION_CONTEXT('2D SPACE',''
  ) );
#17899 = PCURVE('',#17289,#17900);
#17900 = DEFINITIONAL_REPRESENTATION('',(#17901),#17905);
#17901 = LINE('',#17902,#17903);
#17902 = CARTESIAN_POINT('',(0.,-0.));
#17903 = VECTOR('',#17904,1.);
#17904 = DIRECTION('',(-0.,-1.));
#17905 = ( GEOMETRIC_REPRESENTATION_CONTEXT(2) 
PARAMETRIC_REPRESENTATION_CONTEXT() REPRESENTATION_CONTEXT('2D SPACE',''
  ) );
#17906 = ORIENTED_EDGE('',*,*,#17884,.F.);
#17907 = ORIENTED_EDGE('',*,*,#17272,.T.);
#17908 = ADVANCED_FACE('',(#17909),#17324,.F.);
#17909 = FACE_BOUND('',#17910,.F.);
#17910 = EDGE_LOOP('',(#17911,#17934,#17935));
#17911 = ORIENTED_EDGE('',*,*,#17912,.T.);
#17912 = EDGE_CURVE('',#17308,#17913,#17915,.T.);
#17913 = VERTEX_POINT('',#17914);
#17914 = CARTESIAN_POINT('',(-5.2,-9.006664199358,3.669637028918));
#17915 = SEAM_CURVE('',#17916,(#17920,#17927),.PCURVE_S1.);
#17916 = LINE('',#17917,#17918);
#17917 = CARTESIAN_POINT('',(-2.930384757729,-9.006664199358,4.98));
#17918 = VECTOR('',#17919,1.);
#17919 = DIRECTION('',(-0.866025403784,-2.733473877023E-16,-0.5));
#17920 = PCURVE('',#17324,#17921);
#17921 = DEFINITIONAL_REPRESENTATION('',(#17922),#17926);
#17922 = LINE('',#17923,#17924);
#17923 = CARTESIAN_POINT('',(-6.28318530718,0.));
#17924 = VECTOR('',#17925,1.);
#17925 = DIRECTION('',(-0.,-1.));
#17926 = ( GEOMETRIC_REPRESENTATION_CONTEXT(2) 
PARAMETRIC_REPRESENTATION_CONTEXT() REPRESENTATION_CONTEXT('2D SPACE',''
  ) );
#17927 = PCURVE('',#17324,#17928);
#17928 = DEFINITIONAL_REPRESENTATION('',(#17929),#17933);
#17929 = LINE('',#17930,#17931);
#17930 = CARTESIAN_POINT('',(0.,-0.));
#17931 = VECTOR('',#17932,1.);
#17932 = DIRECTION('',(-0.,-1.));
#17933 = ( GEOMETRIC_REPRESENTATION_CONTEXT(2) 
PARAMETRIC_REPRESENTATION_CONTEXT() REPRESENTATION_CONTEXT('2D SPACE',''
  ) );
#17934 = ORIENTED_EDGE('',*,*,#17912,.F.);
#17935 = ORIENTED_EDGE('',*,*,#17307,.T.);
#17936 = ADVANCED_FACE('',(#17937),#17359,.F.);
#17937 = FACE_BOUND('',#17938,.F.);
#17938 = EDGE_LOOP('',(#17939,#17962,#17963));
#17939 = ORIENTED_EDGE('',*,*,#17940,.T.);
#17940 = EDGE_CURVE('',#17343,#17941,#17943,.T.);
#17941 = VERTEX_POINT('',#17942);
#17942 = CARTESIAN_POINT('',(0.,-3.466194952961E-16,3.669637028918));
#17943 = SEAM_CURVE('',#17944,(#17948,#17955),.PCURVE_S1.);
#17944 = LINE('',#17945,#17946);
#17945 = CARTESIAN_POINT('',(2.269615242271,3.697490948782E-16,4.98));
#17946 = VECTOR('',#17947,1.);
#17947 = DIRECTION('',(-0.866025403784,-2.733473877023E-16,-0.5));
#17948 = PCURVE('',#17359,#17949);
#17949 = DEFINITIONAL_REPRESENTATION('',(#17950),#17954);
#17950 = LINE('',#17951,#17952);
#17951 = CARTESIAN_POINT('',(-6.28318530718,0.));
#17952 = VECTOR('',#17953,1.);
#17953 = DIRECTION('',(-0.,-1.));
#17954 = ( GEOMETRIC_REPRESENTATION_CONTEXT(2) 
PARAMETRIC_REPRESENTATION_CONTEXT() REPRESENTATION_CONTEXT('2D SPACE',''
  ) );
#17955 = PCURVE('',#17359,#17956);
#17956 = DEFINITIONAL_REPRESENTATION('',(#17957),#17961);
#17957 = LINE('',#17958,#17959);
#17958 = CARTESIAN_POINT('',(0.,-0.));
#17959 = VECTOR('',#17960,1.);
#17960 = DIRECTION('',(-0.,-1.));
#17961 = ( GEOMETRIC_REPRESENTATION_CONTEXT(2) 
PARAMETRIC_REPRESENTATION_CONTEXT() REPRESENTATION_CONTEXT('2D SPACE',''
  ) );
#17962 = ORIENTED_EDGE('',*,*,#17940,.F.);
#17963 = ORIENTED_EDGE('',*,*,#17342,.T.);
#17964 = ADVANCED_FACE('',(#17965),#17394,.F.);
#17965 = FACE_BOUND('',#17966,.F.);
#17966 = EDGE_LOOP('',(#17967,#17990,#17991));
#17967 = ORIENTED_EDGE('',*,*,#17968,.T.);
#17968 = EDGE_CURVE('',#17378,#17969,#17971,.T.);
#17969 = VERTEX_POINT('',#17970);
#17970 = CARTESIAN_POINT('',(5.2,-3.466194952961E-16,3.669637028918));
#17971 = SEAM_CURVE('',#17972,(#17976,#17983),.PCURVE_S1.);
#17972 = LINE('',#17973,#17974);
#17973 = CARTESIAN_POINT('',(7.469615242271,3.697490948782E-16,4.98));
#17974 = VECTOR('',#17975,1.);
#17975 = DIRECTION('',(-0.866025403784,-2.733473877023E-16,-0.5));
#17976 = PCURVE('',#17394,#17977);
#17977 = DEFINITIONAL_REPRESENTATION('',(#17978),#17982);
#17978 = LINE('',#17979,#17980);
#17979 = CARTESIAN_POINT('',(-6.28318530718,0.));
#17980 = VECTOR('',#17981,1.);
#17981 = DIRECTION('',(-0.,-1.));
#17982 = ( GEOMETRIC_REPRESENTATION_CONTEXT(2) 
PARAMETRIC_REPRESENTATION_CONTEXT() REPRESENTATION_CONTEXT('2D SPACE',''
  ) );
#17983 = PCURVE('',#17394,#17984);
#17984 = DEFINITIONAL_REPRESENTATION('',(#17985),#17989);
#17985 = LINE('',#17986,#17987);
#17986 = CARTESIAN_POINT('',(0.,-0.));
#17987 = VECTOR('',#17988,1.);
#17988 = DIRECTION('',(-0.,-1.));
#17989 = ( GEOMETRIC_REPRESENTATION_CONTEXT(2) 
PARAMETRIC_REPRESENTATION_CONTEXT() REPRESENTATION_CONTEXT('2D SPACE',''
  ) );
#17990 = ORIENTED_EDGE('',*,*,#17968,.F.);
#17991 = ORIENTED_EDGE('',*,*,#17377,.T.);
#17992 = ADVANCED_FACE('',(#17993),#17429,.F.);
#17993 = FACE_BOUND('',#17994,.F.);
#17994 = EDGE_LOOP('',(#17995,#18018,#18019));
#17995 = ORIENTED_EDGE('',*,*,#17996,.T.);
#17996 = EDGE_CURVE('',#17413,#17997,#17999,.T.);
#17997 = VERTEX_POINT('',#17998);
#17998 = CARTESIAN_POINT('',(2.6,-4.503332099679,3.669637028918));
#17999 = SEAM_CURVE('',#18000,(#18004,#18011),.PCURVE_S1.);
#18000 = LINE('',#18001,#18002);
#18001 = CARTESIAN_POINT('',(4.869615242271,-4.503332099679,4.98));
#18002 = VECTOR('',#18003,1.);
#18003 = DIRECTION('',(-0.866025403784,-2.733473877023E-16,-0.5));
#18004 = PCURVE('',#17429,#18005);
#18005 = DEFINITIONAL_REPRESENTATION('',(#18006),#18010);
#18006 = LINE('',#18007,#18008);
#18007 = CARTESIAN_POINT('',(-6.28318530718,0.));
#18008 = VECTOR('',#18009,1.);
#18009 = DIRECTION('',(-0.,-1.));
#18010 = ( GEOMETRIC_REPRESENTATION_CONTEXT(2) 
PARAMETRIC_REPRESENTATION_CONTEXT() REPRESENTATION_CONTEXT('2D SPACE',''
  ) );
#18011 = PCURVE('',#17429,#18012);
#18012 = DEFINITIONAL_REPRESENTATION('',(#18013),#18017);
#18013 = LINE('',#18014,#18015);
#18014 = CARTESIAN_POINT('',(0.,-0.));
#18015 = VECTOR('',#18016,1.);
#18016 = DIRECTION('',(-0.,-1.));
#18017 = ( GEOMETRIC_REPRESENTATION_CONTEXT(2) 
PARAMETRIC_REPRESENTATION_CONTEXT() REPRESENTATION_CONTEXT('2D SPACE',''
  ) );
#18018 = ORIENTED_EDGE('',*,*,#17996,.F.);
#18019 = ORIENTED_EDGE('',*,*,#17412,.T.);
#18020 = ADVANCED_FACE('',(#18021),#17464,.F.);
#18021 = FACE_BOUND('',#18022,.F.);
#18022 = EDGE_LOOP('',(#18023,#18046,#18047));
#18023 = ORIENTED_EDGE('',*,*,#18024,.T.);
#18024 = EDGE_CURVE('',#17448,#18025,#18027,.T.);
#18025 = VERTEX_POINT('',#18026);
#18026 = CARTESIAN_POINT('',(10.4,-3.466194952961E-16,3.669637028918));
#18027 = SEAM_CURVE('',#18028,(#18032,#18039),.PCURVE_S1.);
#18028 = LINE('',#18029,#18030);
#18029 = CARTESIAN_POINT('',(12.669615242271,3.697490948782E-16,4.98));
#18030 = VECTOR('',#18031,1.);
#18031 = DIRECTION('',(-0.866025403784,-2.733473877023E-16,-0.5));
#18032 = PCURVE('',#17464,#18033);
#18033 = DEFINITIONAL_REPRESENTATION('',(#18034),#18038);
#18034 = LINE('',#18035,#18036);
#18035 = CARTESIAN_POINT('',(-6.28318530718,0.));
#18036 = VECTOR('',#18037,1.);
#18037 = DIRECTION('',(-0.,-1.));
#18038 = ( GEOMETRIC_REPRESENTATION_CONTEXT(2) 
PARAMETRIC_REPRESENTATION_CONTEXT() REPRESENTATION_CONTEXT('2D SPACE',''
  ) );
#18039 = PCURVE('',#17464,#18040);
#18040 = DEFINITIONAL_REPRESENTATION('',(#18041),#18045);
#18041 = LINE('',#18042,#18043);
#18042 = CARTESIAN_POINT('',(0.,-0.));
#18043 = VECTOR('',#18044,1.);
#18044 = DIRECTION('',(-0.,-1.));
#18045 = ( GEOMETRIC_REPRESENTATION_CONTEXT(2) 
PARAMETRIC_REPRESENTATION_CONTEXT() REPRESENTATION_CONTEXT('2D SPACE',''
  ) );
#18046 = ORIENTED_EDGE('',*,*,#18024,.F.);
#18047 = ORIENTED_EDGE('',*,*,#17447,.T.);
#18048 = ADVANCED_FACE('',(#18049),#17499,.F.);
#18049 = FACE_BOUND('',#18050,.F.);
#18050 = EDGE_LOOP('',(#18051,#18074,#18075));
#18051 = ORIENTED_EDGE('',*,*,#18052,.T.);
#18052 = EDGE_CURVE('',#17483,#18053,#18055,.T.);
#18053 = VERTEX_POINT('',#18054);
#18054 = CARTESIAN_POINT('',(7.8,-4.503332099679,3.669637028918));
#18055 = SEAM_CURVE('',#18056,(#18060,#18067),.PCURVE_S1.);
#18056 = LINE('',#18057,#18058);
#18057 = CARTESIAN_POINT('',(10.069615242271,-4.503332099679,4.98));
#18058 = VECTOR('',#18059,1.);
#18059 = DIRECTION('',(-0.866025403784,-2.733473877023E-16,-0.5));
#18060 = PCURVE('',#17499,#18061);
#18061 = DEFINITIONAL_REPRESENTATION('',(#18062),#18066);
#18062 = LINE('',#18063,#18064);
#18063 = CARTESIAN_POINT('',(-6.28318530718,0.));
#18064 = VECTOR('',#18065,1.);
#18065 = DIRECTION('',(-0.,-1.));
#18066 = ( GEOMETRIC_REPRESENTATION_CONTEXT(2) 
PARAMETRIC_REPRESENTATION_CONTEXT() REPRESENTATION_CONTEXT('2D SPACE',''
  ) );
#18067 = PCURVE('',#17499,#18068);
#18068 = DEFINITIONAL_REPRESENTATION('',(#18069),#18073);
#18069 = LINE('',#18070,#18071);
#18070 = CARTESIAN_POINT('',(0.,-0.));
#18071 = VECTOR('',#18072,1.);
#18072 = DIRECTION('',(-0.,-1.));
#18073 = ( GEOMETRIC_REPRESENTATION_CONTEXT(2) 
PARAMETRIC_REPRESENTATION_CONTEXT() REPRESENTATION_CONTEXT('2D SPACE',''
  ) );
#18074 = ORIENTED_EDGE('',*,*,#18052,.F.);
#18075 = ORIENTED_EDGE('',*,*,#17482,.T.);
#18076 = ADVANCED_FACE('',(#18077),#17534,.F.);
#18077 = FACE_BOUND('',#18078,.F.);
#18078 = EDGE_LOOP('',(#18079,#18102,#18103));
#18079 = ORIENTED_EDGE('',*,*,#18080,.T.);
#18080 = EDGE_CURVE('',#17518,#18081,#18083,.T.);
#18081 = VERTEX_POINT('',#18082);
#18082 = CARTESIAN_POINT('',(0.,-9.006664199358,3.669637028918));
#18083 = SEAM_CURVE('',#18084,(#18088,#18095),.PCURVE_S1.);
#18084 = LINE('',#18085,#18086);
#18085 = CARTESIAN_POINT('',(2.269615242271,-9.006664199358,4.98));
#18086 = VECTOR('',#18087,1.);
#18087 = DIRECTION('',(-0.866025403784,-2.733473877023E-16,-0.5));
#18088 = PCURVE('',#17534,#18089);
#18089 = DEFINITIONAL_REPRESENTATION('',(#18090),#18094);
#18090 = LINE('',#18091,#18092);
#18091 = CARTESIAN_POINT('',(-6.28318530718,0.));
#18092 = VECTOR('',#18093,1.);
#18093 = DIRECTION('',(-0.,-1.));
#18094 = ( GEOMETRIC_REPRESENTATION_CONTEXT(2) 
PARAMETRIC_REPRESENTATION_CONTEXT() REPRESENTATION_CONTEXT('2D SPACE',''
  ) );
#18095 = PCURVE('',#17534,#18096);
#18096 = DEFINITIONAL_REPRESENTATION('',(#18097),#18101);
#18097 = LINE('',#18098,#18099);
#18098 = CARTESIAN_POINT('',(0.,-0.));
#18099 = VECTOR('',#18100,1.);
#18100 = DIRECTION('',(-0.,-1.));
#18101 = ( GEOMETRIC_REPRESENTATION_CONTEXT(2) 
PARAMETRIC_REPRESENTATION_CONTEXT() REPRESENTATION_CONTEXT('2D SPACE',''
  ) );
#18102 = ORIENTED_EDGE('',*,*,#18080,.F.);
#18103 = ORIENTED_EDGE('',*,*,#17517,.T.);
#18104 = ADVANCED_FACE('',(#18105),#17569,.F.);
#18105 = FACE_BOUND('',#18106,.F.);
#18106 = EDGE_LOOP('',(#18107,#18130,#18131));
#18107 = ORIENTED_EDGE('',*,*,#18108,.T.);
#18108 = EDGE_CURVE('',#17553,#18109,#18111,.T.);
#18109 = VERTEX_POINT('',#18110);
#18110 = CARTESIAN_POINT('',(5.2,-9.006664199358,3.669637028918));
#18111 = SEAM_CURVE('',#18112,(#18116,#18123),.PCURVE_S1.);
#18112 = LINE('',#18113,#18114);
#18113 = CARTESIAN_POINT('',(7.469615242271,-9.006664199358,4.98));
#18114 = VECTOR('',#18115,1.);
#18115 = DIRECTION('',(-0.866025403784,-2.733473877023E-16,-0.5));
#18116 = PCURVE('',#17569,#18117);
#18117 = DEFINITIONAL_REPRESENTATION('',(#18118),#18122);
#18118 = LINE('',#18119,#18120);
#18119 = CARTESIAN_POINT('',(-6.28318530718,0.));
#18120 = VECTOR('',#18121,1.);
#18121 = DIRECTION('',(-0.,-1.));
#18122 = ( GEOMETRIC_REPRESENTATION_CONTEXT(2) 
PARAMETRIC_REPRESENTATION_CONTEXT() REPRESENTATION_CONTEXT('2D SPACE',''
  ) );
#18123 = PCURVE('',#17569,#18124);
#18124 = DEFINITIONAL_REPRESENTATION('',(#18125),#18129);
#18125 = LINE('',#18126,#18127);
#18126 = CARTESIAN_POINT('',(0.,-0.));
#18127 = VECTOR('',#18128,1.);
#18128 = DIRECTION('',(-0.,-1.));
#18129 = ( GEOMETRIC_REPRESENTATION_CONTEXT(2) 
PARAMETRIC_REPRESENTATION_CONTEXT() REPRESENTATION_CONTEXT('2D SPACE',''
  ) );
#18130 = ORIENTED_EDGE('',*,*,#18108,.F.);
#18131 = ORIENTED_EDGE('',*,*,#17552,.T.);
#18132 = ( GEOMETRIC_REPRESENTATION_CONTEXT(3) 
GLOBAL_UNCERTAINTY_ASSIGNED_CONTEXT((#18136)) 
GLOBAL_UNIT_ASSIGNED_CONTEXT((#18133,#18134,#18135)) 
REPRESENTATION_CONTEXT('Context #1',
  '3D Context with UNIT and UNCERTAINTY') );
#18133 = ( LENGTH_UNIT() NAMED_UNIT(*) SI_UNIT(.MILLI.,.METRE.) );
#18134 = ( NAMED_UNIT(*) PLANE_ANGLE_UNIT() SI_UNIT($,.RADIAN.) );
#18135 = ( NAMED_UNIT(*) SI_UNIT($,.STERADIAN.) SOLID_ANGLE_UNIT() );
#18136 = UNCERTAINTY_MEASURE_WITH_UNIT(LENGTH_MEASURE(1.E-07),#18133,
  'distance_accuracy_value','confusion accuracy');
#18137 = PRODUCT_RELATED_PRODUCT_CATEGORY('part',$,(#7));
ENDSEC;
END-ISO-10303-21;
