ISO-10303-21;
HEADER;
FILE_DESCRIPTION(('Open CASCADE Model'),'2;1');
FILE_NAME('Open CASCADE Shape Model','2026-09-15T00:31:14',('Author'),(
    'Open CASCADE'),'Open CASCADE STEP processor 7.8','Open CASCADE 7.8'
  ,'Unknown');
FILE_SCHEMA(('AUTOMOTIVE_DESIGN { 1 0 10303 214 1 1 1 1 }'));
ENDSEC;
DATA;
#1 = APPLICATION_PROTOCOL_DEFINITION('international standard',
  'automotive_design',2000,#2);
#2 = APPLICATION_CONTEXT(
  'core data for automotive mechanical design processes');
#3 = SHAPE_DEFINITION_REPRESENTATION(#4,#10);
#4 = PRODUCT_DEFINITION_SHAPE('','',#5);
#5 = PRODUCT_DEFINITION('design','',#6,#9);
#6 = PRODUCT_DEFINITION_FORMATION('','',#7);
#7 = PRODUCT('Open CASCADE STEP translator 7.8 16',
  'Open CASCADE STEP translator 7.8 16','',(#8));
#8 = PRODUCT_CONTEXT('',#2,'mechanical');
#9 = PRODUCT_DEFINITION_CONTEXT('part definition',#2,'design');
#10 = ADVANCED_BREP_SHAPE_REPRESENTATION('',(#11,#15),#15769);
#11 = AXIS2_PLACEMENT_3D('',#12,#13,#14);
#12 = CARTESIAN_POINT('',(0.,0.,0.));
#13 = DIRECTION('',(0.,0.,1.));
#14 = DIRECTION('',(1.,0.,-0.));
#15 = MANIFOLD_SOLID_BREP('',#16);
#16 = CLOSED_SHELL('',(#17,#137,#213,#2534,#2583,#4893,#4920,#4947,#4974
    ,#5001,#5028,#5055,#5155,#5182,#5209,#5236,#5263,#5290,#5317,#5344,
    #5371,#5398,#5425,#5452,#5479,#5506,#5533,#5560,#5587,#5614,#5641,
    #5668,#5675,#5838,#5995,#6044,#6146,#6203,#6252,#6301,#6411,#6591,
    #6640,#6717,#6774,#6823,#6872,#6982,#7139,#7188,#7265,#7322,#7371,
    #7420,#7530,#7687,#7736,#7813,#7870,#7919,#7968,#8078,#8235,#8284,
    #8361,#8418,#8467,#8516,#8626,#8783,#8832,#8909,#8966,#9015,#9042,
    #9091,#9118,#9192,#9266,#9340,#9414,#9488,#9562,#9638,#9687,#9736,
    #9785,#9834,#9883,#9932,#9981,#10030,#10079,#10128,#10177,#10226,
    #10275,#10324,#10373,#10422,#10449,#10523,#10597,#10671,#10747,
    #10796,#10845,#10894,#10943,#10992,#11041,#11090,#11139,#11188,
    #11237,#11264,#11340,#11389,#11438,#11487,#11536,#11585,#11634,
    #11683,#11732,#11781,#11808,#11882,#11956,#12030,#12036,#12062,
    #12089,#12900,#12928,#12956,#12982,#12989,#13017,#13045,#13071,
    #13078,#13106,#13134,#13160,#13167,#13195,#13223,#13249,#13256,
    #13284,#13312,#13338,#13345,#13373,#13401,#13422,#13437,#13451,
    #13510,#13569,#13628,#13687,#13746,#13805,#13864,#13923,#13982,
    #14041,#14100,#14159,#14218,#14277,#14336,#14395,#14454,#14513,
    #14572,#14607,#14642,#14677,#14712,#14747,#14782,#14817,#14852,
    #14887,#14922,#14957,#14992,#15027,#15062,#15097,#15132,#15167,
    #15202,#15237,#15265,#15293,#15321,#15349,#15377,#15405,#15433,
    #15461,#15489,#15517,#15545,#15573,#15601,#15629,#15657,#15685,
    #15713,#15741));
#17 = ADVANCED_FACE('',(#18),#32,.F.);
#18 = FACE_BOUND('',#19,.F.);
#19 = EDGE_LOOP('',(#20,#55,#83,#111));
#20 = ORIENTED_EDGE('',*,*,#21,.F.);
#21 = EDGE_CURVE('',#22,#24,#26,.T.);
#22 = VERTEX_POINT('',#23);
#23 = CARTESIAN_POINT('',(5.2,-16.05033748347,5.));
#24 = VERTEX_POINT('',#25);
#25 = CARTESIAN_POINT('',(5.2,-16.05033748347,1.7763568394E-15));
#26 = SURFACE_CURVE('',#27,(#31,#43),.PCURVE_S1.);
#27 = LINE('',#28,#29);
#28 = CARTESIAN_POINT('',(5.2,-16.05033748347,5.));
#29 = VECTOR('',#30,1.);
#30 = DIRECTION('',(0.,-1.224646799147E-16,-1.));
#31 = PCURVE('',#32,#37);
#32 = PLANE('',#33);
#33 = AXIS2_PLACEMENT_3D('',#34,#35,#36);
#34 = CARTESIAN_POINT('',(11.3,-12.52850084141,4.));
#35 = DIRECTION('',(-0.5,0.866025403784,-1.060575238725E-16));
#36 = DIRECTION('',(-0.866025403784,-0.5,6.123233995737E-17));
#37 = DEFINITIONAL_REPRESENTATION('',(#38),#42);
#38 = LINE('',#39,#40);
#39 = CARTESIAN_POINT('',(7.043673284113,1.));
#40 = VECTOR('',#41,1.);
#41 = DIRECTION('',(0.,-1.));
#42 = ( GEOMETRIC_REPRESENTATION_CONTEXT(2) 
PARAMETRIC_REPRESENTATION_CONTEXT() REPRESENTATION_CONTEXT('2D SPACE',''
  ) );
#43 = PCURVE('',#44,#49);
#44 = PLANE('',#45);
#45 = AXIS2_PLACEMENT_3D('',#46,#47,#48);
#46 = CARTESIAN_POINT('',(5.2,-16.05033748347,4.));
#47 = DIRECTION('',(0.5,0.866025403784,-1.060575238725E-16));
#48 = DIRECTION('',(-0.866025403784,0.5,-6.123233995737E-17));
#49 = DEFINITIONAL_REPRESENTATION('',(#50),#54);
#50 = LINE('',#51,#52);
#51 = CARTESIAN_POINT('',(-6.123233995737E-17,1.));
#52 = VECTOR('',#53,1.);
#53 = DIRECTION('',(0.,-1.));
#54 = ( GEOMETRIC_REPRESENTATION_CONTEXT(2) 
PARAMETRIC_REPRESENTATION_CONTEXT() REPRESENTATION_CONTEXT('2D SPACE',''
  ) );
#55 = ORIENTED_EDGE('',*,*,#56,.F.);
#56 = EDGE_CURVE('',#57,#22,#59,.T.);
#57 = VERTEX_POINT('',#58);
#58 = CARTESIAN_POINT('',(11.3,-12.52850084141,5.));
#59 = SURFACE_CURVE('',#60,(#64,#71),.PCURVE_S1.);
#60 = LINE('',#61,#62);
#61 = CARTESIAN_POINT('',(11.3,-12.52850084141,5.));
#62 = VECTOR('',#63,1.);
#63 = DIRECTION('',(-0.866025403784,-0.5,6.123233995737E-17));
#64 = PCURVE('',#32,#65);
#65 = DEFINITIONAL_REPRESENTATION('',(#66),#70);
#66 = LINE('',#67,#68);
#67 = CARTESIAN_POINT('',(6.123233995737E-17,1.));
#68 = VECTOR('',#69,1.);
#69 = DIRECTION('',(1.,0.));
#70 = ( GEOMETRIC_REPRESENTATION_CONTEXT(2) 
PARAMETRIC_REPRESENTATION_CONTEXT() REPRESENTATION_CONTEXT('2D SPACE',''
  ) );
#71 = PCURVE('',#72,#77);
#72 = PLANE('',#73);
#73 = AXIS2_PLACEMENT_3D('',#74,#75,#76);
#74 = CARTESIAN_POINT('',(-10.4,1.631438850498E-16,5.));
#75 = DIRECTION('',(0.,-1.224646799147E-16,-1.));
#76 = DIRECTION('',(1.,0.,0.));
#77 = DEFINITIONAL_REPRESENTATION('',(#78),#82);
#78 = LINE('',#79,#80);
#79 = CARTESIAN_POINT('',(21.7,12.528500841415));
#80 = VECTOR('',#81,1.);
#81 = DIRECTION('',(-0.866025403784,0.5));
#82 = ( GEOMETRIC_REPRESENTATION_CONTEXT(2) 
PARAMETRIC_REPRESENTATION_CONTEXT() REPRESENTATION_CONTEXT('2D SPACE',''
  ) );
#83 = ORIENTED_EDGE('',*,*,#84,.F.);
#84 = EDGE_CURVE('',#85,#57,#87,.T.);
#85 = VERTEX_POINT('',#86);
#86 = CARTESIAN_POINT('',(11.3,-12.52850084141,1.7763568394E-15));
#87 = SURFACE_CURVE('',#88,(#92,#99),.PCURVE_S1.);
#88 = LINE('',#89,#90);
#89 = CARTESIAN_POINT('',(11.3,-12.52850084141,1.7763568394E-15));
#90 = VECTOR('',#91,1.);
#91 = DIRECTION('',(0.,1.224646799147E-16,1.));
#92 = PCURVE('',#32,#93);
#93 = DEFINITIONAL_REPRESENTATION('',(#94),#98);
#94 = LINE('',#95,#96);
#95 = CARTESIAN_POINT('',(-2.449293598295E-16,-4.));
#96 = VECTOR('',#97,1.);
#97 = DIRECTION('',(0.,1.));
#98 = ( GEOMETRIC_REPRESENTATION_CONTEXT(2) 
PARAMETRIC_REPRESENTATION_CONTEXT() REPRESENTATION_CONTEXT('2D SPACE',''
  ) );
#99 = PCURVE('',#100,#105);
#100 = PLANE('',#101);
#101 = AXIS2_PLACEMENT_3D('',#102,#103,#104);
#102 = CARTESIAN_POINT('',(11.3,-5.484827557301,4.));
#103 = DIRECTION('',(-1.,-5.043836554449E-16,6.176918291828E-32));
#104 = DIRECTION('',(5.043836554449E-16,-1.,1.224646799147E-16));
#105 = DEFINITIONAL_REPRESENTATION('',(#106),#110);
#106 = LINE('',#107,#108);
#107 = CARTESIAN_POINT('',(7.043673284113,-4.));
#108 = VECTOR('',#109,1.);
#109 = DIRECTION('',(0.,1.));
#110 = ( GEOMETRIC_REPRESENTATION_CONTEXT(2) 
PARAMETRIC_REPRESENTATION_CONTEXT() REPRESENTATION_CONTEXT('2D SPACE',''
  ) );
#111 = ORIENTED_EDGE('',*,*,#112,.T.);
#112 = EDGE_CURVE('',#85,#24,#113,.T.);
#113 = SURFACE_CURVE('',#114,(#118,#125),.PCURVE_S1.);
#114 = LINE('',#115,#116);
#115 = CARTESIAN_POINT('',(11.3,-12.52850084141,1.7763568394E-15));
#116 = VECTOR('',#117,1.);
#117 = DIRECTION('',(-0.866025403784,-0.5,6.123233995737E-17));
#118 = PCURVE('',#32,#119);
#119 = DEFINITIONAL_REPRESENTATION('',(#120),#124);
#120 = LINE('',#121,#122);
#121 = CARTESIAN_POINT('',(-2.449293598295E-16,-4.));
#122 = VECTOR('',#123,1.);
#123 = DIRECTION('',(1.,0.));
#124 = ( GEOMETRIC_REPRESENTATION_CONTEXT(2) 
PARAMETRIC_REPRESENTATION_CONTEXT() REPRESENTATION_CONTEXT('2D SPACE',''
  ) );
#125 = PCURVE('',#126,#131);
#126 = PLANE('',#127);
#127 = AXIS2_PLACEMENT_3D('',#128,#129,#130);
#128 = CARTESIAN_POINT('',(-7.8,4.503332099679,-8.881784197001E-16));
#129 = DIRECTION('',(0.,-1.224646799147E-16,-1.));
#130 = DIRECTION('',(1.,0.,0.));
#131 = DEFINITIONAL_REPRESENTATION('',(#132),#136);
#132 = LINE('',#133,#134);
#133 = CARTESIAN_POINT('',(19.1,17.031832941094));
#134 = VECTOR('',#135,1.);
#135 = DIRECTION('',(-0.866025403784,0.5));
#136 = ( GEOMETRIC_REPRESENTATION_CONTEXT(2) 
PARAMETRIC_REPRESENTATION_CONTEXT() REPRESENTATION_CONTEXT('2D SPACE',''
  ) );
#137 = ADVANCED_FACE('',(#138),#44,.F.);
#138 = FACE_BOUND('',#139,.F.);
#139 = EDGE_LOOP('',(#140,#170,#191,#192));
#140 = ORIENTED_EDGE('',*,*,#141,.F.);
#141 = EDGE_CURVE('',#142,#144,#146,.T.);
#142 = VERTEX_POINT('',#143);
#143 = CARTESIAN_POINT('',(2.6,-14.54922678357,5.));
#144 = VERTEX_POINT('',#145);
#145 = CARTESIAN_POINT('',(2.6,-14.54922678357,1.7763568394E-15));
#146 = SURFACE_CURVE('',#147,(#151,#158),.PCURVE_S1.);
#147 = LINE('',#148,#149);
#148 = CARTESIAN_POINT('',(2.6,-14.54922678357,5.));
#149 = VECTOR('',#150,1.);
#150 = DIRECTION('',(0.,-1.224646799147E-16,-1.));
#151 = PCURVE('',#44,#152);
#152 = DEFINITIONAL_REPRESENTATION('',(#153),#157);
#153 = LINE('',#154,#155);
#154 = CARTESIAN_POINT('',(3.002221399786,1.));
#155 = VECTOR('',#156,1.);
#156 = DIRECTION('',(0.,-1.));
#157 = ( GEOMETRIC_REPRESENTATION_CONTEXT(2) 
PARAMETRIC_REPRESENTATION_CONTEXT() REPRESENTATION_CONTEXT('2D SPACE',''
  ) );
#158 = PCURVE('',#159,#164);
#159 = PLANE('',#160);
#160 = AXIS2_PLACEMENT_3D('',#161,#162,#163);
#161 = CARTESIAN_POINT('',(6.1,-12.52850084141,4.));
#162 = DIRECTION('',(-0.5,0.866025403784,-1.060575238725E-16));
#163 = DIRECTION('',(-0.866025403784,-0.5,6.123233995737E-17));
#164 = DEFINITIONAL_REPRESENTATION('',(#165),#169);
#165 = LINE('',#166,#167);
#166 = CARTESIAN_POINT('',(4.041451884327,1.));
#167 = VECTOR('',#168,1.);
#168 = DIRECTION('',(0.,-1.));
#169 = ( GEOMETRIC_REPRESENTATION_CONTEXT(2) 
PARAMETRIC_REPRESENTATION_CONTEXT() REPRESENTATION_CONTEXT('2D SPACE',''
  ) );
#170 = ORIENTED_EDGE('',*,*,#171,.F.);
#171 = EDGE_CURVE('',#22,#142,#172,.T.);
#172 = SURFACE_CURVE('',#173,(#177,#184),.PCURVE_S1.);
#173 = LINE('',#174,#175);
#174 = CARTESIAN_POINT('',(5.2,-16.05033748347,5.));
#175 = VECTOR('',#176,1.);
#176 = DIRECTION('',(-0.866025403784,0.5,-6.123233995737E-17));
#177 = PCURVE('',#44,#178);
#178 = DEFINITIONAL_REPRESENTATION('',(#179),#183);
#179 = LINE('',#180,#181);
#180 = CARTESIAN_POINT('',(-6.123233995737E-17,1.));
#181 = VECTOR('',#182,1.);
#182 = DIRECTION('',(1.,0.));
#183 = ( GEOMETRIC_REPRESENTATION_CONTEXT(2) 
PARAMETRIC_REPRESENTATION_CONTEXT() REPRESENTATION_CONTEXT('2D SPACE',''
  ) );
#184 = PCURVE('',#72,#185);
#185 = DEFINITIONAL_REPRESENTATION('',(#186),#190);
#186 = LINE('',#187,#188);
#187 = CARTESIAN_POINT('',(15.6,16.050337483472));
#188 = VECTOR('',#189,1.);
#189 = DIRECTION('',(-0.866025403784,-0.5));
#190 = ( GEOMETRIC_REPRESENTATION_CONTEXT(2) 
PARAMETRIC_REPRESENTATION_CONTEXT() REPRESENTATION_CONTEXT('2D SPACE',''
  ) );
#191 = ORIENTED_EDGE('',*,*,#21,.T.);
#192 = ORIENTED_EDGE('',*,*,#193,.T.);
#193 = EDGE_CURVE('',#24,#144,#194,.T.);
#194 = SURFACE_CURVE('',#195,(#199,#206),.PCURVE_S1.);
#195 = LINE('',#196,#197);
#196 = CARTESIAN_POINT('',(5.2,-16.05033748347,1.7763568394E-15));
#197 = VECTOR('',#198,1.);
#198 = DIRECTION('',(-0.866025403784,0.5,-6.123233995737E-17));
#199 = PCURVE('',#44,#200);
#200 = DEFINITIONAL_REPRESENTATION('',(#201),#205);
#201 = LINE('',#202,#203);
#202 = CARTESIAN_POINT('',(2.449293598295E-16,-4.));
#203 = VECTOR('',#204,1.);
#204 = DIRECTION('',(1.,0.));
#205 = ( GEOMETRIC_REPRESENTATION_CONTEXT(2) 
PARAMETRIC_REPRESENTATION_CONTEXT() REPRESENTATION_CONTEXT('2D SPACE',''
  ) );
#206 = PCURVE('',#126,#207);
#207 = DEFINITIONAL_REPRESENTATION('',(#208),#212);
#208 = LINE('',#209,#210);
#209 = CARTESIAN_POINT('',(13.,20.553669583151));
#210 = VECTOR('',#211,1.);
#211 = DIRECTION('',(-0.866025403784,-0.5));
#212 = ( GEOMETRIC_REPRESENTATION_CONTEXT(2) 
PARAMETRIC_REPRESENTATION_CONTEXT() REPRESENTATION_CONTEXT('2D SPACE',''
  ) );
#213 = ADVANCED_FACE('',(#214,#990),#72,.F.);
#214 = FACE_BOUND('',#215,.F.);
#215 = EDGE_LOOP('',(#216,#217,#218,#241,#269,#297,#325,#353,#381,#409,
    #437,#465,#493,#521,#549,#577,#605,#633,#661,#689,#717,#745,#773,
    #801,#829,#857,#885,#913,#941,#969));
#216 = ORIENTED_EDGE('',*,*,#56,.T.);
#217 = ORIENTED_EDGE('',*,*,#171,.T.);
#218 = ORIENTED_EDGE('',*,*,#219,.T.);
#219 = EDGE_CURVE('',#142,#220,#222,.T.);
#220 = VERTEX_POINT('',#221);
#221 = CARTESIAN_POINT('',(4.313005970815E-16,-16.05033748347,5.));
#222 = SURFACE_CURVE('',#223,(#227,#234),.PCURVE_S1.);
#223 = LINE('',#224,#225);
#224 = CARTESIAN_POINT('',(6.1,-12.52850084141,5.));
#225 = VECTOR('',#226,1.);
#226 = DIRECTION('',(-0.866025403784,-0.5,6.123233995737E-17));
#227 = PCURVE('',#72,#228);
#228 = DEFINITIONAL_REPRESENTATION('',(#229),#233);
#229 = LINE('',#230,#231);
#230 = CARTESIAN_POINT('',(16.5,12.528500841415));
#231 = VECTOR('',#232,1.);
#232 = DIRECTION('',(-0.866025403784,0.5));
#233 = ( GEOMETRIC_REPRESENTATION_CONTEXT(2) 
PARAMETRIC_REPRESENTATION_CONTEXT() REPRESENTATION_CONTEXT('2D SPACE',''
  ) );
#234 = PCURVE('',#159,#235);
#235 = DEFINITIONAL_REPRESENTATION('',(#236),#240);
#236 = LINE('',#237,#238);
#237 = CARTESIAN_POINT('',(6.123233995737E-17,1.));
#238 = VECTOR('',#239,1.);
#239 = DIRECTION('',(1.,0.));
#240 = ( GEOMETRIC_REPRESENTATION_CONTEXT(2) 
PARAMETRIC_REPRESENTATION_CONTEXT() REPRESENTATION_CONTEXT('2D SPACE',''
  ) );
#241 = ORIENTED_EDGE('',*,*,#242,.T.);
#242 = EDGE_CURVE('',#220,#243,#245,.T.);
#243 = VERTEX_POINT('',#244);
#244 = CARTESIAN_POINT('',(-2.6,-14.54922678357,5.));
#245 = SURFACE_CURVE('',#246,(#250,#257),.PCURVE_S1.);
#246 = LINE('',#247,#248);
#247 = CARTESIAN_POINT('',(4.313005970815E-16,-16.05033748347,5.));
#248 = VECTOR('',#249,1.);
#249 = DIRECTION('',(-0.866025403784,0.5,-6.123233995737E-17));
#250 = PCURVE('',#72,#251);
#251 = DEFINITIONAL_REPRESENTATION('',(#252),#256);
#252 = LINE('',#253,#254);
#253 = CARTESIAN_POINT('',(10.4,16.050337483472));
#254 = VECTOR('',#255,1.);
#255 = DIRECTION('',(-0.866025403784,-0.5));
#256 = ( GEOMETRIC_REPRESENTATION_CONTEXT(2) 
PARAMETRIC_REPRESENTATION_CONTEXT() REPRESENTATION_CONTEXT('2D SPACE',''
  ) );
#257 = PCURVE('',#258,#263);
#258 = PLANE('',#259);
#259 = AXIS2_PLACEMENT_3D('',#260,#261,#262);
#260 = CARTESIAN_POINT('',(4.313005970815E-16,-16.05033748347,5.));
#261 = DIRECTION('',(0.5,0.866025403784,-1.060575238725E-16));
#262 = DIRECTION('',(-0.866025403784,0.5,-6.123233995737E-17));
#263 = DEFINITIONAL_REPRESENTATION('',(#264),#268);
#264 = LINE('',#265,#266);
#265 = CARTESIAN_POINT('',(0.,0.));
#266 = VECTOR('',#267,1.);
#267 = DIRECTION('',(1.,0.));
#268 = ( GEOMETRIC_REPRESENTATION_CONTEXT(2) 
PARAMETRIC_REPRESENTATION_CONTEXT() REPRESENTATION_CONTEXT('2D SPACE',''
  ) );
#269 = ORIENTED_EDGE('',*,*,#270,.T.);
#270 = EDGE_CURVE('',#243,#271,#273,.T.);
#271 = VERTEX_POINT('',#272);
#272 = CARTESIAN_POINT('',(-5.2,-16.05033748347,5.));
#273 = SURFACE_CURVE('',#274,(#278,#285),.PCURVE_S1.);
#274 = LINE('',#275,#276);
#275 = CARTESIAN_POINT('',(0.9,-12.52850084141,5.));
#276 = VECTOR('',#277,1.);
#277 = DIRECTION('',(-0.866025403784,-0.5,6.123233995737E-17));
#278 = PCURVE('',#72,#279);
#279 = DEFINITIONAL_REPRESENTATION('',(#280),#284);
#280 = LINE('',#281,#282);
#281 = CARTESIAN_POINT('',(11.3,12.528500841415));
#282 = VECTOR('',#283,1.);
#283 = DIRECTION('',(-0.866025403784,0.5));
#284 = ( GEOMETRIC_REPRESENTATION_CONTEXT(2) 
PARAMETRIC_REPRESENTATION_CONTEXT() REPRESENTATION_CONTEXT('2D SPACE',''
  ) );
#285 = PCURVE('',#286,#291);
#286 = PLANE('',#287);
#287 = AXIS2_PLACEMENT_3D('',#288,#289,#290);
#288 = CARTESIAN_POINT('',(0.9,-12.52850084141,5.));
#289 = DIRECTION('',(-0.5,0.866025403784,-1.060575238725E-16));
#290 = DIRECTION('',(-0.866025403784,-0.5,6.123233995737E-17));
#291 = DEFINITIONAL_REPRESENTATION('',(#292),#296);
#292 = LINE('',#293,#294);
#293 = CARTESIAN_POINT('',(0.,0.));
#294 = VECTOR('',#295,1.);
#295 = DIRECTION('',(1.,0.));
#296 = ( GEOMETRIC_REPRESENTATION_CONTEXT(2) 
PARAMETRIC_REPRESENTATION_CONTEXT() REPRESENTATION_CONTEXT('2D SPACE',''
  ) );
#297 = ORIENTED_EDGE('',*,*,#298,.T.);
#298 = EDGE_CURVE('',#271,#299,#301,.T.);
#299 = VERTEX_POINT('',#300);
#300 = CARTESIAN_POINT('',(-11.3,-12.52850084141,5.));
#301 = SURFACE_CURVE('',#302,(#306,#313),.PCURVE_S1.);
#302 = LINE('',#303,#304);
#303 = CARTESIAN_POINT('',(-5.2,-16.05033748347,5.));
#304 = VECTOR('',#305,1.);
#305 = DIRECTION('',(-0.866025403784,0.5,-6.123233995737E-17));
#306 = PCURVE('',#72,#307);
#307 = DEFINITIONAL_REPRESENTATION('',(#308),#312);
#308 = LINE('',#309,#310);
#309 = CARTESIAN_POINT('',(5.2,16.050337483472));
#310 = VECTOR('',#311,1.);
#311 = DIRECTION('',(-0.866025403784,-0.5));
#312 = ( GEOMETRIC_REPRESENTATION_CONTEXT(2) 
PARAMETRIC_REPRESENTATION_CONTEXT() REPRESENTATION_CONTEXT('2D SPACE',''
  ) );
#313 = PCURVE('',#314,#319);
#314 = PLANE('',#315);
#315 = AXIS2_PLACEMENT_3D('',#316,#317,#318);
#316 = CARTESIAN_POINT('',(-5.2,-16.05033748347,5.));
#317 = DIRECTION('',(0.5,0.866025403784,-1.060575238725E-16));
#318 = DIRECTION('',(-0.866025403784,0.5,-6.123233995737E-17));
#319 = DEFINITIONAL_REPRESENTATION('',(#320),#324);
#320 = LINE('',#321,#322);
#321 = CARTESIAN_POINT('',(0.,0.));
#322 = VECTOR('',#323,1.);
#323 = DIRECTION('',(1.,0.));
#324 = ( GEOMETRIC_REPRESENTATION_CONTEXT(2) 
PARAMETRIC_REPRESENTATION_CONTEXT() REPRESENTATION_CONTEXT('2D SPACE',''
  ) );
#325 = ORIENTED_EDGE('',*,*,#326,.T.);
#326 = EDGE_CURVE('',#299,#327,#329,.T.);
#327 = VERTEX_POINT('',#328);
#328 = CARTESIAN_POINT('',(-11.3,-9.526279441629,5.));
#329 = SURFACE_CURVE('',#330,(#334,#341),.PCURVE_S1.);
#330 = LINE('',#331,#332);
#331 = CARTESIAN_POINT('',(-11.3,-12.52850084141,5.));
#332 = VECTOR('',#333,1.);
#333 = DIRECTION('',(0.,1.,-1.224646799147E-16));
#334 = PCURVE('',#72,#335);
#335 = DEFINITIONAL_REPRESENTATION('',(#336),#340);
#336 = LINE('',#337,#338);
#337 = CARTESIAN_POINT('',(-0.9,12.528500841415));
#338 = VECTOR('',#339,1.);
#339 = DIRECTION('',(0.,-1.));
#340 = ( GEOMETRIC_REPRESENTATION_CONTEXT(2) 
PARAMETRIC_REPRESENTATION_CONTEXT() REPRESENTATION_CONTEXT('2D SPACE',''
  ) );
#341 = PCURVE('',#342,#347);
#342 = PLANE('',#343);
#343 = AXIS2_PLACEMENT_3D('',#344,#345,#346);
#344 = CARTESIAN_POINT('',(-11.3,-12.52850084141,5.));
#345 = DIRECTION('',(1.,0.,0.));
#346 = DIRECTION('',(0.,1.,-1.224646799147E-16));
#347 = DEFINITIONAL_REPRESENTATION('',(#348),#352);
#348 = LINE('',#349,#350);
#349 = CARTESIAN_POINT('',(0.,0.));
#350 = VECTOR('',#351,1.);
#351 = DIRECTION('',(1.,0.));
#352 = ( GEOMETRIC_REPRESENTATION_CONTEXT(2) 
PARAMETRIC_REPRESENTATION_CONTEXT() REPRESENTATION_CONTEXT('2D SPACE',''
  ) );
#353 = ORIENTED_EDGE('',*,*,#354,.T.);
#354 = EDGE_CURVE('',#327,#355,#357,.T.);
#355 = VERTEX_POINT('',#356);
#356 = CARTESIAN_POINT('',(-13.9,-8.025168741736,5.));
#357 = SURFACE_CURVE('',#358,(#362,#369),.PCURVE_S1.);
#358 = LINE('',#359,#360);
#359 = CARTESIAN_POINT('',(-7.8,-11.54700538379,5.));
#360 = VECTOR('',#361,1.);
#361 = DIRECTION('',(-0.866025403784,0.5,-6.123233995737E-17));
#362 = PCURVE('',#72,#363);
#363 = DEFINITIONAL_REPRESENTATION('',(#364),#368);
#364 = LINE('',#365,#366);
#365 = CARTESIAN_POINT('',(2.6,11.547005383793));
#366 = VECTOR('',#367,1.);
#367 = DIRECTION('',(-0.866025403784,-0.5));
#368 = ( GEOMETRIC_REPRESENTATION_CONTEXT(2) 
PARAMETRIC_REPRESENTATION_CONTEXT() REPRESENTATION_CONTEXT('2D SPACE',''
  ) );
#369 = PCURVE('',#370,#375);
#370 = PLANE('',#371);
#371 = AXIS2_PLACEMENT_3D('',#372,#373,#374);
#372 = CARTESIAN_POINT('',(-7.8,-11.54700538379,5.));
#373 = DIRECTION('',(0.5,0.866025403784,-1.060575238725E-16));
#374 = DIRECTION('',(-0.866025403784,0.5,-6.123233995737E-17));
#375 = DEFINITIONAL_REPRESENTATION('',(#376),#380);
#376 = LINE('',#377,#378);
#377 = CARTESIAN_POINT('',(0.,0.));
#378 = VECTOR('',#379,1.);
#379 = DIRECTION('',(1.,0.));
#380 = ( GEOMETRIC_REPRESENTATION_CONTEXT(2) 
PARAMETRIC_REPRESENTATION_CONTEXT() REPRESENTATION_CONTEXT('2D SPACE',''
  ) );
#381 = ORIENTED_EDGE('',*,*,#382,.T.);
#382 = EDGE_CURVE('',#355,#383,#385,.T.);
#383 = VERTEX_POINT('',#384);
#384 = CARTESIAN_POINT('',(-13.9,-5.02294734195,5.));
#385 = SURFACE_CURVE('',#386,(#390,#397),.PCURVE_S1.);
#386 = LINE('',#387,#388);
#387 = CARTESIAN_POINT('',(-13.9,-8.025168741736,5.));
#388 = VECTOR('',#389,1.);
#389 = DIRECTION('',(2.521918277224E-16,1.,-1.224646799147E-16));
#390 = PCURVE('',#72,#391);
#391 = DEFINITIONAL_REPRESENTATION('',(#392),#396);
#392 = LINE('',#393,#394);
#393 = CARTESIAN_POINT('',(-3.5,8.025168741736));
#394 = VECTOR('',#395,1.);
#395 = DIRECTION('',(2.521918277224E-16,-1.));
#396 = ( GEOMETRIC_REPRESENTATION_CONTEXT(2) 
PARAMETRIC_REPRESENTATION_CONTEXT() REPRESENTATION_CONTEXT('2D SPACE',''
  ) );
#397 = PCURVE('',#398,#403);
#398 = PLANE('',#399);
#399 = AXIS2_PLACEMENT_3D('',#400,#401,#402);
#400 = CARTESIAN_POINT('',(-13.9,-8.025168741736,5.));
#401 = DIRECTION('',(1.,-2.521918277224E-16,3.088459145914E-32));
#402 = DIRECTION('',(2.521918277224E-16,1.,-1.224646799147E-16));
#403 = DEFINITIONAL_REPRESENTATION('',(#404),#408);
#404 = LINE('',#405,#406);
#405 = CARTESIAN_POINT('',(0.,0.));
#406 = VECTOR('',#407,1.);
#407 = DIRECTION('',(1.,0.));
#408 = ( GEOMETRIC_REPRESENTATION_CONTEXT(2) 
PARAMETRIC_REPRESENTATION_CONTEXT() REPRESENTATION_CONTEXT('2D SPACE',''
  ) );
#409 = ORIENTED_EDGE('',*,*,#410,.T.);
#410 = EDGE_CURVE('',#383,#411,#413,.T.);
#411 = VERTEX_POINT('',#412);
#412 = CARTESIAN_POINT('',(-16.5,-3.521836642057,5.));
#413 = SURFACE_CURVE('',#414,(#418,#425),.PCURVE_S1.);
#414 = LINE('',#415,#416);
#415 = CARTESIAN_POINT('',(-10.4,-7.043673284113,5.));
#416 = VECTOR('',#417,1.);
#417 = DIRECTION('',(-0.866025403784,0.5,-6.123233995737E-17));
#418 = PCURVE('',#72,#419);
#419 = DEFINITIONAL_REPRESENTATION('',(#420),#424);
#420 = LINE('',#421,#422);
#421 = CARTESIAN_POINT('',(-1.7763568394E-15,7.043673284113));
#422 = VECTOR('',#423,1.);
#423 = DIRECTION('',(-0.866025403784,-0.5));
#424 = ( GEOMETRIC_REPRESENTATION_CONTEXT(2) 
PARAMETRIC_REPRESENTATION_CONTEXT() REPRESENTATION_CONTEXT('2D SPACE',''
  ) );
#425 = PCURVE('',#426,#431);
#426 = PLANE('',#427);
#427 = AXIS2_PLACEMENT_3D('',#428,#429,#430);
#428 = CARTESIAN_POINT('',(-10.4,-7.043673284113,5.));
#429 = DIRECTION('',(0.5,0.866025403784,-1.060575238725E-16));
#430 = DIRECTION('',(-0.866025403784,0.5,-6.123233995737E-17));
#431 = DEFINITIONAL_REPRESENTATION('',(#432),#436);
#432 = LINE('',#433,#434);
#433 = CARTESIAN_POINT('',(0.,0.));
#434 = VECTOR('',#435,1.);
#435 = DIRECTION('',(1.,0.));
#436 = ( GEOMETRIC_REPRESENTATION_CONTEXT(2) 
PARAMETRIC_REPRESENTATION_CONTEXT() REPRESENTATION_CONTEXT('2D SPACE',''
  ) );
#437 = ORIENTED_EDGE('',*,*,#438,.T.);
#438 = EDGE_CURVE('',#411,#439,#441,.T.);
#439 = VERTEX_POINT('',#440);
#440 = CARTESIAN_POINT('',(-16.5,3.521836642057,5.));
#441 = SURFACE_CURVE('',#442,(#446,#453),.PCURVE_S1.);
#442 = LINE('',#443,#444);
#443 = CARTESIAN_POINT('',(-16.5,-3.521836642057,5.));
#444 = VECTOR('',#445,1.);
#445 = DIRECTION('',(0.,1.,-1.224646799147E-16));
#446 = PCURVE('',#72,#447);
#447 = DEFINITIONAL_REPRESENTATION('',(#448),#452);
#448 = LINE('',#449,#450);
#449 = CARTESIAN_POINT('',(-6.1,3.521836642057));
#450 = VECTOR('',#451,1.);
#451 = DIRECTION('',(0.,-1.));
#452 = ( GEOMETRIC_REPRESENTATION_CONTEXT(2) 
PARAMETRIC_REPRESENTATION_CONTEXT() REPRESENTATION_CONTEXT('2D SPACE',''
  ) );
#453 = PCURVE('',#454,#459);
#454 = PLANE('',#455);
#455 = AXIS2_PLACEMENT_3D('',#456,#457,#458);
#456 = CARTESIAN_POINT('',(-16.5,-3.521836642057,5.));
#457 = DIRECTION('',(1.,0.,0.));
#458 = DIRECTION('',(0.,1.,-1.224646799147E-16));
#459 = DEFINITIONAL_REPRESENTATION('',(#460),#464);
#460 = LINE('',#461,#462);
#461 = CARTESIAN_POINT('',(0.,0.));
#462 = VECTOR('',#463,1.);
#463 = DIRECTION('',(1.,0.));
#464 = ( GEOMETRIC_REPRESENTATION_CONTEXT(2) 
PARAMETRIC_REPRESENTATION_CONTEXT() REPRESENTATION_CONTEXT('2D SPACE',''
  ) );
#465 = ORIENTED_EDGE('',*,*,#466,.T.);
#466 = EDGE_CURVE('',#439,#467,#469,.T.);
#467 = VERTEX_POINT('',#468);
#468 = CARTESIAN_POINT('',(-13.9,5.02294734195,5.));
#469 = SURFACE_CURVE('',#470,(#474,#481),.PCURVE_S1.);
#470 = LINE('',#471,#472);
#471 = CARTESIAN_POINT('',(-16.5,3.521836642057,5.));
#472 = VECTOR('',#473,1.);
#473 = DIRECTION('',(0.866025403784,0.5,-6.123233995737E-17));
#474 = PCURVE('',#72,#475);
#475 = DEFINITIONAL_REPRESENTATION('',(#476),#480);
#476 = LINE('',#477,#478);
#477 = CARTESIAN_POINT('',(-6.1,-3.521836642057));
#478 = VECTOR('',#479,1.);
#479 = DIRECTION('',(0.866025403784,-0.5));
#480 = ( GEOMETRIC_REPRESENTATION_CONTEXT(2) 
PARAMETRIC_REPRESENTATION_CONTEXT() REPRESENTATION_CONTEXT('2D SPACE',''
  ) );
#481 = PCURVE('',#482,#487);
#482 = PLANE('',#483);
#483 = AXIS2_PLACEMENT_3D('',#484,#485,#486);
#484 = CARTESIAN_POINT('',(-16.5,3.521836642057,5.));
#485 = DIRECTION('',(0.5,-0.866025403784,1.060575238725E-16));
#486 = DIRECTION('',(0.866025403784,0.5,-6.123233995737E-17));
#487 = DEFINITIONAL_REPRESENTATION('',(#488),#492);
#488 = LINE('',#489,#490);
#489 = CARTESIAN_POINT('',(0.,0.));
#490 = VECTOR('',#491,1.);
#491 = DIRECTION('',(1.,0.));
#492 = ( GEOMETRIC_REPRESENTATION_CONTEXT(2) 
PARAMETRIC_REPRESENTATION_CONTEXT() REPRESENTATION_CONTEXT('2D SPACE',''
  ) );
#493 = ORIENTED_EDGE('',*,*,#494,.T.);
#494 = EDGE_CURVE('',#467,#495,#497,.T.);
#495 = VERTEX_POINT('',#496);
#496 = CARTESIAN_POINT('',(-13.9,8.025168741736,5.));
#497 = SURFACE_CURVE('',#498,(#502,#509),.PCURVE_S1.);
#498 = LINE('',#499,#500);
#499 = CARTESIAN_POINT('',(-13.9,0.981495457622,5.));
#500 = VECTOR('',#501,1.);
#501 = DIRECTION('',(2.521918277224E-16,1.,-1.224646799147E-16));
#502 = PCURVE('',#72,#503);
#503 = DEFINITIONAL_REPRESENTATION('',(#504),#508);
#504 = LINE('',#505,#506);
#505 = CARTESIAN_POINT('',(-3.5,-0.981495457622));
#506 = VECTOR('',#507,1.);
#507 = DIRECTION('',(2.521918277224E-16,-1.));
#508 = ( GEOMETRIC_REPRESENTATION_CONTEXT(2) 
PARAMETRIC_REPRESENTATION_CONTEXT() REPRESENTATION_CONTEXT('2D SPACE',''
  ) );
#509 = PCURVE('',#510,#515);
#510 = PLANE('',#511);
#511 = AXIS2_PLACEMENT_3D('',#512,#513,#514);
#512 = CARTESIAN_POINT('',(-13.9,0.981495457622,5.));
#513 = DIRECTION('',(1.,-2.521918277224E-16,3.088459145914E-32));
#514 = DIRECTION('',(2.521918277224E-16,1.,-1.224646799147E-16));
#515 = DEFINITIONAL_REPRESENTATION('',(#516),#520);
#516 = LINE('',#517,#518);
#517 = CARTESIAN_POINT('',(0.,0.));
#518 = VECTOR('',#519,1.);
#519 = DIRECTION('',(1.,0.));
#520 = ( GEOMETRIC_REPRESENTATION_CONTEXT(2) 
PARAMETRIC_REPRESENTATION_CONTEXT() REPRESENTATION_CONTEXT('2D SPACE',''
  ) );
#521 = ORIENTED_EDGE('',*,*,#522,.T.);
#522 = EDGE_CURVE('',#495,#523,#525,.T.);
#523 = VERTEX_POINT('',#524);
#524 = CARTESIAN_POINT('',(-11.3,9.526279441629,5.));
#525 = SURFACE_CURVE('',#526,(#530,#537),.PCURVE_S1.);
#526 = LINE('',#527,#528);
#527 = CARTESIAN_POINT('',(-13.9,8.025168741736,5.));
#528 = VECTOR('',#529,1.);
#529 = DIRECTION('',(0.866025403784,0.5,-6.123233995737E-17));
#530 = PCURVE('',#72,#531);
#531 = DEFINITIONAL_REPRESENTATION('',(#532),#536);
#532 = LINE('',#533,#534);
#533 = CARTESIAN_POINT('',(-3.5,-8.025168741736));
#534 = VECTOR('',#535,1.);
#535 = DIRECTION('',(0.866025403784,-0.5));
#536 = ( GEOMETRIC_REPRESENTATION_CONTEXT(2) 
PARAMETRIC_REPRESENTATION_CONTEXT() REPRESENTATION_CONTEXT('2D SPACE',''
  ) );
#537 = PCURVE('',#538,#543);
#538 = PLANE('',#539);
#539 = AXIS2_PLACEMENT_3D('',#540,#541,#542);
#540 = CARTESIAN_POINT('',(-13.9,8.025168741736,5.));
#541 = DIRECTION('',(0.5,-0.866025403784,1.060575238725E-16));
#542 = DIRECTION('',(0.866025403784,0.5,-6.123233995737E-17));
#543 = DEFINITIONAL_REPRESENTATION('',(#544),#548);
#544 = LINE('',#545,#546);
#545 = CARTESIAN_POINT('',(0.,0.));
#546 = VECTOR('',#547,1.);
#547 = DIRECTION('',(1.,0.));
#548 = ( GEOMETRIC_REPRESENTATION_CONTEXT(2) 
PARAMETRIC_REPRESENTATION_CONTEXT() REPRESENTATION_CONTEXT('2D SPACE',''
  ) );
#549 = ORIENTED_EDGE('',*,*,#550,.T.);
#550 = EDGE_CURVE('',#523,#551,#553,.T.);
#551 = VERTEX_POINT('',#552);
#552 = CARTESIAN_POINT('',(-11.3,12.528500841415,5.));
#553 = SURFACE_CURVE('',#554,(#558,#565),.PCURVE_S1.);
#554 = LINE('',#555,#556);
#555 = CARTESIAN_POINT('',(-11.3,5.484827557301,5.));
#556 = VECTOR('',#557,1.);
#557 = DIRECTION('',(0.,1.,-1.224646799147E-16));
#558 = PCURVE('',#72,#559);
#559 = DEFINITIONAL_REPRESENTATION('',(#560),#564);
#560 = LINE('',#561,#562);
#561 = CARTESIAN_POINT('',(-0.9,-5.484827557301));
#562 = VECTOR('',#563,1.);
#563 = DIRECTION('',(0.,-1.));
#564 = ( GEOMETRIC_REPRESENTATION_CONTEXT(2) 
PARAMETRIC_REPRESENTATION_CONTEXT() REPRESENTATION_CONTEXT('2D SPACE',''
  ) );
#565 = PCURVE('',#566,#571);
#566 = PLANE('',#567);
#567 = AXIS2_PLACEMENT_3D('',#568,#569,#570);
#568 = CARTESIAN_POINT('',(-11.3,5.484827557301,5.));
#569 = DIRECTION('',(1.,0.,0.));
#570 = DIRECTION('',(0.,1.,-1.224646799147E-16));
#571 = DEFINITIONAL_REPRESENTATION('',(#572),#576);
#572 = LINE('',#573,#574);
#573 = CARTESIAN_POINT('',(0.,0.));
#574 = VECTOR('',#575,1.);
#575 = DIRECTION('',(1.,0.));
#576 = ( GEOMETRIC_REPRESENTATION_CONTEXT(2) 
PARAMETRIC_REPRESENTATION_CONTEXT() REPRESENTATION_CONTEXT('2D SPACE',''
  ) );
#577 = ORIENTED_EDGE('',*,*,#578,.T.);
#578 = EDGE_CURVE('',#551,#579,#581,.T.);
#579 = VERTEX_POINT('',#580);
#580 = CARTESIAN_POINT('',(-5.2,16.050337483472,5.));
#581 = SURFACE_CURVE('',#582,(#586,#593),.PCURVE_S1.);
#582 = LINE('',#583,#584);
#583 = CARTESIAN_POINT('',(-11.3,12.528500841415,5.));
#584 = VECTOR('',#585,1.);
#585 = DIRECTION('',(0.866025403784,0.5,-6.123233995737E-17));
#586 = PCURVE('',#72,#587);
#587 = DEFINITIONAL_REPRESENTATION('',(#588),#592);
#588 = LINE('',#589,#590);
#589 = CARTESIAN_POINT('',(-0.9,-12.52850084141));
#590 = VECTOR('',#591,1.);
#591 = DIRECTION('',(0.866025403784,-0.5));
#592 = ( GEOMETRIC_REPRESENTATION_CONTEXT(2) 
PARAMETRIC_REPRESENTATION_CONTEXT() REPRESENTATION_CONTEXT('2D SPACE',''
  ) );
#593 = PCURVE('',#594,#599);
#594 = PLANE('',#595);
#595 = AXIS2_PLACEMENT_3D('',#596,#597,#598);
#596 = CARTESIAN_POINT('',(-11.3,12.528500841415,5.));
#597 = DIRECTION('',(0.5,-0.866025403784,1.060575238725E-16));
#598 = DIRECTION('',(0.866025403784,0.5,-6.123233995737E-17));
#599 = DEFINITIONAL_REPRESENTATION('',(#600),#604);
#600 = LINE('',#601,#602);
#601 = CARTESIAN_POINT('',(0.,0.));
#602 = VECTOR('',#603,1.);
#603 = DIRECTION('',(1.,0.));
#604 = ( GEOMETRIC_REPRESENTATION_CONTEXT(2) 
PARAMETRIC_REPRESENTATION_CONTEXT() REPRESENTATION_CONTEXT('2D SPACE',''
  ) );
#605 = ORIENTED_EDGE('',*,*,#606,.T.);
#606 = EDGE_CURVE('',#579,#607,#609,.T.);
#607 = VERTEX_POINT('',#608);
#608 = CARTESIAN_POINT('',(-2.6,14.549226783579,5.));
#609 = SURFACE_CURVE('',#610,(#614,#621),.PCURVE_S1.);
#610 = LINE('',#611,#612);
#611 = CARTESIAN_POINT('',(-5.2,16.050337483472,5.));
#612 = VECTOR('',#613,1.);
#613 = DIRECTION('',(0.866025403784,-0.5,6.123233995737E-17));
#614 = PCURVE('',#72,#615);
#615 = DEFINITIONAL_REPRESENTATION('',(#616),#620);
#616 = LINE('',#617,#618);
#617 = CARTESIAN_POINT('',(5.2,-16.05033748347));
#618 = VECTOR('',#619,1.);
#619 = DIRECTION('',(0.866025403784,0.5));
#620 = ( GEOMETRIC_REPRESENTATION_CONTEXT(2) 
PARAMETRIC_REPRESENTATION_CONTEXT() REPRESENTATION_CONTEXT('2D SPACE',''
  ) );
#621 = PCURVE('',#622,#627);
#622 = PLANE('',#623);
#623 = AXIS2_PLACEMENT_3D('',#624,#625,#626);
#624 = CARTESIAN_POINT('',(-5.2,16.050337483472,5.));
#625 = DIRECTION('',(-0.5,-0.866025403784,1.060575238725E-16));
#626 = DIRECTION('',(0.866025403784,-0.5,6.123233995737E-17));
#627 = DEFINITIONAL_REPRESENTATION('',(#628),#632);
#628 = LINE('',#629,#630);
#629 = CARTESIAN_POINT('',(0.,0.));
#630 = VECTOR('',#631,1.);
#631 = DIRECTION('',(1.,0.));
#632 = ( GEOMETRIC_REPRESENTATION_CONTEXT(2) 
PARAMETRIC_REPRESENTATION_CONTEXT() REPRESENTATION_CONTEXT('2D SPACE',''
  ) );
#633 = ORIENTED_EDGE('',*,*,#634,.T.);
#634 = EDGE_CURVE('',#607,#635,#637,.T.);
#635 = VERTEX_POINT('',#636);
#636 = CARTESIAN_POINT('',(-1.293901791244E-15,16.050337483472,5.));
#637 = SURFACE_CURVE('',#638,(#642,#649),.PCURVE_S1.);
#638 = LINE('',#639,#640);
#639 = CARTESIAN_POINT('',(-6.1,12.528500841415,5.));
#640 = VECTOR('',#641,1.);
#641 = DIRECTION('',(0.866025403784,0.5,-6.123233995737E-17));
#642 = PCURVE('',#72,#643);
#643 = DEFINITIONAL_REPRESENTATION('',(#644),#648);
#644 = LINE('',#645,#646);
#645 = CARTESIAN_POINT('',(4.3,-12.52850084141));
#646 = VECTOR('',#647,1.);
#647 = DIRECTION('',(0.866025403784,-0.5));
#648 = ( GEOMETRIC_REPRESENTATION_CONTEXT(2) 
PARAMETRIC_REPRESENTATION_CONTEXT() REPRESENTATION_CONTEXT('2D SPACE',''
  ) );
#649 = PCURVE('',#650,#655);
#650 = PLANE('',#651);
#651 = AXIS2_PLACEMENT_3D('',#652,#653,#654);
#652 = CARTESIAN_POINT('',(-6.1,12.528500841415,5.));
#653 = DIRECTION('',(0.5,-0.866025403784,1.060575238725E-16));
#654 = DIRECTION('',(0.866025403784,0.5,-6.123233995737E-17));
#655 = DEFINITIONAL_REPRESENTATION('',(#656),#660);
#656 = LINE('',#657,#658);
#657 = CARTESIAN_POINT('',(0.,0.));
#658 = VECTOR('',#659,1.);
#659 = DIRECTION('',(1.,0.));
#660 = ( GEOMETRIC_REPRESENTATION_CONTEXT(2) 
PARAMETRIC_REPRESENTATION_CONTEXT() REPRESENTATION_CONTEXT('2D SPACE',''
  ) );
#661 = ORIENTED_EDGE('',*,*,#662,.T.);
#662 = EDGE_CURVE('',#635,#663,#665,.T.);
#663 = VERTEX_POINT('',#664);
#664 = CARTESIAN_POINT('',(2.6,14.549226783579,5.));
#665 = SURFACE_CURVE('',#666,(#670,#677),.PCURVE_S1.);
#666 = LINE('',#667,#668);
#667 = CARTESIAN_POINT('',(-1.293901791244E-15,16.050337483472,5.));
#668 = VECTOR('',#669,1.);
#669 = DIRECTION('',(0.866025403784,-0.5,6.123233995737E-17));
#670 = PCURVE('',#72,#671);
#671 = DEFINITIONAL_REPRESENTATION('',(#672),#676);
#672 = LINE('',#673,#674);
#673 = CARTESIAN_POINT('',(10.4,-16.05033748347));
#674 = VECTOR('',#675,1.);
#675 = DIRECTION('',(0.866025403784,0.5));
#676 = ( GEOMETRIC_REPRESENTATION_CONTEXT(2) 
PARAMETRIC_REPRESENTATION_CONTEXT() REPRESENTATION_CONTEXT('2D SPACE',''
  ) );
#677 = PCURVE('',#678,#683);
#678 = PLANE('',#679);
#679 = AXIS2_PLACEMENT_3D('',#680,#681,#682);
#680 = CARTESIAN_POINT('',(-1.293901791244E-15,16.050337483472,5.));
#681 = DIRECTION('',(-0.5,-0.866025403784,1.060575238725E-16));
#682 = DIRECTION('',(0.866025403784,-0.5,6.123233995737E-17));
#683 = DEFINITIONAL_REPRESENTATION('',(#684),#688);
#684 = LINE('',#685,#686);
#685 = CARTESIAN_POINT('',(0.,0.));
#686 = VECTOR('',#687,1.);
#687 = DIRECTION('',(1.,0.));
#688 = ( GEOMETRIC_REPRESENTATION_CONTEXT(2) 
PARAMETRIC_REPRESENTATION_CONTEXT() REPRESENTATION_CONTEXT('2D SPACE',''
  ) );
#689 = ORIENTED_EDGE('',*,*,#690,.T.);
#690 = EDGE_CURVE('',#663,#691,#693,.T.);
#691 = VERTEX_POINT('',#692);
#692 = CARTESIAN_POINT('',(5.2,16.050337483472,5.));
#693 = SURFACE_CURVE('',#694,(#698,#705),.PCURVE_S1.);
#694 = LINE('',#695,#696);
#695 = CARTESIAN_POINT('',(-0.9,12.528500841415,5.));
#696 = VECTOR('',#697,1.);
#697 = DIRECTION('',(0.866025403784,0.5,-6.123233995737E-17));
#698 = PCURVE('',#72,#699);
#699 = DEFINITIONAL_REPRESENTATION('',(#700),#704);
#700 = LINE('',#701,#702);
#701 = CARTESIAN_POINT('',(9.5,-12.52850084141));
#702 = VECTOR('',#703,1.);
#703 = DIRECTION('',(0.866025403784,-0.5));
#704 = ( GEOMETRIC_REPRESENTATION_CONTEXT(2) 
PARAMETRIC_REPRESENTATION_CONTEXT() REPRESENTATION_CONTEXT('2D SPACE',''
  ) );
#705 = PCURVE('',#706,#711);
#706 = PLANE('',#707);
#707 = AXIS2_PLACEMENT_3D('',#708,#709,#710);
#708 = CARTESIAN_POINT('',(-0.9,12.528500841415,5.));
#709 = DIRECTION('',(0.5,-0.866025403784,1.060575238725E-16));
#710 = DIRECTION('',(0.866025403784,0.5,-6.123233995737E-17));
#711 = DEFINITIONAL_REPRESENTATION('',(#712),#716);
#712 = LINE('',#713,#714);
#713 = CARTESIAN_POINT('',(0.,0.));
#714 = VECTOR('',#715,1.);
#715 = DIRECTION('',(1.,0.));
#716 = ( GEOMETRIC_REPRESENTATION_CONTEXT(2) 
PARAMETRIC_REPRESENTATION_CONTEXT() REPRESENTATION_CONTEXT('2D SPACE',''
  ) );
#717 = ORIENTED_EDGE('',*,*,#718,.T.);
#718 = EDGE_CURVE('',#691,#719,#721,.T.);
#719 = VERTEX_POINT('',#720);
#720 = CARTESIAN_POINT('',(11.3,12.528500841415,5.));
#721 = SURFACE_CURVE('',#722,(#726,#733),.PCURVE_S1.);
#722 = LINE('',#723,#724);
#723 = CARTESIAN_POINT('',(5.2,16.050337483472,5.));
#724 = VECTOR('',#725,1.);
#725 = DIRECTION('',(0.866025403784,-0.5,6.123233995737E-17));
#726 = PCURVE('',#72,#727);
#727 = DEFINITIONAL_REPRESENTATION('',(#728),#732);
#728 = LINE('',#729,#730);
#729 = CARTESIAN_POINT('',(15.6,-16.05033748347));
#730 = VECTOR('',#731,1.);
#731 = DIRECTION('',(0.866025403784,0.5));
#732 = ( GEOMETRIC_REPRESENTATION_CONTEXT(2) 
PARAMETRIC_REPRESENTATION_CONTEXT() REPRESENTATION_CONTEXT('2D SPACE',''
  ) );
#733 = PCURVE('',#734,#739);
#734 = PLANE('',#735);
#735 = AXIS2_PLACEMENT_3D('',#736,#737,#738);
#736 = CARTESIAN_POINT('',(5.2,16.050337483472,5.));
#737 = DIRECTION('',(-0.5,-0.866025403784,1.060575238725E-16));
#738 = DIRECTION('',(0.866025403784,-0.5,6.123233995737E-17));
#739 = DEFINITIONAL_REPRESENTATION('',(#740),#744);
#740 = LINE('',#741,#742);
#741 = CARTESIAN_POINT('',(0.,0.));
#742 = VECTOR('',#743,1.);
#743 = DIRECTION('',(1.,0.));
#744 = ( GEOMETRIC_REPRESENTATION_CONTEXT(2) 
PARAMETRIC_REPRESENTATION_CONTEXT() REPRESENTATION_CONTEXT('2D SPACE',''
  ) );
#745 = ORIENTED_EDGE('',*,*,#746,.T.);
#746 = EDGE_CURVE('',#719,#747,#749,.T.);
#747 = VERTEX_POINT('',#748);
#748 = CARTESIAN_POINT('',(11.3,9.526279441629,5.));
#749 = SURFACE_CURVE('',#750,(#754,#761),.PCURVE_S1.);
#750 = LINE('',#751,#752);
#751 = CARTESIAN_POINT('',(11.3,12.528500841415,5.));
#752 = VECTOR('',#753,1.);
#753 = DIRECTION('',(5.043836554449E-16,-1.,1.224646799147E-16));
#754 = PCURVE('',#72,#755);
#755 = DEFINITIONAL_REPRESENTATION('',(#756),#760);
#756 = LINE('',#757,#758);
#757 = CARTESIAN_POINT('',(21.7,-12.52850084141));
#758 = VECTOR('',#759,1.);
#759 = DIRECTION('',(5.043836554449E-16,1.));
#760 = ( GEOMETRIC_REPRESENTATION_CONTEXT(2) 
PARAMETRIC_REPRESENTATION_CONTEXT() REPRESENTATION_CONTEXT('2D SPACE',''
  ) );
#761 = PCURVE('',#762,#767);
#762 = PLANE('',#763);
#763 = AXIS2_PLACEMENT_3D('',#764,#765,#766);
#764 = CARTESIAN_POINT('',(11.3,12.528500841415,5.));
#765 = DIRECTION('',(-1.,-5.043836554449E-16,6.176918291828E-32));
#766 = DIRECTION('',(5.043836554449E-16,-1.,1.224646799147E-16));
#767 = DEFINITIONAL_REPRESENTATION('',(#768),#772);
#768 = LINE('',#769,#770);
#769 = CARTESIAN_POINT('',(0.,0.));
#770 = VECTOR('',#771,1.);
#771 = DIRECTION('',(1.,0.));
#772 = ( GEOMETRIC_REPRESENTATION_CONTEXT(2) 
PARAMETRIC_REPRESENTATION_CONTEXT() REPRESENTATION_CONTEXT('2D SPACE',''
  ) );
#773 = ORIENTED_EDGE('',*,*,#774,.T.);
#774 = EDGE_CURVE('',#747,#775,#777,.T.);
#775 = VERTEX_POINT('',#776);
#776 = CARTESIAN_POINT('',(13.9,8.025168741736,5.));
#777 = SURFACE_CURVE('',#778,(#782,#789),.PCURVE_S1.);
#778 = LINE('',#779,#780);
#779 = CARTESIAN_POINT('',(7.8,11.547005383793,5.));
#780 = VECTOR('',#781,1.);
#781 = DIRECTION('',(0.866025403784,-0.5,6.123233995737E-17));
#782 = PCURVE('',#72,#783);
#783 = DEFINITIONAL_REPRESENTATION('',(#784),#788);
#784 = LINE('',#785,#786);
#785 = CARTESIAN_POINT('',(18.2,-11.54700538379));
#786 = VECTOR('',#787,1.);
#787 = DIRECTION('',(0.866025403784,0.5));
#788 = ( GEOMETRIC_REPRESENTATION_CONTEXT(2) 
PARAMETRIC_REPRESENTATION_CONTEXT() REPRESENTATION_CONTEXT('2D SPACE',''
  ) );
#789 = PCURVE('',#790,#795);
#790 = PLANE('',#791);
#791 = AXIS2_PLACEMENT_3D('',#792,#793,#794);
#792 = CARTESIAN_POINT('',(7.8,11.547005383793,5.));
#793 = DIRECTION('',(-0.5,-0.866025403784,1.060575238725E-16));
#794 = DIRECTION('',(0.866025403784,-0.5,6.123233995737E-17));
#795 = DEFINITIONAL_REPRESENTATION('',(#796),#800);
#796 = LINE('',#797,#798);
#797 = CARTESIAN_POINT('',(0.,0.));
#798 = VECTOR('',#799,1.);
#799 = DIRECTION('',(1.,1.232595164408E-32));
#800 = ( GEOMETRIC_REPRESENTATION_CONTEXT(2) 
PARAMETRIC_REPRESENTATION_CONTEXT() REPRESENTATION_CONTEXT('2D SPACE',''
  ) );
#801 = ORIENTED_EDGE('',*,*,#802,.T.);
#802 = EDGE_CURVE('',#775,#803,#805,.T.);
#803 = VERTEX_POINT('',#804);
#804 = CARTESIAN_POINT('',(13.9,5.02294734195,5.));
#805 = SURFACE_CURVE('',#806,(#810,#817),.PCURVE_S1.);
#806 = LINE('',#807,#808);
#807 = CARTESIAN_POINT('',(13.9,8.025168741736,5.));
#808 = VECTOR('',#809,1.);
#809 = DIRECTION('',(5.043836554449E-16,-1.,1.224646799147E-16));
#810 = PCURVE('',#72,#811);
#811 = DEFINITIONAL_REPRESENTATION('',(#812),#816);
#812 = LINE('',#813,#814);
#813 = CARTESIAN_POINT('',(24.3,-8.025168741736));
#814 = VECTOR('',#815,1.);
#815 = DIRECTION('',(5.043836554449E-16,1.));
#816 = ( GEOMETRIC_REPRESENTATION_CONTEXT(2) 
PARAMETRIC_REPRESENTATION_CONTEXT() REPRESENTATION_CONTEXT('2D SPACE',''
  ) );
#817 = PCURVE('',#818,#823);
#818 = PLANE('',#819);
#819 = AXIS2_PLACEMENT_3D('',#820,#821,#822);
#820 = CARTESIAN_POINT('',(13.9,8.025168741736,5.));
#821 = DIRECTION('',(-1.,-5.043836554449E-16,6.176918291828E-32));
#822 = DIRECTION('',(5.043836554449E-16,-1.,1.224646799147E-16));
#823 = DEFINITIONAL_REPRESENTATION('',(#824),#828);
#824 = LINE('',#825,#826);
#825 = CARTESIAN_POINT('',(0.,0.));
#826 = VECTOR('',#827,1.);
#827 = DIRECTION('',(1.,0.));
#828 = ( GEOMETRIC_REPRESENTATION_CONTEXT(2) 
PARAMETRIC_REPRESENTATION_CONTEXT() REPRESENTATION_CONTEXT('2D SPACE',''
  ) );
#829 = ORIENTED_EDGE('',*,*,#830,.T.);
#830 = EDGE_CURVE('',#803,#831,#833,.T.);
#831 = VERTEX_POINT('',#832);
#832 = CARTESIAN_POINT('',(16.5,3.521836642057,5.));
#833 = SURFACE_CURVE('',#834,(#838,#845),.PCURVE_S1.);
#834 = LINE('',#835,#836);
#835 = CARTESIAN_POINT('',(10.4,7.043673284113,5.));
#836 = VECTOR('',#837,1.);
#837 = DIRECTION('',(0.866025403784,-0.5,6.123233995737E-17));
#838 = PCURVE('',#72,#839);
#839 = DEFINITIONAL_REPRESENTATION('',(#840),#844);
#840 = LINE('',#841,#842);
#841 = CARTESIAN_POINT('',(20.8,-7.043673284113));
#842 = VECTOR('',#843,1.);
#843 = DIRECTION('',(0.866025403784,0.5));
#844 = ( GEOMETRIC_REPRESENTATION_CONTEXT(2) 
PARAMETRIC_REPRESENTATION_CONTEXT() REPRESENTATION_CONTEXT('2D SPACE',''
  ) );
#845 = PCURVE('',#846,#851);
#846 = PLANE('',#847);
#847 = AXIS2_PLACEMENT_3D('',#848,#849,#850);
#848 = CARTESIAN_POINT('',(10.4,7.043673284113,5.));
#849 = DIRECTION('',(-0.5,-0.866025403784,1.060575238725E-16));
#850 = DIRECTION('',(0.866025403784,-0.5,6.123233995737E-17));
#851 = DEFINITIONAL_REPRESENTATION('',(#852),#856);
#852 = LINE('',#853,#854);
#853 = CARTESIAN_POINT('',(0.,0.));
#854 = VECTOR('',#855,1.);
#855 = DIRECTION('',(1.,1.232595164408E-32));
#856 = ( GEOMETRIC_REPRESENTATION_CONTEXT(2) 
PARAMETRIC_REPRESENTATION_CONTEXT() REPRESENTATION_CONTEXT('2D SPACE',''
  ) );
#857 = ORIENTED_EDGE('',*,*,#858,.T.);
#858 = EDGE_CURVE('',#831,#859,#861,.T.);
#859 = VERTEX_POINT('',#860);
#860 = CARTESIAN_POINT('',(16.5,-3.521836642057,5.));
#861 = SURFACE_CURVE('',#862,(#866,#873),.PCURVE_S1.);
#862 = LINE('',#863,#864);
#863 = CARTESIAN_POINT('',(16.5,3.521836642057,5.));
#864 = VECTOR('',#865,1.);
#865 = DIRECTION('',(0.,-1.,1.224646799147E-16));
#866 = PCURVE('',#72,#867);
#867 = DEFINITIONAL_REPRESENTATION('',(#868),#872);
#868 = LINE('',#869,#870);
#869 = CARTESIAN_POINT('',(26.9,-3.521836642057));
#870 = VECTOR('',#871,1.);
#871 = DIRECTION('',(0.,1.));
#872 = ( GEOMETRIC_REPRESENTATION_CONTEXT(2) 
PARAMETRIC_REPRESENTATION_CONTEXT() REPRESENTATION_CONTEXT('2D SPACE',''
  ) );
#873 = PCURVE('',#874,#879);
#874 = PLANE('',#875);
#875 = AXIS2_PLACEMENT_3D('',#876,#877,#878);
#876 = CARTESIAN_POINT('',(16.5,3.521836642057,5.));
#877 = DIRECTION('',(-1.,-0.,0.));
#878 = DIRECTION('',(0.,-1.,1.224646799147E-16));
#879 = DEFINITIONAL_REPRESENTATION('',(#880),#884);
#880 = LINE('',#881,#882);
#881 = CARTESIAN_POINT('',(0.,0.));
#882 = VECTOR('',#883,1.);
#883 = DIRECTION('',(1.,0.));
#884 = ( GEOMETRIC_REPRESENTATION_CONTEXT(2) 
PARAMETRIC_REPRESENTATION_CONTEXT() REPRESENTATION_CONTEXT('2D SPACE',''
  ) );
#885 = ORIENTED_EDGE('',*,*,#886,.T.);
#886 = EDGE_CURVE('',#859,#887,#889,.T.);
#887 = VERTEX_POINT('',#888);
#888 = CARTESIAN_POINT('',(13.9,-5.02294734195,5.));
#889 = SURFACE_CURVE('',#890,(#894,#901),.PCURVE_S1.);
#890 = LINE('',#891,#892);
#891 = CARTESIAN_POINT('',(16.5,-3.521836642057,5.));
#892 = VECTOR('',#893,1.);
#893 = DIRECTION('',(-0.866025403784,-0.5,6.123233995737E-17));
#894 = PCURVE('',#72,#895);
#895 = DEFINITIONAL_REPRESENTATION('',(#896),#900);
#896 = LINE('',#897,#898);
#897 = CARTESIAN_POINT('',(26.9,3.521836642057));
#898 = VECTOR('',#899,1.);
#899 = DIRECTION('',(-0.866025403784,0.5));
#900 = ( GEOMETRIC_REPRESENTATION_CONTEXT(2) 
PARAMETRIC_REPRESENTATION_CONTEXT() REPRESENTATION_CONTEXT('2D SPACE',''
  ) );
#901 = PCURVE('',#902,#907);
#902 = PLANE('',#903);
#903 = AXIS2_PLACEMENT_3D('',#904,#905,#906);
#904 = CARTESIAN_POINT('',(16.5,-3.521836642057,5.));
#905 = DIRECTION('',(-0.5,0.866025403784,-1.060575238725E-16));
#906 = DIRECTION('',(-0.866025403784,-0.5,6.123233995737E-17));
#907 = DEFINITIONAL_REPRESENTATION('',(#908),#912);
#908 = LINE('',#909,#910);
#909 = CARTESIAN_POINT('',(0.,0.));
#910 = VECTOR('',#911,1.);
#911 = DIRECTION('',(1.,0.));
#912 = ( GEOMETRIC_REPRESENTATION_CONTEXT(2) 
PARAMETRIC_REPRESENTATION_CONTEXT() REPRESENTATION_CONTEXT('2D SPACE',''
  ) );
#913 = ORIENTED_EDGE('',*,*,#914,.T.);
#914 = EDGE_CURVE('',#887,#915,#917,.T.);
#915 = VERTEX_POINT('',#916);
#916 = CARTESIAN_POINT('',(13.9,-8.025168741736,5.));
#917 = SURFACE_CURVE('',#918,(#922,#929),.PCURVE_S1.);
#918 = LINE('',#919,#920);
#919 = CARTESIAN_POINT('',(13.9,-0.981495457622,5.));
#920 = VECTOR('',#921,1.);
#921 = DIRECTION('',(5.043836554449E-16,-1.,1.224646799147E-16));
#922 = PCURVE('',#72,#923);
#923 = DEFINITIONAL_REPRESENTATION('',(#924),#928);
#924 = LINE('',#925,#926);
#925 = CARTESIAN_POINT('',(24.3,0.981495457622));
#926 = VECTOR('',#927,1.);
#927 = DIRECTION('',(5.043836554449E-16,1.));
#928 = ( GEOMETRIC_REPRESENTATION_CONTEXT(2) 
PARAMETRIC_REPRESENTATION_CONTEXT() REPRESENTATION_CONTEXT('2D SPACE',''
  ) );
#929 = PCURVE('',#930,#935);
#930 = PLANE('',#931);
#931 = AXIS2_PLACEMENT_3D('',#932,#933,#934);
#932 = CARTESIAN_POINT('',(13.9,-0.981495457622,5.));
#933 = DIRECTION('',(-1.,-5.043836554449E-16,6.176918291828E-32));
#934 = DIRECTION('',(5.043836554449E-16,-1.,1.224646799147E-16));
#935 = DEFINITIONAL_REPRESENTATION('',(#936),#940);
#936 = LINE('',#937,#938);
#937 = CARTESIAN_POINT('',(0.,0.));
#938 = VECTOR('',#939,1.);
#939 = DIRECTION('',(1.,0.));
#940 = ( GEOMETRIC_REPRESENTATION_CONTEXT(2) 
PARAMETRIC_REPRESENTATION_CONTEXT() REPRESENTATION_CONTEXT('2D SPACE',''
  ) );
#941 = ORIENTED_EDGE('',*,*,#942,.T.);
#942 = EDGE_CURVE('',#915,#943,#945,.T.);
#943 = VERTEX_POINT('',#944);
#944 = CARTESIAN_POINT('',(11.3,-9.526279441629,5.));
#945 = SURFACE_CURVE('',#946,(#950,#957),.PCURVE_S1.);
#946 = LINE('',#947,#948);
#947 = CARTESIAN_POINT('',(13.9,-8.025168741736,5.));
#948 = VECTOR('',#949,1.);
#949 = DIRECTION('',(-0.866025403784,-0.5,6.123233995737E-17));
#950 = PCURVE('',#72,#951);
#951 = DEFINITIONAL_REPRESENTATION('',(#952),#956);
#952 = LINE('',#953,#954);
#953 = CARTESIAN_POINT('',(24.3,8.025168741736));
#954 = VECTOR('',#955,1.);
#955 = DIRECTION('',(-0.866025403784,0.5));
#956 = ( GEOMETRIC_REPRESENTATION_CONTEXT(2) 
PARAMETRIC_REPRESENTATION_CONTEXT() REPRESENTATION_CONTEXT('2D SPACE',''
  ) );
#957 = PCURVE('',#958,#963);
#958 = PLANE('',#959);
#959 = AXIS2_PLACEMENT_3D('',#960,#961,#962);
#960 = CARTESIAN_POINT('',(13.9,-8.025168741736,4.));
#961 = DIRECTION('',(-0.5,0.866025403784,-1.060575238725E-16));
#962 = DIRECTION('',(-0.866025403784,-0.5,6.123233995737E-17));
#963 = DEFINITIONAL_REPRESENTATION('',(#964),#968);
#964 = LINE('',#965,#966);
#965 = CARTESIAN_POINT('',(6.123233995737E-17,1.));
#966 = VECTOR('',#967,1.);
#967 = DIRECTION('',(1.,0.));
#968 = ( GEOMETRIC_REPRESENTATION_CONTEXT(2) 
PARAMETRIC_REPRESENTATION_CONTEXT() REPRESENTATION_CONTEXT('2D SPACE',''
  ) );
#969 = ORIENTED_EDGE('',*,*,#970,.T.);
#970 = EDGE_CURVE('',#943,#57,#971,.T.);
#971 = SURFACE_CURVE('',#972,(#976,#983),.PCURVE_S1.);
#972 = LINE('',#973,#974);
#973 = CARTESIAN_POINT('',(11.3,-5.484827557301,5.));
#974 = VECTOR('',#975,1.);
#975 = DIRECTION('',(5.043836554449E-16,-1.,1.224646799147E-16));
#976 = PCURVE('',#72,#977);
#977 = DEFINITIONAL_REPRESENTATION('',(#978),#982);
#978 = LINE('',#979,#980);
#979 = CARTESIAN_POINT('',(21.7,5.484827557301));
#980 = VECTOR('',#981,1.);
#981 = DIRECTION('',(5.043836554449E-16,1.));
#982 = ( GEOMETRIC_REPRESENTATION_CONTEXT(2) 
PARAMETRIC_REPRESENTATION_CONTEXT() REPRESENTATION_CONTEXT('2D SPACE',''
  ) );
#983 = PCURVE('',#100,#984);
#984 = DEFINITIONAL_REPRESENTATION('',(#985),#989);
#985 = LINE('',#986,#987);
#986 = CARTESIAN_POINT('',(1.224646799147E-16,1.));
#987 = VECTOR('',#988,1.);
#988 = DIRECTION('',(1.,0.));
#989 = ( GEOMETRIC_REPRESENTATION_CONTEXT(2) 
PARAMETRIC_REPRESENTATION_CONTEXT() REPRESENTATION_CONTEXT('2D SPACE',''
  ) );
#990 = FACE_BOUND('',#991,.F.);
#991 = EDGE_LOOP('',(#992,#1022,#1050,#1078,#1106,#1135,#1159,#1182,
    #1210,#1239,#1263,#1291,#1319,#1347,#1375,#1404,#1428,#1451,#1479,
    #1508,#1532,#1560,#1588,#1616,#1644,#1673,#1697,#1720,#1748,#1777,
    #1801,#1829,#1857,#1885,#1913,#1942,#1966,#1989,#2017,#2046,#2070,
    #2098,#2126,#2154,#2182,#2211,#2235,#2258,#2286,#2315,#2343,#2371,
    #2399,#2427,#2456,#2479,#2507));
#992 = ORIENTED_EDGE('',*,*,#993,.F.);
#993 = EDGE_CURVE('',#994,#996,#998,.T.);
#994 = VERTEX_POINT('',#995);
#995 = CARTESIAN_POINT('',(-8.4,-10.85418506076,5.));
#996 = VERTEX_POINT('',#997);
#997 = CARTESIAN_POINT('',(-8.4,-8.744012857934,5.));
#998 = SURFACE_CURVE('',#999,(#1003,#1010),.PCURVE_S1.);
#999 = LINE('',#1000,#1001);
#1000 = CARTESIAN_POINT('',(-8.4,-10.85418506076,5.));
#1001 = VECTOR('',#1002,1.);
#1002 = DIRECTION('',(0.,1.,-1.224646799147E-16));
#1003 = PCURVE('',#72,#1004);
#1004 = DEFINITIONAL_REPRESENTATION('',(#1005),#1009);
#1005 = LINE('',#1006,#1007);
#1006 = CARTESIAN_POINT('',(2.,10.854185060765));
#1007 = VECTOR('',#1008,1.);
#1008 = DIRECTION('',(0.,-1.));
#1009 = ( GEOMETRIC_REPRESENTATION_CONTEXT(2) 
PARAMETRIC_REPRESENTATION_CONTEXT() REPRESENTATION_CONTEXT('2D SPACE',''
  ) );
#1010 = PCURVE('',#1011,#1016);
#1011 = PLANE('',#1012);
#1012 = AXIS2_PLACEMENT_3D('',#1013,#1014,#1015);
#1013 = CARTESIAN_POINT('',(-8.4,-10.85418506076,5.));
#1014 = DIRECTION('',(1.,0.,0.));
#1015 = DIRECTION('',(0.,1.,-1.224646799147E-16));
#1016 = DEFINITIONAL_REPRESENTATION('',(#1017),#1021);
#1017 = LINE('',#1018,#1019);
#1018 = CARTESIAN_POINT('',(0.,0.));
#1019 = VECTOR('',#1020,1.);
#1020 = DIRECTION('',(1.,0.));
#1021 = ( GEOMETRIC_REPRESENTATION_CONTEXT(2) 
PARAMETRIC_REPRESENTATION_CONTEXT() REPRESENTATION_CONTEXT('2D SPACE',''
  ) );
#1022 = ORIENTED_EDGE('',*,*,#1023,.F.);
#1023 = EDGE_CURVE('',#1024,#994,#1026,.T.);
#1024 = VERTEX_POINT('',#1025);
#1025 = CARTESIAN_POINT('',(-5.2,-12.70170592217,5.));
#1026 = SURFACE_CURVE('',#1027,(#1031,#1038),.PCURVE_S1.);
#1027 = LINE('',#1028,#1029);
#1028 = CARTESIAN_POINT('',(-5.2,-12.70170592217,5.));
#1029 = VECTOR('',#1030,1.);
#1030 = DIRECTION('',(-0.866025403784,0.5,-6.123233995737E-17));
#1031 = PCURVE('',#72,#1032);
#1032 = DEFINITIONAL_REPRESENTATION('',(#1033),#1037);
#1033 = LINE('',#1034,#1035);
#1034 = CARTESIAN_POINT('',(5.2,12.701705922172));
#1035 = VECTOR('',#1036,1.);
#1036 = DIRECTION('',(-0.866025403784,-0.5));
#1037 = ( GEOMETRIC_REPRESENTATION_CONTEXT(2) 
PARAMETRIC_REPRESENTATION_CONTEXT() REPRESENTATION_CONTEXT('2D SPACE',''
  ) );
#1038 = PCURVE('',#1039,#1044);
#1039 = PLANE('',#1040);
#1040 = AXIS2_PLACEMENT_3D('',#1041,#1042,#1043);
#1041 = CARTESIAN_POINT('',(-5.2,-12.70170592217,5.));
#1042 = DIRECTION('',(0.5,0.866025403784,-1.060575238725E-16));
#1043 = DIRECTION('',(-0.866025403784,0.5,-6.123233995737E-17));
#1044 = DEFINITIONAL_REPRESENTATION('',(#1045),#1049);
#1045 = LINE('',#1046,#1047);
#1046 = CARTESIAN_POINT('',(0.,0.));
#1047 = VECTOR('',#1048,1.);
#1048 = DIRECTION('',(1.,0.));
#1049 = ( GEOMETRIC_REPRESENTATION_CONTEXT(2) 
PARAMETRIC_REPRESENTATION_CONTEXT() REPRESENTATION_CONTEXT('2D SPACE',''
  ) );
#1050 = ORIENTED_EDGE('',*,*,#1051,.F.);
#1051 = EDGE_CURVE('',#1052,#1024,#1054,.T.);
#1052 = VERTEX_POINT('',#1053);
#1053 = CARTESIAN_POINT('',(-2.6,-11.20059522227,5.));
#1054 = SURFACE_CURVE('',#1055,(#1059,#1066),.PCURVE_S1.);
#1055 = LINE('',#1056,#1057);
#1056 = CARTESIAN_POINT('',(-2.,-10.85418506076,5.));
#1057 = VECTOR('',#1058,1.);
#1058 = DIRECTION('',(-0.866025403784,-0.5,6.123233995737E-17));
#1059 = PCURVE('',#72,#1060);
#1060 = DEFINITIONAL_REPRESENTATION('',(#1061),#1065);
#1061 = LINE('',#1062,#1063);
#1062 = CARTESIAN_POINT('',(8.4,10.854185060765));
#1063 = VECTOR('',#1064,1.);
#1064 = DIRECTION('',(-0.866025403784,0.5));
#1065 = ( GEOMETRIC_REPRESENTATION_CONTEXT(2) 
PARAMETRIC_REPRESENTATION_CONTEXT() REPRESENTATION_CONTEXT('2D SPACE',''
  ) );
#1066 = PCURVE('',#1067,#1072);
#1067 = PLANE('',#1068);
#1068 = AXIS2_PLACEMENT_3D('',#1069,#1070,#1071);
#1069 = CARTESIAN_POINT('',(-2.,-10.85418506076,5.));
#1070 = DIRECTION('',(-0.5,0.866025403784,-1.060575238725E-16));
#1071 = DIRECTION('',(-0.866025403784,-0.5,6.123233995737E-17));
#1072 = DEFINITIONAL_REPRESENTATION('',(#1073),#1077);
#1073 = LINE('',#1074,#1075);
#1074 = CARTESIAN_POINT('',(0.,0.));
#1075 = VECTOR('',#1076,1.);
#1076 = DIRECTION('',(1.,0.));
#1077 = ( GEOMETRIC_REPRESENTATION_CONTEXT(2) 
PARAMETRIC_REPRESENTATION_CONTEXT() REPRESENTATION_CONTEXT('2D SPACE',''
  ) );
#1078 = ORIENTED_EDGE('',*,*,#1079,.F.);
#1079 = EDGE_CURVE('',#1080,#1052,#1082,.T.);
#1080 = VERTEX_POINT('',#1081);
#1081 = CARTESIAN_POINT('',(-1.750001936058,-11.6913418333,5.));
#1082 = SURFACE_CURVE('',#1083,(#1087,#1094),.PCURVE_S1.);
#1083 = LINE('',#1084,#1085);
#1084 = CARTESIAN_POINT('',(2.26256050928E-16,-12.70170592217,5.));
#1085 = VECTOR('',#1086,1.);
#1086 = DIRECTION('',(-0.866025403784,0.5,-6.123233995737E-17));
#1087 = PCURVE('',#72,#1088);
#1088 = DEFINITIONAL_REPRESENTATION('',(#1089),#1093);
#1089 = LINE('',#1090,#1091);
#1090 = CARTESIAN_POINT('',(10.4,12.701705922172));
#1091 = VECTOR('',#1092,1.);
#1092 = DIRECTION('',(-0.866025403784,-0.5));
#1093 = ( GEOMETRIC_REPRESENTATION_CONTEXT(2) 
PARAMETRIC_REPRESENTATION_CONTEXT() REPRESENTATION_CONTEXT('2D SPACE',''
  ) );
#1094 = PCURVE('',#1095,#1100);
#1095 = PLANE('',#1096);
#1096 = AXIS2_PLACEMENT_3D('',#1097,#1098,#1099);
#1097 = CARTESIAN_POINT('',(2.26256050928E-16,-12.70170592217,5.));
#1098 = DIRECTION('',(0.5,0.866025403784,-1.060575238725E-16));
#1099 = DIRECTION('',(-0.866025403784,0.5,-6.123233995737E-17));
#1100 = DEFINITIONAL_REPRESENTATION('',(#1101),#1105);
#1101 = LINE('',#1102,#1103);
#1102 = CARTESIAN_POINT('',(0.,0.));
#1103 = VECTOR('',#1104,1.);
#1104 = DIRECTION('',(1.,0.));
#1105 = ( GEOMETRIC_REPRESENTATION_CONTEXT(2) 
PARAMETRIC_REPRESENTATION_CONTEXT() REPRESENTATION_CONTEXT('2D SPACE',''
  ) );
#1106 = ORIENTED_EDGE('',*,*,#1107,.F.);
#1107 = EDGE_CURVE('',#1108,#1080,#1110,.T.);
#1108 = VERTEX_POINT('',#1109);
#1109 = CARTESIAN_POINT('',(-0.73,-12.92,5.));
#1110 = SURFACE_CURVE('',#1111,(#1116,#1123),.PCURVE_S1.);
#1111 = CIRCLE('',#1112,1.25);
#1112 = AXIS2_PLACEMENT_3D('',#1113,#1114,#1115);
#1113 = CARTESIAN_POINT('',(-1.98,-12.92,5.));
#1114 = DIRECTION('',(0.,-1.224646799147E-16,-1.));
#1115 = DIRECTION('',(1.,0.,0.));
#1116 = PCURVE('',#72,#1117);
#1117 = DEFINITIONAL_REPRESENTATION('',(#1118),#1122);
#1118 = CIRCLE('',#1119,1.25);
#1119 = AXIS2_PLACEMENT_2D('',#1120,#1121);
#1120 = CARTESIAN_POINT('',(8.42,12.92));
#1121 = DIRECTION('',(1.,0.));
#1122 = ( GEOMETRIC_REPRESENTATION_CONTEXT(2) 
PARAMETRIC_REPRESENTATION_CONTEXT() REPRESENTATION_CONTEXT('2D SPACE',''
  ) );
#1123 = PCURVE('',#1124,#1129);
#1124 = CONICAL_SURFACE('',#1125,1.25,7.485984771077E-02);
#1125 = AXIS2_PLACEMENT_3D('',#1126,#1127,#1128);
#1126 = CARTESIAN_POINT('',(-1.98,-12.92,5.));
#1127 = DIRECTION('',(-0.,1.224646799147E-16,1.));
#1128 = DIRECTION('',(1.,0.,0.));
#1129 = DEFINITIONAL_REPRESENTATION('',(#1130),#1134);
#1130 = LINE('',#1131,#1132);
#1131 = CARTESIAN_POINT('',(-0.,-0.));
#1132 = VECTOR('',#1133,1.);
#1133 = DIRECTION('',(-1.,-0.));
#1134 = ( GEOMETRIC_REPRESENTATION_CONTEXT(2) 
PARAMETRIC_REPRESENTATION_CONTEXT() REPRESENTATION_CONTEXT('2D SPACE',''
  ) );
#1135 = ORIENTED_EDGE('',*,*,#1136,.F.);
#1136 = EDGE_CURVE('',#1137,#1108,#1139,.T.);
#1137 = VERTEX_POINT('',#1138);
#1138 = CARTESIAN_POINT('',(-1.030949847047,-12.10648675045,5.));
#1139 = SURFACE_CURVE('',#1140,(#1145,#1152),.PCURVE_S1.);
#1140 = CIRCLE('',#1141,1.25);
#1141 = AXIS2_PLACEMENT_3D('',#1142,#1143,#1144);
#1142 = CARTESIAN_POINT('',(-1.98,-12.92,5.));
#1143 = DIRECTION('',(0.,-1.224646799147E-16,-1.));
#1144 = DIRECTION('',(1.,0.,0.));
#1145 = PCURVE('',#72,#1146);
#1146 = DEFINITIONAL_REPRESENTATION('',(#1147),#1151);
#1147 = CIRCLE('',#1148,1.25);
#1148 = AXIS2_PLACEMENT_2D('',#1149,#1150);
#1149 = CARTESIAN_POINT('',(8.42,12.92));
#1150 = DIRECTION('',(1.,0.));
#1151 = ( GEOMETRIC_REPRESENTATION_CONTEXT(2) 
PARAMETRIC_REPRESENTATION_CONTEXT() REPRESENTATION_CONTEXT('2D SPACE',''
  ) );
#1152 = PCURVE('',#1124,#1153);
#1153 = DEFINITIONAL_REPRESENTATION('',(#1154),#1158);
#1154 = LINE('',#1155,#1156);
#1155 = CARTESIAN_POINT('',(-0.,-0.));
#1156 = VECTOR('',#1157,1.);
#1157 = DIRECTION('',(-1.,-0.));
#1158 = ( GEOMETRIC_REPRESENTATION_CONTEXT(2) 
PARAMETRIC_REPRESENTATION_CONTEXT() REPRESENTATION_CONTEXT('2D SPACE',''
  ) );
#1159 = ORIENTED_EDGE('',*,*,#1160,.F.);
#1160 = EDGE_CURVE('',#1161,#1137,#1163,.T.);
#1161 = VERTEX_POINT('',#1162);
#1162 = CARTESIAN_POINT('',(2.26256050928E-16,-12.70170592217,5.));
#1163 = SURFACE_CURVE('',#1164,(#1168,#1175),.PCURVE_S1.);
#1164 = LINE('',#1165,#1166);
#1165 = CARTESIAN_POINT('',(2.26256050928E-16,-12.70170592217,5.));
#1166 = VECTOR('',#1167,1.);
#1167 = DIRECTION('',(-0.866025403784,0.5,-6.123233995737E-17));
#1168 = PCURVE('',#72,#1169);
#1169 = DEFINITIONAL_REPRESENTATION('',(#1170),#1174);
#1170 = LINE('',#1171,#1172);
#1171 = CARTESIAN_POINT('',(10.4,12.701705922172));
#1172 = VECTOR('',#1173,1.);
#1173 = DIRECTION('',(-0.866025403784,-0.5));
#1174 = ( GEOMETRIC_REPRESENTATION_CONTEXT(2) 
PARAMETRIC_REPRESENTATION_CONTEXT() REPRESENTATION_CONTEXT('2D SPACE',''
  ) );
#1175 = PCURVE('',#1095,#1176);
#1176 = DEFINITIONAL_REPRESENTATION('',(#1177),#1181);
#1177 = LINE('',#1178,#1179);
#1178 = CARTESIAN_POINT('',(0.,0.));
#1179 = VECTOR('',#1180,1.);
#1180 = DIRECTION('',(1.,0.));
#1181 = ( GEOMETRIC_REPRESENTATION_CONTEXT(2) 
PARAMETRIC_REPRESENTATION_CONTEXT() REPRESENTATION_CONTEXT('2D SPACE',''
  ) );
#1182 = ORIENTED_EDGE('',*,*,#1183,.F.);
#1183 = EDGE_CURVE('',#1184,#1161,#1186,.T.);
#1184 = VERTEX_POINT('',#1185);
#1185 = CARTESIAN_POINT('',(1.532180953835,-11.81710083602,5.));
#1186 = SURFACE_CURVE('',#1187,(#1191,#1198),.PCURVE_S1.);
#1187 = LINE('',#1188,#1189);
#1188 = CARTESIAN_POINT('',(3.2,-10.85418506076,5.));
#1189 = VECTOR('',#1190,1.);
#1190 = DIRECTION('',(-0.866025403784,-0.5,6.123233995737E-17));
#1191 = PCURVE('',#72,#1192);
#1192 = DEFINITIONAL_REPRESENTATION('',(#1193),#1197);
#1193 = LINE('',#1194,#1195);
#1194 = CARTESIAN_POINT('',(13.6,10.854185060765));
#1195 = VECTOR('',#1196,1.);
#1196 = DIRECTION('',(-0.866025403784,0.5));
#1197 = ( GEOMETRIC_REPRESENTATION_CONTEXT(2) 
PARAMETRIC_REPRESENTATION_CONTEXT() REPRESENTATION_CONTEXT('2D SPACE',''
  ) );
#1198 = PCURVE('',#1199,#1204);
#1199 = PLANE('',#1200);
#1200 = AXIS2_PLACEMENT_3D('',#1201,#1202,#1203);
#1201 = CARTESIAN_POINT('',(3.2,-10.85418506076,5.));
#1202 = DIRECTION('',(-0.5,0.866025403784,-1.060575238725E-16));
#1203 = DIRECTION('',(-0.866025403784,-0.5,6.123233995737E-17));
#1204 = DEFINITIONAL_REPRESENTATION('',(#1205),#1209);
#1205 = LINE('',#1206,#1207);
#1206 = CARTESIAN_POINT('',(0.,0.));
#1207 = VECTOR('',#1208,1.);
#1208 = DIRECTION('',(1.,0.));
#1209 = ( GEOMETRIC_REPRESENTATION_CONTEXT(2) 
PARAMETRIC_REPRESENTATION_CONTEXT() REPRESENTATION_CONTEXT('2D SPACE',''
  ) );
#1210 = ORIENTED_EDGE('',*,*,#1211,.F.);
#1211 = EDGE_CURVE('',#1212,#1184,#1214,.T.);
#1212 = VERTEX_POINT('',#1213);
#1213 = CARTESIAN_POINT('',(3.78,-12.57,5.));
#1214 = SURFACE_CURVE('',#1215,(#1220,#1227),.PCURVE_S1.);
#1215 = CIRCLE('',#1216,1.25);
#1216 = AXIS2_PLACEMENT_3D('',#1217,#1218,#1219);
#1217 = CARTESIAN_POINT('',(2.53,-12.57,5.));
#1218 = DIRECTION('',(0.,-1.224646799147E-16,-1.));
#1219 = DIRECTION('',(1.,0.,0.));
#1220 = PCURVE('',#72,#1221);
#1221 = DEFINITIONAL_REPRESENTATION('',(#1222),#1226);
#1222 = CIRCLE('',#1223,1.25);
#1223 = AXIS2_PLACEMENT_2D('',#1224,#1225);
#1224 = CARTESIAN_POINT('',(12.93,12.57));
#1225 = DIRECTION('',(1.,0.));
#1226 = ( GEOMETRIC_REPRESENTATION_CONTEXT(2) 
PARAMETRIC_REPRESENTATION_CONTEXT() REPRESENTATION_CONTEXT('2D SPACE',''
  ) );
#1227 = PCURVE('',#1228,#1233);
#1228 = CONICAL_SURFACE('',#1229,1.25,7.485984771077E-02);
#1229 = AXIS2_PLACEMENT_3D('',#1230,#1231,#1232);
#1230 = CARTESIAN_POINT('',(2.53,-12.57,5.));
#1231 = DIRECTION('',(-0.,1.224646799147E-16,1.));
#1232 = DIRECTION('',(1.,0.,0.));
#1233 = DEFINITIONAL_REPRESENTATION('',(#1234),#1238);
#1234 = LINE('',#1235,#1236);
#1235 = CARTESIAN_POINT('',(-0.,-0.));
#1236 = VECTOR('',#1237,1.);
#1237 = DIRECTION('',(-1.,-0.));
#1238 = ( GEOMETRIC_REPRESENTATION_CONTEXT(2) 
PARAMETRIC_REPRESENTATION_CONTEXT() REPRESENTATION_CONTEXT('2D SPACE',''
  ) );
#1239 = ORIENTED_EDGE('',*,*,#1240,.F.);
#1240 = EDGE_CURVE('',#1241,#1212,#1243,.T.);
#1241 = VERTEX_POINT('',#1242);
#1242 = CARTESIAN_POINT('',(3.372537265989,-11.64661982075,5.));
#1243 = SURFACE_CURVE('',#1244,(#1249,#1256),.PCURVE_S1.);
#1244 = CIRCLE('',#1245,1.25);
#1245 = AXIS2_PLACEMENT_3D('',#1246,#1247,#1248);
#1246 = CARTESIAN_POINT('',(2.53,-12.57,5.));
#1247 = DIRECTION('',(0.,-1.224646799147E-16,-1.));
#1248 = DIRECTION('',(1.,0.,0.));
#1249 = PCURVE('',#72,#1250);
#1250 = DEFINITIONAL_REPRESENTATION('',(#1251),#1255);
#1251 = CIRCLE('',#1252,1.25);
#1252 = AXIS2_PLACEMENT_2D('',#1253,#1254);
#1253 = CARTESIAN_POINT('',(12.93,12.57));
#1254 = DIRECTION('',(1.,0.));
#1255 = ( GEOMETRIC_REPRESENTATION_CONTEXT(2) 
PARAMETRIC_REPRESENTATION_CONTEXT() REPRESENTATION_CONTEXT('2D SPACE',''
  ) );
#1256 = PCURVE('',#1228,#1257);
#1257 = DEFINITIONAL_REPRESENTATION('',(#1258),#1262);
#1258 = LINE('',#1259,#1260);
#1259 = CARTESIAN_POINT('',(-0.,-0.));
#1260 = VECTOR('',#1261,1.);
#1261 = DIRECTION('',(-1.,-0.));
#1262 = ( GEOMETRIC_REPRESENTATION_CONTEXT(2) 
PARAMETRIC_REPRESENTATION_CONTEXT() REPRESENTATION_CONTEXT('2D SPACE',''
  ) );
#1263 = ORIENTED_EDGE('',*,*,#1264,.F.);
#1264 = EDGE_CURVE('',#1265,#1241,#1267,.T.);
#1265 = VERTEX_POINT('',#1266);
#1266 = CARTESIAN_POINT('',(5.2,-12.70170592217,5.));
#1267 = SURFACE_CURVE('',#1268,(#1272,#1279),.PCURVE_S1.);
#1268 = LINE('',#1269,#1270);
#1269 = CARTESIAN_POINT('',(5.2,-12.70170592217,5.));
#1270 = VECTOR('',#1271,1.);
#1271 = DIRECTION('',(-0.866025403784,0.5,-6.123233995737E-17));
#1272 = PCURVE('',#72,#1273);
#1273 = DEFINITIONAL_REPRESENTATION('',(#1274),#1278);
#1274 = LINE('',#1275,#1276);
#1275 = CARTESIAN_POINT('',(15.6,12.701705922172));
#1276 = VECTOR('',#1277,1.);
#1277 = DIRECTION('',(-0.866025403784,-0.5));
#1278 = ( GEOMETRIC_REPRESENTATION_CONTEXT(2) 
PARAMETRIC_REPRESENTATION_CONTEXT() REPRESENTATION_CONTEXT('2D SPACE',''
  ) );
#1279 = PCURVE('',#1280,#1285);
#1280 = PLANE('',#1281);
#1281 = AXIS2_PLACEMENT_3D('',#1282,#1283,#1284);
#1282 = CARTESIAN_POINT('',(5.2,-12.70170592217,5.));
#1283 = DIRECTION('',(0.5,0.866025403784,-1.060575238725E-16));
#1284 = DIRECTION('',(-0.866025403784,0.5,-6.123233995737E-17));
#1285 = DEFINITIONAL_REPRESENTATION('',(#1286),#1290);
#1286 = LINE('',#1287,#1288);
#1287 = CARTESIAN_POINT('',(0.,0.));
#1288 = VECTOR('',#1289,1.);
#1289 = DIRECTION('',(1.,0.));
#1290 = ( GEOMETRIC_REPRESENTATION_CONTEXT(2) 
PARAMETRIC_REPRESENTATION_CONTEXT() REPRESENTATION_CONTEXT('2D SPACE',''
  ) );
#1291 = ORIENTED_EDGE('',*,*,#1292,.F.);
#1292 = EDGE_CURVE('',#1293,#1265,#1295,.T.);
#1293 = VERTEX_POINT('',#1294);
#1294 = CARTESIAN_POINT('',(8.4,-10.85418506076,5.));
#1295 = SURFACE_CURVE('',#1296,(#1300,#1307),.PCURVE_S1.);
#1296 = LINE('',#1297,#1298);
#1297 = CARTESIAN_POINT('',(8.4,-10.85418506076,5.));
#1298 = VECTOR('',#1299,1.);
#1299 = DIRECTION('',(-0.866025403784,-0.5,6.123233995737E-17));
#1300 = PCURVE('',#72,#1301);
#1301 = DEFINITIONAL_REPRESENTATION('',(#1302),#1306);
#1302 = LINE('',#1303,#1304);
#1303 = CARTESIAN_POINT('',(18.8,10.854185060765));
#1304 = VECTOR('',#1305,1.);
#1305 = DIRECTION('',(-0.866025403784,0.5));
#1306 = ( GEOMETRIC_REPRESENTATION_CONTEXT(2) 
PARAMETRIC_REPRESENTATION_CONTEXT() REPRESENTATION_CONTEXT('2D SPACE',''
  ) );
#1307 = PCURVE('',#1308,#1313);
#1308 = PLANE('',#1309);
#1309 = AXIS2_PLACEMENT_3D('',#1310,#1311,#1312);
#1310 = CARTESIAN_POINT('',(8.4,-10.85418506076,5.));
#1311 = DIRECTION('',(-0.5,0.866025403784,-1.060575238725E-16));
#1312 = DIRECTION('',(-0.866025403784,-0.5,6.123233995737E-17));
#1313 = DEFINITIONAL_REPRESENTATION('',(#1314),#1318);
#1314 = LINE('',#1315,#1316);
#1315 = CARTESIAN_POINT('',(0.,0.));
#1316 = VECTOR('',#1317,1.);
#1317 = DIRECTION('',(1.,0.));
#1318 = ( GEOMETRIC_REPRESENTATION_CONTEXT(2) 
PARAMETRIC_REPRESENTATION_CONTEXT() REPRESENTATION_CONTEXT('2D SPACE',''
  ) );
#1319 = ORIENTED_EDGE('',*,*,#1320,.F.);
#1320 = EDGE_CURVE('',#1321,#1293,#1323,.T.);
#1321 = VERTEX_POINT('',#1322);
#1322 = CARTESIAN_POINT('',(8.4,-7.851963660979,5.));
#1323 = SURFACE_CURVE('',#1324,(#1328,#1335),.PCURVE_S1.);
#1324 = LINE('',#1325,#1326);
#1325 = CARTESIAN_POINT('',(8.4,-7.159143337951,5.));
#1326 = VECTOR('',#1327,1.);
#1327 = DIRECTION('',(4.807406715959E-16,-1.,1.224646799147E-16));
#1328 = PCURVE('',#72,#1329);
#1329 = DEFINITIONAL_REPRESENTATION('',(#1330),#1334);
#1330 = LINE('',#1331,#1332);
#1331 = CARTESIAN_POINT('',(18.8,7.159143337951));
#1332 = VECTOR('',#1333,1.);
#1333 = DIRECTION('',(4.807406715959E-16,1.));
#1334 = ( GEOMETRIC_REPRESENTATION_CONTEXT(2) 
PARAMETRIC_REPRESENTATION_CONTEXT() REPRESENTATION_CONTEXT('2D SPACE',''
  ) );
#1335 = PCURVE('',#1336,#1341);
#1336 = PLANE('',#1337);
#1337 = AXIS2_PLACEMENT_3D('',#1338,#1339,#1340);
#1338 = CARTESIAN_POINT('',(8.4,-7.159143337951,5.));
#1339 = DIRECTION('',(-1.,-4.807406715959E-16,5.887375246899E-32));
#1340 = DIRECTION('',(4.807406715959E-16,-1.,1.224646799147E-16));
#1341 = DEFINITIONAL_REPRESENTATION('',(#1342),#1346);
#1342 = LINE('',#1343,#1344);
#1343 = CARTESIAN_POINT('',(0.,0.));
#1344 = VECTOR('',#1345,1.);
#1345 = DIRECTION('',(1.,0.));
#1346 = ( GEOMETRIC_REPRESENTATION_CONTEXT(2) 
PARAMETRIC_REPRESENTATION_CONTEXT() REPRESENTATION_CONTEXT('2D SPACE',''
  ) );
#1347 = ORIENTED_EDGE('',*,*,#1348,.F.);
#1348 = EDGE_CURVE('',#1349,#1321,#1351,.T.);
#1349 = VERTEX_POINT('',#1350);
#1350 = CARTESIAN_POINT('',(9.249998063942,-7.361217049951,5.));
#1351 = SURFACE_CURVE('',#1352,(#1356,#1363),.PCURVE_S1.);
#1352 = LINE('',#1353,#1354);
#1353 = CARTESIAN_POINT('',(11.,-6.350852961086,5.));
#1354 = VECTOR('',#1355,1.);
#1355 = DIRECTION('',(-0.866025403784,-0.5,6.123233995737E-17));
#1356 = PCURVE('',#72,#1357);
#1357 = DEFINITIONAL_REPRESENTATION('',(#1358),#1362);
#1358 = LINE('',#1359,#1360);
#1359 = CARTESIAN_POINT('',(21.4,6.350852961086));
#1360 = VECTOR('',#1361,1.);
#1361 = DIRECTION('',(-0.866025403784,0.5));
#1362 = ( GEOMETRIC_REPRESENTATION_CONTEXT(2) 
PARAMETRIC_REPRESENTATION_CONTEXT() REPRESENTATION_CONTEXT('2D SPACE',''
  ) );
#1363 = PCURVE('',#1364,#1369);
#1364 = PLANE('',#1365);
#1365 = AXIS2_PLACEMENT_3D('',#1366,#1367,#1368);
#1366 = CARTESIAN_POINT('',(11.,-6.350852961086,5.));
#1367 = DIRECTION('',(-0.5,0.866025403784,-1.060575238725E-16));
#1368 = DIRECTION('',(-0.866025403784,-0.5,6.123233995737E-17));
#1369 = DEFINITIONAL_REPRESENTATION('',(#1370),#1374);
#1370 = LINE('',#1371,#1372);
#1371 = CARTESIAN_POINT('',(0.,0.));
#1372 = VECTOR('',#1373,1.);
#1373 = DIRECTION('',(1.,0.));
#1374 = ( GEOMETRIC_REPRESENTATION_CONTEXT(2) 
PARAMETRIC_REPRESENTATION_CONTEXT() REPRESENTATION_CONTEXT('2D SPACE',''
  ) );
#1375 = ORIENTED_EDGE('',*,*,#1376,.F.);
#1376 = EDGE_CURVE('',#1377,#1349,#1379,.T.);
#1377 = VERTEX_POINT('',#1378);
#1378 = CARTESIAN_POINT('',(11.449048216895,-8.174730299493,5.));
#1379 = SURFACE_CURVE('',#1380,(#1385,#1392),.PCURVE_S1.);
#1380 = CIRCLE('',#1381,1.25);
#1381 = AXIS2_PLACEMENT_3D('',#1382,#1383,#1384);
#1382 = CARTESIAN_POINT('',(10.199048216895,-8.174730299493,5.));
#1383 = DIRECTION('',(0.,-1.224646799147E-16,-1.));
#1384 = DIRECTION('',(1.,0.,0.));
#1385 = PCURVE('',#72,#1386);
#1386 = DEFINITIONAL_REPRESENTATION('',(#1387),#1391);
#1387 = CIRCLE('',#1388,1.25);
#1388 = AXIS2_PLACEMENT_2D('',#1389,#1390);
#1389 = CARTESIAN_POINT('',(20.599048216895,8.174730299493));
#1390 = DIRECTION('',(1.,0.));
#1391 = ( GEOMETRIC_REPRESENTATION_CONTEXT(2) 
PARAMETRIC_REPRESENTATION_CONTEXT() REPRESENTATION_CONTEXT('2D SPACE',''
  ) );
#1392 = PCURVE('',#1393,#1398);
#1393 = CONICAL_SURFACE('',#1394,1.25,7.485984771077E-02);
#1394 = AXIS2_PLACEMENT_3D('',#1395,#1396,#1397);
#1395 = CARTESIAN_POINT('',(10.199048216895,-8.174730299493,5.));
#1396 = DIRECTION('',(-0.,1.224646799147E-16,1.));
#1397 = DIRECTION('',(1.,0.,0.));
#1398 = DEFINITIONAL_REPRESENTATION('',(#1399),#1403);
#1399 = LINE('',#1400,#1401);
#1400 = CARTESIAN_POINT('',(-0.,-0.));
#1401 = VECTOR('',#1402,1.);
#1402 = DIRECTION('',(-1.,-0.));
#1403 = ( GEOMETRIC_REPRESENTATION_CONTEXT(2) 
PARAMETRIC_REPRESENTATION_CONTEXT() REPRESENTATION_CONTEXT('2D SPACE',''
  ) );
#1404 = ORIENTED_EDGE('',*,*,#1405,.F.);
#1405 = EDGE_CURVE('',#1406,#1377,#1408,.T.);
#1406 = VERTEX_POINT('',#1407);
#1407 = CARTESIAN_POINT('',(9.969050152953,-6.9460721328,5.));
#1408 = SURFACE_CURVE('',#1409,(#1414,#1421),.PCURVE_S1.);
#1409 = CIRCLE('',#1410,1.25);
#1410 = AXIS2_PLACEMENT_3D('',#1411,#1412,#1413);
#1411 = CARTESIAN_POINT('',(10.199048216895,-8.174730299493,5.));
#1412 = DIRECTION('',(0.,-1.224646799147E-16,-1.));
#1413 = DIRECTION('',(1.,0.,0.));
#1414 = PCURVE('',#72,#1415);
#1415 = DEFINITIONAL_REPRESENTATION('',(#1416),#1420);
#1416 = CIRCLE('',#1417,1.25);
#1417 = AXIS2_PLACEMENT_2D('',#1418,#1419);
#1418 = CARTESIAN_POINT('',(20.599048216895,8.174730299493));
#1419 = DIRECTION('',(1.,0.));
#1420 = ( GEOMETRIC_REPRESENTATION_CONTEXT(2) 
PARAMETRIC_REPRESENTATION_CONTEXT() REPRESENTATION_CONTEXT('2D SPACE',''
  ) );
#1421 = PCURVE('',#1393,#1422);
#1422 = DEFINITIONAL_REPRESENTATION('',(#1423),#1427);
#1423 = LINE('',#1424,#1425);
#1424 = CARTESIAN_POINT('',(-0.,-0.));
#1425 = VECTOR('',#1426,1.);
#1426 = DIRECTION('',(-1.,-0.));
#1427 = ( GEOMETRIC_REPRESENTATION_CONTEXT(2) 
PARAMETRIC_REPRESENTATION_CONTEXT() REPRESENTATION_CONTEXT('2D SPACE',''
  ) );
#1428 = ORIENTED_EDGE('',*,*,#1429,.F.);
#1429 = EDGE_CURVE('',#1430,#1406,#1432,.T.);
#1430 = VERTEX_POINT('',#1431);
#1431 = CARTESIAN_POINT('',(11.,-6.350852961086,5.));
#1432 = SURFACE_CURVE('',#1433,(#1437,#1444),.PCURVE_S1.);
#1433 = LINE('',#1434,#1435);
#1434 = CARTESIAN_POINT('',(11.,-6.350852961086,5.));
#1435 = VECTOR('',#1436,1.);
#1436 = DIRECTION('',(-0.866025403784,-0.5,6.123233995737E-17));
#1437 = PCURVE('',#72,#1438);
#1438 = DEFINITIONAL_REPRESENTATION('',(#1439),#1443);
#1439 = LINE('',#1440,#1441);
#1440 = CARTESIAN_POINT('',(21.4,6.350852961086));
#1441 = VECTOR('',#1442,1.);
#1442 = DIRECTION('',(-0.866025403784,0.5));
#1443 = ( GEOMETRIC_REPRESENTATION_CONTEXT(2) 
PARAMETRIC_REPRESENTATION_CONTEXT() REPRESENTATION_CONTEXT('2D SPACE',''
  ) );
#1444 = PCURVE('',#1364,#1445);
#1445 = DEFINITIONAL_REPRESENTATION('',(#1446),#1450);
#1446 = LINE('',#1447,#1448);
#1447 = CARTESIAN_POINT('',(0.,0.));
#1448 = VECTOR('',#1449,1.);
#1449 = DIRECTION('',(1.,0.));
#1450 = ( GEOMETRIC_REPRESENTATION_CONTEXT(2) 
PARAMETRIC_REPRESENTATION_CONTEXT() REPRESENTATION_CONTEXT('2D SPACE',''
  ) );
#1451 = ORIENTED_EDGE('',*,*,#1452,.F.);
#1452 = EDGE_CURVE('',#1453,#1430,#1455,.T.);
#1453 = VERTEX_POINT('',#1454);
#1454 = CARTESIAN_POINT('',(11.,-4.581642788799,5.));
#1455 = SURFACE_CURVE('',#1456,(#1460,#1467),.PCURVE_S1.);
#1456 = LINE('',#1457,#1458);
#1457 = CARTESIAN_POINT('',(11.,-2.655811238272,5.));
#1458 = VECTOR('',#1459,1.);
#1459 = DIRECTION('',(4.807406715959E-16,-1.,1.224646799147E-16));
#1460 = PCURVE('',#72,#1461);
#1461 = DEFINITIONAL_REPRESENTATION('',(#1462),#1466);
#1462 = LINE('',#1463,#1464);
#1463 = CARTESIAN_POINT('',(21.4,2.655811238272));
#1464 = VECTOR('',#1465,1.);
#1465 = DIRECTION('',(4.807406715959E-16,1.));
#1466 = ( GEOMETRIC_REPRESENTATION_CONTEXT(2) 
PARAMETRIC_REPRESENTATION_CONTEXT() REPRESENTATION_CONTEXT('2D SPACE',''
  ) );
#1467 = PCURVE('',#1468,#1473);
#1468 = PLANE('',#1469);
#1469 = AXIS2_PLACEMENT_3D('',#1470,#1471,#1472);
#1470 = CARTESIAN_POINT('',(11.,-2.655811238272,5.));
#1471 = DIRECTION('',(-1.,-4.807406715959E-16,5.887375246899E-32));
#1472 = DIRECTION('',(4.807406715959E-16,-1.,1.224646799147E-16));
#1473 = DEFINITIONAL_REPRESENTATION('',(#1474),#1478);
#1474 = LINE('',#1475,#1476);
#1475 = CARTESIAN_POINT('',(0.,0.));
#1476 = VECTOR('',#1477,1.);
#1477 = DIRECTION('',(1.,0.));
#1478 = ( GEOMETRIC_REPRESENTATION_CONTEXT(2) 
PARAMETRIC_REPRESENTATION_CONTEXT() REPRESENTATION_CONTEXT('2D SPACE',''
  ) );
#1479 = ORIENTED_EDGE('',*,*,#1480,.F.);
#1480 = EDGE_CURVE('',#1481,#1453,#1483,.T.);
#1481 = VERTEX_POINT('',#1482);
#1482 = CARTESIAN_POINT('',(13.40093932557,-4.093955728425,5.));
#1483 = SURFACE_CURVE('',#1484,(#1489,#1496),.PCURVE_S1.);
#1484 = CIRCLE('',#1485,1.25);
#1485 = AXIS2_PLACEMENT_3D('',#1486,#1487,#1488);
#1486 = CARTESIAN_POINT('',(12.15093932557,-4.093955728425,5.));
#1487 = DIRECTION('',(0.,-1.224646799147E-16,-1.));
#1488 = DIRECTION('',(1.,0.,0.));
#1489 = PCURVE('',#72,#1490);
#1490 = DEFINITIONAL_REPRESENTATION('',(#1491),#1495);
#1491 = CIRCLE('',#1492,1.25);
#1492 = AXIS2_PLACEMENT_2D('',#1493,#1494);
#1493 = CARTESIAN_POINT('',(22.55093932557,4.093955728425));
#1494 = DIRECTION('',(1.,0.));
#1495 = ( GEOMETRIC_REPRESENTATION_CONTEXT(2) 
PARAMETRIC_REPRESENTATION_CONTEXT() REPRESENTATION_CONTEXT('2D SPACE',''
  ) );
#1496 = PCURVE('',#1497,#1502);
#1497 = CONICAL_SURFACE('',#1498,1.25,7.485984771077E-02);
#1498 = AXIS2_PLACEMENT_3D('',#1499,#1500,#1501);
#1499 = CARTESIAN_POINT('',(12.15093932557,-4.093955728425,5.));
#1500 = DIRECTION('',(-0.,1.224646799147E-16,1.));
#1501 = DIRECTION('',(1.,0.,0.));
#1502 = DEFINITIONAL_REPRESENTATION('',(#1503),#1507);
#1503 = LINE('',#1504,#1505);
#1504 = CARTESIAN_POINT('',(-0.,-0.));
#1505 = VECTOR('',#1506,1.);
#1506 = DIRECTION('',(-1.,-0.));
#1507 = ( GEOMETRIC_REPRESENTATION_CONTEXT(2) 
PARAMETRIC_REPRESENTATION_CONTEXT() REPRESENTATION_CONTEXT('2D SPACE',''
  ) );
#1508 = ORIENTED_EDGE('',*,*,#1509,.F.);
#1509 = EDGE_CURVE('',#1510,#1481,#1512,.T.);
#1510 = VERTEX_POINT('',#1511);
#1511 = CARTESIAN_POINT('',(11.772537265989,-2.902606962822,5.));
#1512 = SURFACE_CURVE('',#1513,(#1518,#1525),.PCURVE_S1.);
#1513 = CIRCLE('',#1514,1.25);
#1514 = AXIS2_PLACEMENT_3D('',#1515,#1516,#1517);
#1515 = CARTESIAN_POINT('',(12.15093932557,-4.093955728425,5.));
#1516 = DIRECTION('',(0.,-1.224646799147E-16,-1.));
#1517 = DIRECTION('',(1.,0.,0.));
#1518 = PCURVE('',#72,#1519);
#1519 = DEFINITIONAL_REPRESENTATION('',(#1520),#1524);
#1520 = CIRCLE('',#1521,1.25);
#1521 = AXIS2_PLACEMENT_2D('',#1522,#1523);
#1522 = CARTESIAN_POINT('',(22.55093932557,4.093955728425));
#1523 = DIRECTION('',(1.,0.));
#1524 = ( GEOMETRIC_REPRESENTATION_CONTEXT(2) 
PARAMETRIC_REPRESENTATION_CONTEXT() REPRESENTATION_CONTEXT('2D SPACE',''
  ) );
#1525 = PCURVE('',#1497,#1526);
#1526 = DEFINITIONAL_REPRESENTATION('',(#1527),#1531);
#1527 = LINE('',#1528,#1529);
#1528 = CARTESIAN_POINT('',(-0.,-0.));
#1529 = VECTOR('',#1530,1.);
#1530 = DIRECTION('',(-1.,-0.));
#1531 = ( GEOMETRIC_REPRESENTATION_CONTEXT(2) 
PARAMETRIC_REPRESENTATION_CONTEXT() REPRESENTATION_CONTEXT('2D SPACE',''
  ) );
#1532 = ORIENTED_EDGE('',*,*,#1533,.F.);
#1533 = EDGE_CURVE('',#1534,#1510,#1536,.T.);
#1534 = VERTEX_POINT('',#1535);
#1535 = CARTESIAN_POINT('',(13.6,-1.847520861407,5.));
#1536 = SURFACE_CURVE('',#1537,(#1541,#1548),.PCURVE_S1.);
#1537 = LINE('',#1538,#1539);
#1538 = CARTESIAN_POINT('',(13.6,-1.847520861407,5.));
#1539 = VECTOR('',#1540,1.);
#1540 = DIRECTION('',(-0.866025403784,-0.5,6.123233995737E-17));
#1541 = PCURVE('',#72,#1542);
#1542 = DEFINITIONAL_REPRESENTATION('',(#1543),#1547);
#1543 = LINE('',#1544,#1545);
#1544 = CARTESIAN_POINT('',(24.,1.847520861407));
#1545 = VECTOR('',#1546,1.);
#1546 = DIRECTION('',(-0.866025403784,0.5));
#1547 = ( GEOMETRIC_REPRESENTATION_CONTEXT(2) 
PARAMETRIC_REPRESENTATION_CONTEXT() REPRESENTATION_CONTEXT('2D SPACE',''
  ) );
#1548 = PCURVE('',#1549,#1554);
#1549 = PLANE('',#1550);
#1550 = AXIS2_PLACEMENT_3D('',#1551,#1552,#1553);
#1551 = CARTESIAN_POINT('',(13.6,-1.847520861407,5.));
#1552 = DIRECTION('',(-0.5,0.866025403784,-1.060575238725E-16));
#1553 = DIRECTION('',(-0.866025403784,-0.5,6.123233995737E-17));
#1554 = DEFINITIONAL_REPRESENTATION('',(#1555),#1559);
#1555 = LINE('',#1556,#1557);
#1556 = CARTESIAN_POINT('',(0.,0.));
#1557 = VECTOR('',#1558,1.);
#1558 = DIRECTION('',(1.,0.));
#1559 = ( GEOMETRIC_REPRESENTATION_CONTEXT(2) 
PARAMETRIC_REPRESENTATION_CONTEXT() REPRESENTATION_CONTEXT('2D SPACE',''
  ) );
#1560 = ORIENTED_EDGE('',*,*,#1561,.F.);
#1561 = EDGE_CURVE('',#1562,#1534,#1564,.T.);
#1562 = VERTEX_POINT('',#1563);
#1563 = CARTESIAN_POINT('',(13.6,1.847520861407,5.));
#1564 = SURFACE_CURVE('',#1565,(#1569,#1576),.PCURVE_S1.);
#1565 = LINE('',#1566,#1567);
#1566 = CARTESIAN_POINT('',(13.6,1.847520861407,5.));
#1567 = VECTOR('',#1568,1.);
#1568 = DIRECTION('',(4.807406715959E-16,-1.,1.224646799147E-16));
#1569 = PCURVE('',#72,#1570);
#1570 = DEFINITIONAL_REPRESENTATION('',(#1571),#1575);
#1571 = LINE('',#1572,#1573);
#1572 = CARTESIAN_POINT('',(24.,-1.847520861407));
#1573 = VECTOR('',#1574,1.);
#1574 = DIRECTION('',(4.807406715959E-16,1.));
#1575 = ( GEOMETRIC_REPRESENTATION_CONTEXT(2) 
PARAMETRIC_REPRESENTATION_CONTEXT() REPRESENTATION_CONTEXT('2D SPACE',''
  ) );
#1576 = PCURVE('',#1577,#1582);
#1577 = PLANE('',#1578);
#1578 = AXIS2_PLACEMENT_3D('',#1579,#1580,#1581);
#1579 = CARTESIAN_POINT('',(13.6,1.847520861407,5.));
#1580 = DIRECTION('',(-1.,-4.807406715959E-16,5.887375246899E-32));
#1581 = DIRECTION('',(4.807406715959E-16,-1.,1.224646799147E-16));
#1582 = DEFINITIONAL_REPRESENTATION('',(#1583),#1587);
#1583 = LINE('',#1584,#1585);
#1584 = CARTESIAN_POINT('',(0.,0.));
#1585 = VECTOR('',#1586,1.);
#1586 = DIRECTION('',(1.,0.));
#1587 = ( GEOMETRIC_REPRESENTATION_CONTEXT(2) 
PARAMETRIC_REPRESENTATION_CONTEXT() REPRESENTATION_CONTEXT('2D SPACE',''
  ) );
#1588 = ORIENTED_EDGE('',*,*,#1589,.F.);
#1589 = EDGE_CURVE('',#1590,#1562,#1592,.T.);
#1590 = VERTEX_POINT('',#1591);
#1591 = CARTESIAN_POINT('',(11.,3.3486315613,5.));
#1592 = SURFACE_CURVE('',#1593,(#1597,#1604),.PCURVE_S1.);
#1593 = LINE('',#1594,#1595);
#1594 = CARTESIAN_POINT('',(10.4,3.695041722814,5.));
#1595 = VECTOR('',#1596,1.);
#1596 = DIRECTION('',(0.866025403784,-0.5,6.123233995737E-17));
#1597 = PCURVE('',#72,#1598);
#1598 = DEFINITIONAL_REPRESENTATION('',(#1599),#1603);
#1599 = LINE('',#1600,#1601);
#1600 = CARTESIAN_POINT('',(20.8,-3.695041722814));
#1601 = VECTOR('',#1602,1.);
#1602 = DIRECTION('',(0.866025403784,0.5));
#1603 = ( GEOMETRIC_REPRESENTATION_CONTEXT(2) 
PARAMETRIC_REPRESENTATION_CONTEXT() REPRESENTATION_CONTEXT('2D SPACE',''
  ) );
#1604 = PCURVE('',#1605,#1610);
#1605 = PLANE('',#1606);
#1606 = AXIS2_PLACEMENT_3D('',#1607,#1608,#1609);
#1607 = CARTESIAN_POINT('',(10.4,3.695041722814,5.));
#1608 = DIRECTION('',(-0.5,-0.866025403784,1.060575238725E-16));
#1609 = DIRECTION('',(0.866025403784,-0.5,6.123233995737E-17));
#1610 = DEFINITIONAL_REPRESENTATION('',(#1611),#1615);
#1611 = LINE('',#1612,#1613);
#1612 = CARTESIAN_POINT('',(0.,0.));
#1613 = VECTOR('',#1614,1.);
#1614 = DIRECTION('',(1.,0.));
#1615 = ( GEOMETRIC_REPRESENTATION_CONTEXT(2) 
PARAMETRIC_REPRESENTATION_CONTEXT() REPRESENTATION_CONTEXT('2D SPACE',''
  ) );
#1616 = ORIENTED_EDGE('',*,*,#1617,.F.);
#1617 = EDGE_CURVE('',#1618,#1590,#1620,.T.);
#1618 = VERTEX_POINT('',#1619);
#1619 = CARTESIAN_POINT('',(11.,4.330124783355,5.));
#1620 = SURFACE_CURVE('',#1621,(#1625,#1632),.PCURVE_S1.);
#1621 = LINE('',#1622,#1623);
#1622 = CARTESIAN_POINT('',(11.,6.350852961086,5.));
#1623 = VECTOR('',#1624,1.);
#1624 = DIRECTION('',(4.807406715959E-16,-1.,1.224646799147E-16));
#1625 = PCURVE('',#72,#1626);
#1626 = DEFINITIONAL_REPRESENTATION('',(#1627),#1631);
#1627 = LINE('',#1628,#1629);
#1628 = CARTESIAN_POINT('',(21.4,-6.350852961086));
#1629 = VECTOR('',#1630,1.);
#1630 = DIRECTION('',(4.807406715959E-16,1.));
#1631 = ( GEOMETRIC_REPRESENTATION_CONTEXT(2) 
PARAMETRIC_REPRESENTATION_CONTEXT() REPRESENTATION_CONTEXT('2D SPACE',''
  ) );
#1632 = PCURVE('',#1633,#1638);
#1633 = PLANE('',#1634);
#1634 = AXIS2_PLACEMENT_3D('',#1635,#1636,#1637);
#1635 = CARTESIAN_POINT('',(11.,6.350852961086,5.));
#1636 = DIRECTION('',(-1.,-4.807406715959E-16,5.887375246899E-32));
#1637 = DIRECTION('',(4.807406715959E-16,-1.,1.224646799147E-16));
#1638 = DEFINITIONAL_REPRESENTATION('',(#1639),#1643);
#1639 = LINE('',#1640,#1641);
#1640 = CARTESIAN_POINT('',(0.,0.));
#1641 = VECTOR('',#1642,1.);
#1642 = DIRECTION('',(1.,0.));
#1643 = ( GEOMETRIC_REPRESENTATION_CONTEXT(2) 
PARAMETRIC_REPRESENTATION_CONTEXT() REPRESENTATION_CONTEXT('2D SPACE',''
  ) );
#1644 = ORIENTED_EDGE('',*,*,#1645,.F.);
#1645 = EDGE_CURVE('',#1646,#1618,#1648,.T.);
#1646 = VERTEX_POINT('',#1647);
#1647 = CARTESIAN_POINT('',(13.429048216895,4.745269700507,5.));
#1648 = SURFACE_CURVE('',#1649,(#1654,#1661),.PCURVE_S1.);
#1649 = CIRCLE('',#1650,1.25);
#1650 = AXIS2_PLACEMENT_3D('',#1651,#1652,#1653);
#1651 = CARTESIAN_POINT('',(12.179048216895,4.745269700507,5.));
#1652 = DIRECTION('',(0.,-1.224646799147E-16,-1.));
#1653 = DIRECTION('',(1.,0.,0.));
#1654 = PCURVE('',#72,#1655);
#1655 = DEFINITIONAL_REPRESENTATION('',(#1656),#1660);
#1656 = CIRCLE('',#1657,1.25);
#1657 = AXIS2_PLACEMENT_2D('',#1658,#1659);
#1658 = CARTESIAN_POINT('',(22.579048216895,-4.745269700507));
#1659 = DIRECTION('',(1.,0.));
#1660 = ( GEOMETRIC_REPRESENTATION_CONTEXT(2) 
PARAMETRIC_REPRESENTATION_CONTEXT() REPRESENTATION_CONTEXT('2D SPACE',''
  ) );
#1661 = PCURVE('',#1662,#1667);
#1662 = CONICAL_SURFACE('',#1663,1.25,7.485984771077E-02);
#1663 = AXIS2_PLACEMENT_3D('',#1664,#1665,#1666);
#1664 = CARTESIAN_POINT('',(12.179048216895,4.745269700507,5.));
#1665 = DIRECTION('',(-0.,1.224646799147E-16,1.));
#1666 = DIRECTION('',(1.,0.,0.));
#1667 = DEFINITIONAL_REPRESENTATION('',(#1668),#1672);
#1668 = LINE('',#1669,#1670);
#1669 = CARTESIAN_POINT('',(-0.,-0.));
#1670 = VECTOR('',#1671,1.);
#1671 = DIRECTION('',(-1.,-0.));
#1672 = ( GEOMETRIC_REPRESENTATION_CONTEXT(2) 
PARAMETRIC_REPRESENTATION_CONTEXT() REPRESENTATION_CONTEXT('2D SPACE',''
  ) );
#1673 = ORIENTED_EDGE('',*,*,#1674,.F.);
#1674 = EDGE_CURVE('',#1675,#1646,#1677,.T.);
#1675 = VERTEX_POINT('',#1676);
#1676 = CARTESIAN_POINT('',(11.,5.160414617658,5.));
#1677 = SURFACE_CURVE('',#1678,(#1683,#1690),.PCURVE_S1.);
#1678 = CIRCLE('',#1679,1.25);
#1679 = AXIS2_PLACEMENT_3D('',#1680,#1681,#1682);
#1680 = CARTESIAN_POINT('',(12.179048216895,4.745269700507,5.));
#1681 = DIRECTION('',(0.,-1.224646799147E-16,-1.));
#1682 = DIRECTION('',(1.,0.,0.));
#1683 = PCURVE('',#72,#1684);
#1684 = DEFINITIONAL_REPRESENTATION('',(#1685),#1689);
#1685 = CIRCLE('',#1686,1.25);
#1686 = AXIS2_PLACEMENT_2D('',#1687,#1688);
#1687 = CARTESIAN_POINT('',(22.579048216895,-4.745269700507));
#1688 = DIRECTION('',(1.,0.));
#1689 = ( GEOMETRIC_REPRESENTATION_CONTEXT(2) 
PARAMETRIC_REPRESENTATION_CONTEXT() REPRESENTATION_CONTEXT('2D SPACE',''
  ) );
#1690 = PCURVE('',#1662,#1691);
#1691 = DEFINITIONAL_REPRESENTATION('',(#1692),#1696);
#1692 = LINE('',#1693,#1694);
#1693 = CARTESIAN_POINT('',(-0.,-0.));
#1694 = VECTOR('',#1695,1.);
#1695 = DIRECTION('',(-1.,-0.));
#1696 = ( GEOMETRIC_REPRESENTATION_CONTEXT(2) 
PARAMETRIC_REPRESENTATION_CONTEXT() REPRESENTATION_CONTEXT('2D SPACE',''
  ) );
#1697 = ORIENTED_EDGE('',*,*,#1698,.F.);
#1698 = EDGE_CURVE('',#1699,#1675,#1701,.T.);
#1699 = VERTEX_POINT('',#1700);
#1700 = CARTESIAN_POINT('',(11.,6.350852961086,5.));
#1701 = SURFACE_CURVE('',#1702,(#1706,#1713),.PCURVE_S1.);
#1702 = LINE('',#1703,#1704);
#1703 = CARTESIAN_POINT('',(11.,6.350852961086,5.));
#1704 = VECTOR('',#1705,1.);
#1705 = DIRECTION('',(4.807406715959E-16,-1.,1.224646799147E-16));
#1706 = PCURVE('',#72,#1707);
#1707 = DEFINITIONAL_REPRESENTATION('',(#1708),#1712);
#1708 = LINE('',#1709,#1710);
#1709 = CARTESIAN_POINT('',(21.4,-6.350852961086));
#1710 = VECTOR('',#1711,1.);
#1711 = DIRECTION('',(4.807406715959E-16,1.));
#1712 = ( GEOMETRIC_REPRESENTATION_CONTEXT(2) 
PARAMETRIC_REPRESENTATION_CONTEXT() REPRESENTATION_CONTEXT('2D SPACE',''
  ) );
#1713 = PCURVE('',#1633,#1714);
#1714 = DEFINITIONAL_REPRESENTATION('',(#1715),#1719);
#1715 = LINE('',#1716,#1717);
#1716 = CARTESIAN_POINT('',(0.,0.));
#1717 = VECTOR('',#1718,1.);
#1718 = DIRECTION('',(1.,0.));
#1719 = ( GEOMETRIC_REPRESENTATION_CONTEXT(2) 
PARAMETRIC_REPRESENTATION_CONTEXT() REPRESENTATION_CONTEXT('2D SPACE',''
  ) );
#1720 = ORIENTED_EDGE('',*,*,#1721,.F.);
#1721 = EDGE_CURVE('',#1722,#1699,#1724,.T.);
#1722 = VERTEX_POINT('',#1723);
#1723 = CARTESIAN_POINT('',(9.467819046165,7.235458047229,5.));
#1724 = SURFACE_CURVE('',#1725,(#1729,#1736),.PCURVE_S1.);
#1725 = LINE('',#1726,#1727);
#1726 = CARTESIAN_POINT('',(7.8,8.198373822493,5.));
#1727 = VECTOR('',#1728,1.);
#1728 = DIRECTION('',(0.866025403784,-0.5,6.123233995737E-17));
#1729 = PCURVE('',#72,#1730);
#1730 = DEFINITIONAL_REPRESENTATION('',(#1731),#1735);
#1731 = LINE('',#1732,#1733);
#1732 = CARTESIAN_POINT('',(18.2,-8.198373822493));
#1733 = VECTOR('',#1734,1.);
#1734 = DIRECTION('',(0.866025403784,0.5));
#1735 = ( GEOMETRIC_REPRESENTATION_CONTEXT(2) 
PARAMETRIC_REPRESENTATION_CONTEXT() REPRESENTATION_CONTEXT('2D SPACE',''
  ) );
#1736 = PCURVE('',#1737,#1742);
#1737 = PLANE('',#1738);
#1738 = AXIS2_PLACEMENT_3D('',#1739,#1740,#1741);
#1739 = CARTESIAN_POINT('',(7.8,8.198373822493,5.));
#1740 = DIRECTION('',(-0.5,-0.866025403784,1.060575238725E-16));
#1741 = DIRECTION('',(0.866025403784,-0.5,6.123233995737E-17));
#1742 = DEFINITIONAL_REPRESENTATION('',(#1743),#1747);
#1743 = LINE('',#1744,#1745);
#1744 = CARTESIAN_POINT('',(0.,0.));
#1745 = VECTOR('',#1746,1.);
#1746 = DIRECTION('',(1.,0.));
#1747 = ( GEOMETRIC_REPRESENTATION_CONTEXT(2) 
PARAMETRIC_REPRESENTATION_CONTEXT() REPRESENTATION_CONTEXT('2D SPACE',''
  ) );
#1748 = ORIENTED_EDGE('',*,*,#1749,.F.);
#1749 = EDGE_CURVE('',#1750,#1722,#1752,.T.);
#1750 = VERTEX_POINT('',#1751);
#1751 = CARTESIAN_POINT('',(10.87093932557,8.476044271575,5.));
#1752 = SURFACE_CURVE('',#1753,(#1758,#1765),.PCURVE_S1.);
#1753 = CIRCLE('',#1754,1.25);
#1754 = AXIS2_PLACEMENT_3D('',#1755,#1756,#1757);
#1755 = CARTESIAN_POINT('',(9.62093932557,8.476044271575,5.));
#1756 = DIRECTION('',(0.,-1.224646799147E-16,-1.));
#1757 = DIRECTION('',(1.,0.,0.));
#1758 = PCURVE('',#72,#1759);
#1759 = DEFINITIONAL_REPRESENTATION('',(#1760),#1764);
#1760 = CIRCLE('',#1761,1.25);
#1761 = AXIS2_PLACEMENT_2D('',#1762,#1763);
#1762 = CARTESIAN_POINT('',(20.02093932557,-8.476044271575));
#1763 = DIRECTION('',(1.,0.));
#1764 = ( GEOMETRIC_REPRESENTATION_CONTEXT(2) 
PARAMETRIC_REPRESENTATION_CONTEXT() REPRESENTATION_CONTEXT('2D SPACE',''
  ) );
#1765 = PCURVE('',#1766,#1771);
#1766 = CONICAL_SURFACE('',#1767,1.25,7.485984771077E-02);
#1767 = AXIS2_PLACEMENT_3D('',#1768,#1769,#1770);
#1768 = CARTESIAN_POINT('',(9.62093932557,8.476044271575,5.));
#1769 = DIRECTION('',(-0.,1.224646799147E-16,1.));
#1770 = DIRECTION('',(1.,0.,0.));
#1771 = DEFINITIONAL_REPRESENTATION('',(#1772),#1776);
#1772 = LINE('',#1773,#1774);
#1773 = CARTESIAN_POINT('',(-0.,-0.));
#1774 = VECTOR('',#1775,1.);
#1775 = DIRECTION('',(-1.,-0.));
#1776 = ( GEOMETRIC_REPRESENTATION_CONTEXT(2) 
PARAMETRIC_REPRESENTATION_CONTEXT() REPRESENTATION_CONTEXT('2D SPACE',''
  ) );
#1777 = ORIENTED_EDGE('',*,*,#1778,.F.);
#1778 = EDGE_CURVE('',#1779,#1750,#1781,.T.);
#1779 = VERTEX_POINT('',#1780);
#1780 = CARTESIAN_POINT('',(8.4,8.744012857935,5.));
#1781 = SURFACE_CURVE('',#1782,(#1787,#1794),.PCURVE_S1.);
#1782 = CIRCLE('',#1783,1.25);
#1783 = AXIS2_PLACEMENT_3D('',#1784,#1785,#1786);
#1784 = CARTESIAN_POINT('',(9.62093932557,8.476044271575,5.));
#1785 = DIRECTION('',(0.,-1.224646799147E-16,-1.));
#1786 = DIRECTION('',(1.,0.,0.));
#1787 = PCURVE('',#72,#1788);
#1788 = DEFINITIONAL_REPRESENTATION('',(#1789),#1793);
#1789 = CIRCLE('',#1790,1.25);
#1790 = AXIS2_PLACEMENT_2D('',#1791,#1792);
#1791 = CARTESIAN_POINT('',(20.02093932557,-8.476044271575));
#1792 = DIRECTION('',(1.,0.));
#1793 = ( GEOMETRIC_REPRESENTATION_CONTEXT(2) 
PARAMETRIC_REPRESENTATION_CONTEXT() REPRESENTATION_CONTEXT('2D SPACE',''
  ) );
#1794 = PCURVE('',#1766,#1795);
#1795 = DEFINITIONAL_REPRESENTATION('',(#1796),#1800);
#1796 = LINE('',#1797,#1798);
#1797 = CARTESIAN_POINT('',(-0.,-0.));
#1798 = VECTOR('',#1799,1.);
#1799 = DIRECTION('',(-1.,-0.));
#1800 = ( GEOMETRIC_REPRESENTATION_CONTEXT(2) 
PARAMETRIC_REPRESENTATION_CONTEXT() REPRESENTATION_CONTEXT('2D SPACE',''
  ) );
#1801 = ORIENTED_EDGE('',*,*,#1802,.F.);
#1802 = EDGE_CURVE('',#1803,#1779,#1805,.T.);
#1803 = VERTEX_POINT('',#1804);
#1804 = CARTESIAN_POINT('',(8.4,10.854185060765,5.));
#1805 = SURFACE_CURVE('',#1806,(#1810,#1817),.PCURVE_S1.);
#1806 = LINE('',#1807,#1808);
#1807 = CARTESIAN_POINT('',(8.4,10.854185060765,5.));
#1808 = VECTOR('',#1809,1.);
#1809 = DIRECTION('',(4.807406715959E-16,-1.,1.224646799147E-16));
#1810 = PCURVE('',#72,#1811);
#1811 = DEFINITIONAL_REPRESENTATION('',(#1812),#1816);
#1812 = LINE('',#1813,#1814);
#1813 = CARTESIAN_POINT('',(18.8,-10.85418506076));
#1814 = VECTOR('',#1815,1.);
#1815 = DIRECTION('',(4.807406715959E-16,1.));
#1816 = ( GEOMETRIC_REPRESENTATION_CONTEXT(2) 
PARAMETRIC_REPRESENTATION_CONTEXT() REPRESENTATION_CONTEXT('2D SPACE',''
  ) );
#1817 = PCURVE('',#1818,#1823);
#1818 = PLANE('',#1819);
#1819 = AXIS2_PLACEMENT_3D('',#1820,#1821,#1822);
#1820 = CARTESIAN_POINT('',(8.4,10.854185060765,5.));
#1821 = DIRECTION('',(-1.,-4.807406715959E-16,5.887375246899E-32));
#1822 = DIRECTION('',(4.807406715959E-16,-1.,1.224646799147E-16));
#1823 = DEFINITIONAL_REPRESENTATION('',(#1824),#1828);
#1824 = LINE('',#1825,#1826);
#1825 = CARTESIAN_POINT('',(0.,0.));
#1826 = VECTOR('',#1827,1.);
#1827 = DIRECTION('',(1.,0.));
#1828 = ( GEOMETRIC_REPRESENTATION_CONTEXT(2) 
PARAMETRIC_REPRESENTATION_CONTEXT() REPRESENTATION_CONTEXT('2D SPACE',''
  ) );
#1829 = ORIENTED_EDGE('',*,*,#1830,.F.);
#1830 = EDGE_CURVE('',#1831,#1803,#1833,.T.);
#1831 = VERTEX_POINT('',#1832);
#1832 = CARTESIAN_POINT('',(5.2,12.701705922172,5.));
#1833 = SURFACE_CURVE('',#1834,(#1838,#1845),.PCURVE_S1.);
#1834 = LINE('',#1835,#1836);
#1835 = CARTESIAN_POINT('',(5.2,12.701705922172,5.));
#1836 = VECTOR('',#1837,1.);
#1837 = DIRECTION('',(0.866025403784,-0.5,6.123233995737E-17));
#1838 = PCURVE('',#72,#1839);
#1839 = DEFINITIONAL_REPRESENTATION('',(#1840),#1844);
#1840 = LINE('',#1841,#1842);
#1841 = CARTESIAN_POINT('',(15.6,-12.70170592217));
#1842 = VECTOR('',#1843,1.);
#1843 = DIRECTION('',(0.866025403784,0.5));
#1844 = ( GEOMETRIC_REPRESENTATION_CONTEXT(2) 
PARAMETRIC_REPRESENTATION_CONTEXT() REPRESENTATION_CONTEXT('2D SPACE',''
  ) );
#1845 = PCURVE('',#1846,#1851);
#1846 = PLANE('',#1847);
#1847 = AXIS2_PLACEMENT_3D('',#1848,#1849,#1850);
#1848 = CARTESIAN_POINT('',(5.2,12.701705922172,5.));
#1849 = DIRECTION('',(-0.5,-0.866025403784,1.060575238725E-16));
#1850 = DIRECTION('',(0.866025403784,-0.5,6.123233995737E-17));
#1851 = DEFINITIONAL_REPRESENTATION('',(#1852),#1856);
#1852 = LINE('',#1853,#1854);
#1853 = CARTESIAN_POINT('',(0.,0.));
#1854 = VECTOR('',#1855,1.);
#1855 = DIRECTION('',(1.,0.));
#1856 = ( GEOMETRIC_REPRESENTATION_CONTEXT(2) 
PARAMETRIC_REPRESENTATION_CONTEXT() REPRESENTATION_CONTEXT('2D SPACE',''
  ) );
#1857 = ORIENTED_EDGE('',*,*,#1858,.F.);
#1858 = EDGE_CURVE('',#1859,#1831,#1861,.T.);
#1859 = VERTEX_POINT('',#1860);
#1860 = CARTESIAN_POINT('',(2.6,11.200595222279,5.));
#1861 = SURFACE_CURVE('',#1862,(#1866,#1873),.PCURVE_S1.);
#1862 = LINE('',#1863,#1864);
#1863 = CARTESIAN_POINT('',(2.,10.854185060765,5.));
#1864 = VECTOR('',#1865,1.);
#1865 = DIRECTION('',(0.866025403784,0.5,-6.123233995737E-17));
#1866 = PCURVE('',#72,#1867);
#1867 = DEFINITIONAL_REPRESENTATION('',(#1868),#1872);
#1868 = LINE('',#1869,#1870);
#1869 = CARTESIAN_POINT('',(12.4,-10.85418506076));
#1870 = VECTOR('',#1871,1.);
#1871 = DIRECTION('',(0.866025403784,-0.5));
#1872 = ( GEOMETRIC_REPRESENTATION_CONTEXT(2) 
PARAMETRIC_REPRESENTATION_CONTEXT() REPRESENTATION_CONTEXT('2D SPACE',''
  ) );
#1873 = PCURVE('',#1874,#1879);
#1874 = PLANE('',#1875);
#1875 = AXIS2_PLACEMENT_3D('',#1876,#1877,#1878);
#1876 = CARTESIAN_POINT('',(2.,10.854185060765,5.));
#1877 = DIRECTION('',(0.5,-0.866025403784,1.060575238725E-16));
#1878 = DIRECTION('',(0.866025403784,0.5,-6.123233995737E-17));
#1879 = DEFINITIONAL_REPRESENTATION('',(#1880),#1884);
#1880 = LINE('',#1881,#1882);
#1881 = CARTESIAN_POINT('',(0.,0.));
#1882 = VECTOR('',#1883,1.);
#1883 = DIRECTION('',(1.,0.));
#1884 = ( GEOMETRIC_REPRESENTATION_CONTEXT(2) 
PARAMETRIC_REPRESENTATION_CONTEXT() REPRESENTATION_CONTEXT('2D SPACE',''
  ) );
#1885 = ORIENTED_EDGE('',*,*,#1886,.F.);
#1886 = EDGE_CURVE('',#1887,#1859,#1889,.T.);
#1887 = VERTEX_POINT('',#1888);
#1888 = CARTESIAN_POINT('',(1.750001936058,11.691341833306,5.));
#1889 = SURFACE_CURVE('',#1890,(#1894,#1901),.PCURVE_S1.);
#1890 = LINE('',#1891,#1892);
#1891 = CARTESIAN_POINT('',(-6.787681527839E-16,12.701705922172,5.));
#1892 = VECTOR('',#1893,1.);
#1893 = DIRECTION('',(0.866025403784,-0.5,6.123233995737E-17));
#1894 = PCURVE('',#72,#1895);
#1895 = DEFINITIONAL_REPRESENTATION('',(#1896),#1900);
#1896 = LINE('',#1897,#1898);
#1897 = CARTESIAN_POINT('',(10.4,-12.70170592217));
#1898 = VECTOR('',#1899,1.);
#1899 = DIRECTION('',(0.866025403784,0.5));
#1900 = ( GEOMETRIC_REPRESENTATION_CONTEXT(2) 
PARAMETRIC_REPRESENTATION_CONTEXT() REPRESENTATION_CONTEXT('2D SPACE',''
  ) );
#1901 = PCURVE('',#1902,#1907);
#1902 = PLANE('',#1903);
#1903 = AXIS2_PLACEMENT_3D('',#1904,#1905,#1906);
#1904 = CARTESIAN_POINT('',(-6.787681527839E-16,12.701705922172,5.));
#1905 = DIRECTION('',(-0.5,-0.866025403784,1.060575238725E-16));
#1906 = DIRECTION('',(0.866025403784,-0.5,6.123233995737E-17));
#1907 = DEFINITIONAL_REPRESENTATION('',(#1908),#1912);
#1908 = LINE('',#1909,#1910);
#1909 = CARTESIAN_POINT('',(0.,0.));
#1910 = VECTOR('',#1911,1.);
#1911 = DIRECTION('',(1.,0.));
#1912 = ( GEOMETRIC_REPRESENTATION_CONTEXT(2) 
PARAMETRIC_REPRESENTATION_CONTEXT() REPRESENTATION_CONTEXT('2D SPACE',''
  ) );
#1913 = ORIENTED_EDGE('',*,*,#1914,.F.);
#1914 = EDGE_CURVE('',#1915,#1887,#1917,.T.);
#1915 = VERTEX_POINT('',#1916);
#1916 = CARTESIAN_POINT('',(3.23,12.92,5.));
#1917 = SURFACE_CURVE('',#1918,(#1923,#1930),.PCURVE_S1.);
#1918 = CIRCLE('',#1919,1.25);
#1919 = AXIS2_PLACEMENT_3D('',#1920,#1921,#1922);
#1920 = CARTESIAN_POINT('',(1.98,12.92,5.));
#1921 = DIRECTION('',(0.,-1.224646799147E-16,-1.));
#1922 = DIRECTION('',(1.,0.,0.));
#1923 = PCURVE('',#72,#1924);
#1924 = DEFINITIONAL_REPRESENTATION('',(#1925),#1929);
#1925 = CIRCLE('',#1926,1.25);
#1926 = AXIS2_PLACEMENT_2D('',#1927,#1928);
#1927 = CARTESIAN_POINT('',(12.38,-12.92));
#1928 = DIRECTION('',(1.,0.));
#1929 = ( GEOMETRIC_REPRESENTATION_CONTEXT(2) 
PARAMETRIC_REPRESENTATION_CONTEXT() REPRESENTATION_CONTEXT('2D SPACE',''
  ) );
#1930 = PCURVE('',#1931,#1936);
#1931 = CONICAL_SURFACE('',#1932,1.25,7.485984771077E-02);
#1932 = AXIS2_PLACEMENT_3D('',#1933,#1934,#1935);
#1933 = CARTESIAN_POINT('',(1.98,12.92,5.));
#1934 = DIRECTION('',(-0.,1.224646799147E-16,1.));
#1935 = DIRECTION('',(1.,0.,0.));
#1936 = DEFINITIONAL_REPRESENTATION('',(#1937),#1941);
#1937 = LINE('',#1938,#1939);
#1938 = CARTESIAN_POINT('',(-0.,-0.));
#1939 = VECTOR('',#1940,1.);
#1940 = DIRECTION('',(-1.,-0.));
#1941 = ( GEOMETRIC_REPRESENTATION_CONTEXT(2) 
PARAMETRIC_REPRESENTATION_CONTEXT() REPRESENTATION_CONTEXT('2D SPACE',''
  ) );
#1942 = ORIENTED_EDGE('',*,*,#1943,.F.);
#1943 = EDGE_CURVE('',#1944,#1915,#1946,.T.);
#1944 = VERTEX_POINT('',#1945);
#1945 = CARTESIAN_POINT('',(1.030949847047,12.106486750458,5.));
#1946 = SURFACE_CURVE('',#1947,(#1952,#1959),.PCURVE_S1.);
#1947 = CIRCLE('',#1948,1.25);
#1948 = AXIS2_PLACEMENT_3D('',#1949,#1950,#1951);
#1949 = CARTESIAN_POINT('',(1.98,12.92,5.));
#1950 = DIRECTION('',(0.,-1.224646799147E-16,-1.));
#1951 = DIRECTION('',(1.,0.,0.));
#1952 = PCURVE('',#72,#1953);
#1953 = DEFINITIONAL_REPRESENTATION('',(#1954),#1958);
#1954 = CIRCLE('',#1955,1.25);
#1955 = AXIS2_PLACEMENT_2D('',#1956,#1957);
#1956 = CARTESIAN_POINT('',(12.38,-12.92));
#1957 = DIRECTION('',(1.,0.));
#1958 = ( GEOMETRIC_REPRESENTATION_CONTEXT(2) 
PARAMETRIC_REPRESENTATION_CONTEXT() REPRESENTATION_CONTEXT('2D SPACE',''
  ) );
#1959 = PCURVE('',#1931,#1960);
#1960 = DEFINITIONAL_REPRESENTATION('',(#1961),#1965);
#1961 = LINE('',#1962,#1963);
#1962 = CARTESIAN_POINT('',(-0.,-0.));
#1963 = VECTOR('',#1964,1.);
#1964 = DIRECTION('',(-1.,-0.));
#1965 = ( GEOMETRIC_REPRESENTATION_CONTEXT(2) 
PARAMETRIC_REPRESENTATION_CONTEXT() REPRESENTATION_CONTEXT('2D SPACE',''
  ) );
#1966 = ORIENTED_EDGE('',*,*,#1967,.F.);
#1967 = EDGE_CURVE('',#1968,#1944,#1970,.T.);
#1968 = VERTEX_POINT('',#1969);
#1969 = CARTESIAN_POINT('',(-6.787681527839E-16,12.701705922172,5.));
#1970 = SURFACE_CURVE('',#1971,(#1975,#1982),.PCURVE_S1.);
#1971 = LINE('',#1972,#1973);
#1972 = CARTESIAN_POINT('',(-6.787681527839E-16,12.701705922172,5.));
#1973 = VECTOR('',#1974,1.);
#1974 = DIRECTION('',(0.866025403784,-0.5,6.123233995737E-17));
#1975 = PCURVE('',#72,#1976);
#1976 = DEFINITIONAL_REPRESENTATION('',(#1977),#1981);
#1977 = LINE('',#1978,#1979);
#1978 = CARTESIAN_POINT('',(10.4,-12.70170592217));
#1979 = VECTOR('',#1980,1.);
#1980 = DIRECTION('',(0.866025403784,0.5));
#1981 = ( GEOMETRIC_REPRESENTATION_CONTEXT(2) 
PARAMETRIC_REPRESENTATION_CONTEXT() REPRESENTATION_CONTEXT('2D SPACE',''
  ) );
#1982 = PCURVE('',#1902,#1983);
#1983 = DEFINITIONAL_REPRESENTATION('',(#1984),#1988);
#1984 = LINE('',#1985,#1986);
#1985 = CARTESIAN_POINT('',(0.,0.));
#1986 = VECTOR('',#1987,1.);
#1987 = DIRECTION('',(1.,0.));
#1988 = ( GEOMETRIC_REPRESENTATION_CONTEXT(2) 
PARAMETRIC_REPRESENTATION_CONTEXT() REPRESENTATION_CONTEXT('2D SPACE',''
  ) );
#1989 = ORIENTED_EDGE('',*,*,#1990,.F.);
#1990 = EDGE_CURVE('',#1991,#1968,#1993,.T.);
#1991 = VERTEX_POINT('',#1992);
#1992 = CARTESIAN_POINT('',(-1.532180953835,11.817100836028,5.));
#1993 = SURFACE_CURVE('',#1994,(#1998,#2005),.PCURVE_S1.);
#1994 = LINE('',#1995,#1996);
#1995 = CARTESIAN_POINT('',(-3.2,10.854185060765,5.));
#1996 = VECTOR('',#1997,1.);
#1997 = DIRECTION('',(0.866025403784,0.5,-6.123233995737E-17));
#1998 = PCURVE('',#72,#1999);
#1999 = DEFINITIONAL_REPRESENTATION('',(#2000),#2004);
#2000 = LINE('',#2001,#2002);
#2001 = CARTESIAN_POINT('',(7.2,-10.85418506076));
#2002 = VECTOR('',#2003,1.);
#2003 = DIRECTION('',(0.866025403784,-0.5));
#2004 = ( GEOMETRIC_REPRESENTATION_CONTEXT(2) 
PARAMETRIC_REPRESENTATION_CONTEXT() REPRESENTATION_CONTEXT('2D SPACE',''
  ) );
#2005 = PCURVE('',#2006,#2011);
#2006 = PLANE('',#2007);
#2007 = AXIS2_PLACEMENT_3D('',#2008,#2009,#2010);
#2008 = CARTESIAN_POINT('',(-3.2,10.854185060765,5.));
#2009 = DIRECTION('',(0.5,-0.866025403784,1.060575238725E-16));
#2010 = DIRECTION('',(0.866025403784,0.5,-6.123233995737E-17));
#2011 = DEFINITIONAL_REPRESENTATION('',(#2012),#2016);
#2012 = LINE('',#2013,#2014);
#2013 = CARTESIAN_POINT('',(0.,0.));
#2014 = VECTOR('',#2015,1.);
#2015 = DIRECTION('',(1.,0.));
#2016 = ( GEOMETRIC_REPRESENTATION_CONTEXT(2) 
PARAMETRIC_REPRESENTATION_CONTEXT() REPRESENTATION_CONTEXT('2D SPACE',''
  ) );
#2017 = ORIENTED_EDGE('',*,*,#2018,.F.);
#2018 = EDGE_CURVE('',#2019,#1991,#2021,.T.);
#2019 = VERTEX_POINT('',#2020);
#2020 = CARTESIAN_POINT('',(-1.28,12.57,5.));
#2021 = SURFACE_CURVE('',#2022,(#2027,#2034),.PCURVE_S1.);
#2022 = CIRCLE('',#2023,1.25);
#2023 = AXIS2_PLACEMENT_3D('',#2024,#2025,#2026);
#2024 = CARTESIAN_POINT('',(-2.53,12.57,5.));
#2025 = DIRECTION('',(0.,-1.224646799147E-16,-1.));
#2026 = DIRECTION('',(1.,0.,0.));
#2027 = PCURVE('',#72,#2028);
#2028 = DEFINITIONAL_REPRESENTATION('',(#2029),#2033);
#2029 = CIRCLE('',#2030,1.25);
#2030 = AXIS2_PLACEMENT_2D('',#2031,#2032);
#2031 = CARTESIAN_POINT('',(7.87,-12.57));
#2032 = DIRECTION('',(1.,0.));
#2033 = ( GEOMETRIC_REPRESENTATION_CONTEXT(2) 
PARAMETRIC_REPRESENTATION_CONTEXT() REPRESENTATION_CONTEXT('2D SPACE',''
  ) );
#2034 = PCURVE('',#2035,#2040);
#2035 = CONICAL_SURFACE('',#2036,1.25,7.485984771077E-02);
#2036 = AXIS2_PLACEMENT_3D('',#2037,#2038,#2039);
#2037 = CARTESIAN_POINT('',(-2.53,12.57,5.));
#2038 = DIRECTION('',(-0.,1.224646799147E-16,1.));
#2039 = DIRECTION('',(1.,0.,0.));
#2040 = DEFINITIONAL_REPRESENTATION('',(#2041),#2045);
#2041 = LINE('',#2042,#2043);
#2042 = CARTESIAN_POINT('',(-0.,-0.));
#2043 = VECTOR('',#2044,1.);
#2044 = DIRECTION('',(-1.,-0.));
#2045 = ( GEOMETRIC_REPRESENTATION_CONTEXT(2) 
PARAMETRIC_REPRESENTATION_CONTEXT() REPRESENTATION_CONTEXT('2D SPACE',''
  ) );
#2046 = ORIENTED_EDGE('',*,*,#2047,.F.);
#2047 = EDGE_CURVE('',#2048,#2019,#2050,.T.);
#2048 = VERTEX_POINT('',#2049);
#2049 = CARTESIAN_POINT('',(-3.372537265989,11.646619820757,5.));
#2050 = SURFACE_CURVE('',#2051,(#2056,#2063),.PCURVE_S1.);
#2051 = CIRCLE('',#2052,1.25);
#2052 = AXIS2_PLACEMENT_3D('',#2053,#2054,#2055);
#2053 = CARTESIAN_POINT('',(-2.53,12.57,5.));
#2054 = DIRECTION('',(0.,-1.224646799147E-16,-1.));
#2055 = DIRECTION('',(1.,0.,0.));
#2056 = PCURVE('',#72,#2057);
#2057 = DEFINITIONAL_REPRESENTATION('',(#2058),#2062);
#2058 = CIRCLE('',#2059,1.25);
#2059 = AXIS2_PLACEMENT_2D('',#2060,#2061);
#2060 = CARTESIAN_POINT('',(7.87,-12.57));
#2061 = DIRECTION('',(1.,0.));
#2062 = ( GEOMETRIC_REPRESENTATION_CONTEXT(2) 
PARAMETRIC_REPRESENTATION_CONTEXT() REPRESENTATION_CONTEXT('2D SPACE',''
  ) );
#2063 = PCURVE('',#2035,#2064);
#2064 = DEFINITIONAL_REPRESENTATION('',(#2065),#2069);
#2065 = LINE('',#2066,#2067);
#2066 = CARTESIAN_POINT('',(-0.,-0.));
#2067 = VECTOR('',#2068,1.);
#2068 = DIRECTION('',(-1.,-0.));
#2069 = ( GEOMETRIC_REPRESENTATION_CONTEXT(2) 
PARAMETRIC_REPRESENTATION_CONTEXT() REPRESENTATION_CONTEXT('2D SPACE',''
  ) );
#2070 = ORIENTED_EDGE('',*,*,#2071,.F.);
#2071 = EDGE_CURVE('',#2072,#2048,#2074,.T.);
#2072 = VERTEX_POINT('',#2073);
#2073 = CARTESIAN_POINT('',(-5.2,12.701705922172,5.));
#2074 = SURFACE_CURVE('',#2075,(#2079,#2086),.PCURVE_S1.);
#2075 = LINE('',#2076,#2077);
#2076 = CARTESIAN_POINT('',(-5.2,12.701705922172,5.));
#2077 = VECTOR('',#2078,1.);
#2078 = DIRECTION('',(0.866025403784,-0.5,6.123233995737E-17));
#2079 = PCURVE('',#72,#2080);
#2080 = DEFINITIONAL_REPRESENTATION('',(#2081),#2085);
#2081 = LINE('',#2082,#2083);
#2082 = CARTESIAN_POINT('',(5.2,-12.70170592217));
#2083 = VECTOR('',#2084,1.);
#2084 = DIRECTION('',(0.866025403784,0.5));
#2085 = ( GEOMETRIC_REPRESENTATION_CONTEXT(2) 
PARAMETRIC_REPRESENTATION_CONTEXT() REPRESENTATION_CONTEXT('2D SPACE',''
  ) );
#2086 = PCURVE('',#2087,#2092);
#2087 = PLANE('',#2088);
#2088 = AXIS2_PLACEMENT_3D('',#2089,#2090,#2091);
#2089 = CARTESIAN_POINT('',(-5.2,12.701705922172,5.));
#2090 = DIRECTION('',(-0.5,-0.866025403784,1.060575238725E-16));
#2091 = DIRECTION('',(0.866025403784,-0.5,6.123233995737E-17));
#2092 = DEFINITIONAL_REPRESENTATION('',(#2093),#2097);
#2093 = LINE('',#2094,#2095);
#2094 = CARTESIAN_POINT('',(0.,0.));
#2095 = VECTOR('',#2096,1.);
#2096 = DIRECTION('',(1.,0.));
#2097 = ( GEOMETRIC_REPRESENTATION_CONTEXT(2) 
PARAMETRIC_REPRESENTATION_CONTEXT() REPRESENTATION_CONTEXT('2D SPACE',''
  ) );
#2098 = ORIENTED_EDGE('',*,*,#2099,.F.);
#2099 = EDGE_CURVE('',#2100,#2072,#2102,.T.);
#2100 = VERTEX_POINT('',#2101);
#2101 = CARTESIAN_POINT('',(-8.4,10.854185060765,5.));
#2102 = SURFACE_CURVE('',#2103,(#2107,#2114),.PCURVE_S1.);
#2103 = LINE('',#2104,#2105);
#2104 = CARTESIAN_POINT('',(-8.4,10.854185060765,5.));
#2105 = VECTOR('',#2106,1.);
#2106 = DIRECTION('',(0.866025403784,0.5,-6.123233995737E-17));
#2107 = PCURVE('',#72,#2108);
#2108 = DEFINITIONAL_REPRESENTATION('',(#2109),#2113);
#2109 = LINE('',#2110,#2111);
#2110 = CARTESIAN_POINT('',(2.,-10.85418506076));
#2111 = VECTOR('',#2112,1.);
#2112 = DIRECTION('',(0.866025403784,-0.5));
#2113 = ( GEOMETRIC_REPRESENTATION_CONTEXT(2) 
PARAMETRIC_REPRESENTATION_CONTEXT() REPRESENTATION_CONTEXT('2D SPACE',''
  ) );
#2114 = PCURVE('',#2115,#2120);
#2115 = PLANE('',#2116);
#2116 = AXIS2_PLACEMENT_3D('',#2117,#2118,#2119);
#2117 = CARTESIAN_POINT('',(-8.4,10.854185060765,5.));
#2118 = DIRECTION('',(0.5,-0.866025403784,1.060575238725E-16));
#2119 = DIRECTION('',(0.866025403784,0.5,-6.123233995737E-17));
#2120 = DEFINITIONAL_REPRESENTATION('',(#2121),#2125);
#2121 = LINE('',#2122,#2123);
#2122 = CARTESIAN_POINT('',(0.,0.));
#2123 = VECTOR('',#2124,1.);
#2124 = DIRECTION('',(1.,0.));
#2125 = ( GEOMETRIC_REPRESENTATION_CONTEXT(2) 
PARAMETRIC_REPRESENTATION_CONTEXT() REPRESENTATION_CONTEXT('2D SPACE',''
  ) );
#2126 = ORIENTED_EDGE('',*,*,#2127,.F.);
#2127 = EDGE_CURVE('',#2128,#2100,#2130,.T.);
#2128 = VERTEX_POINT('',#2129);
#2129 = CARTESIAN_POINT('',(-8.4,7.851963660979,5.));
#2130 = SURFACE_CURVE('',#2131,(#2135,#2142),.PCURVE_S1.);
#2131 = LINE('',#2132,#2133);
#2132 = CARTESIAN_POINT('',(-8.4,7.159143337951,5.));
#2133 = VECTOR('',#2134,1.);
#2134 = DIRECTION('',(0.,1.,-1.224646799147E-16));
#2135 = PCURVE('',#72,#2136);
#2136 = DEFINITIONAL_REPRESENTATION('',(#2137),#2141);
#2137 = LINE('',#2138,#2139);
#2138 = CARTESIAN_POINT('',(2.,-7.159143337951));
#2139 = VECTOR('',#2140,1.);
#2140 = DIRECTION('',(0.,-1.));
#2141 = ( GEOMETRIC_REPRESENTATION_CONTEXT(2) 
PARAMETRIC_REPRESENTATION_CONTEXT() REPRESENTATION_CONTEXT('2D SPACE',''
  ) );
#2142 = PCURVE('',#2143,#2148);
#2143 = PLANE('',#2144);
#2144 = AXIS2_PLACEMENT_3D('',#2145,#2146,#2147);
#2145 = CARTESIAN_POINT('',(-8.4,7.159143337951,5.));
#2146 = DIRECTION('',(1.,0.,0.));
#2147 = DIRECTION('',(0.,1.,-1.224646799147E-16));
#2148 = DEFINITIONAL_REPRESENTATION('',(#2149),#2153);
#2149 = LINE('',#2150,#2151);
#2150 = CARTESIAN_POINT('',(0.,0.));
#2151 = VECTOR('',#2152,1.);
#2152 = DIRECTION('',(1.,0.));
#2153 = ( GEOMETRIC_REPRESENTATION_CONTEXT(2) 
PARAMETRIC_REPRESENTATION_CONTEXT() REPRESENTATION_CONTEXT('2D SPACE',''
  ) );
#2154 = ORIENTED_EDGE('',*,*,#2155,.F.);
#2155 = EDGE_CURVE('',#2156,#2128,#2158,.T.);
#2156 = VERTEX_POINT('',#2157);
#2157 = CARTESIAN_POINT('',(-9.249998063942,7.361217049951,5.));
#2158 = SURFACE_CURVE('',#2159,(#2163,#2170),.PCURVE_S1.);
#2159 = LINE('',#2160,#2161);
#2160 = CARTESIAN_POINT('',(-11.,6.350852961086,5.));
#2161 = VECTOR('',#2162,1.);
#2162 = DIRECTION('',(0.866025403784,0.5,-6.123233995737E-17));
#2163 = PCURVE('',#72,#2164);
#2164 = DEFINITIONAL_REPRESENTATION('',(#2165),#2169);
#2165 = LINE('',#2166,#2167);
#2166 = CARTESIAN_POINT('',(-0.6,-6.350852961086));
#2167 = VECTOR('',#2168,1.);
#2168 = DIRECTION('',(0.866025403784,-0.5));
#2169 = ( GEOMETRIC_REPRESENTATION_CONTEXT(2) 
PARAMETRIC_REPRESENTATION_CONTEXT() REPRESENTATION_CONTEXT('2D SPACE',''
  ) );
#2170 = PCURVE('',#2171,#2176);
#2171 = PLANE('',#2172);
#2172 = AXIS2_PLACEMENT_3D('',#2173,#2174,#2175);
#2173 = CARTESIAN_POINT('',(-11.,6.350852961086,5.));
#2174 = DIRECTION('',(0.5,-0.866025403784,1.060575238725E-16));
#2175 = DIRECTION('',(0.866025403784,0.5,-6.123233995737E-17));
#2176 = DEFINITIONAL_REPRESENTATION('',(#2177),#2181);
#2177 = LINE('',#2178,#2179);
#2178 = CARTESIAN_POINT('',(0.,0.));
#2179 = VECTOR('',#2180,1.);
#2180 = DIRECTION('',(1.,0.));
#2181 = ( GEOMETRIC_REPRESENTATION_CONTEXT(2) 
PARAMETRIC_REPRESENTATION_CONTEXT() REPRESENTATION_CONTEXT('2D SPACE',''
  ) );
#2182 = ORIENTED_EDGE('',*,*,#2183,.F.);
#2183 = EDGE_CURVE('',#2184,#2156,#2186,.T.);
#2184 = VERTEX_POINT('',#2185);
#2185 = CARTESIAN_POINT('',(-8.949048216895,8.174730299493,5.));
#2186 = SURFACE_CURVE('',#2187,(#2192,#2199),.PCURVE_S1.);
#2187 = CIRCLE('',#2188,1.25);
#2188 = AXIS2_PLACEMENT_3D('',#2189,#2190,#2191);
#2189 = CARTESIAN_POINT('',(-10.19904821689,8.174730299493,5.));
#2190 = DIRECTION('',(0.,-1.224646799147E-16,-1.));
#2191 = DIRECTION('',(1.,0.,0.));
#2192 = PCURVE('',#72,#2193);
#2193 = DEFINITIONAL_REPRESENTATION('',(#2194),#2198);
#2194 = CIRCLE('',#2195,1.25);
#2195 = AXIS2_PLACEMENT_2D('',#2196,#2197);
#2196 = CARTESIAN_POINT('',(0.200951783105,-8.174730299493));
#2197 = DIRECTION('',(1.,0.));
#2198 = ( GEOMETRIC_REPRESENTATION_CONTEXT(2) 
PARAMETRIC_REPRESENTATION_CONTEXT() REPRESENTATION_CONTEXT('2D SPACE',''
  ) );
#2199 = PCURVE('',#2200,#2205);
#2200 = CONICAL_SURFACE('',#2201,1.25,7.485984771077E-02);
#2201 = AXIS2_PLACEMENT_3D('',#2202,#2203,#2204);
#2202 = CARTESIAN_POINT('',(-10.19904821689,8.174730299493,5.));
#2203 = DIRECTION('',(-0.,1.224646799147E-16,1.));
#2204 = DIRECTION('',(1.,0.,0.));
#2205 = DEFINITIONAL_REPRESENTATION('',(#2206),#2210);
#2206 = LINE('',#2207,#2208);
#2207 = CARTESIAN_POINT('',(-0.,-0.));
#2208 = VECTOR('',#2209,1.);
#2209 = DIRECTION('',(-1.,-0.));
#2210 = ( GEOMETRIC_REPRESENTATION_CONTEXT(2) 
PARAMETRIC_REPRESENTATION_CONTEXT() REPRESENTATION_CONTEXT('2D SPACE',''
  ) );
#2211 = ORIENTED_EDGE('',*,*,#2212,.F.);
#2212 = EDGE_CURVE('',#2213,#2184,#2215,.T.);
#2213 = VERTEX_POINT('',#2214);
#2214 = CARTESIAN_POINT('',(-9.969050152953,6.9460721328,5.));
#2215 = SURFACE_CURVE('',#2216,(#2221,#2228),.PCURVE_S1.);
#2216 = CIRCLE('',#2217,1.25);
#2217 = AXIS2_PLACEMENT_3D('',#2218,#2219,#2220);
#2218 = CARTESIAN_POINT('',(-10.19904821689,8.174730299493,5.));
#2219 = DIRECTION('',(0.,-1.224646799147E-16,-1.));
#2220 = DIRECTION('',(1.,0.,0.));
#2221 = PCURVE('',#72,#2222);
#2222 = DEFINITIONAL_REPRESENTATION('',(#2223),#2227);
#2223 = CIRCLE('',#2224,1.25);
#2224 = AXIS2_PLACEMENT_2D('',#2225,#2226);
#2225 = CARTESIAN_POINT('',(0.200951783105,-8.174730299493));
#2226 = DIRECTION('',(1.,0.));
#2227 = ( GEOMETRIC_REPRESENTATION_CONTEXT(2) 
PARAMETRIC_REPRESENTATION_CONTEXT() REPRESENTATION_CONTEXT('2D SPACE',''
  ) );
#2228 = PCURVE('',#2200,#2229);
#2229 = DEFINITIONAL_REPRESENTATION('',(#2230),#2234);
#2230 = LINE('',#2231,#2232);
#2231 = CARTESIAN_POINT('',(-0.,-0.));
#2232 = VECTOR('',#2233,1.);
#2233 = DIRECTION('',(-1.,-0.));
#2234 = ( GEOMETRIC_REPRESENTATION_CONTEXT(2) 
PARAMETRIC_REPRESENTATION_CONTEXT() REPRESENTATION_CONTEXT('2D SPACE',''
  ) );
#2235 = ORIENTED_EDGE('',*,*,#2236,.F.);
#2236 = EDGE_CURVE('',#2237,#2213,#2239,.T.);
#2237 = VERTEX_POINT('',#2238);
#2238 = CARTESIAN_POINT('',(-11.,6.350852961086,5.));
#2239 = SURFACE_CURVE('',#2240,(#2244,#2251),.PCURVE_S1.);
#2240 = LINE('',#2241,#2242);
#2241 = CARTESIAN_POINT('',(-11.,6.350852961086,5.));
#2242 = VECTOR('',#2243,1.);
#2243 = DIRECTION('',(0.866025403784,0.5,-6.123233995737E-17));
#2244 = PCURVE('',#72,#2245);
#2245 = DEFINITIONAL_REPRESENTATION('',(#2246),#2250);
#2246 = LINE('',#2247,#2248);
#2247 = CARTESIAN_POINT('',(-0.6,-6.350852961086));
#2248 = VECTOR('',#2249,1.);
#2249 = DIRECTION('',(0.866025403784,-0.5));
#2250 = ( GEOMETRIC_REPRESENTATION_CONTEXT(2) 
PARAMETRIC_REPRESENTATION_CONTEXT() REPRESENTATION_CONTEXT('2D SPACE',''
  ) );
#2251 = PCURVE('',#2171,#2252);
#2252 = DEFINITIONAL_REPRESENTATION('',(#2253),#2257);
#2253 = LINE('',#2254,#2255);
#2254 = CARTESIAN_POINT('',(0.,0.));
#2255 = VECTOR('',#2256,1.);
#2256 = DIRECTION('',(1.,0.));
#2257 = ( GEOMETRIC_REPRESENTATION_CONTEXT(2) 
PARAMETRIC_REPRESENTATION_CONTEXT() REPRESENTATION_CONTEXT('2D SPACE',''
  ) );
#2258 = ORIENTED_EDGE('',*,*,#2259,.F.);
#2259 = EDGE_CURVE('',#2260,#2237,#2262,.T.);
#2260 = VERTEX_POINT('',#2261);
#2261 = CARTESIAN_POINT('',(-11.,4.581642788798,5.));
#2262 = SURFACE_CURVE('',#2263,(#2267,#2274),.PCURVE_S1.);
#2263 = LINE('',#2264,#2265);
#2264 = CARTESIAN_POINT('',(-11.,2.655811238272,5.));
#2265 = VECTOR('',#2266,1.);
#2266 = DIRECTION('',(4.807406715959E-16,1.,-1.224646799147E-16));
#2267 = PCURVE('',#72,#2268);
#2268 = DEFINITIONAL_REPRESENTATION('',(#2269),#2273);
#2269 = LINE('',#2270,#2271);
#2270 = CARTESIAN_POINT('',(-0.6,-2.655811238272));
#2271 = VECTOR('',#2272,1.);
#2272 = DIRECTION('',(4.807406715959E-16,-1.));
#2273 = ( GEOMETRIC_REPRESENTATION_CONTEXT(2) 
PARAMETRIC_REPRESENTATION_CONTEXT() REPRESENTATION_CONTEXT('2D SPACE',''
  ) );
#2274 = PCURVE('',#2275,#2280);
#2275 = PLANE('',#2276);
#2276 = AXIS2_PLACEMENT_3D('',#2277,#2278,#2279);
#2277 = CARTESIAN_POINT('',(-11.,2.655811238272,5.));
#2278 = DIRECTION('',(1.,-4.807406715959E-16,5.887375246899E-32));
#2279 = DIRECTION('',(4.807406715959E-16,1.,-1.224646799147E-16));
#2280 = DEFINITIONAL_REPRESENTATION('',(#2281),#2285);
#2281 = LINE('',#2282,#2283);
#2282 = CARTESIAN_POINT('',(0.,0.));
#2283 = VECTOR('',#2284,1.);
#2284 = DIRECTION('',(1.,0.));
#2285 = ( GEOMETRIC_REPRESENTATION_CONTEXT(2) 
PARAMETRIC_REPRESENTATION_CONTEXT() REPRESENTATION_CONTEXT('2D SPACE',''
  ) );
#2286 = ORIENTED_EDGE('',*,*,#2287,.F.);
#2287 = EDGE_CURVE('',#2288,#2260,#2290,.T.);
#2288 = VERTEX_POINT('',#2289);
#2289 = CARTESIAN_POINT('',(-11.77253726598,2.902606962822,5.));
#2290 = SURFACE_CURVE('',#2291,(#2296,#2303),.PCURVE_S1.);
#2291 = CIRCLE('',#2292,1.25);
#2292 = AXIS2_PLACEMENT_3D('',#2293,#2294,#2295);
#2293 = CARTESIAN_POINT('',(-12.15093932557,4.093955728425,5.));
#2294 = DIRECTION('',(0.,-1.224646799147E-16,-1.));
#2295 = DIRECTION('',(1.,0.,0.));
#2296 = PCURVE('',#72,#2297);
#2297 = DEFINITIONAL_REPRESENTATION('',(#2298),#2302);
#2298 = CIRCLE('',#2299,1.25);
#2299 = AXIS2_PLACEMENT_2D('',#2300,#2301);
#2300 = CARTESIAN_POINT('',(-1.75093932557,-4.093955728425));
#2301 = DIRECTION('',(1.,0.));
#2302 = ( GEOMETRIC_REPRESENTATION_CONTEXT(2) 
PARAMETRIC_REPRESENTATION_CONTEXT() REPRESENTATION_CONTEXT('2D SPACE',''
  ) );
#2303 = PCURVE('',#2304,#2309);
#2304 = CONICAL_SURFACE('',#2305,1.25,7.485984771077E-02);
#2305 = AXIS2_PLACEMENT_3D('',#2306,#2307,#2308);
#2306 = CARTESIAN_POINT('',(-12.15093932557,4.093955728425,5.));
#2307 = DIRECTION('',(-0.,1.224646799147E-16,1.));
#2308 = DIRECTION('',(1.,0.,0.));
#2309 = DEFINITIONAL_REPRESENTATION('',(#2310),#2314);
#2310 = LINE('',#2311,#2312);
#2311 = CARTESIAN_POINT('',(-0.,-0.));
#2312 = VECTOR('',#2313,1.);
#2313 = DIRECTION('',(-1.,-0.));
#2314 = ( GEOMETRIC_REPRESENTATION_CONTEXT(2) 
PARAMETRIC_REPRESENTATION_CONTEXT() REPRESENTATION_CONTEXT('2D SPACE',''
  ) );
#2315 = ORIENTED_EDGE('',*,*,#2316,.F.);
#2316 = EDGE_CURVE('',#2317,#2288,#2319,.T.);
#2317 = VERTEX_POINT('',#2318);
#2318 = CARTESIAN_POINT('',(-13.6,1.847520861407,5.));
#2319 = SURFACE_CURVE('',#2320,(#2324,#2331),.PCURVE_S1.);
#2320 = LINE('',#2321,#2322);
#2321 = CARTESIAN_POINT('',(-13.6,1.847520861407,5.));
#2322 = VECTOR('',#2323,1.);
#2323 = DIRECTION('',(0.866025403784,0.5,-6.123233995737E-17));
#2324 = PCURVE('',#72,#2325);
#2325 = DEFINITIONAL_REPRESENTATION('',(#2326),#2330);
#2326 = LINE('',#2327,#2328);
#2327 = CARTESIAN_POINT('',(-3.2,-1.847520861407));
#2328 = VECTOR('',#2329,1.);
#2329 = DIRECTION('',(0.866025403784,-0.5));
#2330 = ( GEOMETRIC_REPRESENTATION_CONTEXT(2) 
PARAMETRIC_REPRESENTATION_CONTEXT() REPRESENTATION_CONTEXT('2D SPACE',''
  ) );
#2331 = PCURVE('',#2332,#2337);
#2332 = PLANE('',#2333);
#2333 = AXIS2_PLACEMENT_3D('',#2334,#2335,#2336);
#2334 = CARTESIAN_POINT('',(-13.6,1.847520861407,5.));
#2335 = DIRECTION('',(0.5,-0.866025403784,1.060575238725E-16));
#2336 = DIRECTION('',(0.866025403784,0.5,-6.123233995737E-17));
#2337 = DEFINITIONAL_REPRESENTATION('',(#2338),#2342);
#2338 = LINE('',#2339,#2340);
#2339 = CARTESIAN_POINT('',(0.,0.));
#2340 = VECTOR('',#2341,1.);
#2341 = DIRECTION('',(1.,0.));
#2342 = ( GEOMETRIC_REPRESENTATION_CONTEXT(2) 
PARAMETRIC_REPRESENTATION_CONTEXT() REPRESENTATION_CONTEXT('2D SPACE',''
  ) );
#2343 = ORIENTED_EDGE('',*,*,#2344,.F.);
#2344 = EDGE_CURVE('',#2345,#2317,#2347,.T.);
#2345 = VERTEX_POINT('',#2346);
#2346 = CARTESIAN_POINT('',(-13.6,-1.847520861407,5.));
#2347 = SURFACE_CURVE('',#2348,(#2352,#2359),.PCURVE_S1.);
#2348 = LINE('',#2349,#2350);
#2349 = CARTESIAN_POINT('',(-13.6,-1.847520861407,5.));
#2350 = VECTOR('',#2351,1.);
#2351 = DIRECTION('',(0.,1.,-1.224646799147E-16));
#2352 = PCURVE('',#72,#2353);
#2353 = DEFINITIONAL_REPRESENTATION('',(#2354),#2358);
#2354 = LINE('',#2355,#2356);
#2355 = CARTESIAN_POINT('',(-3.2,1.847520861407));
#2356 = VECTOR('',#2357,1.);
#2357 = DIRECTION('',(0.,-1.));
#2358 = ( GEOMETRIC_REPRESENTATION_CONTEXT(2) 
PARAMETRIC_REPRESENTATION_CONTEXT() REPRESENTATION_CONTEXT('2D SPACE',''
  ) );
#2359 = PCURVE('',#2360,#2365);
#2360 = PLANE('',#2361);
#2361 = AXIS2_PLACEMENT_3D('',#2362,#2363,#2364);
#2362 = CARTESIAN_POINT('',(-13.6,-1.847520861407,5.));
#2363 = DIRECTION('',(1.,0.,0.));
#2364 = DIRECTION('',(0.,1.,-1.224646799147E-16));
#2365 = DEFINITIONAL_REPRESENTATION('',(#2366),#2370);
#2366 = LINE('',#2367,#2368);
#2367 = CARTESIAN_POINT('',(0.,0.));
#2368 = VECTOR('',#2369,1.);
#2369 = DIRECTION('',(1.,0.));
#2370 = ( GEOMETRIC_REPRESENTATION_CONTEXT(2) 
PARAMETRIC_REPRESENTATION_CONTEXT() REPRESENTATION_CONTEXT('2D SPACE',''
  ) );
#2371 = ORIENTED_EDGE('',*,*,#2372,.F.);
#2372 = EDGE_CURVE('',#2373,#2345,#2375,.T.);
#2373 = VERTEX_POINT('',#2374);
#2374 = CARTESIAN_POINT('',(-11.,-3.3486315613,5.));
#2375 = SURFACE_CURVE('',#2376,(#2380,#2387),.PCURVE_S1.);
#2376 = LINE('',#2377,#2378);
#2377 = CARTESIAN_POINT('',(-10.4,-3.695041722814,5.));
#2378 = VECTOR('',#2379,1.);
#2379 = DIRECTION('',(-0.866025403784,0.5,-6.123233995737E-17));
#2380 = PCURVE('',#72,#2381);
#2381 = DEFINITIONAL_REPRESENTATION('',(#2382),#2386);
#2382 = LINE('',#2383,#2384);
#2383 = CARTESIAN_POINT('',(-1.7763568394E-15,3.695041722814));
#2384 = VECTOR('',#2385,1.);
#2385 = DIRECTION('',(-0.866025403784,-0.5));
#2386 = ( GEOMETRIC_REPRESENTATION_CONTEXT(2) 
PARAMETRIC_REPRESENTATION_CONTEXT() REPRESENTATION_CONTEXT('2D SPACE',''
  ) );
#2387 = PCURVE('',#2388,#2393);
#2388 = PLANE('',#2389);
#2389 = AXIS2_PLACEMENT_3D('',#2390,#2391,#2392);
#2390 = CARTESIAN_POINT('',(-10.4,-3.695041722814,5.));
#2391 = DIRECTION('',(0.5,0.866025403784,-1.060575238725E-16));
#2392 = DIRECTION('',(-0.866025403784,0.5,-6.123233995737E-17));
#2393 = DEFINITIONAL_REPRESENTATION('',(#2394),#2398);
#2394 = LINE('',#2395,#2396);
#2395 = CARTESIAN_POINT('',(0.,0.));
#2396 = VECTOR('',#2397,1.);
#2397 = DIRECTION('',(1.,0.));
#2398 = ( GEOMETRIC_REPRESENTATION_CONTEXT(2) 
PARAMETRIC_REPRESENTATION_CONTEXT() REPRESENTATION_CONTEXT('2D SPACE',''
  ) );
#2399 = ORIENTED_EDGE('',*,*,#2400,.F.);
#2400 = EDGE_CURVE('',#2401,#2373,#2403,.T.);
#2401 = VERTEX_POINT('',#2402);
#2402 = CARTESIAN_POINT('',(-11.,-4.330124783355,5.));
#2403 = SURFACE_CURVE('',#2404,(#2408,#2415),.PCURVE_S1.);
#2404 = LINE('',#2405,#2406);
#2405 = CARTESIAN_POINT('',(-11.,-6.350852961086,5.));
#2406 = VECTOR('',#2407,1.);
#2407 = DIRECTION('',(4.807406715959E-16,1.,-1.224646799147E-16));
#2408 = PCURVE('',#72,#2409);
#2409 = DEFINITIONAL_REPRESENTATION('',(#2410),#2414);
#2410 = LINE('',#2411,#2412);
#2411 = CARTESIAN_POINT('',(-0.6,6.350852961086));
#2412 = VECTOR('',#2413,1.);
#2413 = DIRECTION('',(4.807406715959E-16,-1.));
#2414 = ( GEOMETRIC_REPRESENTATION_CONTEXT(2) 
PARAMETRIC_REPRESENTATION_CONTEXT() REPRESENTATION_CONTEXT('2D SPACE',''
  ) );
#2415 = PCURVE('',#2416,#2421);
#2416 = PLANE('',#2417);
#2417 = AXIS2_PLACEMENT_3D('',#2418,#2419,#2420);
#2418 = CARTESIAN_POINT('',(-11.,-6.350852961086,5.));
#2419 = DIRECTION('',(1.,-4.807406715959E-16,5.887375246899E-32));
#2420 = DIRECTION('',(4.807406715959E-16,1.,-1.224646799147E-16));
#2421 = DEFINITIONAL_REPRESENTATION('',(#2422),#2426);
#2422 = LINE('',#2423,#2424);
#2423 = CARTESIAN_POINT('',(0.,0.));
#2424 = VECTOR('',#2425,1.);
#2425 = DIRECTION('',(1.,0.));
#2426 = ( GEOMETRIC_REPRESENTATION_CONTEXT(2) 
PARAMETRIC_REPRESENTATION_CONTEXT() REPRESENTATION_CONTEXT('2D SPACE',''
  ) );
#2427 = ORIENTED_EDGE('',*,*,#2428,.F.);
#2428 = EDGE_CURVE('',#2429,#2401,#2431,.T.);
#2429 = VERTEX_POINT('',#2430);
#2430 = CARTESIAN_POINT('',(-11.,-5.160414617658,5.));
#2431 = SURFACE_CURVE('',#2432,(#2437,#2444),.PCURVE_S1.);
#2432 = CIRCLE('',#2433,1.25);
#2433 = AXIS2_PLACEMENT_3D('',#2434,#2435,#2436);
#2434 = CARTESIAN_POINT('',(-12.17904821689,-4.745269700507,5.));
#2435 = DIRECTION('',(0.,-1.224646799147E-16,-1.));
#2436 = DIRECTION('',(1.,0.,0.));
#2437 = PCURVE('',#72,#2438);
#2438 = DEFINITIONAL_REPRESENTATION('',(#2439),#2443);
#2439 = CIRCLE('',#2440,1.25);
#2440 = AXIS2_PLACEMENT_2D('',#2441,#2442);
#2441 = CARTESIAN_POINT('',(-1.779048216895,4.745269700507));
#2442 = DIRECTION('',(1.,0.));
#2443 = ( GEOMETRIC_REPRESENTATION_CONTEXT(2) 
PARAMETRIC_REPRESENTATION_CONTEXT() REPRESENTATION_CONTEXT('2D SPACE',''
  ) );
#2444 = PCURVE('',#2445,#2450);
#2445 = CONICAL_SURFACE('',#2446,1.25,7.485984771077E-02);
#2446 = AXIS2_PLACEMENT_3D('',#2447,#2448,#2449);
#2447 = CARTESIAN_POINT('',(-12.17904821689,-4.745269700507,5.));
#2448 = DIRECTION('',(-0.,1.224646799147E-16,1.));
#2449 = DIRECTION('',(1.,0.,0.));
#2450 = DEFINITIONAL_REPRESENTATION('',(#2451),#2455);
#2451 = LINE('',#2452,#2453);
#2452 = CARTESIAN_POINT('',(-0.,-0.));
#2453 = VECTOR('',#2454,1.);
#2454 = DIRECTION('',(-1.,-0.));
#2455 = ( GEOMETRIC_REPRESENTATION_CONTEXT(2) 
PARAMETRIC_REPRESENTATION_CONTEXT() REPRESENTATION_CONTEXT('2D SPACE',''
  ) );
#2456 = ORIENTED_EDGE('',*,*,#2457,.F.);
#2457 = EDGE_CURVE('',#2458,#2429,#2460,.T.);
#2458 = VERTEX_POINT('',#2459);
#2459 = CARTESIAN_POINT('',(-11.,-6.350852961086,5.));
#2460 = SURFACE_CURVE('',#2461,(#2465,#2472),.PCURVE_S1.);
#2461 = LINE('',#2462,#2463);
#2462 = CARTESIAN_POINT('',(-11.,-6.350852961086,5.));
#2463 = VECTOR('',#2464,1.);
#2464 = DIRECTION('',(4.807406715959E-16,1.,-1.224646799147E-16));
#2465 = PCURVE('',#72,#2466);
#2466 = DEFINITIONAL_REPRESENTATION('',(#2467),#2471);
#2467 = LINE('',#2468,#2469);
#2468 = CARTESIAN_POINT('',(-0.6,6.350852961086));
#2469 = VECTOR('',#2470,1.);
#2470 = DIRECTION('',(4.807406715959E-16,-1.));
#2471 = ( GEOMETRIC_REPRESENTATION_CONTEXT(2) 
PARAMETRIC_REPRESENTATION_CONTEXT() REPRESENTATION_CONTEXT('2D SPACE',''
  ) );
#2472 = PCURVE('',#2416,#2473);
#2473 = DEFINITIONAL_REPRESENTATION('',(#2474),#2478);
#2474 = LINE('',#2475,#2476);
#2475 = CARTESIAN_POINT('',(0.,0.));
#2476 = VECTOR('',#2477,1.);
#2477 = DIRECTION('',(1.,0.));
#2478 = ( GEOMETRIC_REPRESENTATION_CONTEXT(2) 
PARAMETRIC_REPRESENTATION_CONTEXT() REPRESENTATION_CONTEXT('2D SPACE',''
  ) );
#2479 = ORIENTED_EDGE('',*,*,#2480,.F.);
#2480 = EDGE_CURVE('',#2481,#2458,#2483,.T.);
#2481 = VERTEX_POINT('',#2482);
#2482 = CARTESIAN_POINT('',(-9.467819046165,-7.235458047229,5.));
#2483 = SURFACE_CURVE('',#2484,(#2488,#2495),.PCURVE_S1.);
#2484 = LINE('',#2485,#2486);
#2485 = CARTESIAN_POINT('',(-7.8,-8.198373822493,5.));
#2486 = VECTOR('',#2487,1.);
#2487 = DIRECTION('',(-0.866025403784,0.5,-6.123233995737E-17));
#2488 = PCURVE('',#72,#2489);
#2489 = DEFINITIONAL_REPRESENTATION('',(#2490),#2494);
#2490 = LINE('',#2491,#2492);
#2491 = CARTESIAN_POINT('',(2.6,8.198373822493));
#2492 = VECTOR('',#2493,1.);
#2493 = DIRECTION('',(-0.866025403784,-0.5));
#2494 = ( GEOMETRIC_REPRESENTATION_CONTEXT(2) 
PARAMETRIC_REPRESENTATION_CONTEXT() REPRESENTATION_CONTEXT('2D SPACE',''
  ) );
#2495 = PCURVE('',#2496,#2501);
#2496 = PLANE('',#2497);
#2497 = AXIS2_PLACEMENT_3D('',#2498,#2499,#2500);
#2498 = CARTESIAN_POINT('',(-7.8,-8.198373822493,5.));
#2499 = DIRECTION('',(0.5,0.866025403784,-1.060575238725E-16));
#2500 = DIRECTION('',(-0.866025403784,0.5,-6.123233995737E-17));
#2501 = DEFINITIONAL_REPRESENTATION('',(#2502),#2506);
#2502 = LINE('',#2503,#2504);
#2503 = CARTESIAN_POINT('',(0.,0.));
#2504 = VECTOR('',#2505,1.);
#2505 = DIRECTION('',(1.,0.));
#2506 = ( GEOMETRIC_REPRESENTATION_CONTEXT(2) 
PARAMETRIC_REPRESENTATION_CONTEXT() REPRESENTATION_CONTEXT('2D SPACE',''
  ) );
#2507 = ORIENTED_EDGE('',*,*,#2508,.F.);
#2508 = EDGE_CURVE('',#996,#2481,#2509,.T.);
#2509 = SURFACE_CURVE('',#2510,(#2515,#2522),.PCURVE_S1.);
#2510 = CIRCLE('',#2511,1.25);
#2511 = AXIS2_PLACEMENT_3D('',#2512,#2513,#2514);
#2512 = CARTESIAN_POINT('',(-9.62093932557,-8.476044271575,5.));
#2513 = DIRECTION('',(0.,-1.224646799147E-16,-1.));
#2514 = DIRECTION('',(1.,0.,0.));
#2515 = PCURVE('',#72,#2516);
#2516 = DEFINITIONAL_REPRESENTATION('',(#2517),#2521);
#2517 = CIRCLE('',#2518,1.25);
#2518 = AXIS2_PLACEMENT_2D('',#2519,#2520);
#2519 = CARTESIAN_POINT('',(0.77906067443,8.476044271575));
#2520 = DIRECTION('',(1.,0.));
#2521 = ( GEOMETRIC_REPRESENTATION_CONTEXT(2) 
PARAMETRIC_REPRESENTATION_CONTEXT() REPRESENTATION_CONTEXT('2D SPACE',''
  ) );
#2522 = PCURVE('',#2523,#2528);
#2523 = CONICAL_SURFACE('',#2524,1.25,7.485984771077E-02);
#2524 = AXIS2_PLACEMENT_3D('',#2525,#2526,#2527);
#2525 = CARTESIAN_POINT('',(-9.62093932557,-8.476044271575,5.));
#2526 = DIRECTION('',(-0.,1.224646799147E-16,1.));
#2527 = DIRECTION('',(1.,0.,0.));
#2528 = DEFINITIONAL_REPRESENTATION('',(#2529),#2533);
#2529 = LINE('',#2530,#2531);
#2530 = CARTESIAN_POINT('',(-0.,-0.));
#2531 = VECTOR('',#2532,1.);
#2532 = DIRECTION('',(-1.,-0.));
#2533 = ( GEOMETRIC_REPRESENTATION_CONTEXT(2) 
PARAMETRIC_REPRESENTATION_CONTEXT() REPRESENTATION_CONTEXT('2D SPACE',''
  ) );
#2534 = ADVANCED_FACE('',(#2535),#100,.F.);
#2535 = FACE_BOUND('',#2536,.F.);
#2536 = EDGE_LOOP('',(#2537,#2538,#2561,#2582));
#2537 = ORIENTED_EDGE('',*,*,#970,.F.);
#2538 = ORIENTED_EDGE('',*,*,#2539,.F.);
#2539 = EDGE_CURVE('',#2540,#943,#2542,.T.);
#2540 = VERTEX_POINT('',#2541);
#2541 = CARTESIAN_POINT('',(11.3,-9.526279441629,8.881784197001E-16));
#2542 = SURFACE_CURVE('',#2543,(#2547,#2554),.PCURVE_S1.);
#2543 = LINE('',#2544,#2545);
#2544 = CARTESIAN_POINT('',(11.3,-9.526279441629,8.881784197001E-16));
#2545 = VECTOR('',#2546,1.);
#2546 = DIRECTION('',(0.,1.224646799147E-16,1.));
#2547 = PCURVE('',#100,#2548);
#2548 = DEFINITIONAL_REPRESENTATION('',(#2549),#2553);
#2549 = LINE('',#2550,#2551);
#2550 = CARTESIAN_POINT('',(4.041451884327,-4.));
#2551 = VECTOR('',#2552,1.);
#2552 = DIRECTION('',(0.,1.));
#2553 = ( GEOMETRIC_REPRESENTATION_CONTEXT(2) 
PARAMETRIC_REPRESENTATION_CONTEXT() REPRESENTATION_CONTEXT('2D SPACE',''
  ) );
#2554 = PCURVE('',#958,#2555);
#2555 = DEFINITIONAL_REPRESENTATION('',(#2556),#2560);
#2556 = LINE('',#2557,#2558);
#2557 = CARTESIAN_POINT('',(3.002221399786,-4.));
#2558 = VECTOR('',#2559,1.);
#2559 = DIRECTION('',(0.,1.));
#2560 = ( GEOMETRIC_REPRESENTATION_CONTEXT(2) 
PARAMETRIC_REPRESENTATION_CONTEXT() REPRESENTATION_CONTEXT('2D SPACE',''
  ) );
#2561 = ORIENTED_EDGE('',*,*,#2562,.T.);
#2562 = EDGE_CURVE('',#2540,#85,#2563,.T.);
#2563 = SURFACE_CURVE('',#2564,(#2568,#2575),.PCURVE_S1.);
#2564 = LINE('',#2565,#2566);
#2565 = CARTESIAN_POINT('',(11.3,-5.484827557301,8.881784197001E-16));
#2566 = VECTOR('',#2567,1.);
#2567 = DIRECTION('',(5.043836554449E-16,-1.,1.224646799147E-16));
#2568 = PCURVE('',#100,#2569);
#2569 = DEFINITIONAL_REPRESENTATION('',(#2570),#2574);
#2570 = LINE('',#2571,#2572);
#2571 = CARTESIAN_POINT('',(3.983197000412E-16,-4.));
#2572 = VECTOR('',#2573,1.);
#2573 = DIRECTION('',(1.,0.));
#2574 = ( GEOMETRIC_REPRESENTATION_CONTEXT(2) 
PARAMETRIC_REPRESENTATION_CONTEXT() REPRESENTATION_CONTEXT('2D SPACE',''
  ) );
#2575 = PCURVE('',#126,#2576);
#2576 = DEFINITIONAL_REPRESENTATION('',(#2577),#2581);
#2577 = LINE('',#2578,#2579);
#2578 = CARTESIAN_POINT('',(19.1,9.988159656981));
#2579 = VECTOR('',#2580,1.);
#2580 = DIRECTION('',(5.043836554449E-16,1.));
#2581 = ( GEOMETRIC_REPRESENTATION_CONTEXT(2) 
PARAMETRIC_REPRESENTATION_CONTEXT() REPRESENTATION_CONTEXT('2D SPACE',''
  ) );
#2582 = ORIENTED_EDGE('',*,*,#84,.T.);
#2583 = ADVANCED_FACE('',(#2584,#3287,#3322,#3357,#3392,#3427,#3462,
    #3497,#4035,#4070,#4105,#4140,#4478,#4788,#4823,#4858),#126,.T.);
#2584 = FACE_BOUND('',#2585,.T.);
#2585 = EDGE_LOOP('',(#2586,#2587,#2588,#2589,#2612,#2635,#2658,#2681,
    #2704,#2727,#2750,#2773,#2796,#2819,#2842,#2865,#2888,#2911,#2934,
    #2957,#2980,#3003,#3026,#3049,#3072,#3095,#3118,#3141,#3169,#3197,
    #3220,#3243,#3266));
#2586 = ORIENTED_EDGE('',*,*,#2562,.T.);
#2587 = ORIENTED_EDGE('',*,*,#112,.T.);
#2588 = ORIENTED_EDGE('',*,*,#193,.T.);
#2589 = ORIENTED_EDGE('',*,*,#2590,.T.);
#2590 = EDGE_CURVE('',#144,#2591,#2593,.T.);
#2591 = VERTEX_POINT('',#2592);
#2592 = CARTESIAN_POINT('',(4.313005970815E-16,-16.05033748347,
    1.7763568394E-15));
#2593 = SURFACE_CURVE('',#2594,(#2598,#2605),.PCURVE_S1.);
#2594 = LINE('',#2595,#2596);
#2595 = CARTESIAN_POINT('',(6.1,-12.52850084141,1.7763568394E-15));
#2596 = VECTOR('',#2597,1.);
#2597 = DIRECTION('',(-0.866025403784,-0.5,6.123233995737E-17));
#2598 = PCURVE('',#126,#2599);
#2599 = DEFINITIONAL_REPRESENTATION('',(#2600),#2604);
#2600 = LINE('',#2601,#2602);
#2601 = CARTESIAN_POINT('',(13.9,17.031832941094));
#2602 = VECTOR('',#2603,1.);
#2603 = DIRECTION('',(-0.866025403784,0.5));
#2604 = ( GEOMETRIC_REPRESENTATION_CONTEXT(2) 
PARAMETRIC_REPRESENTATION_CONTEXT() REPRESENTATION_CONTEXT('2D SPACE',''
  ) );
#2605 = PCURVE('',#159,#2606);
#2606 = DEFINITIONAL_REPRESENTATION('',(#2607),#2611);
#2607 = LINE('',#2608,#2609);
#2608 = CARTESIAN_POINT('',(-2.449293598295E-16,-4.));
#2609 = VECTOR('',#2610,1.);
#2610 = DIRECTION('',(1.,0.));
#2611 = ( GEOMETRIC_REPRESENTATION_CONTEXT(2) 
PARAMETRIC_REPRESENTATION_CONTEXT() REPRESENTATION_CONTEXT('2D SPACE',''
  ) );
#2612 = ORIENTED_EDGE('',*,*,#2613,.T.);
#2613 = EDGE_CURVE('',#2591,#2614,#2616,.T.);
#2614 = VERTEX_POINT('',#2615);
#2615 = CARTESIAN_POINT('',(-2.6,-14.54922678357,1.7763568394E-15));
#2616 = SURFACE_CURVE('',#2617,(#2621,#2628),.PCURVE_S1.);
#2617 = LINE('',#2618,#2619);
#2618 = CARTESIAN_POINT('',(4.313005970815E-16,-16.05033748347,
    1.7763568394E-15));
#2619 = VECTOR('',#2620,1.);
#2620 = DIRECTION('',(-0.866025403784,0.5,-6.123233995737E-17));
#2621 = PCURVE('',#126,#2622);
#2622 = DEFINITIONAL_REPRESENTATION('',(#2623),#2627);
#2623 = LINE('',#2624,#2625);
#2624 = CARTESIAN_POINT('',(7.8,20.553669583151));
#2625 = VECTOR('',#2626,1.);
#2626 = DIRECTION('',(-0.866025403784,-0.5));
#2627 = ( GEOMETRIC_REPRESENTATION_CONTEXT(2) 
PARAMETRIC_REPRESENTATION_CONTEXT() REPRESENTATION_CONTEXT('2D SPACE',''
  ) );
#2628 = PCURVE('',#258,#2629);
#2629 = DEFINITIONAL_REPRESENTATION('',(#2630),#2634);
#2630 = LINE('',#2631,#2632);
#2631 = CARTESIAN_POINT('',(5.35782974627E-16,-5.));
#2632 = VECTOR('',#2633,1.);
#2633 = DIRECTION('',(1.,0.));
#2634 = ( GEOMETRIC_REPRESENTATION_CONTEXT(2) 
PARAMETRIC_REPRESENTATION_CONTEXT() REPRESENTATION_CONTEXT('2D SPACE',''
  ) );
#2635 = ORIENTED_EDGE('',*,*,#2636,.T.);
#2636 = EDGE_CURVE('',#2614,#2637,#2639,.T.);
#2637 = VERTEX_POINT('',#2638);
#2638 = CARTESIAN_POINT('',(-5.2,-16.05033748347,1.7763568394E-15));
#2639 = SURFACE_CURVE('',#2640,(#2644,#2651),.PCURVE_S1.);
#2640 = LINE('',#2641,#2642);
#2641 = CARTESIAN_POINT('',(0.9,-12.52850084141,1.7763568394E-15));
#2642 = VECTOR('',#2643,1.);
#2643 = DIRECTION('',(-0.866025403784,-0.5,6.123233995737E-17));
#2644 = PCURVE('',#126,#2645);
#2645 = DEFINITIONAL_REPRESENTATION('',(#2646),#2650);
#2646 = LINE('',#2647,#2648);
#2647 = CARTESIAN_POINT('',(8.7,17.031832941094));
#2648 = VECTOR('',#2649,1.);
#2649 = DIRECTION('',(-0.866025403784,0.5));
#2650 = ( GEOMETRIC_REPRESENTATION_CONTEXT(2) 
PARAMETRIC_REPRESENTATION_CONTEXT() REPRESENTATION_CONTEXT('2D SPACE',''
  ) );
#2651 = PCURVE('',#286,#2652);
#2652 = DEFINITIONAL_REPRESENTATION('',(#2653),#2657);
#2653 = LINE('',#2654,#2655);
#2654 = CARTESIAN_POINT('',(-4.984579684252E-16,-5.));
#2655 = VECTOR('',#2656,1.);
#2656 = DIRECTION('',(1.,0.));
#2657 = ( GEOMETRIC_REPRESENTATION_CONTEXT(2) 
PARAMETRIC_REPRESENTATION_CONTEXT() REPRESENTATION_CONTEXT('2D SPACE',''
  ) );
#2658 = ORIENTED_EDGE('',*,*,#2659,.T.);
#2659 = EDGE_CURVE('',#2637,#2660,#2662,.T.);
#2660 = VERTEX_POINT('',#2661);
#2661 = CARTESIAN_POINT('',(-11.3,-12.52850084141,1.7763568394E-15));
#2662 = SURFACE_CURVE('',#2663,(#2667,#2674),.PCURVE_S1.);
#2663 = LINE('',#2664,#2665);
#2664 = CARTESIAN_POINT('',(-5.2,-16.05033748347,1.7763568394E-15));
#2665 = VECTOR('',#2666,1.);
#2666 = DIRECTION('',(-0.866025403784,0.5,-6.123233995737E-17));
#2667 = PCURVE('',#126,#2668);
#2668 = DEFINITIONAL_REPRESENTATION('',(#2669),#2673);
#2669 = LINE('',#2670,#2671);
#2670 = CARTESIAN_POINT('',(2.6,20.553669583151));
#2671 = VECTOR('',#2672,1.);
#2672 = DIRECTION('',(-0.866025403784,-0.5));
#2673 = ( GEOMETRIC_REPRESENTATION_CONTEXT(2) 
PARAMETRIC_REPRESENTATION_CONTEXT() REPRESENTATION_CONTEXT('2D SPACE',''
  ) );
#2674 = PCURVE('',#314,#2675);
#2675 = DEFINITIONAL_REPRESENTATION('',(#2676),#2680);
#2676 = LINE('',#2677,#2678);
#2677 = CARTESIAN_POINT('',(3.061616997868E-16,-5.));
#2678 = VECTOR('',#2679,1.);
#2679 = DIRECTION('',(1.,0.));
#2680 = ( GEOMETRIC_REPRESENTATION_CONTEXT(2) 
PARAMETRIC_REPRESENTATION_CONTEXT() REPRESENTATION_CONTEXT('2D SPACE',''
  ) );
#2681 = ORIENTED_EDGE('',*,*,#2682,.T.);
#2682 = EDGE_CURVE('',#2660,#2683,#2685,.T.);
#2683 = VERTEX_POINT('',#2684);
#2684 = CARTESIAN_POINT('',(-11.3,-9.526279441629,8.881784197001E-16));
#2685 = SURFACE_CURVE('',#2686,(#2690,#2697),.PCURVE_S1.);
#2686 = LINE('',#2687,#2688);
#2687 = CARTESIAN_POINT('',(-11.3,-12.52850084141,1.7763568394E-15));
#2688 = VECTOR('',#2689,1.);
#2689 = DIRECTION('',(0.,1.,-1.224646799147E-16));
#2690 = PCURVE('',#126,#2691);
#2691 = DEFINITIONAL_REPRESENTATION('',(#2692),#2696);
#2692 = LINE('',#2693,#2694);
#2693 = CARTESIAN_POINT('',(-3.5,17.031832941094));
#2694 = VECTOR('',#2695,1.);
#2695 = DIRECTION('',(0.,-1.));
#2696 = ( GEOMETRIC_REPRESENTATION_CONTEXT(2) 
PARAMETRIC_REPRESENTATION_CONTEXT() REPRESENTATION_CONTEXT('2D SPACE',''
  ) );
#2697 = PCURVE('',#342,#2698);
#2698 = DEFINITIONAL_REPRESENTATION('',(#2699),#2703);
#2699 = LINE('',#2700,#2701);
#2700 = CARTESIAN_POINT('',(6.123233995737E-16,-5.));
#2701 = VECTOR('',#2702,1.);
#2702 = DIRECTION('',(1.,0.));
#2703 = ( GEOMETRIC_REPRESENTATION_CONTEXT(2) 
PARAMETRIC_REPRESENTATION_CONTEXT() REPRESENTATION_CONTEXT('2D SPACE',''
  ) );
#2704 = ORIENTED_EDGE('',*,*,#2705,.T.);
#2705 = EDGE_CURVE('',#2683,#2706,#2708,.T.);
#2706 = VERTEX_POINT('',#2707);
#2707 = CARTESIAN_POINT('',(-13.9,-8.025168741736,8.881784197001E-16));
#2708 = SURFACE_CURVE('',#2709,(#2713,#2720),.PCURVE_S1.);
#2709 = LINE('',#2710,#2711);
#2710 = CARTESIAN_POINT('',(-7.8,-11.54700538379,1.7763568394E-15));
#2711 = VECTOR('',#2712,1.);
#2712 = DIRECTION('',(-0.866025403784,0.5,-6.123233995737E-17));
#2713 = PCURVE('',#126,#2714);
#2714 = DEFINITIONAL_REPRESENTATION('',(#2715),#2719);
#2715 = LINE('',#2716,#2717);
#2716 = CARTESIAN_POINT('',(-1.7763568394E-15,16.050337483472));
#2717 = VECTOR('',#2718,1.);
#2718 = DIRECTION('',(-0.866025403784,-0.5));
#2719 = ( GEOMETRIC_REPRESENTATION_CONTEXT(2) 
PARAMETRIC_REPRESENTATION_CONTEXT() REPRESENTATION_CONTEXT('2D SPACE',''
  ) );
#2720 = PCURVE('',#370,#2721);
#2721 = DEFINITIONAL_REPRESENTATION('',(#2722),#2726);
#2722 = LINE('',#2723,#2724);
#2723 = CARTESIAN_POINT('',(3.061616997868E-16,-5.));
#2724 = VECTOR('',#2725,1.);
#2725 = DIRECTION('',(1.,0.));
#2726 = ( GEOMETRIC_REPRESENTATION_CONTEXT(2) 
PARAMETRIC_REPRESENTATION_CONTEXT() REPRESENTATION_CONTEXT('2D SPACE',''
  ) );
#2727 = ORIENTED_EDGE('',*,*,#2728,.T.);
#2728 = EDGE_CURVE('',#2706,#2729,#2731,.T.);
#2729 = VERTEX_POINT('',#2730);
#2730 = CARTESIAN_POINT('',(-13.9,-5.02294734195,8.881784197001E-16));
#2731 = SURFACE_CURVE('',#2732,(#2736,#2743),.PCURVE_S1.);
#2732 = LINE('',#2733,#2734);
#2733 = CARTESIAN_POINT('',(-13.9,-8.025168741736,8.881784197001E-16));
#2734 = VECTOR('',#2735,1.);
#2735 = DIRECTION('',(2.521918277224E-16,1.,-1.224646799147E-16));
#2736 = PCURVE('',#126,#2737);
#2737 = DEFINITIONAL_REPRESENTATION('',(#2738),#2742);
#2738 = LINE('',#2739,#2740);
#2739 = CARTESIAN_POINT('',(-6.1,12.528500841415));
#2740 = VECTOR('',#2741,1.);
#2741 = DIRECTION('',(2.521918277224E-16,-1.));
#2742 = ( GEOMETRIC_REPRESENTATION_CONTEXT(2) 
PARAMETRIC_REPRESENTATION_CONTEXT() REPRESENTATION_CONTEXT('2D SPACE',''
  ) );
#2743 = PCURVE('',#398,#2744);
#2744 = DEFINITIONAL_REPRESENTATION('',(#2745),#2749);
#2745 = LINE('',#2746,#2747);
#2746 = CARTESIAN_POINT('',(6.123233995737E-16,-5.));
#2747 = VECTOR('',#2748,1.);
#2748 = DIRECTION('',(1.,0.));
#2749 = ( GEOMETRIC_REPRESENTATION_CONTEXT(2) 
PARAMETRIC_REPRESENTATION_CONTEXT() REPRESENTATION_CONTEXT('2D SPACE',''
  ) );
#2750 = ORIENTED_EDGE('',*,*,#2751,.T.);
#2751 = EDGE_CURVE('',#2729,#2752,#2754,.T.);
#2752 = VERTEX_POINT('',#2753);
#2753 = CARTESIAN_POINT('',(-16.5,-3.521836642057,0.));
#2754 = SURFACE_CURVE('',#2755,(#2759,#2766),.PCURVE_S1.);
#2755 = LINE('',#2756,#2757);
#2756 = CARTESIAN_POINT('',(-10.4,-7.043673284113,8.881784197001E-16));
#2757 = VECTOR('',#2758,1.);
#2758 = DIRECTION('',(-0.866025403784,0.5,-6.123233995737E-17));
#2759 = PCURVE('',#126,#2760);
#2760 = DEFINITIONAL_REPRESENTATION('',(#2761),#2765);
#2761 = LINE('',#2762,#2763);
#2762 = CARTESIAN_POINT('',(-2.6,11.547005383793));
#2763 = VECTOR('',#2764,1.);
#2764 = DIRECTION('',(-0.866025403784,-0.5));
#2765 = ( GEOMETRIC_REPRESENTATION_CONTEXT(2) 
PARAMETRIC_REPRESENTATION_CONTEXT() REPRESENTATION_CONTEXT('2D SPACE',''
  ) );
#2766 = PCURVE('',#426,#2767);
#2767 = DEFINITIONAL_REPRESENTATION('',(#2768),#2772);
#2768 = LINE('',#2769,#2770);
#2769 = CARTESIAN_POINT('',(-1.379275100632E-16,-5.));
#2770 = VECTOR('',#2771,1.);
#2771 = DIRECTION('',(1.,0.));
#2772 = ( GEOMETRIC_REPRESENTATION_CONTEXT(2) 
PARAMETRIC_REPRESENTATION_CONTEXT() REPRESENTATION_CONTEXT('2D SPACE',''
  ) );
#2773 = ORIENTED_EDGE('',*,*,#2774,.T.);
#2774 = EDGE_CURVE('',#2752,#2775,#2777,.T.);
#2775 = VERTEX_POINT('',#2776);
#2776 = CARTESIAN_POINT('',(-16.5,3.521836642057,0.));
#2777 = SURFACE_CURVE('',#2778,(#2782,#2789),.PCURVE_S1.);
#2778 = LINE('',#2779,#2780);
#2779 = CARTESIAN_POINT('',(-16.5,-3.521836642057,0.));
#2780 = VECTOR('',#2781,1.);
#2781 = DIRECTION('',(0.,1.,-1.224646799147E-16));
#2782 = PCURVE('',#126,#2783);
#2783 = DEFINITIONAL_REPRESENTATION('',(#2784),#2788);
#2784 = LINE('',#2785,#2786);
#2785 = CARTESIAN_POINT('',(-8.7,8.025168741736));
#2786 = VECTOR('',#2787,1.);
#2787 = DIRECTION('',(0.,-1.));
#2788 = ( GEOMETRIC_REPRESENTATION_CONTEXT(2) 
PARAMETRIC_REPRESENTATION_CONTEXT() REPRESENTATION_CONTEXT('2D SPACE',''
  ) );
#2789 = PCURVE('',#454,#2790);
#2790 = DEFINITIONAL_REPRESENTATION('',(#2791),#2795);
#2791 = LINE('',#2792,#2793);
#2792 = CARTESIAN_POINT('',(1.682341897236E-16,-5.));
#2793 = VECTOR('',#2794,1.);
#2794 = DIRECTION('',(1.,0.));
#2795 = ( GEOMETRIC_REPRESENTATION_CONTEXT(2) 
PARAMETRIC_REPRESENTATION_CONTEXT() REPRESENTATION_CONTEXT('2D SPACE',''
  ) );
#2796 = ORIENTED_EDGE('',*,*,#2797,.T.);
#2797 = EDGE_CURVE('',#2775,#2798,#2800,.T.);
#2798 = VERTEX_POINT('',#2799);
#2799 = CARTESIAN_POINT('',(-13.9,5.02294734195,-8.881784197001E-16));
#2800 = SURFACE_CURVE('',#2801,(#2805,#2812),.PCURVE_S1.);
#2801 = LINE('',#2802,#2803);
#2802 = CARTESIAN_POINT('',(-16.5,3.521836642057,0.));
#2803 = VECTOR('',#2804,1.);
#2804 = DIRECTION('',(0.866025403784,0.5,-6.123233995737E-17));
#2805 = PCURVE('',#126,#2806);
#2806 = DEFINITIONAL_REPRESENTATION('',(#2807),#2811);
#2807 = LINE('',#2808,#2809);
#2808 = CARTESIAN_POINT('',(-8.7,0.981495457622));
#2809 = VECTOR('',#2810,1.);
#2810 = DIRECTION('',(0.866025403784,-0.5));
#2811 = ( GEOMETRIC_REPRESENTATION_CONTEXT(2) 
PARAMETRIC_REPRESENTATION_CONTEXT() REPRESENTATION_CONTEXT('2D SPACE',''
  ) );
#2812 = PCURVE('',#482,#2813);
#2813 = DEFINITIONAL_REPRESENTATION('',(#2814),#2818);
#2814 = LINE('',#2815,#2816);
#2815 = CARTESIAN_POINT('',(8.411709486181E-17,-5.));
#2816 = VECTOR('',#2817,1.);
#2817 = DIRECTION('',(1.,0.));
#2818 = ( GEOMETRIC_REPRESENTATION_CONTEXT(2) 
PARAMETRIC_REPRESENTATION_CONTEXT() REPRESENTATION_CONTEXT('2D SPACE',''
  ) );
#2819 = ORIENTED_EDGE('',*,*,#2820,.T.);
#2820 = EDGE_CURVE('',#2798,#2821,#2823,.T.);
#2821 = VERTEX_POINT('',#2822);
#2822 = CARTESIAN_POINT('',(-13.9,8.025168741736,-8.881784197001E-16));
#2823 = SURFACE_CURVE('',#2824,(#2828,#2835),.PCURVE_S1.);
#2824 = LINE('',#2825,#2826);
#2825 = CARTESIAN_POINT('',(-13.9,0.981495457622,0.));
#2826 = VECTOR('',#2827,1.);
#2827 = DIRECTION('',(2.521918277224E-16,1.,-1.224646799147E-16));
#2828 = PCURVE('',#126,#2829);
#2829 = DEFINITIONAL_REPRESENTATION('',(#2830),#2834);
#2830 = LINE('',#2831,#2832);
#2831 = CARTESIAN_POINT('',(-6.1,3.521836642057));
#2832 = VECTOR('',#2833,1.);
#2833 = DIRECTION('',(2.521918277224E-16,-1.));
#2834 = ( GEOMETRIC_REPRESENTATION_CONTEXT(2) 
PARAMETRIC_REPRESENTATION_CONTEXT() REPRESENTATION_CONTEXT('2D SPACE',''
  ) );
#2835 = PCURVE('',#510,#2836);
#2836 = DEFINITIONAL_REPRESENTATION('',(#2837),#2841);
#2837 = LINE('',#2838,#2839);
#2838 = CARTESIAN_POINT('',(-5.381041520142E-17,-5.));
#2839 = VECTOR('',#2840,1.);
#2840 = DIRECTION('',(1.,0.));
#2841 = ( GEOMETRIC_REPRESENTATION_CONTEXT(2) 
PARAMETRIC_REPRESENTATION_CONTEXT() REPRESENTATION_CONTEXT('2D SPACE',''
  ) );
#2842 = ORIENTED_EDGE('',*,*,#2843,.T.);
#2843 = EDGE_CURVE('',#2821,#2844,#2846,.T.);
#2844 = VERTEX_POINT('',#2845);
#2845 = CARTESIAN_POINT('',(-11.3,9.526279441629,-8.881784197001E-16));
#2846 = SURFACE_CURVE('',#2847,(#2851,#2858),.PCURVE_S1.);
#2847 = LINE('',#2848,#2849);
#2848 = CARTESIAN_POINT('',(-13.9,8.025168741736,-8.881784197001E-16));
#2849 = VECTOR('',#2850,1.);
#2850 = DIRECTION('',(0.866025403784,0.5,-6.123233995737E-17));
#2851 = PCURVE('',#126,#2852);
#2852 = DEFINITIONAL_REPRESENTATION('',(#2853),#2857);
#2853 = LINE('',#2854,#2855);
#2854 = CARTESIAN_POINT('',(-6.1,-3.521836642057));
#2855 = VECTOR('',#2856,1.);
#2856 = DIRECTION('',(0.866025403784,-0.5));
#2857 = ( GEOMETRIC_REPRESENTATION_CONTEXT(2) 
PARAMETRIC_REPRESENTATION_CONTEXT() REPRESENTATION_CONTEXT('2D SPACE',''
  ) );
#2858 = PCURVE('',#538,#2859);
#2859 = DEFINITIONAL_REPRESENTATION('',(#2860),#2864);
#2860 = LINE('',#2861,#2862);
#2861 = CARTESIAN_POINT('',(3.061616997868E-16,-5.));
#2862 = VECTOR('',#2863,1.);
#2863 = DIRECTION('',(1.,0.));
#2864 = ( GEOMETRIC_REPRESENTATION_CONTEXT(2) 
PARAMETRIC_REPRESENTATION_CONTEXT() REPRESENTATION_CONTEXT('2D SPACE',''
  ) );
#2865 = ORIENTED_EDGE('',*,*,#2866,.T.);
#2866 = EDGE_CURVE('',#2844,#2867,#2869,.T.);
#2867 = VERTEX_POINT('',#2868);
#2868 = CARTESIAN_POINT('',(-11.3,12.528500841415,-1.7763568394E-15));
#2869 = SURFACE_CURVE('',#2870,(#2874,#2881),.PCURVE_S1.);
#2870 = LINE('',#2871,#2872);
#2871 = CARTESIAN_POINT('',(-11.3,5.484827557301,-8.881784197001E-16));
#2872 = VECTOR('',#2873,1.);
#2873 = DIRECTION('',(0.,1.,-1.224646799147E-16));
#2874 = PCURVE('',#126,#2875);
#2875 = DEFINITIONAL_REPRESENTATION('',(#2876),#2880);
#2876 = LINE('',#2877,#2878);
#2877 = CARTESIAN_POINT('',(-3.5,-0.981495457622));
#2878 = VECTOR('',#2879,1.);
#2879 = DIRECTION('',(0.,-1.));
#2880 = ( GEOMETRIC_REPRESENTATION_CONTEXT(2) 
PARAMETRIC_REPRESENTATION_CONTEXT() REPRESENTATION_CONTEXT('2D SPACE',''
  ) );
#2881 = PCURVE('',#566,#2882);
#2882 = DEFINITIONAL_REPRESENTATION('',(#2883),#2887);
#2883 = LINE('',#2884,#2885);
#2884 = CARTESIAN_POINT('',(-2.758550201264E-16,-5.));
#2885 = VECTOR('',#2886,1.);
#2886 = DIRECTION('',(1.,0.));
#2887 = ( GEOMETRIC_REPRESENTATION_CONTEXT(2) 
PARAMETRIC_REPRESENTATION_CONTEXT() REPRESENTATION_CONTEXT('2D SPACE',''
  ) );
#2888 = ORIENTED_EDGE('',*,*,#2889,.T.);
#2889 = EDGE_CURVE('',#2867,#2890,#2892,.T.);
#2890 = VERTEX_POINT('',#2891);
#2891 = CARTESIAN_POINT('',(-5.2,16.050337483472,-1.7763568394E-15));
#2892 = SURFACE_CURVE('',#2893,(#2897,#2904),.PCURVE_S1.);
#2893 = LINE('',#2894,#2895);
#2894 = CARTESIAN_POINT('',(-11.3,12.528500841415,-1.7763568394E-15));
#2895 = VECTOR('',#2896,1.);
#2896 = DIRECTION('',(0.866025403784,0.5,-6.123233995737E-17));
#2897 = PCURVE('',#126,#2898);
#2898 = DEFINITIONAL_REPRESENTATION('',(#2899),#2903);
#2899 = LINE('',#2900,#2901);
#2900 = CARTESIAN_POINT('',(-3.5,-8.025168741736));
#2901 = VECTOR('',#2902,1.);
#2902 = DIRECTION('',(0.866025403784,-0.5));
#2903 = ( GEOMETRIC_REPRESENTATION_CONTEXT(2) 
PARAMETRIC_REPRESENTATION_CONTEXT() REPRESENTATION_CONTEXT('2D SPACE',''
  ) );
#2904 = PCURVE('',#594,#2905);
#2905 = DEFINITIONAL_REPRESENTATION('',(#2906),#2910);
#2906 = LINE('',#2907,#2908);
#2907 = CARTESIAN_POINT('',(3.061616997868E-16,-5.));
#2908 = VECTOR('',#2909,1.);
#2909 = DIRECTION('',(1.,0.));
#2910 = ( GEOMETRIC_REPRESENTATION_CONTEXT(2) 
PARAMETRIC_REPRESENTATION_CONTEXT() REPRESENTATION_CONTEXT('2D SPACE',''
  ) );
#2911 = ORIENTED_EDGE('',*,*,#2912,.T.);
#2912 = EDGE_CURVE('',#2890,#2913,#2915,.T.);
#2913 = VERTEX_POINT('',#2914);
#2914 = CARTESIAN_POINT('',(-2.6,14.549226783579,-1.7763568394E-15));
#2915 = SURFACE_CURVE('',#2916,(#2920,#2927),.PCURVE_S1.);
#2916 = LINE('',#2917,#2918);
#2917 = CARTESIAN_POINT('',(-5.2,16.050337483472,-1.7763568394E-15));
#2918 = VECTOR('',#2919,1.);
#2919 = DIRECTION('',(0.866025403784,-0.5,6.123233995737E-17));
#2920 = PCURVE('',#126,#2921);
#2921 = DEFINITIONAL_REPRESENTATION('',(#2922),#2926);
#2922 = LINE('',#2923,#2924);
#2923 = CARTESIAN_POINT('',(2.6,-11.54700538379));
#2924 = VECTOR('',#2925,1.);
#2925 = DIRECTION('',(0.866025403784,0.5));
#2926 = ( GEOMETRIC_REPRESENTATION_CONTEXT(2) 
PARAMETRIC_REPRESENTATION_CONTEXT() REPRESENTATION_CONTEXT('2D SPACE',''
  ) );
#2927 = PCURVE('',#622,#2928);
#2928 = DEFINITIONAL_REPRESENTATION('',(#2929),#2933);
#2929 = LINE('',#2930,#2931);
#2930 = CARTESIAN_POINT('',(-3.061616997868E-16,-5.));
#2931 = VECTOR('',#2932,1.);
#2932 = DIRECTION('',(1.,0.));
#2933 = ( GEOMETRIC_REPRESENTATION_CONTEXT(2) 
PARAMETRIC_REPRESENTATION_CONTEXT() REPRESENTATION_CONTEXT('2D SPACE',''
  ) );
#2934 = ORIENTED_EDGE('',*,*,#2935,.T.);
#2935 = EDGE_CURVE('',#2913,#2936,#2938,.T.);
#2936 = VERTEX_POINT('',#2937);
#2937 = CARTESIAN_POINT('',(-1.293901791244E-15,16.050337483472,
    -1.7763568394E-15));
#2938 = SURFACE_CURVE('',#2939,(#2943,#2950),.PCURVE_S1.);
#2939 = LINE('',#2940,#2941);
#2940 = CARTESIAN_POINT('',(-6.1,12.528500841415,-1.7763568394E-15));
#2941 = VECTOR('',#2942,1.);
#2942 = DIRECTION('',(0.866025403784,0.5,-6.123233995737E-17));
#2943 = PCURVE('',#126,#2944);
#2944 = DEFINITIONAL_REPRESENTATION('',(#2945),#2949);
#2945 = LINE('',#2946,#2947);
#2946 = CARTESIAN_POINT('',(1.7,-8.025168741736));
#2947 = VECTOR('',#2948,1.);
#2948 = DIRECTION('',(0.866025403784,-0.5));
#2949 = ( GEOMETRIC_REPRESENTATION_CONTEXT(2) 
PARAMETRIC_REPRESENTATION_CONTEXT() REPRESENTATION_CONTEXT('2D SPACE',''
  ) );
#2950 = PCURVE('',#650,#2951);
#2951 = DEFINITIONAL_REPRESENTATION('',(#2952),#2956);
#2952 = LINE('',#2953,#2954);
#2953 = CARTESIAN_POINT('',(3.061616997868E-16,-5.));
#2954 = VECTOR('',#2955,1.);
#2955 = DIRECTION('',(1.,0.));
#2956 = ( GEOMETRIC_REPRESENTATION_CONTEXT(2) 
PARAMETRIC_REPRESENTATION_CONTEXT() REPRESENTATION_CONTEXT('2D SPACE',''
  ) );
#2957 = ORIENTED_EDGE('',*,*,#2958,.T.);
#2958 = EDGE_CURVE('',#2936,#2959,#2961,.T.);
#2959 = VERTEX_POINT('',#2960);
#2960 = CARTESIAN_POINT('',(2.6,14.549226783579,-1.7763568394E-15));
#2961 = SURFACE_CURVE('',#2962,(#2966,#2973),.PCURVE_S1.);
#2962 = LINE('',#2963,#2964);
#2963 = CARTESIAN_POINT('',(-1.293901791244E-15,16.050337483472,
    -1.7763568394E-15));
#2964 = VECTOR('',#2965,1.);
#2965 = DIRECTION('',(0.866025403784,-0.5,6.123233995737E-17));
#2966 = PCURVE('',#126,#2967);
#2967 = DEFINITIONAL_REPRESENTATION('',(#2968),#2972);
#2968 = LINE('',#2969,#2970);
#2969 = CARTESIAN_POINT('',(7.8,-11.54700538379));
#2970 = VECTOR('',#2971,1.);
#2971 = DIRECTION('',(0.866025403784,0.5));
#2972 = ( GEOMETRIC_REPRESENTATION_CONTEXT(2) 
PARAMETRIC_REPRESENTATION_CONTEXT() REPRESENTATION_CONTEXT('2D SPACE',''
  ) );
#2973 = PCURVE('',#678,#2974);
#2974 = DEFINITIONAL_REPRESENTATION('',(#2975),#2979);
#2975 = LINE('',#2976,#2977);
#2976 = CARTESIAN_POINT('',(-5.35782974627E-16,-5.));
#2977 = VECTOR('',#2978,1.);
#2978 = DIRECTION('',(1.,0.));
#2979 = ( GEOMETRIC_REPRESENTATION_CONTEXT(2) 
PARAMETRIC_REPRESENTATION_CONTEXT() REPRESENTATION_CONTEXT('2D SPACE',''
  ) );
#2980 = ORIENTED_EDGE('',*,*,#2981,.T.);
#2981 = EDGE_CURVE('',#2959,#2982,#2984,.T.);
#2982 = VERTEX_POINT('',#2983);
#2983 = CARTESIAN_POINT('',(5.2,16.050337483472,-1.7763568394E-15));
#2984 = SURFACE_CURVE('',#2985,(#2989,#2996),.PCURVE_S1.);
#2985 = LINE('',#2986,#2987);
#2986 = CARTESIAN_POINT('',(-0.9,12.528500841415,-1.7763568394E-15));
#2987 = VECTOR('',#2988,1.);
#2988 = DIRECTION('',(0.866025403784,0.5,-6.123233995737E-17));
#2989 = PCURVE('',#126,#2990);
#2990 = DEFINITIONAL_REPRESENTATION('',(#2991),#2995);
#2991 = LINE('',#2992,#2993);
#2992 = CARTESIAN_POINT('',(6.9,-8.025168741736));
#2993 = VECTOR('',#2994,1.);
#2994 = DIRECTION('',(0.866025403784,-0.5));
#2995 = ( GEOMETRIC_REPRESENTATION_CONTEXT(2) 
PARAMETRIC_REPRESENTATION_CONTEXT() REPRESENTATION_CONTEXT('2D SPACE',''
  ) );
#2996 = PCURVE('',#706,#2997);
#2997 = DEFINITIONAL_REPRESENTATION('',(#2998),#3002);
#2998 = LINE('',#2999,#3000);
#2999 = CARTESIAN_POINT('',(4.984579684252E-16,-5.));
#3000 = VECTOR('',#3001,1.);
#3001 = DIRECTION('',(1.,0.));
#3002 = ( GEOMETRIC_REPRESENTATION_CONTEXT(2) 
PARAMETRIC_REPRESENTATION_CONTEXT() REPRESENTATION_CONTEXT('2D SPACE',''
  ) );
#3003 = ORIENTED_EDGE('',*,*,#3004,.T.);
#3004 = EDGE_CURVE('',#2982,#3005,#3007,.T.);
#3005 = VERTEX_POINT('',#3006);
#3006 = CARTESIAN_POINT('',(11.3,12.528500841415,-1.7763568394E-15));
#3007 = SURFACE_CURVE('',#3008,(#3012,#3019),.PCURVE_S1.);
#3008 = LINE('',#3009,#3010);
#3009 = CARTESIAN_POINT('',(5.2,16.050337483472,-1.7763568394E-15));
#3010 = VECTOR('',#3011,1.);
#3011 = DIRECTION('',(0.866025403784,-0.5,6.123233995737E-17));
#3012 = PCURVE('',#126,#3013);
#3013 = DEFINITIONAL_REPRESENTATION('',(#3014),#3018);
#3014 = LINE('',#3015,#3016);
#3015 = CARTESIAN_POINT('',(13.,-11.54700538379));
#3016 = VECTOR('',#3017,1.);
#3017 = DIRECTION('',(0.866025403784,0.5));
#3018 = ( GEOMETRIC_REPRESENTATION_CONTEXT(2) 
PARAMETRIC_REPRESENTATION_CONTEXT() REPRESENTATION_CONTEXT('2D SPACE',''
  ) );
#3019 = PCURVE('',#734,#3020);
#3020 = DEFINITIONAL_REPRESENTATION('',(#3021),#3025);
#3021 = LINE('',#3022,#3023);
#3022 = CARTESIAN_POINT('',(-3.061616997868E-16,-5.));
#3023 = VECTOR('',#3024,1.);
#3024 = DIRECTION('',(1.,0.));
#3025 = ( GEOMETRIC_REPRESENTATION_CONTEXT(2) 
PARAMETRIC_REPRESENTATION_CONTEXT() REPRESENTATION_CONTEXT('2D SPACE',''
  ) );
#3026 = ORIENTED_EDGE('',*,*,#3027,.T.);
#3027 = EDGE_CURVE('',#3005,#3028,#3030,.T.);
#3028 = VERTEX_POINT('',#3029);
#3029 = CARTESIAN_POINT('',(11.3,9.526279441629,-8.881784197001E-16));
#3030 = SURFACE_CURVE('',#3031,(#3035,#3042),.PCURVE_S1.);
#3031 = LINE('',#3032,#3033);
#3032 = CARTESIAN_POINT('',(11.3,12.528500841415,-1.7763568394E-15));
#3033 = VECTOR('',#3034,1.);
#3034 = DIRECTION('',(5.043836554449E-16,-1.,1.224646799147E-16));
#3035 = PCURVE('',#126,#3036);
#3036 = DEFINITIONAL_REPRESENTATION('',(#3037),#3041);
#3037 = LINE('',#3038,#3039);
#3038 = CARTESIAN_POINT('',(19.1,-8.025168741736));
#3039 = VECTOR('',#3040,1.);
#3040 = DIRECTION('',(5.043836554449E-16,1.));
#3041 = ( GEOMETRIC_REPRESENTATION_CONTEXT(2) 
PARAMETRIC_REPRESENTATION_CONTEXT() REPRESENTATION_CONTEXT('2D SPACE',''
  ) );
#3042 = PCURVE('',#762,#3043);
#3043 = DEFINITIONAL_REPRESENTATION('',(#3044),#3048);
#3044 = LINE('',#3045,#3046);
#3045 = CARTESIAN_POINT('',(-6.123233995737E-16,-5.));
#3046 = VECTOR('',#3047,1.);
#3047 = DIRECTION('',(1.,0.));
#3048 = ( GEOMETRIC_REPRESENTATION_CONTEXT(2) 
PARAMETRIC_REPRESENTATION_CONTEXT() REPRESENTATION_CONTEXT('2D SPACE',''
  ) );
#3049 = ORIENTED_EDGE('',*,*,#3050,.T.);
#3050 = EDGE_CURVE('',#3028,#3051,#3053,.T.);
#3051 = VERTEX_POINT('',#3052);
#3052 = CARTESIAN_POINT('',(13.9,8.025168741736,-8.881784197001E-16));
#3053 = SURFACE_CURVE('',#3054,(#3058,#3065),.PCURVE_S1.);
#3054 = LINE('',#3055,#3056);
#3055 = CARTESIAN_POINT('',(7.8,11.547005383793,-1.7763568394E-15));
#3056 = VECTOR('',#3057,1.);
#3057 = DIRECTION('',(0.866025403784,-0.5,6.123233995737E-17));
#3058 = PCURVE('',#126,#3059);
#3059 = DEFINITIONAL_REPRESENTATION('',(#3060),#3064);
#3060 = LINE('',#3061,#3062);
#3061 = CARTESIAN_POINT('',(15.6,-7.043673284113));
#3062 = VECTOR('',#3063,1.);
#3063 = DIRECTION('',(0.866025403784,0.5));
#3064 = ( GEOMETRIC_REPRESENTATION_CONTEXT(2) 
PARAMETRIC_REPRESENTATION_CONTEXT() REPRESENTATION_CONTEXT('2D SPACE',''
  ) );
#3065 = PCURVE('',#790,#3066);
#3066 = DEFINITIONAL_REPRESENTATION('',(#3067),#3071);
#3067 = LINE('',#3068,#3069);
#3068 = CARTESIAN_POINT('',(-3.061616997868E-16,-5.));
#3069 = VECTOR('',#3070,1.);
#3070 = DIRECTION('',(1.,1.232595164408E-32));
#3071 = ( GEOMETRIC_REPRESENTATION_CONTEXT(2) 
PARAMETRIC_REPRESENTATION_CONTEXT() REPRESENTATION_CONTEXT('2D SPACE',''
  ) );
#3072 = ORIENTED_EDGE('',*,*,#3073,.T.);
#3073 = EDGE_CURVE('',#3051,#3074,#3076,.T.);
#3074 = VERTEX_POINT('',#3075);
#3075 = CARTESIAN_POINT('',(13.9,5.02294734195,-8.881784197001E-16));
#3076 = SURFACE_CURVE('',#3077,(#3081,#3088),.PCURVE_S1.);
#3077 = LINE('',#3078,#3079);
#3078 = CARTESIAN_POINT('',(13.9,8.025168741736,-8.881784197001E-16));
#3079 = VECTOR('',#3080,1.);
#3080 = DIRECTION('',(5.043836554449E-16,-1.,1.224646799147E-16));
#3081 = PCURVE('',#126,#3082);
#3082 = DEFINITIONAL_REPRESENTATION('',(#3083),#3087);
#3083 = LINE('',#3084,#3085);
#3084 = CARTESIAN_POINT('',(21.7,-3.521836642057));
#3085 = VECTOR('',#3086,1.);
#3086 = DIRECTION('',(5.043836554449E-16,1.));
#3087 = ( GEOMETRIC_REPRESENTATION_CONTEXT(2) 
PARAMETRIC_REPRESENTATION_CONTEXT() REPRESENTATION_CONTEXT('2D SPACE',''
  ) );
#3088 = PCURVE('',#818,#3089);
#3089 = DEFINITIONAL_REPRESENTATION('',(#3090),#3094);
#3090 = LINE('',#3091,#3092);
#3091 = CARTESIAN_POINT('',(-6.123233995737E-16,-5.));
#3092 = VECTOR('',#3093,1.);
#3093 = DIRECTION('',(1.,0.));
#3094 = ( GEOMETRIC_REPRESENTATION_CONTEXT(2) 
PARAMETRIC_REPRESENTATION_CONTEXT() REPRESENTATION_CONTEXT('2D SPACE',''
  ) );
#3095 = ORIENTED_EDGE('',*,*,#3096,.T.);
#3096 = EDGE_CURVE('',#3074,#3097,#3099,.T.);
#3097 = VERTEX_POINT('',#3098);
#3098 = CARTESIAN_POINT('',(16.5,3.521836642057,0.));
#3099 = SURFACE_CURVE('',#3100,(#3104,#3111),.PCURVE_S1.);
#3100 = LINE('',#3101,#3102);
#3101 = CARTESIAN_POINT('',(10.4,7.043673284113,-8.881784197001E-16));
#3102 = VECTOR('',#3103,1.);
#3103 = DIRECTION('',(0.866025403784,-0.5,6.123233995737E-17));
#3104 = PCURVE('',#126,#3105);
#3105 = DEFINITIONAL_REPRESENTATION('',(#3106),#3110);
#3106 = LINE('',#3107,#3108);
#3107 = CARTESIAN_POINT('',(18.2,-2.540341184434));
#3108 = VECTOR('',#3109,1.);
#3109 = DIRECTION('',(0.866025403784,0.5));
#3110 = ( GEOMETRIC_REPRESENTATION_CONTEXT(2) 
PARAMETRIC_REPRESENTATION_CONTEXT() REPRESENTATION_CONTEXT('2D SPACE',''
  ) );
#3111 = PCURVE('',#846,#3112);
#3112 = DEFINITIONAL_REPRESENTATION('',(#3113),#3117);
#3113 = LINE('',#3114,#3115);
#3114 = CARTESIAN_POINT('',(1.379275100632E-16,-5.));
#3115 = VECTOR('',#3116,1.);
#3116 = DIRECTION('',(1.,1.232595164408E-32));
#3117 = ( GEOMETRIC_REPRESENTATION_CONTEXT(2) 
PARAMETRIC_REPRESENTATION_CONTEXT() REPRESENTATION_CONTEXT('2D SPACE',''
  ) );
#3118 = ORIENTED_EDGE('',*,*,#3119,.T.);
#3119 = EDGE_CURVE('',#3097,#3120,#3122,.T.);
#3120 = VERTEX_POINT('',#3121);
#3121 = CARTESIAN_POINT('',(16.5,0.615384615385,0.));
#3122 = SURFACE_CURVE('',#3123,(#3127,#3134),.PCURVE_S1.);
#3123 = LINE('',#3124,#3125);
#3124 = CARTESIAN_POINT('',(16.5,3.521836642057,0.));
#3125 = VECTOR('',#3126,1.);
#3126 = DIRECTION('',(0.,-1.,1.224646799147E-16));
#3127 = PCURVE('',#126,#3128);
#3128 = DEFINITIONAL_REPRESENTATION('',(#3129),#3133);
#3129 = LINE('',#3130,#3131);
#3130 = CARTESIAN_POINT('',(24.3,0.981495457622));
#3131 = VECTOR('',#3132,1.);
#3132 = DIRECTION('',(0.,1.));
#3133 = ( GEOMETRIC_REPRESENTATION_CONTEXT(2) 
PARAMETRIC_REPRESENTATION_CONTEXT() REPRESENTATION_CONTEXT('2D SPACE',''
  ) );
#3134 = PCURVE('',#874,#3135);
#3135 = DEFINITIONAL_REPRESENTATION('',(#3136),#3140);
#3136 = LINE('',#3137,#3138);
#3137 = CARTESIAN_POINT('',(-1.682341897236E-16,-5.));
#3138 = VECTOR('',#3139,1.);
#3139 = DIRECTION('',(1.,0.));
#3140 = ( GEOMETRIC_REPRESENTATION_CONTEXT(2) 
PARAMETRIC_REPRESENTATION_CONTEXT() REPRESENTATION_CONTEXT('2D SPACE',''
  ) );
#3141 = ORIENTED_EDGE('',*,*,#3142,.F.);
#3142 = EDGE_CURVE('',#3143,#3120,#3145,.T.);
#3143 = VERTEX_POINT('',#3144);
#3144 = CARTESIAN_POINT('',(17.5,-8.694992273946E-16,0.));
#3145 = SURFACE_CURVE('',#3146,(#3150,#3157),.PCURVE_S1.);
#3146 = LINE('',#3147,#3148);
#3147 = CARTESIAN_POINT('',(17.5,-8.694992273946E-16,0.));
#3148 = VECTOR('',#3149,1.);
#3149 = DIRECTION('',(-0.851658316705,0.524097425664,-6.418342347812E-17
    ));
#3150 = PCURVE('',#126,#3151);
#3151 = DEFINITIONAL_REPRESENTATION('',(#3152),#3156);
#3152 = LINE('',#3153,#3154);
#3153 = CARTESIAN_POINT('',(25.3,4.503332099679));
#3154 = VECTOR('',#3155,1.);
#3155 = DIRECTION('',(-0.851658316705,-0.524097425664));
#3156 = ( GEOMETRIC_REPRESENTATION_CONTEXT(2) 
PARAMETRIC_REPRESENTATION_CONTEXT() REPRESENTATION_CONTEXT('2D SPACE',''
  ) );
#3157 = PCURVE('',#3158,#3163);
#3158 = PLANE('',#3159);
#3159 = AXIS2_PLACEMENT_3D('',#3160,#3161,#3162);
#3160 = CARTESIAN_POINT('',(17.5,-3.796405077357E-16,4.));
#3161 = DIRECTION('',(0.524097425664,0.851658316705,-1.042980631519E-16)
  );
#3162 = DIRECTION('',(-0.851658316705,0.524097425664,-6.418342347812E-17
    ));
#3163 = DEFINITIONAL_REPRESENTATION('',(#3164),#3168);
#3164 = LINE('',#3165,#3166);
#3165 = CARTESIAN_POINT('',(-4.930380657631E-32,-4.));
#3166 = VECTOR('',#3167,1.);
#3167 = DIRECTION('',(1.,0.));
#3168 = ( GEOMETRIC_REPRESENTATION_CONTEXT(2) 
PARAMETRIC_REPRESENTATION_CONTEXT() REPRESENTATION_CONTEXT('2D SPACE',''
  ) );
#3169 = ORIENTED_EDGE('',*,*,#3170,.F.);
#3170 = EDGE_CURVE('',#3171,#3143,#3173,.T.);
#3171 = VERTEX_POINT('',#3172);
#3172 = CARTESIAN_POINT('',(16.5,-0.615384615385,0.));
#3173 = SURFACE_CURVE('',#3174,(#3178,#3185),.PCURVE_S1.);
#3174 = LINE('',#3175,#3176);
#3175 = CARTESIAN_POINT('',(16.2,-0.8,0.));
#3176 = VECTOR('',#3177,1.);
#3177 = DIRECTION('',(0.851658316705,0.524097425664,-6.418342347812E-17)
  );
#3178 = PCURVE('',#126,#3179);
#3179 = DEFINITIONAL_REPRESENTATION('',(#3180),#3184);
#3180 = LINE('',#3181,#3182);
#3181 = CARTESIAN_POINT('',(24.,5.303332099679));
#3182 = VECTOR('',#3183,1.);
#3183 = DIRECTION('',(0.851658316705,-0.524097425664));
#3184 = ( GEOMETRIC_REPRESENTATION_CONTEXT(2) 
PARAMETRIC_REPRESENTATION_CONTEXT() REPRESENTATION_CONTEXT('2D SPACE',''
  ) );
#3185 = PCURVE('',#3186,#3191);
#3186 = PLANE('',#3187);
#3187 = AXIS2_PLACEMENT_3D('',#3188,#3189,#3190);
#3188 = CARTESIAN_POINT('',(16.2,-0.8,4.));
#3189 = DIRECTION('',(0.524097425664,-0.851658316705,1.042980631519E-16)
  );
#3190 = DIRECTION('',(0.851658316705,0.524097425664,-6.418342347812E-17)
  );
#3191 = DEFINITIONAL_REPRESENTATION('',(#3192),#3196);
#3192 = LINE('',#3193,#3194);
#3193 = CARTESIAN_POINT('',(-3.419882064718E-17,-4.));
#3194 = VECTOR('',#3195,1.);
#3195 = DIRECTION('',(1.,0.));
#3196 = ( GEOMETRIC_REPRESENTATION_CONTEXT(2) 
PARAMETRIC_REPRESENTATION_CONTEXT() REPRESENTATION_CONTEXT('2D SPACE',''
  ) );
#3197 = ORIENTED_EDGE('',*,*,#3198,.T.);
#3198 = EDGE_CURVE('',#3171,#3199,#3201,.T.);
#3199 = VERTEX_POINT('',#3200);
#3200 = CARTESIAN_POINT('',(16.5,-3.521836642057,0.));
#3201 = SURFACE_CURVE('',#3202,(#3206,#3213),.PCURVE_S1.);
#3202 = LINE('',#3203,#3204);
#3203 = CARTESIAN_POINT('',(16.5,3.521836642057,0.));
#3204 = VECTOR('',#3205,1.);
#3205 = DIRECTION('',(0.,-1.,1.224646799147E-16));
#3206 = PCURVE('',#126,#3207);
#3207 = DEFINITIONAL_REPRESENTATION('',(#3208),#3212);
#3208 = LINE('',#3209,#3210);
#3209 = CARTESIAN_POINT('',(24.3,0.981495457622));
#3210 = VECTOR('',#3211,1.);
#3211 = DIRECTION('',(0.,1.));
#3212 = ( GEOMETRIC_REPRESENTATION_CONTEXT(2) 
PARAMETRIC_REPRESENTATION_CONTEXT() REPRESENTATION_CONTEXT('2D SPACE',''
  ) );
#3213 = PCURVE('',#874,#3214);
#3214 = DEFINITIONAL_REPRESENTATION('',(#3215),#3219);
#3215 = LINE('',#3216,#3217);
#3216 = CARTESIAN_POINT('',(-1.682341897236E-16,-5.));
#3217 = VECTOR('',#3218,1.);
#3218 = DIRECTION('',(1.,0.));
#3219 = ( GEOMETRIC_REPRESENTATION_CONTEXT(2) 
PARAMETRIC_REPRESENTATION_CONTEXT() REPRESENTATION_CONTEXT('2D SPACE',''
  ) );
#3220 = ORIENTED_EDGE('',*,*,#3221,.T.);
#3221 = EDGE_CURVE('',#3199,#3222,#3224,.T.);
#3222 = VERTEX_POINT('',#3223);
#3223 = CARTESIAN_POINT('',(13.9,-5.02294734195,8.881784197001E-16));
#3224 = SURFACE_CURVE('',#3225,(#3229,#3236),.PCURVE_S1.);
#3225 = LINE('',#3226,#3227);
#3226 = CARTESIAN_POINT('',(16.5,-3.521836642057,0.));
#3227 = VECTOR('',#3228,1.);
#3228 = DIRECTION('',(-0.866025403784,-0.5,6.123233995737E-17));
#3229 = PCURVE('',#126,#3230);
#3230 = DEFINITIONAL_REPRESENTATION('',(#3231),#3235);
#3231 = LINE('',#3232,#3233);
#3232 = CARTESIAN_POINT('',(24.3,8.025168741736));
#3233 = VECTOR('',#3234,1.);
#3234 = DIRECTION('',(-0.866025403784,0.5));
#3235 = ( GEOMETRIC_REPRESENTATION_CONTEXT(2) 
PARAMETRIC_REPRESENTATION_CONTEXT() REPRESENTATION_CONTEXT('2D SPACE',''
  ) );
#3236 = PCURVE('',#902,#3237);
#3237 = DEFINITIONAL_REPRESENTATION('',(#3238),#3242);
#3238 = LINE('',#3239,#3240);
#3239 = CARTESIAN_POINT('',(-8.411709486181E-17,-5.));
#3240 = VECTOR('',#3241,1.);
#3241 = DIRECTION('',(1.,0.));
#3242 = ( GEOMETRIC_REPRESENTATION_CONTEXT(2) 
PARAMETRIC_REPRESENTATION_CONTEXT() REPRESENTATION_CONTEXT('2D SPACE',''
  ) );
#3243 = ORIENTED_EDGE('',*,*,#3244,.T.);
#3244 = EDGE_CURVE('',#3222,#3245,#3247,.T.);
#3245 = VERTEX_POINT('',#3246);
#3246 = CARTESIAN_POINT('',(13.9,-8.025168741736,8.881784197001E-16));
#3247 = SURFACE_CURVE('',#3248,(#3252,#3259),.PCURVE_S1.);
#3248 = LINE('',#3249,#3250);
#3249 = CARTESIAN_POINT('',(13.9,-0.981495457622,0.));
#3250 = VECTOR('',#3251,1.);
#3251 = DIRECTION('',(5.043836554449E-16,-1.,1.224646799147E-16));
#3252 = PCURVE('',#126,#3253);
#3253 = DEFINITIONAL_REPRESENTATION('',(#3254),#3258);
#3254 = LINE('',#3255,#3256);
#3255 = CARTESIAN_POINT('',(21.7,5.484827557301));
#3256 = VECTOR('',#3257,1.);
#3257 = DIRECTION('',(5.043836554449E-16,1.));
#3258 = ( GEOMETRIC_REPRESENTATION_CONTEXT(2) 
PARAMETRIC_REPRESENTATION_CONTEXT() REPRESENTATION_CONTEXT('2D SPACE',''
  ) );
#3259 = PCURVE('',#930,#3260);
#3260 = DEFINITIONAL_REPRESENTATION('',(#3261),#3265);
#3261 = LINE('',#3262,#3263);
#3262 = CARTESIAN_POINT('',(5.381041520142E-17,-5.));
#3263 = VECTOR('',#3264,1.);
#3264 = DIRECTION('',(1.,0.));
#3265 = ( GEOMETRIC_REPRESENTATION_CONTEXT(2) 
PARAMETRIC_REPRESENTATION_CONTEXT() REPRESENTATION_CONTEXT('2D SPACE',''
  ) );
#3266 = ORIENTED_EDGE('',*,*,#3267,.T.);
#3267 = EDGE_CURVE('',#3245,#2540,#3268,.T.);
#3268 = SURFACE_CURVE('',#3269,(#3273,#3280),.PCURVE_S1.);
#3269 = LINE('',#3270,#3271);
#3270 = CARTESIAN_POINT('',(13.9,-8.025168741736,8.881784197001E-16));
#3271 = VECTOR('',#3272,1.);
#3272 = DIRECTION('',(-0.866025403784,-0.5,6.123233995737E-17));
#3273 = PCURVE('',#126,#3274);
#3274 = DEFINITIONAL_REPRESENTATION('',(#3275),#3279);
#3275 = LINE('',#3276,#3277);
#3276 = CARTESIAN_POINT('',(21.7,12.528500841415));
#3277 = VECTOR('',#3278,1.);
#3278 = DIRECTION('',(-0.866025403784,0.5));
#3279 = ( GEOMETRIC_REPRESENTATION_CONTEXT(2) 
PARAMETRIC_REPRESENTATION_CONTEXT() REPRESENTATION_CONTEXT('2D SPACE',''
  ) );
#3280 = PCURVE('',#958,#3281);
#3281 = DEFINITIONAL_REPRESENTATION('',(#3282),#3286);
#3282 = LINE('',#3283,#3284);
#3283 = CARTESIAN_POINT('',(-2.449293598295E-16,-4.));
#3284 = VECTOR('',#3285,1.);
#3285 = DIRECTION('',(1.,0.));
#3286 = ( GEOMETRIC_REPRESENTATION_CONTEXT(2) 
PARAMETRIC_REPRESENTATION_CONTEXT() REPRESENTATION_CONTEXT('2D SPACE',''
  ) );
#3287 = FACE_BOUND('',#3288,.T.);
#3288 = EDGE_LOOP('',(#3289));
#3289 = ORIENTED_EDGE('',*,*,#3290,.T.);
#3290 = EDGE_CURVE('',#3291,#3291,#3293,.T.);
#3291 = VERTEX_POINT('',#3292);
#3292 = CARTESIAN_POINT('',(-11.44904821689,8.174730299493,
    -8.881784197001E-16));
#3293 = SURFACE_CURVE('',#3294,(#3299,#3310),.PCURVE_S1.);
#3294 = CIRCLE('',#3295,1.25);
#3295 = AXIS2_PLACEMENT_3D('',#3296,#3297,#3298);
#3296 = CARTESIAN_POINT('',(-10.19904821689,8.174730299493,
    -8.881784197001E-16));
#3297 = DIRECTION('',(0.,1.224646799147E-16,1.));
#3298 = DIRECTION('',(-1.,0.,0.));
#3299 = PCURVE('',#126,#3300);
#3300 = DEFINITIONAL_REPRESENTATION('',(#3301),#3309);
#3301 = ( BOUNDED_CURVE() B_SPLINE_CURVE(2,(#3302,#3303,#3304,#3305,
#3306,#3307,#3308),.UNSPECIFIED.,.T.,.F.) B_SPLINE_CURVE_WITH_KNOTS((1,2
    ,2,2,2,1),(-2.094395102393,0.,2.094395102393,4.188790204786,
6.28318530718,8.377580409573),.UNSPECIFIED.) CURVE() 
GEOMETRIC_REPRESENTATION_ITEM() RATIONAL_B_SPLINE_CURVE((1.,0.5,1.,0.5,
1.,0.5,1.)) REPRESENTATION_ITEM('') );
#3302 = CARTESIAN_POINT('',(-3.649048216895,-3.671398199814));
#3303 = CARTESIAN_POINT('',(-3.649048216895,-1.506334690353));
#3304 = CARTESIAN_POINT('',(-1.774048216895,-2.588866445084));
#3305 = CARTESIAN_POINT('',(0.100951783105,-3.671398199814));
#3306 = CARTESIAN_POINT('',(-1.774048216895,-4.753929954545));
#3307 = CARTESIAN_POINT('',(-3.649048216895,-5.836461709275));
#3308 = CARTESIAN_POINT('',(-3.649048216895,-3.671398199814));
#3309 = ( GEOMETRIC_REPRESENTATION_CONTEXT(2) 
PARAMETRIC_REPRESENTATION_CONTEXT() REPRESENTATION_CONTEXT('2D SPACE',''
  ) );
#3310 = PCURVE('',#3311,#3316);
#3311 = CONICAL_SURFACE('',#3312,1.25,7.485984771077E-02);
#3312 = AXIS2_PLACEMENT_3D('',#3313,#3314,#3315);
#3313 = CARTESIAN_POINT('',(-10.19904821689,8.174730299493,
    -8.881784197001E-16));
#3314 = DIRECTION('',(-0.,-1.224646799147E-16,-1.));
#3315 = DIRECTION('',(-1.,0.,0.));
#3316 = DEFINITIONAL_REPRESENTATION('',(#3317),#3321);
#3317 = LINE('',#3318,#3319);
#3318 = CARTESIAN_POINT('',(-0.,-0.));
#3319 = VECTOR('',#3320,1.);
#3320 = DIRECTION('',(-1.,-0.));
#3321 = ( GEOMETRIC_REPRESENTATION_CONTEXT(2) 
PARAMETRIC_REPRESENTATION_CONTEXT() REPRESENTATION_CONTEXT('2D SPACE',''
  ) );
#3322 = FACE_BOUND('',#3323,.T.);
#3323 = EDGE_LOOP('',(#3324));
#3324 = ORIENTED_EDGE('',*,*,#3325,.T.);
#3325 = EDGE_CURVE('',#3326,#3326,#3328,.T.);
#3326 = VERTEX_POINT('',#3327);
#3327 = CARTESIAN_POINT('',(-3.78,12.57,-1.7763568394E-15));
#3328 = SURFACE_CURVE('',#3329,(#3334,#3345),.PCURVE_S1.);
#3329 = CIRCLE('',#3330,1.25);
#3330 = AXIS2_PLACEMENT_3D('',#3331,#3332,#3333);
#3331 = CARTESIAN_POINT('',(-2.53,12.57,-1.7763568394E-15));
#3332 = DIRECTION('',(0.,1.224646799147E-16,1.));
#3333 = DIRECTION('',(-1.,0.,0.));
#3334 = PCURVE('',#126,#3335);
#3335 = DEFINITIONAL_REPRESENTATION('',(#3336),#3344);
#3336 = ( BOUNDED_CURVE() B_SPLINE_CURVE(2,(#3337,#3338,#3339,#3340,
#3341,#3342,#3343),.UNSPECIFIED.,.T.,.F.) B_SPLINE_CURVE_WITH_KNOTS((1,2
    ,2,2,2,1),(-2.094395102393,0.,2.094395102393,4.188790204786,
6.28318530718,8.377580409573),.UNSPECIFIED.) CURVE() 
GEOMETRIC_REPRESENTATION_ITEM() RATIONAL_B_SPLINE_CURVE((1.,0.5,1.,0.5,
1.,0.5,1.)) REPRESENTATION_ITEM('') );
#3337 = CARTESIAN_POINT('',(4.02,-8.066667900321));
#3338 = CARTESIAN_POINT('',(4.02,-5.90160439086));
#3339 = CARTESIAN_POINT('',(5.895,-6.98413614559));
#3340 = CARTESIAN_POINT('',(7.77,-8.066667900321));
#3341 = CARTESIAN_POINT('',(5.895,-9.149199655051));
#3342 = CARTESIAN_POINT('',(4.02,-10.23173140978));
#3343 = CARTESIAN_POINT('',(4.02,-8.066667900321));
#3344 = ( GEOMETRIC_REPRESENTATION_CONTEXT(2) 
PARAMETRIC_REPRESENTATION_CONTEXT() REPRESENTATION_CONTEXT('2D SPACE',''
  ) );
#3345 = PCURVE('',#3346,#3351);
#3346 = CONICAL_SURFACE('',#3347,1.25,7.485984771077E-02);
#3347 = AXIS2_PLACEMENT_3D('',#3348,#3349,#3350);
#3348 = CARTESIAN_POINT('',(-2.53,12.57,-1.7763568394E-15));
#3349 = DIRECTION('',(-0.,-1.224646799147E-16,-1.));
#3350 = DIRECTION('',(-1.,0.,0.));
#3351 = DEFINITIONAL_REPRESENTATION('',(#3352),#3356);
#3352 = LINE('',#3353,#3354);
#3353 = CARTESIAN_POINT('',(-0.,-0.));
#3354 = VECTOR('',#3355,1.);
#3355 = DIRECTION('',(-1.,-0.));
#3356 = ( GEOMETRIC_REPRESENTATION_CONTEXT(2) 
PARAMETRIC_REPRESENTATION_CONTEXT() REPRESENTATION_CONTEXT('2D SPACE',''
  ) );
#3357 = FACE_BOUND('',#3358,.T.);
#3358 = EDGE_LOOP('',(#3359));
#3359 = ORIENTED_EDGE('',*,*,#3360,.T.);
#3360 = EDGE_CURVE('',#3361,#3361,#3363,.T.);
#3361 = VERTEX_POINT('',#3362);
#3362 = CARTESIAN_POINT('',(-13.40093932557,4.093955728425,
    -8.881784197001E-16));
#3363 = SURFACE_CURVE('',#3364,(#3369,#3380),.PCURVE_S1.);
#3364 = CIRCLE('',#3365,1.25);
#3365 = AXIS2_PLACEMENT_3D('',#3366,#3367,#3368);
#3366 = CARTESIAN_POINT('',(-12.15093932557,4.093955728425,
    -8.881784197001E-16));
#3367 = DIRECTION('',(0.,1.224646799147E-16,1.));
#3368 = DIRECTION('',(-1.,0.,0.));
#3369 = PCURVE('',#126,#3370);
#3370 = DEFINITIONAL_REPRESENTATION('',(#3371),#3379);
#3371 = ( BOUNDED_CURVE() B_SPLINE_CURVE(2,(#3372,#3373,#3374,#3375,
#3376,#3377,#3378),.UNSPECIFIED.,.T.,.F.) B_SPLINE_CURVE_WITH_KNOTS((1,2
    ,2,2,2,1),(-2.094395102393,0.,2.094395102393,4.188790204786,
6.28318530718,8.377580409573),.UNSPECIFIED.) CURVE() 
GEOMETRIC_REPRESENTATION_ITEM() RATIONAL_B_SPLINE_CURVE((1.,0.5,1.,0.5,
1.,0.5,1.)) REPRESENTATION_ITEM('') );
#3372 = CARTESIAN_POINT('',(-5.60093932557,0.409376371254));
#3373 = CARTESIAN_POINT('',(-5.60093932557,2.574439880715));
#3374 = CARTESIAN_POINT('',(-3.72593932557,1.491908125984));
#3375 = CARTESIAN_POINT('',(-1.85093932557,0.409376371254));
#3376 = CARTESIAN_POINT('',(-3.72593932557,-0.673155383477));
#3377 = CARTESIAN_POINT('',(-5.60093932557,-1.755687138207));
#3378 = CARTESIAN_POINT('',(-5.60093932557,0.409376371254));
#3379 = ( GEOMETRIC_REPRESENTATION_CONTEXT(2) 
PARAMETRIC_REPRESENTATION_CONTEXT() REPRESENTATION_CONTEXT('2D SPACE',''
  ) );
#3380 = PCURVE('',#3381,#3386);
#3381 = CONICAL_SURFACE('',#3382,1.25,7.485984771077E-02);
#3382 = AXIS2_PLACEMENT_3D('',#3383,#3384,#3385);
#3383 = CARTESIAN_POINT('',(-12.15093932557,4.093955728425,
    -8.881784197001E-16));
#3384 = DIRECTION('',(-0.,-1.224646799147E-16,-1.));
#3385 = DIRECTION('',(-1.,0.,0.));
#3386 = DEFINITIONAL_REPRESENTATION('',(#3387),#3391);
#3387 = LINE('',#3388,#3389);
#3388 = CARTESIAN_POINT('',(-0.,-0.));
#3389 = VECTOR('',#3390,1.);
#3390 = DIRECTION('',(-1.,-0.));
#3391 = ( GEOMETRIC_REPRESENTATION_CONTEXT(2) 
PARAMETRIC_REPRESENTATION_CONTEXT() REPRESENTATION_CONTEXT('2D SPACE',''
  ) );
#3392 = FACE_BOUND('',#3393,.T.);
#3393 = EDGE_LOOP('',(#3394));
#3394 = ORIENTED_EDGE('',*,*,#3395,.T.);
#3395 = EDGE_CURVE('',#3396,#3396,#3398,.T.);
#3396 = VERTEX_POINT('',#3397);
#3397 = CARTESIAN_POINT('',(0.73,12.92,-1.7763568394E-15));
#3398 = SURFACE_CURVE('',#3399,(#3404,#3415),.PCURVE_S1.);
#3399 = CIRCLE('',#3400,1.25);
#3400 = AXIS2_PLACEMENT_3D('',#3401,#3402,#3403);
#3401 = CARTESIAN_POINT('',(1.98,12.92,-1.7763568394E-15));
#3402 = DIRECTION('',(0.,1.224646799147E-16,1.));
#3403 = DIRECTION('',(-1.,0.,0.));
#3404 = PCURVE('',#126,#3405);
#3405 = DEFINITIONAL_REPRESENTATION('',(#3406),#3414);
#3406 = ( BOUNDED_CURVE() B_SPLINE_CURVE(2,(#3407,#3408,#3409,#3410,
#3411,#3412,#3413),.UNSPECIFIED.,.T.,.F.) B_SPLINE_CURVE_WITH_KNOTS((1,2
    ,2,2,2,1),(-2.094395102393,0.,2.094395102393,4.188790204786,
6.28318530718,8.377580409573),.UNSPECIFIED.) CURVE() 
GEOMETRIC_REPRESENTATION_ITEM() RATIONAL_B_SPLINE_CURVE((1.,0.5,1.,0.5,
1.,0.5,1.)) REPRESENTATION_ITEM('') );
#3407 = CARTESIAN_POINT('',(8.53,-8.416667900321));
#3408 = CARTESIAN_POINT('',(8.53,-6.25160439086));
#3409 = CARTESIAN_POINT('',(10.405,-7.33413614559));
#3410 = CARTESIAN_POINT('',(12.28,-8.416667900321));
#3411 = CARTESIAN_POINT('',(10.405,-9.499199655051));
#3412 = CARTESIAN_POINT('',(8.53,-10.58173140978));
#3413 = CARTESIAN_POINT('',(8.53,-8.416667900321));
#3414 = ( GEOMETRIC_REPRESENTATION_CONTEXT(2) 
PARAMETRIC_REPRESENTATION_CONTEXT() REPRESENTATION_CONTEXT('2D SPACE',''
  ) );
#3415 = PCURVE('',#3416,#3421);
#3416 = CONICAL_SURFACE('',#3417,1.25,7.485984771077E-02);
#3417 = AXIS2_PLACEMENT_3D('',#3418,#3419,#3420);
#3418 = CARTESIAN_POINT('',(1.98,12.92,-1.7763568394E-15));
#3419 = DIRECTION('',(-0.,-1.224646799147E-16,-1.));
#3420 = DIRECTION('',(-1.,0.,0.));
#3421 = DEFINITIONAL_REPRESENTATION('',(#3422),#3426);
#3422 = LINE('',#3423,#3424);
#3423 = CARTESIAN_POINT('',(-0.,-0.));
#3424 = VECTOR('',#3425,1.);
#3425 = DIRECTION('',(-1.,-0.));
#3426 = ( GEOMETRIC_REPRESENTATION_CONTEXT(2) 
PARAMETRIC_REPRESENTATION_CONTEXT() REPRESENTATION_CONTEXT('2D SPACE',''
  ) );
#3427 = FACE_BOUND('',#3428,.T.);
#3428 = EDGE_LOOP('',(#3429));
#3429 = ORIENTED_EDGE('',*,*,#3430,.T.);
#3430 = EDGE_CURVE('',#3431,#3431,#3433,.T.);
#3431 = VERTEX_POINT('',#3432);
#3432 = CARTESIAN_POINT('',(8.37093932557,8.476044271575,
    -8.881784197001E-16));
#3433 = SURFACE_CURVE('',#3434,(#3439,#3450),.PCURVE_S1.);
#3434 = CIRCLE('',#3435,1.25);
#3435 = AXIS2_PLACEMENT_3D('',#3436,#3437,#3438);
#3436 = CARTESIAN_POINT('',(9.62093932557,8.476044271575,
    -8.881784197001E-16));
#3437 = DIRECTION('',(0.,1.224646799147E-16,1.));
#3438 = DIRECTION('',(-1.,0.,0.));
#3439 = PCURVE('',#126,#3440);
#3440 = DEFINITIONAL_REPRESENTATION('',(#3441),#3449);
#3441 = ( BOUNDED_CURVE() B_SPLINE_CURVE(2,(#3442,#3443,#3444,#3445,
#3446,#3447,#3448),.UNSPECIFIED.,.T.,.F.) B_SPLINE_CURVE_WITH_KNOTS((1,2
    ,2,2,2,1),(-2.094395102393,0.,2.094395102393,4.188790204786,
6.28318530718,8.377580409573),.UNSPECIFIED.) CURVE() 
GEOMETRIC_REPRESENTATION_ITEM() RATIONAL_B_SPLINE_CURVE((1.,0.5,1.,0.5,
1.,0.5,1.)) REPRESENTATION_ITEM('') );
#3442 = CARTESIAN_POINT('',(16.17093932557,-3.972712171896));
#3443 = CARTESIAN_POINT('',(16.17093932557,-1.807648662434));
#3444 = CARTESIAN_POINT('',(18.04593932557,-2.890180417165));
#3445 = CARTESIAN_POINT('',(19.92093932557,-3.972712171896));
#3446 = CARTESIAN_POINT('',(18.04593932557,-5.055243926626));
#3447 = CARTESIAN_POINT('',(16.17093932557,-6.137775681357));
#3448 = CARTESIAN_POINT('',(16.17093932557,-3.972712171896));
#3449 = ( GEOMETRIC_REPRESENTATION_CONTEXT(2) 
PARAMETRIC_REPRESENTATION_CONTEXT() REPRESENTATION_CONTEXT('2D SPACE',''
  ) );
#3450 = PCURVE('',#3451,#3456);
#3451 = CONICAL_SURFACE('',#3452,1.25,7.485984771077E-02);
#3452 = AXIS2_PLACEMENT_3D('',#3453,#3454,#3455);
#3453 = CARTESIAN_POINT('',(9.62093932557,8.476044271575,
    -8.881784197001E-16));
#3454 = DIRECTION('',(-0.,-1.224646799147E-16,-1.));
#3455 = DIRECTION('',(-1.,0.,0.));
#3456 = DEFINITIONAL_REPRESENTATION('',(#3457),#3461);
#3457 = LINE('',#3458,#3459);
#3458 = CARTESIAN_POINT('',(-0.,-0.));
#3459 = VECTOR('',#3460,1.);
#3460 = DIRECTION('',(-1.,-0.));
#3461 = ( GEOMETRIC_REPRESENTATION_CONTEXT(2) 
PARAMETRIC_REPRESENTATION_CONTEXT() REPRESENTATION_CONTEXT('2D SPACE',''
  ) );
#3462 = FACE_BOUND('',#3463,.T.);
#3463 = EDGE_LOOP('',(#3464));
#3464 = ORIENTED_EDGE('',*,*,#3465,.T.);
#3465 = EDGE_CURVE('',#3466,#3466,#3468,.T.);
#3466 = VERTEX_POINT('',#3467);
#3467 = CARTESIAN_POINT('',(10.929048216895,4.745269700507,
    -8.881784197001E-16));
#3468 = SURFACE_CURVE('',#3469,(#3474,#3485),.PCURVE_S1.);
#3469 = CIRCLE('',#3470,1.25);
#3470 = AXIS2_PLACEMENT_3D('',#3471,#3472,#3473);
#3471 = CARTESIAN_POINT('',(12.179048216895,4.745269700507,
    -8.881784197001E-16));
#3472 = DIRECTION('',(0.,1.224646799147E-16,1.));
#3473 = DIRECTION('',(-1.,0.,0.));
#3474 = PCURVE('',#126,#3475);
#3475 = DEFINITIONAL_REPRESENTATION('',(#3476),#3484);
#3476 = ( BOUNDED_CURVE() B_SPLINE_CURVE(2,(#3477,#3478,#3479,#3480,
#3481,#3482,#3483),.UNSPECIFIED.,.T.,.F.) B_SPLINE_CURVE_WITH_KNOTS((1,2
    ,2,2,2,1),(-2.094395102393,0.,2.094395102393,4.188790204786,
6.28318530718,8.377580409573),.UNSPECIFIED.) CURVE() 
GEOMETRIC_REPRESENTATION_ITEM() RATIONAL_B_SPLINE_CURVE((1.,0.5,1.,0.5,
1.,0.5,1.)) REPRESENTATION_ITEM('') );
#3477 = CARTESIAN_POINT('',(18.729048216895,-0.241937600828));
#3478 = CARTESIAN_POINT('',(18.729048216895,1.923125908633));
#3479 = CARTESIAN_POINT('',(20.604048216895,0.840594153903));
#3480 = CARTESIAN_POINT('',(22.479048216895,-0.241937600828));
#3481 = CARTESIAN_POINT('',(20.604048216895,-1.324469355558));
#3482 = CARTESIAN_POINT('',(18.729048216895,-2.407001110289));
#3483 = CARTESIAN_POINT('',(18.729048216895,-0.241937600828));
#3484 = ( GEOMETRIC_REPRESENTATION_CONTEXT(2) 
PARAMETRIC_REPRESENTATION_CONTEXT() REPRESENTATION_CONTEXT('2D SPACE',''
  ) );
#3485 = PCURVE('',#3486,#3491);
#3486 = CONICAL_SURFACE('',#3487,1.25,7.485984771077E-02);
#3487 = AXIS2_PLACEMENT_3D('',#3488,#3489,#3490);
#3488 = CARTESIAN_POINT('',(12.179048216895,4.745269700507,
    -8.881784197001E-16));
#3489 = DIRECTION('',(-0.,-1.224646799147E-16,-1.));
#3490 = DIRECTION('',(-1.,0.,0.));
#3491 = DEFINITIONAL_REPRESENTATION('',(#3492),#3496);
#3492 = LINE('',#3493,#3494);
#3493 = CARTESIAN_POINT('',(-0.,-0.));
#3494 = VECTOR('',#3495,1.);
#3495 = DIRECTION('',(-1.,-0.));
#3496 = ( GEOMETRIC_REPRESENTATION_CONTEXT(2) 
PARAMETRIC_REPRESENTATION_CONTEXT() REPRESENTATION_CONTEXT('2D SPACE',''
  ) );
#3497 = FACE_BOUND('',#3498,.T.);
#3498 = EDGE_LOOP('',(#3499,#3531,#3559,#3589,#3619,#3649,#3679,#3709,
    #3739,#3769,#3799,#3827,#3857,#3887,#3917,#3947,#3977,#4007));
#3499 = ORIENTED_EDGE('',*,*,#3500,.T.);
#3500 = EDGE_CURVE('',#3501,#3503,#3505,.T.);
#3501 = VERTEX_POINT('',#3502);
#3502 = CARTESIAN_POINT('',(14.04267578125,0.8955078125,0.));
#3503 = VERTEX_POINT('',#3504);
#3504 = CARTESIAN_POINT('',(14.1466796875,0.67822265625,0.));
#3505 = SURFACE_CURVE('',#3506,(#3510,#3517),.PCURVE_S1.);
#3506 = B_SPLINE_CURVE_WITH_KNOTS('',2,(#3507,#3508,#3509),
  .UNSPECIFIED.,.F.,.F.,(3,3),(0.,1.),.PIECEWISE_BEZIER_KNOTS.);
#3507 = CARTESIAN_POINT('',(14.04267578125,0.8955078125,0.));
#3508 = CARTESIAN_POINT('',(14.07734375,0.77978515625,0.));
#3509 = CARTESIAN_POINT('',(14.1466796875,0.67822265625,0.));
#3510 = PCURVE('',#126,#3511);
#3511 = DEFINITIONAL_REPRESENTATION('',(#3512),#3516);
#3512 = B_SPLINE_CURVE_WITH_KNOTS('',2,(#3513,#3514,#3515),
  .UNSPECIFIED.,.F.,.F.,(3,3),(0.,1.),.PIECEWISE_BEZIER_KNOTS.);
#3513 = CARTESIAN_POINT('',(21.84267578125,3.607824287179));
#3514 = CARTESIAN_POINT('',(21.87734375,3.723546943429));
#3515 = CARTESIAN_POINT('',(21.9466796875,3.825109443429));
#3516 = ( GEOMETRIC_REPRESENTATION_CONTEXT(2) 
PARAMETRIC_REPRESENTATION_CONTEXT() REPRESENTATION_CONTEXT('2D SPACE',''
  ) );
#3517 = PCURVE('',#3518,#3525);
#3518 = SURFACE_OF_LINEAR_EXTRUSION('',#3519,#3523);
#3519 = B_SPLINE_CURVE_WITH_KNOTS('',2,(#3520,#3521,#3522),
  .UNSPECIFIED.,.F.,.F.,(3,3),(0.,1.),.PIECEWISE_BEZIER_KNOTS.);
#3520 = CARTESIAN_POINT('',(14.04267578125,0.8955078125,0.));
#3521 = CARTESIAN_POINT('',(14.07734375,0.77978515625,0.));
#3522 = CARTESIAN_POINT('',(14.1466796875,0.67822265625,0.));
#3523 = VECTOR('',#3524,1.);
#3524 = DIRECTION('',(0.,-1.224646799147E-16,-1.));
#3525 = DEFINITIONAL_REPRESENTATION('',(#3526),#3530);
#3526 = LINE('',#3527,#3528);
#3527 = CARTESIAN_POINT('',(0.,0.));
#3528 = VECTOR('',#3529,1.);
#3529 = DIRECTION('',(1.,0.));
#3530 = ( GEOMETRIC_REPRESENTATION_CONTEXT(2) 
PARAMETRIC_REPRESENTATION_CONTEXT() REPRESENTATION_CONTEXT('2D SPACE',''
  ) );
#3531 = ORIENTED_EDGE('',*,*,#3532,.T.);
#3532 = EDGE_CURVE('',#3503,#3533,#3535,.T.);
#3533 = VERTEX_POINT('',#3534);
#3534 = CARTESIAN_POINT('',(14.3546875,0.67822265625,0.));
#3535 = SURFACE_CURVE('',#3536,(#3540,#3547),.PCURVE_S1.);
#3536 = LINE('',#3537,#3538);
#3537 = CARTESIAN_POINT('',(14.1466796875,0.67822265625,0.));
#3538 = VECTOR('',#3539,1.);
#3539 = DIRECTION('',(1.,1.110223024625E-16,-1.359631073447E-32));
#3540 = PCURVE('',#126,#3541);
#3541 = DEFINITIONAL_REPRESENTATION('',(#3542),#3546);
#3542 = LINE('',#3543,#3544);
#3543 = CARTESIAN_POINT('',(21.9466796875,3.825109443429));
#3544 = VECTOR('',#3545,1.);
#3545 = DIRECTION('',(1.,-1.110223024625E-16));
#3546 = ( GEOMETRIC_REPRESENTATION_CONTEXT(2) 
PARAMETRIC_REPRESENTATION_CONTEXT() REPRESENTATION_CONTEXT('2D SPACE',''
  ) );
#3547 = PCURVE('',#3548,#3553);
#3548 = PLANE('',#3549);
#3549 = AXIS2_PLACEMENT_3D('',#3550,#3551,#3552);
#3550 = CARTESIAN_POINT('',(14.1466796875,0.67822265625,0.));
#3551 = DIRECTION('',(-1.110223024625E-16,1.,-1.224646799147E-16));
#3552 = DIRECTION('',(1.,1.110223024625E-16,-1.359631073447E-32));
#3553 = DEFINITIONAL_REPRESENTATION('',(#3554),#3558);
#3554 = LINE('',#3555,#3556);
#3555 = CARTESIAN_POINT('',(1.848596655882E-64,1.359631073447E-32));
#3556 = VECTOR('',#3557,1.);
#3557 = DIRECTION('',(1.,0.));
#3558 = ( GEOMETRIC_REPRESENTATION_CONTEXT(2) 
PARAMETRIC_REPRESENTATION_CONTEXT() REPRESENTATION_CONTEXT('2D SPACE',''
  ) );
#3559 = ORIENTED_EDGE('',*,*,#3560,.T.);
#3560 = EDGE_CURVE('',#3533,#3561,#3563,.T.);
#3561 = VERTEX_POINT('',#3562);
#3562 = CARTESIAN_POINT('',(14.216015625,0.890625,0.));
#3563 = SURFACE_CURVE('',#3564,(#3568,#3575),.PCURVE_S1.);
#3564 = B_SPLINE_CURVE_WITH_KNOTS('',2,(#3565,#3566,#3567),
  .UNSPECIFIED.,.F.,.F.,(3,3),(0.,1.),.PIECEWISE_BEZIER_KNOTS.);
#3565 = CARTESIAN_POINT('',(14.3546875,0.67822265625,0.));
#3566 = CARTESIAN_POINT('',(14.2619140625,0.77783203125,0.));
#3567 = CARTESIAN_POINT('',(14.216015625,0.890625,0.));
#3568 = PCURVE('',#126,#3569);
#3569 = DEFINITIONAL_REPRESENTATION('',(#3570),#3574);
#3570 = B_SPLINE_CURVE_WITH_KNOTS('',2,(#3571,#3572,#3573),
  .UNSPECIFIED.,.F.,.F.,(3,3),(0.,1.),.PIECEWISE_BEZIER_KNOTS.);
#3571 = CARTESIAN_POINT('',(22.1546875,3.825109443429));
#3572 = CARTESIAN_POINT('',(22.0619140625,3.725500068429));
#3573 = CARTESIAN_POINT('',(22.016015625,3.612707099679));
#3574 = ( GEOMETRIC_REPRESENTATION_CONTEXT(2) 
PARAMETRIC_REPRESENTATION_CONTEXT() REPRESENTATION_CONTEXT('2D SPACE',''
  ) );
#3575 = PCURVE('',#3576,#3583);
#3576 = SURFACE_OF_LINEAR_EXTRUSION('',#3577,#3581);
#3577 = B_SPLINE_CURVE_WITH_KNOTS('',2,(#3578,#3579,#3580),
  .UNSPECIFIED.,.F.,.F.,(3,3),(0.,1.),.PIECEWISE_BEZIER_KNOTS.);
#3578 = CARTESIAN_POINT('',(14.3546875,0.67822265625,0.));
#3579 = CARTESIAN_POINT('',(14.2619140625,0.77783203125,0.));
#3580 = CARTESIAN_POINT('',(14.216015625,0.890625,0.));
#3581 = VECTOR('',#3582,1.);
#3582 = DIRECTION('',(0.,-1.224646799147E-16,-1.));
#3583 = DEFINITIONAL_REPRESENTATION('',(#3584),#3588);
#3584 = LINE('',#3585,#3586);
#3585 = CARTESIAN_POINT('',(0.,0.));
#3586 = VECTOR('',#3587,1.);
#3587 = DIRECTION('',(1.,0.));
#3588 = ( GEOMETRIC_REPRESENTATION_CONTEXT(2) 
PARAMETRIC_REPRESENTATION_CONTEXT() REPRESENTATION_CONTEXT('2D SPACE',''
  ) );
#3589 = ORIENTED_EDGE('',*,*,#3590,.T.);
#3590 = EDGE_CURVE('',#3561,#3591,#3593,.T.);
#3591 = VERTEX_POINT('',#3592);
#3592 = CARTESIAN_POINT('',(14.1701171875,1.13037109375,0.));
#3593 = SURFACE_CURVE('',#3594,(#3598,#3605),.PCURVE_S1.);
#3594 = B_SPLINE_CURVE_WITH_KNOTS('',2,(#3595,#3596,#3597),
  .UNSPECIFIED.,.F.,.F.,(3,3),(0.,1.),.PIECEWISE_BEZIER_KNOTS.);
#3595 = CARTESIAN_POINT('',(14.216015625,0.890625,0.));
#3596 = CARTESIAN_POINT('',(14.1701171875,1.00341796875,0.));
#3597 = CARTESIAN_POINT('',(14.1701171875,1.13037109375,0.));
#3598 = PCURVE('',#126,#3599);
#3599 = DEFINITIONAL_REPRESENTATION('',(#3600),#3604);
#3600 = B_SPLINE_CURVE_WITH_KNOTS('',2,(#3601,#3602,#3603),
  .UNSPECIFIED.,.F.,.F.,(3,3),(0.,1.),.PIECEWISE_BEZIER_KNOTS.);
#3601 = CARTESIAN_POINT('',(22.016015625,3.612707099679));
#3602 = CARTESIAN_POINT('',(21.9701171875,3.499914130929));
#3603 = CARTESIAN_POINT('',(21.9701171875,3.372961005929));
#3604 = ( GEOMETRIC_REPRESENTATION_CONTEXT(2) 
PARAMETRIC_REPRESENTATION_CONTEXT() REPRESENTATION_CONTEXT('2D SPACE',''
  ) );
#3605 = PCURVE('',#3606,#3613);
#3606 = SURFACE_OF_LINEAR_EXTRUSION('',#3607,#3611);
#3607 = B_SPLINE_CURVE_WITH_KNOTS('',2,(#3608,#3609,#3610),
  .UNSPECIFIED.,.F.,.F.,(3,3),(0.,1.),.PIECEWISE_BEZIER_KNOTS.);
#3608 = CARTESIAN_POINT('',(14.216015625,0.890625,0.));
#3609 = CARTESIAN_POINT('',(14.1701171875,1.00341796875,0.));
#3610 = CARTESIAN_POINT('',(14.1701171875,1.13037109375,0.));
#3611 = VECTOR('',#3612,1.);
#3612 = DIRECTION('',(0.,-1.224646799147E-16,-1.));
#3613 = DEFINITIONAL_REPRESENTATION('',(#3614),#3618);
#3614 = LINE('',#3615,#3616);
#3615 = CARTESIAN_POINT('',(0.,0.));
#3616 = VECTOR('',#3617,1.);
#3617 = DIRECTION('',(1.,0.));
#3618 = ( GEOMETRIC_REPRESENTATION_CONTEXT(2) 
PARAMETRIC_REPRESENTATION_CONTEXT() REPRESENTATION_CONTEXT('2D SPACE',''
  ) );
#3619 = ORIENTED_EDGE('',*,*,#3620,.T.);
#3620 = EDGE_CURVE('',#3591,#3621,#3623,.T.);
#3621 = VERTEX_POINT('',#3622);
#3622 = CARTESIAN_POINT('',(14.32294921875,1.51318359375,0.));
#3623 = SURFACE_CURVE('',#3624,(#3628,#3635),.PCURVE_S1.);
#3624 = B_SPLINE_CURVE_WITH_KNOTS('',2,(#3625,#3626,#3627),
  .UNSPECIFIED.,.F.,.F.,(3,3),(0.,1.),.PIECEWISE_BEZIER_KNOTS.);
#3625 = CARTESIAN_POINT('',(14.1701171875,1.13037109375,0.));
#3626 = CARTESIAN_POINT('',(14.1701171875,1.38037109375,0.));
#3627 = CARTESIAN_POINT('',(14.32294921875,1.51318359375,0.));
#3628 = PCURVE('',#126,#3629);
#3629 = DEFINITIONAL_REPRESENTATION('',(#3630),#3634);
#3630 = B_SPLINE_CURVE_WITH_KNOTS('',2,(#3631,#3632,#3633),
  .UNSPECIFIED.,.F.,.F.,(3,3),(0.,1.),.PIECEWISE_BEZIER_KNOTS.);
#3631 = CARTESIAN_POINT('',(21.9701171875,3.372961005929));
#3632 = CARTESIAN_POINT('',(21.9701171875,3.122961005929));
#3633 = CARTESIAN_POINT('',(22.12294921875,2.990148505929));
#3634 = ( GEOMETRIC_REPRESENTATION_CONTEXT(2) 
PARAMETRIC_REPRESENTATION_CONTEXT() REPRESENTATION_CONTEXT('2D SPACE',''
  ) );
#3635 = PCURVE('',#3636,#3643);
#3636 = SURFACE_OF_LINEAR_EXTRUSION('',#3637,#3641);
#3637 = B_SPLINE_CURVE_WITH_KNOTS('',2,(#3638,#3639,#3640),
  .UNSPECIFIED.,.F.,.F.,(3,3),(0.,1.),.PIECEWISE_BEZIER_KNOTS.);
#3638 = CARTESIAN_POINT('',(14.1701171875,1.13037109375,0.));
#3639 = CARTESIAN_POINT('',(14.1701171875,1.38037109375,0.));
#3640 = CARTESIAN_POINT('',(14.32294921875,1.51318359375,0.));
#3641 = VECTOR('',#3642,1.);
#3642 = DIRECTION('',(0.,-1.224646799147E-16,-1.));
#3643 = DEFINITIONAL_REPRESENTATION('',(#3644),#3648);
#3644 = LINE('',#3645,#3646);
#3645 = CARTESIAN_POINT('',(0.,0.));
#3646 = VECTOR('',#3647,1.);
#3647 = DIRECTION('',(1.,0.));
#3648 = ( GEOMETRIC_REPRESENTATION_CONTEXT(2) 
PARAMETRIC_REPRESENTATION_CONTEXT() REPRESENTATION_CONTEXT('2D SPACE',''
  ) );
#3649 = ORIENTED_EDGE('',*,*,#3650,.T.);
#3650 = EDGE_CURVE('',#3621,#3651,#3653,.T.);
#3651 = VERTEX_POINT('',#3652);
#3652 = CARTESIAN_POINT('',(14.76484375,1.64599609375,0.));
#3653 = SURFACE_CURVE('',#3654,(#3658,#3665),.PCURVE_S1.);
#3654 = B_SPLINE_CURVE_WITH_KNOTS('',2,(#3655,#3656,#3657),
  .UNSPECIFIED.,.F.,.F.,(3,3),(0.,1.),.PIECEWISE_BEZIER_KNOTS.);
#3655 = CARTESIAN_POINT('',(14.32294921875,1.51318359375,0.));
#3656 = CARTESIAN_POINT('',(14.47578125,1.64599609375,0.));
#3657 = CARTESIAN_POINT('',(14.76484375,1.64599609375,0.));
#3658 = PCURVE('',#126,#3659);
#3659 = DEFINITIONAL_REPRESENTATION('',(#3660),#3664);
#3660 = B_SPLINE_CURVE_WITH_KNOTS('',2,(#3661,#3662,#3663),
  .UNSPECIFIED.,.F.,.F.,(3,3),(0.,1.),.PIECEWISE_BEZIER_KNOTS.);
#3661 = CARTESIAN_POINT('',(22.12294921875,2.990148505929));
#3662 = CARTESIAN_POINT('',(22.27578125,2.857336005929));
#3663 = CARTESIAN_POINT('',(22.56484375,2.857336005929));
#3664 = ( GEOMETRIC_REPRESENTATION_CONTEXT(2) 
PARAMETRIC_REPRESENTATION_CONTEXT() REPRESENTATION_CONTEXT('2D SPACE',''
  ) );
#3665 = PCURVE('',#3666,#3673);
#3666 = SURFACE_OF_LINEAR_EXTRUSION('',#3667,#3671);
#3667 = B_SPLINE_CURVE_WITH_KNOTS('',2,(#3668,#3669,#3670),
  .UNSPECIFIED.,.F.,.F.,(3,3),(0.,1.),.PIECEWISE_BEZIER_KNOTS.);
#3668 = CARTESIAN_POINT('',(14.32294921875,1.51318359375,0.));
#3669 = CARTESIAN_POINT('',(14.47578125,1.64599609375,0.));
#3670 = CARTESIAN_POINT('',(14.76484375,1.64599609375,0.));
#3671 = VECTOR('',#3672,1.);
#3672 = DIRECTION('',(0.,-1.224646799147E-16,-1.));
#3673 = DEFINITIONAL_REPRESENTATION('',(#3674),#3678);
#3674 = LINE('',#3675,#3676);
#3675 = CARTESIAN_POINT('',(0.,0.));
#3676 = VECTOR('',#3677,1.);
#3677 = DIRECTION('',(1.,0.));
#3678 = ( GEOMETRIC_REPRESENTATION_CONTEXT(2) 
PARAMETRIC_REPRESENTATION_CONTEXT() REPRESENTATION_CONTEXT('2D SPACE',''
  ) );
#3679 = ORIENTED_EDGE('',*,*,#3680,.T.);
#3680 = EDGE_CURVE('',#3651,#3681,#3683,.T.);
#3681 = VERTEX_POINT('',#3682);
#3682 = CARTESIAN_POINT('',(15.20576171875,1.51318359375,0.));
#3683 = SURFACE_CURVE('',#3684,(#3688,#3695),.PCURVE_S1.);
#3684 = B_SPLINE_CURVE_WITH_KNOTS('',2,(#3685,#3686,#3687),
  .UNSPECIFIED.,.F.,.F.,(3,3),(0.,1.),.PIECEWISE_BEZIER_KNOTS.);
#3685 = CARTESIAN_POINT('',(14.76484375,1.64599609375,0.));
#3686 = CARTESIAN_POINT('',(15.0529296875,1.64599609375,0.));
#3687 = CARTESIAN_POINT('',(15.20576171875,1.51318359375,0.));
#3688 = PCURVE('',#126,#3689);
#3689 = DEFINITIONAL_REPRESENTATION('',(#3690),#3694);
#3690 = B_SPLINE_CURVE_WITH_KNOTS('',2,(#3691,#3692,#3693),
  .UNSPECIFIED.,.F.,.F.,(3,3),(0.,1.),.PIECEWISE_BEZIER_KNOTS.);
#3691 = CARTESIAN_POINT('',(22.56484375,2.857336005929));
#3692 = CARTESIAN_POINT('',(22.8529296875,2.857336005929));
#3693 = CARTESIAN_POINT('',(23.00576171875,2.990148505929));
#3694 = ( GEOMETRIC_REPRESENTATION_CONTEXT(2) 
PARAMETRIC_REPRESENTATION_CONTEXT() REPRESENTATION_CONTEXT('2D SPACE',''
  ) );
#3695 = PCURVE('',#3696,#3703);
#3696 = SURFACE_OF_LINEAR_EXTRUSION('',#3697,#3701);
#3697 = B_SPLINE_CURVE_WITH_KNOTS('',2,(#3698,#3699,#3700),
  .UNSPECIFIED.,.F.,.F.,(3,3),(0.,1.),.PIECEWISE_BEZIER_KNOTS.);
#3698 = CARTESIAN_POINT('',(14.76484375,1.64599609375,0.));
#3699 = CARTESIAN_POINT('',(15.0529296875,1.64599609375,0.));
#3700 = CARTESIAN_POINT('',(15.20576171875,1.51318359375,0.));
#3701 = VECTOR('',#3702,1.);
#3702 = DIRECTION('',(0.,-1.224646799147E-16,-1.));
#3703 = DEFINITIONAL_REPRESENTATION('',(#3704),#3708);
#3704 = LINE('',#3705,#3706);
#3705 = CARTESIAN_POINT('',(0.,0.));
#3706 = VECTOR('',#3707,1.);
#3707 = DIRECTION('',(1.,0.));
#3708 = ( GEOMETRIC_REPRESENTATION_CONTEXT(2) 
PARAMETRIC_REPRESENTATION_CONTEXT() REPRESENTATION_CONTEXT('2D SPACE',''
  ) );
#3709 = ORIENTED_EDGE('',*,*,#3710,.T.);
#3710 = EDGE_CURVE('',#3681,#3711,#3713,.T.);
#3711 = VERTEX_POINT('',#3712);
#3712 = CARTESIAN_POINT('',(15.35859375,1.13037109375,0.));
#3713 = SURFACE_CURVE('',#3714,(#3718,#3725),.PCURVE_S1.);
#3714 = B_SPLINE_CURVE_WITH_KNOTS('',2,(#3715,#3716,#3717),
  .UNSPECIFIED.,.F.,.F.,(3,3),(0.,1.),.PIECEWISE_BEZIER_KNOTS.);
#3715 = CARTESIAN_POINT('',(15.20576171875,1.51318359375,0.));
#3716 = CARTESIAN_POINT('',(15.35859375,1.38037109375,0.));
#3717 = CARTESIAN_POINT('',(15.35859375,1.13037109375,0.));
#3718 = PCURVE('',#126,#3719);
#3719 = DEFINITIONAL_REPRESENTATION('',(#3720),#3724);
#3720 = B_SPLINE_CURVE_WITH_KNOTS('',2,(#3721,#3722,#3723),
  .UNSPECIFIED.,.F.,.F.,(3,3),(0.,1.),.PIECEWISE_BEZIER_KNOTS.);
#3721 = CARTESIAN_POINT('',(23.00576171875,2.990148505929));
#3722 = CARTESIAN_POINT('',(23.15859375,3.122961005929));
#3723 = CARTESIAN_POINT('',(23.15859375,3.372961005929));
#3724 = ( GEOMETRIC_REPRESENTATION_CONTEXT(2) 
PARAMETRIC_REPRESENTATION_CONTEXT() REPRESENTATION_CONTEXT('2D SPACE',''
  ) );
#3725 = PCURVE('',#3726,#3733);
#3726 = SURFACE_OF_LINEAR_EXTRUSION('',#3727,#3731);
#3727 = B_SPLINE_CURVE_WITH_KNOTS('',2,(#3728,#3729,#3730),
  .UNSPECIFIED.,.F.,.F.,(3,3),(0.,1.),.PIECEWISE_BEZIER_KNOTS.);
#3728 = CARTESIAN_POINT('',(15.20576171875,1.51318359375,0.));
#3729 = CARTESIAN_POINT('',(15.35859375,1.38037109375,0.));
#3730 = CARTESIAN_POINT('',(15.35859375,1.13037109375,0.));
#3731 = VECTOR('',#3732,1.);
#3732 = DIRECTION('',(0.,-1.224646799147E-16,-1.));
#3733 = DEFINITIONAL_REPRESENTATION('',(#3734),#3738);
#3734 = LINE('',#3735,#3736);
#3735 = CARTESIAN_POINT('',(0.,0.));
#3736 = VECTOR('',#3737,1.);
#3737 = DIRECTION('',(1.,0.));
#3738 = ( GEOMETRIC_REPRESENTATION_CONTEXT(2) 
PARAMETRIC_REPRESENTATION_CONTEXT() REPRESENTATION_CONTEXT('2D SPACE',''
  ) );
#3739 = ORIENTED_EDGE('',*,*,#3740,.T.);
#3740 = EDGE_CURVE('',#3711,#3741,#3743,.T.);
#3741 = VERTEX_POINT('',#3742);
#3742 = CARTESIAN_POINT('',(15.3126953125,0.890625,0.));
#3743 = SURFACE_CURVE('',#3744,(#3748,#3755),.PCURVE_S1.);
#3744 = B_SPLINE_CURVE_WITH_KNOTS('',2,(#3745,#3746,#3747),
  .UNSPECIFIED.,.F.,.F.,(3,3),(0.,1.),.PIECEWISE_BEZIER_KNOTS.);
#3745 = CARTESIAN_POINT('',(15.35859375,1.13037109375,0.));
#3746 = CARTESIAN_POINT('',(15.35859375,1.00341796875,0.));
#3747 = CARTESIAN_POINT('',(15.3126953125,0.890625,0.));
#3748 = PCURVE('',#126,#3749);
#3749 = DEFINITIONAL_REPRESENTATION('',(#3750),#3754);
#3750 = B_SPLINE_CURVE_WITH_KNOTS('',2,(#3751,#3752,#3753),
  .UNSPECIFIED.,.F.,.F.,(3,3),(0.,1.),.PIECEWISE_BEZIER_KNOTS.);
#3751 = CARTESIAN_POINT('',(23.15859375,3.372961005929));
#3752 = CARTESIAN_POINT('',(23.15859375,3.499914130929));
#3753 = CARTESIAN_POINT('',(23.1126953125,3.612707099679));
#3754 = ( GEOMETRIC_REPRESENTATION_CONTEXT(2) 
PARAMETRIC_REPRESENTATION_CONTEXT() REPRESENTATION_CONTEXT('2D SPACE',''
  ) );
#3755 = PCURVE('',#3756,#3763);
#3756 = SURFACE_OF_LINEAR_EXTRUSION('',#3757,#3761);
#3757 = B_SPLINE_CURVE_WITH_KNOTS('',2,(#3758,#3759,#3760),
  .UNSPECIFIED.,.F.,.F.,(3,3),(0.,1.),.PIECEWISE_BEZIER_KNOTS.);
#3758 = CARTESIAN_POINT('',(15.35859375,1.13037109375,0.));
#3759 = CARTESIAN_POINT('',(15.35859375,1.00341796875,0.));
#3760 = CARTESIAN_POINT('',(15.3126953125,0.890625,0.));
#3761 = VECTOR('',#3762,1.);
#3762 = DIRECTION('',(0.,-1.224646799147E-16,-1.));
#3763 = DEFINITIONAL_REPRESENTATION('',(#3764),#3768);
#3764 = LINE('',#3765,#3766);
#3765 = CARTESIAN_POINT('',(0.,0.));
#3766 = VECTOR('',#3767,1.);
#3767 = DIRECTION('',(1.,0.));
#3768 = ( GEOMETRIC_REPRESENTATION_CONTEXT(2) 
PARAMETRIC_REPRESENTATION_CONTEXT() REPRESENTATION_CONTEXT('2D SPACE',''
  ) );
#3769 = ORIENTED_EDGE('',*,*,#3770,.T.);
#3770 = EDGE_CURVE('',#3741,#3771,#3773,.T.);
#3771 = VERTEX_POINT('',#3772);
#3772 = CARTESIAN_POINT('',(15.1740234375,0.67822265625,0.));
#3773 = SURFACE_CURVE('',#3774,(#3778,#3785),.PCURVE_S1.);
#3774 = B_SPLINE_CURVE_WITH_KNOTS('',2,(#3775,#3776,#3777),
  .UNSPECIFIED.,.F.,.F.,(3,3),(0.,1.),.PIECEWISE_BEZIER_KNOTS.);
#3775 = CARTESIAN_POINT('',(15.3126953125,0.890625,0.));
#3776 = CARTESIAN_POINT('',(15.266796875,0.77783203125,0.));
#3777 = CARTESIAN_POINT('',(15.1740234375,0.67822265625,0.));
#3778 = PCURVE('',#126,#3779);
#3779 = DEFINITIONAL_REPRESENTATION('',(#3780),#3784);
#3780 = B_SPLINE_CURVE_WITH_KNOTS('',2,(#3781,#3782,#3783),
  .UNSPECIFIED.,.F.,.F.,(3,3),(0.,1.),.PIECEWISE_BEZIER_KNOTS.);
#3781 = CARTESIAN_POINT('',(23.1126953125,3.612707099679));
#3782 = CARTESIAN_POINT('',(23.066796875,3.725500068429));
#3783 = CARTESIAN_POINT('',(22.9740234375,3.825109443429));
#3784 = ( GEOMETRIC_REPRESENTATION_CONTEXT(2) 
PARAMETRIC_REPRESENTATION_CONTEXT() REPRESENTATION_CONTEXT('2D SPACE',''
  ) );
#3785 = PCURVE('',#3786,#3793);
#3786 = SURFACE_OF_LINEAR_EXTRUSION('',#3787,#3791);
#3787 = B_SPLINE_CURVE_WITH_KNOTS('',2,(#3788,#3789,#3790),
  .UNSPECIFIED.,.F.,.F.,(3,3),(0.,1.),.PIECEWISE_BEZIER_KNOTS.);
#3788 = CARTESIAN_POINT('',(15.3126953125,0.890625,0.));
#3789 = CARTESIAN_POINT('',(15.266796875,0.77783203125,0.));
#3790 = CARTESIAN_POINT('',(15.1740234375,0.67822265625,0.));
#3791 = VECTOR('',#3792,1.);
#3792 = DIRECTION('',(0.,-1.224646799147E-16,-1.));
#3793 = DEFINITIONAL_REPRESENTATION('',(#3794),#3798);
#3794 = LINE('',#3795,#3796);
#3795 = CARTESIAN_POINT('',(0.,0.));
#3796 = VECTOR('',#3797,1.);
#3797 = DIRECTION('',(1.,0.));
#3798 = ( GEOMETRIC_REPRESENTATION_CONTEXT(2) 
PARAMETRIC_REPRESENTATION_CONTEXT() REPRESENTATION_CONTEXT('2D SPACE',''
  ) );
#3799 = ORIENTED_EDGE('',*,*,#3800,.T.);
#3800 = EDGE_CURVE('',#3771,#3801,#3803,.T.);
#3801 = VERTEX_POINT('',#3802);
#3802 = CARTESIAN_POINT('',(15.380078125,0.67822265625,0.));
#3803 = SURFACE_CURVE('',#3804,(#3808,#3815),.PCURVE_S1.);
#3804 = LINE('',#3805,#3806);
#3805 = CARTESIAN_POINT('',(15.1740234375,0.67822265625,0.));
#3806 = VECTOR('',#3807,1.);
#3807 = DIRECTION('',(1.,1.110223024625E-16,-1.359631073447E-32));
#3808 = PCURVE('',#126,#3809);
#3809 = DEFINITIONAL_REPRESENTATION('',(#3810),#3814);
#3810 = LINE('',#3811,#3812);
#3811 = CARTESIAN_POINT('',(22.9740234375,3.825109443429));
#3812 = VECTOR('',#3813,1.);
#3813 = DIRECTION('',(1.,-1.110223024625E-16));
#3814 = ( GEOMETRIC_REPRESENTATION_CONTEXT(2) 
PARAMETRIC_REPRESENTATION_CONTEXT() REPRESENTATION_CONTEXT('2D SPACE',''
  ) );
#3815 = PCURVE('',#3816,#3821);
#3816 = PLANE('',#3817);
#3817 = AXIS2_PLACEMENT_3D('',#3818,#3819,#3820);
#3818 = CARTESIAN_POINT('',(15.1740234375,0.67822265625,0.));
#3819 = DIRECTION('',(-1.110223024625E-16,1.,-1.224646799147E-16));
#3820 = DIRECTION('',(1.,1.110223024625E-16,-1.359631073447E-32));
#3821 = DEFINITIONAL_REPRESENTATION('',(#3822),#3826);
#3822 = LINE('',#3823,#3824);
#3823 = CARTESIAN_POINT('',(0.,0.));
#3824 = VECTOR('',#3825,1.);
#3825 = DIRECTION('',(1.,0.));
#3826 = ( GEOMETRIC_REPRESENTATION_CONTEXT(2) 
PARAMETRIC_REPRESENTATION_CONTEXT() REPRESENTATION_CONTEXT('2D SPACE',''
  ) );
#3827 = ORIENTED_EDGE('',*,*,#3828,.T.);
#3828 = EDGE_CURVE('',#3801,#3829,#3831,.T.);
#3829 = VERTEX_POINT('',#3830);
#3830 = CARTESIAN_POINT('',(15.485546875,0.8974609375,0.));
#3831 = SURFACE_CURVE('',#3832,(#3836,#3843),.PCURVE_S1.);
#3832 = B_SPLINE_CURVE_WITH_KNOTS('',2,(#3833,#3834,#3835),
  .UNSPECIFIED.,.F.,.F.,(3,3),(0.,1.),.PIECEWISE_BEZIER_KNOTS.);
#3833 = CARTESIAN_POINT('',(15.380078125,0.67822265625,0.));
#3834 = CARTESIAN_POINT('',(15.450390625,0.78173828125,0.));
#3835 = CARTESIAN_POINT('',(15.485546875,0.8974609375,0.));
#3836 = PCURVE('',#126,#3837);
#3837 = DEFINITIONAL_REPRESENTATION('',(#3838),#3842);
#3838 = B_SPLINE_CURVE_WITH_KNOTS('',2,(#3839,#3840,#3841),
  .UNSPECIFIED.,.F.,.F.,(3,3),(0.,1.),.PIECEWISE_BEZIER_KNOTS.);
#3839 = CARTESIAN_POINT('',(23.180078125,3.825109443429));
#3840 = CARTESIAN_POINT('',(23.250390625,3.721593818429));
#3841 = CARTESIAN_POINT('',(23.285546875,3.605871162179));
#3842 = ( GEOMETRIC_REPRESENTATION_CONTEXT(2) 
PARAMETRIC_REPRESENTATION_CONTEXT() REPRESENTATION_CONTEXT('2D SPACE',''
  ) );
#3843 = PCURVE('',#3844,#3851);
#3844 = SURFACE_OF_LINEAR_EXTRUSION('',#3845,#3849);
#3845 = B_SPLINE_CURVE_WITH_KNOTS('',2,(#3846,#3847,#3848),
  .UNSPECIFIED.,.F.,.F.,(3,3),(0.,1.),.PIECEWISE_BEZIER_KNOTS.);
#3846 = CARTESIAN_POINT('',(15.380078125,0.67822265625,0.));
#3847 = CARTESIAN_POINT('',(15.450390625,0.78173828125,0.));
#3848 = CARTESIAN_POINT('',(15.485546875,0.8974609375,0.));
#3849 = VECTOR('',#3850,1.);
#3850 = DIRECTION('',(0.,-1.224646799147E-16,-1.));
#3851 = DEFINITIONAL_REPRESENTATION('',(#3852),#3856);
#3852 = LINE('',#3853,#3854);
#3853 = CARTESIAN_POINT('',(0.,0.));
#3854 = VECTOR('',#3855,1.);
#3855 = DIRECTION('',(1.,0.));
#3856 = ( GEOMETRIC_REPRESENTATION_CONTEXT(2) 
PARAMETRIC_REPRESENTATION_CONTEXT() REPRESENTATION_CONTEXT('2D SPACE',''
  ) );
#3857 = ORIENTED_EDGE('',*,*,#3858,.T.);
#3858 = EDGE_CURVE('',#3829,#3859,#3861,.T.);
#3859 = VERTEX_POINT('',#3860);
#3860 = CARTESIAN_POINT('',(15.520703125,1.14208984375,0.));
#3861 = SURFACE_CURVE('',#3862,(#3866,#3873),.PCURVE_S1.);
#3862 = B_SPLINE_CURVE_WITH_KNOTS('',2,(#3863,#3864,#3865),
  .UNSPECIFIED.,.F.,.F.,(3,3),(0.,1.),.PIECEWISE_BEZIER_KNOTS.);
#3863 = CARTESIAN_POINT('',(15.485546875,0.8974609375,0.));
#3864 = CARTESIAN_POINT('',(15.520703125,1.01318359375,0.));
#3865 = CARTESIAN_POINT('',(15.520703125,1.14208984375,0.));
#3866 = PCURVE('',#126,#3867);
#3867 = DEFINITIONAL_REPRESENTATION('',(#3868),#3872);
#3868 = B_SPLINE_CURVE_WITH_KNOTS('',2,(#3869,#3870,#3871),
  .UNSPECIFIED.,.F.,.F.,(3,3),(0.,1.),.PIECEWISE_BEZIER_KNOTS.);
#3869 = CARTESIAN_POINT('',(23.285546875,3.605871162179));
#3870 = CARTESIAN_POINT('',(23.320703125,3.490148505929));
#3871 = CARTESIAN_POINT('',(23.320703125,3.361242255929));
#3872 = ( GEOMETRIC_REPRESENTATION_CONTEXT(2) 
PARAMETRIC_REPRESENTATION_CONTEXT() REPRESENTATION_CONTEXT('2D SPACE',''
  ) );
#3873 = PCURVE('',#3874,#3881);
#3874 = SURFACE_OF_LINEAR_EXTRUSION('',#3875,#3879);
#3875 = B_SPLINE_CURVE_WITH_KNOTS('',2,(#3876,#3877,#3878),
  .UNSPECIFIED.,.F.,.F.,(3,3),(0.,1.),.PIECEWISE_BEZIER_KNOTS.);
#3876 = CARTESIAN_POINT('',(15.485546875,0.8974609375,0.));
#3877 = CARTESIAN_POINT('',(15.520703125,1.01318359375,0.));
#3878 = CARTESIAN_POINT('',(15.520703125,1.14208984375,0.));
#3879 = VECTOR('',#3880,1.);
#3880 = DIRECTION('',(0.,-1.224646799147E-16,-1.));
#3881 = DEFINITIONAL_REPRESENTATION('',(#3882),#3886);
#3882 = LINE('',#3883,#3884);
#3883 = CARTESIAN_POINT('',(0.,0.));
#3884 = VECTOR('',#3885,1.);
#3885 = DIRECTION('',(1.,0.));
#3886 = ( GEOMETRIC_REPRESENTATION_CONTEXT(2) 
PARAMETRIC_REPRESENTATION_CONTEXT() REPRESENTATION_CONTEXT('2D SPACE',''
  ) );
#3887 = ORIENTED_EDGE('',*,*,#3888,.T.);
#3888 = EDGE_CURVE('',#3859,#3889,#3891,.T.);
#3889 = VERTEX_POINT('',#3890);
#3890 = CARTESIAN_POINT('',(15.31806640625,1.66357421875,0.));
#3891 = SURFACE_CURVE('',#3892,(#3896,#3903),.PCURVE_S1.);
#3892 = B_SPLINE_CURVE_WITH_KNOTS('',2,(#3893,#3894,#3895),
  .UNSPECIFIED.,.F.,.F.,(3,3),(0.,1.),.PIECEWISE_BEZIER_KNOTS.);
#3893 = CARTESIAN_POINT('',(15.520703125,1.14208984375,0.));
#3894 = CARTESIAN_POINT('',(15.520703125,1.47314453125,0.));
#3895 = CARTESIAN_POINT('',(15.31806640625,1.66357421875,0.));
#3896 = PCURVE('',#126,#3897);
#3897 = DEFINITIONAL_REPRESENTATION('',(#3898),#3902);
#3898 = B_SPLINE_CURVE_WITH_KNOTS('',2,(#3899,#3900,#3901),
  .UNSPECIFIED.,.F.,.F.,(3,3),(0.,1.),.PIECEWISE_BEZIER_KNOTS.);
#3899 = CARTESIAN_POINT('',(23.320703125,3.361242255929));
#3900 = CARTESIAN_POINT('',(23.320703125,3.030187568429));
#3901 = CARTESIAN_POINT('',(23.11806640625,2.839757880929));
#3902 = ( GEOMETRIC_REPRESENTATION_CONTEXT(2) 
PARAMETRIC_REPRESENTATION_CONTEXT() REPRESENTATION_CONTEXT('2D SPACE',''
  ) );
#3903 = PCURVE('',#3904,#3911);
#3904 = SURFACE_OF_LINEAR_EXTRUSION('',#3905,#3909);
#3905 = B_SPLINE_CURVE_WITH_KNOTS('',2,(#3906,#3907,#3908),
  .UNSPECIFIED.,.F.,.F.,(3,3),(0.,1.),.PIECEWISE_BEZIER_KNOTS.);
#3906 = CARTESIAN_POINT('',(15.520703125,1.14208984375,0.));
#3907 = CARTESIAN_POINT('',(15.520703125,1.47314453125,0.));
#3908 = CARTESIAN_POINT('',(15.31806640625,1.66357421875,0.));
#3909 = VECTOR('',#3910,1.);
#3910 = DIRECTION('',(0.,-1.224646799147E-16,-1.));
#3911 = DEFINITIONAL_REPRESENTATION('',(#3912),#3916);
#3912 = LINE('',#3913,#3914);
#3913 = CARTESIAN_POINT('',(0.,0.));
#3914 = VECTOR('',#3915,1.);
#3915 = DIRECTION('',(1.,0.));
#3916 = ( GEOMETRIC_REPRESENTATION_CONTEXT(2) 
PARAMETRIC_REPRESENTATION_CONTEXT() REPRESENTATION_CONTEXT('2D SPACE',''
  ) );
#3917 = ORIENTED_EDGE('',*,*,#3918,.T.);
#3918 = EDGE_CURVE('',#3889,#3919,#3921,.T.);
#3919 = VERTEX_POINT('',#3920);
#3920 = CARTESIAN_POINT('',(14.76484375,1.85400390625,0.));
#3921 = SURFACE_CURVE('',#3922,(#3926,#3933),.PCURVE_S1.);
#3922 = B_SPLINE_CURVE_WITH_KNOTS('',2,(#3923,#3924,#3925),
  .UNSPECIFIED.,.F.,.F.,(3,3),(0.,1.),.PIECEWISE_BEZIER_KNOTS.);
#3923 = CARTESIAN_POINT('',(15.31806640625,1.66357421875,0.));
#3924 = CARTESIAN_POINT('',(15.1154296875,1.85400390625,0.));
#3925 = CARTESIAN_POINT('',(14.76484375,1.85400390625,0.));
#3926 = PCURVE('',#126,#3927);
#3927 = DEFINITIONAL_REPRESENTATION('',(#3928),#3932);
#3928 = B_SPLINE_CURVE_WITH_KNOTS('',2,(#3929,#3930,#3931),
  .UNSPECIFIED.,.F.,.F.,(3,3),(0.,1.),.PIECEWISE_BEZIER_KNOTS.);
#3929 = CARTESIAN_POINT('',(23.11806640625,2.839757880929));
#3930 = CARTESIAN_POINT('',(22.9154296875,2.649328193429));
#3931 = CARTESIAN_POINT('',(22.56484375,2.649328193429));
#3932 = ( GEOMETRIC_REPRESENTATION_CONTEXT(2) 
PARAMETRIC_REPRESENTATION_CONTEXT() REPRESENTATION_CONTEXT('2D SPACE',''
  ) );
#3933 = PCURVE('',#3934,#3941);
#3934 = SURFACE_OF_LINEAR_EXTRUSION('',#3935,#3939);
#3935 = B_SPLINE_CURVE_WITH_KNOTS('',2,(#3936,#3937,#3938),
  .UNSPECIFIED.,.F.,.F.,(3,3),(0.,1.),.PIECEWISE_BEZIER_KNOTS.);
#3936 = CARTESIAN_POINT('',(15.31806640625,1.66357421875,0.));
#3937 = CARTESIAN_POINT('',(15.1154296875,1.85400390625,0.));
#3938 = CARTESIAN_POINT('',(14.76484375,1.85400390625,0.));
#3939 = VECTOR('',#3940,1.);
#3940 = DIRECTION('',(0.,-1.224646799147E-16,-1.));
#3941 = DEFINITIONAL_REPRESENTATION('',(#3942),#3946);
#3942 = LINE('',#3943,#3944);
#3943 = CARTESIAN_POINT('',(0.,0.));
#3944 = VECTOR('',#3945,1.);
#3945 = DIRECTION('',(1.,0.));
#3946 = ( GEOMETRIC_REPRESENTATION_CONTEXT(2) 
PARAMETRIC_REPRESENTATION_CONTEXT() REPRESENTATION_CONTEXT('2D SPACE',''
  ) );
#3947 = ORIENTED_EDGE('',*,*,#3948,.T.);
#3948 = EDGE_CURVE('',#3919,#3949,#3951,.T.);
#3949 = VERTEX_POINT('',#3950);
#3950 = CARTESIAN_POINT('',(14.21064453125,1.66357421875,0.));
#3951 = SURFACE_CURVE('',#3952,(#3956,#3963),.PCURVE_S1.);
#3952 = B_SPLINE_CURVE_WITH_KNOTS('',2,(#3953,#3954,#3955),
  .UNSPECIFIED.,.F.,.F.,(3,3),(0.,1.),.PIECEWISE_BEZIER_KNOTS.);
#3953 = CARTESIAN_POINT('',(14.76484375,1.85400390625,0.));
#3954 = CARTESIAN_POINT('',(14.41328125,1.85400390625,0.));
#3955 = CARTESIAN_POINT('',(14.21064453125,1.66357421875,0.));
#3956 = PCURVE('',#126,#3957);
#3957 = DEFINITIONAL_REPRESENTATION('',(#3958),#3962);
#3958 = B_SPLINE_CURVE_WITH_KNOTS('',2,(#3959,#3960,#3961),
  .UNSPECIFIED.,.F.,.F.,(3,3),(0.,1.),.PIECEWISE_BEZIER_KNOTS.);
#3959 = CARTESIAN_POINT('',(22.56484375,2.649328193429));
#3960 = CARTESIAN_POINT('',(22.21328125,2.649328193429));
#3961 = CARTESIAN_POINT('',(22.01064453125,2.839757880929));
#3962 = ( GEOMETRIC_REPRESENTATION_CONTEXT(2) 
PARAMETRIC_REPRESENTATION_CONTEXT() REPRESENTATION_CONTEXT('2D SPACE',''
  ) );
#3963 = PCURVE('',#3964,#3971);
#3964 = SURFACE_OF_LINEAR_EXTRUSION('',#3965,#3969);
#3965 = B_SPLINE_CURVE_WITH_KNOTS('',2,(#3966,#3967,#3968),
  .UNSPECIFIED.,.F.,.F.,(3,3),(0.,1.),.PIECEWISE_BEZIER_KNOTS.);
#3966 = CARTESIAN_POINT('',(14.76484375,1.85400390625,0.));
#3967 = CARTESIAN_POINT('',(14.41328125,1.85400390625,0.));
#3968 = CARTESIAN_POINT('',(14.21064453125,1.66357421875,0.));
#3969 = VECTOR('',#3970,1.);
#3970 = DIRECTION('',(0.,-1.224646799147E-16,-1.));
#3971 = DEFINITIONAL_REPRESENTATION('',(#3972),#3976);
#3972 = LINE('',#3973,#3974);
#3973 = CARTESIAN_POINT('',(0.,0.));
#3974 = VECTOR('',#3975,1.);
#3975 = DIRECTION('',(1.,0.));
#3976 = ( GEOMETRIC_REPRESENTATION_CONTEXT(2) 
PARAMETRIC_REPRESENTATION_CONTEXT() REPRESENTATION_CONTEXT('2D SPACE',''
  ) );
#3977 = ORIENTED_EDGE('',*,*,#3978,.T.);
#3978 = EDGE_CURVE('',#3949,#3979,#3981,.T.);
#3979 = VERTEX_POINT('',#3980);
#3980 = CARTESIAN_POINT('',(14.0080078125,1.14208984375,0.));
#3981 = SURFACE_CURVE('',#3982,(#3986,#3993),.PCURVE_S1.);
#3982 = B_SPLINE_CURVE_WITH_KNOTS('',2,(#3983,#3984,#3985),
  .UNSPECIFIED.,.F.,.F.,(3,3),(0.,1.),.PIECEWISE_BEZIER_KNOTS.);
#3983 = CARTESIAN_POINT('',(14.21064453125,1.66357421875,0.));
#3984 = CARTESIAN_POINT('',(14.0080078125,1.47314453125,0.));
#3985 = CARTESIAN_POINT('',(14.0080078125,1.14208984375,0.));
#3986 = PCURVE('',#126,#3987);
#3987 = DEFINITIONAL_REPRESENTATION('',(#3988),#3992);
#3988 = B_SPLINE_CURVE_WITH_KNOTS('',2,(#3989,#3990,#3991),
  .UNSPECIFIED.,.F.,.F.,(3,3),(0.,1.),.PIECEWISE_BEZIER_KNOTS.);
#3989 = CARTESIAN_POINT('',(22.01064453125,2.839757880929));
#3990 = CARTESIAN_POINT('',(21.8080078125,3.030187568429));
#3991 = CARTESIAN_POINT('',(21.8080078125,3.361242255929));
#3992 = ( GEOMETRIC_REPRESENTATION_CONTEXT(2) 
PARAMETRIC_REPRESENTATION_CONTEXT() REPRESENTATION_CONTEXT('2D SPACE',''
  ) );
#3993 = PCURVE('',#3994,#4001);
#3994 = SURFACE_OF_LINEAR_EXTRUSION('',#3995,#3999);
#3995 = B_SPLINE_CURVE_WITH_KNOTS('',2,(#3996,#3997,#3998),
  .UNSPECIFIED.,.F.,.F.,(3,3),(0.,1.),.PIECEWISE_BEZIER_KNOTS.);
#3996 = CARTESIAN_POINT('',(14.21064453125,1.66357421875,0.));
#3997 = CARTESIAN_POINT('',(14.0080078125,1.47314453125,0.));
#3998 = CARTESIAN_POINT('',(14.0080078125,1.14208984375,0.));
#3999 = VECTOR('',#4000,1.);
#4000 = DIRECTION('',(0.,-1.224646799147E-16,-1.));
#4001 = DEFINITIONAL_REPRESENTATION('',(#4002),#4006);
#4002 = LINE('',#4003,#4004);
#4003 = CARTESIAN_POINT('',(0.,0.));
#4004 = VECTOR('',#4005,1.);
#4005 = DIRECTION('',(1.,0.));
#4006 = ( GEOMETRIC_REPRESENTATION_CONTEXT(2) 
PARAMETRIC_REPRESENTATION_CONTEXT() REPRESENTATION_CONTEXT('2D SPACE',''
  ) );
#4007 = ORIENTED_EDGE('',*,*,#4008,.T.);
#4008 = EDGE_CURVE('',#3979,#3501,#4009,.T.);
#4009 = SURFACE_CURVE('',#4010,(#4014,#4021),.PCURVE_S1.);
#4010 = B_SPLINE_CURVE_WITH_KNOTS('',2,(#4011,#4012,#4013),
  .UNSPECIFIED.,.F.,.F.,(3,3),(0.,1.),.PIECEWISE_BEZIER_KNOTS.);
#4011 = CARTESIAN_POINT('',(14.0080078125,1.14208984375,0.));
#4012 = CARTESIAN_POINT('',(14.0080078125,1.01123046875,0.));
#4013 = CARTESIAN_POINT('',(14.04267578125,0.8955078125,0.));
#4014 = PCURVE('',#126,#4015);
#4015 = DEFINITIONAL_REPRESENTATION('',(#4016),#4020);
#4016 = B_SPLINE_CURVE_WITH_KNOTS('',2,(#4017,#4018,#4019),
  .UNSPECIFIED.,.F.,.F.,(3,3),(0.,1.),.PIECEWISE_BEZIER_KNOTS.);
#4017 = CARTESIAN_POINT('',(21.8080078125,3.361242255929));
#4018 = CARTESIAN_POINT('',(21.8080078125,3.492101630929));
#4019 = CARTESIAN_POINT('',(21.84267578125,3.607824287179));
#4020 = ( GEOMETRIC_REPRESENTATION_CONTEXT(2) 
PARAMETRIC_REPRESENTATION_CONTEXT() REPRESENTATION_CONTEXT('2D SPACE',''
  ) );
#4021 = PCURVE('',#4022,#4029);
#4022 = SURFACE_OF_LINEAR_EXTRUSION('',#4023,#4027);
#4023 = B_SPLINE_CURVE_WITH_KNOTS('',2,(#4024,#4025,#4026),
  .UNSPECIFIED.,.F.,.F.,(3,3),(0.,1.),.PIECEWISE_BEZIER_KNOTS.);
#4024 = CARTESIAN_POINT('',(14.0080078125,1.14208984375,0.));
#4025 = CARTESIAN_POINT('',(14.0080078125,1.01123046875,0.));
#4026 = CARTESIAN_POINT('',(14.04267578125,0.8955078125,0.));
#4027 = VECTOR('',#4028,1.);
#4028 = DIRECTION('',(0.,-1.224646799147E-16,-1.));
#4029 = DEFINITIONAL_REPRESENTATION('',(#4030),#4034);
#4030 = LINE('',#4031,#4032);
#4031 = CARTESIAN_POINT('',(0.,0.));
#4032 = VECTOR('',#4033,1.);
#4033 = DIRECTION('',(1.,0.));
#4034 = ( GEOMETRIC_REPRESENTATION_CONTEXT(2) 
PARAMETRIC_REPRESENTATION_CONTEXT() REPRESENTATION_CONTEXT('2D SPACE',''
  ) );
#4035 = FACE_BOUND('',#4036,.T.);
#4036 = EDGE_LOOP('',(#4037));
#4037 = ORIENTED_EDGE('',*,*,#4038,.T.);
#4038 = EDGE_CURVE('',#4039,#4039,#4041,.T.);
#4039 = VERTEX_POINT('',#4040);
#4040 = CARTESIAN_POINT('',(-13.42904821689,-4.745269700507,
    8.881784197001E-16));
#4041 = SURFACE_CURVE('',#4042,(#4047,#4058),.PCURVE_S1.);
#4042 = CIRCLE('',#4043,1.25);
#4043 = AXIS2_PLACEMENT_3D('',#4044,#4045,#4046);
#4044 = CARTESIAN_POINT('',(-12.17904821689,-4.745269700507,
    8.881784197001E-16));
#4045 = DIRECTION('',(0.,1.224646799147E-16,1.));
#4046 = DIRECTION('',(-1.,0.,0.));
#4047 = PCURVE('',#126,#4048);
#4048 = DEFINITIONAL_REPRESENTATION('',(#4049),#4057);
#4049 = ( BOUNDED_CURVE() B_SPLINE_CURVE(2,(#4050,#4051,#4052,#4053,
#4054,#4055,#4056),.UNSPECIFIED.,.T.,.F.) B_SPLINE_CURVE_WITH_KNOTS((1,2
    ,2,2,2,1),(-2.094395102393,0.,2.094395102393,4.188790204786,
6.28318530718,8.377580409573),.UNSPECIFIED.) CURVE() 
GEOMETRIC_REPRESENTATION_ITEM() RATIONAL_B_SPLINE_CURVE((1.,0.5,1.,0.5,
1.,0.5,1.)) REPRESENTATION_ITEM('') );
#4050 = CARTESIAN_POINT('',(-5.629048216895,9.248601800186));
#4051 = CARTESIAN_POINT('',(-5.629048216895,11.413665309647));
#4052 = CARTESIAN_POINT('',(-3.754048216895,10.331133554916));
#4053 = CARTESIAN_POINT('',(-1.879048216895,9.248601800186));
#4054 = CARTESIAN_POINT('',(-3.754048216895,8.166070045455));
#4055 = CARTESIAN_POINT('',(-5.629048216895,7.083538290725));
#4056 = CARTESIAN_POINT('',(-5.629048216895,9.248601800186));
#4057 = ( GEOMETRIC_REPRESENTATION_CONTEXT(2) 
PARAMETRIC_REPRESENTATION_CONTEXT() REPRESENTATION_CONTEXT('2D SPACE',''
  ) );
#4058 = PCURVE('',#4059,#4064);
#4059 = CONICAL_SURFACE('',#4060,1.25,7.485984771077E-02);
#4060 = AXIS2_PLACEMENT_3D('',#4061,#4062,#4063);
#4061 = CARTESIAN_POINT('',(-12.17904821689,-4.745269700507,
    8.881784197001E-16));
#4062 = DIRECTION('',(-0.,-1.224646799147E-16,-1.));
#4063 = DIRECTION('',(-1.,0.,0.));
#4064 = DEFINITIONAL_REPRESENTATION('',(#4065),#4069);
#4065 = LINE('',#4066,#4067);
#4066 = CARTESIAN_POINT('',(-0.,-0.));
#4067 = VECTOR('',#4068,1.);
#4068 = DIRECTION('',(-1.,-0.));
#4069 = ( GEOMETRIC_REPRESENTATION_CONTEXT(2) 
PARAMETRIC_REPRESENTATION_CONTEXT() REPRESENTATION_CONTEXT('2D SPACE',''
  ) );
#4070 = FACE_BOUND('',#4071,.T.);
#4071 = EDGE_LOOP('',(#4072));
#4072 = ORIENTED_EDGE('',*,*,#4073,.T.);
#4073 = EDGE_CURVE('',#4074,#4074,#4076,.T.);
#4074 = VERTEX_POINT('',#4075);
#4075 = CARTESIAN_POINT('',(-10.87093932557,-8.476044271575,
    8.881784197001E-16));
#4076 = SURFACE_CURVE('',#4077,(#4082,#4093),.PCURVE_S1.);
#4077 = CIRCLE('',#4078,1.25);
#4078 = AXIS2_PLACEMENT_3D('',#4079,#4080,#4081);
#4079 = CARTESIAN_POINT('',(-9.62093932557,-8.476044271575,
    8.881784197001E-16));
#4080 = DIRECTION('',(0.,1.224646799147E-16,1.));
#4081 = DIRECTION('',(-1.,0.,0.));
#4082 = PCURVE('',#126,#4083);
#4083 = DEFINITIONAL_REPRESENTATION('',(#4084),#4092);
#4084 = ( BOUNDED_CURVE() B_SPLINE_CURVE(2,(#4085,#4086,#4087,#4088,
#4089,#4090,#4091),.UNSPECIFIED.,.T.,.F.) B_SPLINE_CURVE_WITH_KNOTS((1,2
    ,2,2,2,1),(-2.094395102393,0.,2.094395102393,4.188790204786,
6.28318530718,8.377580409573),.UNSPECIFIED.) CURVE() 
GEOMETRIC_REPRESENTATION_ITEM() RATIONAL_B_SPLINE_CURVE((1.,0.5,1.,0.5,
1.,0.5,1.)) REPRESENTATION_ITEM('') );
#4085 = CARTESIAN_POINT('',(-3.07093932557,12.979376371254));
#4086 = CARTESIAN_POINT('',(-3.07093932557,15.144439880715));
#4087 = CARTESIAN_POINT('',(-1.19593932557,14.061908125984));
#4088 = CARTESIAN_POINT('',(0.67906067443,12.979376371254));
#4089 = CARTESIAN_POINT('',(-1.19593932557,11.896844616523));
#4090 = CARTESIAN_POINT('',(-3.07093932557,10.814312861793));
#4091 = CARTESIAN_POINT('',(-3.07093932557,12.979376371254));
#4092 = ( GEOMETRIC_REPRESENTATION_CONTEXT(2) 
PARAMETRIC_REPRESENTATION_CONTEXT() REPRESENTATION_CONTEXT('2D SPACE',''
  ) );
#4093 = PCURVE('',#4094,#4099);
#4094 = CONICAL_SURFACE('',#4095,1.25,7.485984771077E-02);
#4095 = AXIS2_PLACEMENT_3D('',#4096,#4097,#4098);
#4096 = CARTESIAN_POINT('',(-9.62093932557,-8.476044271575,
    8.881784197001E-16));
#4097 = DIRECTION('',(-0.,-1.224646799147E-16,-1.));
#4098 = DIRECTION('',(-1.,0.,0.));
#4099 = DEFINITIONAL_REPRESENTATION('',(#4100),#4104);
#4100 = LINE('',#4101,#4102);
#4101 = CARTESIAN_POINT('',(-0.,-0.));
#4102 = VECTOR('',#4103,1.);
#4103 = DIRECTION('',(-1.,-0.));
#4104 = ( GEOMETRIC_REPRESENTATION_CONTEXT(2) 
PARAMETRIC_REPRESENTATION_CONTEXT() REPRESENTATION_CONTEXT('2D SPACE',''
  ) );
#4105 = FACE_BOUND('',#4106,.T.);
#4106 = EDGE_LOOP('',(#4107));
#4107 = ORIENTED_EDGE('',*,*,#4108,.T.);
#4108 = EDGE_CURVE('',#4109,#4109,#4111,.T.);
#4109 = VERTEX_POINT('',#4110);
#4110 = CARTESIAN_POINT('',(-3.23,-12.92,1.7763568394E-15));
#4111 = SURFACE_CURVE('',#4112,(#4117,#4128),.PCURVE_S1.);
#4112 = CIRCLE('',#4113,1.25);
#4113 = AXIS2_PLACEMENT_3D('',#4114,#4115,#4116);
#4114 = CARTESIAN_POINT('',(-1.98,-12.92,1.7763568394E-15));
#4115 = DIRECTION('',(0.,1.224646799147E-16,1.));
#4116 = DIRECTION('',(-1.,0.,0.));
#4117 = PCURVE('',#126,#4118);
#4118 = DEFINITIONAL_REPRESENTATION('',(#4119),#4127);
#4119 = ( BOUNDED_CURVE() B_SPLINE_CURVE(2,(#4120,#4121,#4122,#4123,
#4124,#4125,#4126),.UNSPECIFIED.,.T.,.F.) B_SPLINE_CURVE_WITH_KNOTS((1,2
    ,2,2,2,1),(-2.094395102393,0.,2.094395102393,4.188790204786,
6.28318530718,8.377580409573),.UNSPECIFIED.) CURVE() 
GEOMETRIC_REPRESENTATION_ITEM() RATIONAL_B_SPLINE_CURVE((1.,0.5,1.,0.5,
1.,0.5,1.)) REPRESENTATION_ITEM('') );
#4120 = CARTESIAN_POINT('',(4.57,17.423332099679));
#4121 = CARTESIAN_POINT('',(4.57,19.58839560914));
#4122 = CARTESIAN_POINT('',(6.445,18.50586385441));
#4123 = CARTESIAN_POINT('',(8.32,17.423332099679));
#4124 = CARTESIAN_POINT('',(6.445,16.340800344949));
#4125 = CARTESIAN_POINT('',(4.57,15.258268590218));
#4126 = CARTESIAN_POINT('',(4.57,17.423332099679));
#4127 = ( GEOMETRIC_REPRESENTATION_CONTEXT(2) 
PARAMETRIC_REPRESENTATION_CONTEXT() REPRESENTATION_CONTEXT('2D SPACE',''
  ) );
#4128 = PCURVE('',#4129,#4134);
#4129 = CONICAL_SURFACE('',#4130,1.25,7.485984771077E-02);
#4130 = AXIS2_PLACEMENT_3D('',#4131,#4132,#4133);
#4131 = CARTESIAN_POINT('',(-1.98,-12.92,1.7763568394E-15));
#4132 = DIRECTION('',(-0.,-1.224646799147E-16,-1.));
#4133 = DIRECTION('',(-1.,0.,0.));
#4134 = DEFINITIONAL_REPRESENTATION('',(#4135),#4139);
#4135 = LINE('',#4136,#4137);
#4136 = CARTESIAN_POINT('',(-0.,-0.));
#4137 = VECTOR('',#4138,1.);
#4138 = DIRECTION('',(-1.,-0.));
#4139 = ( GEOMETRIC_REPRESENTATION_CONTEXT(2) 
PARAMETRIC_REPRESENTATION_CONTEXT() REPRESENTATION_CONTEXT('2D SPACE',''
  ) );
#4140 = FACE_BOUND('',#4141,.T.);
#4141 = EDGE_LOOP('',(#4142,#4172,#4200,#4228,#4256,#4284,#4312,#4340,
    #4368,#4396,#4424,#4452));
#4142 = ORIENTED_EDGE('',*,*,#4143,.T.);
#4143 = EDGE_CURVE('',#4144,#4146,#4148,.T.);
#4144 = VERTEX_POINT('',#4145);
#4145 = CARTESIAN_POINT('',(15.4923828125,-0.56591796875,0.));
#4146 = VERTEX_POINT('',#4147);
#4147 = CARTESIAN_POINT('',(15.4923828125,0.37353515625,0.));
#4148 = SURFACE_CURVE('',#4149,(#4153,#4160),.PCURVE_S1.);
#4149 = LINE('',#4150,#4151);
#4150 = CARTESIAN_POINT('',(15.4923828125,-0.56591796875,0.));
#4151 = VECTOR('',#4152,1.);
#4152 = DIRECTION('',(-1.110223024625E-16,1.,-1.224646799147E-16));
#4153 = PCURVE('',#126,#4154);
#4154 = DEFINITIONAL_REPRESENTATION('',(#4155),#4159);
#4155 = LINE('',#4156,#4157);
#4156 = CARTESIAN_POINT('',(23.2923828125,5.069250068429));
#4157 = VECTOR('',#4158,1.);
#4158 = DIRECTION('',(-1.110223024625E-16,-1.));
#4159 = ( GEOMETRIC_REPRESENTATION_CONTEXT(2) 
PARAMETRIC_REPRESENTATION_CONTEXT() REPRESENTATION_CONTEXT('2D SPACE',''
  ) );
#4160 = PCURVE('',#4161,#4166);
#4161 = PLANE('',#4162);
#4162 = AXIS2_PLACEMENT_3D('',#4163,#4164,#4165);
#4163 = CARTESIAN_POINT('',(15.4923828125,-0.56591796875,0.));
#4164 = DIRECTION('',(-1.,-1.110223024625E-16,1.359631073447E-32));
#4165 = DIRECTION('',(-1.110223024625E-16,1.,-1.224646799147E-16));
#4166 = DEFINITIONAL_REPRESENTATION('',(#4167),#4171);
#4167 = LINE('',#4168,#4169);
#4168 = CARTESIAN_POINT('',(-1.110223024625E-16,1.359631073447E-32));
#4169 = VECTOR('',#4170,1.);
#4170 = DIRECTION('',(1.,0.));
#4171 = ( GEOMETRIC_REPRESENTATION_CONTEXT(2) 
PARAMETRIC_REPRESENTATION_CONTEXT() REPRESENTATION_CONTEXT('2D SPACE',''
  ) );
#4172 = ORIENTED_EDGE('',*,*,#4173,.T.);
#4173 = EDGE_CURVE('',#4146,#4174,#4176,.T.);
#4174 = VERTEX_POINT('',#4175);
#4175 = CARTESIAN_POINT('',(14.034375,0.37353515625,0.));
#4176 = SURFACE_CURVE('',#4177,(#4181,#4188),.PCURVE_S1.);
#4177 = LINE('',#4178,#4179);
#4178 = CARTESIAN_POINT('',(15.4923828125,0.37353515625,0.));
#4179 = VECTOR('',#4180,1.);
#4180 = DIRECTION('',(-1.,-1.110223024625E-16,1.359631073447E-32));
#4181 = PCURVE('',#126,#4182);
#4182 = DEFINITIONAL_REPRESENTATION('',(#4183),#4187);
#4183 = LINE('',#4184,#4185);
#4184 = CARTESIAN_POINT('',(23.2923828125,4.129796943429));
#4185 = VECTOR('',#4186,1.);
#4186 = DIRECTION('',(-1.,1.110223024625E-16));
#4187 = ( GEOMETRIC_REPRESENTATION_CONTEXT(2) 
PARAMETRIC_REPRESENTATION_CONTEXT() REPRESENTATION_CONTEXT('2D SPACE',''
  ) );
#4188 = PCURVE('',#4189,#4194);
#4189 = PLANE('',#4190);
#4190 = AXIS2_PLACEMENT_3D('',#4191,#4192,#4193);
#4191 = CARTESIAN_POINT('',(15.4923828125,0.37353515625,0.));
#4192 = DIRECTION('',(1.110223024625E-16,-1.,1.224646799147E-16));
#4193 = DIRECTION('',(-1.,-1.110223024625E-16,1.359631073447E-32));
#4194 = DEFINITIONAL_REPRESENTATION('',(#4195),#4199);
#4195 = LINE('',#4196,#4197);
#4196 = CARTESIAN_POINT('',(-9.242983279412E-65,6.798155367234E-33));
#4197 = VECTOR('',#4198,1.);
#4198 = DIRECTION('',(1.,0.));
#4199 = ( GEOMETRIC_REPRESENTATION_CONTEXT(2) 
PARAMETRIC_REPRESENTATION_CONTEXT() REPRESENTATION_CONTEXT('2D SPACE',''
  ) );
#4200 = ORIENTED_EDGE('',*,*,#4201,.T.);
#4201 = EDGE_CURVE('',#4174,#4202,#4204,.T.);
#4202 = VERTEX_POINT('',#4203);
#4203 = CARTESIAN_POINT('',(14.034375,-0.54833984375,0.));
#4204 = SURFACE_CURVE('',#4205,(#4209,#4216),.PCURVE_S1.);
#4205 = LINE('',#4206,#4207);
#4206 = CARTESIAN_POINT('',(14.034375,0.37353515625,0.));
#4207 = VECTOR('',#4208,1.);
#4208 = DIRECTION('',(1.110223024625E-16,-1.,1.224646799147E-16));
#4209 = PCURVE('',#126,#4210);
#4210 = DEFINITIONAL_REPRESENTATION('',(#4211),#4215);
#4211 = LINE('',#4212,#4213);
#4212 = CARTESIAN_POINT('',(21.834375,4.129796943429));
#4213 = VECTOR('',#4214,1.);
#4214 = DIRECTION('',(1.110223024625E-16,1.));
#4215 = ( GEOMETRIC_REPRESENTATION_CONTEXT(2) 
PARAMETRIC_REPRESENTATION_CONTEXT() REPRESENTATION_CONTEXT('2D SPACE',''
  ) );
#4216 = PCURVE('',#4217,#4222);
#4217 = PLANE('',#4218);
#4218 = AXIS2_PLACEMENT_3D('',#4219,#4220,#4221);
#4219 = CARTESIAN_POINT('',(14.034375,0.37353515625,0.));
#4220 = DIRECTION('',(1.,1.110223024625E-16,-1.359631073447E-32));
#4221 = DIRECTION('',(1.110223024625E-16,-1.,1.224646799147E-16));
#4222 = DEFINITIONAL_REPRESENTATION('',(#4223),#4227);
#4223 = LINE('',#4224,#4225);
#4224 = CARTESIAN_POINT('',(-1.110223024625E-16,-1.359631073447E-32));
#4225 = VECTOR('',#4226,1.);
#4226 = DIRECTION('',(1.,0.));
#4227 = ( GEOMETRIC_REPRESENTATION_CONTEXT(2) 
PARAMETRIC_REPRESENTATION_CONTEXT() REPRESENTATION_CONTEXT('2D SPACE',''
  ) );
#4228 = ORIENTED_EDGE('',*,*,#4229,.T.);
#4229 = EDGE_CURVE('',#4202,#4230,#4232,.T.);
#4230 = VERTEX_POINT('',#4231);
#4231 = CARTESIAN_POINT('',(14.200390625,-0.54833984375,0.));
#4232 = SURFACE_CURVE('',#4233,(#4237,#4244),.PCURVE_S1.);
#4233 = LINE('',#4234,#4235);
#4234 = CARTESIAN_POINT('',(14.034375,-0.54833984375,0.));
#4235 = VECTOR('',#4236,1.);
#4236 = DIRECTION('',(1.,1.110223024625E-16,-1.359631073447E-32));
#4237 = PCURVE('',#126,#4238);
#4238 = DEFINITIONAL_REPRESENTATION('',(#4239),#4243);
#4239 = LINE('',#4240,#4241);
#4240 = CARTESIAN_POINT('',(21.834375,5.051671943429));
#4241 = VECTOR('',#4242,1.);
#4242 = DIRECTION('',(1.,-1.110223024625E-16));
#4243 = ( GEOMETRIC_REPRESENTATION_CONTEXT(2) 
PARAMETRIC_REPRESENTATION_CONTEXT() REPRESENTATION_CONTEXT('2D SPACE',''
  ) );
#4244 = PCURVE('',#4245,#4250);
#4245 = PLANE('',#4246);
#4246 = AXIS2_PLACEMENT_3D('',#4247,#4248,#4249);
#4247 = CARTESIAN_POINT('',(14.034375,-0.54833984375,0.));
#4248 = DIRECTION('',(-1.110223024625E-16,1.,-1.224646799147E-16));
#4249 = DIRECTION('',(1.,1.110223024625E-16,-1.359631073447E-32));
#4250 = DEFINITIONAL_REPRESENTATION('',(#4251),#4255);
#4251 = LINE('',#4252,#4253);
#4252 = CARTESIAN_POINT('',(-1.848596655882E-64,-1.359631073447E-32));
#4253 = VECTOR('',#4254,1.);
#4254 = DIRECTION('',(1.,0.));
#4255 = ( GEOMETRIC_REPRESENTATION_CONTEXT(2) 
PARAMETRIC_REPRESENTATION_CONTEXT() REPRESENTATION_CONTEXT('2D SPACE',''
  ) );
#4256 = ORIENTED_EDGE('',*,*,#4257,.T.);
#4257 = EDGE_CURVE('',#4230,#4258,#4260,.T.);
#4258 = VERTEX_POINT('',#4259);
#4259 = CARTESIAN_POINT('',(14.200390625,0.17626953125,0.));
#4260 = SURFACE_CURVE('',#4261,(#4265,#4272),.PCURVE_S1.);
#4261 = LINE('',#4262,#4263);
#4262 = CARTESIAN_POINT('',(14.200390625,-0.54833984375,0.));
#4263 = VECTOR('',#4264,1.);
#4264 = DIRECTION('',(-1.110223024625E-16,1.,-1.224646799147E-16));
#4265 = PCURVE('',#126,#4266);
#4266 = DEFINITIONAL_REPRESENTATION('',(#4267),#4271);
#4267 = LINE('',#4268,#4269);
#4268 = CARTESIAN_POINT('',(22.000390625,5.051671943429));
#4269 = VECTOR('',#4270,1.);
#4270 = DIRECTION('',(-1.110223024625E-16,-1.));
#4271 = ( GEOMETRIC_REPRESENTATION_CONTEXT(2) 
PARAMETRIC_REPRESENTATION_CONTEXT() REPRESENTATION_CONTEXT('2D SPACE',''
  ) );
#4272 = PCURVE('',#4273,#4278);
#4273 = PLANE('',#4274);
#4274 = AXIS2_PLACEMENT_3D('',#4275,#4276,#4277);
#4275 = CARTESIAN_POINT('',(14.200390625,-0.54833984375,0.));
#4276 = DIRECTION('',(-1.,-1.110223024625E-16,1.359631073447E-32));
#4277 = DIRECTION('',(-1.110223024625E-16,1.,-1.224646799147E-16));
#4278 = DEFINITIONAL_REPRESENTATION('',(#4279),#4283);
#4279 = LINE('',#4280,#4281);
#4280 = CARTESIAN_POINT('',(1.110223024625E-16,-1.359631073447E-32));
#4281 = VECTOR('',#4282,1.);
#4282 = DIRECTION('',(1.,0.));
#4283 = ( GEOMETRIC_REPRESENTATION_CONTEXT(2) 
PARAMETRIC_REPRESENTATION_CONTEXT() REPRESENTATION_CONTEXT('2D SPACE',''
  ) );
#4284 = ORIENTED_EDGE('',*,*,#4285,.T.);
#4285 = EDGE_CURVE('',#4258,#4286,#4288,.T.);
#4286 = VERTEX_POINT('',#4287);
#4287 = CARTESIAN_POINT('',(14.63203125,0.17626953125,0.));
#4288 = SURFACE_CURVE('',#4289,(#4293,#4300),.PCURVE_S1.);
#4289 = LINE('',#4290,#4291);
#4290 = CARTESIAN_POINT('',(14.200390625,0.17626953125,0.));
#4291 = VECTOR('',#4292,1.);
#4292 = DIRECTION('',(1.,1.110223024625E-16,-1.359631073447E-32));
#4293 = PCURVE('',#126,#4294);
#4294 = DEFINITIONAL_REPRESENTATION('',(#4295),#4299);
#4295 = LINE('',#4296,#4297);
#4296 = CARTESIAN_POINT('',(22.000390625,4.327062568429));
#4297 = VECTOR('',#4298,1.);
#4298 = DIRECTION('',(1.,-1.110223024625E-16));
#4299 = ( GEOMETRIC_REPRESENTATION_CONTEXT(2) 
PARAMETRIC_REPRESENTATION_CONTEXT() REPRESENTATION_CONTEXT('2D SPACE',''
  ) );
#4300 = PCURVE('',#4301,#4306);
#4301 = PLANE('',#4302);
#4302 = AXIS2_PLACEMENT_3D('',#4303,#4304,#4305);
#4303 = CARTESIAN_POINT('',(14.200390625,0.17626953125,0.));
#4304 = DIRECTION('',(-1.110223024625E-16,1.,-1.224646799147E-16));
#4305 = DIRECTION('',(1.,1.110223024625E-16,-1.359631073447E-32));
#4306 = DEFINITIONAL_REPRESENTATION('',(#4307),#4311);
#4307 = LINE('',#4308,#4309);
#4308 = CARTESIAN_POINT('',(-4.621491639706E-65,-3.399077683617E-33));
#4309 = VECTOR('',#4310,1.);
#4310 = DIRECTION('',(1.,0.));
#4311 = ( GEOMETRIC_REPRESENTATION_CONTEXT(2) 
PARAMETRIC_REPRESENTATION_CONTEXT() REPRESENTATION_CONTEXT('2D SPACE',''
  ) );
#4312 = ORIENTED_EDGE('',*,*,#4313,.T.);
#4313 = EDGE_CURVE('',#4286,#4314,#4316,.T.);
#4314 = VERTEX_POINT('',#4315);
#4315 = CARTESIAN_POINT('',(14.63203125,-0.51806640625,0.));
#4316 = SURFACE_CURVE('',#4317,(#4321,#4328),.PCURVE_S1.);
#4317 = LINE('',#4318,#4319);
#4318 = CARTESIAN_POINT('',(14.63203125,0.17626953125,0.));
#4319 = VECTOR('',#4320,1.);
#4320 = DIRECTION('',(1.110223024625E-16,-1.,1.224646799147E-16));
#4321 = PCURVE('',#126,#4322);
#4322 = DEFINITIONAL_REPRESENTATION('',(#4323),#4327);
#4323 = LINE('',#4324,#4325);
#4324 = CARTESIAN_POINT('',(22.43203125,4.327062568429));
#4325 = VECTOR('',#4326,1.);
#4326 = DIRECTION('',(1.110223024625E-16,1.));
#4327 = ( GEOMETRIC_REPRESENTATION_CONTEXT(2) 
PARAMETRIC_REPRESENTATION_CONTEXT() REPRESENTATION_CONTEXT('2D SPACE',''
  ) );
#4328 = PCURVE('',#4329,#4334);
#4329 = PLANE('',#4330);
#4330 = AXIS2_PLACEMENT_3D('',#4331,#4332,#4333);
#4331 = CARTESIAN_POINT('',(14.63203125,0.17626953125,0.));
#4332 = DIRECTION('',(1.,1.110223024625E-16,-1.359631073447E-32));
#4333 = DIRECTION('',(1.110223024625E-16,-1.,1.224646799147E-16));
#4334 = DEFINITIONAL_REPRESENTATION('',(#4335),#4339);
#4335 = LINE('',#4336,#4337);
#4336 = CARTESIAN_POINT('',(0.,0.));
#4337 = VECTOR('',#4338,1.);
#4338 = DIRECTION('',(1.,0.));
#4339 = ( GEOMETRIC_REPRESENTATION_CONTEXT(2) 
PARAMETRIC_REPRESENTATION_CONTEXT() REPRESENTATION_CONTEXT('2D SPACE',''
  ) );
#4340 = ORIENTED_EDGE('',*,*,#4341,.T.);
#4341 = EDGE_CURVE('',#4314,#4342,#4344,.T.);
#4342 = VERTEX_POINT('',#4343);
#4343 = CARTESIAN_POINT('',(14.798046875,-0.51806640625,0.));
#4344 = SURFACE_CURVE('',#4345,(#4349,#4356),.PCURVE_S1.);
#4345 = LINE('',#4346,#4347);
#4346 = CARTESIAN_POINT('',(14.63203125,-0.51806640625,0.));
#4347 = VECTOR('',#4348,1.);
#4348 = DIRECTION('',(1.,1.110223024625E-16,-1.359631073447E-32));
#4349 = PCURVE('',#126,#4350);
#4350 = DEFINITIONAL_REPRESENTATION('',(#4351),#4355);
#4351 = LINE('',#4352,#4353);
#4352 = CARTESIAN_POINT('',(22.43203125,5.021398505929));
#4353 = VECTOR('',#4354,1.);
#4354 = DIRECTION('',(1.,-1.110223024625E-16));
#4355 = ( GEOMETRIC_REPRESENTATION_CONTEXT(2) 
PARAMETRIC_REPRESENTATION_CONTEXT() REPRESENTATION_CONTEXT('2D SPACE',''
  ) );
#4356 = PCURVE('',#4357,#4362);
#4357 = PLANE('',#4358);
#4358 = AXIS2_PLACEMENT_3D('',#4359,#4360,#4361);
#4359 = CARTESIAN_POINT('',(14.63203125,-0.51806640625,0.));
#4360 = DIRECTION('',(-1.110223024625E-16,1.,-1.224646799147E-16));
#4361 = DIRECTION('',(1.,1.110223024625E-16,-1.359631073447E-32));
#4362 = DEFINITIONAL_REPRESENTATION('',(#4363),#4367);
#4363 = LINE('',#4364,#4365);
#4364 = CARTESIAN_POINT('',(0.,0.));
#4365 = VECTOR('',#4366,1.);
#4366 = DIRECTION('',(1.,0.));
#4367 = ( GEOMETRIC_REPRESENTATION_CONTEXT(2) 
PARAMETRIC_REPRESENTATION_CONTEXT() REPRESENTATION_CONTEXT('2D SPACE',''
  ) );
#4368 = ORIENTED_EDGE('',*,*,#4369,.T.);
#4369 = EDGE_CURVE('',#4342,#4370,#4372,.T.);
#4370 = VERTEX_POINT('',#4371);
#4371 = CARTESIAN_POINT('',(14.798046875,0.17626953125,0.));
#4372 = SURFACE_CURVE('',#4373,(#4377,#4384),.PCURVE_S1.);
#4373 = LINE('',#4374,#4375);
#4374 = CARTESIAN_POINT('',(14.798046875,-0.51806640625,0.));
#4375 = VECTOR('',#4376,1.);
#4376 = DIRECTION('',(-1.110223024625E-16,1.,-1.224646799147E-16));
#4377 = PCURVE('',#126,#4378);
#4378 = DEFINITIONAL_REPRESENTATION('',(#4379),#4383);
#4379 = LINE('',#4380,#4381);
#4380 = CARTESIAN_POINT('',(22.598046875,5.021398505929));
#4381 = VECTOR('',#4382,1.);
#4382 = DIRECTION('',(-1.110223024625E-16,-1.));
#4383 = ( GEOMETRIC_REPRESENTATION_CONTEXT(2) 
PARAMETRIC_REPRESENTATION_CONTEXT() REPRESENTATION_CONTEXT('2D SPACE',''
  ) );
#4384 = PCURVE('',#4385,#4390);
#4385 = PLANE('',#4386);
#4386 = AXIS2_PLACEMENT_3D('',#4387,#4388,#4389);
#4387 = CARTESIAN_POINT('',(14.798046875,-0.51806640625,0.));
#4388 = DIRECTION('',(-1.,-1.110223024625E-16,1.359631073447E-32));
#4389 = DIRECTION('',(-1.110223024625E-16,1.,-1.224646799147E-16));
#4390 = DEFINITIONAL_REPRESENTATION('',(#4391),#4395);
#4391 = LINE('',#4392,#4393);
#4392 = CARTESIAN_POINT('',(0.,0.));
#4393 = VECTOR('',#4394,1.);
#4394 = DIRECTION('',(1.,0.));
#4395 = ( GEOMETRIC_REPRESENTATION_CONTEXT(2) 
PARAMETRIC_REPRESENTATION_CONTEXT() REPRESENTATION_CONTEXT('2D SPACE',''
  ) );
#4396 = ORIENTED_EDGE('',*,*,#4397,.T.);
#4397 = EDGE_CURVE('',#4370,#4398,#4400,.T.);
#4398 = VERTEX_POINT('',#4399);
#4399 = CARTESIAN_POINT('',(15.3263671875,0.17626953125,0.));
#4400 = SURFACE_CURVE('',#4401,(#4405,#4412),.PCURVE_S1.);
#4401 = LINE('',#4402,#4403);
#4402 = CARTESIAN_POINT('',(14.798046875,0.17626953125,0.));
#4403 = VECTOR('',#4404,1.);
#4404 = DIRECTION('',(1.,1.110223024625E-16,-1.359631073447E-32));
#4405 = PCURVE('',#126,#4406);
#4406 = DEFINITIONAL_REPRESENTATION('',(#4407),#4411);
#4407 = LINE('',#4408,#4409);
#4408 = CARTESIAN_POINT('',(22.598046875,4.327062568429));
#4409 = VECTOR('',#4410,1.);
#4410 = DIRECTION('',(1.,-1.110223024625E-16));
#4411 = ( GEOMETRIC_REPRESENTATION_CONTEXT(2) 
PARAMETRIC_REPRESENTATION_CONTEXT() REPRESENTATION_CONTEXT('2D SPACE',''
  ) );
#4412 = PCURVE('',#4413,#4418);
#4413 = PLANE('',#4414);
#4414 = AXIS2_PLACEMENT_3D('',#4415,#4416,#4417);
#4415 = CARTESIAN_POINT('',(14.798046875,0.17626953125,0.));
#4416 = DIRECTION('',(-1.110223024625E-16,1.,-1.224646799147E-16));
#4417 = DIRECTION('',(1.,1.110223024625E-16,-1.359631073447E-32));
#4418 = DEFINITIONAL_REPRESENTATION('',(#4419),#4423);
#4419 = LINE('',#4420,#4421);
#4420 = CARTESIAN_POINT('',(4.621491639706E-65,3.399077683617E-33));
#4421 = VECTOR('',#4422,1.);
#4422 = DIRECTION('',(1.,0.));
#4423 = ( GEOMETRIC_REPRESENTATION_CONTEXT(2) 
PARAMETRIC_REPRESENTATION_CONTEXT() REPRESENTATION_CONTEXT('2D SPACE',''
  ) );
#4424 = ORIENTED_EDGE('',*,*,#4425,.T.);
#4425 = EDGE_CURVE('',#4398,#4426,#4428,.T.);
#4426 = VERTEX_POINT('',#4427);
#4427 = CARTESIAN_POINT('',(15.3263671875,-0.56591796875,0.));
#4428 = SURFACE_CURVE('',#4429,(#4433,#4440),.PCURVE_S1.);
#4429 = LINE('',#4430,#4431);
#4430 = CARTESIAN_POINT('',(15.3263671875,0.17626953125,0.));
#4431 = VECTOR('',#4432,1.);
#4432 = DIRECTION('',(1.110223024625E-16,-1.,1.224646799147E-16));
#4433 = PCURVE('',#126,#4434);
#4434 = DEFINITIONAL_REPRESENTATION('',(#4435),#4439);
#4435 = LINE('',#4436,#4437);
#4436 = CARTESIAN_POINT('',(23.1263671875,4.327062568429));
#4437 = VECTOR('',#4438,1.);
#4438 = DIRECTION('',(1.110223024625E-16,1.));
#4439 = ( GEOMETRIC_REPRESENTATION_CONTEXT(2) 
PARAMETRIC_REPRESENTATION_CONTEXT() REPRESENTATION_CONTEXT('2D SPACE',''
  ) );
#4440 = PCURVE('',#4441,#4446);
#4441 = PLANE('',#4442);
#4442 = AXIS2_PLACEMENT_3D('',#4443,#4444,#4445);
#4443 = CARTESIAN_POINT('',(15.3263671875,0.17626953125,0.));
#4444 = DIRECTION('',(1.,1.110223024625E-16,-1.359631073447E-32));
#4445 = DIRECTION('',(1.110223024625E-16,-1.,1.224646799147E-16));
#4446 = DEFINITIONAL_REPRESENTATION('',(#4447),#4451);
#4447 = LINE('',#4448,#4449);
#4448 = CARTESIAN_POINT('',(-2.775557561563E-17,-3.399077683617E-33));
#4449 = VECTOR('',#4450,1.);
#4450 = DIRECTION('',(1.,0.));
#4451 = ( GEOMETRIC_REPRESENTATION_CONTEXT(2) 
PARAMETRIC_REPRESENTATION_CONTEXT() REPRESENTATION_CONTEXT('2D SPACE',''
  ) );
#4452 = ORIENTED_EDGE('',*,*,#4453,.T.);
#4453 = EDGE_CURVE('',#4426,#4144,#4454,.T.);
#4454 = SURFACE_CURVE('',#4455,(#4459,#4466),.PCURVE_S1.);
#4455 = LINE('',#4456,#4457);
#4456 = CARTESIAN_POINT('',(15.3263671875,-0.56591796875,0.));
#4457 = VECTOR('',#4458,1.);
#4458 = DIRECTION('',(1.,1.110223024625E-16,-1.359631073447E-32));
#4459 = PCURVE('',#126,#4460);
#4460 = DEFINITIONAL_REPRESENTATION('',(#4461),#4465);
#4461 = LINE('',#4462,#4463);
#4462 = CARTESIAN_POINT('',(23.1263671875,5.069250068429));
#4463 = VECTOR('',#4464,1.);
#4464 = DIRECTION('',(1.,-1.110223024625E-16));
#4465 = ( GEOMETRIC_REPRESENTATION_CONTEXT(2) 
PARAMETRIC_REPRESENTATION_CONTEXT() REPRESENTATION_CONTEXT('2D SPACE',''
  ) );
#4466 = PCURVE('',#4467,#4472);
#4467 = PLANE('',#4468);
#4468 = AXIS2_PLACEMENT_3D('',#4469,#4470,#4471);
#4469 = CARTESIAN_POINT('',(15.3263671875,-0.56591796875,0.));
#4470 = DIRECTION('',(-1.110223024625E-16,1.,-1.224646799147E-16));
#4471 = DIRECTION('',(1.,1.110223024625E-16,-1.359631073447E-32));
#4472 = DEFINITIONAL_REPRESENTATION('',(#4473),#4477);
#4473 = LINE('',#4474,#4475);
#4474 = CARTESIAN_POINT('',(1.848596655882E-64,1.359631073447E-32));
#4475 = VECTOR('',#4476,1.);
#4476 = DIRECTION('',(1.,0.));
#4477 = ( GEOMETRIC_REPRESENTATION_CONTEXT(2) 
PARAMETRIC_REPRESENTATION_CONTEXT() REPRESENTATION_CONTEXT('2D SPACE',''
  ) );
#4478 = FACE_BOUND('',#4479,.T.);
#4479 = EDGE_LOOP('',(#4480,#4510,#4538,#4566,#4594,#4622,#4650,#4678,
    #4706,#4734,#4762));
#4480 = ORIENTED_EDGE('',*,*,#4481,.T.);
#4481 = EDGE_CURVE('',#4482,#4484,#4486,.T.);
#4482 = VERTEX_POINT('',#4483);
#4483 = CARTESIAN_POINT('',(15.4923828125,-1.78173828125,0.));
#4484 = VERTEX_POINT('',#4485);
#4485 = CARTESIAN_POINT('',(15.4923828125,-0.94189453125,0.));
#4486 = SURFACE_CURVE('',#4487,(#4491,#4498),.PCURVE_S1.);
#4487 = LINE('',#4488,#4489);
#4488 = CARTESIAN_POINT('',(15.4923828125,-1.78173828125,0.));
#4489 = VECTOR('',#4490,1.);
#4490 = DIRECTION('',(-1.110223024625E-16,1.,-1.224646799147E-16));
#4491 = PCURVE('',#126,#4492);
#4492 = DEFINITIONAL_REPRESENTATION('',(#4493),#4497);
#4493 = LINE('',#4494,#4495);
#4494 = CARTESIAN_POINT('',(23.2923828125,6.285070380929));
#4495 = VECTOR('',#4496,1.);
#4496 = DIRECTION('',(-1.110223024625E-16,-1.));
#4497 = ( GEOMETRIC_REPRESENTATION_CONTEXT(2) 
PARAMETRIC_REPRESENTATION_CONTEXT() REPRESENTATION_CONTEXT('2D SPACE',''
  ) );
#4498 = PCURVE('',#4499,#4504);
#4499 = PLANE('',#4500);
#4500 = AXIS2_PLACEMENT_3D('',#4501,#4502,#4503);
#4501 = CARTESIAN_POINT('',(15.4923828125,-1.78173828125,0.));
#4502 = DIRECTION('',(-1.,-1.110223024625E-16,1.359631073447E-32));
#4503 = DIRECTION('',(-1.110223024625E-16,1.,-1.224646799147E-16));
#4504 = DEFINITIONAL_REPRESENTATION('',(#4505),#4509);
#4505 = LINE('',#4506,#4507);
#4506 = CARTESIAN_POINT('',(0.,0.));
#4507 = VECTOR('',#4508,1.);
#4508 = DIRECTION('',(1.,0.));
#4509 = ( GEOMETRIC_REPRESENTATION_CONTEXT(2) 
PARAMETRIC_REPRESENTATION_CONTEXT() REPRESENTATION_CONTEXT('2D SPACE',''
  ) );
#4510 = ORIENTED_EDGE('',*,*,#4511,.T.);
#4511 = EDGE_CURVE('',#4484,#4512,#4514,.T.);
#4512 = VERTEX_POINT('',#4513);
#4513 = CARTESIAN_POINT('',(15.3263671875,-0.94189453125,0.));
#4514 = SURFACE_CURVE('',#4515,(#4519,#4526),.PCURVE_S1.);
#4515 = LINE('',#4516,#4517);
#4516 = CARTESIAN_POINT('',(15.4923828125,-0.94189453125,0.));
#4517 = VECTOR('',#4518,1.);
#4518 = DIRECTION('',(-1.,-1.110223024625E-16,1.359631073447E-32));
#4519 = PCURVE('',#126,#4520);
#4520 = DEFINITIONAL_REPRESENTATION('',(#4521),#4525);
#4521 = LINE('',#4522,#4523);
#4522 = CARTESIAN_POINT('',(23.2923828125,5.445226630929));
#4523 = VECTOR('',#4524,1.);
#4524 = DIRECTION('',(-1.,1.110223024625E-16));
#4525 = ( GEOMETRIC_REPRESENTATION_CONTEXT(2) 
PARAMETRIC_REPRESENTATION_CONTEXT() REPRESENTATION_CONTEXT('2D SPACE',''
  ) );
#4526 = PCURVE('',#4527,#4532);
#4527 = PLANE('',#4528);
#4528 = AXIS2_PLACEMENT_3D('',#4529,#4530,#4531);
#4529 = CARTESIAN_POINT('',(15.4923828125,-0.94189453125,0.));
#4530 = DIRECTION('',(1.110223024625E-16,-1.,1.224646799147E-16));
#4531 = DIRECTION('',(-1.,-1.110223024625E-16,1.359631073447E-32));
#4532 = DEFINITIONAL_REPRESENTATION('',(#4533),#4537);
#4533 = LINE('',#4534,#4535);
#4534 = CARTESIAN_POINT('',(-1.848596655882E-64,1.359631073447E-32));
#4535 = VECTOR('',#4536,1.);
#4536 = DIRECTION('',(1.,0.));
#4537 = ( GEOMETRIC_REPRESENTATION_CONTEXT(2) 
PARAMETRIC_REPRESENTATION_CONTEXT() REPRESENTATION_CONTEXT('2D SPACE',''
  ) );
#4538 = ORIENTED_EDGE('',*,*,#4539,.T.);
#4539 = EDGE_CURVE('',#4512,#4540,#4542,.T.);
#4540 = VERTEX_POINT('',#4541);
#4541 = CARTESIAN_POINT('',(15.3263671875,-1.26416015625,0.));
#4542 = SURFACE_CURVE('',#4543,(#4547,#4554),.PCURVE_S1.);
#4543 = LINE('',#4544,#4545);
#4544 = CARTESIAN_POINT('',(15.3263671875,-0.94189453125,0.));
#4545 = VECTOR('',#4546,1.);
#4546 = DIRECTION('',(1.110223024625E-16,-1.,1.224646799147E-16));
#4547 = PCURVE('',#126,#4548);
#4548 = DEFINITIONAL_REPRESENTATION('',(#4549),#4553);
#4549 = LINE('',#4550,#4551);
#4550 = CARTESIAN_POINT('',(23.1263671875,5.445226630929));
#4551 = VECTOR('',#4552,1.);
#4552 = DIRECTION('',(1.110223024625E-16,1.));
#4553 = ( GEOMETRIC_REPRESENTATION_CONTEXT(2) 
PARAMETRIC_REPRESENTATION_CONTEXT() REPRESENTATION_CONTEXT('2D SPACE',''
  ) );
#4554 = PCURVE('',#4555,#4560);
#4555 = PLANE('',#4556);
#4556 = AXIS2_PLACEMENT_3D('',#4557,#4558,#4559);
#4557 = CARTESIAN_POINT('',(15.3263671875,-0.94189453125,0.));
#4558 = DIRECTION('',(1.,1.110223024625E-16,-1.359631073447E-32));
#4559 = DIRECTION('',(1.110223024625E-16,-1.,1.224646799147E-16));
#4560 = DEFINITIONAL_REPRESENTATION('',(#4561),#4565);
#4561 = LINE('',#4562,#4563);
#4562 = CARTESIAN_POINT('',(1.110223024625E-16,1.359631073447E-32));
#4563 = VECTOR('',#4564,1.);
#4564 = DIRECTION('',(1.,0.));
#4565 = ( GEOMETRIC_REPRESENTATION_CONTEXT(2) 
PARAMETRIC_REPRESENTATION_CONTEXT() REPRESENTATION_CONTEXT('2D SPACE',''
  ) );
#4566 = ORIENTED_EDGE('',*,*,#4567,.T.);
#4567 = EDGE_CURVE('',#4540,#4568,#4570,.T.);
#4568 = VERTEX_POINT('',#4569);
#4569 = CARTESIAN_POINT('',(14.2140625,-1.26416015625,0.));
#4570 = SURFACE_CURVE('',#4571,(#4575,#4582),.PCURVE_S1.);
#4571 = LINE('',#4572,#4573);
#4572 = CARTESIAN_POINT('',(15.3263671875,-1.26416015625,0.));
#4573 = VECTOR('',#4574,1.);
#4574 = DIRECTION('',(-1.,-1.110223024625E-16,1.359631073447E-32));
#4575 = PCURVE('',#126,#4576);
#4576 = DEFINITIONAL_REPRESENTATION('',(#4577),#4581);
#4577 = LINE('',#4578,#4579);
#4578 = CARTESIAN_POINT('',(23.1263671875,5.767492255929));
#4579 = VECTOR('',#4580,1.);
#4580 = DIRECTION('',(-1.,1.110223024625E-16));
#4581 = ( GEOMETRIC_REPRESENTATION_CONTEXT(2) 
PARAMETRIC_REPRESENTATION_CONTEXT() REPRESENTATION_CONTEXT('2D SPACE',''
  ) );
#4582 = PCURVE('',#4583,#4588);
#4583 = PLANE('',#4584);
#4584 = AXIS2_PLACEMENT_3D('',#4585,#4586,#4587);
#4585 = CARTESIAN_POINT('',(15.3263671875,-1.26416015625,0.));
#4586 = DIRECTION('',(1.110223024625E-16,-1.,1.224646799147E-16));
#4587 = DIRECTION('',(-1.,-1.110223024625E-16,1.359631073447E-32));
#4588 = DEFINITIONAL_REPRESENTATION('',(#4589),#4593);
#4589 = LINE('',#4590,#4591);
#4590 = CARTESIAN_POINT('',(0.,0.));
#4591 = VECTOR('',#4592,1.);
#4592 = DIRECTION('',(1.,0.));
#4593 = ( GEOMETRIC_REPRESENTATION_CONTEXT(2) 
PARAMETRIC_REPRESENTATION_CONTEXT() REPRESENTATION_CONTEXT('2D SPACE',''
  ) );
#4594 = ORIENTED_EDGE('',*,*,#4595,.T.);
#4595 = EDGE_CURVE('',#4568,#4596,#4598,.T.);
#4596 = VERTEX_POINT('',#4597);
#4597 = CARTESIAN_POINT('',(14.284375,-0.91357421875,0.));
#4598 = SURFACE_CURVE('',#4599,(#4603,#4610),.PCURVE_S1.);
#4599 = LINE('',#4600,#4601);
#4600 = CARTESIAN_POINT('',(14.2140625,-1.26416015625,0.));
#4601 = VECTOR('',#4602,1.);
#4602 = DIRECTION('',(0.196641324219,0.98047549159,-1.200736172419E-16)
  );
#4603 = PCURVE('',#126,#4604);
#4604 = DEFINITIONAL_REPRESENTATION('',(#4605),#4609);
#4605 = LINE('',#4606,#4607);
#4606 = CARTESIAN_POINT('',(22.0140625,5.767492255929));
#4607 = VECTOR('',#4608,1.);
#4608 = DIRECTION('',(0.196641324219,-0.98047549159));
#4609 = ( GEOMETRIC_REPRESENTATION_CONTEXT(2) 
PARAMETRIC_REPRESENTATION_CONTEXT() REPRESENTATION_CONTEXT('2D SPACE',''
  ) );
#4610 = PCURVE('',#4611,#4616);
#4611 = PLANE('',#4612);
#4612 = AXIS2_PLACEMENT_3D('',#4613,#4614,#4615);
#4613 = CARTESIAN_POINT('',(14.2140625,-1.26416015625,0.));
#4614 = DIRECTION('',(-0.98047549159,0.196641324219,-2.408161682845E-17)
  );
#4615 = DIRECTION('',(0.196641324219,0.98047549159,-1.200736172419E-16)
  );
#4616 = DEFINITIONAL_REPRESENTATION('',(#4617),#4621);
#4617 = LINE('',#4618,#4619);
#4618 = CARTESIAN_POINT('',(0.,0.));
#4619 = VECTOR('',#4620,1.);
#4620 = DIRECTION('',(1.,0.));
#4621 = ( GEOMETRIC_REPRESENTATION_CONTEXT(2) 
PARAMETRIC_REPRESENTATION_CONTEXT() REPRESENTATION_CONTEXT('2D SPACE',''
  ) );
#4622 = ORIENTED_EDGE('',*,*,#4623,.T.);
#4623 = EDGE_CURVE('',#4596,#4624,#4626,.T.);
#4624 = VERTEX_POINT('',#4625);
#4625 = CARTESIAN_POINT('',(14.1046875,-0.91357421875,0.));
#4626 = SURFACE_CURVE('',#4627,(#4631,#4638),.PCURVE_S1.);
#4627 = LINE('',#4628,#4629);
#4628 = CARTESIAN_POINT('',(14.284375,-0.91357421875,0.));
#4629 = VECTOR('',#4630,1.);
#4630 = DIRECTION('',(-1.,-1.110223024625E-16,1.359631073447E-32));
#4631 = PCURVE('',#126,#4632);
#4632 = DEFINITIONAL_REPRESENTATION('',(#4633),#4637);
#4633 = LINE('',#4634,#4635);
#4634 = CARTESIAN_POINT('',(22.084375,5.416906318429));
#4635 = VECTOR('',#4636,1.);
#4636 = DIRECTION('',(-1.,1.110223024625E-16));
#4637 = ( GEOMETRIC_REPRESENTATION_CONTEXT(2) 
PARAMETRIC_REPRESENTATION_CONTEXT() REPRESENTATION_CONTEXT('2D SPACE',''
  ) );
#4638 = PCURVE('',#4639,#4644);
#4639 = PLANE('',#4640);
#4640 = AXIS2_PLACEMENT_3D('',#4641,#4642,#4643);
#4641 = CARTESIAN_POINT('',(14.284375,-0.91357421875,0.));
#4642 = DIRECTION('',(1.110223024625E-16,-1.,1.224646799147E-16));
#4643 = DIRECTION('',(-1.,-1.110223024625E-16,1.359631073447E-32));
#4644 = DEFINITIONAL_REPRESENTATION('',(#4645),#4649);
#4645 = LINE('',#4646,#4647);
#4646 = CARTESIAN_POINT('',(-1.848596655882E-64,1.359631073447E-32));
#4647 = VECTOR('',#4648,1.);
#4648 = DIRECTION('',(1.,0.));
#4649 = ( GEOMETRIC_REPRESENTATION_CONTEXT(2) 
PARAMETRIC_REPRESENTATION_CONTEXT() REPRESENTATION_CONTEXT('2D SPACE',''
  ) );
#4650 = ORIENTED_EDGE('',*,*,#4651,.T.);
#4651 = EDGE_CURVE('',#4624,#4652,#4654,.T.);
#4652 = VERTEX_POINT('',#4653);
#4653 = CARTESIAN_POINT('',(14.034375,-1.26220703125,0.));
#4654 = SURFACE_CURVE('',#4655,(#4659,#4666),.PCURVE_S1.);
#4655 = LINE('',#4656,#4657);
#4656 = CARTESIAN_POINT('',(14.1046875,-0.91357421875,0.));
#4657 = VECTOR('',#4658,1.);
#4658 = DIRECTION('',(-0.197700013947,-0.980262569154,1.200475417639E-16
    ));
#4659 = PCURVE('',#126,#4660);
#4660 = DEFINITIONAL_REPRESENTATION('',(#4661),#4665);
#4661 = LINE('',#4662,#4663);
#4662 = CARTESIAN_POINT('',(21.9046875,5.416906318429));
#4663 = VECTOR('',#4664,1.);
#4664 = DIRECTION('',(-0.197700013947,0.980262569154));
#4665 = ( GEOMETRIC_REPRESENTATION_CONTEXT(2) 
PARAMETRIC_REPRESENTATION_CONTEXT() REPRESENTATION_CONTEXT('2D SPACE',''
  ) );
#4666 = PCURVE('',#4667,#4672);
#4667 = PLANE('',#4668);
#4668 = AXIS2_PLACEMENT_3D('',#4669,#4670,#4671);
#4669 = CARTESIAN_POINT('',(14.1046875,-0.91357421875,0.));
#4670 = DIRECTION('',(0.980262569154,-0.197700013947,2.421126892717E-17)
  );
#4671 = DIRECTION('',(-0.197700013947,-0.980262569154,1.200475417639E-16
    ));
#4672 = DEFINITIONAL_REPRESENTATION('',(#4673),#4677);
#4673 = LINE('',#4674,#4675);
#4674 = CARTESIAN_POINT('',(1.088310074453E-16,1.412772655744E-32));
#4675 = VECTOR('',#4676,1.);
#4676 = DIRECTION('',(1.,0.));
#4677 = ( GEOMETRIC_REPRESENTATION_CONTEXT(2) 
PARAMETRIC_REPRESENTATION_CONTEXT() REPRESENTATION_CONTEXT('2D SPACE',''
  ) );
#4678 = ORIENTED_EDGE('',*,*,#4679,.T.);
#4679 = EDGE_CURVE('',#4652,#4680,#4682,.T.);
#4680 = VERTEX_POINT('',#4681);
#4681 = CARTESIAN_POINT('',(14.034375,-1.45947265625,0.));
#4682 = SURFACE_CURVE('',#4683,(#4687,#4694),.PCURVE_S1.);
#4683 = LINE('',#4684,#4685);
#4684 = CARTESIAN_POINT('',(14.034375,-1.26220703125,0.));
#4685 = VECTOR('',#4686,1.);
#4686 = DIRECTION('',(1.110223024625E-16,-1.,1.224646799147E-16));
#4687 = PCURVE('',#126,#4688);
#4688 = DEFINITIONAL_REPRESENTATION('',(#4689),#4693);
#4689 = LINE('',#4690,#4691);
#4690 = CARTESIAN_POINT('',(21.834375,5.765539130929));
#4691 = VECTOR('',#4692,1.);
#4692 = DIRECTION('',(1.110223024625E-16,1.));
#4693 = ( GEOMETRIC_REPRESENTATION_CONTEXT(2) 
PARAMETRIC_REPRESENTATION_CONTEXT() REPRESENTATION_CONTEXT('2D SPACE',''
  ) );
#4694 = PCURVE('',#4695,#4700);
#4695 = PLANE('',#4696);
#4696 = AXIS2_PLACEMENT_3D('',#4697,#4698,#4699);
#4697 = CARTESIAN_POINT('',(14.034375,-1.26220703125,0.));
#4698 = DIRECTION('',(1.,1.110223024625E-16,-1.359631073447E-32));
#4699 = DIRECTION('',(1.110223024625E-16,-1.,1.224646799147E-16));
#4700 = DEFINITIONAL_REPRESENTATION('',(#4701),#4705);
#4701 = LINE('',#4702,#4703);
#4702 = CARTESIAN_POINT('',(0.,0.));
#4703 = VECTOR('',#4704,1.);
#4704 = DIRECTION('',(1.,0.));
#4705 = ( GEOMETRIC_REPRESENTATION_CONTEXT(2) 
PARAMETRIC_REPRESENTATION_CONTEXT() REPRESENTATION_CONTEXT('2D SPACE',''
  ) );
#4706 = ORIENTED_EDGE('',*,*,#4707,.T.);
#4707 = EDGE_CURVE('',#4680,#4708,#4710,.T.);
#4708 = VERTEX_POINT('',#4709);
#4709 = CARTESIAN_POINT('',(15.3263671875,-1.45947265625,0.));
#4710 = SURFACE_CURVE('',#4711,(#4715,#4722),.PCURVE_S1.);
#4711 = LINE('',#4712,#4713);
#4712 = CARTESIAN_POINT('',(14.034375,-1.45947265625,0.));
#4713 = VECTOR('',#4714,1.);
#4714 = DIRECTION('',(1.,1.110223024625E-16,-1.359631073447E-32));
#4715 = PCURVE('',#126,#4716);
#4716 = DEFINITIONAL_REPRESENTATION('',(#4717),#4721);
#4717 = LINE('',#4718,#4719);
#4718 = CARTESIAN_POINT('',(21.834375,5.962804755929));
#4719 = VECTOR('',#4720,1.);
#4720 = DIRECTION('',(1.,-1.110223024625E-16));
#4721 = ( GEOMETRIC_REPRESENTATION_CONTEXT(2) 
PARAMETRIC_REPRESENTATION_CONTEXT() REPRESENTATION_CONTEXT('2D SPACE',''
  ) );
#4722 = PCURVE('',#4723,#4728);
#4723 = PLANE('',#4724);
#4724 = AXIS2_PLACEMENT_3D('',#4725,#4726,#4727);
#4725 = CARTESIAN_POINT('',(14.034375,-1.45947265625,0.));
#4726 = DIRECTION('',(-1.110223024625E-16,1.,-1.224646799147E-16));
#4727 = DIRECTION('',(1.,1.110223024625E-16,-1.359631073447E-32));
#4728 = DEFINITIONAL_REPRESENTATION('',(#4729),#4733);
#4729 = LINE('',#4730,#4731);
#4730 = CARTESIAN_POINT('',(0.,0.));
#4731 = VECTOR('',#4732,1.);
#4732 = DIRECTION('',(1.,0.));
#4733 = ( GEOMETRIC_REPRESENTATION_CONTEXT(2) 
PARAMETRIC_REPRESENTATION_CONTEXT() REPRESENTATION_CONTEXT('2D SPACE',''
  ) );
#4734 = ORIENTED_EDGE('',*,*,#4735,.T.);
#4735 = EDGE_CURVE('',#4708,#4736,#4738,.T.);
#4736 = VERTEX_POINT('',#4737);
#4737 = CARTESIAN_POINT('',(15.3263671875,-1.78173828125,0.));
#4738 = SURFACE_CURVE('',#4739,(#4743,#4750),.PCURVE_S1.);
#4739 = LINE('',#4740,#4741);
#4740 = CARTESIAN_POINT('',(15.3263671875,-1.45947265625,0.));
#4741 = VECTOR('',#4742,1.);
#4742 = DIRECTION('',(1.110223024625E-16,-1.,1.224646799147E-16));
#4743 = PCURVE('',#126,#4744);
#4744 = DEFINITIONAL_REPRESENTATION('',(#4745),#4749);
#4745 = LINE('',#4746,#4747);
#4746 = CARTESIAN_POINT('',(23.1263671875,5.962804755929));
#4747 = VECTOR('',#4748,1.);
#4748 = DIRECTION('',(1.110223024625E-16,1.));
#4749 = ( GEOMETRIC_REPRESENTATION_CONTEXT(2) 
PARAMETRIC_REPRESENTATION_CONTEXT() REPRESENTATION_CONTEXT('2D SPACE',''
  ) );
#4750 = PCURVE('',#4751,#4756);
#4751 = PLANE('',#4752);
#4752 = AXIS2_PLACEMENT_3D('',#4753,#4754,#4755);
#4753 = CARTESIAN_POINT('',(15.3263671875,-1.45947265625,0.));
#4754 = DIRECTION('',(1.,1.110223024625E-16,-1.359631073447E-32));
#4755 = DIRECTION('',(1.110223024625E-16,-1.,1.224646799147E-16));
#4756 = DEFINITIONAL_REPRESENTATION('',(#4757),#4761);
#4757 = LINE('',#4758,#4759);
#4758 = CARTESIAN_POINT('',(0.,0.));
#4759 = VECTOR('',#4760,1.);
#4760 = DIRECTION('',(1.,0.));
#4761 = ( GEOMETRIC_REPRESENTATION_CONTEXT(2) 
PARAMETRIC_REPRESENTATION_CONTEXT() REPRESENTATION_CONTEXT('2D SPACE',''
  ) );
#4762 = ORIENTED_EDGE('',*,*,#4763,.T.);
#4763 = EDGE_CURVE('',#4736,#4482,#4764,.T.);
#4764 = SURFACE_CURVE('',#4765,(#4769,#4776),.PCURVE_S1.);
#4765 = LINE('',#4766,#4767);
#4766 = CARTESIAN_POINT('',(15.3263671875,-1.78173828125,0.));
#4767 = VECTOR('',#4768,1.);
#4768 = DIRECTION('',(1.,1.110223024625E-16,-1.359631073447E-32));
#4769 = PCURVE('',#126,#4770);
#4770 = DEFINITIONAL_REPRESENTATION('',(#4771),#4775);
#4771 = LINE('',#4772,#4773);
#4772 = CARTESIAN_POINT('',(23.1263671875,6.285070380929));
#4773 = VECTOR('',#4774,1.);
#4774 = DIRECTION('',(1.,-1.110223024625E-16));
#4775 = ( GEOMETRIC_REPRESENTATION_CONTEXT(2) 
PARAMETRIC_REPRESENTATION_CONTEXT() REPRESENTATION_CONTEXT('2D SPACE',''
  ) );
#4776 = PCURVE('',#4777,#4782);
#4777 = PLANE('',#4778);
#4778 = AXIS2_PLACEMENT_3D('',#4779,#4780,#4781);
#4779 = CARTESIAN_POINT('',(15.3263671875,-1.78173828125,0.));
#4780 = DIRECTION('',(-1.110223024625E-16,1.,-1.224646799147E-16));
#4781 = DIRECTION('',(1.,1.110223024625E-16,-1.359631073447E-32));
#4782 = DEFINITIONAL_REPRESENTATION('',(#4783),#4787);
#4783 = LINE('',#4784,#4785);
#4784 = CARTESIAN_POINT('',(0.,0.));
#4785 = VECTOR('',#4786,1.);
#4786 = DIRECTION('',(1.,0.));
#4787 = ( GEOMETRIC_REPRESENTATION_CONTEXT(2) 
PARAMETRIC_REPRESENTATION_CONTEXT() REPRESENTATION_CONTEXT('2D SPACE',''
  ) );
#4788 = FACE_BOUND('',#4789,.T.);
#4789 = EDGE_LOOP('',(#4790));
#4790 = ORIENTED_EDGE('',*,*,#4791,.T.);
#4791 = EDGE_CURVE('',#4792,#4792,#4794,.T.);
#4792 = VERTEX_POINT('',#4793);
#4793 = CARTESIAN_POINT('',(10.90093932557,-4.093955728425,
    8.881784197001E-16));
#4794 = SURFACE_CURVE('',#4795,(#4800,#4811),.PCURVE_S1.);
#4795 = CIRCLE('',#4796,1.25);
#4796 = AXIS2_PLACEMENT_3D('',#4797,#4798,#4799);
#4797 = CARTESIAN_POINT('',(12.15093932557,-4.093955728425,
    8.881784197001E-16));
#4798 = DIRECTION('',(0.,1.224646799147E-16,1.));
#4799 = DIRECTION('',(-1.,0.,0.));
#4800 = PCURVE('',#126,#4801);
#4801 = DEFINITIONAL_REPRESENTATION('',(#4802),#4810);
#4802 = ( BOUNDED_CURVE() B_SPLINE_CURVE(2,(#4803,#4804,#4805,#4806,
#4807,#4808,#4809),.UNSPECIFIED.,.T.,.F.) B_SPLINE_CURVE_WITH_KNOTS((1,2
    ,2,2,2,1),(-2.094395102393,0.,2.094395102393,4.188790204786,
6.28318530718,8.377580409573),.UNSPECIFIED.) CURVE() 
GEOMETRIC_REPRESENTATION_ITEM() RATIONAL_B_SPLINE_CURVE((1.,0.5,1.,0.5,
1.,0.5,1.)) REPRESENTATION_ITEM('') );
#4803 = CARTESIAN_POINT('',(18.70093932557,8.597287828104));
#4804 = CARTESIAN_POINT('',(18.70093932557,10.762351337566));
#4805 = CARTESIAN_POINT('',(20.57593932557,9.679819582835));
#4806 = CARTESIAN_POINT('',(22.45093932557,8.597287828104));
#4807 = CARTESIAN_POINT('',(20.57593932557,7.514756073374));
#4808 = CARTESIAN_POINT('',(18.70093932557,6.432224318643));
#4809 = CARTESIAN_POINT('',(18.70093932557,8.597287828104));
#4810 = ( GEOMETRIC_REPRESENTATION_CONTEXT(2) 
PARAMETRIC_REPRESENTATION_CONTEXT() REPRESENTATION_CONTEXT('2D SPACE',''
  ) );
#4811 = PCURVE('',#4812,#4817);
#4812 = CONICAL_SURFACE('',#4813,1.25,7.485984771077E-02);
#4813 = AXIS2_PLACEMENT_3D('',#4814,#4815,#4816);
#4814 = CARTESIAN_POINT('',(12.15093932557,-4.093955728425,
    8.881784197001E-16));
#4815 = DIRECTION('',(-0.,-1.224646799147E-16,-1.));
#4816 = DIRECTION('',(-1.,0.,0.));
#4817 = DEFINITIONAL_REPRESENTATION('',(#4818),#4822);
#4818 = LINE('',#4819,#4820);
#4819 = CARTESIAN_POINT('',(-0.,-0.));
#4820 = VECTOR('',#4821,1.);
#4821 = DIRECTION('',(-1.,-0.));
#4822 = ( GEOMETRIC_REPRESENTATION_CONTEXT(2) 
PARAMETRIC_REPRESENTATION_CONTEXT() REPRESENTATION_CONTEXT('2D SPACE',''
  ) );
#4823 = FACE_BOUND('',#4824,.T.);
#4824 = EDGE_LOOP('',(#4825));
#4825 = ORIENTED_EDGE('',*,*,#4826,.T.);
#4826 = EDGE_CURVE('',#4827,#4827,#4829,.T.);
#4827 = VERTEX_POINT('',#4828);
#4828 = CARTESIAN_POINT('',(1.28,-12.57,1.7763568394E-15));
#4829 = SURFACE_CURVE('',#4830,(#4835,#4846),.PCURVE_S1.);
#4830 = CIRCLE('',#4831,1.25);
#4831 = AXIS2_PLACEMENT_3D('',#4832,#4833,#4834);
#4832 = CARTESIAN_POINT('',(2.53,-12.57,1.7763568394E-15));
#4833 = DIRECTION('',(0.,1.224646799147E-16,1.));
#4834 = DIRECTION('',(-1.,0.,0.));
#4835 = PCURVE('',#126,#4836);
#4836 = DEFINITIONAL_REPRESENTATION('',(#4837),#4845);
#4837 = ( BOUNDED_CURVE() B_SPLINE_CURVE(2,(#4838,#4839,#4840,#4841,
#4842,#4843,#4844),.UNSPECIFIED.,.T.,.F.) B_SPLINE_CURVE_WITH_KNOTS((1,2
    ,2,2,2,1),(-2.094395102393,0.,2.094395102393,4.188790204786,
6.28318530718,8.377580409573),.UNSPECIFIED.) CURVE() 
GEOMETRIC_REPRESENTATION_ITEM() RATIONAL_B_SPLINE_CURVE((1.,0.5,1.,0.5,
1.,0.5,1.)) REPRESENTATION_ITEM('') );
#4838 = CARTESIAN_POINT('',(9.08,17.073332099679));
#4839 = CARTESIAN_POINT('',(9.08,19.23839560914));
#4840 = CARTESIAN_POINT('',(10.955,18.15586385441));
#4841 = CARTESIAN_POINT('',(12.83,17.073332099679));
#4842 = CARTESIAN_POINT('',(10.955,15.990800344949));
#4843 = CARTESIAN_POINT('',(9.08,14.908268590218));
#4844 = CARTESIAN_POINT('',(9.08,17.073332099679));
#4845 = ( GEOMETRIC_REPRESENTATION_CONTEXT(2) 
PARAMETRIC_REPRESENTATION_CONTEXT() REPRESENTATION_CONTEXT('2D SPACE',''
  ) );
#4846 = PCURVE('',#4847,#4852);
#4847 = CONICAL_SURFACE('',#4848,1.25,7.485984771077E-02);
#4848 = AXIS2_PLACEMENT_3D('',#4849,#4850,#4851);
#4849 = CARTESIAN_POINT('',(2.53,-12.57,1.7763568394E-15));
#4850 = DIRECTION('',(-0.,-1.224646799147E-16,-1.));
#4851 = DIRECTION('',(-1.,0.,0.));
#4852 = DEFINITIONAL_REPRESENTATION('',(#4853),#4857);
#4853 = LINE('',#4854,#4855);
#4854 = CARTESIAN_POINT('',(-0.,-0.));
#4855 = VECTOR('',#4856,1.);
#4856 = DIRECTION('',(-1.,-0.));
#4857 = ( GEOMETRIC_REPRESENTATION_CONTEXT(2) 
PARAMETRIC_REPRESENTATION_CONTEXT() REPRESENTATION_CONTEXT('2D SPACE',''
  ) );
#4858 = FACE_BOUND('',#4859,.T.);
#4859 = EDGE_LOOP('',(#4860));
#4860 = ORIENTED_EDGE('',*,*,#4861,.T.);
#4861 = EDGE_CURVE('',#4862,#4862,#4864,.T.);
#4862 = VERTEX_POINT('',#4863);
#4863 = CARTESIAN_POINT('',(8.949048216895,-8.174730299493,
    8.881784197001E-16));
#4864 = SURFACE_CURVE('',#4865,(#4870,#4881),.PCURVE_S1.);
#4865 = CIRCLE('',#4866,1.25);
#4866 = AXIS2_PLACEMENT_3D('',#4867,#4868,#4869);
#4867 = CARTESIAN_POINT('',(10.199048216895,-8.174730299493,
    8.881784197001E-16));
#4868 = DIRECTION('',(0.,1.224646799147E-16,1.));
#4869 = DIRECTION('',(-1.,0.,0.));
#4870 = PCURVE('',#126,#4871);
#4871 = DEFINITIONAL_REPRESENTATION('',(#4872),#4880);
#4872 = ( BOUNDED_CURVE() B_SPLINE_CURVE(2,(#4873,#4874,#4875,#4876,
#4877,#4878,#4879),.UNSPECIFIED.,.T.,.F.) B_SPLINE_CURVE_WITH_KNOTS((1,2
    ,2,2,2,1),(-2.094395102393,0.,2.094395102393,4.188790204786,
6.28318530718,8.377580409573),.UNSPECIFIED.) CURVE() 
GEOMETRIC_REPRESENTATION_ITEM() RATIONAL_B_SPLINE_CURVE((1.,0.5,1.,0.5,
1.,0.5,1.)) REPRESENTATION_ITEM('') );
#4873 = CARTESIAN_POINT('',(16.749048216895,12.678062399172));
#4874 = CARTESIAN_POINT('',(16.749048216895,14.843125908633));
#4875 = CARTESIAN_POINT('',(18.624048216895,13.760594153903));
#4876 = CARTESIAN_POINT('',(20.499048216895,12.678062399172));
#4877 = CARTESIAN_POINT('',(18.624048216895,11.595530644442));
#4878 = CARTESIAN_POINT('',(16.749048216895,10.512998889711));
#4879 = CARTESIAN_POINT('',(16.749048216895,12.678062399172));
#4880 = ( GEOMETRIC_REPRESENTATION_CONTEXT(2) 
PARAMETRIC_REPRESENTATION_CONTEXT() REPRESENTATION_CONTEXT('2D SPACE',''
  ) );
#4881 = PCURVE('',#4882,#4887);
#4882 = CONICAL_SURFACE('',#4883,1.25,7.485984771077E-02);
#4883 = AXIS2_PLACEMENT_3D('',#4884,#4885,#4886);
#4884 = CARTESIAN_POINT('',(10.199048216895,-8.174730299493,
    8.881784197001E-16));
#4885 = DIRECTION('',(-0.,-1.224646799147E-16,-1.));
#4886 = DIRECTION('',(-1.,0.,0.));
#4887 = DEFINITIONAL_REPRESENTATION('',(#4888),#4892);
#4888 = LINE('',#4889,#4890);
#4889 = CARTESIAN_POINT('',(-0.,-0.));
#4890 = VECTOR('',#4891,1.);
#4891 = DIRECTION('',(-1.,-0.));
#4892 = ( GEOMETRIC_REPRESENTATION_CONTEXT(2) 
PARAMETRIC_REPRESENTATION_CONTEXT() REPRESENTATION_CONTEXT('2D SPACE',''
  ) );
#4893 = ADVANCED_FACE('',(#4894),#159,.F.);
#4894 = FACE_BOUND('',#4895,.F.);
#4895 = EDGE_LOOP('',(#4896,#4917,#4918,#4919));
#4896 = ORIENTED_EDGE('',*,*,#4897,.F.);
#4897 = EDGE_CURVE('',#220,#2591,#4898,.T.);
#4898 = SURFACE_CURVE('',#4899,(#4903,#4910),.PCURVE_S1.);
#4899 = LINE('',#4900,#4901);
#4900 = CARTESIAN_POINT('',(4.313005970815E-16,-16.05033748347,5.));
#4901 = VECTOR('',#4902,1.);
#4902 = DIRECTION('',(0.,-1.224646799147E-16,-1.));
#4903 = PCURVE('',#159,#4904);
#4904 = DEFINITIONAL_REPRESENTATION('',(#4905),#4909);
#4905 = LINE('',#4906,#4907);
#4906 = CARTESIAN_POINT('',(7.043673284113,1.));
#4907 = VECTOR('',#4908,1.);
#4908 = DIRECTION('',(0.,-1.));
#4909 = ( GEOMETRIC_REPRESENTATION_CONTEXT(2) 
PARAMETRIC_REPRESENTATION_CONTEXT() REPRESENTATION_CONTEXT('2D SPACE',''
  ) );
#4910 = PCURVE('',#258,#4911);
#4911 = DEFINITIONAL_REPRESENTATION('',(#4912),#4916);
#4912 = LINE('',#4913,#4914);
#4913 = CARTESIAN_POINT('',(0.,0.));
#4914 = VECTOR('',#4915,1.);
#4915 = DIRECTION('',(0.,-1.));
#4916 = ( GEOMETRIC_REPRESENTATION_CONTEXT(2) 
PARAMETRIC_REPRESENTATION_CONTEXT() REPRESENTATION_CONTEXT('2D SPACE',''
  ) );
#4917 = ORIENTED_EDGE('',*,*,#219,.F.);
#4918 = ORIENTED_EDGE('',*,*,#141,.T.);
#4919 = ORIENTED_EDGE('',*,*,#2590,.T.);
#4920 = ADVANCED_FACE('',(#4921),#958,.F.);
#4921 = FACE_BOUND('',#4922,.F.);
#4922 = EDGE_LOOP('',(#4923,#4924,#4945,#4946));
#4923 = ORIENTED_EDGE('',*,*,#942,.F.);
#4924 = ORIENTED_EDGE('',*,*,#4925,.F.);
#4925 = EDGE_CURVE('',#3245,#915,#4926,.T.);
#4926 = SURFACE_CURVE('',#4927,(#4931,#4938),.PCURVE_S1.);
#4927 = LINE('',#4928,#4929);
#4928 = CARTESIAN_POINT('',(13.9,-8.025168741736,8.881784197001E-16));
#4929 = VECTOR('',#4930,1.);
#4930 = DIRECTION('',(0.,1.224646799147E-16,1.));
#4931 = PCURVE('',#958,#4932);
#4932 = DEFINITIONAL_REPRESENTATION('',(#4933),#4937);
#4933 = LINE('',#4934,#4935);
#4934 = CARTESIAN_POINT('',(-2.449293598295E-16,-4.));
#4935 = VECTOR('',#4936,1.);
#4936 = DIRECTION('',(0.,1.));
#4937 = ( GEOMETRIC_REPRESENTATION_CONTEXT(2) 
PARAMETRIC_REPRESENTATION_CONTEXT() REPRESENTATION_CONTEXT('2D SPACE',''
  ) );
#4938 = PCURVE('',#930,#4939);
#4939 = DEFINITIONAL_REPRESENTATION('',(#4940),#4944);
#4940 = LINE('',#4941,#4942);
#4941 = CARTESIAN_POINT('',(7.043673284113,-5.));
#4942 = VECTOR('',#4943,1.);
#4943 = DIRECTION('',(0.,1.));
#4944 = ( GEOMETRIC_REPRESENTATION_CONTEXT(2) 
PARAMETRIC_REPRESENTATION_CONTEXT() REPRESENTATION_CONTEXT('2D SPACE',''
  ) );
#4945 = ORIENTED_EDGE('',*,*,#3267,.T.);
#4946 = ORIENTED_EDGE('',*,*,#2539,.T.);
#4947 = ADVANCED_FACE('',(#4948),#930,.F.);
#4948 = FACE_BOUND('',#4949,.F.);
#4949 = EDGE_LOOP('',(#4950,#4951,#4972,#4973));
#4950 = ORIENTED_EDGE('',*,*,#914,.F.);
#4951 = ORIENTED_EDGE('',*,*,#4952,.F.);
#4952 = EDGE_CURVE('',#3222,#887,#4953,.T.);
#4953 = SURFACE_CURVE('',#4954,(#4958,#4965),.PCURVE_S1.);
#4954 = LINE('',#4955,#4956);
#4955 = CARTESIAN_POINT('',(13.9,-5.02294734195,8.881784197001E-16));
#4956 = VECTOR('',#4957,1.);
#4957 = DIRECTION('',(0.,1.224646799147E-16,1.));
#4958 = PCURVE('',#930,#4959);
#4959 = DEFINITIONAL_REPRESENTATION('',(#4960),#4964);
#4960 = LINE('',#4961,#4962);
#4961 = CARTESIAN_POINT('',(4.041451884327,-5.));
#4962 = VECTOR('',#4963,1.);
#4963 = DIRECTION('',(0.,1.));
#4964 = ( GEOMETRIC_REPRESENTATION_CONTEXT(2) 
PARAMETRIC_REPRESENTATION_CONTEXT() REPRESENTATION_CONTEXT('2D SPACE',''
  ) );
#4965 = PCURVE('',#902,#4966);
#4966 = DEFINITIONAL_REPRESENTATION('',(#4967),#4971);
#4967 = LINE('',#4968,#4969);
#4968 = CARTESIAN_POINT('',(3.002221399786,-5.));
#4969 = VECTOR('',#4970,1.);
#4970 = DIRECTION('',(0.,1.));
#4971 = ( GEOMETRIC_REPRESENTATION_CONTEXT(2) 
PARAMETRIC_REPRESENTATION_CONTEXT() REPRESENTATION_CONTEXT('2D SPACE',''
  ) );
#4972 = ORIENTED_EDGE('',*,*,#3244,.T.);
#4973 = ORIENTED_EDGE('',*,*,#4925,.T.);
#4974 = ADVANCED_FACE('',(#4975),#258,.F.);
#4975 = FACE_BOUND('',#4976,.F.);
#4976 = EDGE_LOOP('',(#4977,#4978,#4979,#4980));
#4977 = ORIENTED_EDGE('',*,*,#242,.F.);
#4978 = ORIENTED_EDGE('',*,*,#4897,.T.);
#4979 = ORIENTED_EDGE('',*,*,#2613,.T.);
#4980 = ORIENTED_EDGE('',*,*,#4981,.F.);
#4981 = EDGE_CURVE('',#243,#2614,#4982,.T.);
#4982 = SURFACE_CURVE('',#4983,(#4987,#4994),.PCURVE_S1.);
#4983 = LINE('',#4984,#4985);
#4984 = CARTESIAN_POINT('',(-2.6,-14.54922678357,5.));
#4985 = VECTOR('',#4986,1.);
#4986 = DIRECTION('',(0.,-1.224646799147E-16,-1.));
#4987 = PCURVE('',#258,#4988);
#4988 = DEFINITIONAL_REPRESENTATION('',(#4989),#4993);
#4989 = LINE('',#4990,#4991);
#4990 = CARTESIAN_POINT('',(3.002221399786,1.83833041379E-16));
#4991 = VECTOR('',#4992,1.);
#4992 = DIRECTION('',(0.,-1.));
#4993 = ( GEOMETRIC_REPRESENTATION_CONTEXT(2) 
PARAMETRIC_REPRESENTATION_CONTEXT() REPRESENTATION_CONTEXT('2D SPACE',''
  ) );
#4994 = PCURVE('',#286,#4995);
#4995 = DEFINITIONAL_REPRESENTATION('',(#4996),#5000);
#4996 = LINE('',#4997,#4998);
#4997 = CARTESIAN_POINT('',(4.041451884327,6.407108639976E-16));
#4998 = VECTOR('',#4999,1.);
#4999 = DIRECTION('',(0.,-1.));
#5000 = ( GEOMETRIC_REPRESENTATION_CONTEXT(2) 
PARAMETRIC_REPRESENTATION_CONTEXT() REPRESENTATION_CONTEXT('2D SPACE',''
  ) );
#5001 = ADVANCED_FACE('',(#5002),#902,.F.);
#5002 = FACE_BOUND('',#5003,.F.);
#5003 = EDGE_LOOP('',(#5004,#5005,#5026,#5027));
#5004 = ORIENTED_EDGE('',*,*,#886,.F.);
#5005 = ORIENTED_EDGE('',*,*,#5006,.F.);
#5006 = EDGE_CURVE('',#3199,#859,#5007,.T.);
#5007 = SURFACE_CURVE('',#5008,(#5012,#5019),.PCURVE_S1.);
#5008 = LINE('',#5009,#5010);
#5009 = CARTESIAN_POINT('',(16.5,-3.521836642057,0.));
#5010 = VECTOR('',#5011,1.);
#5011 = DIRECTION('',(0.,1.224646799147E-16,1.));
#5012 = PCURVE('',#902,#5013);
#5013 = DEFINITIONAL_REPRESENTATION('',(#5014),#5018);
#5014 = LINE('',#5015,#5016);
#5015 = CARTESIAN_POINT('',(-8.411709486181E-17,-5.));
#5016 = VECTOR('',#5017,1.);
#5017 = DIRECTION('',(0.,1.));
#5018 = ( GEOMETRIC_REPRESENTATION_CONTEXT(2) 
PARAMETRIC_REPRESENTATION_CONTEXT() REPRESENTATION_CONTEXT('2D SPACE',''
  ) );
#5019 = PCURVE('',#874,#5020);
#5020 = DEFINITIONAL_REPRESENTATION('',(#5021),#5025);
#5021 = LINE('',#5022,#5023);
#5022 = CARTESIAN_POINT('',(7.043673284113,-5.));
#5023 = VECTOR('',#5024,1.);
#5024 = DIRECTION('',(0.,1.));
#5025 = ( GEOMETRIC_REPRESENTATION_CONTEXT(2) 
PARAMETRIC_REPRESENTATION_CONTEXT() REPRESENTATION_CONTEXT('2D SPACE',''
  ) );
#5026 = ORIENTED_EDGE('',*,*,#3221,.T.);
#5027 = ORIENTED_EDGE('',*,*,#4952,.T.);
#5028 = ADVANCED_FACE('',(#5029),#286,.F.);
#5029 = FACE_BOUND('',#5030,.F.);
#5030 = EDGE_LOOP('',(#5031,#5032,#5033,#5034));
#5031 = ORIENTED_EDGE('',*,*,#270,.F.);
#5032 = ORIENTED_EDGE('',*,*,#4981,.T.);
#5033 = ORIENTED_EDGE('',*,*,#2636,.T.);
#5034 = ORIENTED_EDGE('',*,*,#5035,.F.);
#5035 = EDGE_CURVE('',#271,#2637,#5036,.T.);
#5036 = SURFACE_CURVE('',#5037,(#5041,#5048),.PCURVE_S1.);
#5037 = LINE('',#5038,#5039);
#5038 = CARTESIAN_POINT('',(-5.2,-16.05033748347,5.));
#5039 = VECTOR('',#5040,1.);
#5040 = DIRECTION('',(0.,-1.224646799147E-16,-1.));
#5041 = PCURVE('',#286,#5042);
#5042 = DEFINITIONAL_REPRESENTATION('',(#5043),#5047);
#5043 = LINE('',#5044,#5045);
#5044 = CARTESIAN_POINT('',(7.043673284113,4.568778226187E-16));
#5045 = VECTOR('',#5046,1.);
#5046 = DIRECTION('',(0.,-1.));
#5047 = ( GEOMETRIC_REPRESENTATION_CONTEXT(2) 
PARAMETRIC_REPRESENTATION_CONTEXT() REPRESENTATION_CONTEXT('2D SPACE',''
  ) );
#5048 = PCURVE('',#314,#5049);
#5049 = DEFINITIONAL_REPRESENTATION('',(#5050),#5054);
#5050 = LINE('',#5051,#5052);
#5051 = CARTESIAN_POINT('',(0.,0.));
#5052 = VECTOR('',#5053,1.);
#5053 = DIRECTION('',(0.,-1.));
#5054 = ( GEOMETRIC_REPRESENTATION_CONTEXT(2) 
PARAMETRIC_REPRESENTATION_CONTEXT() REPRESENTATION_CONTEXT('2D SPACE',''
  ) );
#5055 = ADVANCED_FACE('',(#5056),#874,.F.);
#5056 = FACE_BOUND('',#5057,.F.);
#5057 = EDGE_LOOP('',(#5058,#5059,#5080,#5081,#5104,#5132,#5153,#5154));
#5058 = ORIENTED_EDGE('',*,*,#858,.F.);
#5059 = ORIENTED_EDGE('',*,*,#5060,.F.);
#5060 = EDGE_CURVE('',#3097,#831,#5061,.T.);
#5061 = SURFACE_CURVE('',#5062,(#5066,#5073),.PCURVE_S1.);
#5062 = LINE('',#5063,#5064);
#5063 = CARTESIAN_POINT('',(16.5,3.521836642057,0.));
#5064 = VECTOR('',#5065,1.);
#5065 = DIRECTION('',(0.,1.224646799147E-16,1.));
#5066 = PCURVE('',#874,#5067);
#5067 = DEFINITIONAL_REPRESENTATION('',(#5068),#5072);
#5068 = LINE('',#5069,#5070);
#5069 = CARTESIAN_POINT('',(-1.682341897236E-16,-5.));
#5070 = VECTOR('',#5071,1.);
#5071 = DIRECTION('',(0.,1.));
#5072 = ( GEOMETRIC_REPRESENTATION_CONTEXT(2) 
PARAMETRIC_REPRESENTATION_CONTEXT() REPRESENTATION_CONTEXT('2D SPACE',''
  ) );
#5073 = PCURVE('',#846,#5074);
#5074 = DEFINITIONAL_REPRESENTATION('',(#5075),#5079);
#5075 = LINE('',#5076,#5077);
#5076 = CARTESIAN_POINT('',(7.043673284113,-5.));
#5077 = VECTOR('',#5078,1.);
#5078 = DIRECTION('',(0.,1.));
#5079 = ( GEOMETRIC_REPRESENTATION_CONTEXT(2) 
PARAMETRIC_REPRESENTATION_CONTEXT() REPRESENTATION_CONTEXT('2D SPACE',''
  ) );
#5080 = ORIENTED_EDGE('',*,*,#3119,.T.);
#5081 = ORIENTED_EDGE('',*,*,#5082,.F.);
#5082 = EDGE_CURVE('',#5083,#3120,#5085,.T.);
#5083 = VERTEX_POINT('',#5084);
#5084 = CARTESIAN_POINT('',(16.5,0.615384615385,4.));
#5085 = SURFACE_CURVE('',#5086,(#5090,#5097),.PCURVE_S1.);
#5086 = LINE('',#5087,#5088);
#5087 = CARTESIAN_POINT('',(16.5,0.615384615385,4.5));
#5088 = VECTOR('',#5089,1.);
#5089 = DIRECTION('',(0.,-1.224646799147E-16,-1.));
#5090 = PCURVE('',#874,#5091);
#5091 = DEFINITIONAL_REPRESENTATION('',(#5092),#5096);
#5092 = LINE('',#5093,#5094);
#5093 = CARTESIAN_POINT('',(2.906452026672,-0.5));
#5094 = VECTOR('',#5095,1.);
#5095 = DIRECTION('',(0.,-1.));
#5096 = ( GEOMETRIC_REPRESENTATION_CONTEXT(2) 
PARAMETRIC_REPRESENTATION_CONTEXT() REPRESENTATION_CONTEXT('2D SPACE',''
  ) );
#5097 = PCURVE('',#3158,#5098);
#5098 = DEFINITIONAL_REPRESENTATION('',(#5099),#5103);
#5099 = LINE('',#5100,#5101);
#5100 = CARTESIAN_POINT('',(1.174179809421,0.5));
#5101 = VECTOR('',#5102,1.);
#5102 = DIRECTION('',(0.,-1.));
#5103 = ( GEOMETRIC_REPRESENTATION_CONTEXT(2) 
PARAMETRIC_REPRESENTATION_CONTEXT() REPRESENTATION_CONTEXT('2D SPACE',''
  ) );
#5104 = ORIENTED_EDGE('',*,*,#5105,.F.);
#5105 = EDGE_CURVE('',#5106,#5083,#5108,.T.);
#5106 = VERTEX_POINT('',#5107);
#5107 = CARTESIAN_POINT('',(16.5,-0.615384615385,4.));
#5108 = SURFACE_CURVE('',#5109,(#5113,#5120),.PCURVE_S1.);
#5109 = LINE('',#5110,#5111);
#5110 = CARTESIAN_POINT('',(16.5,1.760918321028,4.));
#5111 = VECTOR('',#5112,1.);
#5112 = DIRECTION('',(0.,1.,-1.224646799147E-16));
#5113 = PCURVE('',#874,#5114);
#5114 = DEFINITIONAL_REPRESENTATION('',(#5115),#5119);
#5115 = LINE('',#5116,#5117);
#5116 = CARTESIAN_POINT('',(1.760918321028,-1.));
#5117 = VECTOR('',#5118,1.);
#5118 = DIRECTION('',(-1.,0.));
#5119 = ( GEOMETRIC_REPRESENTATION_CONTEXT(2) 
PARAMETRIC_REPRESENTATION_CONTEXT() REPRESENTATION_CONTEXT('2D SPACE',''
  ) );
#5120 = PCURVE('',#5121,#5126);
#5121 = PLANE('',#5122);
#5122 = AXIS2_PLACEMENT_3D('',#5123,#5124,#5125);
#5123 = CARTESIAN_POINT('',(16.626481922385,-3.796405077357E-16,4.));
#5124 = DIRECTION('',(-0.,1.224646799147E-16,1.));
#5125 = DIRECTION('',(-1.,-0.,0.));
#5126 = DEFINITIONAL_REPRESENTATION('',(#5127),#5131);
#5127 = LINE('',#5128,#5129);
#5128 = CARTESIAN_POINT('',(0.126481922385,-1.760918321028));
#5129 = VECTOR('',#5130,1.);
#5130 = DIRECTION('',(-0.,-1.));
#5131 = ( GEOMETRIC_REPRESENTATION_CONTEXT(2) 
PARAMETRIC_REPRESENTATION_CONTEXT() REPRESENTATION_CONTEXT('2D SPACE',''
  ) );
#5132 = ORIENTED_EDGE('',*,*,#5133,.F.);
#5133 = EDGE_CURVE('',#3171,#5106,#5134,.T.);
#5134 = SURFACE_CURVE('',#5135,(#5139,#5146),.PCURVE_S1.);
#5135 = LINE('',#5136,#5137);
#5136 = CARTESIAN_POINT('',(16.5,-0.615384615385,4.5));
#5137 = VECTOR('',#5138,1.);
#5138 = DIRECTION('',(0.,1.224646799147E-16,1.));
#5139 = PCURVE('',#874,#5140);
#5140 = DEFINITIONAL_REPRESENTATION('',(#5141),#5145);
#5141 = LINE('',#5142,#5143);
#5142 = CARTESIAN_POINT('',(4.137221257441,-0.5));
#5143 = VECTOR('',#5144,1.);
#5144 = DIRECTION('',(0.,1.));
#5145 = ( GEOMETRIC_REPRESENTATION_CONTEXT(2) 
PARAMETRIC_REPRESENTATION_CONTEXT() REPRESENTATION_CONTEXT('2D SPACE',''
  ) );
#5146 = PCURVE('',#3186,#5147);
#5147 = DEFINITIONAL_REPRESENTATION('',(#5148),#5152);
#5148 = LINE('',#5149,#5150);
#5149 = CARTESIAN_POINT('',(0.352253942826,0.5));
#5150 = VECTOR('',#5151,1.);
#5151 = DIRECTION('',(0.,1.));
#5152 = ( GEOMETRIC_REPRESENTATION_CONTEXT(2) 
PARAMETRIC_REPRESENTATION_CONTEXT() REPRESENTATION_CONTEXT('2D SPACE',''
  ) );
#5153 = ORIENTED_EDGE('',*,*,#3198,.T.);
#5154 = ORIENTED_EDGE('',*,*,#5006,.T.);
#5155 = ADVANCED_FACE('',(#5156),#314,.F.);
#5156 = FACE_BOUND('',#5157,.F.);
#5157 = EDGE_LOOP('',(#5158,#5159,#5160,#5161));
#5158 = ORIENTED_EDGE('',*,*,#298,.F.);
#5159 = ORIENTED_EDGE('',*,*,#5035,.T.);
#5160 = ORIENTED_EDGE('',*,*,#2659,.T.);
#5161 = ORIENTED_EDGE('',*,*,#5162,.F.);
#5162 = EDGE_CURVE('',#299,#2660,#5163,.T.);
#5163 = SURFACE_CURVE('',#5164,(#5168,#5175),.PCURVE_S1.);
#5164 = LINE('',#5165,#5166);
#5165 = CARTESIAN_POINT('',(-11.3,-12.52850084141,5.));
#5166 = VECTOR('',#5167,1.);
#5167 = DIRECTION('',(0.,-1.224646799147E-16,-1.));
#5168 = PCURVE('',#314,#5169);
#5169 = DEFINITIONAL_REPRESENTATION('',(#5170),#5174);
#5170 = LINE('',#5171,#5172);
#5171 = CARTESIAN_POINT('',(7.043673284113,-4.568778226187E-16));
#5172 = VECTOR('',#5173,1.);
#5173 = DIRECTION('',(0.,-1.));
#5174 = ( GEOMETRIC_REPRESENTATION_CONTEXT(2) 
PARAMETRIC_REPRESENTATION_CONTEXT() REPRESENTATION_CONTEXT('2D SPACE',''
  ) );
#5175 = PCURVE('',#342,#5176);
#5176 = DEFINITIONAL_REPRESENTATION('',(#5177),#5181);
#5177 = LINE('',#5178,#5179);
#5178 = CARTESIAN_POINT('',(0.,0.));
#5179 = VECTOR('',#5180,1.);
#5180 = DIRECTION('',(0.,-1.));
#5181 = ( GEOMETRIC_REPRESENTATION_CONTEXT(2) 
PARAMETRIC_REPRESENTATION_CONTEXT() REPRESENTATION_CONTEXT('2D SPACE',''
  ) );
#5182 = ADVANCED_FACE('',(#5183),#846,.F.);
#5183 = FACE_BOUND('',#5184,.F.);
#5184 = EDGE_LOOP('',(#5185,#5186,#5207,#5208));
#5185 = ORIENTED_EDGE('',*,*,#830,.F.);
#5186 = ORIENTED_EDGE('',*,*,#5187,.F.);
#5187 = EDGE_CURVE('',#3074,#803,#5188,.T.);
#5188 = SURFACE_CURVE('',#5189,(#5193,#5200),.PCURVE_S1.);
#5189 = LINE('',#5190,#5191);
#5190 = CARTESIAN_POINT('',(13.9,5.02294734195,-8.881784197001E-16));
#5191 = VECTOR('',#5192,1.);
#5192 = DIRECTION('',(0.,1.224646799147E-16,1.));
#5193 = PCURVE('',#846,#5194);
#5194 = DEFINITIONAL_REPRESENTATION('',(#5195),#5199);
#5195 = LINE('',#5196,#5197);
#5196 = CARTESIAN_POINT('',(4.041451884327,-5.));
#5197 = VECTOR('',#5198,1.);
#5198 = DIRECTION('',(0.,1.));
#5199 = ( GEOMETRIC_REPRESENTATION_CONTEXT(2) 
PARAMETRIC_REPRESENTATION_CONTEXT() REPRESENTATION_CONTEXT('2D SPACE',''
  ) );
#5200 = PCURVE('',#818,#5201);
#5201 = DEFINITIONAL_REPRESENTATION('',(#5202),#5206);
#5202 = LINE('',#5203,#5204);
#5203 = CARTESIAN_POINT('',(3.002221399786,-5.));
#5204 = VECTOR('',#5205,1.);
#5205 = DIRECTION('',(0.,1.));
#5206 = ( GEOMETRIC_REPRESENTATION_CONTEXT(2) 
PARAMETRIC_REPRESENTATION_CONTEXT() REPRESENTATION_CONTEXT('2D SPACE',''
  ) );
#5207 = ORIENTED_EDGE('',*,*,#3096,.T.);
#5208 = ORIENTED_EDGE('',*,*,#5060,.T.);
#5209 = ADVANCED_FACE('',(#5210),#342,.F.);
#5210 = FACE_BOUND('',#5211,.F.);
#5211 = EDGE_LOOP('',(#5212,#5213,#5214,#5215));
#5212 = ORIENTED_EDGE('',*,*,#326,.F.);
#5213 = ORIENTED_EDGE('',*,*,#5162,.T.);
#5214 = ORIENTED_EDGE('',*,*,#2682,.T.);
#5215 = ORIENTED_EDGE('',*,*,#5216,.F.);
#5216 = EDGE_CURVE('',#327,#2683,#5217,.T.);
#5217 = SURFACE_CURVE('',#5218,(#5222,#5229),.PCURVE_S1.);
#5218 = LINE('',#5219,#5220);
#5219 = CARTESIAN_POINT('',(-11.3,-9.526279441629,5.));
#5220 = VECTOR('',#5221,1.);
#5221 = DIRECTION('',(0.,-1.224646799147E-16,-1.));
#5222 = PCURVE('',#342,#5223);
#5223 = DEFINITIONAL_REPRESENTATION('',(#5224),#5228);
#5224 = LINE('',#5225,#5226);
#5225 = CARTESIAN_POINT('',(3.002221399786,3.67666082758E-16));
#5226 = VECTOR('',#5227,1.);
#5227 = DIRECTION('',(0.,-1.));
#5228 = ( GEOMETRIC_REPRESENTATION_CONTEXT(2) 
PARAMETRIC_REPRESENTATION_CONTEXT() REPRESENTATION_CONTEXT('2D SPACE',''
  ) );
#5229 = PCURVE('',#370,#5230);
#5230 = DEFINITIONAL_REPRESENTATION('',(#5231),#5235);
#5231 = LINE('',#5232,#5233);
#5232 = CARTESIAN_POINT('',(4.041451884327,2.474675557025E-16));
#5233 = VECTOR('',#5234,1.);
#5234 = DIRECTION('',(0.,-1.));
#5235 = ( GEOMETRIC_REPRESENTATION_CONTEXT(2) 
PARAMETRIC_REPRESENTATION_CONTEXT() REPRESENTATION_CONTEXT('2D SPACE',''
  ) );
#5236 = ADVANCED_FACE('',(#5237),#818,.F.);
#5237 = FACE_BOUND('',#5238,.F.);
#5238 = EDGE_LOOP('',(#5239,#5240,#5261,#5262));
#5239 = ORIENTED_EDGE('',*,*,#802,.F.);
#5240 = ORIENTED_EDGE('',*,*,#5241,.F.);
#5241 = EDGE_CURVE('',#3051,#775,#5242,.T.);
#5242 = SURFACE_CURVE('',#5243,(#5247,#5254),.PCURVE_S1.);
#5243 = LINE('',#5244,#5245);
#5244 = CARTESIAN_POINT('',(13.9,8.025168741736,-8.881784197001E-16));
#5245 = VECTOR('',#5246,1.);
#5246 = DIRECTION('',(0.,1.224646799147E-16,1.));
#5247 = PCURVE('',#818,#5248);
#5248 = DEFINITIONAL_REPRESENTATION('',(#5249),#5253);
#5249 = LINE('',#5250,#5251);
#5250 = CARTESIAN_POINT('',(-6.123233995737E-16,-5.));
#5251 = VECTOR('',#5252,1.);
#5252 = DIRECTION('',(0.,1.));
#5253 = ( GEOMETRIC_REPRESENTATION_CONTEXT(2) 
PARAMETRIC_REPRESENTATION_CONTEXT() REPRESENTATION_CONTEXT('2D SPACE',''
  ) );
#5254 = PCURVE('',#790,#5255);
#5255 = DEFINITIONAL_REPRESENTATION('',(#5256),#5260);
#5256 = LINE('',#5257,#5258);
#5257 = CARTESIAN_POINT('',(7.043673284113,-5.));
#5258 = VECTOR('',#5259,1.);
#5259 = DIRECTION('',(0.,1.));
#5260 = ( GEOMETRIC_REPRESENTATION_CONTEXT(2) 
PARAMETRIC_REPRESENTATION_CONTEXT() REPRESENTATION_CONTEXT('2D SPACE',''
  ) );
#5261 = ORIENTED_EDGE('',*,*,#3073,.T.);
#5262 = ORIENTED_EDGE('',*,*,#5187,.T.);
#5263 = ADVANCED_FACE('',(#5264),#370,.F.);
#5264 = FACE_BOUND('',#5265,.F.);
#5265 = EDGE_LOOP('',(#5266,#5267,#5268,#5269));
#5266 = ORIENTED_EDGE('',*,*,#354,.F.);
#5267 = ORIENTED_EDGE('',*,*,#5216,.T.);
#5268 = ORIENTED_EDGE('',*,*,#2705,.T.);
#5269 = ORIENTED_EDGE('',*,*,#5270,.F.);
#5270 = EDGE_CURVE('',#355,#2706,#5271,.T.);
#5271 = SURFACE_CURVE('',#5272,(#5276,#5283),.PCURVE_S1.);
#5272 = LINE('',#5273,#5274);
#5273 = CARTESIAN_POINT('',(-13.9,-8.025168741736,5.));
#5274 = VECTOR('',#5275,1.);
#5275 = DIRECTION('',(0.,-1.224646799147E-16,-1.));
#5276 = PCURVE('',#370,#5277);
#5277 = DEFINITIONAL_REPRESENTATION('',(#5278),#5282);
#5278 = LINE('',#5279,#5280);
#5279 = CARTESIAN_POINT('',(7.043673284113,-4.568778226187E-16));
#5280 = VECTOR('',#5281,1.);
#5281 = DIRECTION('',(0.,-1.));
#5282 = ( GEOMETRIC_REPRESENTATION_CONTEXT(2) 
PARAMETRIC_REPRESENTATION_CONTEXT() REPRESENTATION_CONTEXT('2D SPACE',''
  ) );
#5283 = PCURVE('',#398,#5284);
#5284 = DEFINITIONAL_REPRESENTATION('',(#5285),#5289);
#5285 = LINE('',#5286,#5287);
#5286 = CARTESIAN_POINT('',(0.,0.));
#5287 = VECTOR('',#5288,1.);
#5288 = DIRECTION('',(0.,-1.));
#5289 = ( GEOMETRIC_REPRESENTATION_CONTEXT(2) 
PARAMETRIC_REPRESENTATION_CONTEXT() REPRESENTATION_CONTEXT('2D SPACE',''
  ) );
#5290 = ADVANCED_FACE('',(#5291),#790,.F.);
#5291 = FACE_BOUND('',#5292,.F.);
#5292 = EDGE_LOOP('',(#5293,#5294,#5315,#5316));
#5293 = ORIENTED_EDGE('',*,*,#774,.F.);
#5294 = ORIENTED_EDGE('',*,*,#5295,.F.);
#5295 = EDGE_CURVE('',#3028,#747,#5296,.T.);
#5296 = SURFACE_CURVE('',#5297,(#5301,#5308),.PCURVE_S1.);
#5297 = LINE('',#5298,#5299);
#5298 = CARTESIAN_POINT('',(11.3,9.526279441629,-8.881784197001E-16));
#5299 = VECTOR('',#5300,1.);
#5300 = DIRECTION('',(0.,1.224646799147E-16,1.));
#5301 = PCURVE('',#790,#5302);
#5302 = DEFINITIONAL_REPRESENTATION('',(#5303),#5307);
#5303 = LINE('',#5304,#5305);
#5304 = CARTESIAN_POINT('',(4.041451884327,-5.));
#5305 = VECTOR('',#5306,1.);
#5306 = DIRECTION('',(0.,1.));
#5307 = ( GEOMETRIC_REPRESENTATION_CONTEXT(2) 
PARAMETRIC_REPRESENTATION_CONTEXT() REPRESENTATION_CONTEXT('2D SPACE',''
  ) );
#5308 = PCURVE('',#762,#5309);
#5309 = DEFINITIONAL_REPRESENTATION('',(#5310),#5314);
#5310 = LINE('',#5311,#5312);
#5311 = CARTESIAN_POINT('',(3.002221399786,-5.));
#5312 = VECTOR('',#5313,1.);
#5313 = DIRECTION('',(0.,1.));
#5314 = ( GEOMETRIC_REPRESENTATION_CONTEXT(2) 
PARAMETRIC_REPRESENTATION_CONTEXT() REPRESENTATION_CONTEXT('2D SPACE',''
  ) );
#5315 = ORIENTED_EDGE('',*,*,#3050,.T.);
#5316 = ORIENTED_EDGE('',*,*,#5241,.T.);
#5317 = ADVANCED_FACE('',(#5318),#398,.F.);
#5318 = FACE_BOUND('',#5319,.F.);
#5319 = EDGE_LOOP('',(#5320,#5321,#5322,#5323));
#5320 = ORIENTED_EDGE('',*,*,#382,.F.);
#5321 = ORIENTED_EDGE('',*,*,#5270,.T.);
#5322 = ORIENTED_EDGE('',*,*,#2728,.T.);
#5323 = ORIENTED_EDGE('',*,*,#5324,.F.);
#5324 = EDGE_CURVE('',#383,#2729,#5325,.T.);
#5325 = SURFACE_CURVE('',#5326,(#5330,#5337),.PCURVE_S1.);
#5326 = LINE('',#5327,#5328);
#5327 = CARTESIAN_POINT('',(-13.9,-5.02294734195,5.));
#5328 = VECTOR('',#5329,1.);
#5329 = DIRECTION('',(0.,-1.224646799147E-16,-1.));
#5330 = PCURVE('',#398,#5331);
#5331 = DEFINITIONAL_REPRESENTATION('',(#5332),#5336);
#5332 = LINE('',#5333,#5334);
#5333 = CARTESIAN_POINT('',(3.002221399786,3.67666082758E-16));
#5334 = VECTOR('',#5335,1.);
#5335 = DIRECTION('',(0.,-1.));
#5336 = ( GEOMETRIC_REPRESENTATION_CONTEXT(2) 
PARAMETRIC_REPRESENTATION_CONTEXT() REPRESENTATION_CONTEXT('2D SPACE',''
  ) );
#5337 = PCURVE('',#426,#5338);
#5338 = DEFINITIONAL_REPRESENTATION('',(#5339),#5343);
#5339 = LINE('',#5340,#5341);
#5340 = CARTESIAN_POINT('',(4.041451884327,2.474675557025E-16));
#5341 = VECTOR('',#5342,1.);
#5342 = DIRECTION('',(0.,-1.));
#5343 = ( GEOMETRIC_REPRESENTATION_CONTEXT(2) 
PARAMETRIC_REPRESENTATION_CONTEXT() REPRESENTATION_CONTEXT('2D SPACE',''
  ) );
#5344 = ADVANCED_FACE('',(#5345),#762,.F.);
#5345 = FACE_BOUND('',#5346,.F.);
#5346 = EDGE_LOOP('',(#5347,#5348,#5369,#5370));
#5347 = ORIENTED_EDGE('',*,*,#746,.F.);
#5348 = ORIENTED_EDGE('',*,*,#5349,.F.);
#5349 = EDGE_CURVE('',#3005,#719,#5350,.T.);
#5350 = SURFACE_CURVE('',#5351,(#5355,#5362),.PCURVE_S1.);
#5351 = LINE('',#5352,#5353);
#5352 = CARTESIAN_POINT('',(11.3,12.528500841415,-1.7763568394E-15));
#5353 = VECTOR('',#5354,1.);
#5354 = DIRECTION('',(0.,1.224646799147E-16,1.));
#5355 = PCURVE('',#762,#5356);
#5356 = DEFINITIONAL_REPRESENTATION('',(#5357),#5361);
#5357 = LINE('',#5358,#5359);
#5358 = CARTESIAN_POINT('',(-6.123233995737E-16,-5.));
#5359 = VECTOR('',#5360,1.);
#5360 = DIRECTION('',(0.,1.));
#5361 = ( GEOMETRIC_REPRESENTATION_CONTEXT(2) 
PARAMETRIC_REPRESENTATION_CONTEXT() REPRESENTATION_CONTEXT('2D SPACE',''
  ) );
#5362 = PCURVE('',#734,#5363);
#5363 = DEFINITIONAL_REPRESENTATION('',(#5364),#5368);
#5364 = LINE('',#5365,#5366);
#5365 = CARTESIAN_POINT('',(7.043673284113,-5.));
#5366 = VECTOR('',#5367,1.);
#5367 = DIRECTION('',(0.,1.));
#5368 = ( GEOMETRIC_REPRESENTATION_CONTEXT(2) 
PARAMETRIC_REPRESENTATION_CONTEXT() REPRESENTATION_CONTEXT('2D SPACE',''
  ) );
#5369 = ORIENTED_EDGE('',*,*,#3027,.T.);
#5370 = ORIENTED_EDGE('',*,*,#5295,.T.);
#5371 = ADVANCED_FACE('',(#5372),#426,.F.);
#5372 = FACE_BOUND('',#5373,.F.);
#5373 = EDGE_LOOP('',(#5374,#5375,#5376,#5377));
#5374 = ORIENTED_EDGE('',*,*,#410,.F.);
#5375 = ORIENTED_EDGE('',*,*,#5324,.T.);
#5376 = ORIENTED_EDGE('',*,*,#2751,.T.);
#5377 = ORIENTED_EDGE('',*,*,#5378,.F.);
#5378 = EDGE_CURVE('',#411,#2752,#5379,.T.);
#5379 = SURFACE_CURVE('',#5380,(#5384,#5391),.PCURVE_S1.);
#5380 = LINE('',#5381,#5382);
#5381 = CARTESIAN_POINT('',(-16.5,-3.521836642057,5.));
#5382 = VECTOR('',#5383,1.);
#5383 = DIRECTION('',(0.,-1.224646799147E-16,-1.));
#5384 = PCURVE('',#426,#5385);
#5385 = DEFINITIONAL_REPRESENTATION('',(#5386),#5390);
#5386 = LINE('',#5387,#5388);
#5387 = CARTESIAN_POINT('',(7.043673284113,4.313005970815E-16));
#5388 = VECTOR('',#5389,1.);
#5389 = DIRECTION('',(0.,-1.));
#5390 = ( GEOMETRIC_REPRESENTATION_CONTEXT(2) 
PARAMETRIC_REPRESENTATION_CONTEXT() REPRESENTATION_CONTEXT('2D SPACE',''
  ) );
#5391 = PCURVE('',#454,#5392);
#5392 = DEFINITIONAL_REPRESENTATION('',(#5393),#5397);
#5393 = LINE('',#5394,#5395);
#5394 = CARTESIAN_POINT('',(0.,0.));
#5395 = VECTOR('',#5396,1.);
#5396 = DIRECTION('',(0.,-1.));
#5397 = ( GEOMETRIC_REPRESENTATION_CONTEXT(2) 
PARAMETRIC_REPRESENTATION_CONTEXT() REPRESENTATION_CONTEXT('2D SPACE',''
  ) );
#5398 = ADVANCED_FACE('',(#5399),#734,.F.);
#5399 = FACE_BOUND('',#5400,.F.);
#5400 = EDGE_LOOP('',(#5401,#5402,#5423,#5424));
#5401 = ORIENTED_EDGE('',*,*,#718,.F.);
#5402 = ORIENTED_EDGE('',*,*,#5403,.F.);
#5403 = EDGE_CURVE('',#2982,#691,#5404,.T.);
#5404 = SURFACE_CURVE('',#5405,(#5409,#5416),.PCURVE_S1.);
#5405 = LINE('',#5406,#5407);
#5406 = CARTESIAN_POINT('',(5.2,16.050337483472,-1.7763568394E-15));
#5407 = VECTOR('',#5408,1.);
#5408 = DIRECTION('',(0.,1.224646799147E-16,1.));
#5409 = PCURVE('',#734,#5410);
#5410 = DEFINITIONAL_REPRESENTATION('',(#5411),#5415);
#5411 = LINE('',#5412,#5413);
#5412 = CARTESIAN_POINT('',(-3.061616997868E-16,-5.));
#5413 = VECTOR('',#5414,1.);
#5414 = DIRECTION('',(0.,1.));
#5415 = ( GEOMETRIC_REPRESENTATION_CONTEXT(2) 
PARAMETRIC_REPRESENTATION_CONTEXT() REPRESENTATION_CONTEXT('2D SPACE',''
  ) );
#5416 = PCURVE('',#706,#5417);
#5417 = DEFINITIONAL_REPRESENTATION('',(#5418),#5422);
#5418 = LINE('',#5419,#5420);
#5419 = CARTESIAN_POINT('',(7.043673284113,-5.));
#5420 = VECTOR('',#5421,1.);
#5421 = DIRECTION('',(0.,1.));
#5422 = ( GEOMETRIC_REPRESENTATION_CONTEXT(2) 
PARAMETRIC_REPRESENTATION_CONTEXT() REPRESENTATION_CONTEXT('2D SPACE',''
  ) );
#5423 = ORIENTED_EDGE('',*,*,#3004,.T.);
#5424 = ORIENTED_EDGE('',*,*,#5349,.T.);
#5425 = ADVANCED_FACE('',(#5426),#454,.F.);
#5426 = FACE_BOUND('',#5427,.F.);
#5427 = EDGE_LOOP('',(#5428,#5429,#5430,#5431));
#5428 = ORIENTED_EDGE('',*,*,#438,.F.);
#5429 = ORIENTED_EDGE('',*,*,#5378,.T.);
#5430 = ORIENTED_EDGE('',*,*,#2774,.T.);
#5431 = ORIENTED_EDGE('',*,*,#5432,.F.);
#5432 = EDGE_CURVE('',#439,#2775,#5433,.T.);
#5433 = SURFACE_CURVE('',#5434,(#5438,#5445),.PCURVE_S1.);
#5434 = LINE('',#5435,#5436);
#5435 = CARTESIAN_POINT('',(-16.5,3.521836642057,5.));
#5436 = VECTOR('',#5437,1.);
#5437 = DIRECTION('',(0.,-1.224646799147E-16,-1.));
#5438 = PCURVE('',#454,#5439);
#5439 = DEFINITIONAL_REPRESENTATION('',(#5440),#5444);
#5440 = LINE('',#5441,#5442);
#5441 = CARTESIAN_POINT('',(7.043673284113,-2.55772255372E-17));
#5442 = VECTOR('',#5443,1.);
#5443 = DIRECTION('',(0.,-1.));
#5444 = ( GEOMETRIC_REPRESENTATION_CONTEXT(2) 
PARAMETRIC_REPRESENTATION_CONTEXT() REPRESENTATION_CONTEXT('2D SPACE',''
  ) );
#5445 = PCURVE('',#482,#5446);
#5446 = DEFINITIONAL_REPRESENTATION('',(#5447),#5451);
#5447 = LINE('',#5448,#5449);
#5448 = CARTESIAN_POINT('',(0.,0.));
#5449 = VECTOR('',#5450,1.);
#5450 = DIRECTION('',(0.,-1.));
#5451 = ( GEOMETRIC_REPRESENTATION_CONTEXT(2) 
PARAMETRIC_REPRESENTATION_CONTEXT() REPRESENTATION_CONTEXT('2D SPACE',''
  ) );
#5452 = ADVANCED_FACE('',(#5453),#706,.F.);
#5453 = FACE_BOUND('',#5454,.F.);
#5454 = EDGE_LOOP('',(#5455,#5456,#5477,#5478));
#5455 = ORIENTED_EDGE('',*,*,#690,.F.);
#5456 = ORIENTED_EDGE('',*,*,#5457,.F.);
#5457 = EDGE_CURVE('',#2959,#663,#5458,.T.);
#5458 = SURFACE_CURVE('',#5459,(#5463,#5470),.PCURVE_S1.);
#5459 = LINE('',#5460,#5461);
#5460 = CARTESIAN_POINT('',(2.6,14.549226783579,-1.7763568394E-15));
#5461 = VECTOR('',#5462,1.);
#5462 = DIRECTION('',(0.,1.224646799147E-16,1.));
#5463 = PCURVE('',#706,#5464);
#5464 = DEFINITIONAL_REPRESENTATION('',(#5465),#5469);
#5465 = LINE('',#5466,#5467);
#5466 = CARTESIAN_POINT('',(4.041451884327,-5.));
#5467 = VECTOR('',#5468,1.);
#5468 = DIRECTION('',(0.,1.));
#5469 = ( GEOMETRIC_REPRESENTATION_CONTEXT(2) 
PARAMETRIC_REPRESENTATION_CONTEXT() REPRESENTATION_CONTEXT('2D SPACE',''
  ) );
#5470 = PCURVE('',#678,#5471);
#5471 = DEFINITIONAL_REPRESENTATION('',(#5472),#5476);
#5472 = LINE('',#5473,#5474);
#5473 = CARTESIAN_POINT('',(3.002221399786,-5.));
#5474 = VECTOR('',#5475,1.);
#5475 = DIRECTION('',(0.,1.));
#5476 = ( GEOMETRIC_REPRESENTATION_CONTEXT(2) 
PARAMETRIC_REPRESENTATION_CONTEXT() REPRESENTATION_CONTEXT('2D SPACE',''
  ) );
#5477 = ORIENTED_EDGE('',*,*,#2981,.T.);
#5478 = ORIENTED_EDGE('',*,*,#5403,.T.);
#5479 = ADVANCED_FACE('',(#5480),#482,.F.);
#5480 = FACE_BOUND('',#5481,.F.);
#5481 = EDGE_LOOP('',(#5482,#5483,#5484,#5485));
#5482 = ORIENTED_EDGE('',*,*,#466,.F.);
#5483 = ORIENTED_EDGE('',*,*,#5432,.T.);
#5484 = ORIENTED_EDGE('',*,*,#2797,.T.);
#5485 = ORIENTED_EDGE('',*,*,#5486,.F.);
#5486 = EDGE_CURVE('',#467,#2798,#5487,.T.);
#5487 = SURFACE_CURVE('',#5488,(#5492,#5499),.PCURVE_S1.);
#5488 = LINE('',#5489,#5490);
#5489 = CARTESIAN_POINT('',(-13.9,5.02294734195,5.));
#5490 = VECTOR('',#5491,1.);
#5491 = DIRECTION('',(0.,-1.224646799147E-16,-1.));
#5492 = PCURVE('',#482,#5493);
#5493 = DEFINITIONAL_REPRESENTATION('',(#5494),#5498);
#5494 = LINE('',#5495,#5496);
#5495 = CARTESIAN_POINT('',(3.002221399786,1.83833041379E-16));
#5496 = VECTOR('',#5497,1.);
#5497 = DIRECTION('',(0.,-1.));
#5498 = ( GEOMETRIC_REPRESENTATION_CONTEXT(2) 
PARAMETRIC_REPRESENTATION_CONTEXT() REPRESENTATION_CONTEXT('2D SPACE',''
  ) );
#5499 = PCURVE('',#510,#5500);
#5500 = DEFINITIONAL_REPRESENTATION('',(#5501),#5505);
#5501 = LINE('',#5502,#5503);
#5502 = CARTESIAN_POINT('',(4.041451884327,-3.932433082952E-16));
#5503 = VECTOR('',#5504,1.);
#5504 = DIRECTION('',(0.,-1.));
#5505 = ( GEOMETRIC_REPRESENTATION_CONTEXT(2) 
PARAMETRIC_REPRESENTATION_CONTEXT() REPRESENTATION_CONTEXT('2D SPACE',''
  ) );
#5506 = ADVANCED_FACE('',(#5507),#678,.F.);
#5507 = FACE_BOUND('',#5508,.F.);
#5508 = EDGE_LOOP('',(#5509,#5510,#5531,#5532));
#5509 = ORIENTED_EDGE('',*,*,#662,.F.);
#5510 = ORIENTED_EDGE('',*,*,#5511,.F.);
#5511 = EDGE_CURVE('',#2936,#635,#5512,.T.);
#5512 = SURFACE_CURVE('',#5513,(#5517,#5524),.PCURVE_S1.);
#5513 = LINE('',#5514,#5515);
#5514 = CARTESIAN_POINT('',(-1.293901791244E-15,16.050337483472,
    -1.7763568394E-15));
#5515 = VECTOR('',#5516,1.);
#5516 = DIRECTION('',(0.,1.224646799147E-16,1.));
#5517 = PCURVE('',#678,#5518);
#5518 = DEFINITIONAL_REPRESENTATION('',(#5519),#5523);
#5519 = LINE('',#5520,#5521);
#5520 = CARTESIAN_POINT('',(-5.35782974627E-16,-5.));
#5521 = VECTOR('',#5522,1.);
#5522 = DIRECTION('',(0.,1.));
#5523 = ( GEOMETRIC_REPRESENTATION_CONTEXT(2) 
PARAMETRIC_REPRESENTATION_CONTEXT() REPRESENTATION_CONTEXT('2D SPACE',''
  ) );
#5524 = PCURVE('',#650,#5525);
#5525 = DEFINITIONAL_REPRESENTATION('',(#5526),#5530);
#5526 = LINE('',#5527,#5528);
#5527 = CARTESIAN_POINT('',(7.043673284113,-5.));
#5528 = VECTOR('',#5529,1.);
#5529 = DIRECTION('',(0.,1.));
#5530 = ( GEOMETRIC_REPRESENTATION_CONTEXT(2) 
PARAMETRIC_REPRESENTATION_CONTEXT() REPRESENTATION_CONTEXT('2D SPACE',''
  ) );
#5531 = ORIENTED_EDGE('',*,*,#2958,.T.);
#5532 = ORIENTED_EDGE('',*,*,#5457,.T.);
#5533 = ADVANCED_FACE('',(#5534),#510,.F.);
#5534 = FACE_BOUND('',#5535,.F.);
#5535 = EDGE_LOOP('',(#5536,#5537,#5538,#5539));
#5536 = ORIENTED_EDGE('',*,*,#494,.F.);
#5537 = ORIENTED_EDGE('',*,*,#5486,.T.);
#5538 = ORIENTED_EDGE('',*,*,#2820,.T.);
#5539 = ORIENTED_EDGE('',*,*,#5540,.F.);
#5540 = EDGE_CURVE('',#495,#2821,#5541,.T.);
#5541 = SURFACE_CURVE('',#5542,(#5546,#5553),.PCURVE_S1.);
#5542 = LINE('',#5543,#5544);
#5543 = CARTESIAN_POINT('',(-13.9,8.025168741736,5.));
#5544 = VECTOR('',#5545,1.);
#5545 = DIRECTION('',(0.,-1.224646799147E-16,-1.));
#5546 = PCURVE('',#510,#5547);
#5547 = DEFINITIONAL_REPRESENTATION('',(#5548),#5552);
#5548 = LINE('',#5549,#5550);
#5549 = CARTESIAN_POINT('',(7.043673284113,-9.137556452373E-16));
#5550 = VECTOR('',#5551,1.);
#5551 = DIRECTION('',(0.,-1.));
#5552 = ( GEOMETRIC_REPRESENTATION_CONTEXT(2) 
PARAMETRIC_REPRESENTATION_CONTEXT() REPRESENTATION_CONTEXT('2D SPACE',''
  ) );
#5553 = PCURVE('',#538,#5554);
#5554 = DEFINITIONAL_REPRESENTATION('',(#5555),#5559);
#5555 = LINE('',#5556,#5557);
#5556 = CARTESIAN_POINT('',(0.,0.));
#5557 = VECTOR('',#5558,1.);
#5558 = DIRECTION('',(0.,-1.));
#5559 = ( GEOMETRIC_REPRESENTATION_CONTEXT(2) 
PARAMETRIC_REPRESENTATION_CONTEXT() REPRESENTATION_CONTEXT('2D SPACE',''
  ) );
#5560 = ADVANCED_FACE('',(#5561),#650,.F.);
#5561 = FACE_BOUND('',#5562,.F.);
#5562 = EDGE_LOOP('',(#5563,#5564,#5585,#5586));
#5563 = ORIENTED_EDGE('',*,*,#634,.F.);
#5564 = ORIENTED_EDGE('',*,*,#5565,.F.);
#5565 = EDGE_CURVE('',#2913,#607,#5566,.T.);
#5566 = SURFACE_CURVE('',#5567,(#5571,#5578),.PCURVE_S1.);
#5567 = LINE('',#5568,#5569);
#5568 = CARTESIAN_POINT('',(-2.6,14.549226783579,-1.7763568394E-15));
#5569 = VECTOR('',#5570,1.);
#5570 = DIRECTION('',(0.,1.224646799147E-16,1.));
#5571 = PCURVE('',#650,#5572);
#5572 = DEFINITIONAL_REPRESENTATION('',(#5573),#5577);
#5573 = LINE('',#5574,#5575);
#5574 = CARTESIAN_POINT('',(4.041451884327,-5.));
#5575 = VECTOR('',#5576,1.);
#5576 = DIRECTION('',(0.,1.));
#5577 = ( GEOMETRIC_REPRESENTATION_CONTEXT(2) 
PARAMETRIC_REPRESENTATION_CONTEXT() REPRESENTATION_CONTEXT('2D SPACE',''
  ) );
#5578 = PCURVE('',#622,#5579);
#5579 = DEFINITIONAL_REPRESENTATION('',(#5580),#5584);
#5580 = LINE('',#5581,#5582);
#5581 = CARTESIAN_POINT('',(3.002221399786,-5.));
#5582 = VECTOR('',#5583,1.);
#5583 = DIRECTION('',(0.,1.));
#5584 = ( GEOMETRIC_REPRESENTATION_CONTEXT(2) 
PARAMETRIC_REPRESENTATION_CONTEXT() REPRESENTATION_CONTEXT('2D SPACE',''
  ) );
#5585 = ORIENTED_EDGE('',*,*,#2935,.T.);
#5586 = ORIENTED_EDGE('',*,*,#5511,.T.);
#5587 = ADVANCED_FACE('',(#5588),#538,.F.);
#5588 = FACE_BOUND('',#5589,.F.);
#5589 = EDGE_LOOP('',(#5590,#5591,#5592,#5593));
#5590 = ORIENTED_EDGE('',*,*,#522,.F.);
#5591 = ORIENTED_EDGE('',*,*,#5540,.T.);
#5592 = ORIENTED_EDGE('',*,*,#2843,.T.);
#5593 = ORIENTED_EDGE('',*,*,#5594,.F.);
#5594 = EDGE_CURVE('',#523,#2844,#5595,.T.);
#5595 = SURFACE_CURVE('',#5596,(#5600,#5607),.PCURVE_S1.);
#5596 = LINE('',#5597,#5598);
#5597 = CARTESIAN_POINT('',(-11.3,9.526279441629,5.));
#5598 = VECTOR('',#5599,1.);
#5599 = DIRECTION('',(0.,-1.224646799147E-16,-1.));
#5600 = PCURVE('',#538,#5601);
#5601 = DEFINITIONAL_REPRESENTATION('',(#5602),#5606);
#5602 = LINE('',#5603,#5604);
#5603 = CARTESIAN_POINT('',(3.002221399786,1.83833041379E-16));
#5604 = VECTOR('',#5605,1.);
#5605 = DIRECTION('',(0.,-1.));
#5606 = ( GEOMETRIC_REPRESENTATION_CONTEXT(2) 
PARAMETRIC_REPRESENTATION_CONTEXT() REPRESENTATION_CONTEXT('2D SPACE',''
  ) );
#5607 = PCURVE('',#566,#5608);
#5608 = DEFINITIONAL_REPRESENTATION('',(#5609),#5613);
#5609 = LINE('',#5610,#5611);
#5610 = CARTESIAN_POINT('',(4.041451884327,4.94935111405E-16));
#5611 = VECTOR('',#5612,1.);
#5612 = DIRECTION('',(0.,-1.));
#5613 = ( GEOMETRIC_REPRESENTATION_CONTEXT(2) 
PARAMETRIC_REPRESENTATION_CONTEXT() REPRESENTATION_CONTEXT('2D SPACE',''
  ) );
#5614 = ADVANCED_FACE('',(#5615),#622,.F.);
#5615 = FACE_BOUND('',#5616,.F.);
#5616 = EDGE_LOOP('',(#5617,#5618,#5639,#5640));
#5617 = ORIENTED_EDGE('',*,*,#606,.F.);
#5618 = ORIENTED_EDGE('',*,*,#5619,.F.);
#5619 = EDGE_CURVE('',#2890,#579,#5620,.T.);
#5620 = SURFACE_CURVE('',#5621,(#5625,#5632),.PCURVE_S1.);
#5621 = LINE('',#5622,#5623);
#5622 = CARTESIAN_POINT('',(-5.2,16.050337483472,-1.7763568394E-15));
#5623 = VECTOR('',#5624,1.);
#5624 = DIRECTION('',(0.,1.224646799147E-16,1.));
#5625 = PCURVE('',#622,#5626);
#5626 = DEFINITIONAL_REPRESENTATION('',(#5627),#5631);
#5627 = LINE('',#5628,#5629);
#5628 = CARTESIAN_POINT('',(-3.061616997868E-16,-5.));
#5629 = VECTOR('',#5630,1.);
#5630 = DIRECTION('',(0.,1.));
#5631 = ( GEOMETRIC_REPRESENTATION_CONTEXT(2) 
PARAMETRIC_REPRESENTATION_CONTEXT() REPRESENTATION_CONTEXT('2D SPACE',''
  ) );
#5632 = PCURVE('',#594,#5633);
#5633 = DEFINITIONAL_REPRESENTATION('',(#5634),#5638);
#5634 = LINE('',#5635,#5636);
#5635 = CARTESIAN_POINT('',(7.043673284113,-5.));
#5636 = VECTOR('',#5637,1.);
#5637 = DIRECTION('',(0.,1.));
#5638 = ( GEOMETRIC_REPRESENTATION_CONTEXT(2) 
PARAMETRIC_REPRESENTATION_CONTEXT() REPRESENTATION_CONTEXT('2D SPACE',''
  ) );
#5639 = ORIENTED_EDGE('',*,*,#2912,.T.);
#5640 = ORIENTED_EDGE('',*,*,#5565,.T.);
#5641 = ADVANCED_FACE('',(#5642),#566,.F.);
#5642 = FACE_BOUND('',#5643,.F.);
#5643 = EDGE_LOOP('',(#5644,#5645,#5646,#5647));
#5644 = ORIENTED_EDGE('',*,*,#550,.F.);
#5645 = ORIENTED_EDGE('',*,*,#5594,.T.);
#5646 = ORIENTED_EDGE('',*,*,#2866,.T.);
#5647 = ORIENTED_EDGE('',*,*,#5648,.F.);
#5648 = EDGE_CURVE('',#551,#2867,#5649,.T.);
#5649 = SURFACE_CURVE('',#5650,(#5654,#5661),.PCURVE_S1.);
#5650 = LINE('',#5651,#5652);
#5651 = CARTESIAN_POINT('',(-11.3,12.528500841415,5.));
#5652 = VECTOR('',#5653,1.);
#5653 = DIRECTION('',(0.,-1.224646799147E-16,-1.));
#5654 = PCURVE('',#566,#5655);
#5655 = DEFINITIONAL_REPRESENTATION('',(#5656),#5660);
#5656 = LINE('',#5657,#5658);
#5657 = CARTESIAN_POINT('',(7.043673284113,8.626011941629E-16));
#5658 = VECTOR('',#5659,1.);
#5659 = DIRECTION('',(0.,-1.));
#5660 = ( GEOMETRIC_REPRESENTATION_CONTEXT(2) 
PARAMETRIC_REPRESENTATION_CONTEXT() REPRESENTATION_CONTEXT('2D SPACE',''
  ) );
#5661 = PCURVE('',#594,#5662);
#5662 = DEFINITIONAL_REPRESENTATION('',(#5663),#5667);
#5663 = LINE('',#5664,#5665);
#5664 = CARTESIAN_POINT('',(0.,0.));
#5665 = VECTOR('',#5666,1.);
#5666 = DIRECTION('',(0.,-1.));
#5667 = ( GEOMETRIC_REPRESENTATION_CONTEXT(2) 
PARAMETRIC_REPRESENTATION_CONTEXT() REPRESENTATION_CONTEXT('2D SPACE',''
  ) );
#5668 = ADVANCED_FACE('',(#5669),#594,.F.);
#5669 = FACE_BOUND('',#5670,.F.);
#5670 = EDGE_LOOP('',(#5671,#5672,#5673,#5674));
#5671 = ORIENTED_EDGE('',*,*,#578,.F.);
#5672 = ORIENTED_EDGE('',*,*,#5648,.T.);
#5673 = ORIENTED_EDGE('',*,*,#2889,.T.);
#5674 = ORIENTED_EDGE('',*,*,#5619,.T.);
#5675 = ADVANCED_FACE('',(#5676),#1011,.T.);
#5676 = FACE_BOUND('',#5677,.T.);
#5677 = EDGE_LOOP('',(#5678,#5679,#5702,#5730,#5758,#5786,#5813));
#5678 = ORIENTED_EDGE('',*,*,#993,.F.);
#5679 = ORIENTED_EDGE('',*,*,#5680,.T.);
#5680 = EDGE_CURVE('',#994,#5681,#5683,.T.);
#5681 = VERTEX_POINT('',#5682);
#5682 = CARTESIAN_POINT('',(-8.4,-10.85418506076,4.));
#5683 = SURFACE_CURVE('',#5684,(#5688,#5695),.PCURVE_S1.);
#5684 = LINE('',#5685,#5686);
#5685 = CARTESIAN_POINT('',(-8.4,-10.85418506076,5.));
#5686 = VECTOR('',#5687,1.);
#5687 = DIRECTION('',(0.,-1.224646799147E-16,-1.));
#5688 = PCURVE('',#1011,#5689);
#5689 = DEFINITIONAL_REPRESENTATION('',(#5690),#5694);
#5690 = LINE('',#5691,#5692);
#5691 = CARTESIAN_POINT('',(0.,0.));
#5692 = VECTOR('',#5693,1.);
#5693 = DIRECTION('',(0.,-1.));
#5694 = ( GEOMETRIC_REPRESENTATION_CONTEXT(2) 
PARAMETRIC_REPRESENTATION_CONTEXT() REPRESENTATION_CONTEXT('2D SPACE',''
  ) );
#5695 = PCURVE('',#1039,#5696);
#5696 = DEFINITIONAL_REPRESENTATION('',(#5697),#5701);
#5697 = LINE('',#5698,#5699);
#5698 = CARTESIAN_POINT('',(3.695041722814,-6.619223687721E-16));
#5699 = VECTOR('',#5700,1.);
#5700 = DIRECTION('',(0.,-1.));
#5701 = ( GEOMETRIC_REPRESENTATION_CONTEXT(2) 
PARAMETRIC_REPRESENTATION_CONTEXT() REPRESENTATION_CONTEXT('2D SPACE',''
  ) );
#5702 = ORIENTED_EDGE('',*,*,#5703,.F.);
#5703 = EDGE_CURVE('',#5704,#5681,#5706,.T.);
#5704 = VERTEX_POINT('',#5705);
#5705 = CARTESIAN_POINT('',(-8.4,-7.851963660979,4.));
#5706 = SURFACE_CURVE('',#5707,(#5711,#5718),.PCURVE_S1.);
#5707 = LINE('',#5708,#5709);
#5708 = CARTESIAN_POINT('',(-8.4,-5.427092530382,4.));
#5709 = VECTOR('',#5710,1.);
#5710 = DIRECTION('',(0.,-1.,1.224646799147E-16));
#5711 = PCURVE('',#1011,#5712);
#5712 = DEFINITIONAL_REPRESENTATION('',(#5713),#5717);
#5713 = LINE('',#5714,#5715);
#5714 = CARTESIAN_POINT('',(5.427092530382,-1.));
#5715 = VECTOR('',#5716,1.);
#5716 = DIRECTION('',(-1.,0.));
#5717 = ( GEOMETRIC_REPRESENTATION_CONTEXT(2) 
PARAMETRIC_REPRESENTATION_CONTEXT() REPRESENTATION_CONTEXT('2D SPACE',''
  ) );
#5718 = PCURVE('',#5719,#5724);
#5719 = PLANE('',#5720);
#5720 = AXIS2_PLACEMENT_3D('',#5721,#5722,#5723);
#5721 = CARTESIAN_POINT('',(-10.4,4.067920513504E-17,4.));
#5722 = DIRECTION('',(0.,-1.224646799147E-16,-1.));
#5723 = DIRECTION('',(1.,0.,0.));
#5724 = DEFINITIONAL_REPRESENTATION('',(#5725),#5729);
#5725 = LINE('',#5726,#5727);
#5726 = CARTESIAN_POINT('',(2.,5.427092530382));
#5727 = VECTOR('',#5728,1.);
#5728 = DIRECTION('',(0.,1.));
#5729 = ( GEOMETRIC_REPRESENTATION_CONTEXT(2) 
PARAMETRIC_REPRESENTATION_CONTEXT() REPRESENTATION_CONTEXT('2D SPACE',''
  ) );
#5730 = ORIENTED_EDGE('',*,*,#5731,.F.);
#5731 = EDGE_CURVE('',#5732,#5704,#5734,.T.);
#5732 = VERTEX_POINT('',#5733);
#5733 = CARTESIAN_POINT('',(-8.4,-7.851963660979,5.));
#5734 = SURFACE_CURVE('',#5735,(#5739,#5746),.PCURVE_S1.);
#5735 = LINE('',#5736,#5737);
#5736 = CARTESIAN_POINT('',(-8.4,-7.851963660979,5.));
#5737 = VECTOR('',#5738,1.);
#5738 = DIRECTION('',(0.,-1.224646799147E-16,-1.));
#5739 = PCURVE('',#1011,#5740);
#5740 = DEFINITIONAL_REPRESENTATION('',(#5741),#5745);
#5741 = LINE('',#5742,#5743);
#5742 = CARTESIAN_POINT('',(3.002221399786,-5.205123369422E-16));
#5743 = VECTOR('',#5744,1.);
#5744 = DIRECTION('',(0.,-1.));
#5745 = ( GEOMETRIC_REPRESENTATION_CONTEXT(2) 
PARAMETRIC_REPRESENTATION_CONTEXT() REPRESENTATION_CONTEXT('2D SPACE',''
  ) );
#5746 = PCURVE('',#5747,#5752);
#5747 = PLANE('',#5748);
#5748 = AXIS2_PLACEMENT_3D('',#5749,#5750,#5751);
#5749 = CARTESIAN_POINT('',(-7.8,-8.198373822493,5.));
#5750 = DIRECTION('',(0.5,0.866025403784,-1.060575238725E-16));
#5751 = DIRECTION('',(-0.866025403784,0.5,-6.123233995737E-17));
#5752 = DEFINITIONAL_REPRESENTATION('',(#5753),#5757);
#5753 = LINE('',#5754,#5755);
#5754 = CARTESIAN_POINT('',(0.692820323028,4.2423009549E-17));
#5755 = VECTOR('',#5756,1.);
#5756 = DIRECTION('',(0.,-1.));
#5757 = ( GEOMETRIC_REPRESENTATION_CONTEXT(2) 
PARAMETRIC_REPRESENTATION_CONTEXT() REPRESENTATION_CONTEXT('2D SPACE',''
  ) );
#5758 = ORIENTED_EDGE('',*,*,#5759,.F.);
#5759 = EDGE_CURVE('',#5760,#5732,#5762,.T.);
#5760 = VERTEX_POINT('',#5761);
#5761 = CARTESIAN_POINT('',(-8.4,-8.208075685215,5.));
#5762 = SURFACE_CURVE('',#5763,(#5767,#5774),.PCURVE_S1.);
#5763 = LINE('',#5764,#5765);
#5764 = CARTESIAN_POINT('',(-8.4,-10.85418506076,5.));
#5765 = VECTOR('',#5766,1.);
#5766 = DIRECTION('',(0.,1.,-1.224646799147E-16));
#5767 = PCURVE('',#1011,#5768);
#5768 = DEFINITIONAL_REPRESENTATION('',(#5769),#5773);
#5769 = LINE('',#5770,#5771);
#5770 = CARTESIAN_POINT('',(0.,0.));
#5771 = VECTOR('',#5772,1.);
#5772 = DIRECTION('',(1.,0.));
#5773 = ( GEOMETRIC_REPRESENTATION_CONTEXT(2) 
PARAMETRIC_REPRESENTATION_CONTEXT() REPRESENTATION_CONTEXT('2D SPACE',''
  ) );
#5774 = PCURVE('',#5775,#5780);
#5775 = PLANE('',#5776);
#5776 = AXIS2_PLACEMENT_3D('',#5777,#5778,#5779);
#5777 = CARTESIAN_POINT('',(-10.4,1.631438850498E-16,5.));
#5778 = DIRECTION('',(0.,-1.224646799147E-16,-1.));
#5779 = DIRECTION('',(1.,0.,0.));
#5780 = DEFINITIONAL_REPRESENTATION('',(#5781),#5785);
#5781 = LINE('',#5782,#5783);
#5782 = CARTESIAN_POINT('',(2.,10.854185060765));
#5783 = VECTOR('',#5784,1.);
#5784 = DIRECTION('',(0.,-1.));
#5785 = ( GEOMETRIC_REPRESENTATION_CONTEXT(2) 
PARAMETRIC_REPRESENTATION_CONTEXT() REPRESENTATION_CONTEXT('2D SPACE',''
  ) );
#5786 = ORIENTED_EDGE('',*,*,#5787,.T.);
#5787 = EDGE_CURVE('',#5760,#5788,#5790,.T.);
#5788 = VERTEX_POINT('',#5789);
#5789 = CARTESIAN_POINT('',(-8.4,-8.476044271575,4.612524340939));
#5790 = SURFACE_CURVE('',#5791,(#5796,#5803),.PCURVE_S1.);
#5791 = HYPERBOLA('',#5792,16.279191007605,1.22093932557);
#5792 = AXIS2_PLACEMENT_3D('',#5793,#5794,#5795);
#5793 = CARTESIAN_POINT('',(-8.4,-8.476044271575,-11.66666666666));
#5794 = DIRECTION('',(1.,0.,-0.));
#5795 = DIRECTION('',(0.,1.224646799147E-16,1.));
#5796 = PCURVE('',#1011,#5797);
#5797 = DEFINITIONAL_REPRESENTATION('',(#5798),#5802);
#5798 = HYPERBOLA('',#5799,16.279191007605,1.22093932557);
#5799 = AXIS2_PLACEMENT_2D('',#5800,#5801);
#5800 = CARTESIAN_POINT('',(2.37814078919,-16.66666666666));
#5801 = DIRECTION('',(0.,1.));
#5802 = ( GEOMETRIC_REPRESENTATION_CONTEXT(2) 
PARAMETRIC_REPRESENTATION_CONTEXT() REPRESENTATION_CONTEXT('2D SPACE',''
  ) );
#5803 = PCURVE('',#2523,#5804);
#5804 = DEFINITIONAL_REPRESENTATION('',(#5805),#5812);
#5805 = B_SPLINE_CURVE_WITH_KNOTS('',5,(#5806,#5807,#5808,#5809,#5810,
    #5811),.UNSPECIFIED.,.F.,.F.,(6,6),(-0.217752483175,0.),
  .PIECEWISE_BEZIER_KNOTS.);
#5806 = CARTESIAN_POINT('',(-6.067133532553,2.224586097819E-15));
#5807 = CARTESIAN_POINT('',(-6.109671543745,-0.155602200248));
#5808 = CARTESIAN_POINT('',(-6.152705958178,-0.271691000404));
#5809 = CARTESIAN_POINT('',(-6.196084295706,-0.34888088891));
#5810 = CARTESIAN_POINT('',(-6.239634810544,-0.387475659061));
#5811 = CARTESIAN_POINT('',(-6.28318530718,-0.387475659061));
#5812 = ( GEOMETRIC_REPRESENTATION_CONTEXT(2) 
PARAMETRIC_REPRESENTATION_CONTEXT() REPRESENTATION_CONTEXT('2D SPACE',''
  ) );
#5813 = ORIENTED_EDGE('',*,*,#5814,.T.);
#5814 = EDGE_CURVE('',#5788,#996,#5815,.T.);
#5815 = SURFACE_CURVE('',#5816,(#5821,#5828),.PCURVE_S1.);
#5816 = HYPERBOLA('',#5817,16.279191007605,1.22093932557);
#5817 = AXIS2_PLACEMENT_3D('',#5818,#5819,#5820);
#5818 = CARTESIAN_POINT('',(-8.4,-8.476044271575,-11.66666666666));
#5819 = DIRECTION('',(1.,0.,-0.));
#5820 = DIRECTION('',(0.,1.224646799147E-16,1.));
#5821 = PCURVE('',#1011,#5822);
#5822 = DEFINITIONAL_REPRESENTATION('',(#5823),#5827);
#5823 = HYPERBOLA('',#5824,16.279191007605,1.22093932557);
#5824 = AXIS2_PLACEMENT_2D('',#5825,#5826);
#5825 = CARTESIAN_POINT('',(2.37814078919,-16.66666666666));
#5826 = DIRECTION('',(0.,1.));
#5827 = ( GEOMETRIC_REPRESENTATION_CONTEXT(2) 
PARAMETRIC_REPRESENTATION_CONTEXT() REPRESENTATION_CONTEXT('2D SPACE',''
  ) );
#5828 = PCURVE('',#2523,#5829);
#5829 = DEFINITIONAL_REPRESENTATION('',(#5830),#5837);
#5830 = B_SPLINE_CURVE_WITH_KNOTS('',5,(#5831,#5832,#5833,#5834,#5835,
    #5836),.UNSPECIFIED.,.F.,.F.,(6,6),(0.,0.217752483175),
  .PIECEWISE_BEZIER_KNOTS.);
#5831 = CARTESIAN_POINT('',(0.,-0.387475659061));
#5832 = CARTESIAN_POINT('',(-4.355049663509E-02,-0.387475659061));
#5833 = CARTESIAN_POINT('',(-8.710101147345E-02,-0.34888088891));
#5834 = CARTESIAN_POINT('',(-0.130479349001,-0.271691000404));
#5835 = CARTESIAN_POINT('',(-0.173513763435,-0.155602200248));
#5836 = CARTESIAN_POINT('',(-0.216051774627,2.208025903543E-15));
#5837 = ( GEOMETRIC_REPRESENTATION_CONTEXT(2) 
PARAMETRIC_REPRESENTATION_CONTEXT() REPRESENTATION_CONTEXT('2D SPACE',''
  ) );
#5838 = ADVANCED_FACE('',(#5839),#2523,.F.);
#5839 = FACE_BOUND('',#5840,.F.);
#5840 = EDGE_LOOP('',(#5841,#5864,#5891,#5892,#5893,#5894,#5921,#5945,
    #5972,#5994));
#5841 = ORIENTED_EDGE('',*,*,#5842,.T.);
#5842 = EDGE_CURVE('',#5788,#5843,#5845,.T.);
#5843 = VERTEX_POINT('',#5844);
#5844 = CARTESIAN_POINT('',(-8.52093932557,-8.476044271575,3.));
#5845 = SEAM_CURVE('',#5846,(#5850,#5857),.PCURVE_S1.);
#5846 = LINE('',#5847,#5848);
#5847 = CARTESIAN_POINT('',(-8.37093932557,-8.476044271575,5.));
#5848 = VECTOR('',#5849,1.);
#5849 = DIRECTION('',(-7.478994824163E-02,-1.404399484412E-16,
    -0.997199309888));
#5850 = PCURVE('',#2523,#5851);
#5851 = DEFINITIONAL_REPRESENTATION('',(#5852),#5856);
#5852 = LINE('',#5853,#5854);
#5853 = CARTESIAN_POINT('',(-6.28318530718,0.));
#5854 = VECTOR('',#5855,1.);
#5855 = DIRECTION('',(-0.,-1.));
#5856 = ( GEOMETRIC_REPRESENTATION_CONTEXT(2) 
PARAMETRIC_REPRESENTATION_CONTEXT() REPRESENTATION_CONTEXT('2D SPACE',''
  ) );
#5857 = PCURVE('',#2523,#5858);
#5858 = DEFINITIONAL_REPRESENTATION('',(#5859),#5863);
#5859 = LINE('',#5860,#5861);
#5860 = CARTESIAN_POINT('',(0.,-0.));
#5861 = VECTOR('',#5862,1.);
#5862 = DIRECTION('',(-0.,-1.));
#5863 = ( GEOMETRIC_REPRESENTATION_CONTEXT(2) 
PARAMETRIC_REPRESENTATION_CONTEXT() REPRESENTATION_CONTEXT('2D SPACE',''
  ) );
#5864 = ORIENTED_EDGE('',*,*,#5865,.F.);
#5865 = EDGE_CURVE('',#5843,#5843,#5866,.T.);
#5866 = SURFACE_CURVE('',#5867,(#5872,#5879),.PCURVE_S1.);
#5867 = CIRCLE('',#5868,1.1);
#5868 = AXIS2_PLACEMENT_3D('',#5869,#5870,#5871);
#5869 = CARTESIAN_POINT('',(-9.62093932557,-8.476044271575,3.));
#5870 = DIRECTION('',(0.,-1.224646799147E-16,-1.));
#5871 = DIRECTION('',(1.,0.,0.));
#5872 = PCURVE('',#2523,#5873);
#5873 = DEFINITIONAL_REPRESENTATION('',(#5874),#5878);
#5874 = LINE('',#5875,#5876);
#5875 = CARTESIAN_POINT('',(-0.,-2.));
#5876 = VECTOR('',#5877,1.);
#5877 = DIRECTION('',(-1.,-0.));
#5878 = ( GEOMETRIC_REPRESENTATION_CONTEXT(2) 
PARAMETRIC_REPRESENTATION_CONTEXT() REPRESENTATION_CONTEXT('2D SPACE',''
  ) );
#5879 = PCURVE('',#5880,#5885);
#5880 = CYLINDRICAL_SURFACE('',#5881,1.1);
#5881 = AXIS2_PLACEMENT_3D('',#5882,#5883,#5884);
#5882 = CARTESIAN_POINT('',(-9.62093932557,-8.476044271575,22.1));
#5883 = DIRECTION('',(-0.,1.224646799147E-16,1.));
#5884 = DIRECTION('',(1.,0.,0.));
#5885 = DEFINITIONAL_REPRESENTATION('',(#5886),#5890);
#5886 = LINE('',#5887,#5888);
#5887 = CARTESIAN_POINT('',(-0.,-19.1));
#5888 = VECTOR('',#5889,1.);
#5889 = DIRECTION('',(-1.,0.));
#5890 = ( GEOMETRIC_REPRESENTATION_CONTEXT(2) 
PARAMETRIC_REPRESENTATION_CONTEXT() REPRESENTATION_CONTEXT('2D SPACE',''
  ) );
#5891 = ORIENTED_EDGE('',*,*,#5842,.F.);
#5892 = ORIENTED_EDGE('',*,*,#5814,.T.);
#5893 = ORIENTED_EDGE('',*,*,#2508,.T.);
#5894 = ORIENTED_EDGE('',*,*,#5895,.T.);
#5895 = EDGE_CURVE('',#2481,#5896,#5898,.T.);
#5896 = VERTEX_POINT('',#5897);
#5897 = CARTESIAN_POINT('',(-9.250342188131,-7.361018369758,4.));
#5898 = SURFACE_CURVE('',#5899,(#5904,#5914),.PCURVE_S1.);
#5899 = HYPERBOLA('',#5900,15.345857674272,1.15093932557);
#5900 = AXIS2_PLACEMENT_3D('',#5901,#5902,#5903);
#5901 = CARTESIAN_POINT('',(-9.045469662785,-7.479301577416,
    -11.66666666666));
#5902 = DIRECTION('',(0.5,0.866025403784,-1.060575238725E-16));
#5903 = DIRECTION('',(0.,1.224646799147E-16,1.));
#5904 = PCURVE('',#2523,#5905);
#5905 = DEFINITIONAL_REPRESENTATION('',(#5906),#5913);
#5906 = B_SPLINE_CURVE_WITH_KNOTS('',5,(#5907,#5908,#5909,#5910,#5911,
    #5912),.UNSPECIFIED.,.F.,.F.,(6,6),(-0.411976539493,-0.169437061839)
  ,.PIECEWISE_BEZIER_KNOTS.);
#5907 = CARTESIAN_POINT('',(-4.835193640437,1.640563246332E-14));
#5908 = CARTESIAN_POINT('',(-4.879857356091,-0.315422306351));
#5909 = CARTESIAN_POINT('',(-4.925577587,-0.581823547));
#5910 = CARTESIAN_POINT('',(-4.972202567052,-0.800749304098));
#5911 = CARTESIAN_POINT('',(-5.019535825212,-0.973267486831));
#5912 = CARTESIAN_POINT('',(-5.067355649252,-1.099999999999));
#5913 = ( GEOMETRIC_REPRESENTATION_CONTEXT(2) 
PARAMETRIC_REPRESENTATION_CONTEXT() REPRESENTATION_CONTEXT('2D SPACE',''
  ) );
#5914 = PCURVE('',#2496,#5915);
#5915 = DEFINITIONAL_REPRESENTATION('',(#5916),#5920);
#5916 = HYPERBOLA('',#5917,15.345857674272,1.15093932557);
#5917 = AXIS2_PLACEMENT_2D('',#5918,#5919);
#5918 = CARTESIAN_POINT('',(1.438144490153,-16.66666666666));
#5919 = DIRECTION('',(0.,1.));
#5920 = ( GEOMETRIC_REPRESENTATION_CONTEXT(2) 
PARAMETRIC_REPRESENTATION_CONTEXT() REPRESENTATION_CONTEXT('2D SPACE',''
  ) );
#5921 = ORIENTED_EDGE('',*,*,#5922,.T.);
#5922 = EDGE_CURVE('',#5896,#5923,#5925,.T.);
#5923 = VERTEX_POINT('',#5924);
#5924 = CARTESIAN_POINT('',(-8.840597137439,-7.597584785074,4.));
#5925 = SURFACE_CURVE('',#5926,(#5931,#5938),.PCURVE_S1.);
#5926 = CIRCLE('',#5927,1.175);
#5927 = AXIS2_PLACEMENT_3D('',#5928,#5929,#5930);
#5928 = CARTESIAN_POINT('',(-9.62093932557,-8.476044271575,4.));
#5929 = DIRECTION('',(0.,-1.224646799147E-16,-1.));
#5930 = DIRECTION('',(1.,0.,0.));
#5931 = PCURVE('',#2523,#5932);
#5932 = DEFINITIONAL_REPRESENTATION('',(#5933),#5937);
#5933 = LINE('',#5934,#5935);
#5934 = CARTESIAN_POINT('',(-0.,-1.));
#5935 = VECTOR('',#5936,1.);
#5936 = DIRECTION('',(-1.,-0.));
#5937 = ( GEOMETRIC_REPRESENTATION_CONTEXT(2) 
PARAMETRIC_REPRESENTATION_CONTEXT() REPRESENTATION_CONTEXT('2D SPACE',''
  ) );
#5938 = PCURVE('',#5719,#5939);
#5939 = DEFINITIONAL_REPRESENTATION('',(#5940),#5944);
#5940 = CIRCLE('',#5941,1.175);
#5941 = AXIS2_PLACEMENT_2D('',#5942,#5943);
#5942 = CARTESIAN_POINT('',(0.77906067443,8.476044271575));
#5943 = DIRECTION('',(1.,0.));
#5944 = ( GEOMETRIC_REPRESENTATION_CONTEXT(2) 
PARAMETRIC_REPRESENTATION_CONTEXT() REPRESENTATION_CONTEXT('2D SPACE',''
  ) );
#5945 = ORIENTED_EDGE('',*,*,#5946,.T.);
#5946 = EDGE_CURVE('',#5923,#5947,#5949,.T.);
#5947 = VERTEX_POINT('',#5948);
#5948 = CARTESIAN_POINT('',(-8.623120279405,-7.723145107603,5.));
#5949 = SURFACE_CURVE('',#5950,(#5955,#5965),.PCURVE_S1.);
#5950 = HYPERBOLA('',#5951,15.345857674272,1.15093932557);
#5951 = AXIS2_PLACEMENT_3D('',#5952,#5953,#5954);
#5952 = CARTESIAN_POINT('',(-9.045469662785,-7.479301577416,
    -11.66666666666));
#5953 = DIRECTION('',(0.5,0.866025403784,-1.060575238725E-16));
#5954 = DIRECTION('',(0.,1.224646799147E-16,1.));
#5955 = PCURVE('',#2523,#5956);
#5956 = DEFINITIONAL_REPRESENTATION('',(#5957),#5964);
#5957 = B_SPLINE_CURVE_WITH_KNOTS('',5,(#5958,#5959,#5960,#5961,#5962,
    #5963),.UNSPECIFIED.,.F.,.F.,(6,6),(0.169437061839,0.411976539493),
  .PIECEWISE_BEZIER_KNOTS.);
#5958 = CARTESIAN_POINT('',(-5.404619862714,-1.099999999999));
#5959 = CARTESIAN_POINT('',(-5.452439686754,-0.973267486831));
#5960 = CARTESIAN_POINT('',(-5.499772944914,-0.800749304098));
#5961 = CARTESIAN_POINT('',(-5.546397924966,-0.581823547));
#5962 = CARTESIAN_POINT('',(-5.592118155875,-0.315422306351));
#5963 = CARTESIAN_POINT('',(-5.636781871529,1.28396706291E-14));
#5964 = ( GEOMETRIC_REPRESENTATION_CONTEXT(2) 
PARAMETRIC_REPRESENTATION_CONTEXT() REPRESENTATION_CONTEXT('2D SPACE',''
  ) );
#5965 = PCURVE('',#5747,#5966);
#5966 = DEFINITIONAL_REPRESENTATION('',(#5967),#5971);
#5967 = HYPERBOLA('',#5968,15.345857674272,1.15093932557);
#5968 = AXIS2_PLACEMENT_2D('',#5969,#5970);
#5969 = CARTESIAN_POINT('',(1.438144490153,-16.66666666666));
#5970 = DIRECTION('',(0.,1.));
#5971 = ( GEOMETRIC_REPRESENTATION_CONTEXT(2) 
PARAMETRIC_REPRESENTATION_CONTEXT() REPRESENTATION_CONTEXT('2D SPACE',''
  ) );
#5972 = ORIENTED_EDGE('',*,*,#5973,.T.);
#5973 = EDGE_CURVE('',#5947,#5760,#5974,.T.);
#5974 = SURFACE_CURVE('',#5975,(#5980,#5987),.PCURVE_S1.);
#5975 = CIRCLE('',#5976,1.25);
#5976 = AXIS2_PLACEMENT_3D('',#5977,#5978,#5979);
#5977 = CARTESIAN_POINT('',(-9.62093932557,-8.476044271575,5.));
#5978 = DIRECTION('',(0.,-1.224646799147E-16,-1.));
#5979 = DIRECTION('',(1.,0.,0.));
#5980 = PCURVE('',#2523,#5981);
#5981 = DEFINITIONAL_REPRESENTATION('',(#5982),#5986);
#5982 = LINE('',#5983,#5984);
#5983 = CARTESIAN_POINT('',(-0.,-0.));
#5984 = VECTOR('',#5985,1.);
#5985 = DIRECTION('',(-1.,-0.));
#5986 = ( GEOMETRIC_REPRESENTATION_CONTEXT(2) 
PARAMETRIC_REPRESENTATION_CONTEXT() REPRESENTATION_CONTEXT('2D SPACE',''
  ) );
#5987 = PCURVE('',#5775,#5988);
#5988 = DEFINITIONAL_REPRESENTATION('',(#5989),#5993);
#5989 = CIRCLE('',#5990,1.25);
#5990 = AXIS2_PLACEMENT_2D('',#5991,#5992);
#5991 = CARTESIAN_POINT('',(0.77906067443,8.476044271575));
#5992 = DIRECTION('',(1.,0.));
#5993 = ( GEOMETRIC_REPRESENTATION_CONTEXT(2) 
PARAMETRIC_REPRESENTATION_CONTEXT() REPRESENTATION_CONTEXT('2D SPACE',''
  ) );
#5994 = ORIENTED_EDGE('',*,*,#5787,.T.);
#5995 = ADVANCED_FACE('',(#5996),#2496,.T.);
#5996 = FACE_BOUND('',#5997,.T.);
#5997 = EDGE_LOOP('',(#5998,#5999,#6000,#6023));
#5998 = ORIENTED_EDGE('',*,*,#2480,.F.);
#5999 = ORIENTED_EDGE('',*,*,#5895,.T.);
#6000 = ORIENTED_EDGE('',*,*,#6001,.F.);
#6001 = EDGE_CURVE('',#6002,#5896,#6004,.T.);
#6002 = VERTEX_POINT('',#6003);
#6003 = CARTESIAN_POINT('',(-11.,-6.350852961086,4.));
#6004 = SURFACE_CURVE('',#6005,(#6009,#6016),.PCURVE_S1.);
#6005 = LINE('',#6006,#6007);
#6006 = CARTESIAN_POINT('',(-10.55,-6.610660582221,4.));
#6007 = VECTOR('',#6008,1.);
#6008 = DIRECTION('',(0.866025403784,-0.5,6.123233995737E-17));
#6009 = PCURVE('',#2496,#6010);
#6010 = DEFINITIONAL_REPRESENTATION('',(#6011),#6015);
#6011 = LINE('',#6012,#6013);
#6012 = CARTESIAN_POINT('',(3.175426480543,-1.));
#6013 = VECTOR('',#6014,1.);
#6014 = DIRECTION('',(-1.,0.));
#6015 = ( GEOMETRIC_REPRESENTATION_CONTEXT(2) 
PARAMETRIC_REPRESENTATION_CONTEXT() REPRESENTATION_CONTEXT('2D SPACE',''
  ) );
#6016 = PCURVE('',#5719,#6017);
#6017 = DEFINITIONAL_REPRESENTATION('',(#6018),#6022);
#6018 = LINE('',#6019,#6020);
#6019 = CARTESIAN_POINT('',(-0.15,6.610660582221));
#6020 = VECTOR('',#6021,1.);
#6021 = DIRECTION('',(0.866025403784,0.5));
#6022 = ( GEOMETRIC_REPRESENTATION_CONTEXT(2) 
PARAMETRIC_REPRESENTATION_CONTEXT() REPRESENTATION_CONTEXT('2D SPACE',''
  ) );
#6023 = ORIENTED_EDGE('',*,*,#6024,.F.);
#6024 = EDGE_CURVE('',#2458,#6002,#6025,.T.);
#6025 = SURFACE_CURVE('',#6026,(#6030,#6037),.PCURVE_S1.);
#6026 = LINE('',#6027,#6028);
#6027 = CARTESIAN_POINT('',(-11.,-6.350852961086,5.));
#6028 = VECTOR('',#6029,1.);
#6029 = DIRECTION('',(0.,-1.224646799147E-16,-1.));
#6030 = PCURVE('',#2496,#6031);
#6031 = DEFINITIONAL_REPRESENTATION('',(#6032),#6036);
#6032 = LINE('',#6033,#6034);
#6033 = CARTESIAN_POINT('',(3.695041722814,2.26256050928E-16));
#6034 = VECTOR('',#6035,1.);
#6035 = DIRECTION('',(0.,-1.));
#6036 = ( GEOMETRIC_REPRESENTATION_CONTEXT(2) 
PARAMETRIC_REPRESENTATION_CONTEXT() REPRESENTATION_CONTEXT('2D SPACE',''
  ) );
#6037 = PCURVE('',#2416,#6038);
#6038 = DEFINITIONAL_REPRESENTATION('',(#6039),#6043);
#6039 = LINE('',#6040,#6041);
#6040 = CARTESIAN_POINT('',(0.,0.));
#6041 = VECTOR('',#6042,1.);
#6042 = DIRECTION('',(0.,-1.));
#6043 = ( GEOMETRIC_REPRESENTATION_CONTEXT(2) 
PARAMETRIC_REPRESENTATION_CONTEXT() REPRESENTATION_CONTEXT('2D SPACE',''
  ) );
#6044 = ADVANCED_FACE('',(#6045),#2416,.T.);
#6045 = FACE_BOUND('',#6046,.T.);
#6046 = EDGE_LOOP('',(#6047,#6048,#6049,#6072,#6093,#6094,#6121));
#6047 = ORIENTED_EDGE('',*,*,#2457,.F.);
#6048 = ORIENTED_EDGE('',*,*,#6024,.T.);
#6049 = ORIENTED_EDGE('',*,*,#6050,.F.);
#6050 = EDGE_CURVE('',#6051,#6002,#6053,.T.);
#6051 = VERTEX_POINT('',#6052);
#6052 = CARTESIAN_POINT('',(-11.,-3.3486315613,4.));
#6053 = SURFACE_CURVE('',#6054,(#6058,#6065),.PCURVE_S1.);
#6054 = LINE('',#6055,#6056);
#6055 = CARTESIAN_POINT('',(-11.,-3.175426480543,4.));
#6056 = VECTOR('',#6057,1.);
#6057 = DIRECTION('',(-4.807406715959E-16,-1.,1.224646799147E-16));
#6058 = PCURVE('',#2416,#6059);
#6059 = DEFINITIONAL_REPRESENTATION('',(#6060),#6064);
#6060 = LINE('',#6061,#6062);
#6061 = CARTESIAN_POINT('',(3.175426480543,-1.));
#6062 = VECTOR('',#6063,1.);
#6063 = DIRECTION('',(-1.,0.));
#6064 = ( GEOMETRIC_REPRESENTATION_CONTEXT(2) 
PARAMETRIC_REPRESENTATION_CONTEXT() REPRESENTATION_CONTEXT('2D SPACE',''
  ) );
#6065 = PCURVE('',#5719,#6066);
#6066 = DEFINITIONAL_REPRESENTATION('',(#6067),#6071);
#6067 = LINE('',#6068,#6069);
#6068 = CARTESIAN_POINT('',(-0.6,3.175426480543));
#6069 = VECTOR('',#6070,1.);
#6070 = DIRECTION('',(-4.807406715959E-16,1.));
#6071 = ( GEOMETRIC_REPRESENTATION_CONTEXT(2) 
PARAMETRIC_REPRESENTATION_CONTEXT() REPRESENTATION_CONTEXT('2D SPACE',''
  ) );
#6072 = ORIENTED_EDGE('',*,*,#6073,.F.);
#6073 = EDGE_CURVE('',#2373,#6051,#6074,.T.);
#6074 = SURFACE_CURVE('',#6075,(#6079,#6086),.PCURVE_S1.);
#6075 = LINE('',#6076,#6077);
#6076 = CARTESIAN_POINT('',(-11.,-3.3486315613,5.));
#6077 = VECTOR('',#6078,1.);
#6078 = DIRECTION('',(0.,-1.224646799147E-16,-1.));
#6079 = PCURVE('',#2416,#6080);
#6080 = DEFINITIONAL_REPRESENTATION('',(#6081),#6085);
#6081 = LINE('',#6082,#6083);
#6082 = CARTESIAN_POINT('',(3.002221399786,3.67666082758E-16));
#6083 = VECTOR('',#6084,1.);
#6084 = DIRECTION('',(0.,-1.));
#6085 = ( GEOMETRIC_REPRESENTATION_CONTEXT(2) 
PARAMETRIC_REPRESENTATION_CONTEXT() REPRESENTATION_CONTEXT('2D SPACE',''
  ) );
#6086 = PCURVE('',#2388,#6087);
#6087 = DEFINITIONAL_REPRESENTATION('',(#6088),#6092);
#6088 = LINE('',#6089,#6090);
#6089 = CARTESIAN_POINT('',(0.692820323028,4.2423009549E-17));
#6090 = VECTOR('',#6091,1.);
#6091 = DIRECTION('',(0.,-1.));
#6092 = ( GEOMETRIC_REPRESENTATION_CONTEXT(2) 
PARAMETRIC_REPRESENTATION_CONTEXT() REPRESENTATION_CONTEXT('2D SPACE',''
  ) );
#6093 = ORIENTED_EDGE('',*,*,#2400,.F.);
#6094 = ORIENTED_EDGE('',*,*,#6095,.T.);
#6095 = EDGE_CURVE('',#2401,#6096,#6098,.T.);
#6096 = VERTEX_POINT('',#6097);
#6097 = CARTESIAN_POINT('',(-11.,-4.745269700507,4.053976225266));
#6098 = SURFACE_CURVE('',#6099,(#6104,#6111),.PCURVE_S1.);
#6099 = HYPERBOLA('',#6100,15.720642891933,1.179048216895);
#6100 = AXIS2_PLACEMENT_3D('',#6101,#6102,#6103);
#6101 = CARTESIAN_POINT('',(-11.,-4.745269700507,-11.66666666666));
#6102 = DIRECTION('',(1.,-4.807406715959E-16,5.887375246899E-32));
#6103 = DIRECTION('',(0.,1.224646799147E-16,1.));
#6104 = PCURVE('',#2416,#6105);
#6105 = DEFINITIONAL_REPRESENTATION('',(#6106),#6110);
#6106 = HYPERBOLA('',#6107,15.720642891933,1.179048216895);
#6107 = AXIS2_PLACEMENT_2D('',#6108,#6109);
#6108 = CARTESIAN_POINT('',(1.605583260579,-16.66666666666));
#6109 = DIRECTION('',(0.,1.));
#6110 = ( GEOMETRIC_REPRESENTATION_CONTEXT(2) 
PARAMETRIC_REPRESENTATION_CONTEXT() REPRESENTATION_CONTEXT('2D SPACE',''
  ) );
#6111 = PCURVE('',#2445,#6112);
#6112 = DEFINITIONAL_REPRESENTATION('',(#6113),#6120);
#6113 = B_SPLINE_CURVE_WITH_KNOTS('',5,(#6114,#6115,#6116,#6117,#6118,
    #6119),.UNSPECIFIED.,.F.,.F.,(6,6),(-0.345204639821,
    -7.533011856285E-16),.PIECEWISE_BEZIER_KNOTS.);
#6114 = CARTESIAN_POINT('',(-5.944639350757,-1.374496124955E-15));
#6115 = CARTESIAN_POINT('',(-6.009761417164,-0.38215987093));
#6116 = CARTESIAN_POINT('',(-6.076749503165,-0.665015364066));
#6117 = CARTESIAN_POINT('',(-6.145103025036,-0.852356096455));
#6118 = CARTESIAN_POINT('',(-6.214144379215,-0.946023774734));
#6119 = CARTESIAN_POINT('',(-6.28318530718,-0.946023774734));
#6120 = ( GEOMETRIC_REPRESENTATION_CONTEXT(2) 
PARAMETRIC_REPRESENTATION_CONTEXT() REPRESENTATION_CONTEXT('2D SPACE',''
  ) );
#6121 = ORIENTED_EDGE('',*,*,#6122,.T.);
#6122 = EDGE_CURVE('',#6096,#2429,#6123,.T.);
#6123 = SURFACE_CURVE('',#6124,(#6129,#6136),.PCURVE_S1.);
#6124 = HYPERBOLA('',#6125,15.720642891933,1.179048216895);
#6125 = AXIS2_PLACEMENT_3D('',#6126,#6127,#6128);
#6126 = CARTESIAN_POINT('',(-11.,-4.745269700507,-11.66666666666));
#6127 = DIRECTION('',(1.,-4.807406715959E-16,5.887375246899E-32));
#6128 = DIRECTION('',(0.,1.224646799147E-16,1.));
#6129 = PCURVE('',#2416,#6130);
#6130 = DEFINITIONAL_REPRESENTATION('',(#6131),#6135);
#6131 = HYPERBOLA('',#6132,15.720642891933,1.179048216895);
#6132 = AXIS2_PLACEMENT_2D('',#6133,#6134);
#6133 = CARTESIAN_POINT('',(1.605583260579,-16.66666666666));
#6134 = DIRECTION('',(0.,1.));
#6135 = ( GEOMETRIC_REPRESENTATION_CONTEXT(2) 
PARAMETRIC_REPRESENTATION_CONTEXT() REPRESENTATION_CONTEXT('2D SPACE',''
  ) );
#6136 = PCURVE('',#2445,#6137);
#6137 = DEFINITIONAL_REPRESENTATION('',(#6138),#6145);
#6138 = B_SPLINE_CURVE_WITH_KNOTS('',5,(#6139,#6140,#6141,#6142,#6143,
    #6144),.UNSPECIFIED.,.F.,.F.,(6,6),(-7.533011856285E-16,
    0.345204639821),.PIECEWISE_BEZIER_KNOTS.);
#6139 = CARTESIAN_POINT('',(0.,-0.946023774734));
#6140 = CARTESIAN_POINT('',(-6.904092796416E-02,-0.946023774734));
#6141 = CARTESIAN_POINT('',(-0.138082282144,-0.852356096455));
#6142 = CARTESIAN_POINT('',(-0.206435804015,-0.665015364066));
#6143 = CARTESIAN_POINT('',(-0.273423890016,-0.38215987093));
#6144 = CARTESIAN_POINT('',(-0.338545956423,-4.874217182071E-15));
#6145 = ( GEOMETRIC_REPRESENTATION_CONTEXT(2) 
PARAMETRIC_REPRESENTATION_CONTEXT() REPRESENTATION_CONTEXT('2D SPACE',''
  ) );
#6146 = ADVANCED_FACE('',(#6147),#2445,.F.);
#6147 = FACE_BOUND('',#6148,.F.);
#6148 = EDGE_LOOP('',(#6149,#6172,#6199,#6200,#6201,#6202));
#6149 = ORIENTED_EDGE('',*,*,#6150,.T.);
#6150 = EDGE_CURVE('',#6096,#6151,#6153,.T.);
#6151 = VERTEX_POINT('',#6152);
#6152 = CARTESIAN_POINT('',(-11.07904821689,-4.745269700507,3.));
#6153 = SEAM_CURVE('',#6154,(#6158,#6165),.PCURVE_S1.);
#6154 = LINE('',#6155,#6156);
#6155 = CARTESIAN_POINT('',(-10.92904821689,-4.745269700507,5.));
#6156 = VECTOR('',#6157,1.);
#6157 = DIRECTION('',(-7.478994824163E-02,-1.404399484412E-16,
    -0.997199309888));
#6158 = PCURVE('',#2445,#6159);
#6159 = DEFINITIONAL_REPRESENTATION('',(#6160),#6164);
#6160 = LINE('',#6161,#6162);
#6161 = CARTESIAN_POINT('',(-6.28318530718,0.));
#6162 = VECTOR('',#6163,1.);
#6163 = DIRECTION('',(-0.,-1.));
#6164 = ( GEOMETRIC_REPRESENTATION_CONTEXT(2) 
PARAMETRIC_REPRESENTATION_CONTEXT() REPRESENTATION_CONTEXT('2D SPACE',''
  ) );
#6165 = PCURVE('',#2445,#6166);
#6166 = DEFINITIONAL_REPRESENTATION('',(#6167),#6171);
#6167 = LINE('',#6168,#6169);
#6168 = CARTESIAN_POINT('',(0.,-0.));
#6169 = VECTOR('',#6170,1.);
#6170 = DIRECTION('',(-0.,-1.));
#6171 = ( GEOMETRIC_REPRESENTATION_CONTEXT(2) 
PARAMETRIC_REPRESENTATION_CONTEXT() REPRESENTATION_CONTEXT('2D SPACE',''
  ) );
#6172 = ORIENTED_EDGE('',*,*,#6173,.F.);
#6173 = EDGE_CURVE('',#6151,#6151,#6174,.T.);
#6174 = SURFACE_CURVE('',#6175,(#6180,#6187),.PCURVE_S1.);
#6175 = CIRCLE('',#6176,1.1);
#6176 = AXIS2_PLACEMENT_3D('',#6177,#6178,#6179);
#6177 = CARTESIAN_POINT('',(-12.17904821689,-4.745269700507,3.));
#6178 = DIRECTION('',(0.,-1.224646799147E-16,-1.));
#6179 = DIRECTION('',(1.,0.,0.));
#6180 = PCURVE('',#2445,#6181);
#6181 = DEFINITIONAL_REPRESENTATION('',(#6182),#6186);
#6182 = LINE('',#6183,#6184);
#6183 = CARTESIAN_POINT('',(-0.,-2.));
#6184 = VECTOR('',#6185,1.);
#6185 = DIRECTION('',(-1.,-0.));
#6186 = ( GEOMETRIC_REPRESENTATION_CONTEXT(2) 
PARAMETRIC_REPRESENTATION_CONTEXT() REPRESENTATION_CONTEXT('2D SPACE',''
  ) );
#6187 = PCURVE('',#6188,#6193);
#6188 = CYLINDRICAL_SURFACE('',#6189,1.1);
#6189 = AXIS2_PLACEMENT_3D('',#6190,#6191,#6192);
#6190 = CARTESIAN_POINT('',(-12.17904821689,-4.745269700507,22.1));
#6191 = DIRECTION('',(-0.,1.224646799147E-16,1.));
#6192 = DIRECTION('',(1.,0.,0.));
#6193 = DEFINITIONAL_REPRESENTATION('',(#6194),#6198);
#6194 = LINE('',#6195,#6196);
#6195 = CARTESIAN_POINT('',(-0.,-19.1));
#6196 = VECTOR('',#6197,1.);
#6197 = DIRECTION('',(-1.,0.));
#6198 = ( GEOMETRIC_REPRESENTATION_CONTEXT(2) 
PARAMETRIC_REPRESENTATION_CONTEXT() REPRESENTATION_CONTEXT('2D SPACE',''
  ) );
#6199 = ORIENTED_EDGE('',*,*,#6150,.F.);
#6200 = ORIENTED_EDGE('',*,*,#6122,.T.);
#6201 = ORIENTED_EDGE('',*,*,#2428,.T.);
#6202 = ORIENTED_EDGE('',*,*,#6095,.T.);
#6203 = ADVANCED_FACE('',(#6204),#2388,.T.);
#6204 = FACE_BOUND('',#6205,.T.);
#6205 = EDGE_LOOP('',(#6206,#6207,#6208,#6231));
#6206 = ORIENTED_EDGE('',*,*,#2372,.F.);
#6207 = ORIENTED_EDGE('',*,*,#6073,.T.);
#6208 = ORIENTED_EDGE('',*,*,#6209,.F.);
#6209 = EDGE_CURVE('',#6210,#6051,#6212,.T.);
#6210 = VERTEX_POINT('',#6211);
#6211 = CARTESIAN_POINT('',(-13.6,-1.847520861407,4.));
#6212 = SURFACE_CURVE('',#6213,(#6217,#6224),.PCURVE_S1.);
#6213 = LINE('',#6214,#6215);
#6214 = CARTESIAN_POINT('',(-11.2,-3.233161507462,4.));
#6215 = VECTOR('',#6216,1.);
#6216 = DIRECTION('',(0.866025403784,-0.5,6.123233995737E-17));
#6217 = PCURVE('',#2388,#6218);
#6218 = DEFINITIONAL_REPRESENTATION('',(#6219),#6223);
#6219 = LINE('',#6220,#6221);
#6220 = CARTESIAN_POINT('',(0.923760430703,-1.));
#6221 = VECTOR('',#6222,1.);
#6222 = DIRECTION('',(-1.,0.));
#6223 = ( GEOMETRIC_REPRESENTATION_CONTEXT(2) 
PARAMETRIC_REPRESENTATION_CONTEXT() REPRESENTATION_CONTEXT('2D SPACE',''
  ) );
#6224 = PCURVE('',#5719,#6225);
#6225 = DEFINITIONAL_REPRESENTATION('',(#6226),#6230);
#6226 = LINE('',#6227,#6228);
#6227 = CARTESIAN_POINT('',(-0.8,3.233161507462));
#6228 = VECTOR('',#6229,1.);
#6229 = DIRECTION('',(0.866025403784,0.5));
#6230 = ( GEOMETRIC_REPRESENTATION_CONTEXT(2) 
PARAMETRIC_REPRESENTATION_CONTEXT() REPRESENTATION_CONTEXT('2D SPACE',''
  ) );
#6231 = ORIENTED_EDGE('',*,*,#6232,.F.);
#6232 = EDGE_CURVE('',#2345,#6210,#6233,.T.);
#6233 = SURFACE_CURVE('',#6234,(#6238,#6245),.PCURVE_S1.);
#6234 = LINE('',#6235,#6236);
#6235 = CARTESIAN_POINT('',(-13.6,-1.847520861407,5.));
#6236 = VECTOR('',#6237,1.);
#6237 = DIRECTION('',(0.,-1.224646799147E-16,-1.));
#6238 = PCURVE('',#2388,#6239);
#6239 = DEFINITIONAL_REPRESENTATION('',(#6240),#6244);
#6240 = LINE('',#6241,#6242);
#6241 = CARTESIAN_POINT('',(3.695041722814,2.26256050928E-16));
#6242 = VECTOR('',#6243,1.);
#6243 = DIRECTION('',(0.,-1.));
#6244 = ( GEOMETRIC_REPRESENTATION_CONTEXT(2) 
PARAMETRIC_REPRESENTATION_CONTEXT() REPRESENTATION_CONTEXT('2D SPACE',''
  ) );
#6245 = PCURVE('',#2360,#6246);
#6246 = DEFINITIONAL_REPRESENTATION('',(#6247),#6251);
#6247 = LINE('',#6248,#6249);
#6248 = CARTESIAN_POINT('',(0.,0.));
#6249 = VECTOR('',#6250,1.);
#6250 = DIRECTION('',(0.,-1.));
#6251 = ( GEOMETRIC_REPRESENTATION_CONTEXT(2) 
PARAMETRIC_REPRESENTATION_CONTEXT() REPRESENTATION_CONTEXT('2D SPACE',''
  ) );
#6252 = ADVANCED_FACE('',(#6253),#2360,.T.);
#6253 = FACE_BOUND('',#6254,.T.);
#6254 = EDGE_LOOP('',(#6255,#6256,#6257,#6280));
#6255 = ORIENTED_EDGE('',*,*,#2344,.F.);
#6256 = ORIENTED_EDGE('',*,*,#6232,.T.);
#6257 = ORIENTED_EDGE('',*,*,#6258,.F.);
#6258 = EDGE_CURVE('',#6259,#6210,#6261,.T.);
#6259 = VERTEX_POINT('',#6260);
#6260 = CARTESIAN_POINT('',(-13.6,1.847520861407,4.));
#6261 = SURFACE_CURVE('',#6262,(#6266,#6273),.PCURVE_S1.);
#6262 = LINE('',#6263,#6264);
#6263 = CARTESIAN_POINT('',(-13.6,-0.923760430703,4.));
#6264 = VECTOR('',#6265,1.);
#6265 = DIRECTION('',(0.,-1.,1.224646799147E-16));
#6266 = PCURVE('',#2360,#6267);
#6267 = DEFINITIONAL_REPRESENTATION('',(#6268),#6272);
#6268 = LINE('',#6269,#6270);
#6269 = CARTESIAN_POINT('',(0.923760430703,-1.));
#6270 = VECTOR('',#6271,1.);
#6271 = DIRECTION('',(-1.,0.));
#6272 = ( GEOMETRIC_REPRESENTATION_CONTEXT(2) 
PARAMETRIC_REPRESENTATION_CONTEXT() REPRESENTATION_CONTEXT('2D SPACE',''
  ) );
#6273 = PCURVE('',#5719,#6274);
#6274 = DEFINITIONAL_REPRESENTATION('',(#6275),#6279);
#6275 = LINE('',#6276,#6277);
#6276 = CARTESIAN_POINT('',(-3.2,0.923760430703));
#6277 = VECTOR('',#6278,1.);
#6278 = DIRECTION('',(0.,1.));
#6279 = ( GEOMETRIC_REPRESENTATION_CONTEXT(2) 
PARAMETRIC_REPRESENTATION_CONTEXT() REPRESENTATION_CONTEXT('2D SPACE',''
  ) );
#6280 = ORIENTED_EDGE('',*,*,#6281,.F.);
#6281 = EDGE_CURVE('',#2317,#6259,#6282,.T.);
#6282 = SURFACE_CURVE('',#6283,(#6287,#6294),.PCURVE_S1.);
#6283 = LINE('',#6284,#6285);
#6284 = CARTESIAN_POINT('',(-13.6,1.847520861407,5.));
#6285 = VECTOR('',#6286,1.);
#6286 = DIRECTION('',(0.,-1.224646799147E-16,-1.));
#6287 = PCURVE('',#2360,#6288);
#6288 = DEFINITIONAL_REPRESENTATION('',(#6289),#6293);
#6289 = LINE('',#6290,#6291);
#6290 = CARTESIAN_POINT('',(3.695041722814,-4.356663178442E-16));
#6291 = VECTOR('',#6292,1.);
#6292 = DIRECTION('',(0.,-1.));
#6293 = ( GEOMETRIC_REPRESENTATION_CONTEXT(2) 
PARAMETRIC_REPRESENTATION_CONTEXT() REPRESENTATION_CONTEXT('2D SPACE',''
  ) );
#6294 = PCURVE('',#2332,#6295);
#6295 = DEFINITIONAL_REPRESENTATION('',(#6296),#6300);
#6296 = LINE('',#6297,#6298);
#6297 = CARTESIAN_POINT('',(0.,0.));
#6298 = VECTOR('',#6299,1.);
#6299 = DIRECTION('',(0.,-1.));
#6300 = ( GEOMETRIC_REPRESENTATION_CONTEXT(2) 
PARAMETRIC_REPRESENTATION_CONTEXT() REPRESENTATION_CONTEXT('2D SPACE',''
  ) );
#6301 = ADVANCED_FACE('',(#6302),#2332,.T.);
#6302 = FACE_BOUND('',#6303,.T.);
#6303 = EDGE_LOOP('',(#6304,#6305,#6306,#6329,#6357,#6385));
#6304 = ORIENTED_EDGE('',*,*,#2316,.F.);
#6305 = ORIENTED_EDGE('',*,*,#6281,.T.);
#6306 = ORIENTED_EDGE('',*,*,#6307,.F.);
#6307 = EDGE_CURVE('',#6308,#6259,#6310,.T.);
#6308 = VERTEX_POINT('',#6309);
#6309 = CARTESIAN_POINT('',(-11.,3.3486315613,4.));
#6310 = SURFACE_CURVE('',#6311,(#6315,#6322),.PCURVE_S1.);
#6311 = LINE('',#6312,#6313);
#6312 = CARTESIAN_POINT('',(-12.8,2.309401076759,4.));
#6313 = VECTOR('',#6314,1.);
#6314 = DIRECTION('',(-0.866025403784,-0.5,6.123233995737E-17));
#6315 = PCURVE('',#2332,#6316);
#6316 = DEFINITIONAL_REPRESENTATION('',(#6317),#6321);
#6317 = LINE('',#6318,#6319);
#6318 = CARTESIAN_POINT('',(0.923760430703,-1.));
#6319 = VECTOR('',#6320,1.);
#6320 = DIRECTION('',(-1.,0.));
#6321 = ( GEOMETRIC_REPRESENTATION_CONTEXT(2) 
PARAMETRIC_REPRESENTATION_CONTEXT() REPRESENTATION_CONTEXT('2D SPACE',''
  ) );
#6322 = PCURVE('',#5719,#6323);
#6323 = DEFINITIONAL_REPRESENTATION('',(#6324),#6328);
#6324 = LINE('',#6325,#6326);
#6325 = CARTESIAN_POINT('',(-2.4,-2.309401076759));
#6326 = VECTOR('',#6327,1.);
#6327 = DIRECTION('',(-0.866025403784,0.5));
#6328 = ( GEOMETRIC_REPRESENTATION_CONTEXT(2) 
PARAMETRIC_REPRESENTATION_CONTEXT() REPRESENTATION_CONTEXT('2D SPACE',''
  ) );
#6329 = ORIENTED_EDGE('',*,*,#6330,.T.);
#6330 = EDGE_CURVE('',#6308,#6331,#6333,.T.);
#6331 = VERTEX_POINT('',#6332);
#6332 = CARTESIAN_POINT('',(-11.,3.3486315613,5.));
#6333 = SURFACE_CURVE('',#6334,(#6338,#6345),.PCURVE_S1.);
#6334 = LINE('',#6335,#6336);
#6335 = CARTESIAN_POINT('',(-11.,3.3486315613,5.));
#6336 = VECTOR('',#6337,1.);
#6337 = DIRECTION('',(0.,1.224646799147E-16,1.));
#6338 = PCURVE('',#2332,#6339);
#6339 = DEFINITIONAL_REPRESENTATION('',(#6340),#6344);
#6340 = LINE('',#6341,#6342);
#6341 = CARTESIAN_POINT('',(3.002221399786,1.83833041379E-16));
#6342 = VECTOR('',#6343,1.);
#6343 = DIRECTION('',(0.,1.));
#6344 = ( GEOMETRIC_REPRESENTATION_CONTEXT(2) 
PARAMETRIC_REPRESENTATION_CONTEXT() REPRESENTATION_CONTEXT('2D SPACE',''
  ) );
#6345 = PCURVE('',#6346,#6351);
#6346 = PLANE('',#6347);
#6347 = AXIS2_PLACEMENT_3D('',#6348,#6349,#6350);
#6348 = CARTESIAN_POINT('',(-11.,2.655811238272,5.));
#6349 = DIRECTION('',(1.,-4.807406715959E-16,5.887375246899E-32));
#6350 = DIRECTION('',(4.807406715959E-16,1.,-1.224646799147E-16));
#6351 = DEFINITIONAL_REPRESENTATION('',(#6352),#6356);
#6352 = LINE('',#6353,#6354);
#6353 = CARTESIAN_POINT('',(0.692820323028,8.484601909799E-17));
#6354 = VECTOR('',#6355,1.);
#6355 = DIRECTION('',(0.,1.));
#6356 = ( GEOMETRIC_REPRESENTATION_CONTEXT(2) 
PARAMETRIC_REPRESENTATION_CONTEXT() REPRESENTATION_CONTEXT('2D SPACE',''
  ) );
#6357 = ORIENTED_EDGE('',*,*,#6358,.F.);
#6358 = EDGE_CURVE('',#6359,#6331,#6361,.T.);
#6359 = VERTEX_POINT('',#6360);
#6360 = CARTESIAN_POINT('',(-11.30840205958,3.170575549182,5.));
#6361 = SURFACE_CURVE('',#6362,(#6366,#6373),.PCURVE_S1.);
#6362 = LINE('',#6363,#6364);
#6363 = CARTESIAN_POINT('',(-13.6,1.847520861407,5.));
#6364 = VECTOR('',#6365,1.);
#6365 = DIRECTION('',(0.866025403784,0.5,-6.123233995737E-17));
#6366 = PCURVE('',#2332,#6367);
#6367 = DEFINITIONAL_REPRESENTATION('',(#6368),#6372);
#6368 = LINE('',#6369,#6370);
#6369 = CARTESIAN_POINT('',(0.,0.));
#6370 = VECTOR('',#6371,1.);
#6371 = DIRECTION('',(1.,0.));
#6372 = ( GEOMETRIC_REPRESENTATION_CONTEXT(2) 
PARAMETRIC_REPRESENTATION_CONTEXT() REPRESENTATION_CONTEXT('2D SPACE',''
  ) );
#6373 = PCURVE('',#6374,#6379);
#6374 = PLANE('',#6375);
#6375 = AXIS2_PLACEMENT_3D('',#6376,#6377,#6378);
#6376 = CARTESIAN_POINT('',(-10.4,1.631438850498E-16,5.));
#6377 = DIRECTION('',(0.,-1.224646799147E-16,-1.));
#6378 = DIRECTION('',(1.,0.,0.));
#6379 = DEFINITIONAL_REPRESENTATION('',(#6380),#6384);
#6380 = LINE('',#6381,#6382);
#6381 = CARTESIAN_POINT('',(-3.2,-1.847520861407));
#6382 = VECTOR('',#6383,1.);
#6383 = DIRECTION('',(0.866025403784,-0.5));
#6384 = ( GEOMETRIC_REPRESENTATION_CONTEXT(2) 
PARAMETRIC_REPRESENTATION_CONTEXT() REPRESENTATION_CONTEXT('2D SPACE',''
  ) );
#6385 = ORIENTED_EDGE('',*,*,#6386,.T.);
#6386 = EDGE_CURVE('',#6359,#2288,#6387,.T.);
#6387 = SURFACE_CURVE('',#6388,(#6393,#6400),.PCURVE_S1.);
#6388 = HYPERBOLA('',#6389,16.279191007605,1.22093932557);
#6389 = AXIS2_PLACEMENT_3D('',#6390,#6391,#6392);
#6390 = CARTESIAN_POINT('',(-11.54046966278,3.036591256002,
    -11.66666666666));
#6391 = DIRECTION('',(0.5,-0.866025403784,1.060575238725E-16));
#6392 = DIRECTION('',(0.,1.224646799147E-16,1.));
#6393 = PCURVE('',#2332,#6394);
#6394 = DEFINITIONAL_REPRESENTATION('',(#6395),#6399);
#6395 = HYPERBOLA('',#6396,16.279191007605,1.22093932557);
#6396 = AXIS2_PLACEMENT_2D('',#6397,#6398);
#6397 = CARTESIAN_POINT('',(2.37814078919,-16.66666666666));
#6398 = DIRECTION('',(-1.232595164408E-32,1.));
#6399 = ( GEOMETRIC_REPRESENTATION_CONTEXT(2) 
PARAMETRIC_REPRESENTATION_CONTEXT() REPRESENTATION_CONTEXT('2D SPACE',''
  ) );
#6400 = PCURVE('',#2304,#6401);
#6401 = DEFINITIONAL_REPRESENTATION('',(#6402),#6410);
#6402 = B_SPLINE_CURVE_WITH_KNOTS('',6,(#6403,#6404,#6405,#6406,#6407,
    #6408,#6409),.UNSPECIFIED.,.F.,.F.,(7,7),(-0.217752483175,
    0.217752483175),.PIECEWISE_BEZIER_KNOTS.);
#6403 = CARTESIAN_POINT('',(-0.83114577657,1.28396706291E-14));
#6404 = CARTESIAN_POINT('',(-0.90204246189,-0.259337000413));
#6405 = CARTESIAN_POINT('',(-0.974262750206,-0.413304793197));
#6406 = CARTESIAN_POINT('',(-1.047197551197,-0.464362719131));
#6407 = CARTESIAN_POINT('',(-1.120132352187,-0.413304793197));
#6408 = CARTESIAN_POINT('',(-1.192352640503,-0.259337000413));
#6409 = CARTESIAN_POINT('',(-1.263249325823,1.638907226905E-14));
#6410 = ( GEOMETRIC_REPRESENTATION_CONTEXT(2) 
PARAMETRIC_REPRESENTATION_CONTEXT() REPRESENTATION_CONTEXT('2D SPACE',''
  ) );
#6411 = ADVANCED_FACE('',(#6412),#2304,.F.);
#6412 = FACE_BOUND('',#6413,.F.);
#6413 = EDGE_LOOP('',(#6414,#6439,#6466,#6467,#6491,#6518,#6540,#6541,
    #6542,#6569));
#6414 = ORIENTED_EDGE('',*,*,#6415,.T.);
#6415 = EDGE_CURVE('',#6416,#6418,#6420,.T.);
#6416 = VERTEX_POINT('',#6417);
#6417 = CARTESIAN_POINT('',(-10.97593932557,4.093955728425,4.));
#6418 = VERTEX_POINT('',#6419);
#6419 = CARTESIAN_POINT('',(-11.05093932557,4.093955728425,3.));
#6420 = SEAM_CURVE('',#6421,(#6425,#6432),.PCURVE_S1.);
#6421 = LINE('',#6422,#6423);
#6422 = CARTESIAN_POINT('',(-10.90093932557,4.093955728425,5.));
#6423 = VECTOR('',#6424,1.);
#6424 = DIRECTION('',(-7.478994824163E-02,-1.404399484412E-16,
    -0.997199309888));
#6425 = PCURVE('',#2304,#6426);
#6426 = DEFINITIONAL_REPRESENTATION('',(#6427),#6431);
#6427 = LINE('',#6428,#6429);
#6428 = CARTESIAN_POINT('',(-6.28318530718,0.));
#6429 = VECTOR('',#6430,1.);
#6430 = DIRECTION('',(-0.,-1.));
#6431 = ( GEOMETRIC_REPRESENTATION_CONTEXT(2) 
PARAMETRIC_REPRESENTATION_CONTEXT() REPRESENTATION_CONTEXT('2D SPACE',''
  ) );
#6432 = PCURVE('',#2304,#6433);
#6433 = DEFINITIONAL_REPRESENTATION('',(#6434),#6438);
#6434 = LINE('',#6435,#6436);
#6435 = CARTESIAN_POINT('',(0.,-0.));
#6436 = VECTOR('',#6437,1.);
#6437 = DIRECTION('',(-0.,-1.));
#6438 = ( GEOMETRIC_REPRESENTATION_CONTEXT(2) 
PARAMETRIC_REPRESENTATION_CONTEXT() REPRESENTATION_CONTEXT('2D SPACE',''
  ) );
#6439 = ORIENTED_EDGE('',*,*,#6440,.F.);
#6440 = EDGE_CURVE('',#6418,#6418,#6441,.T.);
#6441 = SURFACE_CURVE('',#6442,(#6447,#6454),.PCURVE_S1.);
#6442 = CIRCLE('',#6443,1.1);
#6443 = AXIS2_PLACEMENT_3D('',#6444,#6445,#6446);
#6444 = CARTESIAN_POINT('',(-12.15093932557,4.093955728425,3.));
#6445 = DIRECTION('',(0.,-1.224646799147E-16,-1.));
#6446 = DIRECTION('',(1.,0.,0.));
#6447 = PCURVE('',#2304,#6448);
#6448 = DEFINITIONAL_REPRESENTATION('',(#6449),#6453);
#6449 = LINE('',#6450,#6451);
#6450 = CARTESIAN_POINT('',(-0.,-2.));
#6451 = VECTOR('',#6452,1.);
#6452 = DIRECTION('',(-1.,-0.));
#6453 = ( GEOMETRIC_REPRESENTATION_CONTEXT(2) 
PARAMETRIC_REPRESENTATION_CONTEXT() REPRESENTATION_CONTEXT('2D SPACE',''
  ) );
#6454 = PCURVE('',#6455,#6460);
#6455 = CYLINDRICAL_SURFACE('',#6456,1.1);
#6456 = AXIS2_PLACEMENT_3D('',#6457,#6458,#6459);
#6457 = CARTESIAN_POINT('',(-12.15093932557,4.093955728425,22.1));
#6458 = DIRECTION('',(-0.,1.224646799147E-16,1.));
#6459 = DIRECTION('',(1.,0.,0.));
#6460 = DEFINITIONAL_REPRESENTATION('',(#6461),#6465);
#6461 = LINE('',#6462,#6463);
#6462 = CARTESIAN_POINT('',(-0.,-19.1));
#6463 = VECTOR('',#6464,1.);
#6464 = DIRECTION('',(-1.,0.));
#6465 = ( GEOMETRIC_REPRESENTATION_CONTEXT(2) 
PARAMETRIC_REPRESENTATION_CONTEXT() REPRESENTATION_CONTEXT('2D SPACE',''
  ) );
#6466 = ORIENTED_EDGE('',*,*,#6415,.F.);
#6467 = ORIENTED_EDGE('',*,*,#6468,.T.);
#6468 = EDGE_CURVE('',#6416,#6469,#6471,.T.);
#6469 = VERTEX_POINT('',#6470);
#6470 = CARTESIAN_POINT('',(-11.,3.857389313109,4.));
#6471 = SURFACE_CURVE('',#6472,(#6477,#6484),.PCURVE_S1.);
#6472 = CIRCLE('',#6473,1.175);
#6473 = AXIS2_PLACEMENT_3D('',#6474,#6475,#6476);
#6474 = CARTESIAN_POINT('',(-12.15093932557,4.093955728425,4.));
#6475 = DIRECTION('',(0.,-1.224646799147E-16,-1.));
#6476 = DIRECTION('',(1.,0.,0.));
#6477 = PCURVE('',#2304,#6478);
#6478 = DEFINITIONAL_REPRESENTATION('',(#6479),#6483);
#6479 = LINE('',#6480,#6481);
#6480 = CARTESIAN_POINT('',(-0.,-1.));
#6481 = VECTOR('',#6482,1.);
#6482 = DIRECTION('',(-1.,-0.));
#6483 = ( GEOMETRIC_REPRESENTATION_CONTEXT(2) 
PARAMETRIC_REPRESENTATION_CONTEXT() REPRESENTATION_CONTEXT('2D SPACE',''
  ) );
#6484 = PCURVE('',#5719,#6485);
#6485 = DEFINITIONAL_REPRESENTATION('',(#6486),#6490);
#6486 = CIRCLE('',#6487,1.175);
#6487 = AXIS2_PLACEMENT_2D('',#6488,#6489);
#6488 = CARTESIAN_POINT('',(-1.75093932557,-4.093955728425));
#6489 = DIRECTION('',(1.,0.));
#6490 = ( GEOMETRIC_REPRESENTATION_CONTEXT(2) 
PARAMETRIC_REPRESENTATION_CONTEXT() REPRESENTATION_CONTEXT('2D SPACE',''
  ) );
#6491 = ORIENTED_EDGE('',*,*,#6492,.T.);
#6492 = EDGE_CURVE('',#6469,#6493,#6495,.T.);
#6493 = VERTEX_POINT('',#6494);
#6494 = CARTESIAN_POINT('',(-11.,3.606268668052,5.));
#6495 = SURFACE_CURVE('',#6496,(#6501,#6511),.PCURVE_S1.);
#6496 = HYPERBOLA('',#6497,15.345857674272,1.15093932557);
#6497 = AXIS2_PLACEMENT_3D('',#6498,#6499,#6500);
#6498 = CARTESIAN_POINT('',(-11.,4.093955728425,-11.66666666666));
#6499 = DIRECTION('',(1.,-4.807406715959E-16,5.887375246899E-32));
#6500 = DIRECTION('',(0.,1.224646799147E-16,1.));
#6501 = PCURVE('',#2304,#6502);
#6502 = DEFINITIONAL_REPRESENTATION('',(#6503),#6510);
#6503 = B_SPLINE_CURVE_WITH_KNOTS('',5,(#6504,#6505,#6506,#6507,#6508,
    #6509),.UNSPECIFIED.,.F.,.F.,(6,6),(0.169437061838,0.411976539493),
  .PIECEWISE_BEZIER_KNOTS.);
#6504 = CARTESIAN_POINT('',(-0.168632106731,-1.1));
#6505 = CARTESIAN_POINT('',(-0.216451930771,-0.973267486832));
#6506 = CARTESIAN_POINT('',(-0.263785188931,-0.800749304099));
#6507 = CARTESIAN_POINT('',(-0.310410168983,-0.581823547));
#6508 = CARTESIAN_POINT('',(-0.356130399892,-0.315422306352));
#6509 = CARTESIAN_POINT('',(-0.400794115546,-4.874217182071E-15));
#6510 = ( GEOMETRIC_REPRESENTATION_CONTEXT(2) 
PARAMETRIC_REPRESENTATION_CONTEXT() REPRESENTATION_CONTEXT('2D SPACE',''
  ) );
#6511 = PCURVE('',#6346,#6512);
#6512 = DEFINITIONAL_REPRESENTATION('',(#6513),#6517);
#6513 = HYPERBOLA('',#6514,15.345857674272,1.15093932557);
#6514 = AXIS2_PLACEMENT_2D('',#6515,#6516);
#6515 = CARTESIAN_POINT('',(1.438144490153,-16.66666666666));
#6516 = DIRECTION('',(0.,1.));
#6517 = ( GEOMETRIC_REPRESENTATION_CONTEXT(2) 
PARAMETRIC_REPRESENTATION_CONTEXT() REPRESENTATION_CONTEXT('2D SPACE',''
  ) );
#6518 = ORIENTED_EDGE('',*,*,#6519,.T.);
#6519 = EDGE_CURVE('',#6493,#6359,#6520,.T.);
#6520 = SURFACE_CURVE('',#6521,(#6526,#6533),.PCURVE_S1.);
#6521 = CIRCLE('',#6522,1.25);
#6522 = AXIS2_PLACEMENT_3D('',#6523,#6524,#6525);
#6523 = CARTESIAN_POINT('',(-12.15093932557,4.093955728425,5.));
#6524 = DIRECTION('',(0.,-1.224646799147E-16,-1.));
#6525 = DIRECTION('',(1.,0.,0.));
#6526 = PCURVE('',#2304,#6527);
#6527 = DEFINITIONAL_REPRESENTATION('',(#6528),#6532);
#6528 = LINE('',#6529,#6530);
#6529 = CARTESIAN_POINT('',(-0.,-0.));
#6530 = VECTOR('',#6531,1.);
#6531 = DIRECTION('',(-1.,-0.));
#6532 = ( GEOMETRIC_REPRESENTATION_CONTEXT(2) 
PARAMETRIC_REPRESENTATION_CONTEXT() REPRESENTATION_CONTEXT('2D SPACE',''
  ) );
#6533 = PCURVE('',#6374,#6534);
#6534 = DEFINITIONAL_REPRESENTATION('',(#6535),#6539);
#6535 = CIRCLE('',#6536,1.25);
#6536 = AXIS2_PLACEMENT_2D('',#6537,#6538);
#6537 = CARTESIAN_POINT('',(-1.75093932557,-4.093955728425));
#6538 = DIRECTION('',(1.,0.));
#6539 = ( GEOMETRIC_REPRESENTATION_CONTEXT(2) 
PARAMETRIC_REPRESENTATION_CONTEXT() REPRESENTATION_CONTEXT('2D SPACE',''
  ) );
#6540 = ORIENTED_EDGE('',*,*,#6386,.T.);
#6541 = ORIENTED_EDGE('',*,*,#2287,.T.);
#6542 = ORIENTED_EDGE('',*,*,#6543,.T.);
#6543 = EDGE_CURVE('',#2260,#6544,#6546,.T.);
#6544 = VERTEX_POINT('',#6545);
#6545 = CARTESIAN_POINT('',(-11.,4.330522143742,4.));
#6546 = SURFACE_CURVE('',#6547,(#6552,#6562),.PCURVE_S1.);
#6547 = HYPERBOLA('',#6548,15.345857674272,1.15093932557);
#6548 = AXIS2_PLACEMENT_3D('',#6549,#6550,#6551);
#6549 = CARTESIAN_POINT('',(-11.,4.093955728425,-11.66666666666));
#6550 = DIRECTION('',(1.,-4.807406715959E-16,5.887375246899E-32));
#6551 = DIRECTION('',(0.,1.224646799147E-16,1.));
#6552 = PCURVE('',#2304,#6553);
#6553 = DEFINITIONAL_REPRESENTATION('',(#6554),#6561);
#6554 = B_SPLINE_CURVE_WITH_KNOTS('',5,(#6555,#6556,#6557,#6558,#6559,
    #6560),.UNSPECIFIED.,.F.,.F.,(6,6),(-0.411976539493,-0.169437061838)
  ,.PIECEWISE_BEZIER_KNOTS.);
#6555 = CARTESIAN_POINT('',(-5.882391191633,2.191465709266E-15));
#6556 = CARTESIAN_POINT('',(-5.927054907287,-0.315422306352));
#6557 = CARTESIAN_POINT('',(-5.972775138197,-0.581823547));
#6558 = CARTESIAN_POINT('',(-6.019400118249,-0.800749304099));
#6559 = CARTESIAN_POINT('',(-6.066733376408,-0.973267486832));
#6560 = CARTESIAN_POINT('',(-6.114553200449,-1.1));
#6561 = ( GEOMETRIC_REPRESENTATION_CONTEXT(2) 
PARAMETRIC_REPRESENTATION_CONTEXT() REPRESENTATION_CONTEXT('2D SPACE',''
  ) );
#6562 = PCURVE('',#2275,#6563);
#6563 = DEFINITIONAL_REPRESENTATION('',(#6564),#6568);
#6564 = HYPERBOLA('',#6565,15.345857674272,1.15093932557);
#6565 = AXIS2_PLACEMENT_2D('',#6566,#6567);
#6566 = CARTESIAN_POINT('',(1.438144490153,-16.66666666666));
#6567 = DIRECTION('',(0.,1.));
#6568 = ( GEOMETRIC_REPRESENTATION_CONTEXT(2) 
PARAMETRIC_REPRESENTATION_CONTEXT() REPRESENTATION_CONTEXT('2D SPACE',''
  ) );
#6569 = ORIENTED_EDGE('',*,*,#6570,.T.);
#6570 = EDGE_CURVE('',#6544,#6416,#6571,.T.);
#6571 = SURFACE_CURVE('',#6572,(#6577,#6584),.PCURVE_S1.);
#6572 = CIRCLE('',#6573,1.175);
#6573 = AXIS2_PLACEMENT_3D('',#6574,#6575,#6576);
#6574 = CARTESIAN_POINT('',(-12.15093932557,4.093955728425,4.));
#6575 = DIRECTION('',(0.,-1.224646799147E-16,-1.));
#6576 = DIRECTION('',(1.,0.,0.));
#6577 = PCURVE('',#2304,#6578);
#6578 = DEFINITIONAL_REPRESENTATION('',(#6579),#6583);
#6579 = LINE('',#6580,#6581);
#6580 = CARTESIAN_POINT('',(-0.,-1.));
#6581 = VECTOR('',#6582,1.);
#6582 = DIRECTION('',(-1.,-0.));
#6583 = ( GEOMETRIC_REPRESENTATION_CONTEXT(2) 
PARAMETRIC_REPRESENTATION_CONTEXT() REPRESENTATION_CONTEXT('2D SPACE',''
  ) );
#6584 = PCURVE('',#5719,#6585);
#6585 = DEFINITIONAL_REPRESENTATION('',(#6586),#6590);
#6586 = CIRCLE('',#6587,1.175);
#6587 = AXIS2_PLACEMENT_2D('',#6588,#6589);
#6588 = CARTESIAN_POINT('',(-1.75093932557,-4.093955728425));
#6589 = DIRECTION('',(1.,0.));
#6590 = ( GEOMETRIC_REPRESENTATION_CONTEXT(2) 
PARAMETRIC_REPRESENTATION_CONTEXT() REPRESENTATION_CONTEXT('2D SPACE',''
  ) );
#6591 = ADVANCED_FACE('',(#6592),#2275,.T.);
#6592 = FACE_BOUND('',#6593,.T.);
#6593 = EDGE_LOOP('',(#6594,#6595,#6596,#6619));
#6594 = ORIENTED_EDGE('',*,*,#2259,.F.);
#6595 = ORIENTED_EDGE('',*,*,#6543,.T.);
#6596 = ORIENTED_EDGE('',*,*,#6597,.F.);
#6597 = EDGE_CURVE('',#6598,#6544,#6600,.T.);
#6598 = VERTEX_POINT('',#6599);
#6599 = CARTESIAN_POINT('',(-11.,6.350852961086,4.));
#6600 = SURFACE_CURVE('',#6601,(#6605,#6612),.PCURVE_S1.);
#6601 = LINE('',#6602,#6603);
#6602 = CARTESIAN_POINT('',(-11.,1.327905619136,4.));
#6603 = VECTOR('',#6604,1.);
#6604 = DIRECTION('',(-4.807406715959E-16,-1.,1.224646799147E-16));
#6605 = PCURVE('',#2275,#6606);
#6606 = DEFINITIONAL_REPRESENTATION('',(#6607),#6611);
#6607 = LINE('',#6608,#6609);
#6608 = CARTESIAN_POINT('',(-1.327905619136,-1.));
#6609 = VECTOR('',#6610,1.);
#6610 = DIRECTION('',(-1.,0.));
#6611 = ( GEOMETRIC_REPRESENTATION_CONTEXT(2) 
PARAMETRIC_REPRESENTATION_CONTEXT() REPRESENTATION_CONTEXT('2D SPACE',''
  ) );
#6612 = PCURVE('',#5719,#6613);
#6613 = DEFINITIONAL_REPRESENTATION('',(#6614),#6618);
#6614 = LINE('',#6615,#6616);
#6615 = CARTESIAN_POINT('',(-0.6,-1.327905619136));
#6616 = VECTOR('',#6617,1.);
#6617 = DIRECTION('',(-4.807406715959E-16,1.));
#6618 = ( GEOMETRIC_REPRESENTATION_CONTEXT(2) 
PARAMETRIC_REPRESENTATION_CONTEXT() REPRESENTATION_CONTEXT('2D SPACE',''
  ) );
#6619 = ORIENTED_EDGE('',*,*,#6620,.F.);
#6620 = EDGE_CURVE('',#2237,#6598,#6621,.T.);
#6621 = SURFACE_CURVE('',#6622,(#6626,#6633),.PCURVE_S1.);
#6622 = LINE('',#6623,#6624);
#6623 = CARTESIAN_POINT('',(-11.,6.350852961086,5.));
#6624 = VECTOR('',#6625,1.);
#6625 = DIRECTION('',(0.,-1.224646799147E-16,-1.));
#6626 = PCURVE('',#2275,#6627);
#6627 = DEFINITIONAL_REPRESENTATION('',(#6628),#6632);
#6628 = LINE('',#6629,#6630);
#6629 = CARTESIAN_POINT('',(3.695041722814,-4.356663178442E-16));
#6630 = VECTOR('',#6631,1.);
#6631 = DIRECTION('',(0.,-1.));
#6632 = ( GEOMETRIC_REPRESENTATION_CONTEXT(2) 
PARAMETRIC_REPRESENTATION_CONTEXT() REPRESENTATION_CONTEXT('2D SPACE',''
  ) );
#6633 = PCURVE('',#2171,#6634);
#6634 = DEFINITIONAL_REPRESENTATION('',(#6635),#6639);
#6635 = LINE('',#6636,#6637);
#6636 = CARTESIAN_POINT('',(0.,0.));
#6637 = VECTOR('',#6638,1.);
#6638 = DIRECTION('',(0.,-1.));
#6639 = ( GEOMETRIC_REPRESENTATION_CONTEXT(2) 
PARAMETRIC_REPRESENTATION_CONTEXT() REPRESENTATION_CONTEXT('2D SPACE',''
  ) );
#6640 = ADVANCED_FACE('',(#6641),#2171,.T.);
#6641 = FACE_BOUND('',#6642,.T.);
#6642 = EDGE_LOOP('',(#6643,#6644,#6645,#6668,#6689,#6690));
#6643 = ORIENTED_EDGE('',*,*,#2236,.F.);
#6644 = ORIENTED_EDGE('',*,*,#6620,.T.);
#6645 = ORIENTED_EDGE('',*,*,#6646,.F.);
#6646 = EDGE_CURVE('',#6647,#6598,#6649,.T.);
#6647 = VERTEX_POINT('',#6648);
#6648 = CARTESIAN_POINT('',(-8.4,7.851963660979,4.));
#6649 = SURFACE_CURVE('',#6650,(#6654,#6661),.PCURVE_S1.);
#6650 = LINE('',#6651,#6652);
#6651 = CARTESIAN_POINT('',(-12.15,5.686900151518,4.));
#6652 = VECTOR('',#6653,1.);
#6653 = DIRECTION('',(-0.866025403784,-0.5,6.123233995737E-17));
#6654 = PCURVE('',#2171,#6655);
#6655 = DEFINITIONAL_REPRESENTATION('',(#6656),#6660);
#6656 = LINE('',#6657,#6658);
#6657 = CARTESIAN_POINT('',(-1.327905619136,-1.));
#6658 = VECTOR('',#6659,1.);
#6659 = DIRECTION('',(-1.,0.));
#6660 = ( GEOMETRIC_REPRESENTATION_CONTEXT(2) 
PARAMETRIC_REPRESENTATION_CONTEXT() REPRESENTATION_CONTEXT('2D SPACE',''
  ) );
#6661 = PCURVE('',#5719,#6662);
#6662 = DEFINITIONAL_REPRESENTATION('',(#6663),#6667);
#6663 = LINE('',#6664,#6665);
#6664 = CARTESIAN_POINT('',(-1.75,-5.686900151518));
#6665 = VECTOR('',#6666,1.);
#6666 = DIRECTION('',(-0.866025403784,0.5));
#6667 = ( GEOMETRIC_REPRESENTATION_CONTEXT(2) 
PARAMETRIC_REPRESENTATION_CONTEXT() REPRESENTATION_CONTEXT('2D SPACE',''
  ) );
#6668 = ORIENTED_EDGE('',*,*,#6669,.T.);
#6669 = EDGE_CURVE('',#6647,#2128,#6670,.T.);
#6670 = SURFACE_CURVE('',#6671,(#6675,#6682),.PCURVE_S1.);
#6671 = LINE('',#6672,#6673);
#6672 = CARTESIAN_POINT('',(-8.4,7.851963660979,5.));
#6673 = VECTOR('',#6674,1.);
#6674 = DIRECTION('',(0.,1.224646799147E-16,1.));
#6675 = PCURVE('',#2171,#6676);
#6676 = DEFINITIONAL_REPRESENTATION('',(#6677),#6681);
#6677 = LINE('',#6678,#6679);
#6678 = CARTESIAN_POINT('',(3.002221399786,1.83833041379E-16));
#6679 = VECTOR('',#6680,1.);
#6680 = DIRECTION('',(0.,1.));
#6681 = ( GEOMETRIC_REPRESENTATION_CONTEXT(2) 
PARAMETRIC_REPRESENTATION_CONTEXT() REPRESENTATION_CONTEXT('2D SPACE',''
  ) );
#6682 = PCURVE('',#2143,#6683);
#6683 = DEFINITIONAL_REPRESENTATION('',(#6684),#6688);
#6684 = LINE('',#6685,#6686);
#6685 = CARTESIAN_POINT('',(0.692820323028,8.484601909799E-17));
#6686 = VECTOR('',#6687,1.);
#6687 = DIRECTION('',(0.,1.));
#6688 = ( GEOMETRIC_REPRESENTATION_CONTEXT(2) 
PARAMETRIC_REPRESENTATION_CONTEXT() REPRESENTATION_CONTEXT('2D SPACE',''
  ) );
#6689 = ORIENTED_EDGE('',*,*,#2155,.F.);
#6690 = ORIENTED_EDGE('',*,*,#6691,.T.);
#6691 = EDGE_CURVE('',#2156,#2213,#6692,.T.);
#6692 = SURFACE_CURVE('',#6693,(#6698,#6705),.PCURVE_S1.);
#6693 = HYPERBOLA('',#6694,15.720642891933,1.179048216895);
#6694 = AXIS2_PLACEMENT_3D('',#6695,#6696,#6697);
#6695 = CARTESIAN_POINT('',(-9.609524108447,7.153644591375,
    -11.66666666666));
#6696 = DIRECTION('',(0.5,-0.866025403784,1.060575238725E-16));
#6697 = DIRECTION('',(0.,1.224646799147E-16,1.));
#6698 = PCURVE('',#2171,#6699);
#6699 = DEFINITIONAL_REPRESENTATION('',(#6700),#6704);
#6700 = HYPERBOLA('',#6701,15.720642891933,1.179048216895);
#6701 = AXIS2_PLACEMENT_2D('',#6702,#6703);
#6702 = CARTESIAN_POINT('',(1.605583260579,-16.66666666666));
#6703 = DIRECTION('',(0.,1.));
#6704 = ( GEOMETRIC_REPRESENTATION_CONTEXT(2) 
PARAMETRIC_REPRESENTATION_CONTEXT() REPRESENTATION_CONTEXT('2D SPACE',''
  ) );
#6705 = PCURVE('',#2200,#6706);
#6706 = DEFINITIONAL_REPRESENTATION('',(#6707),#6716);
#6707 = B_SPLINE_CURVE_WITH_KNOTS('',7,(#6708,#6709,#6710,#6711,#6712,
    #6713,#6714,#6715),.UNSPECIFIED.,.F.,.F.,(8,8),(-0.345204639821,
    0.345204639821),.PIECEWISE_BEZIER_KNOTS.);
#6708 = CARTESIAN_POINT('',(-0.708651594774,-4.857656987794E-15));
#6709 = CARTESIAN_POINT('',(-0.801683118213,-0.545942672757));
#6710 = CARTESIAN_POINT('',(-0.898269994881,-0.902732609157));
#6711 = CARTESIAN_POINT('',(-0.997259478006,-1.079043948982));
#6712 = CARTESIAN_POINT('',(-1.097135624388,-1.079043948983));
#6713 = CARTESIAN_POINT('',(-1.196125107512,-0.902732609157));
#6714 = CARTESIAN_POINT('',(-1.292711984181,-0.545942672757));
#6715 = CARTESIAN_POINT('',(-1.385743507619,2.224586097819E-15));
#6716 = ( GEOMETRIC_REPRESENTATION_CONTEXT(2) 
PARAMETRIC_REPRESENTATION_CONTEXT() REPRESENTATION_CONTEXT('2D SPACE',''
  ) );
#6717 = ADVANCED_FACE('',(#6718),#2200,.F.);
#6718 = FACE_BOUND('',#6719,.F.);
#6719 = EDGE_LOOP('',(#6720,#6743,#6770,#6771,#6772,#6773));
#6720 = ORIENTED_EDGE('',*,*,#6721,.T.);
#6721 = EDGE_CURVE('',#2184,#6722,#6724,.T.);
#6722 = VERTEX_POINT('',#6723);
#6723 = CARTESIAN_POINT('',(-9.099048216895,8.174730299493,3.));
#6724 = SEAM_CURVE('',#6725,(#6729,#6736),.PCURVE_S1.);
#6725 = LINE('',#6726,#6727);
#6726 = CARTESIAN_POINT('',(-8.949048216895,8.174730299493,5.));
#6727 = VECTOR('',#6728,1.);
#6728 = DIRECTION('',(-7.478994824163E-02,-1.404399484412E-16,
    -0.997199309888));
#6729 = PCURVE('',#2200,#6730);
#6730 = DEFINITIONAL_REPRESENTATION('',(#6731),#6735);
#6731 = LINE('',#6732,#6733);
#6732 = CARTESIAN_POINT('',(-6.28318530718,0.));
#6733 = VECTOR('',#6734,1.);
#6734 = DIRECTION('',(-0.,-1.));
#6735 = ( GEOMETRIC_REPRESENTATION_CONTEXT(2) 
PARAMETRIC_REPRESENTATION_CONTEXT() REPRESENTATION_CONTEXT('2D SPACE',''
  ) );
#6736 = PCURVE('',#2200,#6737);
#6737 = DEFINITIONAL_REPRESENTATION('',(#6738),#6742);
#6738 = LINE('',#6739,#6740);
#6739 = CARTESIAN_POINT('',(0.,-0.));
#6740 = VECTOR('',#6741,1.);
#6741 = DIRECTION('',(-0.,-1.));
#6742 = ( GEOMETRIC_REPRESENTATION_CONTEXT(2) 
PARAMETRIC_REPRESENTATION_CONTEXT() REPRESENTATION_CONTEXT('2D SPACE',''
  ) );
#6743 = ORIENTED_EDGE('',*,*,#6744,.F.);
#6744 = EDGE_CURVE('',#6722,#6722,#6745,.T.);
#6745 = SURFACE_CURVE('',#6746,(#6751,#6758),.PCURVE_S1.);
#6746 = CIRCLE('',#6747,1.1);
#6747 = AXIS2_PLACEMENT_3D('',#6748,#6749,#6750);
#6748 = CARTESIAN_POINT('',(-10.19904821689,8.174730299493,3.));
#6749 = DIRECTION('',(0.,-1.224646799147E-16,-1.));
#6750 = DIRECTION('',(1.,0.,0.));
#6751 = PCURVE('',#2200,#6752);
#6752 = DEFINITIONAL_REPRESENTATION('',(#6753),#6757);
#6753 = LINE('',#6754,#6755);
#6754 = CARTESIAN_POINT('',(-0.,-2.));
#6755 = VECTOR('',#6756,1.);
#6756 = DIRECTION('',(-1.,-0.));
#6757 = ( GEOMETRIC_REPRESENTATION_CONTEXT(2) 
PARAMETRIC_REPRESENTATION_CONTEXT() REPRESENTATION_CONTEXT('2D SPACE',''
  ) );
#6758 = PCURVE('',#6759,#6764);
#6759 = CYLINDRICAL_SURFACE('',#6760,1.1);
#6760 = AXIS2_PLACEMENT_3D('',#6761,#6762,#6763);
#6761 = CARTESIAN_POINT('',(-10.19904821689,8.174730299493,22.1));
#6762 = DIRECTION('',(-0.,1.224646799147E-16,1.));
#6763 = DIRECTION('',(1.,0.,0.));
#6764 = DEFINITIONAL_REPRESENTATION('',(#6765),#6769);
#6765 = LINE('',#6766,#6767);
#6766 = CARTESIAN_POINT('',(-0.,-19.1));
#6767 = VECTOR('',#6768,1.);
#6768 = DIRECTION('',(-1.,0.));
#6769 = ( GEOMETRIC_REPRESENTATION_CONTEXT(2) 
PARAMETRIC_REPRESENTATION_CONTEXT() REPRESENTATION_CONTEXT('2D SPACE',''
  ) );
#6770 = ORIENTED_EDGE('',*,*,#6721,.F.);
#6771 = ORIENTED_EDGE('',*,*,#2183,.T.);
#6772 = ORIENTED_EDGE('',*,*,#6691,.T.);
#6773 = ORIENTED_EDGE('',*,*,#2212,.T.);
#6774 = ADVANCED_FACE('',(#6775),#2143,.T.);
#6775 = FACE_BOUND('',#6776,.T.);
#6776 = EDGE_LOOP('',(#6777,#6778,#6779,#6802));
#6777 = ORIENTED_EDGE('',*,*,#2127,.F.);
#6778 = ORIENTED_EDGE('',*,*,#6669,.F.);
#6779 = ORIENTED_EDGE('',*,*,#6780,.F.);
#6780 = EDGE_CURVE('',#6781,#6647,#6783,.T.);
#6781 = VERTEX_POINT('',#6782);
#6782 = CARTESIAN_POINT('',(-8.4,10.854185060765,4.));
#6783 = SURFACE_CURVE('',#6784,(#6788,#6795),.PCURVE_S1.);
#6784 = LINE('',#6785,#6786);
#6785 = CARTESIAN_POINT('',(-8.4,3.579571668976,4.));
#6786 = VECTOR('',#6787,1.);
#6787 = DIRECTION('',(0.,-1.,1.224646799147E-16));
#6788 = PCURVE('',#2143,#6789);
#6789 = DEFINITIONAL_REPRESENTATION('',(#6790),#6794);
#6790 = LINE('',#6791,#6792);
#6791 = CARTESIAN_POINT('',(-3.579571668976,-1.));
#6792 = VECTOR('',#6793,1.);
#6793 = DIRECTION('',(-1.,0.));
#6794 = ( GEOMETRIC_REPRESENTATION_CONTEXT(2) 
PARAMETRIC_REPRESENTATION_CONTEXT() REPRESENTATION_CONTEXT('2D SPACE',''
  ) );
#6795 = PCURVE('',#5719,#6796);
#6796 = DEFINITIONAL_REPRESENTATION('',(#6797),#6801);
#6797 = LINE('',#6798,#6799);
#6798 = CARTESIAN_POINT('',(2.,-3.579571668976));
#6799 = VECTOR('',#6800,1.);
#6800 = DIRECTION('',(0.,1.));
#6801 = ( GEOMETRIC_REPRESENTATION_CONTEXT(2) 
PARAMETRIC_REPRESENTATION_CONTEXT() REPRESENTATION_CONTEXT('2D SPACE',''
  ) );
#6802 = ORIENTED_EDGE('',*,*,#6803,.F.);
#6803 = EDGE_CURVE('',#2100,#6781,#6804,.T.);
#6804 = SURFACE_CURVE('',#6805,(#6809,#6816),.PCURVE_S1.);
#6805 = LINE('',#6806,#6807);
#6806 = CARTESIAN_POINT('',(-8.4,10.854185060765,5.));
#6807 = VECTOR('',#6808,1.);
#6808 = DIRECTION('',(0.,-1.224646799147E-16,-1.));
#6809 = PCURVE('',#2143,#6810);
#6810 = DEFINITIONAL_REPRESENTATION('',(#6811),#6815);
#6811 = LINE('',#6812,#6813);
#6812 = CARTESIAN_POINT('',(3.695041722814,4.52512101856E-16));
#6813 = VECTOR('',#6814,1.);
#6814 = DIRECTION('',(0.,-1.));
#6815 = ( GEOMETRIC_REPRESENTATION_CONTEXT(2) 
PARAMETRIC_REPRESENTATION_CONTEXT() REPRESENTATION_CONTEXT('2D SPACE',''
  ) );
#6816 = PCURVE('',#2115,#6817);
#6817 = DEFINITIONAL_REPRESENTATION('',(#6818),#6822);
#6818 = LINE('',#6819,#6820);
#6819 = CARTESIAN_POINT('',(0.,0.));
#6820 = VECTOR('',#6821,1.);
#6821 = DIRECTION('',(0.,-1.));
#6822 = ( GEOMETRIC_REPRESENTATION_CONTEXT(2) 
PARAMETRIC_REPRESENTATION_CONTEXT() REPRESENTATION_CONTEXT('2D SPACE',''
  ) );
#6823 = ADVANCED_FACE('',(#6824),#2115,.T.);
#6824 = FACE_BOUND('',#6825,.T.);
#6825 = EDGE_LOOP('',(#6826,#6827,#6828,#6851));
#6826 = ORIENTED_EDGE('',*,*,#2099,.F.);
#6827 = ORIENTED_EDGE('',*,*,#6803,.T.);
#6828 = ORIENTED_EDGE('',*,*,#6829,.F.);
#6829 = EDGE_CURVE('',#6830,#6781,#6832,.T.);
#6830 = VERTEX_POINT('',#6831);
#6831 = CARTESIAN_POINT('',(-5.2,12.701705922172,4.));
#6832 = SURFACE_CURVE('',#6833,(#6837,#6844),.PCURVE_S1.);
#6833 = LINE('',#6834,#6835);
#6834 = CARTESIAN_POINT('',(-11.5,9.064399226277,4.));
#6835 = VECTOR('',#6836,1.);
#6836 = DIRECTION('',(-0.866025403784,-0.5,6.123233995737E-17));
#6837 = PCURVE('',#2115,#6838);
#6838 = DEFINITIONAL_REPRESENTATION('',(#6839),#6843);
#6839 = LINE('',#6840,#6841);
#6840 = CARTESIAN_POINT('',(-3.579571668976,-1.));
#6841 = VECTOR('',#6842,1.);
#6842 = DIRECTION('',(-1.,0.));
#6843 = ( GEOMETRIC_REPRESENTATION_CONTEXT(2) 
PARAMETRIC_REPRESENTATION_CONTEXT() REPRESENTATION_CONTEXT('2D SPACE',''
  ) );
#6844 = PCURVE('',#5719,#6845);
#6845 = DEFINITIONAL_REPRESENTATION('',(#6846),#6850);
#6846 = LINE('',#6847,#6848);
#6847 = CARTESIAN_POINT('',(-1.1,-9.064399226277));
#6848 = VECTOR('',#6849,1.);
#6849 = DIRECTION('',(-0.866025403784,0.5));
#6850 = ( GEOMETRIC_REPRESENTATION_CONTEXT(2) 
PARAMETRIC_REPRESENTATION_CONTEXT() REPRESENTATION_CONTEXT('2D SPACE',''
  ) );
#6851 = ORIENTED_EDGE('',*,*,#6852,.F.);
#6852 = EDGE_CURVE('',#2072,#6830,#6853,.T.);
#6853 = SURFACE_CURVE('',#6854,(#6858,#6865),.PCURVE_S1.);
#6854 = LINE('',#6855,#6856);
#6855 = CARTESIAN_POINT('',(-5.2,12.701705922172,5.));
#6856 = VECTOR('',#6857,1.);
#6857 = DIRECTION('',(0.,-1.224646799147E-16,-1.));
#6858 = PCURVE('',#2115,#6859);
#6859 = DEFINITIONAL_REPRESENTATION('',(#6860),#6864);
#6860 = LINE('',#6861,#6862);
#6861 = CARTESIAN_POINT('',(3.695041722814,2.26256050928E-16));
#6862 = VECTOR('',#6863,1.);
#6863 = DIRECTION('',(0.,-1.));
#6864 = ( GEOMETRIC_REPRESENTATION_CONTEXT(2) 
PARAMETRIC_REPRESENTATION_CONTEXT() REPRESENTATION_CONTEXT('2D SPACE',''
  ) );
#6865 = PCURVE('',#2087,#6866);
#6866 = DEFINITIONAL_REPRESENTATION('',(#6867),#6871);
#6867 = LINE('',#6868,#6869);
#6868 = CARTESIAN_POINT('',(0.,0.));
#6869 = VECTOR('',#6870,1.);
#6870 = DIRECTION('',(0.,-1.));
#6871 = ( GEOMETRIC_REPRESENTATION_CONTEXT(2) 
PARAMETRIC_REPRESENTATION_CONTEXT() REPRESENTATION_CONTEXT('2D SPACE',''
  ) );
#6872 = ADVANCED_FACE('',(#6873),#2087,.T.);
#6873 = FACE_BOUND('',#6874,.T.);
#6874 = EDGE_LOOP('',(#6875,#6876,#6877,#6900,#6928,#6956));
#6875 = ORIENTED_EDGE('',*,*,#2071,.F.);
#6876 = ORIENTED_EDGE('',*,*,#6852,.T.);
#6877 = ORIENTED_EDGE('',*,*,#6878,.F.);
#6878 = EDGE_CURVE('',#6879,#6830,#6881,.T.);
#6879 = VERTEX_POINT('',#6880);
#6880 = CARTESIAN_POINT('',(-2.6,11.200595222279,4.));
#6881 = SURFACE_CURVE('',#6882,(#6886,#6893),.PCURVE_S1.);
#6882 = LINE('',#6883,#6884);
#6883 = CARTESIAN_POINT('',(-4.4,12.23982570682,4.));
#6884 = VECTOR('',#6885,1.);
#6885 = DIRECTION('',(-0.866025403784,0.5,-6.123233995737E-17));
#6886 = PCURVE('',#2087,#6887);
#6887 = DEFINITIONAL_REPRESENTATION('',(#6888),#6892);
#6888 = LINE('',#6889,#6890);
#6889 = CARTESIAN_POINT('',(0.923760430703,-1.));
#6890 = VECTOR('',#6891,1.);
#6891 = DIRECTION('',(-1.,0.));
#6892 = ( GEOMETRIC_REPRESENTATION_CONTEXT(2) 
PARAMETRIC_REPRESENTATION_CONTEXT() REPRESENTATION_CONTEXT('2D SPACE',''
  ) );
#6893 = PCURVE('',#5719,#6894);
#6894 = DEFINITIONAL_REPRESENTATION('',(#6895),#6899);
#6895 = LINE('',#6896,#6897);
#6896 = CARTESIAN_POINT('',(6.,-12.23982570682));
#6897 = VECTOR('',#6898,1.);
#6898 = DIRECTION('',(-0.866025403784,-0.5));
#6899 = ( GEOMETRIC_REPRESENTATION_CONTEXT(2) 
PARAMETRIC_REPRESENTATION_CONTEXT() REPRESENTATION_CONTEXT('2D SPACE',''
  ) );
#6900 = ORIENTED_EDGE('',*,*,#6901,.T.);
#6901 = EDGE_CURVE('',#6879,#6902,#6904,.T.);
#6902 = VERTEX_POINT('',#6903);
#6903 = CARTESIAN_POINT('',(-2.6,11.200595222279,5.));
#6904 = SURFACE_CURVE('',#6905,(#6909,#6916),.PCURVE_S1.);
#6905 = LINE('',#6906,#6907);
#6906 = CARTESIAN_POINT('',(-2.6,11.200595222279,5.));
#6907 = VECTOR('',#6908,1.);
#6908 = DIRECTION('',(0.,1.224646799147E-16,1.));
#6909 = PCURVE('',#2087,#6910);
#6910 = DEFINITIONAL_REPRESENTATION('',(#6911),#6915);
#6911 = LINE('',#6912,#6913);
#6912 = CARTESIAN_POINT('',(3.002221399786,-1.83833041379E-16));
#6913 = VECTOR('',#6914,1.);
#6914 = DIRECTION('',(0.,1.));
#6915 = ( GEOMETRIC_REPRESENTATION_CONTEXT(2) 
PARAMETRIC_REPRESENTATION_CONTEXT() REPRESENTATION_CONTEXT('2D SPACE',''
  ) );
#6916 = PCURVE('',#6917,#6922);
#6917 = PLANE('',#6918);
#6918 = AXIS2_PLACEMENT_3D('',#6919,#6920,#6921);
#6919 = CARTESIAN_POINT('',(-3.2,10.854185060765,5.));
#6920 = DIRECTION('',(0.5,-0.866025403784,1.060575238725E-16));
#6921 = DIRECTION('',(0.866025403784,0.5,-6.123233995737E-17));
#6922 = DEFINITIONAL_REPRESENTATION('',(#6923),#6927);
#6923 = LINE('',#6924,#6925);
#6924 = CARTESIAN_POINT('',(0.692820323028,4.2423009549E-17));
#6925 = VECTOR('',#6926,1.);
#6926 = DIRECTION('',(0.,1.));
#6927 = ( GEOMETRIC_REPRESENTATION_CONTEXT(2) 
PARAMETRIC_REPRESENTATION_CONTEXT() REPRESENTATION_CONTEXT('2D SPACE',''
  ) );
#6928 = ORIENTED_EDGE('',*,*,#6929,.F.);
#6929 = EDGE_CURVE('',#6930,#6902,#6932,.T.);
#6930 = VERTEX_POINT('',#6931);
#6931 = CARTESIAN_POINT('',(-2.908402059581,11.378651234397,5.));
#6932 = SURFACE_CURVE('',#6933,(#6937,#6944),.PCURVE_S1.);
#6933 = LINE('',#6934,#6935);
#6934 = CARTESIAN_POINT('',(-5.2,12.701705922172,5.));
#6935 = VECTOR('',#6936,1.);
#6936 = DIRECTION('',(0.866025403784,-0.5,6.123233995737E-17));
#6937 = PCURVE('',#2087,#6938);
#6938 = DEFINITIONAL_REPRESENTATION('',(#6939),#6943);
#6939 = LINE('',#6940,#6941);
#6940 = CARTESIAN_POINT('',(0.,0.));
#6941 = VECTOR('',#6942,1.);
#6942 = DIRECTION('',(1.,0.));
#6943 = ( GEOMETRIC_REPRESENTATION_CONTEXT(2) 
PARAMETRIC_REPRESENTATION_CONTEXT() REPRESENTATION_CONTEXT('2D SPACE',''
  ) );
#6944 = PCURVE('',#6945,#6950);
#6945 = PLANE('',#6946);
#6946 = AXIS2_PLACEMENT_3D('',#6947,#6948,#6949);
#6947 = CARTESIAN_POINT('',(-10.4,1.631438850498E-16,5.));
#6948 = DIRECTION('',(0.,-1.224646799147E-16,-1.));
#6949 = DIRECTION('',(1.,0.,0.));
#6950 = DEFINITIONAL_REPRESENTATION('',(#6951),#6955);
#6951 = LINE('',#6952,#6953);
#6952 = CARTESIAN_POINT('',(5.2,-12.70170592217));
#6953 = VECTOR('',#6954,1.);
#6954 = DIRECTION('',(0.866025403784,0.5));
#6955 = ( GEOMETRIC_REPRESENTATION_CONTEXT(2) 
PARAMETRIC_REPRESENTATION_CONTEXT() REPRESENTATION_CONTEXT('2D SPACE',''
  ) );
#6956 = ORIENTED_EDGE('',*,*,#6957,.T.);
#6957 = EDGE_CURVE('',#6930,#2048,#6958,.T.);
#6958 = SURFACE_CURVE('',#6959,(#6964,#6971),.PCURVE_S1.);
#6959 = HYPERBOLA('',#6960,16.279191007605,1.22093932557);
#6960 = AXIS2_PLACEMENT_3D('',#6961,#6962,#6963);
#6961 = CARTESIAN_POINT('',(-3.140469662785,11.512635527577,
    -11.66666666666));
#6962 = DIRECTION('',(-0.5,-0.866025403784,1.060575238725E-16));
#6963 = DIRECTION('',(0.,1.224646799147E-16,1.));
#6964 = PCURVE('',#2087,#6965);
#6965 = DEFINITIONAL_REPRESENTATION('',(#6966),#6970);
#6966 = HYPERBOLA('',#6967,16.279191007605,1.22093932557);
#6967 = AXIS2_PLACEMENT_2D('',#6968,#6969);
#6968 = CARTESIAN_POINT('',(2.37814078919,-16.66666666666));
#6969 = DIRECTION('',(0.,1.));
#6970 = ( GEOMETRIC_REPRESENTATION_CONTEXT(2) 
PARAMETRIC_REPRESENTATION_CONTEXT() REPRESENTATION_CONTEXT('2D SPACE',''
  ) );
#6971 = PCURVE('',#2035,#6972);
#6972 = DEFINITIONAL_REPRESENTATION('',(#6973),#6981);
#6973 = B_SPLINE_CURVE_WITH_KNOTS('',6,(#6974,#6975,#6976,#6977,#6978,
    #6979,#6980),.UNSPECIFIED.,.F.,.F.,(7,7),(-0.217752483175,
    0.217752483175),.PIECEWISE_BEZIER_KNOTS.);
#6974 = CARTESIAN_POINT('',(-1.878343327767,1.285623082338E-14));
#6975 = CARTESIAN_POINT('',(-1.949240013086,-0.259337000413));
#6976 = CARTESIAN_POINT('',(-2.021460301402,-0.413304793197));
#6977 = CARTESIAN_POINT('',(-2.094395102393,-0.464362719131));
#6978 = CARTESIAN_POINT('',(-2.167329903384,-0.413304793197));
#6979 = CARTESIAN_POINT('',(-2.2395501917,-0.259337000413));
#6980 = CARTESIAN_POINT('',(-2.31044687702,1.280655024055E-14));
#6981 = ( GEOMETRIC_REPRESENTATION_CONTEXT(2) 
PARAMETRIC_REPRESENTATION_CONTEXT() REPRESENTATION_CONTEXT('2D SPACE',''
  ) );
#6982 = ADVANCED_FACE('',(#6983),#2035,.F.);
#6983 = FACE_BOUND('',#6984,.F.);
#6984 = EDGE_LOOP('',(#6985,#7008,#7035,#7036,#7037,#7064,#7088,#7115,
    #7137,#7138));
#6985 = ORIENTED_EDGE('',*,*,#6986,.T.);
#6986 = EDGE_CURVE('',#2019,#6987,#6989,.T.);
#6987 = VERTEX_POINT('',#6988);
#6988 = CARTESIAN_POINT('',(-1.43,12.57,3.));
#6989 = SEAM_CURVE('',#6990,(#6994,#7001),.PCURVE_S1.);
#6990 = LINE('',#6991,#6992);
#6991 = CARTESIAN_POINT('',(-1.28,12.57,5.));
#6992 = VECTOR('',#6993,1.);
#6993 = DIRECTION('',(-7.478994824163E-02,-1.404399484412E-16,
    -0.997199309888));
#6994 = PCURVE('',#2035,#6995);
#6995 = DEFINITIONAL_REPRESENTATION('',(#6996),#7000);
#6996 = LINE('',#6997,#6998);
#6997 = CARTESIAN_POINT('',(-6.28318530718,0.));
#6998 = VECTOR('',#6999,1.);
#6999 = DIRECTION('',(-0.,-1.));
#7000 = ( GEOMETRIC_REPRESENTATION_CONTEXT(2) 
PARAMETRIC_REPRESENTATION_CONTEXT() REPRESENTATION_CONTEXT('2D SPACE',''
  ) );
#7001 = PCURVE('',#2035,#7002);
#7002 = DEFINITIONAL_REPRESENTATION('',(#7003),#7007);
#7003 = LINE('',#7004,#7005);
#7004 = CARTESIAN_POINT('',(0.,-0.));
#7005 = VECTOR('',#7006,1.);
#7006 = DIRECTION('',(-0.,-1.));
#7007 = ( GEOMETRIC_REPRESENTATION_CONTEXT(2) 
PARAMETRIC_REPRESENTATION_CONTEXT() REPRESENTATION_CONTEXT('2D SPACE',''
  ) );
#7008 = ORIENTED_EDGE('',*,*,#7009,.F.);
#7009 = EDGE_CURVE('',#6987,#6987,#7010,.T.);
#7010 = SURFACE_CURVE('',#7011,(#7016,#7023),.PCURVE_S1.);
#7011 = CIRCLE('',#7012,1.1);
#7012 = AXIS2_PLACEMENT_3D('',#7013,#7014,#7015);
#7013 = CARTESIAN_POINT('',(-2.53,12.57,3.));
#7014 = DIRECTION('',(0.,-1.224646799147E-16,-1.));
#7015 = DIRECTION('',(1.,0.,0.));
#7016 = PCURVE('',#2035,#7017);
#7017 = DEFINITIONAL_REPRESENTATION('',(#7018),#7022);
#7018 = LINE('',#7019,#7020);
#7019 = CARTESIAN_POINT('',(-0.,-2.));
#7020 = VECTOR('',#7021,1.);
#7021 = DIRECTION('',(-1.,-0.));
#7022 = ( GEOMETRIC_REPRESENTATION_CONTEXT(2) 
PARAMETRIC_REPRESENTATION_CONTEXT() REPRESENTATION_CONTEXT('2D SPACE',''
  ) );
#7023 = PCURVE('',#7024,#7029);
#7024 = CYLINDRICAL_SURFACE('',#7025,1.1);
#7025 = AXIS2_PLACEMENT_3D('',#7026,#7027,#7028);
#7026 = CARTESIAN_POINT('',(-2.53,12.57,22.1));
#7027 = DIRECTION('',(-0.,1.224646799147E-16,1.));
#7028 = DIRECTION('',(1.,0.,0.));
#7029 = DEFINITIONAL_REPRESENTATION('',(#7030),#7034);
#7030 = LINE('',#7031,#7032);
#7031 = CARTESIAN_POINT('',(-0.,-19.1));
#7032 = VECTOR('',#7033,1.);
#7033 = DIRECTION('',(-1.,0.));
#7034 = ( GEOMETRIC_REPRESENTATION_CONTEXT(2) 
PARAMETRIC_REPRESENTATION_CONTEXT() REPRESENTATION_CONTEXT('2D SPACE',''
  ) );
#7035 = ORIENTED_EDGE('',*,*,#6986,.F.);
#7036 = ORIENTED_EDGE('',*,*,#2018,.T.);
#7037 = ORIENTED_EDGE('',*,*,#7038,.T.);
#7038 = EDGE_CURVE('',#1991,#7039,#7041,.T.);
#7039 = VERTEX_POINT('',#7040);
#7040 = CARTESIAN_POINT('',(-1.749657811869,11.6915405135,4.));
#7041 = SURFACE_CURVE('',#7042,(#7047,#7057),.PCURVE_S1.);
#7042 = HYPERBOLA('',#7043,15.345857674272,1.15093932557);
#7043 = AXIS2_PLACEMENT_3D('',#7044,#7045,#7046);
#7044 = CARTESIAN_POINT('',(-1.954530337215,11.573257305842,
    -11.66666666666));
#7045 = DIRECTION('',(0.5,-0.866025403784,1.060575238725E-16));
#7046 = DIRECTION('',(0.,1.224646799147E-16,1.));
#7047 = PCURVE('',#2035,#7048);
#7048 = DEFINITIONAL_REPRESENTATION('',(#7049),#7056);
#7049 = B_SPLINE_CURVE_WITH_KNOTS('',5,(#7050,#7051,#7052,#7053,#7054,
    #7055),.UNSPECIFIED.,.F.,.F.,(6,6),(-0.411976539493,-0.169437061838)
  ,.PIECEWISE_BEZIER_KNOTS.);
#7050 = CARTESIAN_POINT('',(-0.64640343565,2.191465709266E-15));
#7051 = CARTESIAN_POINT('',(-0.691067151304,-0.315422306352));
#7052 = CARTESIAN_POINT('',(-0.736787382214,-0.581823547));
#7053 = CARTESIAN_POINT('',(-0.783412362266,-0.800749304099));
#7054 = CARTESIAN_POINT('',(-0.830745620425,-0.973267486832));
#7055 = CARTESIAN_POINT('',(-0.878565444466,-1.1));
#7056 = ( GEOMETRIC_REPRESENTATION_CONTEXT(2) 
PARAMETRIC_REPRESENTATION_CONTEXT() REPRESENTATION_CONTEXT('2D SPACE',''
  ) );
#7057 = PCURVE('',#2006,#7058);
#7058 = DEFINITIONAL_REPRESENTATION('',(#7059),#7063);
#7059 = HYPERBOLA('',#7060,15.345857674272,1.15093932557);
#7060 = AXIS2_PLACEMENT_2D('',#7061,#7062);
#7061 = CARTESIAN_POINT('',(1.438144490153,-16.66666666666));
#7062 = DIRECTION('',(0.,1.));
#7063 = ( GEOMETRIC_REPRESENTATION_CONTEXT(2) 
PARAMETRIC_REPRESENTATION_CONTEXT() REPRESENTATION_CONTEXT('2D SPACE',''
  ) );
#7064 = ORIENTED_EDGE('',*,*,#7065,.T.);
#7065 = EDGE_CURVE('',#7039,#7066,#7068,.T.);
#7066 = VERTEX_POINT('',#7067);
#7067 = CARTESIAN_POINT('',(-2.159402862561,11.454974098183,4.));
#7068 = SURFACE_CURVE('',#7069,(#7074,#7081),.PCURVE_S1.);
#7069 = CIRCLE('',#7070,1.175);
#7070 = AXIS2_PLACEMENT_3D('',#7071,#7072,#7073);
#7071 = CARTESIAN_POINT('',(-2.53,12.57,4.));
#7072 = DIRECTION('',(0.,-1.224646799147E-16,-1.));
#7073 = DIRECTION('',(1.,0.,0.));
#7074 = PCURVE('',#2035,#7075);
#7075 = DEFINITIONAL_REPRESENTATION('',(#7076),#7080);
#7076 = LINE('',#7077,#7078);
#7077 = CARTESIAN_POINT('',(-0.,-1.));
#7078 = VECTOR('',#7079,1.);
#7079 = DIRECTION('',(-1.,-0.));
#7080 = ( GEOMETRIC_REPRESENTATION_CONTEXT(2) 
PARAMETRIC_REPRESENTATION_CONTEXT() REPRESENTATION_CONTEXT('2D SPACE',''
  ) );
#7081 = PCURVE('',#5719,#7082);
#7082 = DEFINITIONAL_REPRESENTATION('',(#7083),#7087);
#7083 = CIRCLE('',#7084,1.175);
#7084 = AXIS2_PLACEMENT_2D('',#7085,#7086);
#7085 = CARTESIAN_POINT('',(7.87,-12.57));
#7086 = DIRECTION('',(1.,0.));
#7087 = ( GEOMETRIC_REPRESENTATION_CONTEXT(2) 
PARAMETRIC_REPRESENTATION_CONTEXT() REPRESENTATION_CONTEXT('2D SPACE',''
  ) );
#7088 = ORIENTED_EDGE('',*,*,#7089,.T.);
#7089 = EDGE_CURVE('',#7066,#7090,#7092,.T.);
#7090 = VERTEX_POINT('',#7091);
#7091 = CARTESIAN_POINT('',(-2.376879720595,11.329413775655,5.));
#7092 = SURFACE_CURVE('',#7093,(#7098,#7108),.PCURVE_S1.);
#7093 = HYPERBOLA('',#7094,15.345857674272,1.15093932557);
#7094 = AXIS2_PLACEMENT_3D('',#7095,#7096,#7097);
#7095 = CARTESIAN_POINT('',(-1.954530337215,11.573257305842,
    -11.66666666666));
#7096 = DIRECTION('',(0.5,-0.866025403784,1.060575238725E-16));
#7097 = DIRECTION('',(0.,1.224646799147E-16,1.));
#7098 = PCURVE('',#2035,#7099);
#7099 = DEFINITIONAL_REPRESENTATION('',(#7100),#7107);
#7100 = B_SPLINE_CURVE_WITH_KNOTS('',5,(#7101,#7102,#7103,#7104,#7105,
    #7106),.UNSPECIFIED.,.F.,.F.,(6,6),(0.169437061838,0.411976539493),
  .PIECEWISE_BEZIER_KNOTS.);
#7101 = CARTESIAN_POINT('',(-1.215829657927,-1.1));
#7102 = CARTESIAN_POINT('',(-1.263649481968,-0.973267486832));
#7103 = CARTESIAN_POINT('',(-1.310982740127,-0.800749304099));
#7104 = CARTESIAN_POINT('',(-1.357607720179,-0.581823547));
#7105 = CARTESIAN_POINT('',(-1.403327951089,-0.315422306352));
#7106 = CARTESIAN_POINT('',(-1.447991666743,2.17490551499E-15));
#7107 = ( GEOMETRIC_REPRESENTATION_CONTEXT(2) 
PARAMETRIC_REPRESENTATION_CONTEXT() REPRESENTATION_CONTEXT('2D SPACE',''
  ) );
#7108 = PCURVE('',#6917,#7109);
#7109 = DEFINITIONAL_REPRESENTATION('',(#7110),#7114);
#7110 = HYPERBOLA('',#7111,15.345857674272,1.15093932557);
#7111 = AXIS2_PLACEMENT_2D('',#7112,#7113);
#7112 = CARTESIAN_POINT('',(1.438144490153,-16.66666666666));
#7113 = DIRECTION('',(0.,1.));
#7114 = ( GEOMETRIC_REPRESENTATION_CONTEXT(2) 
PARAMETRIC_REPRESENTATION_CONTEXT() REPRESENTATION_CONTEXT('2D SPACE',''
  ) );
#7115 = ORIENTED_EDGE('',*,*,#7116,.T.);
#7116 = EDGE_CURVE('',#7090,#6930,#7117,.T.);
#7117 = SURFACE_CURVE('',#7118,(#7123,#7130),.PCURVE_S1.);
#7118 = CIRCLE('',#7119,1.25);
#7119 = AXIS2_PLACEMENT_3D('',#7120,#7121,#7122);
#7120 = CARTESIAN_POINT('',(-2.53,12.57,5.));
#7121 = DIRECTION('',(0.,-1.224646799147E-16,-1.));
#7122 = DIRECTION('',(1.,0.,0.));
#7123 = PCURVE('',#2035,#7124);
#7124 = DEFINITIONAL_REPRESENTATION('',(#7125),#7129);
#7125 = LINE('',#7126,#7127);
#7126 = CARTESIAN_POINT('',(-0.,-0.));
#7127 = VECTOR('',#7128,1.);
#7128 = DIRECTION('',(-1.,-0.));
#7129 = ( GEOMETRIC_REPRESENTATION_CONTEXT(2) 
PARAMETRIC_REPRESENTATION_CONTEXT() REPRESENTATION_CONTEXT('2D SPACE',''
  ) );
#7130 = PCURVE('',#6945,#7131);
#7131 = DEFINITIONAL_REPRESENTATION('',(#7132),#7136);
#7132 = CIRCLE('',#7133,1.25);
#7133 = AXIS2_PLACEMENT_2D('',#7134,#7135);
#7134 = CARTESIAN_POINT('',(7.87,-12.57));
#7135 = DIRECTION('',(1.,0.));
#7136 = ( GEOMETRIC_REPRESENTATION_CONTEXT(2) 
PARAMETRIC_REPRESENTATION_CONTEXT() REPRESENTATION_CONTEXT('2D SPACE',''
  ) );
#7137 = ORIENTED_EDGE('',*,*,#6957,.T.);
#7138 = ORIENTED_EDGE('',*,*,#2047,.T.);
#7139 = ADVANCED_FACE('',(#7140),#2006,.T.);
#7140 = FACE_BOUND('',#7141,.T.);
#7141 = EDGE_LOOP('',(#7142,#7143,#7144,#7167));
#7142 = ORIENTED_EDGE('',*,*,#1990,.F.);
#7143 = ORIENTED_EDGE('',*,*,#7038,.T.);
#7144 = ORIENTED_EDGE('',*,*,#7145,.F.);
#7145 = EDGE_CURVE('',#7146,#7039,#7148,.T.);
#7146 = VERTEX_POINT('',#7147);
#7147 = CARTESIAN_POINT('',(-6.787681527839E-16,12.701705922172,4.));
#7148 = SURFACE_CURVE('',#7149,(#7153,#7160),.PCURVE_S1.);
#7149 = LINE('',#7150,#7151);
#7150 = CARTESIAN_POINT('',(-8.25,7.938566201357,4.));
#7151 = VECTOR('',#7152,1.);
#7152 = DIRECTION('',(-0.866025403784,-0.5,6.123233995737E-17));
#7153 = PCURVE('',#2006,#7154);
#7154 = DEFINITIONAL_REPRESENTATION('',(#7155),#7159);
#7155 = LINE('',#7156,#7157);
#7156 = CARTESIAN_POINT('',(-5.831237718815,-1.));
#7157 = VECTOR('',#7158,1.);
#7158 = DIRECTION('',(-1.,0.));
#7159 = ( GEOMETRIC_REPRESENTATION_CONTEXT(2) 
PARAMETRIC_REPRESENTATION_CONTEXT() REPRESENTATION_CONTEXT('2D SPACE',''
  ) );
#7160 = PCURVE('',#5719,#7161);
#7161 = DEFINITIONAL_REPRESENTATION('',(#7162),#7166);
#7162 = LINE('',#7163,#7164);
#7163 = CARTESIAN_POINT('',(2.15,-7.938566201357));
#7164 = VECTOR('',#7165,1.);
#7165 = DIRECTION('',(-0.866025403784,0.5));
#7166 = ( GEOMETRIC_REPRESENTATION_CONTEXT(2) 
PARAMETRIC_REPRESENTATION_CONTEXT() REPRESENTATION_CONTEXT('2D SPACE',''
  ) );
#7167 = ORIENTED_EDGE('',*,*,#7168,.F.);
#7168 = EDGE_CURVE('',#1968,#7146,#7169,.T.);
#7169 = SURFACE_CURVE('',#7170,(#7174,#7181),.PCURVE_S1.);
#7170 = LINE('',#7171,#7172);
#7171 = CARTESIAN_POINT('',(-6.787681527839E-16,12.701705922172,5.));
#7172 = VECTOR('',#7173,1.);
#7173 = DIRECTION('',(0.,-1.224646799147E-16,-1.));
#7174 = PCURVE('',#2006,#7175);
#7175 = DEFINITIONAL_REPRESENTATION('',(#7176),#7180);
#7176 = LINE('',#7177,#7178);
#7177 = CARTESIAN_POINT('',(3.695041722814,2.26256050928E-16));
#7178 = VECTOR('',#7179,1.);
#7179 = DIRECTION('',(0.,-1.));
#7180 = ( GEOMETRIC_REPRESENTATION_CONTEXT(2) 
PARAMETRIC_REPRESENTATION_CONTEXT() REPRESENTATION_CONTEXT('2D SPACE',''
  ) );
#7181 = PCURVE('',#1902,#7182);
#7182 = DEFINITIONAL_REPRESENTATION('',(#7183),#7187);
#7183 = LINE('',#7184,#7185);
#7184 = CARTESIAN_POINT('',(0.,0.));
#7185 = VECTOR('',#7186,1.);
#7186 = DIRECTION('',(0.,-1.));
#7187 = ( GEOMETRIC_REPRESENTATION_CONTEXT(2) 
PARAMETRIC_REPRESENTATION_CONTEXT() REPRESENTATION_CONTEXT('2D SPACE',''
  ) );
#7188 = ADVANCED_FACE('',(#7189),#1902,.T.);
#7189 = FACE_BOUND('',#7190,.T.);
#7190 = EDGE_LOOP('',(#7191,#7192,#7193,#7216,#7237,#7238));
#7191 = ORIENTED_EDGE('',*,*,#1967,.F.);
#7192 = ORIENTED_EDGE('',*,*,#7168,.T.);
#7193 = ORIENTED_EDGE('',*,*,#7194,.F.);
#7194 = EDGE_CURVE('',#7195,#7146,#7197,.T.);
#7195 = VERTEX_POINT('',#7196);
#7196 = CARTESIAN_POINT('',(2.6,11.200595222279,4.));
#7197 = SURFACE_CURVE('',#7198,(#7202,#7209),.PCURVE_S1.);
#7198 = LINE('',#7199,#7200);
#7199 = CARTESIAN_POINT('',(-1.15,13.36565873174,4.));
#7200 = VECTOR('',#7201,1.);
#7201 = DIRECTION('',(-0.866025403784,0.5,-6.123233995737E-17));
#7202 = PCURVE('',#1902,#7203);
#7203 = DEFINITIONAL_REPRESENTATION('',(#7204),#7208);
#7204 = LINE('',#7205,#7206);
#7205 = CARTESIAN_POINT('',(-1.327905619136,-1.));
#7206 = VECTOR('',#7207,1.);
#7207 = DIRECTION('',(-1.,0.));
#7208 = ( GEOMETRIC_REPRESENTATION_CONTEXT(2) 
PARAMETRIC_REPRESENTATION_CONTEXT() REPRESENTATION_CONTEXT('2D SPACE',''
  ) );
#7209 = PCURVE('',#5719,#7210);
#7210 = DEFINITIONAL_REPRESENTATION('',(#7211),#7215);
#7211 = LINE('',#7212,#7213);
#7212 = CARTESIAN_POINT('',(9.25,-13.36565873174));
#7213 = VECTOR('',#7214,1.);
#7214 = DIRECTION('',(-0.866025403784,-0.5));
#7215 = ( GEOMETRIC_REPRESENTATION_CONTEXT(2) 
PARAMETRIC_REPRESENTATION_CONTEXT() REPRESENTATION_CONTEXT('2D SPACE',''
  ) );
#7216 = ORIENTED_EDGE('',*,*,#7217,.T.);
#7217 = EDGE_CURVE('',#7195,#1859,#7218,.T.);
#7218 = SURFACE_CURVE('',#7219,(#7223,#7230),.PCURVE_S1.);
#7219 = LINE('',#7220,#7221);
#7220 = CARTESIAN_POINT('',(2.6,11.200595222279,5.));
#7221 = VECTOR('',#7222,1.);
#7222 = DIRECTION('',(0.,1.224646799147E-16,1.));
#7223 = PCURVE('',#1902,#7224);
#7224 = DEFINITIONAL_REPRESENTATION('',(#7225),#7229);
#7225 = LINE('',#7226,#7227);
#7226 = CARTESIAN_POINT('',(3.002221399786,-1.83833041379E-16));
#7227 = VECTOR('',#7228,1.);
#7228 = DIRECTION('',(0.,1.));
#7229 = ( GEOMETRIC_REPRESENTATION_CONTEXT(2) 
PARAMETRIC_REPRESENTATION_CONTEXT() REPRESENTATION_CONTEXT('2D SPACE',''
  ) );
#7230 = PCURVE('',#1874,#7231);
#7231 = DEFINITIONAL_REPRESENTATION('',(#7232),#7236);
#7232 = LINE('',#7233,#7234);
#7233 = CARTESIAN_POINT('',(0.692820323028,4.2423009549E-17));
#7234 = VECTOR('',#7235,1.);
#7235 = DIRECTION('',(0.,1.));
#7236 = ( GEOMETRIC_REPRESENTATION_CONTEXT(2) 
PARAMETRIC_REPRESENTATION_CONTEXT() REPRESENTATION_CONTEXT('2D SPACE',''
  ) );
#7237 = ORIENTED_EDGE('',*,*,#1886,.F.);
#7238 = ORIENTED_EDGE('',*,*,#7239,.T.);
#7239 = EDGE_CURVE('',#1887,#1944,#7240,.T.);
#7240 = SURFACE_CURVE('',#7241,(#7246,#7253),.PCURVE_S1.);
#7241 = HYPERBOLA('',#7242,15.720642891933,1.179048216895);
#7242 = AXIS2_PLACEMENT_3D('',#7243,#7244,#7245);
#7243 = CARTESIAN_POINT('',(1.390475891553,11.898914291882,
    -11.66666666666));
#7244 = DIRECTION('',(-0.5,-0.866025403784,1.060575238725E-16));
#7245 = DIRECTION('',(0.,1.224646799147E-16,1.));
#7246 = PCURVE('',#1902,#7247);
#7247 = DEFINITIONAL_REPRESENTATION('',(#7248),#7252);
#7248 = HYPERBOLA('',#7249,15.720642891933,1.179048216895);
#7249 = AXIS2_PLACEMENT_2D('',#7250,#7251);
#7250 = CARTESIAN_POINT('',(1.605583260579,-16.66666666666));
#7251 = DIRECTION('',(0.,1.));
#7252 = ( GEOMETRIC_REPRESENTATION_CONTEXT(2) 
PARAMETRIC_REPRESENTATION_CONTEXT() REPRESENTATION_CONTEXT('2D SPACE',''
  ) );
#7253 = PCURVE('',#1931,#7254);
#7254 = DEFINITIONAL_REPRESENTATION('',(#7255),#7264);
#7255 = B_SPLINE_CURVE_WITH_KNOTS('',7,(#7256,#7257,#7258,#7259,#7260,
    #7261,#7262,#7263),.UNSPECIFIED.,.F.,.F.,(8,8),(-0.345204639821,
    0.345204639821),.PIECEWISE_BEZIER_KNOTS.);
#7256 = CARTESIAN_POINT('',(-1.75584914597,-8.506419793399E-15));
#7257 = CARTESIAN_POINT('',(-1.848880669409,-0.545942672757));
#7258 = CARTESIAN_POINT('',(-1.945467546078,-0.902732609157));
#7259 = CARTESIAN_POINT('',(-2.044457029202,-1.079043948982));
#7260 = CARTESIAN_POINT('',(-2.144333175584,-1.079043948983));
#7261 = CARTESIAN_POINT('',(-2.243322658708,-0.902732609157));
#7262 = CARTESIAN_POINT('',(-2.339909535377,-0.545942672757));
#7263 = CARTESIAN_POINT('',(-2.432941058816,-1.555554249046E-14));
#7264 = ( GEOMETRIC_REPRESENTATION_CONTEXT(2) 
PARAMETRIC_REPRESENTATION_CONTEXT() REPRESENTATION_CONTEXT('2D SPACE',''
  ) );
#7265 = ADVANCED_FACE('',(#7266),#1931,.F.);
#7266 = FACE_BOUND('',#7267,.F.);
#7267 = EDGE_LOOP('',(#7268,#7291,#7318,#7319,#7320,#7321));
#7268 = ORIENTED_EDGE('',*,*,#7269,.T.);
#7269 = EDGE_CURVE('',#1915,#7270,#7272,.T.);
#7270 = VERTEX_POINT('',#7271);
#7271 = CARTESIAN_POINT('',(3.08,12.92,3.));
#7272 = SEAM_CURVE('',#7273,(#7277,#7284),.PCURVE_S1.);
#7273 = LINE('',#7274,#7275);
#7274 = CARTESIAN_POINT('',(3.23,12.92,5.));
#7275 = VECTOR('',#7276,1.);
#7276 = DIRECTION('',(-7.478994824163E-02,-1.404399484412E-16,
    -0.997199309888));
#7277 = PCURVE('',#1931,#7278);
#7278 = DEFINITIONAL_REPRESENTATION('',(#7279),#7283);
#7279 = LINE('',#7280,#7281);
#7280 = CARTESIAN_POINT('',(-6.28318530718,0.));
#7281 = VECTOR('',#7282,1.);
#7282 = DIRECTION('',(-0.,-1.));
#7283 = ( GEOMETRIC_REPRESENTATION_CONTEXT(2) 
PARAMETRIC_REPRESENTATION_CONTEXT() REPRESENTATION_CONTEXT('2D SPACE',''
  ) );
#7284 = PCURVE('',#1931,#7285);
#7285 = DEFINITIONAL_REPRESENTATION('',(#7286),#7290);
#7286 = LINE('',#7287,#7288);
#7287 = CARTESIAN_POINT('',(0.,-0.));
#7288 = VECTOR('',#7289,1.);
#7289 = DIRECTION('',(-0.,-1.));
#7290 = ( GEOMETRIC_REPRESENTATION_CONTEXT(2) 
PARAMETRIC_REPRESENTATION_CONTEXT() REPRESENTATION_CONTEXT('2D SPACE',''
  ) );
#7291 = ORIENTED_EDGE('',*,*,#7292,.F.);
#7292 = EDGE_CURVE('',#7270,#7270,#7293,.T.);
#7293 = SURFACE_CURVE('',#7294,(#7299,#7306),.PCURVE_S1.);
#7294 = CIRCLE('',#7295,1.1);
#7295 = AXIS2_PLACEMENT_3D('',#7296,#7297,#7298);
#7296 = CARTESIAN_POINT('',(1.98,12.92,3.));
#7297 = DIRECTION('',(0.,-1.224646799147E-16,-1.));
#7298 = DIRECTION('',(1.,0.,0.));
#7299 = PCURVE('',#1931,#7300);
#7300 = DEFINITIONAL_REPRESENTATION('',(#7301),#7305);
#7301 = LINE('',#7302,#7303);
#7302 = CARTESIAN_POINT('',(-0.,-2.));
#7303 = VECTOR('',#7304,1.);
#7304 = DIRECTION('',(-1.,-0.));
#7305 = ( GEOMETRIC_REPRESENTATION_CONTEXT(2) 
PARAMETRIC_REPRESENTATION_CONTEXT() REPRESENTATION_CONTEXT('2D SPACE',''
  ) );
#7306 = PCURVE('',#7307,#7312);
#7307 = CYLINDRICAL_SURFACE('',#7308,1.1);
#7308 = AXIS2_PLACEMENT_3D('',#7309,#7310,#7311);
#7309 = CARTESIAN_POINT('',(1.98,12.92,22.1));
#7310 = DIRECTION('',(-0.,1.224646799147E-16,1.));
#7311 = DIRECTION('',(1.,0.,0.));
#7312 = DEFINITIONAL_REPRESENTATION('',(#7313),#7317);
#7313 = LINE('',#7314,#7315);
#7314 = CARTESIAN_POINT('',(-0.,-19.1));
#7315 = VECTOR('',#7316,1.);
#7316 = DIRECTION('',(-1.,0.));
#7317 = ( GEOMETRIC_REPRESENTATION_CONTEXT(2) 
PARAMETRIC_REPRESENTATION_CONTEXT() REPRESENTATION_CONTEXT('2D SPACE',''
  ) );
#7318 = ORIENTED_EDGE('',*,*,#7269,.F.);
#7319 = ORIENTED_EDGE('',*,*,#1914,.T.);
#7320 = ORIENTED_EDGE('',*,*,#7239,.T.);
#7321 = ORIENTED_EDGE('',*,*,#1943,.T.);
#7322 = ADVANCED_FACE('',(#7323),#1874,.T.);
#7323 = FACE_BOUND('',#7324,.T.);
#7324 = EDGE_LOOP('',(#7325,#7326,#7327,#7350));
#7325 = ORIENTED_EDGE('',*,*,#1858,.F.);
#7326 = ORIENTED_EDGE('',*,*,#7217,.F.);
#7327 = ORIENTED_EDGE('',*,*,#7328,.F.);
#7328 = EDGE_CURVE('',#7329,#7195,#7331,.T.);
#7329 = VERTEX_POINT('',#7330);
#7330 = CARTESIAN_POINT('',(5.2,12.701705922172,4.));
#7331 = SURFACE_CURVE('',#7332,(#7336,#7343),.PCURVE_S1.);
#7332 = LINE('',#7333,#7334);
#7333 = CARTESIAN_POINT('',(-5.,6.812733176438,4.));
#7334 = VECTOR('',#7335,1.);
#7335 = DIRECTION('',(-0.866025403784,-0.5,6.123233995737E-17));
#7336 = PCURVE('',#1874,#7337);
#7337 = DEFINITIONAL_REPRESENTATION('',(#7338),#7342);
#7338 = LINE('',#7339,#7340);
#7339 = CARTESIAN_POINT('',(-8.082903768655,-1.));
#7340 = VECTOR('',#7341,1.);
#7341 = DIRECTION('',(-1.,0.));
#7342 = ( GEOMETRIC_REPRESENTATION_CONTEXT(2) 
PARAMETRIC_REPRESENTATION_CONTEXT() REPRESENTATION_CONTEXT('2D SPACE',''
  ) );
#7343 = PCURVE('',#5719,#7344);
#7344 = DEFINITIONAL_REPRESENTATION('',(#7345),#7349);
#7345 = LINE('',#7346,#7347);
#7346 = CARTESIAN_POINT('',(5.4,-6.812733176438));
#7347 = VECTOR('',#7348,1.);
#7348 = DIRECTION('',(-0.866025403784,0.5));
#7349 = ( GEOMETRIC_REPRESENTATION_CONTEXT(2) 
PARAMETRIC_REPRESENTATION_CONTEXT() REPRESENTATION_CONTEXT('2D SPACE',''
  ) );
#7350 = ORIENTED_EDGE('',*,*,#7351,.F.);
#7351 = EDGE_CURVE('',#1831,#7329,#7352,.T.);
#7352 = SURFACE_CURVE('',#7353,(#7357,#7364),.PCURVE_S1.);
#7353 = LINE('',#7354,#7355);
#7354 = CARTESIAN_POINT('',(5.2,12.701705922172,5.));
#7355 = VECTOR('',#7356,1.);
#7356 = DIRECTION('',(0.,-1.224646799147E-16,-1.));
#7357 = PCURVE('',#1874,#7358);
#7358 = DEFINITIONAL_REPRESENTATION('',(#7359),#7363);
#7359 = LINE('',#7360,#7361);
#7360 = CARTESIAN_POINT('',(3.695041722814,2.26256050928E-16));
#7361 = VECTOR('',#7362,1.);
#7362 = DIRECTION('',(0.,-1.));
#7363 = ( GEOMETRIC_REPRESENTATION_CONTEXT(2) 
PARAMETRIC_REPRESENTATION_CONTEXT() REPRESENTATION_CONTEXT('2D SPACE',''
  ) );
#7364 = PCURVE('',#1846,#7365);
#7365 = DEFINITIONAL_REPRESENTATION('',(#7366),#7370);
#7366 = LINE('',#7367,#7368);
#7367 = CARTESIAN_POINT('',(0.,0.));
#7368 = VECTOR('',#7369,1.);
#7369 = DIRECTION('',(0.,-1.));
#7370 = ( GEOMETRIC_REPRESENTATION_CONTEXT(2) 
PARAMETRIC_REPRESENTATION_CONTEXT() REPRESENTATION_CONTEXT('2D SPACE',''
  ) );
#7371 = ADVANCED_FACE('',(#7372),#1846,.T.);
#7372 = FACE_BOUND('',#7373,.T.);
#7373 = EDGE_LOOP('',(#7374,#7375,#7376,#7399));
#7374 = ORIENTED_EDGE('',*,*,#1830,.F.);
#7375 = ORIENTED_EDGE('',*,*,#7351,.T.);
#7376 = ORIENTED_EDGE('',*,*,#7377,.F.);
#7377 = EDGE_CURVE('',#7378,#7329,#7380,.T.);
#7378 = VERTEX_POINT('',#7379);
#7379 = CARTESIAN_POINT('',(8.4,10.854185060765,4.));
#7380 = SURFACE_CURVE('',#7381,(#7385,#7392),.PCURVE_S1.);
#7381 = LINE('',#7382,#7383);
#7382 = CARTESIAN_POINT('',(2.1,14.49149175666,4.));
#7383 = VECTOR('',#7384,1.);
#7384 = DIRECTION('',(-0.866025403784,0.5,-6.123233995737E-17));
#7385 = PCURVE('',#1846,#7386);
#7386 = DEFINITIONAL_REPRESENTATION('',(#7387),#7391);
#7387 = LINE('',#7388,#7389);
#7388 = CARTESIAN_POINT('',(-3.579571668976,-1.));
#7389 = VECTOR('',#7390,1.);
#7390 = DIRECTION('',(-1.,0.));
#7391 = ( GEOMETRIC_REPRESENTATION_CONTEXT(2) 
PARAMETRIC_REPRESENTATION_CONTEXT() REPRESENTATION_CONTEXT('2D SPACE',''
  ) );
#7392 = PCURVE('',#5719,#7393);
#7393 = DEFINITIONAL_REPRESENTATION('',(#7394),#7398);
#7394 = LINE('',#7395,#7396);
#7395 = CARTESIAN_POINT('',(12.5,-14.49149175666));
#7396 = VECTOR('',#7397,1.);
#7397 = DIRECTION('',(-0.866025403784,-0.5));
#7398 = ( GEOMETRIC_REPRESENTATION_CONTEXT(2) 
PARAMETRIC_REPRESENTATION_CONTEXT() REPRESENTATION_CONTEXT('2D SPACE',''
  ) );
#7399 = ORIENTED_EDGE('',*,*,#7400,.F.);
#7400 = EDGE_CURVE('',#1803,#7378,#7401,.T.);
#7401 = SURFACE_CURVE('',#7402,(#7406,#7413),.PCURVE_S1.);
#7402 = LINE('',#7403,#7404);
#7403 = CARTESIAN_POINT('',(8.4,10.854185060765,5.));
#7404 = VECTOR('',#7405,1.);
#7405 = DIRECTION('',(0.,-1.224646799147E-16,-1.));
#7406 = PCURVE('',#1846,#7407);
#7407 = DEFINITIONAL_REPRESENTATION('',(#7408),#7412);
#7408 = LINE('',#7409,#7410);
#7409 = CARTESIAN_POINT('',(3.695041722814,-2.26256050928E-16));
#7410 = VECTOR('',#7411,1.);
#7411 = DIRECTION('',(0.,-1.));
#7412 = ( GEOMETRIC_REPRESENTATION_CONTEXT(2) 
PARAMETRIC_REPRESENTATION_CONTEXT() REPRESENTATION_CONTEXT('2D SPACE',''
  ) );
#7413 = PCURVE('',#1818,#7414);
#7414 = DEFINITIONAL_REPRESENTATION('',(#7415),#7419);
#7415 = LINE('',#7416,#7417);
#7416 = CARTESIAN_POINT('',(0.,0.));
#7417 = VECTOR('',#7418,1.);
#7418 = DIRECTION('',(0.,-1.));
#7419 = ( GEOMETRIC_REPRESENTATION_CONTEXT(2) 
PARAMETRIC_REPRESENTATION_CONTEXT() REPRESENTATION_CONTEXT('2D SPACE',''
  ) );
#7420 = ADVANCED_FACE('',(#7421),#1818,.T.);
#7421 = FACE_BOUND('',#7422,.T.);
#7422 = EDGE_LOOP('',(#7423,#7424,#7425,#7448,#7476,#7504));
#7423 = ORIENTED_EDGE('',*,*,#1802,.F.);
#7424 = ORIENTED_EDGE('',*,*,#7400,.T.);
#7425 = ORIENTED_EDGE('',*,*,#7426,.F.);
#7426 = EDGE_CURVE('',#7427,#7378,#7429,.T.);
#7427 = VERTEX_POINT('',#7428);
#7428 = CARTESIAN_POINT('',(8.4,7.851963660979,4.));
#7429 = SURFACE_CURVE('',#7430,(#7434,#7441),.PCURVE_S1.);
#7430 = LINE('',#7431,#7432);
#7431 = CARTESIAN_POINT('',(8.4,5.427092530382,4.));
#7432 = VECTOR('',#7433,1.);
#7433 = DIRECTION('',(-4.807406715959E-16,1.,-1.224646799147E-16));
#7434 = PCURVE('',#1818,#7435);
#7435 = DEFINITIONAL_REPRESENTATION('',(#7436),#7440);
#7436 = LINE('',#7437,#7438);
#7437 = CARTESIAN_POINT('',(5.427092530382,-1.));
#7438 = VECTOR('',#7439,1.);
#7439 = DIRECTION('',(-1.,0.));
#7440 = ( GEOMETRIC_REPRESENTATION_CONTEXT(2) 
PARAMETRIC_REPRESENTATION_CONTEXT() REPRESENTATION_CONTEXT('2D SPACE',''
  ) );
#7441 = PCURVE('',#5719,#7442);
#7442 = DEFINITIONAL_REPRESENTATION('',(#7443),#7447);
#7443 = LINE('',#7444,#7445);
#7444 = CARTESIAN_POINT('',(18.8,-5.427092530382));
#7445 = VECTOR('',#7446,1.);
#7446 = DIRECTION('',(-4.807406715959E-16,-1.));
#7447 = ( GEOMETRIC_REPRESENTATION_CONTEXT(2) 
PARAMETRIC_REPRESENTATION_CONTEXT() REPRESENTATION_CONTEXT('2D SPACE',''
  ) );
#7448 = ORIENTED_EDGE('',*,*,#7449,.T.);
#7449 = EDGE_CURVE('',#7427,#7450,#7452,.T.);
#7450 = VERTEX_POINT('',#7451);
#7451 = CARTESIAN_POINT('',(8.4,7.851963660979,5.));
#7452 = SURFACE_CURVE('',#7453,(#7457,#7464),.PCURVE_S1.);
#7453 = LINE('',#7454,#7455);
#7454 = CARTESIAN_POINT('',(8.4,7.851963660979,5.));
#7455 = VECTOR('',#7456,1.);
#7456 = DIRECTION('',(0.,1.224646799147E-16,1.));
#7457 = PCURVE('',#1818,#7458);
#7458 = DEFINITIONAL_REPRESENTATION('',(#7459),#7463);
#7459 = LINE('',#7460,#7461);
#7460 = CARTESIAN_POINT('',(3.002221399786,-3.67666082758E-16));
#7461 = VECTOR('',#7462,1.);
#7462 = DIRECTION('',(0.,1.));
#7463 = ( GEOMETRIC_REPRESENTATION_CONTEXT(2) 
PARAMETRIC_REPRESENTATION_CONTEXT() REPRESENTATION_CONTEXT('2D SPACE',''
  ) );
#7464 = PCURVE('',#7465,#7470);
#7465 = PLANE('',#7466);
#7466 = AXIS2_PLACEMENT_3D('',#7467,#7468,#7469);
#7467 = CARTESIAN_POINT('',(7.8,8.198373822493,5.));
#7468 = DIRECTION('',(-0.5,-0.866025403784,1.060575238725E-16));
#7469 = DIRECTION('',(0.866025403784,-0.5,6.123233995737E-17));
#7470 = DEFINITIONAL_REPRESENTATION('',(#7471),#7475);
#7471 = LINE('',#7472,#7473);
#7472 = CARTESIAN_POINT('',(0.692820323028,-4.2423009549E-17));
#7473 = VECTOR('',#7474,1.);
#7474 = DIRECTION('',(0.,1.));
#7475 = ( GEOMETRIC_REPRESENTATION_CONTEXT(2) 
PARAMETRIC_REPRESENTATION_CONTEXT() REPRESENTATION_CONTEXT('2D SPACE',''
  ) );
#7476 = ORIENTED_EDGE('',*,*,#7477,.F.);
#7477 = EDGE_CURVE('',#7478,#7450,#7480,.T.);
#7478 = VERTEX_POINT('',#7479);
#7479 = CARTESIAN_POINT('',(8.4,8.208075685215,5.));
#7480 = SURFACE_CURVE('',#7481,(#7485,#7492),.PCURVE_S1.);
#7481 = LINE('',#7482,#7483);
#7482 = CARTESIAN_POINT('',(8.4,10.854185060765,5.));
#7483 = VECTOR('',#7484,1.);
#7484 = DIRECTION('',(4.807406715959E-16,-1.,1.224646799147E-16));
#7485 = PCURVE('',#1818,#7486);
#7486 = DEFINITIONAL_REPRESENTATION('',(#7487),#7491);
#7487 = LINE('',#7488,#7489);
#7488 = CARTESIAN_POINT('',(0.,0.));
#7489 = VECTOR('',#7490,1.);
#7490 = DIRECTION('',(1.,0.));
#7491 = ( GEOMETRIC_REPRESENTATION_CONTEXT(2) 
PARAMETRIC_REPRESENTATION_CONTEXT() REPRESENTATION_CONTEXT('2D SPACE',''
  ) );
#7492 = PCURVE('',#7493,#7498);
#7493 = PLANE('',#7494);
#7494 = AXIS2_PLACEMENT_3D('',#7495,#7496,#7497);
#7495 = CARTESIAN_POINT('',(-10.4,1.631438850498E-16,5.));
#7496 = DIRECTION('',(0.,-1.224646799147E-16,-1.));
#7497 = DIRECTION('',(1.,0.,0.));
#7498 = DEFINITIONAL_REPRESENTATION('',(#7499),#7503);
#7499 = LINE('',#7500,#7501);
#7500 = CARTESIAN_POINT('',(18.8,-10.85418506076));
#7501 = VECTOR('',#7502,1.);
#7502 = DIRECTION('',(4.807406715959E-16,1.));
#7503 = ( GEOMETRIC_REPRESENTATION_CONTEXT(2) 
PARAMETRIC_REPRESENTATION_CONTEXT() REPRESENTATION_CONTEXT('2D SPACE',''
  ) );
#7504 = ORIENTED_EDGE('',*,*,#7505,.T.);
#7505 = EDGE_CURVE('',#7478,#1779,#7506,.T.);
#7506 = SURFACE_CURVE('',#7507,(#7512,#7519),.PCURVE_S1.);
#7507 = HYPERBOLA('',#7508,16.279191007605,1.22093932557);
#7508 = AXIS2_PLACEMENT_3D('',#7509,#7510,#7511);
#7509 = CARTESIAN_POINT('',(8.4,8.476044271575,-11.66666666666));
#7510 = DIRECTION('',(-1.,-4.807406715959E-16,5.887375246899E-32));
#7511 = DIRECTION('',(0.,1.224646799147E-16,1.));
#7512 = PCURVE('',#1818,#7513);
#7513 = DEFINITIONAL_REPRESENTATION('',(#7514),#7518);
#7514 = HYPERBOLA('',#7515,16.279191007605,1.22093932557);
#7515 = AXIS2_PLACEMENT_2D('',#7516,#7517);
#7516 = CARTESIAN_POINT('',(2.37814078919,-16.66666666666));
#7517 = DIRECTION('',(0.,1.));
#7518 = ( GEOMETRIC_REPRESENTATION_CONTEXT(2) 
PARAMETRIC_REPRESENTATION_CONTEXT() REPRESENTATION_CONTEXT('2D SPACE',''
  ) );
#7519 = PCURVE('',#1766,#7520);
#7520 = DEFINITIONAL_REPRESENTATION('',(#7521),#7529);
#7521 = B_SPLINE_CURVE_WITH_KNOTS('',6,(#7522,#7523,#7524,#7525,#7526,
    #7527,#7528),.UNSPECIFIED.,.F.,.F.,(7,7),(-0.217752483175,
    0.217752483175),.PIECEWISE_BEZIER_KNOTS.);
#7522 = CARTESIAN_POINT('',(-2.925540878963,-1.198958065624E-14));
#7523 = CARTESIAN_POINT('',(-2.996437564283,-0.259337000413));
#7524 = CARTESIAN_POINT('',(-3.068657852599,-0.413304793197));
#7525 = CARTESIAN_POINT('',(-3.14159265359,-0.464362719131));
#7526 = CARTESIAN_POINT('',(-3.214527454581,-0.413304793197));
#7527 = CARTESIAN_POINT('',(-3.286747742897,-0.259337000413));
#7528 = CARTESIAN_POINT('',(-3.357644428216,-1.553898229618E-14));
#7529 = ( GEOMETRIC_REPRESENTATION_CONTEXT(2) 
PARAMETRIC_REPRESENTATION_CONTEXT() REPRESENTATION_CONTEXT('2D SPACE',''
  ) );
#7530 = ADVANCED_FACE('',(#7531),#1766,.F.);
#7531 = FACE_BOUND('',#7532,.F.);
#7532 = EDGE_LOOP('',(#7533,#7556,#7583,#7584,#7585,#7612,#7636,#7663,
    #7685,#7686));
#7533 = ORIENTED_EDGE('',*,*,#7534,.T.);
#7534 = EDGE_CURVE('',#1750,#7535,#7537,.T.);
#7535 = VERTEX_POINT('',#7536);
#7536 = CARTESIAN_POINT('',(10.72093932557,8.476044271575,3.));
#7537 = SEAM_CURVE('',#7538,(#7542,#7549),.PCURVE_S1.);
#7538 = LINE('',#7539,#7540);
#7539 = CARTESIAN_POINT('',(10.87093932557,8.476044271575,5.));
#7540 = VECTOR('',#7541,1.);
#7541 = DIRECTION('',(-7.478994824163E-02,-1.404399484412E-16,
    -0.997199309888));
#7542 = PCURVE('',#1766,#7543);
#7543 = DEFINITIONAL_REPRESENTATION('',(#7544),#7548);
#7544 = LINE('',#7545,#7546);
#7545 = CARTESIAN_POINT('',(-6.28318530718,0.));
#7546 = VECTOR('',#7547,1.);
#7547 = DIRECTION('',(-0.,-1.));
#7548 = ( GEOMETRIC_REPRESENTATION_CONTEXT(2) 
PARAMETRIC_REPRESENTATION_CONTEXT() REPRESENTATION_CONTEXT('2D SPACE',''
  ) );
#7549 = PCURVE('',#1766,#7550);
#7550 = DEFINITIONAL_REPRESENTATION('',(#7551),#7555);
#7551 = LINE('',#7552,#7553);
#7552 = CARTESIAN_POINT('',(0.,-0.));
#7553 = VECTOR('',#7554,1.);
#7554 = DIRECTION('',(-0.,-1.));
#7555 = ( GEOMETRIC_REPRESENTATION_CONTEXT(2) 
PARAMETRIC_REPRESENTATION_CONTEXT() REPRESENTATION_CONTEXT('2D SPACE',''
  ) );
#7556 = ORIENTED_EDGE('',*,*,#7557,.F.);
#7557 = EDGE_CURVE('',#7535,#7535,#7558,.T.);
#7558 = SURFACE_CURVE('',#7559,(#7564,#7571),.PCURVE_S1.);
#7559 = CIRCLE('',#7560,1.1);
#7560 = AXIS2_PLACEMENT_3D('',#7561,#7562,#7563);
#7561 = CARTESIAN_POINT('',(9.62093932557,8.476044271575,3.));
#7562 = DIRECTION('',(0.,-1.224646799147E-16,-1.));
#7563 = DIRECTION('',(1.,0.,0.));
#7564 = PCURVE('',#1766,#7565);
#7565 = DEFINITIONAL_REPRESENTATION('',(#7566),#7570);
#7566 = LINE('',#7567,#7568);
#7567 = CARTESIAN_POINT('',(-0.,-2.));
#7568 = VECTOR('',#7569,1.);
#7569 = DIRECTION('',(-1.,-0.));
#7570 = ( GEOMETRIC_REPRESENTATION_CONTEXT(2) 
PARAMETRIC_REPRESENTATION_CONTEXT() REPRESENTATION_CONTEXT('2D SPACE',''
  ) );
#7571 = PCURVE('',#7572,#7577);
#7572 = CYLINDRICAL_SURFACE('',#7573,1.1);
#7573 = AXIS2_PLACEMENT_3D('',#7574,#7575,#7576);
#7574 = CARTESIAN_POINT('',(9.62093932557,8.476044271575,22.1));
#7575 = DIRECTION('',(-0.,1.224646799147E-16,1.));
#7576 = DIRECTION('',(1.,0.,0.));
#7577 = DEFINITIONAL_REPRESENTATION('',(#7578),#7582);
#7578 = LINE('',#7579,#7580);
#7579 = CARTESIAN_POINT('',(-0.,-19.1));
#7580 = VECTOR('',#7581,1.);
#7581 = DIRECTION('',(-1.,0.));
#7582 = ( GEOMETRIC_REPRESENTATION_CONTEXT(2) 
PARAMETRIC_REPRESENTATION_CONTEXT() REPRESENTATION_CONTEXT('2D SPACE',''
  ) );
#7583 = ORIENTED_EDGE('',*,*,#7534,.F.);
#7584 = ORIENTED_EDGE('',*,*,#1749,.T.);
#7585 = ORIENTED_EDGE('',*,*,#7586,.T.);
#7586 = EDGE_CURVE('',#1722,#7587,#7589,.T.);
#7587 = VERTEX_POINT('',#7588);
#7588 = CARTESIAN_POINT('',(9.250342188131,7.361018369758,4.));
#7589 = SURFACE_CURVE('',#7590,(#7595,#7605),.PCURVE_S1.);
#7590 = HYPERBOLA('',#7591,15.345857674272,1.15093932557);
#7591 = AXIS2_PLACEMENT_3D('',#7592,#7593,#7594);
#7592 = CARTESIAN_POINT('',(9.045469662785,7.479301577416,
    -11.66666666666));
#7593 = DIRECTION('',(-0.5,-0.866025403784,1.060575238725E-16));
#7594 = DIRECTION('',(0.,1.224646799147E-16,1.));
#7595 = PCURVE('',#1766,#7596);
#7596 = DEFINITIONAL_REPRESENTATION('',(#7597),#7604);
#7597 = B_SPLINE_CURVE_WITH_KNOTS('',5,(#7598,#7599,#7600,#7601,#7602,
    #7603),.UNSPECIFIED.,.F.,.F.,(6,6),(-0.411976539493,-0.169437061838)
  ,.PIECEWISE_BEZIER_KNOTS.);
#7598 = CARTESIAN_POINT('',(-1.693600986847,-8.40705862774E-15));
#7599 = CARTESIAN_POINT('',(-1.738264702501,-0.315422306351));
#7600 = CARTESIAN_POINT('',(-1.783984933411,-0.581823547));
#7601 = CARTESIAN_POINT('',(-1.830609913463,-0.800749304098));
#7602 = CARTESIAN_POINT('',(-1.877943171622,-0.973267486831));
#7603 = CARTESIAN_POINT('',(-1.925762995662,-1.1));
#7604 = ( GEOMETRIC_REPRESENTATION_CONTEXT(2) 
PARAMETRIC_REPRESENTATION_CONTEXT() REPRESENTATION_CONTEXT('2D SPACE',''
  ) );
#7605 = PCURVE('',#1737,#7606);
#7606 = DEFINITIONAL_REPRESENTATION('',(#7607),#7611);
#7607 = HYPERBOLA('',#7608,15.345857674272,1.15093932557);
#7608 = AXIS2_PLACEMENT_2D('',#7609,#7610);
#7609 = CARTESIAN_POINT('',(1.438144490153,-16.66666666666));
#7610 = DIRECTION('',(-1.232595164408E-32,1.));
#7611 = ( GEOMETRIC_REPRESENTATION_CONTEXT(2) 
PARAMETRIC_REPRESENTATION_CONTEXT() REPRESENTATION_CONTEXT('2D SPACE',''
  ) );
#7612 = ORIENTED_EDGE('',*,*,#7613,.T.);
#7613 = EDGE_CURVE('',#7587,#7614,#7616,.T.);
#7614 = VERTEX_POINT('',#7615);
#7615 = CARTESIAN_POINT('',(8.840597137439,7.597584785074,4.));
#7616 = SURFACE_CURVE('',#7617,(#7622,#7629),.PCURVE_S1.);
#7617 = CIRCLE('',#7618,1.175);
#7618 = AXIS2_PLACEMENT_3D('',#7619,#7620,#7621);
#7619 = CARTESIAN_POINT('',(9.62093932557,8.476044271575,4.));
#7620 = DIRECTION('',(0.,-1.224646799147E-16,-1.));
#7621 = DIRECTION('',(1.,0.,0.));
#7622 = PCURVE('',#1766,#7623);
#7623 = DEFINITIONAL_REPRESENTATION('',(#7624),#7628);
#7624 = LINE('',#7625,#7626);
#7625 = CARTESIAN_POINT('',(-0.,-1.));
#7626 = VECTOR('',#7627,1.);
#7627 = DIRECTION('',(-1.,-0.));
#7628 = ( GEOMETRIC_REPRESENTATION_CONTEXT(2) 
PARAMETRIC_REPRESENTATION_CONTEXT() REPRESENTATION_CONTEXT('2D SPACE',''
  ) );
#7629 = PCURVE('',#5719,#7630);
#7630 = DEFINITIONAL_REPRESENTATION('',(#7631),#7635);
#7631 = CIRCLE('',#7632,1.175);
#7632 = AXIS2_PLACEMENT_2D('',#7633,#7634);
#7633 = CARTESIAN_POINT('',(20.02093932557,-8.476044271575));
#7634 = DIRECTION('',(1.,0.));
#7635 = ( GEOMETRIC_REPRESENTATION_CONTEXT(2) 
PARAMETRIC_REPRESENTATION_CONTEXT() REPRESENTATION_CONTEXT('2D SPACE',''
  ) );
#7636 = ORIENTED_EDGE('',*,*,#7637,.T.);
#7637 = EDGE_CURVE('',#7614,#7638,#7640,.T.);
#7638 = VERTEX_POINT('',#7639);
#7639 = CARTESIAN_POINT('',(8.623120279405,7.723145107603,5.));
#7640 = SURFACE_CURVE('',#7641,(#7646,#7656),.PCURVE_S1.);
#7641 = HYPERBOLA('',#7642,15.345857674272,1.15093932557);
#7642 = AXIS2_PLACEMENT_3D('',#7643,#7644,#7645);
#7643 = CARTESIAN_POINT('',(9.045469662785,7.479301577416,
    -11.66666666666));
#7644 = DIRECTION('',(-0.5,-0.866025403784,1.060575238725E-16));
#7645 = DIRECTION('',(0.,1.224646799147E-16,1.));
#7646 = PCURVE('',#1766,#7647);
#7647 = DEFINITIONAL_REPRESENTATION('',(#7648),#7655);
#7648 = B_SPLINE_CURVE_WITH_KNOTS('',5,(#7649,#7650,#7651,#7652,#7653,
    #7654),.UNSPECIFIED.,.F.,.F.,(6,6),(0.169437061838,0.411976539493),
  .PIECEWISE_BEZIER_KNOTS.);
#7649 = CARTESIAN_POINT('',(-2.263027209124,-1.1));
#7650 = CARTESIAN_POINT('',(-2.310847033164,-0.973267486831));
#7651 = CARTESIAN_POINT('',(-2.358180291324,-0.800749304098));
#7652 = CARTESIAN_POINT('',(-2.404805271376,-0.581823547));
#7653 = CARTESIAN_POINT('',(-2.450525502286,-0.315422306351));
#7654 = CARTESIAN_POINT('',(-2.495189217939,-1.195646026768E-14));
#7655 = ( GEOMETRIC_REPRESENTATION_CONTEXT(2) 
PARAMETRIC_REPRESENTATION_CONTEXT() REPRESENTATION_CONTEXT('2D SPACE',''
  ) );
#7656 = PCURVE('',#7465,#7657);
#7657 = DEFINITIONAL_REPRESENTATION('',(#7658),#7662);
#7658 = HYPERBOLA('',#7659,15.345857674272,1.15093932557);
#7659 = AXIS2_PLACEMENT_2D('',#7660,#7661);
#7660 = CARTESIAN_POINT('',(1.438144490153,-16.66666666666));
#7661 = DIRECTION('',(-1.232595164408E-32,1.));
#7662 = ( GEOMETRIC_REPRESENTATION_CONTEXT(2) 
PARAMETRIC_REPRESENTATION_CONTEXT() REPRESENTATION_CONTEXT('2D SPACE',''
  ) );
#7663 = ORIENTED_EDGE('',*,*,#7664,.T.);
#7664 = EDGE_CURVE('',#7638,#7478,#7665,.T.);
#7665 = SURFACE_CURVE('',#7666,(#7671,#7678),.PCURVE_S1.);
#7666 = CIRCLE('',#7667,1.25);
#7667 = AXIS2_PLACEMENT_3D('',#7668,#7669,#7670);
#7668 = CARTESIAN_POINT('',(9.62093932557,8.476044271575,5.));
#7669 = DIRECTION('',(0.,-1.224646799147E-16,-1.));
#7670 = DIRECTION('',(1.,0.,0.));
#7671 = PCURVE('',#1766,#7672);
#7672 = DEFINITIONAL_REPRESENTATION('',(#7673),#7677);
#7673 = LINE('',#7674,#7675);
#7674 = CARTESIAN_POINT('',(-0.,-0.));
#7675 = VECTOR('',#7676,1.);
#7676 = DIRECTION('',(-1.,-0.));
#7677 = ( GEOMETRIC_REPRESENTATION_CONTEXT(2) 
PARAMETRIC_REPRESENTATION_CONTEXT() REPRESENTATION_CONTEXT('2D SPACE',''
  ) );
#7678 = PCURVE('',#7493,#7679);
#7679 = DEFINITIONAL_REPRESENTATION('',(#7680),#7684);
#7680 = CIRCLE('',#7681,1.25);
#7681 = AXIS2_PLACEMENT_2D('',#7682,#7683);
#7682 = CARTESIAN_POINT('',(20.02093932557,-8.476044271575));
#7683 = DIRECTION('',(1.,0.));
#7684 = ( GEOMETRIC_REPRESENTATION_CONTEXT(2) 
PARAMETRIC_REPRESENTATION_CONTEXT() REPRESENTATION_CONTEXT('2D SPACE',''
  ) );
#7685 = ORIENTED_EDGE('',*,*,#7505,.T.);
#7686 = ORIENTED_EDGE('',*,*,#1778,.T.);
#7687 = ADVANCED_FACE('',(#7688),#1737,.T.);
#7688 = FACE_BOUND('',#7689,.T.);
#7689 = EDGE_LOOP('',(#7690,#7691,#7692,#7715));
#7690 = ORIENTED_EDGE('',*,*,#1721,.F.);
#7691 = ORIENTED_EDGE('',*,*,#7586,.T.);
#7692 = ORIENTED_EDGE('',*,*,#7693,.F.);
#7693 = EDGE_CURVE('',#7694,#7587,#7696,.T.);
#7694 = VERTEX_POINT('',#7695);
#7695 = CARTESIAN_POINT('',(11.,6.350852961086,4.));
#7696 = SURFACE_CURVE('',#7697,(#7701,#7708),.PCURVE_S1.);
#7697 = LINE('',#7698,#7699);
#7698 = CARTESIAN_POINT('',(2.75,11.1139926819,4.));
#7699 = VECTOR('',#7700,1.);
#7700 = DIRECTION('',(-0.866025403784,0.5,-6.123233995737E-17));
#7701 = PCURVE('',#1737,#7702);
#7702 = DEFINITIONAL_REPRESENTATION('',(#7703),#7707);
#7703 = LINE('',#7704,#7705);
#7704 = CARTESIAN_POINT('',(-5.831237718815,-1.));
#7705 = VECTOR('',#7706,1.);
#7706 = DIRECTION('',(-1.,0.));
#7707 = ( GEOMETRIC_REPRESENTATION_CONTEXT(2) 
PARAMETRIC_REPRESENTATION_CONTEXT() REPRESENTATION_CONTEXT('2D SPACE',''
  ) );
#7708 = PCURVE('',#5719,#7709);
#7709 = DEFINITIONAL_REPRESENTATION('',(#7710),#7714);
#7710 = LINE('',#7711,#7712);
#7711 = CARTESIAN_POINT('',(13.15,-11.1139926819));
#7712 = VECTOR('',#7713,1.);
#7713 = DIRECTION('',(-0.866025403784,-0.5));
#7714 = ( GEOMETRIC_REPRESENTATION_CONTEXT(2) 
PARAMETRIC_REPRESENTATION_CONTEXT() REPRESENTATION_CONTEXT('2D SPACE',''
  ) );
#7715 = ORIENTED_EDGE('',*,*,#7716,.F.);
#7716 = EDGE_CURVE('',#1699,#7694,#7717,.T.);
#7717 = SURFACE_CURVE('',#7718,(#7722,#7729),.PCURVE_S1.);
#7718 = LINE('',#7719,#7720);
#7719 = CARTESIAN_POINT('',(11.,6.350852961086,5.));
#7720 = VECTOR('',#7721,1.);
#7721 = DIRECTION('',(0.,-1.224646799147E-16,-1.));
#7722 = PCURVE('',#1737,#7723);
#7723 = DEFINITIONAL_REPRESENTATION('',(#7724),#7728);
#7724 = LINE('',#7725,#7726);
#7725 = CARTESIAN_POINT('',(3.695041722814,-2.26256050928E-16));
#7726 = VECTOR('',#7727,1.);
#7727 = DIRECTION('',(0.,-1.));
#7728 = ( GEOMETRIC_REPRESENTATION_CONTEXT(2) 
PARAMETRIC_REPRESENTATION_CONTEXT() REPRESENTATION_CONTEXT('2D SPACE',''
  ) );
#7729 = PCURVE('',#1633,#7730);
#7730 = DEFINITIONAL_REPRESENTATION('',(#7731),#7735);
#7731 = LINE('',#7732,#7733);
#7732 = CARTESIAN_POINT('',(0.,0.));
#7733 = VECTOR('',#7734,1.);
#7734 = DIRECTION('',(0.,-1.));
#7735 = ( GEOMETRIC_REPRESENTATION_CONTEXT(2) 
PARAMETRIC_REPRESENTATION_CONTEXT() REPRESENTATION_CONTEXT('2D SPACE',''
  ) );
#7736 = ADVANCED_FACE('',(#7737),#1633,.T.);
#7737 = FACE_BOUND('',#7738,.T.);
#7738 = EDGE_LOOP('',(#7739,#7740,#7741,#7764,#7785,#7786));
#7739 = ORIENTED_EDGE('',*,*,#1698,.F.);
#7740 = ORIENTED_EDGE('',*,*,#7716,.T.);
#7741 = ORIENTED_EDGE('',*,*,#7742,.F.);
#7742 = EDGE_CURVE('',#7743,#7694,#7745,.T.);
#7743 = VERTEX_POINT('',#7744);
#7744 = CARTESIAN_POINT('',(11.,3.3486315613,4.));
#7745 = SURFACE_CURVE('',#7746,(#7750,#7757),.PCURVE_S1.);
#7746 = LINE('',#7747,#7748);
#7747 = CARTESIAN_POINT('',(11.,3.175426480543,4.));
#7748 = VECTOR('',#7749,1.);
#7749 = DIRECTION('',(-4.807406715959E-16,1.,-1.224646799147E-16));
#7750 = PCURVE('',#1633,#7751);
#7751 = DEFINITIONAL_REPRESENTATION('',(#7752),#7756);
#7752 = LINE('',#7753,#7754);
#7753 = CARTESIAN_POINT('',(3.175426480543,-1.));
#7754 = VECTOR('',#7755,1.);
#7755 = DIRECTION('',(-1.,0.));
#7756 = ( GEOMETRIC_REPRESENTATION_CONTEXT(2) 
PARAMETRIC_REPRESENTATION_CONTEXT() REPRESENTATION_CONTEXT('2D SPACE',''
  ) );
#7757 = PCURVE('',#5719,#7758);
#7758 = DEFINITIONAL_REPRESENTATION('',(#7759),#7763);
#7759 = LINE('',#7760,#7761);
#7760 = CARTESIAN_POINT('',(21.4,-3.175426480543));
#7761 = VECTOR('',#7762,1.);
#7762 = DIRECTION('',(-4.807406715959E-16,-1.));
#7763 = ( GEOMETRIC_REPRESENTATION_CONTEXT(2) 
PARAMETRIC_REPRESENTATION_CONTEXT() REPRESENTATION_CONTEXT('2D SPACE',''
  ) );
#7764 = ORIENTED_EDGE('',*,*,#7765,.T.);
#7765 = EDGE_CURVE('',#7743,#1590,#7766,.T.);
#7766 = SURFACE_CURVE('',#7767,(#7771,#7778),.PCURVE_S1.);
#7767 = LINE('',#7768,#7769);
#7768 = CARTESIAN_POINT('',(11.,3.3486315613,5.));
#7769 = VECTOR('',#7770,1.);
#7770 = DIRECTION('',(0.,1.224646799147E-16,1.));
#7771 = PCURVE('',#1633,#7772);
#7772 = DEFINITIONAL_REPRESENTATION('',(#7773),#7777);
#7773 = LINE('',#7774,#7775);
#7774 = CARTESIAN_POINT('',(3.002221399786,5.205123369422E-16));
#7775 = VECTOR('',#7776,1.);
#7776 = DIRECTION('',(0.,1.));
#7777 = ( GEOMETRIC_REPRESENTATION_CONTEXT(2) 
PARAMETRIC_REPRESENTATION_CONTEXT() REPRESENTATION_CONTEXT('2D SPACE',''
  ) );
#7778 = PCURVE('',#1605,#7779);
#7779 = DEFINITIONAL_REPRESENTATION('',(#7780),#7784);
#7780 = LINE('',#7781,#7782);
#7781 = CARTESIAN_POINT('',(0.692820323028,-4.2423009549E-17));
#7782 = VECTOR('',#7783,1.);
#7783 = DIRECTION('',(0.,1.));
#7784 = ( GEOMETRIC_REPRESENTATION_CONTEXT(2) 
PARAMETRIC_REPRESENTATION_CONTEXT() REPRESENTATION_CONTEXT('2D SPACE',''
  ) );
#7785 = ORIENTED_EDGE('',*,*,#1617,.F.);
#7786 = ORIENTED_EDGE('',*,*,#7787,.T.);
#7787 = EDGE_CURVE('',#1618,#1675,#7788,.T.);
#7788 = SURFACE_CURVE('',#7789,(#7794,#7801),.PCURVE_S1.);
#7789 = HYPERBOLA('',#7790,15.720642891933,1.179048216895);
#7790 = AXIS2_PLACEMENT_3D('',#7791,#7792,#7793);
#7791 = CARTESIAN_POINT('',(11.,4.745269700507,-11.66666666666));
#7792 = DIRECTION('',(-1.,-4.807406715959E-16,5.887375246899E-32));
#7793 = DIRECTION('',(0.,1.224646799147E-16,1.));
#7794 = PCURVE('',#1633,#7795);
#7795 = DEFINITIONAL_REPRESENTATION('',(#7796),#7800);
#7796 = HYPERBOLA('',#7797,15.720642891933,1.179048216895);
#7797 = AXIS2_PLACEMENT_2D('',#7798,#7799);
#7798 = CARTESIAN_POINT('',(1.605583260579,-16.66666666666));
#7799 = DIRECTION('',(0.,1.));
#7800 = ( GEOMETRIC_REPRESENTATION_CONTEXT(2) 
PARAMETRIC_REPRESENTATION_CONTEXT() REPRESENTATION_CONTEXT('2D SPACE',''
  ) );
#7801 = PCURVE('',#1662,#7802);
#7802 = DEFINITIONAL_REPRESENTATION('',(#7803),#7812);
#7803 = B_SPLINE_CURVE_WITH_KNOTS('',7,(#7804,#7805,#7806,#7807,#7808,
    #7809,#7810,#7811),.UNSPECIFIED.,.F.,.F.,(8,8),(-0.345204639821,
    0.345204639821),.PIECEWISE_BEZIER_KNOTS.);
#7804 = CARTESIAN_POINT('',(-2.803046697167,-1.905526354758E-14));
#7805 = CARTESIAN_POINT('',(-2.896078220606,-0.545942672757));
#7806 = CARTESIAN_POINT('',(-2.992665097275,-0.902732609157));
#7807 = CARTESIAN_POINT('',(-3.091654580398,-1.079043948983));
#7808 = CARTESIAN_POINT('',(-3.191530726782,-1.079043948983));
#7809 = CARTESIAN_POINT('',(-3.290520209905,-0.902732609157));
#7810 = CARTESIAN_POINT('',(-3.387107086574,-0.545942672757));
#7811 = CARTESIAN_POINT('',(-3.480138610013,-1.91049441304E-14));
#7812 = ( GEOMETRIC_REPRESENTATION_CONTEXT(2) 
PARAMETRIC_REPRESENTATION_CONTEXT() REPRESENTATION_CONTEXT('2D SPACE',''
  ) );
#7813 = ADVANCED_FACE('',(#7814),#1662,.F.);
#7814 = FACE_BOUND('',#7815,.F.);
#7815 = EDGE_LOOP('',(#7816,#7839,#7866,#7867,#7868,#7869));
#7816 = ORIENTED_EDGE('',*,*,#7817,.T.);
#7817 = EDGE_CURVE('',#1646,#7818,#7820,.T.);
#7818 = VERTEX_POINT('',#7819);
#7819 = CARTESIAN_POINT('',(13.279048216895,4.745269700507,3.));
#7820 = SEAM_CURVE('',#7821,(#7825,#7832),.PCURVE_S1.);
#7821 = LINE('',#7822,#7823);
#7822 = CARTESIAN_POINT('',(13.429048216895,4.745269700507,5.));
#7823 = VECTOR('',#7824,1.);
#7824 = DIRECTION('',(-7.478994824163E-02,-1.404399484412E-16,
    -0.997199309888));
#7825 = PCURVE('',#1662,#7826);
#7826 = DEFINITIONAL_REPRESENTATION('',(#7827),#7831);
#7827 = LINE('',#7828,#7829);
#7828 = CARTESIAN_POINT('',(-6.28318530718,0.));
#7829 = VECTOR('',#7830,1.);
#7830 = DIRECTION('',(-0.,-1.));
#7831 = ( GEOMETRIC_REPRESENTATION_CONTEXT(2) 
PARAMETRIC_REPRESENTATION_CONTEXT() REPRESENTATION_CONTEXT('2D SPACE',''
  ) );
#7832 = PCURVE('',#1662,#7833);
#7833 = DEFINITIONAL_REPRESENTATION('',(#7834),#7838);
#7834 = LINE('',#7835,#7836);
#7835 = CARTESIAN_POINT('',(0.,-0.));
#7836 = VECTOR('',#7837,1.);
#7837 = DIRECTION('',(-0.,-1.));
#7838 = ( GEOMETRIC_REPRESENTATION_CONTEXT(2) 
PARAMETRIC_REPRESENTATION_CONTEXT() REPRESENTATION_CONTEXT('2D SPACE',''
  ) );
#7839 = ORIENTED_EDGE('',*,*,#7840,.F.);
#7840 = EDGE_CURVE('',#7818,#7818,#7841,.T.);
#7841 = SURFACE_CURVE('',#7842,(#7847,#7854),.PCURVE_S1.);
#7842 = CIRCLE('',#7843,1.1);
#7843 = AXIS2_PLACEMENT_3D('',#7844,#7845,#7846);
#7844 = CARTESIAN_POINT('',(12.179048216895,4.745269700507,3.));
#7845 = DIRECTION('',(0.,-1.224646799147E-16,-1.));
#7846 = DIRECTION('',(1.,0.,0.));
#7847 = PCURVE('',#1662,#7848);
#7848 = DEFINITIONAL_REPRESENTATION('',(#7849),#7853);
#7849 = LINE('',#7850,#7851);
#7850 = CARTESIAN_POINT('',(-0.,-2.));
#7851 = VECTOR('',#7852,1.);
#7852 = DIRECTION('',(-1.,-0.));
#7853 = ( GEOMETRIC_REPRESENTATION_CONTEXT(2) 
PARAMETRIC_REPRESENTATION_CONTEXT() REPRESENTATION_CONTEXT('2D SPACE',''
  ) );
#7854 = PCURVE('',#7855,#7860);
#7855 = CYLINDRICAL_SURFACE('',#7856,1.1);
#7856 = AXIS2_PLACEMENT_3D('',#7857,#7858,#7859);
#7857 = CARTESIAN_POINT('',(12.179048216895,4.745269700507,22.1));
#7858 = DIRECTION('',(-0.,1.224646799147E-16,1.));
#7859 = DIRECTION('',(1.,0.,0.));
#7860 = DEFINITIONAL_REPRESENTATION('',(#7861),#7865);
#7861 = LINE('',#7862,#7863);
#7862 = CARTESIAN_POINT('',(-0.,-19.1));
#7863 = VECTOR('',#7864,1.);
#7864 = DIRECTION('',(-1.,0.));
#7865 = ( GEOMETRIC_REPRESENTATION_CONTEXT(2) 
PARAMETRIC_REPRESENTATION_CONTEXT() REPRESENTATION_CONTEXT('2D SPACE',''
  ) );
#7866 = ORIENTED_EDGE('',*,*,#7817,.F.);
#7867 = ORIENTED_EDGE('',*,*,#1645,.T.);
#7868 = ORIENTED_EDGE('',*,*,#7787,.T.);
#7869 = ORIENTED_EDGE('',*,*,#1674,.T.);
#7870 = ADVANCED_FACE('',(#7871),#1605,.T.);
#7871 = FACE_BOUND('',#7872,.T.);
#7872 = EDGE_LOOP('',(#7873,#7874,#7875,#7898));
#7873 = ORIENTED_EDGE('',*,*,#1589,.F.);
#7874 = ORIENTED_EDGE('',*,*,#7765,.F.);
#7875 = ORIENTED_EDGE('',*,*,#7876,.F.);
#7876 = EDGE_CURVE('',#7877,#7743,#7879,.T.);
#7877 = VERTEX_POINT('',#7878);
#7878 = CARTESIAN_POINT('',(13.6,1.847520861407,4.));
#7879 = SURFACE_CURVE('',#7880,(#7884,#7891),.PCURVE_S1.);
#7880 = LINE('',#7881,#7882);
#7881 = CARTESIAN_POINT('',(3.4,7.736493607141,4.));
#7882 = VECTOR('',#7883,1.);
#7883 = DIRECTION('',(-0.866025403784,0.5,-6.123233995737E-17));
#7884 = PCURVE('',#1605,#7885);
#7885 = DEFINITIONAL_REPRESENTATION('',(#7886),#7890);
#7886 = LINE('',#7887,#7888);
#7887 = CARTESIAN_POINT('',(-8.082903768655,-1.));
#7888 = VECTOR('',#7889,1.);
#7889 = DIRECTION('',(-1.,0.));
#7890 = ( GEOMETRIC_REPRESENTATION_CONTEXT(2) 
PARAMETRIC_REPRESENTATION_CONTEXT() REPRESENTATION_CONTEXT('2D SPACE',''
  ) );
#7891 = PCURVE('',#5719,#7892);
#7892 = DEFINITIONAL_REPRESENTATION('',(#7893),#7897);
#7893 = LINE('',#7894,#7895);
#7894 = CARTESIAN_POINT('',(13.8,-7.736493607141));
#7895 = VECTOR('',#7896,1.);
#7896 = DIRECTION('',(-0.866025403784,-0.5));
#7897 = ( GEOMETRIC_REPRESENTATION_CONTEXT(2) 
PARAMETRIC_REPRESENTATION_CONTEXT() REPRESENTATION_CONTEXT('2D SPACE',''
  ) );
#7898 = ORIENTED_EDGE('',*,*,#7899,.F.);
#7899 = EDGE_CURVE('',#1562,#7877,#7900,.T.);
#7900 = SURFACE_CURVE('',#7901,(#7905,#7912),.PCURVE_S1.);
#7901 = LINE('',#7902,#7903);
#7902 = CARTESIAN_POINT('',(13.6,1.847520861407,5.));
#7903 = VECTOR('',#7904,1.);
#7904 = DIRECTION('',(0.,-1.224646799147E-16,-1.));
#7905 = PCURVE('',#1605,#7906);
#7906 = DEFINITIONAL_REPRESENTATION('',(#7907),#7911);
#7907 = LINE('',#7908,#7909);
#7908 = CARTESIAN_POINT('',(3.695041722814,-2.26256050928E-16));
#7909 = VECTOR('',#7910,1.);
#7910 = DIRECTION('',(0.,-1.));
#7911 = ( GEOMETRIC_REPRESENTATION_CONTEXT(2) 
PARAMETRIC_REPRESENTATION_CONTEXT() REPRESENTATION_CONTEXT('2D SPACE',''
  ) );
#7912 = PCURVE('',#1577,#7913);
#7913 = DEFINITIONAL_REPRESENTATION('',(#7914),#7918);
#7914 = LINE('',#7915,#7916);
#7915 = CARTESIAN_POINT('',(0.,0.));
#7916 = VECTOR('',#7917,1.);
#7917 = DIRECTION('',(0.,-1.));
#7918 = ( GEOMETRIC_REPRESENTATION_CONTEXT(2) 
PARAMETRIC_REPRESENTATION_CONTEXT() REPRESENTATION_CONTEXT('2D SPACE',''
  ) );
#7919 = ADVANCED_FACE('',(#7920),#1577,.T.);
#7920 = FACE_BOUND('',#7921,.T.);
#7921 = EDGE_LOOP('',(#7922,#7923,#7924,#7947));
#7922 = ORIENTED_EDGE('',*,*,#1561,.F.);
#7923 = ORIENTED_EDGE('',*,*,#7899,.T.);
#7924 = ORIENTED_EDGE('',*,*,#7925,.F.);
#7925 = EDGE_CURVE('',#7926,#7877,#7928,.T.);
#7926 = VERTEX_POINT('',#7927);
#7927 = CARTESIAN_POINT('',(13.6,-1.847520861407,4.));
#7928 = SURFACE_CURVE('',#7929,(#7933,#7940),.PCURVE_S1.);
#7929 = LINE('',#7930,#7931);
#7930 = CARTESIAN_POINT('',(13.6,0.923760430703,4.));
#7931 = VECTOR('',#7932,1.);
#7932 = DIRECTION('',(-4.807406715959E-16,1.,-1.224646799147E-16));
#7933 = PCURVE('',#1577,#7934);
#7934 = DEFINITIONAL_REPRESENTATION('',(#7935),#7939);
#7935 = LINE('',#7936,#7937);
#7936 = CARTESIAN_POINT('',(0.923760430703,-1.));
#7937 = VECTOR('',#7938,1.);
#7938 = DIRECTION('',(-1.,0.));
#7939 = ( GEOMETRIC_REPRESENTATION_CONTEXT(2) 
PARAMETRIC_REPRESENTATION_CONTEXT() REPRESENTATION_CONTEXT('2D SPACE',''
  ) );
#7940 = PCURVE('',#5719,#7941);
#7941 = DEFINITIONAL_REPRESENTATION('',(#7942),#7946);
#7942 = LINE('',#7943,#7944);
#7943 = CARTESIAN_POINT('',(24.,-0.923760430703));
#7944 = VECTOR('',#7945,1.);
#7945 = DIRECTION('',(-4.807406715959E-16,-1.));
#7946 = ( GEOMETRIC_REPRESENTATION_CONTEXT(2) 
PARAMETRIC_REPRESENTATION_CONTEXT() REPRESENTATION_CONTEXT('2D SPACE',''
  ) );
#7947 = ORIENTED_EDGE('',*,*,#7948,.F.);
#7948 = EDGE_CURVE('',#1534,#7926,#7949,.T.);
#7949 = SURFACE_CURVE('',#7950,(#7954,#7961),.PCURVE_S1.);
#7950 = LINE('',#7951,#7952);
#7951 = CARTESIAN_POINT('',(13.6,-1.847520861407,5.));
#7952 = VECTOR('',#7953,1.);
#7953 = DIRECTION('',(0.,-1.224646799147E-16,-1.));
#7954 = PCURVE('',#1577,#7955);
#7955 = DEFINITIONAL_REPRESENTATION('',(#7956),#7960);
#7956 = LINE('',#7957,#7958);
#7957 = CARTESIAN_POINT('',(3.695041722814,4.356663178442E-16));
#7958 = VECTOR('',#7959,1.);
#7959 = DIRECTION('',(0.,-1.));
#7960 = ( GEOMETRIC_REPRESENTATION_CONTEXT(2) 
PARAMETRIC_REPRESENTATION_CONTEXT() REPRESENTATION_CONTEXT('2D SPACE',''
  ) );
#7961 = PCURVE('',#1549,#7962);
#7962 = DEFINITIONAL_REPRESENTATION('',(#7963),#7967);
#7963 = LINE('',#7964,#7965);
#7964 = CARTESIAN_POINT('',(0.,0.));
#7965 = VECTOR('',#7966,1.);
#7966 = DIRECTION('',(0.,-1.));
#7967 = ( GEOMETRIC_REPRESENTATION_CONTEXT(2) 
PARAMETRIC_REPRESENTATION_CONTEXT() REPRESENTATION_CONTEXT('2D SPACE',''
  ) );
#7968 = ADVANCED_FACE('',(#7969),#1549,.T.);
#7969 = FACE_BOUND('',#7970,.T.);
#7970 = EDGE_LOOP('',(#7971,#7972,#7973,#7996,#8024,#8052));
#7971 = ORIENTED_EDGE('',*,*,#1533,.F.);
#7972 = ORIENTED_EDGE('',*,*,#7948,.T.);
#7973 = ORIENTED_EDGE('',*,*,#7974,.F.);
#7974 = EDGE_CURVE('',#7975,#7926,#7977,.T.);
#7975 = VERTEX_POINT('',#7976);
#7976 = CARTESIAN_POINT('',(11.,-3.3486315613,4.));
#7977 = SURFACE_CURVE('',#7978,(#7982,#7989),.PCURVE_S1.);
#7978 = LINE('',#7979,#7980);
#7979 = CARTESIAN_POINT('',(5.,-6.812733176438,4.));
#7980 = VECTOR('',#7981,1.);
#7981 = DIRECTION('',(0.866025403784,0.5,-6.123233995737E-17));
#7982 = PCURVE('',#1549,#7983);
#7983 = DEFINITIONAL_REPRESENTATION('',(#7984),#7988);
#7984 = LINE('',#7985,#7986);
#7985 = CARTESIAN_POINT('',(9.930424630062,-1.));
#7986 = VECTOR('',#7987,1.);
#7987 = DIRECTION('',(-1.,0.));
#7988 = ( GEOMETRIC_REPRESENTATION_CONTEXT(2) 
PARAMETRIC_REPRESENTATION_CONTEXT() REPRESENTATION_CONTEXT('2D SPACE',''
  ) );
#7989 = PCURVE('',#5719,#7990);
#7990 = DEFINITIONAL_REPRESENTATION('',(#7991),#7995);
#7991 = LINE('',#7992,#7993);
#7992 = CARTESIAN_POINT('',(15.4,6.812733176438));
#7993 = VECTOR('',#7994,1.);
#7994 = DIRECTION('',(0.866025403784,-0.5));
#7995 = ( GEOMETRIC_REPRESENTATION_CONTEXT(2) 
PARAMETRIC_REPRESENTATION_CONTEXT() REPRESENTATION_CONTEXT('2D SPACE',''
  ) );
#7996 = ORIENTED_EDGE('',*,*,#7997,.F.);
#7997 = EDGE_CURVE('',#7998,#7975,#8000,.T.);
#7998 = VERTEX_POINT('',#7999);
#7999 = CARTESIAN_POINT('',(11.,-3.3486315613,5.));
#8000 = SURFACE_CURVE('',#8001,(#8005,#8012),.PCURVE_S1.);
#8001 = LINE('',#8002,#8003);
#8002 = CARTESIAN_POINT('',(11.,-3.3486315613,5.));
#8003 = VECTOR('',#8004,1.);
#8004 = DIRECTION('',(0.,-1.224646799147E-16,-1.));
#8005 = PCURVE('',#1549,#8006);
#8006 = DEFINITIONAL_REPRESENTATION('',(#8007),#8011);
#8007 = LINE('',#8008,#8009);
#8008 = CARTESIAN_POINT('',(3.002221399786,-1.83833041379E-16));
#8009 = VECTOR('',#8010,1.);
#8010 = DIRECTION('',(0.,-1.));
#8011 = ( GEOMETRIC_REPRESENTATION_CONTEXT(2) 
PARAMETRIC_REPRESENTATION_CONTEXT() REPRESENTATION_CONTEXT('2D SPACE',''
  ) );
#8012 = PCURVE('',#8013,#8018);
#8013 = PLANE('',#8014);
#8014 = AXIS2_PLACEMENT_3D('',#8015,#8016,#8017);
#8015 = CARTESIAN_POINT('',(11.,-2.655811238272,5.));
#8016 = DIRECTION('',(-1.,-4.807406715959E-16,5.887375246899E-32));
#8017 = DIRECTION('',(4.807406715959E-16,-1.,1.224646799147E-16));
#8018 = DEFINITIONAL_REPRESENTATION('',(#8019),#8023);
#8019 = LINE('',#8020,#8021);
#8020 = CARTESIAN_POINT('',(0.692820323028,-8.484601909799E-17));
#8021 = VECTOR('',#8022,1.);
#8022 = DIRECTION('',(0.,-1.));
#8023 = ( GEOMETRIC_REPRESENTATION_CONTEXT(2) 
PARAMETRIC_REPRESENTATION_CONTEXT() REPRESENTATION_CONTEXT('2D SPACE',''
  ) );
#8024 = ORIENTED_EDGE('',*,*,#8025,.F.);
#8025 = EDGE_CURVE('',#8026,#7998,#8028,.T.);
#8026 = VERTEX_POINT('',#8027);
#8027 = CARTESIAN_POINT('',(11.308402059581,-3.170575549182,5.));
#8028 = SURFACE_CURVE('',#8029,(#8033,#8040),.PCURVE_S1.);
#8029 = LINE('',#8030,#8031);
#8030 = CARTESIAN_POINT('',(13.6,-1.847520861407,5.));
#8031 = VECTOR('',#8032,1.);
#8032 = DIRECTION('',(-0.866025403784,-0.5,6.123233995737E-17));
#8033 = PCURVE('',#1549,#8034);
#8034 = DEFINITIONAL_REPRESENTATION('',(#8035),#8039);
#8035 = LINE('',#8036,#8037);
#8036 = CARTESIAN_POINT('',(0.,0.));
#8037 = VECTOR('',#8038,1.);
#8038 = DIRECTION('',(1.,0.));
#8039 = ( GEOMETRIC_REPRESENTATION_CONTEXT(2) 
PARAMETRIC_REPRESENTATION_CONTEXT() REPRESENTATION_CONTEXT('2D SPACE',''
  ) );
#8040 = PCURVE('',#8041,#8046);
#8041 = PLANE('',#8042);
#8042 = AXIS2_PLACEMENT_3D('',#8043,#8044,#8045);
#8043 = CARTESIAN_POINT('',(-10.4,1.631438850498E-16,5.));
#8044 = DIRECTION('',(0.,-1.224646799147E-16,-1.));
#8045 = DIRECTION('',(1.,0.,0.));
#8046 = DEFINITIONAL_REPRESENTATION('',(#8047),#8051);
#8047 = LINE('',#8048,#8049);
#8048 = CARTESIAN_POINT('',(24.,1.847520861407));
#8049 = VECTOR('',#8050,1.);
#8050 = DIRECTION('',(-0.866025403784,0.5));
#8051 = ( GEOMETRIC_REPRESENTATION_CONTEXT(2) 
PARAMETRIC_REPRESENTATION_CONTEXT() REPRESENTATION_CONTEXT('2D SPACE',''
  ) );
#8052 = ORIENTED_EDGE('',*,*,#8053,.T.);
#8053 = EDGE_CURVE('',#8026,#1510,#8054,.T.);
#8054 = SURFACE_CURVE('',#8055,(#8060,#8067),.PCURVE_S1.);
#8055 = HYPERBOLA('',#8056,16.279191007605,1.22093932557);
#8056 = AXIS2_PLACEMENT_3D('',#8057,#8058,#8059);
#8057 = CARTESIAN_POINT('',(11.540469662785,-3.036591256002,
    -11.66666666666));
#8058 = DIRECTION('',(-0.5,0.866025403784,-1.060575238725E-16));
#8059 = DIRECTION('',(0.,1.224646799147E-16,1.));
#8060 = PCURVE('',#1549,#8061);
#8061 = DEFINITIONAL_REPRESENTATION('',(#8062),#8066);
#8062 = HYPERBOLA('',#8063,16.279191007605,1.22093932557);
#8063 = AXIS2_PLACEMENT_2D('',#8064,#8065);
#8064 = CARTESIAN_POINT('',(2.37814078919,-16.66666666666));
#8065 = DIRECTION('',(0.,1.));
#8066 = ( GEOMETRIC_REPRESENTATION_CONTEXT(2) 
PARAMETRIC_REPRESENTATION_CONTEXT() REPRESENTATION_CONTEXT('2D SPACE',''
  ) );
#8067 = PCURVE('',#1497,#8068);
#8068 = DEFINITIONAL_REPRESENTATION('',(#8069),#8077);
#8069 = B_SPLINE_CURVE_WITH_KNOTS('',6,(#8070,#8071,#8072,#8073,#8074,
    #8075,#8076),.UNSPECIFIED.,.F.,.F.,(7,7),(-0.217752483175,
    0.217752483175),.PIECEWISE_BEZIER_KNOTS.);
#8070 = CARTESIAN_POINT('',(-3.97273843016,-4.923897764901E-15));
#8071 = CARTESIAN_POINT('',(-4.04363511548,-0.259337000413));
#8072 = CARTESIAN_POINT('',(-4.115855403795,-0.413304793197));
#8073 = CARTESIAN_POINT('',(-4.188790204787,-0.464362719131));
#8074 = CARTESIAN_POINT('',(-4.261725005777,-0.413304793197));
#8075 = CARTESIAN_POINT('',(-4.333945294093,-0.259337000413));
#8076 = CARTESIAN_POINT('',(-4.404841979413,-8.456739210569E-15));
#8077 = ( GEOMETRIC_REPRESENTATION_CONTEXT(2) 
PARAMETRIC_REPRESENTATION_CONTEXT() REPRESENTATION_CONTEXT('2D SPACE',''
  ) );
#8078 = ADVANCED_FACE('',(#8079),#1497,.F.);
#8079 = FACE_BOUND('',#8080,.F.);
#8080 = EDGE_LOOP('',(#8081,#8104,#8131,#8132,#8133,#8160,#8184,#8211,
    #8233,#8234));
#8081 = ORIENTED_EDGE('',*,*,#8082,.T.);
#8082 = EDGE_CURVE('',#1481,#8083,#8085,.T.);
#8083 = VERTEX_POINT('',#8084);
#8084 = CARTESIAN_POINT('',(13.25093932557,-4.093955728425,3.));
#8085 = SEAM_CURVE('',#8086,(#8090,#8097),.PCURVE_S1.);
#8086 = LINE('',#8087,#8088);
#8087 = CARTESIAN_POINT('',(13.40093932557,-4.093955728425,5.));
#8088 = VECTOR('',#8089,1.);
#8089 = DIRECTION('',(-7.478994824163E-02,-1.404399484412E-16,
    -0.997199309888));
#8090 = PCURVE('',#1497,#8091);
#8091 = DEFINITIONAL_REPRESENTATION('',(#8092),#8096);
#8092 = LINE('',#8093,#8094);
#8093 = CARTESIAN_POINT('',(-6.28318530718,0.));
#8094 = VECTOR('',#8095,1.);
#8095 = DIRECTION('',(-0.,-1.));
#8096 = ( GEOMETRIC_REPRESENTATION_CONTEXT(2) 
PARAMETRIC_REPRESENTATION_CONTEXT() REPRESENTATION_CONTEXT('2D SPACE',''
  ) );
#8097 = PCURVE('',#1497,#8098);
#8098 = DEFINITIONAL_REPRESENTATION('',(#8099),#8103);
#8099 = LINE('',#8100,#8101);
#8100 = CARTESIAN_POINT('',(0.,-0.));
#8101 = VECTOR('',#8102,1.);
#8102 = DIRECTION('',(-0.,-1.));
#8103 = ( GEOMETRIC_REPRESENTATION_CONTEXT(2) 
PARAMETRIC_REPRESENTATION_CONTEXT() REPRESENTATION_CONTEXT('2D SPACE',''
  ) );
#8104 = ORIENTED_EDGE('',*,*,#8105,.F.);
#8105 = EDGE_CURVE('',#8083,#8083,#8106,.T.);
#8106 = SURFACE_CURVE('',#8107,(#8112,#8119),.PCURVE_S1.);
#8107 = CIRCLE('',#8108,1.1);
#8108 = AXIS2_PLACEMENT_3D('',#8109,#8110,#8111);
#8109 = CARTESIAN_POINT('',(12.15093932557,-4.093955728425,3.));
#8110 = DIRECTION('',(0.,-1.224646799147E-16,-1.));
#8111 = DIRECTION('',(1.,0.,0.));
#8112 = PCURVE('',#1497,#8113);
#8113 = DEFINITIONAL_REPRESENTATION('',(#8114),#8118);
#8114 = LINE('',#8115,#8116);
#8115 = CARTESIAN_POINT('',(-0.,-2.));
#8116 = VECTOR('',#8117,1.);
#8117 = DIRECTION('',(-1.,-0.));
#8118 = ( GEOMETRIC_REPRESENTATION_CONTEXT(2) 
PARAMETRIC_REPRESENTATION_CONTEXT() REPRESENTATION_CONTEXT('2D SPACE',''
  ) );
#8119 = PCURVE('',#8120,#8125);
#8120 = CYLINDRICAL_SURFACE('',#8121,1.1);
#8121 = AXIS2_PLACEMENT_3D('',#8122,#8123,#8124);
#8122 = CARTESIAN_POINT('',(12.15093932557,-4.093955728425,22.1));
#8123 = DIRECTION('',(-0.,1.224646799147E-16,1.));
#8124 = DIRECTION('',(1.,0.,0.));
#8125 = DEFINITIONAL_REPRESENTATION('',(#8126),#8130);
#8126 = LINE('',#8127,#8128);
#8127 = CARTESIAN_POINT('',(-0.,-19.1));
#8128 = VECTOR('',#8129,1.);
#8129 = DIRECTION('',(-1.,0.));
#8130 = ( GEOMETRIC_REPRESENTATION_CONTEXT(2) 
PARAMETRIC_REPRESENTATION_CONTEXT() REPRESENTATION_CONTEXT('2D SPACE',''
  ) );
#8131 = ORIENTED_EDGE('',*,*,#8082,.F.);
#8132 = ORIENTED_EDGE('',*,*,#1480,.T.);
#8133 = ORIENTED_EDGE('',*,*,#8134,.T.);
#8134 = EDGE_CURVE('',#1453,#8135,#8137,.T.);
#8135 = VERTEX_POINT('',#8136);
#8136 = CARTESIAN_POINT('',(11.,-4.330522143742,4.));
#8137 = SURFACE_CURVE('',#8138,(#8143,#8153),.PCURVE_S1.);
#8138 = HYPERBOLA('',#8139,15.345857674272,1.15093932557);
#8139 = AXIS2_PLACEMENT_3D('',#8140,#8141,#8142);
#8140 = CARTESIAN_POINT('',(11.,-4.093955728425,-11.66666666666));
#8141 = DIRECTION('',(-1.,-4.807406715959E-16,5.887375246899E-32));
#8142 = DIRECTION('',(0.,1.224646799147E-16,1.));
#8143 = PCURVE('',#1497,#8144);
#8144 = DEFINITIONAL_REPRESENTATION('',(#8145),#8152);
#8145 = B_SPLINE_CURVE_WITH_KNOTS('',5,(#8146,#8147,#8148,#8149,#8150,
    #8151),.UNSPECIFIED.,.F.,.F.,(6,6),(-0.411976539493,-0.169437061838)
  ,.PIECEWISE_BEZIER_KNOTS.);
#8146 = CARTESIAN_POINT('',(-2.740798538044,2.241146292096E-15));
#8147 = CARTESIAN_POINT('',(-2.785462253697,-0.315422306352));
#8148 = CARTESIAN_POINT('',(-2.831182484607,-0.581823547));
#8149 = CARTESIAN_POINT('',(-2.877807464659,-0.800749304099));
#8150 = CARTESIAN_POINT('',(-2.925140722819,-0.973267486832));
#8151 = CARTESIAN_POINT('',(-2.972960546859,-1.1));
#8152 = ( GEOMETRIC_REPRESENTATION_CONTEXT(2) 
PARAMETRIC_REPRESENTATION_CONTEXT() REPRESENTATION_CONTEXT('2D SPACE',''
  ) );
#8153 = PCURVE('',#1468,#8154);
#8154 = DEFINITIONAL_REPRESENTATION('',(#8155),#8159);
#8155 = HYPERBOLA('',#8156,15.345857674272,1.15093932557);
#8156 = AXIS2_PLACEMENT_2D('',#8157,#8158);
#8157 = CARTESIAN_POINT('',(1.438144490153,-16.66666666666));
#8158 = DIRECTION('',(0.,1.));
#8159 = ( GEOMETRIC_REPRESENTATION_CONTEXT(2) 
PARAMETRIC_REPRESENTATION_CONTEXT() REPRESENTATION_CONTEXT('2D SPACE',''
  ) );
#8160 = ORIENTED_EDGE('',*,*,#8161,.T.);
#8161 = EDGE_CURVE('',#8135,#8162,#8164,.T.);
#8162 = VERTEX_POINT('',#8163);
#8163 = CARTESIAN_POINT('',(11.,-3.857389313109,4.));
#8164 = SURFACE_CURVE('',#8165,(#8170,#8177),.PCURVE_S1.);
#8165 = CIRCLE('',#8166,1.175);
#8166 = AXIS2_PLACEMENT_3D('',#8167,#8168,#8169);
#8167 = CARTESIAN_POINT('',(12.15093932557,-4.093955728425,4.));
#8168 = DIRECTION('',(0.,-1.224646799147E-16,-1.));
#8169 = DIRECTION('',(1.,0.,0.));
#8170 = PCURVE('',#1497,#8171);
#8171 = DEFINITIONAL_REPRESENTATION('',(#8172),#8176);
#8172 = LINE('',#8173,#8174);
#8173 = CARTESIAN_POINT('',(-0.,-1.));
#8174 = VECTOR('',#8175,1.);
#8175 = DIRECTION('',(-1.,-0.));
#8176 = ( GEOMETRIC_REPRESENTATION_CONTEXT(2) 
PARAMETRIC_REPRESENTATION_CONTEXT() REPRESENTATION_CONTEXT('2D SPACE',''
  ) );
#8177 = PCURVE('',#5719,#8178);
#8178 = DEFINITIONAL_REPRESENTATION('',(#8179),#8183);
#8179 = CIRCLE('',#8180,1.175);
#8180 = AXIS2_PLACEMENT_2D('',#8181,#8182);
#8181 = CARTESIAN_POINT('',(22.55093932557,4.093955728425));
#8182 = DIRECTION('',(1.,0.));
#8183 = ( GEOMETRIC_REPRESENTATION_CONTEXT(2) 
PARAMETRIC_REPRESENTATION_CONTEXT() REPRESENTATION_CONTEXT('2D SPACE',''
  ) );
#8184 = ORIENTED_EDGE('',*,*,#8185,.T.);
#8185 = EDGE_CURVE('',#8162,#8186,#8188,.T.);
#8186 = VERTEX_POINT('',#8187);
#8187 = CARTESIAN_POINT('',(11.,-3.606268668052,5.));
#8188 = SURFACE_CURVE('',#8189,(#8194,#8204),.PCURVE_S1.);
#8189 = HYPERBOLA('',#8190,15.345857674272,1.15093932557);
#8190 = AXIS2_PLACEMENT_3D('',#8191,#8192,#8193);
#8191 = CARTESIAN_POINT('',(11.,-4.093955728425,-11.66666666666));
#8192 = DIRECTION('',(-1.,-4.807406715959E-16,5.887375246899E-32));
#8193 = DIRECTION('',(0.,1.224646799147E-16,1.));
#8194 = PCURVE('',#1497,#8195);
#8195 = DEFINITIONAL_REPRESENTATION('',(#8196),#8203);
#8196 = B_SPLINE_CURVE_WITH_KNOTS('',5,(#8197,#8198,#8199,#8200,#8201,
    #8202),.UNSPECIFIED.,.F.,.F.,(6,6),(0.169437061838,0.411976539493),
  .PIECEWISE_BEZIER_KNOTS.);
#8197 = CARTESIAN_POINT('',(-3.310224760321,-1.1));
#8198 = CARTESIAN_POINT('',(-3.358044584361,-0.973267486832));
#8199 = CARTESIAN_POINT('',(-3.40537784252,-0.800749304099));
#8200 = CARTESIAN_POINT('',(-3.452002822572,-0.581823547));
#8201 = CARTESIAN_POINT('',(-3.497723053482,-0.315422306352));
#8202 = CARTESIAN_POINT('',(-3.542386769136,5.757427543488E-15));
#8203 = ( GEOMETRIC_REPRESENTATION_CONTEXT(2) 
PARAMETRIC_REPRESENTATION_CONTEXT() REPRESENTATION_CONTEXT('2D SPACE',''
  ) );
#8204 = PCURVE('',#8013,#8205);
#8205 = DEFINITIONAL_REPRESENTATION('',(#8206),#8210);
#8206 = HYPERBOLA('',#8207,15.345857674272,1.15093932557);
#8207 = AXIS2_PLACEMENT_2D('',#8208,#8209);
#8208 = CARTESIAN_POINT('',(1.438144490153,-16.66666666666));
#8209 = DIRECTION('',(0.,1.));
#8210 = ( GEOMETRIC_REPRESENTATION_CONTEXT(2) 
PARAMETRIC_REPRESENTATION_CONTEXT() REPRESENTATION_CONTEXT('2D SPACE',''
  ) );
#8211 = ORIENTED_EDGE('',*,*,#8212,.T.);
#8212 = EDGE_CURVE('',#8186,#8026,#8213,.T.);
#8213 = SURFACE_CURVE('',#8214,(#8219,#8226),.PCURVE_S1.);
#8214 = CIRCLE('',#8215,1.25);
#8215 = AXIS2_PLACEMENT_3D('',#8216,#8217,#8218);
#8216 = CARTESIAN_POINT('',(12.15093932557,-4.093955728425,5.));
#8217 = DIRECTION('',(0.,-1.224646799147E-16,-1.));
#8218 = DIRECTION('',(1.,0.,0.));
#8219 = PCURVE('',#1497,#8220);
#8220 = DEFINITIONAL_REPRESENTATION('',(#8221),#8225);
#8221 = LINE('',#8222,#8223);
#8222 = CARTESIAN_POINT('',(-0.,-0.));
#8223 = VECTOR('',#8224,1.);
#8224 = DIRECTION('',(-1.,-0.));
#8225 = ( GEOMETRIC_REPRESENTATION_CONTEXT(2) 
PARAMETRIC_REPRESENTATION_CONTEXT() REPRESENTATION_CONTEXT('2D SPACE',''
  ) );
#8226 = PCURVE('',#8041,#8227);
#8227 = DEFINITIONAL_REPRESENTATION('',(#8228),#8232);
#8228 = CIRCLE('',#8229,1.25);
#8229 = AXIS2_PLACEMENT_2D('',#8230,#8231);
#8230 = CARTESIAN_POINT('',(22.55093932557,4.093955728425));
#8231 = DIRECTION('',(1.,0.));
#8232 = ( GEOMETRIC_REPRESENTATION_CONTEXT(2) 
PARAMETRIC_REPRESENTATION_CONTEXT() REPRESENTATION_CONTEXT('2D SPACE',''
  ) );
#8233 = ORIENTED_EDGE('',*,*,#8053,.T.);
#8234 = ORIENTED_EDGE('',*,*,#1509,.T.);
#8235 = ADVANCED_FACE('',(#8236),#1468,.T.);
#8236 = FACE_BOUND('',#8237,.T.);
#8237 = EDGE_LOOP('',(#8238,#8239,#8240,#8263));
#8238 = ORIENTED_EDGE('',*,*,#1452,.F.);
#8239 = ORIENTED_EDGE('',*,*,#8134,.T.);
#8240 = ORIENTED_EDGE('',*,*,#8241,.F.);
#8241 = EDGE_CURVE('',#8242,#8135,#8244,.T.);
#8242 = VERTEX_POINT('',#8243);
#8243 = CARTESIAN_POINT('',(11.,-6.350852961086,4.));
#8244 = SURFACE_CURVE('',#8245,(#8249,#8256),.PCURVE_S1.);
#8245 = LINE('',#8246,#8247);
#8246 = CARTESIAN_POINT('',(11.,-1.327905619136,4.));
#8247 = VECTOR('',#8248,1.);
#8248 = DIRECTION('',(-4.807406715959E-16,1.,-1.224646799147E-16));
#8249 = PCURVE('',#1468,#8250);
#8250 = DEFINITIONAL_REPRESENTATION('',(#8251),#8255);
#8251 = LINE('',#8252,#8253);
#8252 = CARTESIAN_POINT('',(-1.327905619136,-1.));
#8253 = VECTOR('',#8254,1.);
#8254 = DIRECTION('',(-1.,0.));
#8255 = ( GEOMETRIC_REPRESENTATION_CONTEXT(2) 
PARAMETRIC_REPRESENTATION_CONTEXT() REPRESENTATION_CONTEXT('2D SPACE',''
  ) );
#8256 = PCURVE('',#5719,#8257);
#8257 = DEFINITIONAL_REPRESENTATION('',(#8258),#8262);
#8258 = LINE('',#8259,#8260);
#8259 = CARTESIAN_POINT('',(21.4,1.327905619136));
#8260 = VECTOR('',#8261,1.);
#8261 = DIRECTION('',(-4.807406715959E-16,-1.));
#8262 = ( GEOMETRIC_REPRESENTATION_CONTEXT(2) 
PARAMETRIC_REPRESENTATION_CONTEXT() REPRESENTATION_CONTEXT('2D SPACE',''
  ) );
#8263 = ORIENTED_EDGE('',*,*,#8264,.F.);
#8264 = EDGE_CURVE('',#1430,#8242,#8265,.T.);
#8265 = SURFACE_CURVE('',#8266,(#8270,#8277),.PCURVE_S1.);
#8266 = LINE('',#8267,#8268);
#8267 = CARTESIAN_POINT('',(11.,-6.350852961086,5.));
#8268 = VECTOR('',#8269,1.);
#8269 = DIRECTION('',(0.,-1.224646799147E-16,-1.));
#8270 = PCURVE('',#1468,#8271);
#8271 = DEFINITIONAL_REPRESENTATION('',(#8272),#8276);
#8272 = LINE('',#8273,#8274);
#8273 = CARTESIAN_POINT('',(3.695041722814,-4.52512101856E-16));
#8274 = VECTOR('',#8275,1.);
#8275 = DIRECTION('',(0.,-1.));
#8276 = ( GEOMETRIC_REPRESENTATION_CONTEXT(2) 
PARAMETRIC_REPRESENTATION_CONTEXT() REPRESENTATION_CONTEXT('2D SPACE',''
  ) );
#8277 = PCURVE('',#1364,#8278);
#8278 = DEFINITIONAL_REPRESENTATION('',(#8279),#8283);
#8279 = LINE('',#8280,#8281);
#8280 = CARTESIAN_POINT('',(0.,0.));
#8281 = VECTOR('',#8282,1.);
#8282 = DIRECTION('',(0.,-1.));
#8283 = ( GEOMETRIC_REPRESENTATION_CONTEXT(2) 
PARAMETRIC_REPRESENTATION_CONTEXT() REPRESENTATION_CONTEXT('2D SPACE',''
  ) );
#8284 = ADVANCED_FACE('',(#8285),#1364,.T.);
#8285 = FACE_BOUND('',#8286,.T.);
#8286 = EDGE_LOOP('',(#8287,#8288,#8289,#8312,#8333,#8334));
#8287 = ORIENTED_EDGE('',*,*,#1429,.F.);
#8288 = ORIENTED_EDGE('',*,*,#8264,.T.);
#8289 = ORIENTED_EDGE('',*,*,#8290,.F.);
#8290 = EDGE_CURVE('',#8291,#8242,#8293,.T.);
#8291 = VERTEX_POINT('',#8292);
#8292 = CARTESIAN_POINT('',(8.4,-7.851963660979,4.));
#8293 = SURFACE_CURVE('',#8294,(#8298,#8305),.PCURVE_S1.);
#8294 = LINE('',#8295,#8296);
#8295 = CARTESIAN_POINT('',(4.35,-10.19023225119,4.));
#8296 = VECTOR('',#8297,1.);
#8297 = DIRECTION('',(0.866025403784,0.5,-6.123233995737E-17));
#8298 = PCURVE('',#1364,#8299);
#8299 = DEFINITIONAL_REPRESENTATION('',(#8300),#8304);
#8300 = LINE('',#8301,#8302);
#8301 = CARTESIAN_POINT('',(7.678758580222,-1.));
#8302 = VECTOR('',#8303,1.);
#8303 = DIRECTION('',(-1.,0.));
#8304 = ( GEOMETRIC_REPRESENTATION_CONTEXT(2) 
PARAMETRIC_REPRESENTATION_CONTEXT() REPRESENTATION_CONTEXT('2D SPACE',''
  ) );
#8305 = PCURVE('',#5719,#8306);
#8306 = DEFINITIONAL_REPRESENTATION('',(#8307),#8311);
#8307 = LINE('',#8308,#8309);
#8308 = CARTESIAN_POINT('',(14.75,10.190232251197));
#8309 = VECTOR('',#8310,1.);
#8310 = DIRECTION('',(0.866025403784,-0.5));
#8311 = ( GEOMETRIC_REPRESENTATION_CONTEXT(2) 
PARAMETRIC_REPRESENTATION_CONTEXT() REPRESENTATION_CONTEXT('2D SPACE',''
  ) );
#8312 = ORIENTED_EDGE('',*,*,#8313,.F.);
#8313 = EDGE_CURVE('',#1321,#8291,#8314,.T.);
#8314 = SURFACE_CURVE('',#8315,(#8319,#8326),.PCURVE_S1.);
#8315 = LINE('',#8316,#8317);
#8316 = CARTESIAN_POINT('',(8.4,-7.851963660979,5.));
#8317 = VECTOR('',#8318,1.);
#8318 = DIRECTION('',(0.,-1.224646799147E-16,-1.));
#8319 = PCURVE('',#1364,#8320);
#8320 = DEFINITIONAL_REPRESENTATION('',(#8321),#8325);
#8321 = LINE('',#8322,#8323);
#8322 = CARTESIAN_POINT('',(3.002221399786,-1.83833041379E-16));
#8323 = VECTOR('',#8324,1.);
#8324 = DIRECTION('',(0.,-1.));
#8325 = ( GEOMETRIC_REPRESENTATION_CONTEXT(2) 
PARAMETRIC_REPRESENTATION_CONTEXT() REPRESENTATION_CONTEXT('2D SPACE',''
  ) );
#8326 = PCURVE('',#1336,#8327);
#8327 = DEFINITIONAL_REPRESENTATION('',(#8328),#8332);
#8328 = LINE('',#8329,#8330);
#8329 = CARTESIAN_POINT('',(0.692820323028,-8.484601909799E-17));
#8330 = VECTOR('',#8331,1.);
#8331 = DIRECTION('',(0.,-1.));
#8332 = ( GEOMETRIC_REPRESENTATION_CONTEXT(2) 
PARAMETRIC_REPRESENTATION_CONTEXT() REPRESENTATION_CONTEXT('2D SPACE',''
  ) );
#8333 = ORIENTED_EDGE('',*,*,#1348,.F.);
#8334 = ORIENTED_EDGE('',*,*,#8335,.T.);
#8335 = EDGE_CURVE('',#1349,#1406,#8336,.T.);
#8336 = SURFACE_CURVE('',#8337,(#8342,#8349),.PCURVE_S1.);
#8337 = HYPERBOLA('',#8338,15.720642891933,1.179048216895);
#8338 = AXIS2_PLACEMENT_3D('',#8339,#8340,#8341);
#8339 = CARTESIAN_POINT('',(9.609524108447,-7.153644591375,
    -11.66666666666));
#8340 = DIRECTION('',(-0.5,0.866025403784,-1.060575238725E-16));
#8341 = DIRECTION('',(0.,1.224646799147E-16,1.));
#8342 = PCURVE('',#1364,#8343);
#8343 = DEFINITIONAL_REPRESENTATION('',(#8344),#8348);
#8344 = HYPERBOLA('',#8345,15.720642891933,1.179048216895);
#8345 = AXIS2_PLACEMENT_2D('',#8346,#8347);
#8346 = CARTESIAN_POINT('',(1.605583260579,-16.66666666666));
#8347 = DIRECTION('',(0.,1.));
#8348 = ( GEOMETRIC_REPRESENTATION_CONTEXT(2) 
PARAMETRIC_REPRESENTATION_CONTEXT() REPRESENTATION_CONTEXT('2D SPACE',''
  ) );
#8349 = PCURVE('',#1393,#8350);
#8350 = DEFINITIONAL_REPRESENTATION('',(#8351),#8360);
#8351 = B_SPLINE_CURVE_WITH_KNOTS('',7,(#8352,#8353,#8354,#8355,#8356,
    #8357,#8358,#8359),.UNSPECIFIED.,.F.,.F.,(8,8),(-0.345204639821,
    0.345204639821),.PIECEWISE_BEZIER_KNOTS.);
#8352 = CARTESIAN_POINT('',(-3.850244248364,2.224586097819E-15));
#8353 = CARTESIAN_POINT('',(-3.943275771802,-0.545942672757));
#8354 = CARTESIAN_POINT('',(-4.039862648471,-0.902732609157));
#8355 = CARTESIAN_POINT('',(-4.138852131597,-1.079043948983));
#8356 = CARTESIAN_POINT('',(-4.238728277979,-1.079043948982));
#8357 = CARTESIAN_POINT('',(-4.337717761102,-0.902732609157));
#8358 = CARTESIAN_POINT('',(-4.43430463777,-0.545942672757));
#8359 = CARTESIAN_POINT('',(-4.527336161209,2.274266680649E-15));
#8360 = ( GEOMETRIC_REPRESENTATION_CONTEXT(2) 
PARAMETRIC_REPRESENTATION_CONTEXT() REPRESENTATION_CONTEXT('2D SPACE',''
  ) );
#8361 = ADVANCED_FACE('',(#8362),#1393,.F.);
#8362 = FACE_BOUND('',#8363,.F.);
#8363 = EDGE_LOOP('',(#8364,#8387,#8414,#8415,#8416,#8417));
#8364 = ORIENTED_EDGE('',*,*,#8365,.T.);
#8365 = EDGE_CURVE('',#1377,#8366,#8368,.T.);
#8366 = VERTEX_POINT('',#8367);
#8367 = CARTESIAN_POINT('',(11.299048216895,-8.174730299493,3.));
#8368 = SEAM_CURVE('',#8369,(#8373,#8380),.PCURVE_S1.);
#8369 = LINE('',#8370,#8371);
#8370 = CARTESIAN_POINT('',(11.449048216895,-8.174730299493,5.));
#8371 = VECTOR('',#8372,1.);
#8372 = DIRECTION('',(-7.478994824163E-02,-1.404399484412E-16,
    -0.997199309888));
#8373 = PCURVE('',#1393,#8374);
#8374 = DEFINITIONAL_REPRESENTATION('',(#8375),#8379);
#8375 = LINE('',#8376,#8377);
#8376 = CARTESIAN_POINT('',(-6.28318530718,0.));
#8377 = VECTOR('',#8378,1.);
#8378 = DIRECTION('',(-0.,-1.));
#8379 = ( GEOMETRIC_REPRESENTATION_CONTEXT(2) 
PARAMETRIC_REPRESENTATION_CONTEXT() REPRESENTATION_CONTEXT('2D SPACE',''
  ) );
#8380 = PCURVE('',#1393,#8381);
#8381 = DEFINITIONAL_REPRESENTATION('',(#8382),#8386);
#8382 = LINE('',#8383,#8384);
#8383 = CARTESIAN_POINT('',(0.,-0.));
#8384 = VECTOR('',#8385,1.);
#8385 = DIRECTION('',(-0.,-1.));
#8386 = ( GEOMETRIC_REPRESENTATION_CONTEXT(2) 
PARAMETRIC_REPRESENTATION_CONTEXT() REPRESENTATION_CONTEXT('2D SPACE',''
  ) );
#8387 = ORIENTED_EDGE('',*,*,#8388,.F.);
#8388 = EDGE_CURVE('',#8366,#8366,#8389,.T.);
#8389 = SURFACE_CURVE('',#8390,(#8395,#8402),.PCURVE_S1.);
#8390 = CIRCLE('',#8391,1.1);
#8391 = AXIS2_PLACEMENT_3D('',#8392,#8393,#8394);
#8392 = CARTESIAN_POINT('',(10.199048216895,-8.174730299493,3.));
#8393 = DIRECTION('',(0.,-1.224646799147E-16,-1.));
#8394 = DIRECTION('',(1.,0.,0.));
#8395 = PCURVE('',#1393,#8396);
#8396 = DEFINITIONAL_REPRESENTATION('',(#8397),#8401);
#8397 = LINE('',#8398,#8399);
#8398 = CARTESIAN_POINT('',(-0.,-2.));
#8399 = VECTOR('',#8400,1.);
#8400 = DIRECTION('',(-1.,-0.));
#8401 = ( GEOMETRIC_REPRESENTATION_CONTEXT(2) 
PARAMETRIC_REPRESENTATION_CONTEXT() REPRESENTATION_CONTEXT('2D SPACE',''
  ) );
#8402 = PCURVE('',#8403,#8408);
#8403 = CYLINDRICAL_SURFACE('',#8404,1.1);
#8404 = AXIS2_PLACEMENT_3D('',#8405,#8406,#8407);
#8405 = CARTESIAN_POINT('',(10.199048216895,-8.174730299493,22.1));
#8406 = DIRECTION('',(-0.,1.224646799147E-16,1.));
#8407 = DIRECTION('',(1.,0.,0.));
#8408 = DEFINITIONAL_REPRESENTATION('',(#8409),#8413);
#8409 = LINE('',#8410,#8411);
#8410 = CARTESIAN_POINT('',(-0.,-19.1));
#8411 = VECTOR('',#8412,1.);
#8412 = DIRECTION('',(-1.,0.));
#8413 = ( GEOMETRIC_REPRESENTATION_CONTEXT(2) 
PARAMETRIC_REPRESENTATION_CONTEXT() REPRESENTATION_CONTEXT('2D SPACE',''
  ) );
#8414 = ORIENTED_EDGE('',*,*,#8365,.F.);
#8415 = ORIENTED_EDGE('',*,*,#1376,.T.);
#8416 = ORIENTED_EDGE('',*,*,#8335,.T.);
#8417 = ORIENTED_EDGE('',*,*,#1405,.T.);
#8418 = ADVANCED_FACE('',(#8419),#1336,.T.);
#8419 = FACE_BOUND('',#8420,.T.);
#8420 = EDGE_LOOP('',(#8421,#8422,#8423,#8446));
#8421 = ORIENTED_EDGE('',*,*,#1320,.F.);
#8422 = ORIENTED_EDGE('',*,*,#8313,.T.);
#8423 = ORIENTED_EDGE('',*,*,#8424,.F.);
#8424 = EDGE_CURVE('',#8425,#8291,#8427,.T.);
#8425 = VERTEX_POINT('',#8426);
#8426 = CARTESIAN_POINT('',(8.4,-10.85418506076,4.));
#8427 = SURFACE_CURVE('',#8428,(#8432,#8439),.PCURVE_S1.);
#8428 = LINE('',#8429,#8430);
#8429 = CARTESIAN_POINT('',(8.4,-3.579571668976,4.));
#8430 = VECTOR('',#8431,1.);
#8431 = DIRECTION('',(-4.807406715959E-16,1.,-1.224646799147E-16));
#8432 = PCURVE('',#1336,#8433);
#8433 = DEFINITIONAL_REPRESENTATION('',(#8434),#8438);
#8434 = LINE('',#8435,#8436);
#8435 = CARTESIAN_POINT('',(-3.579571668976,-1.));
#8436 = VECTOR('',#8437,1.);
#8437 = DIRECTION('',(-1.,0.));
#8438 = ( GEOMETRIC_REPRESENTATION_CONTEXT(2) 
PARAMETRIC_REPRESENTATION_CONTEXT() REPRESENTATION_CONTEXT('2D SPACE',''
  ) );
#8439 = PCURVE('',#5719,#8440);
#8440 = DEFINITIONAL_REPRESENTATION('',(#8441),#8445);
#8441 = LINE('',#8442,#8443);
#8442 = CARTESIAN_POINT('',(18.8,3.579571668976));
#8443 = VECTOR('',#8444,1.);
#8444 = DIRECTION('',(-4.807406715959E-16,-1.));
#8445 = ( GEOMETRIC_REPRESENTATION_CONTEXT(2) 
PARAMETRIC_REPRESENTATION_CONTEXT() REPRESENTATION_CONTEXT('2D SPACE',''
  ) );
#8446 = ORIENTED_EDGE('',*,*,#8447,.F.);
#8447 = EDGE_CURVE('',#1293,#8425,#8448,.T.);
#8448 = SURFACE_CURVE('',#8449,(#8453,#8460),.PCURVE_S1.);
#8449 = LINE('',#8450,#8451);
#8450 = CARTESIAN_POINT('',(8.4,-10.85418506076,5.));
#8451 = VECTOR('',#8452,1.);
#8452 = DIRECTION('',(0.,-1.224646799147E-16,-1.));
#8453 = PCURVE('',#1336,#8454);
#8454 = DEFINITIONAL_REPRESENTATION('',(#8455),#8459);
#8455 = LINE('',#8456,#8457);
#8456 = CARTESIAN_POINT('',(3.695041722814,4.356663178442E-16));
#8457 = VECTOR('',#8458,1.);
#8458 = DIRECTION('',(0.,-1.));
#8459 = ( GEOMETRIC_REPRESENTATION_CONTEXT(2) 
PARAMETRIC_REPRESENTATION_CONTEXT() REPRESENTATION_CONTEXT('2D SPACE',''
  ) );
#8460 = PCURVE('',#1308,#8461);
#8461 = DEFINITIONAL_REPRESENTATION('',(#8462),#8466);
#8462 = LINE('',#8463,#8464);
#8463 = CARTESIAN_POINT('',(0.,0.));
#8464 = VECTOR('',#8465,1.);
#8465 = DIRECTION('',(0.,-1.));
#8466 = ( GEOMETRIC_REPRESENTATION_CONTEXT(2) 
PARAMETRIC_REPRESENTATION_CONTEXT() REPRESENTATION_CONTEXT('2D SPACE',''
  ) );
#8467 = ADVANCED_FACE('',(#8468),#1308,.T.);
#8468 = FACE_BOUND('',#8469,.T.);
#8469 = EDGE_LOOP('',(#8470,#8471,#8472,#8495));
#8470 = ORIENTED_EDGE('',*,*,#1292,.F.);
#8471 = ORIENTED_EDGE('',*,*,#8447,.T.);
#8472 = ORIENTED_EDGE('',*,*,#8473,.F.);
#8473 = EDGE_CURVE('',#8474,#8425,#8476,.T.);
#8474 = VERTEX_POINT('',#8475);
#8475 = CARTESIAN_POINT('',(5.2,-12.70170592217,4.));
#8476 = SURFACE_CURVE('',#8477,(#8481,#8488),.PCURVE_S1.);
#8477 = LINE('',#8478,#8479);
#8478 = CARTESIAN_POINT('',(3.7,-13.56773132595,4.));
#8479 = VECTOR('',#8480,1.);
#8480 = DIRECTION('',(0.866025403784,0.5,-6.123233995737E-17));
#8481 = PCURVE('',#1308,#8482);
#8482 = DEFINITIONAL_REPRESENTATION('',(#8483),#8487);
#8483 = LINE('',#8484,#8485);
#8484 = CARTESIAN_POINT('',(5.427092530382,-1.));
#8485 = VECTOR('',#8486,1.);
#8486 = DIRECTION('',(-1.,0.));
#8487 = ( GEOMETRIC_REPRESENTATION_CONTEXT(2) 
PARAMETRIC_REPRESENTATION_CONTEXT() REPRESENTATION_CONTEXT('2D SPACE',''
  ) );
#8488 = PCURVE('',#5719,#8489);
#8489 = DEFINITIONAL_REPRESENTATION('',(#8490),#8494);
#8490 = LINE('',#8491,#8492);
#8491 = CARTESIAN_POINT('',(14.1,13.567731325956));
#8492 = VECTOR('',#8493,1.);
#8493 = DIRECTION('',(0.866025403784,-0.5));
#8494 = ( GEOMETRIC_REPRESENTATION_CONTEXT(2) 
PARAMETRIC_REPRESENTATION_CONTEXT() REPRESENTATION_CONTEXT('2D SPACE',''
  ) );
#8495 = ORIENTED_EDGE('',*,*,#8496,.F.);
#8496 = EDGE_CURVE('',#1265,#8474,#8497,.T.);
#8497 = SURFACE_CURVE('',#8498,(#8502,#8509),.PCURVE_S1.);
#8498 = LINE('',#8499,#8500);
#8499 = CARTESIAN_POINT('',(5.2,-12.70170592217,5.));
#8500 = VECTOR('',#8501,1.);
#8501 = DIRECTION('',(0.,-1.224646799147E-16,-1.));
#8502 = PCURVE('',#1308,#8503);
#8503 = DEFINITIONAL_REPRESENTATION('',(#8504),#8508);
#8504 = LINE('',#8505,#8506);
#8505 = CARTESIAN_POINT('',(3.695041722814,6.619223687721E-16));
#8506 = VECTOR('',#8507,1.);
#8507 = DIRECTION('',(0.,-1.));
#8508 = ( GEOMETRIC_REPRESENTATION_CONTEXT(2) 
PARAMETRIC_REPRESENTATION_CONTEXT() REPRESENTATION_CONTEXT('2D SPACE',''
  ) );
#8509 = PCURVE('',#1280,#8510);
#8510 = DEFINITIONAL_REPRESENTATION('',(#8511),#8515);
#8511 = LINE('',#8512,#8513);
#8512 = CARTESIAN_POINT('',(0.,0.));
#8513 = VECTOR('',#8514,1.);
#8514 = DIRECTION('',(0.,-1.));
#8515 = ( GEOMETRIC_REPRESENTATION_CONTEXT(2) 
PARAMETRIC_REPRESENTATION_CONTEXT() REPRESENTATION_CONTEXT('2D SPACE',''
  ) );
#8516 = ADVANCED_FACE('',(#8517),#1280,.T.);
#8517 = FACE_BOUND('',#8518,.T.);
#8518 = EDGE_LOOP('',(#8519,#8520,#8521,#8544,#8572,#8600));
#8519 = ORIENTED_EDGE('',*,*,#1264,.F.);
#8520 = ORIENTED_EDGE('',*,*,#8496,.T.);
#8521 = ORIENTED_EDGE('',*,*,#8522,.F.);
#8522 = EDGE_CURVE('',#8523,#8474,#8525,.T.);
#8523 = VERTEX_POINT('',#8524);
#8524 = CARTESIAN_POINT('',(2.6,-11.20059522227,4.));
#8525 = SURFACE_CURVE('',#8526,(#8530,#8537),.PCURVE_S1.);
#8526 = LINE('',#8527,#8528);
#8527 = CARTESIAN_POINT('',(-3.4,-7.736493607141,4.));
#8528 = VECTOR('',#8529,1.);
#8529 = DIRECTION('',(0.866025403784,-0.5,6.123233995737E-17));
#8530 = PCURVE('',#1280,#8531);
#8531 = DEFINITIONAL_REPRESENTATION('',(#8532),#8536);
#8532 = LINE('',#8533,#8534);
#8533 = CARTESIAN_POINT('',(9.930424630062,-1.));
#8534 = VECTOR('',#8535,1.);
#8535 = DIRECTION('',(-1.,0.));
#8536 = ( GEOMETRIC_REPRESENTATION_CONTEXT(2) 
PARAMETRIC_REPRESENTATION_CONTEXT() REPRESENTATION_CONTEXT('2D SPACE',''
  ) );
#8537 = PCURVE('',#5719,#8538);
#8538 = DEFINITIONAL_REPRESENTATION('',(#8539),#8543);
#8539 = LINE('',#8540,#8541);
#8540 = CARTESIAN_POINT('',(7.,7.736493607141));
#8541 = VECTOR('',#8542,1.);
#8542 = DIRECTION('',(0.866025403784,0.5));
#8543 = ( GEOMETRIC_REPRESENTATION_CONTEXT(2) 
PARAMETRIC_REPRESENTATION_CONTEXT() REPRESENTATION_CONTEXT('2D SPACE',''
  ) );
#8544 = ORIENTED_EDGE('',*,*,#8545,.F.);
#8545 = EDGE_CURVE('',#8546,#8523,#8548,.T.);
#8546 = VERTEX_POINT('',#8547);
#8547 = CARTESIAN_POINT('',(2.6,-11.20059522227,5.));
#8548 = SURFACE_CURVE('',#8549,(#8553,#8560),.PCURVE_S1.);
#8549 = LINE('',#8550,#8551);
#8550 = CARTESIAN_POINT('',(2.6,-11.20059522227,5.));
#8551 = VECTOR('',#8552,1.);
#8552 = DIRECTION('',(0.,-1.224646799147E-16,-1.));
#8553 = PCURVE('',#1280,#8554);
#8554 = DEFINITIONAL_REPRESENTATION('',(#8555),#8559);
#8555 = LINE('',#8556,#8557);
#8556 = CARTESIAN_POINT('',(3.002221399786,-7.043453783211E-16));
#8557 = VECTOR('',#8558,1.);
#8558 = DIRECTION('',(0.,-1.));
#8559 = ( GEOMETRIC_REPRESENTATION_CONTEXT(2) 
PARAMETRIC_REPRESENTATION_CONTEXT() REPRESENTATION_CONTEXT('2D SPACE',''
  ) );
#8560 = PCURVE('',#8561,#8566);
#8561 = PLANE('',#8562);
#8562 = AXIS2_PLACEMENT_3D('',#8563,#8564,#8565);
#8563 = CARTESIAN_POINT('',(3.2,-10.85418506076,5.));
#8564 = DIRECTION('',(-0.5,0.866025403784,-1.060575238725E-16));
#8565 = DIRECTION('',(-0.866025403784,-0.5,6.123233995737E-17));
#8566 = DEFINITIONAL_REPRESENTATION('',(#8567),#8571);
#8567 = LINE('',#8568,#8569);
#8568 = CARTESIAN_POINT('',(0.692820323028,-4.2423009549E-17));
#8569 = VECTOR('',#8570,1.);
#8570 = DIRECTION('',(0.,-1.));
#8571 = ( GEOMETRIC_REPRESENTATION_CONTEXT(2) 
PARAMETRIC_REPRESENTATION_CONTEXT() REPRESENTATION_CONTEXT('2D SPACE',''
  ) );
#8572 = ORIENTED_EDGE('',*,*,#8573,.F.);
#8573 = EDGE_CURVE('',#8574,#8546,#8576,.T.);
#8574 = VERTEX_POINT('',#8575);
#8575 = CARTESIAN_POINT('',(2.908402059581,-11.37865123439,5.));
#8576 = SURFACE_CURVE('',#8577,(#8581,#8588),.PCURVE_S1.);
#8577 = LINE('',#8578,#8579);
#8578 = CARTESIAN_POINT('',(5.2,-12.70170592217,5.));
#8579 = VECTOR('',#8580,1.);
#8580 = DIRECTION('',(-0.866025403784,0.5,-6.123233995737E-17));
#8581 = PCURVE('',#1280,#8582);
#8582 = DEFINITIONAL_REPRESENTATION('',(#8583),#8587);
#8583 = LINE('',#8584,#8585);
#8584 = CARTESIAN_POINT('',(0.,0.));
#8585 = VECTOR('',#8586,1.);
#8586 = DIRECTION('',(1.,0.));
#8587 = ( GEOMETRIC_REPRESENTATION_CONTEXT(2) 
PARAMETRIC_REPRESENTATION_CONTEXT() REPRESENTATION_CONTEXT('2D SPACE',''
  ) );
#8588 = PCURVE('',#8589,#8594);
#8589 = PLANE('',#8590);
#8590 = AXIS2_PLACEMENT_3D('',#8591,#8592,#8593);
#8591 = CARTESIAN_POINT('',(-10.4,1.631438850498E-16,5.));
#8592 = DIRECTION('',(0.,-1.224646799147E-16,-1.));
#8593 = DIRECTION('',(1.,0.,0.));
#8594 = DEFINITIONAL_REPRESENTATION('',(#8595),#8599);
#8595 = LINE('',#8596,#8597);
#8596 = CARTESIAN_POINT('',(15.6,12.701705922172));
#8597 = VECTOR('',#8598,1.);
#8598 = DIRECTION('',(-0.866025403784,-0.5));
#8599 = ( GEOMETRIC_REPRESENTATION_CONTEXT(2) 
PARAMETRIC_REPRESENTATION_CONTEXT() REPRESENTATION_CONTEXT('2D SPACE',''
  ) );
#8600 = ORIENTED_EDGE('',*,*,#8601,.T.);
#8601 = EDGE_CURVE('',#8574,#1241,#8602,.T.);
#8602 = SURFACE_CURVE('',#8603,(#8608,#8615),.PCURVE_S1.);
#8603 = HYPERBOLA('',#8604,16.279191007605,1.22093932557);
#8604 = AXIS2_PLACEMENT_3D('',#8605,#8606,#8607);
#8605 = CARTESIAN_POINT('',(3.140469662785,-11.51263552757,
    -11.66666666666));
#8606 = DIRECTION('',(0.5,0.866025403784,-1.060575238725E-16));
#8607 = DIRECTION('',(0.,1.224646799147E-16,1.));
#8608 = PCURVE('',#1280,#8609);
#8609 = DEFINITIONAL_REPRESENTATION('',(#8610),#8614);
#8610 = HYPERBOLA('',#8611,16.279191007605,1.22093932557);
#8611 = AXIS2_PLACEMENT_2D('',#8612,#8613);
#8612 = CARTESIAN_POINT('',(2.37814078919,-16.66666666666));
#8613 = DIRECTION('',(0.,1.));
#8614 = ( GEOMETRIC_REPRESENTATION_CONTEXT(2) 
PARAMETRIC_REPRESENTATION_CONTEXT() REPRESENTATION_CONTEXT('2D SPACE',''
  ) );
#8615 = PCURVE('',#1228,#8616);
#8616 = DEFINITIONAL_REPRESENTATION('',(#8617),#8625);
#8617 = B_SPLINE_CURVE_WITH_KNOTS('',6,(#8618,#8619,#8620,#8621,#8622,
    #8623,#8624),.UNSPECIFIED.,.F.,.F.,(7,7),(-0.217752483175,
    0.217752483175),.PIECEWISE_BEZIER_KNOTS.);
#8618 = CARTESIAN_POINT('',(-5.019935981356,9.290268989157E-15));
#8619 = CARTESIAN_POINT('',(-5.090832666676,-0.259337000413));
#8620 = CARTESIAN_POINT('',(-5.163052954992,-0.413304793197));
#8621 = CARTESIAN_POINT('',(-5.235987755983,-0.464362719131));
#8622 = CARTESIAN_POINT('',(-5.308922556974,-0.413304793197));
#8623 = CARTESIAN_POINT('',(-5.38114284529,-0.259337000413));
#8624 = CARTESIAN_POINT('',(-5.45203953061,2.224586097819E-15));
#8625 = ( GEOMETRIC_REPRESENTATION_CONTEXT(2) 
PARAMETRIC_REPRESENTATION_CONTEXT() REPRESENTATION_CONTEXT('2D SPACE',''
  ) );
#8626 = ADVANCED_FACE('',(#8627),#1228,.F.);
#8627 = FACE_BOUND('',#8628,.F.);
#8628 = EDGE_LOOP('',(#8629,#8652,#8679,#8680,#8681,#8708,#8732,#8759,
    #8781,#8782));
#8629 = ORIENTED_EDGE('',*,*,#8630,.T.);
#8630 = EDGE_CURVE('',#1212,#8631,#8633,.T.);
#8631 = VERTEX_POINT('',#8632);
#8632 = CARTESIAN_POINT('',(3.63,-12.57,3.));
#8633 = SEAM_CURVE('',#8634,(#8638,#8645),.PCURVE_S1.);
#8634 = LINE('',#8635,#8636);
#8635 = CARTESIAN_POINT('',(3.78,-12.57,5.));
#8636 = VECTOR('',#8637,1.);
#8637 = DIRECTION('',(-7.478994824163E-02,-1.404399484412E-16,
    -0.997199309888));
#8638 = PCURVE('',#1228,#8639);
#8639 = DEFINITIONAL_REPRESENTATION('',(#8640),#8644);
#8640 = LINE('',#8641,#8642);
#8641 = CARTESIAN_POINT('',(-6.28318530718,0.));
#8642 = VECTOR('',#8643,1.);
#8643 = DIRECTION('',(-0.,-1.));
#8644 = ( GEOMETRIC_REPRESENTATION_CONTEXT(2) 
PARAMETRIC_REPRESENTATION_CONTEXT() REPRESENTATION_CONTEXT('2D SPACE',''
  ) );
#8645 = PCURVE('',#1228,#8646);
#8646 = DEFINITIONAL_REPRESENTATION('',(#8647),#8651);
#8647 = LINE('',#8648,#8649);
#8648 = CARTESIAN_POINT('',(0.,-0.));
#8649 = VECTOR('',#8650,1.);
#8650 = DIRECTION('',(-0.,-1.));
#8651 = ( GEOMETRIC_REPRESENTATION_CONTEXT(2) 
PARAMETRIC_REPRESENTATION_CONTEXT() REPRESENTATION_CONTEXT('2D SPACE',''
  ) );
#8652 = ORIENTED_EDGE('',*,*,#8653,.F.);
#8653 = EDGE_CURVE('',#8631,#8631,#8654,.T.);
#8654 = SURFACE_CURVE('',#8655,(#8660,#8667),.PCURVE_S1.);
#8655 = CIRCLE('',#8656,1.1);
#8656 = AXIS2_PLACEMENT_3D('',#8657,#8658,#8659);
#8657 = CARTESIAN_POINT('',(2.53,-12.57,3.));
#8658 = DIRECTION('',(0.,-1.224646799147E-16,-1.));
#8659 = DIRECTION('',(1.,0.,0.));
#8660 = PCURVE('',#1228,#8661);
#8661 = DEFINITIONAL_REPRESENTATION('',(#8662),#8666);
#8662 = LINE('',#8663,#8664);
#8663 = CARTESIAN_POINT('',(-0.,-2.));
#8664 = VECTOR('',#8665,1.);
#8665 = DIRECTION('',(-1.,-0.));
#8666 = ( GEOMETRIC_REPRESENTATION_CONTEXT(2) 
PARAMETRIC_REPRESENTATION_CONTEXT() REPRESENTATION_CONTEXT('2D SPACE',''
  ) );
#8667 = PCURVE('',#8668,#8673);
#8668 = CYLINDRICAL_SURFACE('',#8669,1.1);
#8669 = AXIS2_PLACEMENT_3D('',#8670,#8671,#8672);
#8670 = CARTESIAN_POINT('',(2.53,-12.57,22.1));
#8671 = DIRECTION('',(-0.,1.224646799147E-16,1.));
#8672 = DIRECTION('',(1.,0.,0.));
#8673 = DEFINITIONAL_REPRESENTATION('',(#8674),#8678);
#8674 = LINE('',#8675,#8676);
#8675 = CARTESIAN_POINT('',(-0.,-19.1));
#8676 = VECTOR('',#8677,1.);
#8677 = DIRECTION('',(-1.,0.));
#8678 = ( GEOMETRIC_REPRESENTATION_CONTEXT(2) 
PARAMETRIC_REPRESENTATION_CONTEXT() REPRESENTATION_CONTEXT('2D SPACE',''
  ) );
#8679 = ORIENTED_EDGE('',*,*,#8630,.F.);
#8680 = ORIENTED_EDGE('',*,*,#1211,.T.);
#8681 = ORIENTED_EDGE('',*,*,#8682,.T.);
#8682 = EDGE_CURVE('',#1184,#8683,#8685,.T.);
#8683 = VERTEX_POINT('',#8684);
#8684 = CARTESIAN_POINT('',(1.749657811869,-11.6915405135,4.));
#8685 = SURFACE_CURVE('',#8686,(#8691,#8701),.PCURVE_S1.);
#8686 = HYPERBOLA('',#8687,15.345857674272,1.15093932557);
#8687 = AXIS2_PLACEMENT_3D('',#8688,#8689,#8690);
#8688 = CARTESIAN_POINT('',(1.954530337215,-11.57325730584,
    -11.66666666666));
#8689 = DIRECTION('',(-0.5,0.866025403784,-1.060575238725E-16));
#8690 = DIRECTION('',(0.,1.224646799147E-16,1.));
#8691 = PCURVE('',#1228,#8692);
#8692 = DEFINITIONAL_REPRESENTATION('',(#8693),#8700);
#8693 = B_SPLINE_CURVE_WITH_KNOTS('',5,(#8694,#8695,#8696,#8697,#8698,
    #8699),.UNSPECIFIED.,.F.,.F.,(6,6),(-0.411976539493,-0.169437061838)
  ,.PIECEWISE_BEZIER_KNOTS.);
#8694 = CARTESIAN_POINT('',(-3.78799608924,-4.940457959177E-15));
#8695 = CARTESIAN_POINT('',(-3.832659804894,-0.315422306352));
#8696 = CARTESIAN_POINT('',(-3.878380035804,-0.581823547));
#8697 = CARTESIAN_POINT('',(-3.925005015856,-0.800749304099));
#8698 = CARTESIAN_POINT('',(-3.972338274015,-0.973267486832));
#8699 = CARTESIAN_POINT('',(-4.020158098056,-1.1));
#8700 = ( GEOMETRIC_REPRESENTATION_CONTEXT(2) 
PARAMETRIC_REPRESENTATION_CONTEXT() REPRESENTATION_CONTEXT('2D SPACE',''
  ) );
#8701 = PCURVE('',#1199,#8702);
#8702 = DEFINITIONAL_REPRESENTATION('',(#8703),#8707);
#8703 = HYPERBOLA('',#8704,15.345857674272,1.15093932557);
#8704 = AXIS2_PLACEMENT_2D('',#8705,#8706);
#8705 = CARTESIAN_POINT('',(1.438144490153,-16.66666666666));
#8706 = DIRECTION('',(-1.232595164408E-32,1.));
#8707 = ( GEOMETRIC_REPRESENTATION_CONTEXT(2) 
PARAMETRIC_REPRESENTATION_CONTEXT() REPRESENTATION_CONTEXT('2D SPACE',''
  ) );
#8708 = ORIENTED_EDGE('',*,*,#8709,.T.);
#8709 = EDGE_CURVE('',#8683,#8710,#8712,.T.);
#8710 = VERTEX_POINT('',#8711);
#8711 = CARTESIAN_POINT('',(2.159402862561,-11.45497409818,4.));
#8712 = SURFACE_CURVE('',#8713,(#8718,#8725),.PCURVE_S1.);
#8713 = CIRCLE('',#8714,1.175);
#8714 = AXIS2_PLACEMENT_3D('',#8715,#8716,#8717);
#8715 = CARTESIAN_POINT('',(2.53,-12.57,4.));
#8716 = DIRECTION('',(0.,-1.224646799147E-16,-1.));
#8717 = DIRECTION('',(1.,0.,0.));
#8718 = PCURVE('',#1228,#8719);
#8719 = DEFINITIONAL_REPRESENTATION('',(#8720),#8724);
#8720 = LINE('',#8721,#8722);
#8721 = CARTESIAN_POINT('',(-0.,-1.));
#8722 = VECTOR('',#8723,1.);
#8723 = DIRECTION('',(-1.,-0.));
#8724 = ( GEOMETRIC_REPRESENTATION_CONTEXT(2) 
PARAMETRIC_REPRESENTATION_CONTEXT() REPRESENTATION_CONTEXT('2D SPACE',''
  ) );
#8725 = PCURVE('',#5719,#8726);
#8726 = DEFINITIONAL_REPRESENTATION('',(#8727),#8731);
#8727 = CIRCLE('',#8728,1.175);
#8728 = AXIS2_PLACEMENT_2D('',#8729,#8730);
#8729 = CARTESIAN_POINT('',(12.93,12.57));
#8730 = DIRECTION('',(1.,0.));
#8731 = ( GEOMETRIC_REPRESENTATION_CONTEXT(2) 
PARAMETRIC_REPRESENTATION_CONTEXT() REPRESENTATION_CONTEXT('2D SPACE',''
  ) );
#8732 = ORIENTED_EDGE('',*,*,#8733,.T.);
#8733 = EDGE_CURVE('',#8710,#8734,#8736,.T.);
#8734 = VERTEX_POINT('',#8735);
#8735 = CARTESIAN_POINT('',(2.376879720595,-11.32941377565,5.));
#8736 = SURFACE_CURVE('',#8737,(#8742,#8752),.PCURVE_S1.);
#8737 = HYPERBOLA('',#8738,15.345857674272,1.15093932557);
#8738 = AXIS2_PLACEMENT_3D('',#8739,#8740,#8741);
#8739 = CARTESIAN_POINT('',(1.954530337215,-11.57325730584,
    -11.66666666666));
#8740 = DIRECTION('',(-0.5,0.866025403784,-1.060575238725E-16));
#8741 = DIRECTION('',(0.,1.224646799147E-16,1.));
#8742 = PCURVE('',#1228,#8743);
#8743 = DEFINITIONAL_REPRESENTATION('',(#8744),#8751);
#8744 = B_SPLINE_CURVE_WITH_KNOTS('',5,(#8745,#8746,#8747,#8748,#8749,
    #8750),.UNSPECIFIED.,.F.,.F.,(6,6),(0.169437061838,0.411976539493),
  .PIECEWISE_BEZIER_KNOTS.);
#8745 = CARTESIAN_POINT('',(-4.357422311517,-1.1));
#8746 = CARTESIAN_POINT('',(-4.405242135558,-0.973267486832));
#8747 = CARTESIAN_POINT('',(-4.452575393717,-0.800749304099));
#8748 = CARTESIAN_POINT('',(-4.499200373769,-0.581823547));
#8749 = CARTESIAN_POINT('',(-4.544920604679,-0.315422306352));
#8750 = CARTESIAN_POINT('',(-4.589584320333,-1.357935930679E-15));
#8751 = ( GEOMETRIC_REPRESENTATION_CONTEXT(2) 
PARAMETRIC_REPRESENTATION_CONTEXT() REPRESENTATION_CONTEXT('2D SPACE',''
  ) );
#8752 = PCURVE('',#8561,#8753);
#8753 = DEFINITIONAL_REPRESENTATION('',(#8754),#8758);
#8754 = HYPERBOLA('',#8755,15.345857674272,1.15093932557);
#8755 = AXIS2_PLACEMENT_2D('',#8756,#8757);
#8756 = CARTESIAN_POINT('',(1.438144490153,-16.66666666666));
#8757 = DIRECTION('',(-1.232595164408E-32,1.));
#8758 = ( GEOMETRIC_REPRESENTATION_CONTEXT(2) 
PARAMETRIC_REPRESENTATION_CONTEXT() REPRESENTATION_CONTEXT('2D SPACE',''
  ) );
#8759 = ORIENTED_EDGE('',*,*,#8760,.T.);
#8760 = EDGE_CURVE('',#8734,#8574,#8761,.T.);
#8761 = SURFACE_CURVE('',#8762,(#8767,#8774),.PCURVE_S1.);
#8762 = CIRCLE('',#8763,1.25);
#8763 = AXIS2_PLACEMENT_3D('',#8764,#8765,#8766);
#8764 = CARTESIAN_POINT('',(2.53,-12.57,5.));
#8765 = DIRECTION('',(0.,-1.224646799147E-16,-1.));
#8766 = DIRECTION('',(1.,0.,0.));
#8767 = PCURVE('',#1228,#8768);
#8768 = DEFINITIONAL_REPRESENTATION('',(#8769),#8773);
#8769 = LINE('',#8770,#8771);
#8770 = CARTESIAN_POINT('',(-0.,-0.));
#8771 = VECTOR('',#8772,1.);
#8772 = DIRECTION('',(-1.,-0.));
#8773 = ( GEOMETRIC_REPRESENTATION_CONTEXT(2) 
PARAMETRIC_REPRESENTATION_CONTEXT() REPRESENTATION_CONTEXT('2D SPACE',''
  ) );
#8774 = PCURVE('',#8589,#8775);
#8775 = DEFINITIONAL_REPRESENTATION('',(#8776),#8780);
#8776 = CIRCLE('',#8777,1.25);
#8777 = AXIS2_PLACEMENT_2D('',#8778,#8779);
#8778 = CARTESIAN_POINT('',(12.93,12.57));
#8779 = DIRECTION('',(1.,0.));
#8780 = ( GEOMETRIC_REPRESENTATION_CONTEXT(2) 
PARAMETRIC_REPRESENTATION_CONTEXT() REPRESENTATION_CONTEXT('2D SPACE',''
  ) );
#8781 = ORIENTED_EDGE('',*,*,#8601,.T.);
#8782 = ORIENTED_EDGE('',*,*,#1240,.T.);
#8783 = ADVANCED_FACE('',(#8784),#1199,.T.);
#8784 = FACE_BOUND('',#8785,.T.);
#8785 = EDGE_LOOP('',(#8786,#8787,#8788,#8811));
#8786 = ORIENTED_EDGE('',*,*,#1183,.F.);
#8787 = ORIENTED_EDGE('',*,*,#8682,.T.);
#8788 = ORIENTED_EDGE('',*,*,#8789,.F.);
#8789 = EDGE_CURVE('',#8790,#8683,#8792,.T.);
#8790 = VERTEX_POINT('',#8791);
#8791 = CARTESIAN_POINT('',(2.26256050928E-16,-12.70170592217,4.));
#8792 = SURFACE_CURVE('',#8793,(#8797,#8804),.PCURVE_S1.);
#8793 = LINE('',#8794,#8795);
#8794 = CARTESIAN_POINT('',(0.45,-12.44189830103,4.));
#8795 = VECTOR('',#8796,1.);
#8796 = DIRECTION('',(0.866025403784,0.5,-6.123233995737E-17));
#8797 = PCURVE('',#1199,#8798);
#8798 = DEFINITIONAL_REPRESENTATION('',(#8799),#8803);
#8799 = LINE('',#8800,#8801);
#8800 = CARTESIAN_POINT('',(3.175426480543,-1.));
#8801 = VECTOR('',#8802,1.);
#8802 = DIRECTION('',(-1.,0.));
#8803 = ( GEOMETRIC_REPRESENTATION_CONTEXT(2) 
PARAMETRIC_REPRESENTATION_CONTEXT() REPRESENTATION_CONTEXT('2D SPACE',''
  ) );
#8804 = PCURVE('',#5719,#8805);
#8805 = DEFINITIONAL_REPRESENTATION('',(#8806),#8810);
#8806 = LINE('',#8807,#8808);
#8807 = CARTESIAN_POINT('',(10.85,12.441898301036));
#8808 = VECTOR('',#8809,1.);
#8809 = DIRECTION('',(0.866025403784,-0.5));
#8810 = ( GEOMETRIC_REPRESENTATION_CONTEXT(2) 
PARAMETRIC_REPRESENTATION_CONTEXT() REPRESENTATION_CONTEXT('2D SPACE',''
  ) );
#8811 = ORIENTED_EDGE('',*,*,#8812,.F.);
#8812 = EDGE_CURVE('',#1161,#8790,#8813,.T.);
#8813 = SURFACE_CURVE('',#8814,(#8818,#8825),.PCURVE_S1.);
#8814 = LINE('',#8815,#8816);
#8815 = CARTESIAN_POINT('',(2.26256050928E-16,-12.70170592217,5.));
#8816 = VECTOR('',#8817,1.);
#8817 = DIRECTION('',(0.,-1.224646799147E-16,-1.));
#8818 = PCURVE('',#1199,#8819);
#8819 = DEFINITIONAL_REPRESENTATION('',(#8820),#8824);
#8820 = LINE('',#8821,#8822);
#8821 = CARTESIAN_POINT('',(3.695041722814,6.619223687721E-16));
#8822 = VECTOR('',#8823,1.);
#8823 = DIRECTION('',(0.,-1.));
#8824 = ( GEOMETRIC_REPRESENTATION_CONTEXT(2) 
PARAMETRIC_REPRESENTATION_CONTEXT() REPRESENTATION_CONTEXT('2D SPACE',''
  ) );
#8825 = PCURVE('',#1095,#8826);
#8826 = DEFINITIONAL_REPRESENTATION('',(#8827),#8831);
#8827 = LINE('',#8828,#8829);
#8828 = CARTESIAN_POINT('',(0.,0.));
#8829 = VECTOR('',#8830,1.);
#8830 = DIRECTION('',(0.,-1.));
#8831 = ( GEOMETRIC_REPRESENTATION_CONTEXT(2) 
PARAMETRIC_REPRESENTATION_CONTEXT() REPRESENTATION_CONTEXT('2D SPACE',''
  ) );
#8832 = ADVANCED_FACE('',(#8833),#1095,.T.);
#8833 = FACE_BOUND('',#8834,.T.);
#8834 = EDGE_LOOP('',(#8835,#8836,#8837,#8860,#8881,#8882));
#8835 = ORIENTED_EDGE('',*,*,#1160,.F.);
#8836 = ORIENTED_EDGE('',*,*,#8812,.T.);
#8837 = ORIENTED_EDGE('',*,*,#8838,.F.);
#8838 = EDGE_CURVE('',#8839,#8790,#8841,.T.);
#8839 = VERTEX_POINT('',#8840);
#8840 = CARTESIAN_POINT('',(-2.6,-11.20059522227,4.));
#8841 = SURFACE_CURVE('',#8842,(#8846,#8853),.PCURVE_S1.);
#8842 = LINE('',#8843,#8844);
#8843 = CARTESIAN_POINT('',(-6.65,-8.862326632061,4.));
#8844 = VECTOR('',#8845,1.);
#8845 = DIRECTION('',(0.866025403784,-0.5,6.123233995737E-17));
#8846 = PCURVE('',#1095,#8847);
#8847 = DEFINITIONAL_REPRESENTATION('',(#8848),#8852);
#8848 = LINE('',#8849,#8850);
#8849 = CARTESIAN_POINT('',(7.678758580222,-1.));
#8850 = VECTOR('',#8851,1.);
#8851 = DIRECTION('',(-1.,0.));
#8852 = ( GEOMETRIC_REPRESENTATION_CONTEXT(2) 
PARAMETRIC_REPRESENTATION_CONTEXT() REPRESENTATION_CONTEXT('2D SPACE',''
  ) );
#8853 = PCURVE('',#5719,#8854);
#8854 = DEFINITIONAL_REPRESENTATION('',(#8855),#8859);
#8855 = LINE('',#8856,#8857);
#8856 = CARTESIAN_POINT('',(3.75,8.862326632061));
#8857 = VECTOR('',#8858,1.);
#8858 = DIRECTION('',(0.866025403784,0.5));
#8859 = ( GEOMETRIC_REPRESENTATION_CONTEXT(2) 
PARAMETRIC_REPRESENTATION_CONTEXT() REPRESENTATION_CONTEXT('2D SPACE',''
  ) );
#8860 = ORIENTED_EDGE('',*,*,#8861,.F.);
#8861 = EDGE_CURVE('',#1052,#8839,#8862,.T.);
#8862 = SURFACE_CURVE('',#8863,(#8867,#8874),.PCURVE_S1.);
#8863 = LINE('',#8864,#8865);
#8864 = CARTESIAN_POINT('',(-2.6,-11.20059522227,5.));
#8865 = VECTOR('',#8866,1.);
#8866 = DIRECTION('',(0.,-1.224646799147E-16,-1.));
#8867 = PCURVE('',#1095,#8868);
#8868 = DEFINITIONAL_REPRESENTATION('',(#8869),#8873);
#8869 = LINE('',#8870,#8871);
#8870 = CARTESIAN_POINT('',(3.002221399786,-7.043453783211E-16));
#8871 = VECTOR('',#8872,1.);
#8872 = DIRECTION('',(0.,-1.));
#8873 = ( GEOMETRIC_REPRESENTATION_CONTEXT(2) 
PARAMETRIC_REPRESENTATION_CONTEXT() REPRESENTATION_CONTEXT('2D SPACE',''
  ) );
#8874 = PCURVE('',#1067,#8875);
#8875 = DEFINITIONAL_REPRESENTATION('',(#8876),#8880);
#8876 = LINE('',#8877,#8878);
#8877 = CARTESIAN_POINT('',(0.692820323028,-4.2423009549E-17));
#8878 = VECTOR('',#8879,1.);
#8879 = DIRECTION('',(0.,-1.));
#8880 = ( GEOMETRIC_REPRESENTATION_CONTEXT(2) 
PARAMETRIC_REPRESENTATION_CONTEXT() REPRESENTATION_CONTEXT('2D SPACE',''
  ) );
#8881 = ORIENTED_EDGE('',*,*,#1079,.F.);
#8882 = ORIENTED_EDGE('',*,*,#8883,.T.);
#8883 = EDGE_CURVE('',#1080,#1137,#8884,.T.);
#8884 = SURFACE_CURVE('',#8885,(#8890,#8897),.PCURVE_S1.);
#8885 = HYPERBOLA('',#8886,15.720642891933,1.179048216895);
#8886 = AXIS2_PLACEMENT_3D('',#8887,#8888,#8889);
#8887 = CARTESIAN_POINT('',(-1.390475891553,-11.89891429188,
    -11.66666666666));
#8888 = DIRECTION('',(0.5,0.866025403784,-1.060575238725E-16));
#8889 = DIRECTION('',(0.,1.224646799147E-16,1.));
#8890 = PCURVE('',#1095,#8891);
#8891 = DEFINITIONAL_REPRESENTATION('',(#8892),#8896);
#8892 = HYPERBOLA('',#8893,15.720642891933,1.179048216895);
#8893 = AXIS2_PLACEMENT_2D('',#8894,#8895);
#8894 = CARTESIAN_POINT('',(1.605583260579,-16.66666666666));
#8895 = DIRECTION('',(0.,1.));
#8896 = ( GEOMETRIC_REPRESENTATION_CONTEXT(2) 
PARAMETRIC_REPRESENTATION_CONTEXT() REPRESENTATION_CONTEXT('2D SPACE',''
  ) );
#8897 = PCURVE('',#1124,#8898);
#8898 = DEFINITIONAL_REPRESENTATION('',(#8899),#8908);
#8899 = B_SPLINE_CURVE_WITH_KNOTS('',7,(#8900,#8901,#8902,#8903,#8904,
    #8905,#8906,#8907),.UNSPECIFIED.,.F.,.F.,(8,8),(-0.345204639821,
    0.345204639821),.PIECEWISE_BEZIER_KNOTS.);
#8900 = CARTESIAN_POINT('',(-4.89744179956,1.64221926576E-14));
#8901 = CARTESIAN_POINT('',(-4.990473322999,-0.545942672757));
#8902 = CARTESIAN_POINT('',(-5.087060199667,-0.902732609157));
#8903 = CARTESIAN_POINT('',(-5.186049682791,-1.079043948982));
#8904 = CARTESIAN_POINT('',(-5.285925829174,-1.079043948983));
#8905 = CARTESIAN_POINT('',(-5.384915312298,-0.902732609157));
#8906 = CARTESIAN_POINT('',(-5.481502188967,-0.545942672757));
#8907 = CARTESIAN_POINT('',(-5.574533712406,2.00047146861E-14));
#8908 = ( GEOMETRIC_REPRESENTATION_CONTEXT(2) 
PARAMETRIC_REPRESENTATION_CONTEXT() REPRESENTATION_CONTEXT('2D SPACE',''
  ) );
#8909 = ADVANCED_FACE('',(#8910),#1124,.F.);
#8910 = FACE_BOUND('',#8911,.F.);
#8911 = EDGE_LOOP('',(#8912,#8935,#8962,#8963,#8964,#8965));
#8912 = ORIENTED_EDGE('',*,*,#8913,.T.);
#8913 = EDGE_CURVE('',#1108,#8914,#8916,.T.);
#8914 = VERTEX_POINT('',#8915);
#8915 = CARTESIAN_POINT('',(-0.88,-12.92,3.));
#8916 = SEAM_CURVE('',#8917,(#8921,#8928),.PCURVE_S1.);
#8917 = LINE('',#8918,#8919);
#8918 = CARTESIAN_POINT('',(-0.73,-12.92,5.));
#8919 = VECTOR('',#8920,1.);
#8920 = DIRECTION('',(-7.478994824163E-02,-1.404399484412E-16,
    -0.997199309888));
#8921 = PCURVE('',#1124,#8922);
#8922 = DEFINITIONAL_REPRESENTATION('',(#8923),#8927);
#8923 = LINE('',#8924,#8925);
#8924 = CARTESIAN_POINT('',(-6.28318530718,0.));
#8925 = VECTOR('',#8926,1.);
#8926 = DIRECTION('',(-0.,-1.));
#8927 = ( GEOMETRIC_REPRESENTATION_CONTEXT(2) 
PARAMETRIC_REPRESENTATION_CONTEXT() REPRESENTATION_CONTEXT('2D SPACE',''
  ) );
#8928 = PCURVE('',#1124,#8929);
#8929 = DEFINITIONAL_REPRESENTATION('',(#8930),#8934);
#8930 = LINE('',#8931,#8932);
#8931 = CARTESIAN_POINT('',(0.,-0.));
#8932 = VECTOR('',#8933,1.);
#8933 = DIRECTION('',(-0.,-1.));
#8934 = ( GEOMETRIC_REPRESENTATION_CONTEXT(2) 
PARAMETRIC_REPRESENTATION_CONTEXT() REPRESENTATION_CONTEXT('2D SPACE',''
  ) );
#8935 = ORIENTED_EDGE('',*,*,#8936,.F.);
#8936 = EDGE_CURVE('',#8914,#8914,#8937,.T.);
#8937 = SURFACE_CURVE('',#8938,(#8943,#8950),.PCURVE_S1.);
#8938 = CIRCLE('',#8939,1.1);
#8939 = AXIS2_PLACEMENT_3D('',#8940,#8941,#8942);
#8940 = CARTESIAN_POINT('',(-1.98,-12.92,3.));
#8941 = DIRECTION('',(0.,-1.224646799147E-16,-1.));
#8942 = DIRECTION('',(1.,0.,0.));
#8943 = PCURVE('',#1124,#8944);
#8944 = DEFINITIONAL_REPRESENTATION('',(#8945),#8949);
#8945 = LINE('',#8946,#8947);
#8946 = CARTESIAN_POINT('',(-0.,-2.));
#8947 = VECTOR('',#8948,1.);
#8948 = DIRECTION('',(-1.,-0.));
#8949 = ( GEOMETRIC_REPRESENTATION_CONTEXT(2) 
PARAMETRIC_REPRESENTATION_CONTEXT() REPRESENTATION_CONTEXT('2D SPACE',''
  ) );
#8950 = PCURVE('',#8951,#8956);
#8951 = CYLINDRICAL_SURFACE('',#8952,1.1);
#8952 = AXIS2_PLACEMENT_3D('',#8953,#8954,#8955);
#8953 = CARTESIAN_POINT('',(-1.98,-12.92,22.1));
#8954 = DIRECTION('',(-0.,1.224646799147E-16,1.));
#8955 = DIRECTION('',(1.,0.,0.));
#8956 = DEFINITIONAL_REPRESENTATION('',(#8957),#8961);
#8957 = LINE('',#8958,#8959);
#8958 = CARTESIAN_POINT('',(-0.,-19.1));
#8959 = VECTOR('',#8960,1.);
#8960 = DIRECTION('',(-1.,0.));
#8961 = ( GEOMETRIC_REPRESENTATION_CONTEXT(2) 
PARAMETRIC_REPRESENTATION_CONTEXT() REPRESENTATION_CONTEXT('2D SPACE',''
  ) );
#8962 = ORIENTED_EDGE('',*,*,#8913,.F.);
#8963 = ORIENTED_EDGE('',*,*,#1107,.T.);
#8964 = ORIENTED_EDGE('',*,*,#8883,.T.);
#8965 = ORIENTED_EDGE('',*,*,#1136,.T.);
#8966 = ADVANCED_FACE('',(#8967),#1067,.T.);
#8967 = FACE_BOUND('',#8968,.T.);
#8968 = EDGE_LOOP('',(#8969,#8970,#8971,#8994));
#8969 = ORIENTED_EDGE('',*,*,#1051,.F.);
#8970 = ORIENTED_EDGE('',*,*,#8861,.T.);
#8971 = ORIENTED_EDGE('',*,*,#8972,.F.);
#8972 = EDGE_CURVE('',#8973,#8839,#8975,.T.);
#8973 = VERTEX_POINT('',#8974);
#8974 = CARTESIAN_POINT('',(-5.2,-12.70170592217,4.));
#8975 = SURFACE_CURVE('',#8976,(#8980,#8987),.PCURVE_S1.);
#8976 = LINE('',#8977,#8978);
#8977 = CARTESIAN_POINT('',(-2.8,-11.31606527611,4.));
#8978 = VECTOR('',#8979,1.);
#8979 = DIRECTION('',(0.866025403784,0.5,-6.123233995737E-17));
#8980 = PCURVE('',#1067,#8981);
#8981 = DEFINITIONAL_REPRESENTATION('',(#8982),#8986);
#8982 = LINE('',#8983,#8984);
#8983 = CARTESIAN_POINT('',(0.923760430703,-1.));
#8984 = VECTOR('',#8985,1.);
#8985 = DIRECTION('',(-1.,0.));
#8986 = ( GEOMETRIC_REPRESENTATION_CONTEXT(2) 
PARAMETRIC_REPRESENTATION_CONTEXT() REPRESENTATION_CONTEXT('2D SPACE',''
  ) );
#8987 = PCURVE('',#5719,#8988);
#8988 = DEFINITIONAL_REPRESENTATION('',(#8989),#8993);
#8989 = LINE('',#8990,#8991);
#8990 = CARTESIAN_POINT('',(7.6,11.316065276117));
#8991 = VECTOR('',#8992,1.);
#8992 = DIRECTION('',(0.866025403784,-0.5));
#8993 = ( GEOMETRIC_REPRESENTATION_CONTEXT(2) 
PARAMETRIC_REPRESENTATION_CONTEXT() REPRESENTATION_CONTEXT('2D SPACE',''
  ) );
#8994 = ORIENTED_EDGE('',*,*,#8995,.F.);
#8995 = EDGE_CURVE('',#1024,#8973,#8996,.T.);
#8996 = SURFACE_CURVE('',#8997,(#9001,#9008),.PCURVE_S1.);
#8997 = LINE('',#8998,#8999);
#8998 = CARTESIAN_POINT('',(-5.2,-12.70170592217,5.));
#8999 = VECTOR('',#9000,1.);
#9000 = DIRECTION('',(0.,-1.224646799147E-16,-1.));
#9001 = PCURVE('',#1067,#9002);
#9002 = DEFINITIONAL_REPRESENTATION('',(#9003),#9007);
#9003 = LINE('',#9004,#9005);
#9004 = CARTESIAN_POINT('',(3.695041722814,6.619223687721E-16));
#9005 = VECTOR('',#9006,1.);
#9006 = DIRECTION('',(0.,-1.));
#9007 = ( GEOMETRIC_REPRESENTATION_CONTEXT(2) 
PARAMETRIC_REPRESENTATION_CONTEXT() REPRESENTATION_CONTEXT('2D SPACE',''
  ) );
#9008 = PCURVE('',#1039,#9009);
#9009 = DEFINITIONAL_REPRESENTATION('',(#9010),#9014);
#9010 = LINE('',#9011,#9012);
#9011 = CARTESIAN_POINT('',(0.,0.));
#9012 = VECTOR('',#9013,1.);
#9013 = DIRECTION('',(0.,-1.));
#9014 = ( GEOMETRIC_REPRESENTATION_CONTEXT(2) 
PARAMETRIC_REPRESENTATION_CONTEXT() REPRESENTATION_CONTEXT('2D SPACE',''
  ) );
#9015 = ADVANCED_FACE('',(#9016),#1039,.T.);
#9016 = FACE_BOUND('',#9017,.T.);
#9017 = EDGE_LOOP('',(#9018,#9019,#9020,#9041));
#9018 = ORIENTED_EDGE('',*,*,#1023,.F.);
#9019 = ORIENTED_EDGE('',*,*,#8995,.T.);
#9020 = ORIENTED_EDGE('',*,*,#9021,.F.);
#9021 = EDGE_CURVE('',#5681,#8973,#9022,.T.);
#9022 = SURFACE_CURVE('',#9023,(#9027,#9034),.PCURVE_S1.);
#9023 = LINE('',#9024,#9025);
#9024 = CARTESIAN_POINT('',(-9.9,-9.988159656981,4.));
#9025 = VECTOR('',#9026,1.);
#9026 = DIRECTION('',(0.866025403784,-0.5,6.123233995737E-17));
#9027 = PCURVE('',#1039,#9028);
#9028 = DEFINITIONAL_REPRESENTATION('',(#9029),#9033);
#9029 = LINE('',#9030,#9031);
#9030 = CARTESIAN_POINT('',(5.427092530382,-1.));
#9031 = VECTOR('',#9032,1.);
#9032 = DIRECTION('',(-1.,0.));
#9033 = ( GEOMETRIC_REPRESENTATION_CONTEXT(2) 
PARAMETRIC_REPRESENTATION_CONTEXT() REPRESENTATION_CONTEXT('2D SPACE',''
  ) );
#9034 = PCURVE('',#5719,#9035);
#9035 = DEFINITIONAL_REPRESENTATION('',(#9036),#9040);
#9036 = LINE('',#9037,#9038);
#9037 = CARTESIAN_POINT('',(0.5,9.988159656981));
#9038 = VECTOR('',#9039,1.);
#9039 = DIRECTION('',(0.866025403784,0.5));
#9040 = ( GEOMETRIC_REPRESENTATION_CONTEXT(2) 
PARAMETRIC_REPRESENTATION_CONTEXT() REPRESENTATION_CONTEXT('2D SPACE',''
  ) );
#9041 = ORIENTED_EDGE('',*,*,#5680,.F.);
#9042 = ADVANCED_FACE('',(#9043),#3186,.T.);
#9043 = FACE_BOUND('',#9044,.T.);
#9044 = EDGE_LOOP('',(#9045,#9068,#9069,#9070));
#9045 = ORIENTED_EDGE('',*,*,#9046,.F.);
#9046 = EDGE_CURVE('',#5106,#9047,#9049,.T.);
#9047 = VERTEX_POINT('',#9048);
#9048 = CARTESIAN_POINT('',(17.5,-3.796405077357E-16,4.));
#9049 = SURFACE_CURVE('',#9050,(#9054,#9061),.PCURVE_S1.);
#9050 = LINE('',#9051,#9052);
#9051 = CARTESIAN_POINT('',(16.2,-0.8,4.));
#9052 = VECTOR('',#9053,1.);
#9053 = DIRECTION('',(0.851658316705,0.524097425664,-6.418342347812E-17)
  );
#9054 = PCURVE('',#3186,#9055);
#9055 = DEFINITIONAL_REPRESENTATION('',(#9056),#9060);
#9056 = LINE('',#9057,#9058);
#9057 = CARTESIAN_POINT('',(0.,0.));
#9058 = VECTOR('',#9059,1.);
#9059 = DIRECTION('',(1.,0.));
#9060 = ( GEOMETRIC_REPRESENTATION_CONTEXT(2) 
PARAMETRIC_REPRESENTATION_CONTEXT() REPRESENTATION_CONTEXT('2D SPACE',''
  ) );
#9061 = PCURVE('',#5121,#9062);
#9062 = DEFINITIONAL_REPRESENTATION('',(#9063),#9067);
#9063 = LINE('',#9064,#9065);
#9064 = CARTESIAN_POINT('',(0.426481922385,0.8));
#9065 = VECTOR('',#9066,1.);
#9066 = DIRECTION('',(-0.851658316705,-0.524097425664));
#9067 = ( GEOMETRIC_REPRESENTATION_CONTEXT(2) 
PARAMETRIC_REPRESENTATION_CONTEXT() REPRESENTATION_CONTEXT('2D SPACE',''
  ) );
#9068 = ORIENTED_EDGE('',*,*,#5133,.F.);
#9069 = ORIENTED_EDGE('',*,*,#3170,.T.);
#9070 = ORIENTED_EDGE('',*,*,#9071,.F.);
#9071 = EDGE_CURVE('',#9047,#3143,#9072,.T.);
#9072 = SURFACE_CURVE('',#9073,(#9077,#9084),.PCURVE_S1.);
#9073 = LINE('',#9074,#9075);
#9074 = CARTESIAN_POINT('',(17.5,-3.796405077357E-16,4.));
#9075 = VECTOR('',#9076,1.);
#9076 = DIRECTION('',(0.,-1.224646799147E-16,-1.));
#9077 = PCURVE('',#3186,#9078);
#9078 = DEFINITIONAL_REPRESENTATION('',(#9079),#9083);
#9079 = LINE('',#9080,#9081);
#9080 = CARTESIAN_POINT('',(1.526433752247,9.797174393179E-17));
#9081 = VECTOR('',#9082,1.);
#9082 = DIRECTION('',(0.,-1.));
#9083 = ( GEOMETRIC_REPRESENTATION_CONTEXT(2) 
PARAMETRIC_REPRESENTATION_CONTEXT() REPRESENTATION_CONTEXT('2D SPACE',''
  ) );
#9084 = PCURVE('',#3158,#9085);
#9085 = DEFINITIONAL_REPRESENTATION('',(#9086),#9090);
#9086 = LINE('',#9087,#9088);
#9087 = CARTESIAN_POINT('',(0.,0.));
#9088 = VECTOR('',#9089,1.);
#9089 = DIRECTION('',(0.,-1.));
#9090 = ( GEOMETRIC_REPRESENTATION_CONTEXT(2) 
PARAMETRIC_REPRESENTATION_CONTEXT() REPRESENTATION_CONTEXT('2D SPACE',''
  ) );
#9091 = ADVANCED_FACE('',(#9092),#3158,.T.);
#9092 = FACE_BOUND('',#9093,.T.);
#9093 = EDGE_LOOP('',(#9094,#9115,#9116,#9117));
#9094 = ORIENTED_EDGE('',*,*,#9095,.F.);
#9095 = EDGE_CURVE('',#9047,#5083,#9096,.T.);
#9096 = SURFACE_CURVE('',#9097,(#9101,#9108),.PCURVE_S1.);
#9097 = LINE('',#9098,#9099);
#9098 = CARTESIAN_POINT('',(17.5,-3.796405077357E-16,4.));
#9099 = VECTOR('',#9100,1.);
#9100 = DIRECTION('',(-0.851658316705,0.524097425664,-6.418342347812E-17
    ));
#9101 = PCURVE('',#3158,#9102);
#9102 = DEFINITIONAL_REPRESENTATION('',(#9103),#9107);
#9103 = LINE('',#9104,#9105);
#9104 = CARTESIAN_POINT('',(0.,0.));
#9105 = VECTOR('',#9106,1.);
#9106 = DIRECTION('',(1.,0.));
#9107 = ( GEOMETRIC_REPRESENTATION_CONTEXT(2) 
PARAMETRIC_REPRESENTATION_CONTEXT() REPRESENTATION_CONTEXT('2D SPACE',''
  ) );
#9108 = PCURVE('',#5121,#9109);
#9109 = DEFINITIONAL_REPRESENTATION('',(#9110),#9114);
#9110 = LINE('',#9111,#9112);
#9111 = CARTESIAN_POINT('',(-0.873518077615,0.));
#9112 = VECTOR('',#9113,1.);
#9113 = DIRECTION('',(0.851658316705,-0.524097425664));
#9114 = ( GEOMETRIC_REPRESENTATION_CONTEXT(2) 
PARAMETRIC_REPRESENTATION_CONTEXT() REPRESENTATION_CONTEXT('2D SPACE',''
  ) );
#9115 = ORIENTED_EDGE('',*,*,#9071,.T.);
#9116 = ORIENTED_EDGE('',*,*,#3142,.T.);
#9117 = ORIENTED_EDGE('',*,*,#5082,.F.);
#9118 = ADVANCED_FACE('',(#9119),#3311,.F.);
#9119 = FACE_BOUND('',#9120,.F.);
#9120 = EDGE_LOOP('',(#9121,#9144,#9168,#9190,#9191));
#9121 = ORIENTED_EDGE('',*,*,#9122,.T.);
#9122 = EDGE_CURVE('',#3291,#9123,#9125,.T.);
#9123 = VERTEX_POINT('',#9124);
#9124 = CARTESIAN_POINT('',(-11.29904821689,8.174730299493,2.));
#9125 = SEAM_CURVE('',#9126,(#9130,#9137),.PCURVE_S1.);
#9126 = LINE('',#9127,#9128);
#9127 = CARTESIAN_POINT('',(-11.44904821689,8.174730299493,
    -8.881784197001E-16));
#9128 = VECTOR('',#9129,1.);
#9129 = DIRECTION('',(7.478994824163E-02,1.038034401522E-16,
    0.997199309888));
#9130 = PCURVE('',#3311,#9131);
#9131 = DEFINITIONAL_REPRESENTATION('',(#9132),#9136);
#9132 = LINE('',#9133,#9134);
#9133 = CARTESIAN_POINT('',(-6.28318530718,0.));
#9134 = VECTOR('',#9135,1.);
#9135 = DIRECTION('',(-0.,-1.));
#9136 = ( GEOMETRIC_REPRESENTATION_CONTEXT(2) 
PARAMETRIC_REPRESENTATION_CONTEXT() REPRESENTATION_CONTEXT('2D SPACE',''
  ) );
#9137 = PCURVE('',#3311,#9138);
#9138 = DEFINITIONAL_REPRESENTATION('',(#9139),#9143);
#9139 = LINE('',#9140,#9141);
#9140 = CARTESIAN_POINT('',(0.,-0.));
#9141 = VECTOR('',#9142,1.);
#9142 = DIRECTION('',(-0.,-1.));
#9143 = ( GEOMETRIC_REPRESENTATION_CONTEXT(2) 
PARAMETRIC_REPRESENTATION_CONTEXT() REPRESENTATION_CONTEXT('2D SPACE',''
  ) );
#9144 = ORIENTED_EDGE('',*,*,#9145,.F.);
#9145 = EDGE_CURVE('',#9146,#9123,#9148,.T.);
#9146 = VERTEX_POINT('',#9147);
#9147 = CARTESIAN_POINT('',(-9.099048216895,8.174730299493,2.));
#9148 = SURFACE_CURVE('',#9149,(#9154,#9161),.PCURVE_S1.);
#9149 = CIRCLE('',#9150,1.1);
#9150 = AXIS2_PLACEMENT_3D('',#9151,#9152,#9153);
#9151 = CARTESIAN_POINT('',(-10.19904821689,8.174730299493,2.));
#9152 = DIRECTION('',(0.,1.224646799147E-16,1.));
#9153 = DIRECTION('',(-1.,0.,0.));
#9154 = PCURVE('',#3311,#9155);
#9155 = DEFINITIONAL_REPRESENTATION('',(#9156),#9160);
#9156 = LINE('',#9157,#9158);
#9157 = CARTESIAN_POINT('',(-0.,-2.));
#9158 = VECTOR('',#9159,1.);
#9159 = DIRECTION('',(-1.,-0.));
#9160 = ( GEOMETRIC_REPRESENTATION_CONTEXT(2) 
PARAMETRIC_REPRESENTATION_CONTEXT() REPRESENTATION_CONTEXT('2D SPACE',''
  ) );
#9161 = PCURVE('',#6759,#9162);
#9162 = DEFINITIONAL_REPRESENTATION('',(#9163),#9167);
#9163 = LINE('',#9164,#9165);
#9164 = CARTESIAN_POINT('',(-9.424777960769,-20.1));
#9165 = VECTOR('',#9166,1.);
#9166 = DIRECTION('',(1.,-0.));
#9167 = ( GEOMETRIC_REPRESENTATION_CONTEXT(2) 
PARAMETRIC_REPRESENTATION_CONTEXT() REPRESENTATION_CONTEXT('2D SPACE',''
  ) );
#9168 = ORIENTED_EDGE('',*,*,#9169,.F.);
#9169 = EDGE_CURVE('',#9123,#9146,#9170,.T.);
#9170 = SURFACE_CURVE('',#9171,(#9176,#9183),.PCURVE_S1.);
#9171 = CIRCLE('',#9172,1.1);
#9172 = AXIS2_PLACEMENT_3D('',#9173,#9174,#9175);
#9173 = CARTESIAN_POINT('',(-10.19904821689,8.174730299493,2.));
#9174 = DIRECTION('',(0.,1.224646799147E-16,1.));
#9175 = DIRECTION('',(-1.,0.,0.));
#9176 = PCURVE('',#3311,#9177);
#9177 = DEFINITIONAL_REPRESENTATION('',(#9178),#9182);
#9178 = LINE('',#9179,#9180);
#9179 = CARTESIAN_POINT('',(-0.,-2.));
#9180 = VECTOR('',#9181,1.);
#9181 = DIRECTION('',(-1.,-0.));
#9182 = ( GEOMETRIC_REPRESENTATION_CONTEXT(2) 
PARAMETRIC_REPRESENTATION_CONTEXT() REPRESENTATION_CONTEXT('2D SPACE',''
  ) );
#9183 = PCURVE('',#6759,#9184);
#9184 = DEFINITIONAL_REPRESENTATION('',(#9185),#9189);
#9185 = LINE('',#9186,#9187);
#9186 = CARTESIAN_POINT('',(-3.14159265359,-20.1));
#9187 = VECTOR('',#9188,1.);
#9188 = DIRECTION('',(1.,-0.));
#9189 = ( GEOMETRIC_REPRESENTATION_CONTEXT(2) 
PARAMETRIC_REPRESENTATION_CONTEXT() REPRESENTATION_CONTEXT('2D SPACE',''
  ) );
#9190 = ORIENTED_EDGE('',*,*,#9122,.F.);
#9191 = ORIENTED_EDGE('',*,*,#3290,.T.);
#9192 = ADVANCED_FACE('',(#9193),#3346,.F.);
#9193 = FACE_BOUND('',#9194,.F.);
#9194 = EDGE_LOOP('',(#9195,#9218,#9242,#9264,#9265));
#9195 = ORIENTED_EDGE('',*,*,#9196,.T.);
#9196 = EDGE_CURVE('',#3326,#9197,#9199,.T.);
#9197 = VERTEX_POINT('',#9198);
#9198 = CARTESIAN_POINT('',(-3.63,12.57,2.));
#9199 = SEAM_CURVE('',#9200,(#9204,#9211),.PCURVE_S1.);
#9200 = LINE('',#9201,#9202);
#9201 = CARTESIAN_POINT('',(-3.78,12.57,-1.7763568394E-15));
#9202 = VECTOR('',#9203,1.);
#9203 = DIRECTION('',(7.478994824163E-02,1.038034401522E-16,
    0.997199309888));
#9204 = PCURVE('',#3346,#9205);
#9205 = DEFINITIONAL_REPRESENTATION('',(#9206),#9210);
#9206 = LINE('',#9207,#9208);
#9207 = CARTESIAN_POINT('',(-6.28318530718,0.));
#9208 = VECTOR('',#9209,1.);
#9209 = DIRECTION('',(-0.,-1.));
#9210 = ( GEOMETRIC_REPRESENTATION_CONTEXT(2) 
PARAMETRIC_REPRESENTATION_CONTEXT() REPRESENTATION_CONTEXT('2D SPACE',''
  ) );
#9211 = PCURVE('',#3346,#9212);
#9212 = DEFINITIONAL_REPRESENTATION('',(#9213),#9217);
#9213 = LINE('',#9214,#9215);
#9214 = CARTESIAN_POINT('',(0.,-0.));
#9215 = VECTOR('',#9216,1.);
#9216 = DIRECTION('',(-0.,-1.));
#9217 = ( GEOMETRIC_REPRESENTATION_CONTEXT(2) 
PARAMETRIC_REPRESENTATION_CONTEXT() REPRESENTATION_CONTEXT('2D SPACE',''
  ) );
#9218 = ORIENTED_EDGE('',*,*,#9219,.F.);
#9219 = EDGE_CURVE('',#9220,#9197,#9222,.T.);
#9220 = VERTEX_POINT('',#9221);
#9221 = CARTESIAN_POINT('',(-1.43,12.57,2.));
#9222 = SURFACE_CURVE('',#9223,(#9228,#9235),.PCURVE_S1.);
#9223 = CIRCLE('',#9224,1.1);
#9224 = AXIS2_PLACEMENT_3D('',#9225,#9226,#9227);
#9225 = CARTESIAN_POINT('',(-2.53,12.57,2.));
#9226 = DIRECTION('',(0.,1.224646799147E-16,1.));
#9227 = DIRECTION('',(-1.,0.,0.));
#9228 = PCURVE('',#3346,#9229);
#9229 = DEFINITIONAL_REPRESENTATION('',(#9230),#9234);
#9230 = LINE('',#9231,#9232);
#9231 = CARTESIAN_POINT('',(-0.,-2.));
#9232 = VECTOR('',#9233,1.);
#9233 = DIRECTION('',(-1.,-0.));
#9234 = ( GEOMETRIC_REPRESENTATION_CONTEXT(2) 
PARAMETRIC_REPRESENTATION_CONTEXT() REPRESENTATION_CONTEXT('2D SPACE',''
  ) );
#9235 = PCURVE('',#7024,#9236);
#9236 = DEFINITIONAL_REPRESENTATION('',(#9237),#9241);
#9237 = LINE('',#9238,#9239);
#9238 = CARTESIAN_POINT('',(-9.424777960769,-20.1));
#9239 = VECTOR('',#9240,1.);
#9240 = DIRECTION('',(1.,-0.));
#9241 = ( GEOMETRIC_REPRESENTATION_CONTEXT(2) 
PARAMETRIC_REPRESENTATION_CONTEXT() REPRESENTATION_CONTEXT('2D SPACE',''
  ) );
#9242 = ORIENTED_EDGE('',*,*,#9243,.F.);
#9243 = EDGE_CURVE('',#9197,#9220,#9244,.T.);
#9244 = SURFACE_CURVE('',#9245,(#9250,#9257),.PCURVE_S1.);
#9245 = CIRCLE('',#9246,1.1);
#9246 = AXIS2_PLACEMENT_3D('',#9247,#9248,#9249);
#9247 = CARTESIAN_POINT('',(-2.53,12.57,2.));
#9248 = DIRECTION('',(0.,1.224646799147E-16,1.));
#9249 = DIRECTION('',(-1.,0.,0.));
#9250 = PCURVE('',#3346,#9251);
#9251 = DEFINITIONAL_REPRESENTATION('',(#9252),#9256);
#9252 = LINE('',#9253,#9254);
#9253 = CARTESIAN_POINT('',(-0.,-2.));
#9254 = VECTOR('',#9255,1.);
#9255 = DIRECTION('',(-1.,-0.));
#9256 = ( GEOMETRIC_REPRESENTATION_CONTEXT(2) 
PARAMETRIC_REPRESENTATION_CONTEXT() REPRESENTATION_CONTEXT('2D SPACE',''
  ) );
#9257 = PCURVE('',#7024,#9258);
#9258 = DEFINITIONAL_REPRESENTATION('',(#9259),#9263);
#9259 = LINE('',#9260,#9261);
#9260 = CARTESIAN_POINT('',(-3.14159265359,-20.1));
#9261 = VECTOR('',#9262,1.);
#9262 = DIRECTION('',(1.,-0.));
#9263 = ( GEOMETRIC_REPRESENTATION_CONTEXT(2) 
PARAMETRIC_REPRESENTATION_CONTEXT() REPRESENTATION_CONTEXT('2D SPACE',''
  ) );
#9264 = ORIENTED_EDGE('',*,*,#9196,.F.);
#9265 = ORIENTED_EDGE('',*,*,#3325,.T.);
#9266 = ADVANCED_FACE('',(#9267),#3381,.F.);
#9267 = FACE_BOUND('',#9268,.F.);
#9268 = EDGE_LOOP('',(#9269,#9292,#9316,#9338,#9339));
#9269 = ORIENTED_EDGE('',*,*,#9270,.T.);
#9270 = EDGE_CURVE('',#3361,#9271,#9273,.T.);
#9271 = VERTEX_POINT('',#9272);
#9272 = CARTESIAN_POINT('',(-13.25093932557,4.093955728425,2.));
#9273 = SEAM_CURVE('',#9274,(#9278,#9285),.PCURVE_S1.);
#9274 = LINE('',#9275,#9276);
#9275 = CARTESIAN_POINT('',(-13.40093932557,4.093955728425,
    -8.881784197001E-16));
#9276 = VECTOR('',#9277,1.);
#9277 = DIRECTION('',(7.478994824163E-02,1.038034401522E-16,
    0.997199309888));
#9278 = PCURVE('',#3381,#9279);
#9279 = DEFINITIONAL_REPRESENTATION('',(#9280),#9284);
#9280 = LINE('',#9281,#9282);
#9281 = CARTESIAN_POINT('',(-6.28318530718,0.));
#9282 = VECTOR('',#9283,1.);
#9283 = DIRECTION('',(-0.,-1.));
#9284 = ( GEOMETRIC_REPRESENTATION_CONTEXT(2) 
PARAMETRIC_REPRESENTATION_CONTEXT() REPRESENTATION_CONTEXT('2D SPACE',''
  ) );
#9285 = PCURVE('',#3381,#9286);
#9286 = DEFINITIONAL_REPRESENTATION('',(#9287),#9291);
#9287 = LINE('',#9288,#9289);
#9288 = CARTESIAN_POINT('',(0.,-0.));
#9289 = VECTOR('',#9290,1.);
#9290 = DIRECTION('',(-0.,-1.));
#9291 = ( GEOMETRIC_REPRESENTATION_CONTEXT(2) 
PARAMETRIC_REPRESENTATION_CONTEXT() REPRESENTATION_CONTEXT('2D SPACE',''
  ) );
#9292 = ORIENTED_EDGE('',*,*,#9293,.F.);
#9293 = EDGE_CURVE('',#9294,#9271,#9296,.T.);
#9294 = VERTEX_POINT('',#9295);
#9295 = CARTESIAN_POINT('',(-11.05093932557,4.093955728425,2.));
#9296 = SURFACE_CURVE('',#9297,(#9302,#9309),.PCURVE_S1.);
#9297 = CIRCLE('',#9298,1.1);
#9298 = AXIS2_PLACEMENT_3D('',#9299,#9300,#9301);
#9299 = CARTESIAN_POINT('',(-12.15093932557,4.093955728425,2.));
#9300 = DIRECTION('',(0.,1.224646799147E-16,1.));
#9301 = DIRECTION('',(-1.,0.,0.));
#9302 = PCURVE('',#3381,#9303);
#9303 = DEFINITIONAL_REPRESENTATION('',(#9304),#9308);
#9304 = LINE('',#9305,#9306);
#9305 = CARTESIAN_POINT('',(-0.,-2.));
#9306 = VECTOR('',#9307,1.);
#9307 = DIRECTION('',(-1.,-0.));
#9308 = ( GEOMETRIC_REPRESENTATION_CONTEXT(2) 
PARAMETRIC_REPRESENTATION_CONTEXT() REPRESENTATION_CONTEXT('2D SPACE',''
  ) );
#9309 = PCURVE('',#6455,#9310);
#9310 = DEFINITIONAL_REPRESENTATION('',(#9311),#9315);
#9311 = LINE('',#9312,#9313);
#9312 = CARTESIAN_POINT('',(-9.424777960769,-20.1));
#9313 = VECTOR('',#9314,1.);
#9314 = DIRECTION('',(1.,-0.));
#9315 = ( GEOMETRIC_REPRESENTATION_CONTEXT(2) 
PARAMETRIC_REPRESENTATION_CONTEXT() REPRESENTATION_CONTEXT('2D SPACE',''
  ) );
#9316 = ORIENTED_EDGE('',*,*,#9317,.F.);
#9317 = EDGE_CURVE('',#9271,#9294,#9318,.T.);
#9318 = SURFACE_CURVE('',#9319,(#9324,#9331),.PCURVE_S1.);
#9319 = CIRCLE('',#9320,1.1);
#9320 = AXIS2_PLACEMENT_3D('',#9321,#9322,#9323);
#9321 = CARTESIAN_POINT('',(-12.15093932557,4.093955728425,2.));
#9322 = DIRECTION('',(0.,1.224646799147E-16,1.));
#9323 = DIRECTION('',(-1.,0.,0.));
#9324 = PCURVE('',#3381,#9325);
#9325 = DEFINITIONAL_REPRESENTATION('',(#9326),#9330);
#9326 = LINE('',#9327,#9328);
#9327 = CARTESIAN_POINT('',(-0.,-2.));
#9328 = VECTOR('',#9329,1.);
#9329 = DIRECTION('',(-1.,-0.));
#9330 = ( GEOMETRIC_REPRESENTATION_CONTEXT(2) 
PARAMETRIC_REPRESENTATION_CONTEXT() REPRESENTATION_CONTEXT('2D SPACE',''
  ) );
#9331 = PCURVE('',#6455,#9332);
#9332 = DEFINITIONAL_REPRESENTATION('',(#9333),#9337);
#9333 = LINE('',#9334,#9335);
#9334 = CARTESIAN_POINT('',(-3.14159265359,-20.1));
#9335 = VECTOR('',#9336,1.);
#9336 = DIRECTION('',(1.,-0.));
#9337 = ( GEOMETRIC_REPRESENTATION_CONTEXT(2) 
PARAMETRIC_REPRESENTATION_CONTEXT() REPRESENTATION_CONTEXT('2D SPACE',''
  ) );
#9338 = ORIENTED_EDGE('',*,*,#9270,.F.);
#9339 = ORIENTED_EDGE('',*,*,#3360,.T.);
#9340 = ADVANCED_FACE('',(#9341),#3416,.F.);
#9341 = FACE_BOUND('',#9342,.F.);
#9342 = EDGE_LOOP('',(#9343,#9366,#9390,#9412,#9413));
#9343 = ORIENTED_EDGE('',*,*,#9344,.T.);
#9344 = EDGE_CURVE('',#3396,#9345,#9347,.T.);
#9345 = VERTEX_POINT('',#9346);
#9346 = CARTESIAN_POINT('',(0.88,12.92,2.));
#9347 = SEAM_CURVE('',#9348,(#9352,#9359),.PCURVE_S1.);
#9348 = LINE('',#9349,#9350);
#9349 = CARTESIAN_POINT('',(0.73,12.92,-1.7763568394E-15));
#9350 = VECTOR('',#9351,1.);
#9351 = DIRECTION('',(7.478994824163E-02,1.038034401522E-16,
    0.997199309888));
#9352 = PCURVE('',#3416,#9353);
#9353 = DEFINITIONAL_REPRESENTATION('',(#9354),#9358);
#9354 = LINE('',#9355,#9356);
#9355 = CARTESIAN_POINT('',(-6.28318530718,0.));
#9356 = VECTOR('',#9357,1.);
#9357 = DIRECTION('',(-0.,-1.));
#9358 = ( GEOMETRIC_REPRESENTATION_CONTEXT(2) 
PARAMETRIC_REPRESENTATION_CONTEXT() REPRESENTATION_CONTEXT('2D SPACE',''
  ) );
#9359 = PCURVE('',#3416,#9360);
#9360 = DEFINITIONAL_REPRESENTATION('',(#9361),#9365);
#9361 = LINE('',#9362,#9363);
#9362 = CARTESIAN_POINT('',(0.,-0.));
#9363 = VECTOR('',#9364,1.);
#9364 = DIRECTION('',(-0.,-1.));
#9365 = ( GEOMETRIC_REPRESENTATION_CONTEXT(2) 
PARAMETRIC_REPRESENTATION_CONTEXT() REPRESENTATION_CONTEXT('2D SPACE',''
  ) );
#9366 = ORIENTED_EDGE('',*,*,#9367,.F.);
#9367 = EDGE_CURVE('',#9368,#9345,#9370,.T.);
#9368 = VERTEX_POINT('',#9369);
#9369 = CARTESIAN_POINT('',(3.08,12.92,2.));
#9370 = SURFACE_CURVE('',#9371,(#9376,#9383),.PCURVE_S1.);
#9371 = CIRCLE('',#9372,1.1);
#9372 = AXIS2_PLACEMENT_3D('',#9373,#9374,#9375);
#9373 = CARTESIAN_POINT('',(1.98,12.92,2.));
#9374 = DIRECTION('',(0.,1.224646799147E-16,1.));
#9375 = DIRECTION('',(-1.,0.,0.));
#9376 = PCURVE('',#3416,#9377);
#9377 = DEFINITIONAL_REPRESENTATION('',(#9378),#9382);
#9378 = LINE('',#9379,#9380);
#9379 = CARTESIAN_POINT('',(-0.,-2.));
#9380 = VECTOR('',#9381,1.);
#9381 = DIRECTION('',(-1.,-0.));
#9382 = ( GEOMETRIC_REPRESENTATION_CONTEXT(2) 
PARAMETRIC_REPRESENTATION_CONTEXT() REPRESENTATION_CONTEXT('2D SPACE',''
  ) );
#9383 = PCURVE('',#7307,#9384);
#9384 = DEFINITIONAL_REPRESENTATION('',(#9385),#9389);
#9385 = LINE('',#9386,#9387);
#9386 = CARTESIAN_POINT('',(-9.424777960769,-20.1));
#9387 = VECTOR('',#9388,1.);
#9388 = DIRECTION('',(1.,-0.));
#9389 = ( GEOMETRIC_REPRESENTATION_CONTEXT(2) 
PARAMETRIC_REPRESENTATION_CONTEXT() REPRESENTATION_CONTEXT('2D SPACE',''
  ) );
#9390 = ORIENTED_EDGE('',*,*,#9391,.F.);
#9391 = EDGE_CURVE('',#9345,#9368,#9392,.T.);
#9392 = SURFACE_CURVE('',#9393,(#9398,#9405),.PCURVE_S1.);
#9393 = CIRCLE('',#9394,1.1);
#9394 = AXIS2_PLACEMENT_3D('',#9395,#9396,#9397);
#9395 = CARTESIAN_POINT('',(1.98,12.92,2.));
#9396 = DIRECTION('',(0.,1.224646799147E-16,1.));
#9397 = DIRECTION('',(-1.,0.,0.));
#9398 = PCURVE('',#3416,#9399);
#9399 = DEFINITIONAL_REPRESENTATION('',(#9400),#9404);
#9400 = LINE('',#9401,#9402);
#9401 = CARTESIAN_POINT('',(-0.,-2.));
#9402 = VECTOR('',#9403,1.);
#9403 = DIRECTION('',(-1.,-0.));
#9404 = ( GEOMETRIC_REPRESENTATION_CONTEXT(2) 
PARAMETRIC_REPRESENTATION_CONTEXT() REPRESENTATION_CONTEXT('2D SPACE',''
  ) );
#9405 = PCURVE('',#7307,#9406);
#9406 = DEFINITIONAL_REPRESENTATION('',(#9407),#9411);
#9407 = LINE('',#9408,#9409);
#9408 = CARTESIAN_POINT('',(-3.14159265359,-20.1));
#9409 = VECTOR('',#9410,1.);
#9410 = DIRECTION('',(1.,-0.));
#9411 = ( GEOMETRIC_REPRESENTATION_CONTEXT(2) 
PARAMETRIC_REPRESENTATION_CONTEXT() REPRESENTATION_CONTEXT('2D SPACE',''
  ) );
#9412 = ORIENTED_EDGE('',*,*,#9344,.F.);
#9413 = ORIENTED_EDGE('',*,*,#3395,.T.);
#9414 = ADVANCED_FACE('',(#9415),#3451,.F.);
#9415 = FACE_BOUND('',#9416,.F.);
#9416 = EDGE_LOOP('',(#9417,#9440,#9464,#9486,#9487));
#9417 = ORIENTED_EDGE('',*,*,#9418,.T.);
#9418 = EDGE_CURVE('',#3431,#9419,#9421,.T.);
#9419 = VERTEX_POINT('',#9420);
#9420 = CARTESIAN_POINT('',(8.52093932557,8.476044271575,2.));
#9421 = SEAM_CURVE('',#9422,(#9426,#9433),.PCURVE_S1.);
#9422 = LINE('',#9423,#9424);
#9423 = CARTESIAN_POINT('',(8.37093932557,8.476044271575,
    -8.881784197001E-16));
#9424 = VECTOR('',#9425,1.);
#9425 = DIRECTION('',(7.478994824163E-02,1.038034401522E-16,
    0.997199309888));
#9426 = PCURVE('',#3451,#9427);
#9427 = DEFINITIONAL_REPRESENTATION('',(#9428),#9432);
#9428 = LINE('',#9429,#9430);
#9429 = CARTESIAN_POINT('',(-6.28318530718,0.));
#9430 = VECTOR('',#9431,1.);
#9431 = DIRECTION('',(-0.,-1.));
#9432 = ( GEOMETRIC_REPRESENTATION_CONTEXT(2) 
PARAMETRIC_REPRESENTATION_CONTEXT() REPRESENTATION_CONTEXT('2D SPACE',''
  ) );
#9433 = PCURVE('',#3451,#9434);
#9434 = DEFINITIONAL_REPRESENTATION('',(#9435),#9439);
#9435 = LINE('',#9436,#9437);
#9436 = CARTESIAN_POINT('',(0.,-0.));
#9437 = VECTOR('',#9438,1.);
#9438 = DIRECTION('',(-0.,-1.));
#9439 = ( GEOMETRIC_REPRESENTATION_CONTEXT(2) 
PARAMETRIC_REPRESENTATION_CONTEXT() REPRESENTATION_CONTEXT('2D SPACE',''
  ) );
#9440 = ORIENTED_EDGE('',*,*,#9441,.F.);
#9441 = EDGE_CURVE('',#9442,#9419,#9444,.T.);
#9442 = VERTEX_POINT('',#9443);
#9443 = CARTESIAN_POINT('',(10.72093932557,8.476044271575,2.));
#9444 = SURFACE_CURVE('',#9445,(#9450,#9457),.PCURVE_S1.);
#9445 = CIRCLE('',#9446,1.1);
#9446 = AXIS2_PLACEMENT_3D('',#9447,#9448,#9449);
#9447 = CARTESIAN_POINT('',(9.62093932557,8.476044271575,2.));
#9448 = DIRECTION('',(0.,1.224646799147E-16,1.));
#9449 = DIRECTION('',(-1.,0.,0.));
#9450 = PCURVE('',#3451,#9451);
#9451 = DEFINITIONAL_REPRESENTATION('',(#9452),#9456);
#9452 = LINE('',#9453,#9454);
#9453 = CARTESIAN_POINT('',(-0.,-2.));
#9454 = VECTOR('',#9455,1.);
#9455 = DIRECTION('',(-1.,-0.));
#9456 = ( GEOMETRIC_REPRESENTATION_CONTEXT(2) 
PARAMETRIC_REPRESENTATION_CONTEXT() REPRESENTATION_CONTEXT('2D SPACE',''
  ) );
#9457 = PCURVE('',#7572,#9458);
#9458 = DEFINITIONAL_REPRESENTATION('',(#9459),#9463);
#9459 = LINE('',#9460,#9461);
#9460 = CARTESIAN_POINT('',(-9.424777960769,-20.1));
#9461 = VECTOR('',#9462,1.);
#9462 = DIRECTION('',(1.,-0.));
#9463 = ( GEOMETRIC_REPRESENTATION_CONTEXT(2) 
PARAMETRIC_REPRESENTATION_CONTEXT() REPRESENTATION_CONTEXT('2D SPACE',''
  ) );
#9464 = ORIENTED_EDGE('',*,*,#9465,.F.);
#9465 = EDGE_CURVE('',#9419,#9442,#9466,.T.);
#9466 = SURFACE_CURVE('',#9467,(#9472,#9479),.PCURVE_S1.);
#9467 = CIRCLE('',#9468,1.1);
#9468 = AXIS2_PLACEMENT_3D('',#9469,#9470,#9471);
#9469 = CARTESIAN_POINT('',(9.62093932557,8.476044271575,2.));
#9470 = DIRECTION('',(0.,1.224646799147E-16,1.));
#9471 = DIRECTION('',(-1.,0.,0.));
#9472 = PCURVE('',#3451,#9473);
#9473 = DEFINITIONAL_REPRESENTATION('',(#9474),#9478);
#9474 = LINE('',#9475,#9476);
#9475 = CARTESIAN_POINT('',(-0.,-2.));
#9476 = VECTOR('',#9477,1.);
#9477 = DIRECTION('',(-1.,-0.));
#9478 = ( GEOMETRIC_REPRESENTATION_CONTEXT(2) 
PARAMETRIC_REPRESENTATION_CONTEXT() REPRESENTATION_CONTEXT('2D SPACE',''
  ) );
#9479 = PCURVE('',#7572,#9480);
#9480 = DEFINITIONAL_REPRESENTATION('',(#9481),#9485);
#9481 = LINE('',#9482,#9483);
#9482 = CARTESIAN_POINT('',(-3.14159265359,-20.1));
#9483 = VECTOR('',#9484,1.);
#9484 = DIRECTION('',(1.,-0.));
#9485 = ( GEOMETRIC_REPRESENTATION_CONTEXT(2) 
PARAMETRIC_REPRESENTATION_CONTEXT() REPRESENTATION_CONTEXT('2D SPACE',''
  ) );
#9486 = ORIENTED_EDGE('',*,*,#9418,.F.);
#9487 = ORIENTED_EDGE('',*,*,#3430,.T.);
#9488 = ADVANCED_FACE('',(#9489),#3486,.F.);
#9489 = FACE_BOUND('',#9490,.F.);
#9490 = EDGE_LOOP('',(#9491,#9514,#9538,#9560,#9561));
#9491 = ORIENTED_EDGE('',*,*,#9492,.T.);
#9492 = EDGE_CURVE('',#3466,#9493,#9495,.T.);
#9493 = VERTEX_POINT('',#9494);
#9494 = CARTESIAN_POINT('',(11.079048216895,4.745269700507,2.));
#9495 = SEAM_CURVE('',#9496,(#9500,#9507),.PCURVE_S1.);
#9496 = LINE('',#9497,#9498);
#9497 = CARTESIAN_POINT('',(10.929048216895,4.745269700507,
    -8.881784197001E-16));
#9498 = VECTOR('',#9499,1.);
#9499 = DIRECTION('',(7.478994824163E-02,1.038034401522E-16,
    0.997199309888));
#9500 = PCURVE('',#3486,#9501);
#9501 = DEFINITIONAL_REPRESENTATION('',(#9502),#9506);
#9502 = LINE('',#9503,#9504);
#9503 = CARTESIAN_POINT('',(-6.28318530718,0.));
#9504 = VECTOR('',#9505,1.);
#9505 = DIRECTION('',(-0.,-1.));
#9506 = ( GEOMETRIC_REPRESENTATION_CONTEXT(2) 
PARAMETRIC_REPRESENTATION_CONTEXT() REPRESENTATION_CONTEXT('2D SPACE',''
  ) );
#9507 = PCURVE('',#3486,#9508);
#9508 = DEFINITIONAL_REPRESENTATION('',(#9509),#9513);
#9509 = LINE('',#9510,#9511);
#9510 = CARTESIAN_POINT('',(0.,-0.));
#9511 = VECTOR('',#9512,1.);
#9512 = DIRECTION('',(-0.,-1.));
#9513 = ( GEOMETRIC_REPRESENTATION_CONTEXT(2) 
PARAMETRIC_REPRESENTATION_CONTEXT() REPRESENTATION_CONTEXT('2D SPACE',''
  ) );
#9514 = ORIENTED_EDGE('',*,*,#9515,.F.);
#9515 = EDGE_CURVE('',#9516,#9493,#9518,.T.);
#9516 = VERTEX_POINT('',#9517);
#9517 = CARTESIAN_POINT('',(13.279048216895,4.745269700507,2.));
#9518 = SURFACE_CURVE('',#9519,(#9524,#9531),.PCURVE_S1.);
#9519 = CIRCLE('',#9520,1.1);
#9520 = AXIS2_PLACEMENT_3D('',#9521,#9522,#9523);
#9521 = CARTESIAN_POINT('',(12.179048216895,4.745269700507,2.));
#9522 = DIRECTION('',(0.,1.224646799147E-16,1.));
#9523 = DIRECTION('',(-1.,0.,0.));
#9524 = PCURVE('',#3486,#9525);
#9525 = DEFINITIONAL_REPRESENTATION('',(#9526),#9530);
#9526 = LINE('',#9527,#9528);
#9527 = CARTESIAN_POINT('',(-0.,-2.));
#9528 = VECTOR('',#9529,1.);
#9529 = DIRECTION('',(-1.,-0.));
#9530 = ( GEOMETRIC_REPRESENTATION_CONTEXT(2) 
PARAMETRIC_REPRESENTATION_CONTEXT() REPRESENTATION_CONTEXT('2D SPACE',''
  ) );
#9531 = PCURVE('',#7855,#9532);
#9532 = DEFINITIONAL_REPRESENTATION('',(#9533),#9537);
#9533 = LINE('',#9534,#9535);
#9534 = CARTESIAN_POINT('',(-9.424777960769,-20.1));
#9535 = VECTOR('',#9536,1.);
#9536 = DIRECTION('',(1.,-0.));
#9537 = ( GEOMETRIC_REPRESENTATION_CONTEXT(2) 
PARAMETRIC_REPRESENTATION_CONTEXT() REPRESENTATION_CONTEXT('2D SPACE',''
  ) );
#9538 = ORIENTED_EDGE('',*,*,#9539,.F.);
#9539 = EDGE_CURVE('',#9493,#9516,#9540,.T.);
#9540 = SURFACE_CURVE('',#9541,(#9546,#9553),.PCURVE_S1.);
#9541 = CIRCLE('',#9542,1.1);
#9542 = AXIS2_PLACEMENT_3D('',#9543,#9544,#9545);
#9543 = CARTESIAN_POINT('',(12.179048216895,4.745269700507,2.));
#9544 = DIRECTION('',(0.,1.224646799147E-16,1.));
#9545 = DIRECTION('',(-1.,0.,0.));
#9546 = PCURVE('',#3486,#9547);
#9547 = DEFINITIONAL_REPRESENTATION('',(#9548),#9552);
#9548 = LINE('',#9549,#9550);
#9549 = CARTESIAN_POINT('',(-0.,-2.));
#9550 = VECTOR('',#9551,1.);
#9551 = DIRECTION('',(-1.,-0.));
#9552 = ( GEOMETRIC_REPRESENTATION_CONTEXT(2) 
PARAMETRIC_REPRESENTATION_CONTEXT() REPRESENTATION_CONTEXT('2D SPACE',''
  ) );
#9553 = PCURVE('',#7855,#9554);
#9554 = DEFINITIONAL_REPRESENTATION('',(#9555),#9559);
#9555 = LINE('',#9556,#9557);
#9556 = CARTESIAN_POINT('',(-3.14159265359,-20.1));
#9557 = VECTOR('',#9558,1.);
#9558 = DIRECTION('',(1.,-0.));
#9559 = ( GEOMETRIC_REPRESENTATION_CONTEXT(2) 
PARAMETRIC_REPRESENTATION_CONTEXT() REPRESENTATION_CONTEXT('2D SPACE',''
  ) );
#9560 = ORIENTED_EDGE('',*,*,#9492,.F.);
#9561 = ORIENTED_EDGE('',*,*,#3465,.T.);
#9562 = ADVANCED_FACE('',(#9563),#3518,.T.);
#9563 = FACE_BOUND('',#9564,.T.);
#9564 = EDGE_LOOP('',(#9565,#9588,#9616,#9637));
#9565 = ORIENTED_EDGE('',*,*,#9566,.T.);
#9566 = EDGE_CURVE('',#3501,#9567,#9569,.T.);
#9567 = VERTEX_POINT('',#9568);
#9568 = CARTESIAN_POINT('',(14.04267578125,0.8955078125,0.5));
#9569 = SURFACE_CURVE('',#9570,(#9574,#9581),.PCURVE_S1.);
#9570 = LINE('',#9571,#9572);
#9571 = CARTESIAN_POINT('',(14.04267578125,0.8955078125,0.));
#9572 = VECTOR('',#9573,1.);
#9573 = DIRECTION('',(0.,1.224646799147E-16,1.));
#9574 = PCURVE('',#3518,#9575);
#9575 = DEFINITIONAL_REPRESENTATION('',(#9576),#9580);
#9576 = LINE('',#9577,#9578);
#9577 = CARTESIAN_POINT('',(0.,0.));
#9578 = VECTOR('',#9579,1.);
#9579 = DIRECTION('',(0.,-1.));
#9580 = ( GEOMETRIC_REPRESENTATION_CONTEXT(2) 
PARAMETRIC_REPRESENTATION_CONTEXT() REPRESENTATION_CONTEXT('2D SPACE',''
  ) );
#9581 = PCURVE('',#4022,#9582);
#9582 = DEFINITIONAL_REPRESENTATION('',(#9583),#9587);
#9583 = LINE('',#9584,#9585);
#9584 = CARTESIAN_POINT('',(1.,0.));
#9585 = VECTOR('',#9586,1.);
#9586 = DIRECTION('',(0.,-1.));
#9587 = ( GEOMETRIC_REPRESENTATION_CONTEXT(2) 
PARAMETRIC_REPRESENTATION_CONTEXT() REPRESENTATION_CONTEXT('2D SPACE',''
  ) );
#9588 = ORIENTED_EDGE('',*,*,#9589,.T.);
#9589 = EDGE_CURVE('',#9567,#9590,#9592,.T.);
#9590 = VERTEX_POINT('',#9591);
#9591 = CARTESIAN_POINT('',(14.1466796875,0.67822265625,0.5));
#9592 = SURFACE_CURVE('',#9593,(#9597,#9604),.PCURVE_S1.);
#9593 = B_SPLINE_CURVE_WITH_KNOTS('',2,(#9594,#9595,#9596),
  .UNSPECIFIED.,.F.,.F.,(3,3),(0.,1.),.PIECEWISE_BEZIER_KNOTS.);
#9594 = CARTESIAN_POINT('',(14.04267578125,0.8955078125,0.5));
#9595 = CARTESIAN_POINT('',(14.07734375,0.77978515625,0.5));
#9596 = CARTESIAN_POINT('',(14.1466796875,0.67822265625,0.5));
#9597 = PCURVE('',#3518,#9598);
#9598 = DEFINITIONAL_REPRESENTATION('',(#9599),#9603);
#9599 = LINE('',#9600,#9601);
#9600 = CARTESIAN_POINT('',(0.,-0.5));
#9601 = VECTOR('',#9602,1.);
#9602 = DIRECTION('',(1.,0.));
#9603 = ( GEOMETRIC_REPRESENTATION_CONTEXT(2) 
PARAMETRIC_REPRESENTATION_CONTEXT() REPRESENTATION_CONTEXT('2D SPACE',''
  ) );
#9604 = PCURVE('',#9605,#9610);
#9605 = PLANE('',#9606);
#9606 = AXIS2_PLACEMENT_3D('',#9607,#9608,#9609);
#9607 = CARTESIAN_POINT('',(15.4923828125,1.96630859375,0.5));
#9608 = DIRECTION('',(0.,-1.224646799147E-16,-1.));
#9609 = DIRECTION('',(1.110223024625E-16,-1.,1.224646799147E-16));
#9610 = DEFINITIONAL_REPRESENTATION('',(#9611),#9615);
#9611 = B_SPLINE_CURVE_WITH_KNOTS('',2,(#9612,#9613,#9614),
  .UNSPECIFIED.,.F.,.F.,(3,3),(0.,1.),.PIECEWISE_BEZIER_KNOTS.);
#9612 = CARTESIAN_POINT('',(1.07080078125,1.44970703125));
#9613 = CARTESIAN_POINT('',(1.1865234375,1.4150390625));
#9614 = CARTESIAN_POINT('',(1.2880859375,1.345703125));
#9615 = ( GEOMETRIC_REPRESENTATION_CONTEXT(2) 
PARAMETRIC_REPRESENTATION_CONTEXT() REPRESENTATION_CONTEXT('2D SPACE',''
  ) );
#9616 = ORIENTED_EDGE('',*,*,#9617,.F.);
#9617 = EDGE_CURVE('',#3503,#9590,#9618,.T.);
#9618 = SURFACE_CURVE('',#9619,(#9623,#9630),.PCURVE_S1.);
#9619 = LINE('',#9620,#9621);
#9620 = CARTESIAN_POINT('',(14.1466796875,0.67822265625,0.));
#9621 = VECTOR('',#9622,1.);
#9622 = DIRECTION('',(0.,1.224646799147E-16,1.));
#9623 = PCURVE('',#3518,#9624);
#9624 = DEFINITIONAL_REPRESENTATION('',(#9625),#9629);
#9625 = LINE('',#9626,#9627);
#9626 = CARTESIAN_POINT('',(1.,0.));
#9627 = VECTOR('',#9628,1.);
#9628 = DIRECTION('',(0.,-1.));
#9629 = ( GEOMETRIC_REPRESENTATION_CONTEXT(2) 
PARAMETRIC_REPRESENTATION_CONTEXT() REPRESENTATION_CONTEXT('2D SPACE',''
  ) );
#9630 = PCURVE('',#3548,#9631);
#9631 = DEFINITIONAL_REPRESENTATION('',(#9632),#9636);
#9632 = LINE('',#9633,#9634);
#9633 = CARTESIAN_POINT('',(0.,0.));
#9634 = VECTOR('',#9635,1.);
#9635 = DIRECTION('',(0.,-1.));
#9636 = ( GEOMETRIC_REPRESENTATION_CONTEXT(2) 
PARAMETRIC_REPRESENTATION_CONTEXT() REPRESENTATION_CONTEXT('2D SPACE',''
  ) );
#9637 = ORIENTED_EDGE('',*,*,#3500,.F.);
#9638 = ADVANCED_FACE('',(#9639),#4022,.T.);
#9639 = FACE_BOUND('',#9640,.T.);
#9640 = EDGE_LOOP('',(#9641,#9664,#9685,#9686));
#9641 = ORIENTED_EDGE('',*,*,#9642,.T.);
#9642 = EDGE_CURVE('',#3979,#9643,#9645,.T.);
#9643 = VERTEX_POINT('',#9644);
#9644 = CARTESIAN_POINT('',(14.0080078125,1.14208984375,0.5));
#9645 = SURFACE_CURVE('',#9646,(#9650,#9657),.PCURVE_S1.);
#9646 = LINE('',#9647,#9648);
#9647 = CARTESIAN_POINT('',(14.0080078125,1.14208984375,0.));
#9648 = VECTOR('',#9649,1.);
#9649 = DIRECTION('',(0.,1.224646799147E-16,1.));
#9650 = PCURVE('',#4022,#9651);
#9651 = DEFINITIONAL_REPRESENTATION('',(#9652),#9656);
#9652 = LINE('',#9653,#9654);
#9653 = CARTESIAN_POINT('',(0.,0.));
#9654 = VECTOR('',#9655,1.);
#9655 = DIRECTION('',(0.,-1.));
#9656 = ( GEOMETRIC_REPRESENTATION_CONTEXT(2) 
PARAMETRIC_REPRESENTATION_CONTEXT() REPRESENTATION_CONTEXT('2D SPACE',''
  ) );
#9657 = PCURVE('',#3994,#9658);
#9658 = DEFINITIONAL_REPRESENTATION('',(#9659),#9663);
#9659 = LINE('',#9660,#9661);
#9660 = CARTESIAN_POINT('',(1.,0.));
#9661 = VECTOR('',#9662,1.);
#9662 = DIRECTION('',(0.,-1.));
#9663 = ( GEOMETRIC_REPRESENTATION_CONTEXT(2) 
PARAMETRIC_REPRESENTATION_CONTEXT() REPRESENTATION_CONTEXT('2D SPACE',''
  ) );
#9664 = ORIENTED_EDGE('',*,*,#9665,.T.);
#9665 = EDGE_CURVE('',#9643,#9567,#9666,.T.);
#9666 = SURFACE_CURVE('',#9667,(#9671,#9678),.PCURVE_S1.);
#9667 = B_SPLINE_CURVE_WITH_KNOTS('',2,(#9668,#9669,#9670),
  .UNSPECIFIED.,.F.,.F.,(3,3),(0.,1.),.PIECEWISE_BEZIER_KNOTS.);
#9668 = CARTESIAN_POINT('',(14.0080078125,1.14208984375,0.5));
#9669 = CARTESIAN_POINT('',(14.0080078125,1.01123046875,0.5));
#9670 = CARTESIAN_POINT('',(14.04267578125,0.8955078125,0.5));
#9671 = PCURVE('',#4022,#9672);
#9672 = DEFINITIONAL_REPRESENTATION('',(#9673),#9677);
#9673 = LINE('',#9674,#9675);
#9674 = CARTESIAN_POINT('',(0.,-0.5));
#9675 = VECTOR('',#9676,1.);
#9676 = DIRECTION('',(1.,0.));
#9677 = ( GEOMETRIC_REPRESENTATION_CONTEXT(2) 
PARAMETRIC_REPRESENTATION_CONTEXT() REPRESENTATION_CONTEXT('2D SPACE',''
  ) );
#9678 = PCURVE('',#9605,#9679);
#9679 = DEFINITIONAL_REPRESENTATION('',(#9680),#9684);
#9680 = B_SPLINE_CURVE_WITH_KNOTS('',2,(#9681,#9682,#9683),
  .UNSPECIFIED.,.F.,.F.,(3,3),(0.,1.),.PIECEWISE_BEZIER_KNOTS.);
#9681 = CARTESIAN_POINT('',(0.82421875,1.484375));
#9682 = CARTESIAN_POINT('',(0.955078125,1.484375));
#9683 = CARTESIAN_POINT('',(1.07080078125,1.44970703125));
#9684 = ( GEOMETRIC_REPRESENTATION_CONTEXT(2) 
PARAMETRIC_REPRESENTATION_CONTEXT() REPRESENTATION_CONTEXT('2D SPACE',''
  ) );
#9685 = ORIENTED_EDGE('',*,*,#9566,.F.);
#9686 = ORIENTED_EDGE('',*,*,#4008,.F.);
#9687 = ADVANCED_FACE('',(#9688),#3994,.T.);
#9688 = FACE_BOUND('',#9689,.T.);
#9689 = EDGE_LOOP('',(#9690,#9713,#9734,#9735));
#9690 = ORIENTED_EDGE('',*,*,#9691,.T.);
#9691 = EDGE_CURVE('',#3949,#9692,#9694,.T.);
#9692 = VERTEX_POINT('',#9693);
#9693 = CARTESIAN_POINT('',(14.21064453125,1.66357421875,0.5));
#9694 = SURFACE_CURVE('',#9695,(#9699,#9706),.PCURVE_S1.);
#9695 = LINE('',#9696,#9697);
#9696 = CARTESIAN_POINT('',(14.21064453125,1.66357421875,0.));
#9697 = VECTOR('',#9698,1.);
#9698 = DIRECTION('',(0.,1.224646799147E-16,1.));
#9699 = PCURVE('',#3994,#9700);
#9700 = DEFINITIONAL_REPRESENTATION('',(#9701),#9705);
#9701 = LINE('',#9702,#9703);
#9702 = CARTESIAN_POINT('',(0.,0.));
#9703 = VECTOR('',#9704,1.);
#9704 = DIRECTION('',(0.,-1.));
#9705 = ( GEOMETRIC_REPRESENTATION_CONTEXT(2) 
PARAMETRIC_REPRESENTATION_CONTEXT() REPRESENTATION_CONTEXT('2D SPACE',''
  ) );
#9706 = PCURVE('',#3964,#9707);
#9707 = DEFINITIONAL_REPRESENTATION('',(#9708),#9712);
#9708 = LINE('',#9709,#9710);
#9709 = CARTESIAN_POINT('',(1.,0.));
#9710 = VECTOR('',#9711,1.);
#9711 = DIRECTION('',(0.,-1.));
#9712 = ( GEOMETRIC_REPRESENTATION_CONTEXT(2) 
PARAMETRIC_REPRESENTATION_CONTEXT() REPRESENTATION_CONTEXT('2D SPACE',''
  ) );
#9713 = ORIENTED_EDGE('',*,*,#9714,.T.);
#9714 = EDGE_CURVE('',#9692,#9643,#9715,.T.);
#9715 = SURFACE_CURVE('',#9716,(#9720,#9727),.PCURVE_S1.);
#9716 = B_SPLINE_CURVE_WITH_KNOTS('',2,(#9717,#9718,#9719),
  .UNSPECIFIED.,.F.,.F.,(3,3),(0.,1.),.PIECEWISE_BEZIER_KNOTS.);
#9717 = CARTESIAN_POINT('',(14.21064453125,1.66357421875,0.5));
#9718 = CARTESIAN_POINT('',(14.0080078125,1.47314453125,0.5));
#9719 = CARTESIAN_POINT('',(14.0080078125,1.14208984375,0.5));
#9720 = PCURVE('',#3994,#9721);
#9721 = DEFINITIONAL_REPRESENTATION('',(#9722),#9726);
#9722 = LINE('',#9723,#9724);
#9723 = CARTESIAN_POINT('',(0.,-0.5));
#9724 = VECTOR('',#9725,1.);
#9725 = DIRECTION('',(1.,0.));
#9726 = ( GEOMETRIC_REPRESENTATION_CONTEXT(2) 
PARAMETRIC_REPRESENTATION_CONTEXT() REPRESENTATION_CONTEXT('2D SPACE',''
  ) );
#9727 = PCURVE('',#9605,#9728);
#9728 = DEFINITIONAL_REPRESENTATION('',(#9729),#9733);
#9729 = B_SPLINE_CURVE_WITH_KNOTS('',2,(#9730,#9731,#9732),
  .UNSPECIFIED.,.F.,.F.,(3,3),(0.,1.),.PIECEWISE_BEZIER_KNOTS.);
#9730 = CARTESIAN_POINT('',(0.302734375,1.28173828125));
#9731 = CARTESIAN_POINT('',(0.4931640625,1.484375));
#9732 = CARTESIAN_POINT('',(0.82421875,1.484375));
#9733 = ( GEOMETRIC_REPRESENTATION_CONTEXT(2) 
PARAMETRIC_REPRESENTATION_CONTEXT() REPRESENTATION_CONTEXT('2D SPACE',''
  ) );
#9734 = ORIENTED_EDGE('',*,*,#9642,.F.);
#9735 = ORIENTED_EDGE('',*,*,#3978,.F.);
#9736 = ADVANCED_FACE('',(#9737),#3964,.T.);
#9737 = FACE_BOUND('',#9738,.T.);
#9738 = EDGE_LOOP('',(#9739,#9762,#9783,#9784));
#9739 = ORIENTED_EDGE('',*,*,#9740,.T.);
#9740 = EDGE_CURVE('',#3919,#9741,#9743,.T.);
#9741 = VERTEX_POINT('',#9742);
#9742 = CARTESIAN_POINT('',(14.76484375,1.85400390625,0.5));
#9743 = SURFACE_CURVE('',#9744,(#9748,#9755),.PCURVE_S1.);
#9744 = LINE('',#9745,#9746);
#9745 = CARTESIAN_POINT('',(14.76484375,1.85400390625,0.));
#9746 = VECTOR('',#9747,1.);
#9747 = DIRECTION('',(0.,1.224646799147E-16,1.));
#9748 = PCURVE('',#3964,#9749);
#9749 = DEFINITIONAL_REPRESENTATION('',(#9750),#9754);
#9750 = LINE('',#9751,#9752);
#9751 = CARTESIAN_POINT('',(0.,0.));
#9752 = VECTOR('',#9753,1.);
#9753 = DIRECTION('',(0.,-1.));
#9754 = ( GEOMETRIC_REPRESENTATION_CONTEXT(2) 
PARAMETRIC_REPRESENTATION_CONTEXT() REPRESENTATION_CONTEXT('2D SPACE',''
  ) );
#9755 = PCURVE('',#3934,#9756);
#9756 = DEFINITIONAL_REPRESENTATION('',(#9757),#9761);
#9757 = LINE('',#9758,#9759);
#9758 = CARTESIAN_POINT('',(1.,0.));
#9759 = VECTOR('',#9760,1.);
#9760 = DIRECTION('',(0.,-1.));
#9761 = ( GEOMETRIC_REPRESENTATION_CONTEXT(2) 
PARAMETRIC_REPRESENTATION_CONTEXT() REPRESENTATION_CONTEXT('2D SPACE',''
  ) );
#9762 = ORIENTED_EDGE('',*,*,#9763,.T.);
#9763 = EDGE_CURVE('',#9741,#9692,#9764,.T.);
#9764 = SURFACE_CURVE('',#9765,(#9769,#9776),.PCURVE_S1.);
#9765 = B_SPLINE_CURVE_WITH_KNOTS('',2,(#9766,#9767,#9768),
  .UNSPECIFIED.,.F.,.F.,(3,3),(0.,1.),.PIECEWISE_BEZIER_KNOTS.);
#9766 = CARTESIAN_POINT('',(14.76484375,1.85400390625,0.5));
#9767 = CARTESIAN_POINT('',(14.41328125,1.85400390625,0.5));
#9768 = CARTESIAN_POINT('',(14.21064453125,1.66357421875,0.5));
#9769 = PCURVE('',#3964,#9770);
#9770 = DEFINITIONAL_REPRESENTATION('',(#9771),#9775);
#9771 = LINE('',#9772,#9773);
#9772 = CARTESIAN_POINT('',(0.,-0.5));
#9773 = VECTOR('',#9774,1.);
#9774 = DIRECTION('',(1.,0.));
#9775 = ( GEOMETRIC_REPRESENTATION_CONTEXT(2) 
PARAMETRIC_REPRESENTATION_CONTEXT() REPRESENTATION_CONTEXT('2D SPACE',''
  ) );
#9776 = PCURVE('',#9605,#9777);
#9777 = DEFINITIONAL_REPRESENTATION('',(#9778),#9782);
#9778 = B_SPLINE_CURVE_WITH_KNOTS('',2,(#9779,#9780,#9781),
  .UNSPECIFIED.,.F.,.F.,(3,3),(0.,1.),.PIECEWISE_BEZIER_KNOTS.);
#9779 = CARTESIAN_POINT('',(0.1123046875,0.7275390625));
#9780 = CARTESIAN_POINT('',(0.1123046875,1.0791015625));
#9781 = CARTESIAN_POINT('',(0.302734375,1.28173828125));
#9782 = ( GEOMETRIC_REPRESENTATION_CONTEXT(2) 
PARAMETRIC_REPRESENTATION_CONTEXT() REPRESENTATION_CONTEXT('2D SPACE',''
  ) );
#9783 = ORIENTED_EDGE('',*,*,#9691,.F.);
#9784 = ORIENTED_EDGE('',*,*,#3948,.F.);
#9785 = ADVANCED_FACE('',(#9786),#3934,.T.);
#9786 = FACE_BOUND('',#9787,.T.);
#9787 = EDGE_LOOP('',(#9788,#9811,#9832,#9833));
#9788 = ORIENTED_EDGE('',*,*,#9789,.T.);
#9789 = EDGE_CURVE('',#3889,#9790,#9792,.T.);
#9790 = VERTEX_POINT('',#9791);
#9791 = CARTESIAN_POINT('',(15.31806640625,1.66357421875,0.5));
#9792 = SURFACE_CURVE('',#9793,(#9797,#9804),.PCURVE_S1.);
#9793 = LINE('',#9794,#9795);
#9794 = CARTESIAN_POINT('',(15.31806640625,1.66357421875,0.));
#9795 = VECTOR('',#9796,1.);
#9796 = DIRECTION('',(0.,1.224646799147E-16,1.));
#9797 = PCURVE('',#3934,#9798);
#9798 = DEFINITIONAL_REPRESENTATION('',(#9799),#9803);
#9799 = LINE('',#9800,#9801);
#9800 = CARTESIAN_POINT('',(0.,0.));
#9801 = VECTOR('',#9802,1.);
#9802 = DIRECTION('',(0.,-1.));
#9803 = ( GEOMETRIC_REPRESENTATION_CONTEXT(2) 
PARAMETRIC_REPRESENTATION_CONTEXT() REPRESENTATION_CONTEXT('2D SPACE',''
  ) );
#9804 = PCURVE('',#3904,#9805);
#9805 = DEFINITIONAL_REPRESENTATION('',(#9806),#9810);
#9806 = LINE('',#9807,#9808);
#9807 = CARTESIAN_POINT('',(1.,0.));
#9808 = VECTOR('',#9809,1.);
#9809 = DIRECTION('',(0.,-1.));
#9810 = ( GEOMETRIC_REPRESENTATION_CONTEXT(2) 
PARAMETRIC_REPRESENTATION_CONTEXT() REPRESENTATION_CONTEXT('2D SPACE',''
  ) );
#9811 = ORIENTED_EDGE('',*,*,#9812,.T.);
#9812 = EDGE_CURVE('',#9790,#9741,#9813,.T.);
#9813 = SURFACE_CURVE('',#9814,(#9818,#9825),.PCURVE_S1.);
#9814 = B_SPLINE_CURVE_WITH_KNOTS('',2,(#9815,#9816,#9817),
  .UNSPECIFIED.,.F.,.F.,(3,3),(0.,1.),.PIECEWISE_BEZIER_KNOTS.);
#9815 = CARTESIAN_POINT('',(15.31806640625,1.66357421875,0.5));
#9816 = CARTESIAN_POINT('',(15.1154296875,1.85400390625,0.5));
#9817 = CARTESIAN_POINT('',(14.76484375,1.85400390625,0.5));
#9818 = PCURVE('',#3934,#9819);
#9819 = DEFINITIONAL_REPRESENTATION('',(#9820),#9824);
#9820 = LINE('',#9821,#9822);
#9821 = CARTESIAN_POINT('',(0.,-0.5));
#9822 = VECTOR('',#9823,1.);
#9823 = DIRECTION('',(1.,0.));
#9824 = ( GEOMETRIC_REPRESENTATION_CONTEXT(2) 
PARAMETRIC_REPRESENTATION_CONTEXT() REPRESENTATION_CONTEXT('2D SPACE',''
  ) );
#9825 = PCURVE('',#9605,#9826);
#9826 = DEFINITIONAL_REPRESENTATION('',(#9827),#9831);
#9827 = B_SPLINE_CURVE_WITH_KNOTS('',2,(#9828,#9829,#9830),
  .UNSPECIFIED.,.F.,.F.,(3,3),(0.,1.),.PIECEWISE_BEZIER_KNOTS.);
#9828 = CARTESIAN_POINT('',(0.302734375,0.17431640625));
#9829 = CARTESIAN_POINT('',(0.1123046875,0.376953125));
#9830 = CARTESIAN_POINT('',(0.1123046875,0.7275390625));
#9831 = ( GEOMETRIC_REPRESENTATION_CONTEXT(2) 
PARAMETRIC_REPRESENTATION_CONTEXT() REPRESENTATION_CONTEXT('2D SPACE',''
  ) );
#9832 = ORIENTED_EDGE('',*,*,#9740,.F.);
#9833 = ORIENTED_EDGE('',*,*,#3918,.F.);
#9834 = ADVANCED_FACE('',(#9835),#3904,.T.);
#9835 = FACE_BOUND('',#9836,.T.);
#9836 = EDGE_LOOP('',(#9837,#9860,#9881,#9882));
#9837 = ORIENTED_EDGE('',*,*,#9838,.T.);
#9838 = EDGE_CURVE('',#3859,#9839,#9841,.T.);
#9839 = VERTEX_POINT('',#9840);
#9840 = CARTESIAN_POINT('',(15.520703125,1.14208984375,0.5));
#9841 = SURFACE_CURVE('',#9842,(#9846,#9853),.PCURVE_S1.);
#9842 = LINE('',#9843,#9844);
#9843 = CARTESIAN_POINT('',(15.520703125,1.14208984375,0.));
#9844 = VECTOR('',#9845,1.);
#9845 = DIRECTION('',(0.,1.224646799147E-16,1.));
#9846 = PCURVE('',#3904,#9847);
#9847 = DEFINITIONAL_REPRESENTATION('',(#9848),#9852);
#9848 = LINE('',#9849,#9850);
#9849 = CARTESIAN_POINT('',(0.,0.));
#9850 = VECTOR('',#9851,1.);
#9851 = DIRECTION('',(0.,-1.));
#9852 = ( GEOMETRIC_REPRESENTATION_CONTEXT(2) 
PARAMETRIC_REPRESENTATION_CONTEXT() REPRESENTATION_CONTEXT('2D SPACE',''
  ) );
#9853 = PCURVE('',#3874,#9854);
#9854 = DEFINITIONAL_REPRESENTATION('',(#9855),#9859);
#9855 = LINE('',#9856,#9857);
#9856 = CARTESIAN_POINT('',(1.,0.));
#9857 = VECTOR('',#9858,1.);
#9858 = DIRECTION('',(0.,-1.));
#9859 = ( GEOMETRIC_REPRESENTATION_CONTEXT(2) 
PARAMETRIC_REPRESENTATION_CONTEXT() REPRESENTATION_CONTEXT('2D SPACE',''
  ) );
#9860 = ORIENTED_EDGE('',*,*,#9861,.T.);
#9861 = EDGE_CURVE('',#9839,#9790,#9862,.T.);
#9862 = SURFACE_CURVE('',#9863,(#9867,#9874),.PCURVE_S1.);
#9863 = B_SPLINE_CURVE_WITH_KNOTS('',2,(#9864,#9865,#9866),
  .UNSPECIFIED.,.F.,.F.,(3,3),(0.,1.),.PIECEWISE_BEZIER_KNOTS.);
#9864 = CARTESIAN_POINT('',(15.520703125,1.14208984375,0.5));
#9865 = CARTESIAN_POINT('',(15.520703125,1.47314453125,0.5));
#9866 = CARTESIAN_POINT('',(15.31806640625,1.66357421875,0.5));
#9867 = PCURVE('',#3904,#9868);
#9868 = DEFINITIONAL_REPRESENTATION('',(#9869),#9873);
#9869 = LINE('',#9870,#9871);
#9870 = CARTESIAN_POINT('',(0.,-0.5));
#9871 = VECTOR('',#9872,1.);
#9872 = DIRECTION('',(1.,0.));
#9873 = ( GEOMETRIC_REPRESENTATION_CONTEXT(2) 
PARAMETRIC_REPRESENTATION_CONTEXT() REPRESENTATION_CONTEXT('2D SPACE',''
  ) );
#9874 = PCURVE('',#9605,#9875);
#9875 = DEFINITIONAL_REPRESENTATION('',(#9876),#9880);
#9876 = B_SPLINE_CURVE_WITH_KNOTS('',2,(#9877,#9878,#9879),
  .UNSPECIFIED.,.F.,.F.,(3,3),(0.,1.),.PIECEWISE_BEZIER_KNOTS.);
#9877 = CARTESIAN_POINT('',(0.82421875,-2.83203125E-02));
#9878 = CARTESIAN_POINT('',(0.4931640625,-2.83203125E-02));
#9879 = CARTESIAN_POINT('',(0.302734375,0.17431640625));
#9880 = ( GEOMETRIC_REPRESENTATION_CONTEXT(2) 
PARAMETRIC_REPRESENTATION_CONTEXT() REPRESENTATION_CONTEXT('2D SPACE',''
  ) );
#9881 = ORIENTED_EDGE('',*,*,#9789,.F.);
#9882 = ORIENTED_EDGE('',*,*,#3888,.F.);
#9883 = ADVANCED_FACE('',(#9884),#3874,.T.);
#9884 = FACE_BOUND('',#9885,.T.);
#9885 = EDGE_LOOP('',(#9886,#9909,#9930,#9931));
#9886 = ORIENTED_EDGE('',*,*,#9887,.T.);
#9887 = EDGE_CURVE('',#3829,#9888,#9890,.T.);
#9888 = VERTEX_POINT('',#9889);
#9889 = CARTESIAN_POINT('',(15.485546875,0.8974609375,0.5));
#9890 = SURFACE_CURVE('',#9891,(#9895,#9902),.PCURVE_S1.);
#9891 = LINE('',#9892,#9893);
#9892 = CARTESIAN_POINT('',(15.485546875,0.8974609375,0.));
#9893 = VECTOR('',#9894,1.);
#9894 = DIRECTION('',(0.,1.224646799147E-16,1.));
#9895 = PCURVE('',#3874,#9896);
#9896 = DEFINITIONAL_REPRESENTATION('',(#9897),#9901);
#9897 = LINE('',#9898,#9899);
#9898 = CARTESIAN_POINT('',(0.,0.));
#9899 = VECTOR('',#9900,1.);
#9900 = DIRECTION('',(0.,-1.));
#9901 = ( GEOMETRIC_REPRESENTATION_CONTEXT(2) 
PARAMETRIC_REPRESENTATION_CONTEXT() REPRESENTATION_CONTEXT('2D SPACE',''
  ) );
#9902 = PCURVE('',#3844,#9903);
#9903 = DEFINITIONAL_REPRESENTATION('',(#9904),#9908);
#9904 = LINE('',#9905,#9906);
#9905 = CARTESIAN_POINT('',(1.,0.));
#9906 = VECTOR('',#9907,1.);
#9907 = DIRECTION('',(0.,-1.));
#9908 = ( GEOMETRIC_REPRESENTATION_CONTEXT(2) 
PARAMETRIC_REPRESENTATION_CONTEXT() REPRESENTATION_CONTEXT('2D SPACE',''
  ) );
#9909 = ORIENTED_EDGE('',*,*,#9910,.T.);
#9910 = EDGE_CURVE('',#9888,#9839,#9911,.T.);
#9911 = SURFACE_CURVE('',#9912,(#9916,#9923),.PCURVE_S1.);
#9912 = B_SPLINE_CURVE_WITH_KNOTS('',2,(#9913,#9914,#9915),
  .UNSPECIFIED.,.F.,.F.,(3,3),(0.,1.),.PIECEWISE_BEZIER_KNOTS.);
#9913 = CARTESIAN_POINT('',(15.485546875,0.8974609375,0.5));
#9914 = CARTESIAN_POINT('',(15.520703125,1.01318359375,0.5));
#9915 = CARTESIAN_POINT('',(15.520703125,1.14208984375,0.5));
#9916 = PCURVE('',#3874,#9917);
#9917 = DEFINITIONAL_REPRESENTATION('',(#9918),#9922);
#9918 = LINE('',#9919,#9920);
#9919 = CARTESIAN_POINT('',(0.,-0.5));
#9920 = VECTOR('',#9921,1.);
#9921 = DIRECTION('',(1.,0.));
#9922 = ( GEOMETRIC_REPRESENTATION_CONTEXT(2) 
PARAMETRIC_REPRESENTATION_CONTEXT() REPRESENTATION_CONTEXT('2D SPACE',''
  ) );
#9923 = PCURVE('',#9605,#9924);
#9924 = DEFINITIONAL_REPRESENTATION('',(#9925),#9929);
#9925 = B_SPLINE_CURVE_WITH_KNOTS('',2,(#9926,#9927,#9928),
  .UNSPECIFIED.,.F.,.F.,(3,3),(0.,1.),.PIECEWISE_BEZIER_KNOTS.);
#9926 = CARTESIAN_POINT('',(1.06884765625,6.8359375E-03));
#9927 = CARTESIAN_POINT('',(0.953125,-2.83203125E-02));
#9928 = CARTESIAN_POINT('',(0.82421875,-2.83203125E-02));
#9929 = ( GEOMETRIC_REPRESENTATION_CONTEXT(2) 
PARAMETRIC_REPRESENTATION_CONTEXT() REPRESENTATION_CONTEXT('2D SPACE',''
  ) );
#9930 = ORIENTED_EDGE('',*,*,#9838,.F.);
#9931 = ORIENTED_EDGE('',*,*,#3858,.F.);
#9932 = ADVANCED_FACE('',(#9933),#3844,.T.);
#9933 = FACE_BOUND('',#9934,.T.);
#9934 = EDGE_LOOP('',(#9935,#9958,#9979,#9980));
#9935 = ORIENTED_EDGE('',*,*,#9936,.T.);
#9936 = EDGE_CURVE('',#3801,#9937,#9939,.T.);
#9937 = VERTEX_POINT('',#9938);
#9938 = CARTESIAN_POINT('',(15.380078125,0.67822265625,0.5));
#9939 = SURFACE_CURVE('',#9940,(#9944,#9951),.PCURVE_S1.);
#9940 = LINE('',#9941,#9942);
#9941 = CARTESIAN_POINT('',(15.380078125,0.67822265625,0.));
#9942 = VECTOR('',#9943,1.);
#9943 = DIRECTION('',(0.,1.224646799147E-16,1.));
#9944 = PCURVE('',#3844,#9945);
#9945 = DEFINITIONAL_REPRESENTATION('',(#9946),#9950);
#9946 = LINE('',#9947,#9948);
#9947 = CARTESIAN_POINT('',(0.,0.));
#9948 = VECTOR('',#9949,1.);
#9949 = DIRECTION('',(0.,-1.));
#9950 = ( GEOMETRIC_REPRESENTATION_CONTEXT(2) 
PARAMETRIC_REPRESENTATION_CONTEXT() REPRESENTATION_CONTEXT('2D SPACE',''
  ) );
#9951 = PCURVE('',#3816,#9952);
#9952 = DEFINITIONAL_REPRESENTATION('',(#9953),#9957);
#9953 = LINE('',#9954,#9955);
#9954 = CARTESIAN_POINT('',(0.2060546875,-1.079472717493E-32));
#9955 = VECTOR('',#9956,1.);
#9956 = DIRECTION('',(0.,-1.));
#9957 = ( GEOMETRIC_REPRESENTATION_CONTEXT(2) 
PARAMETRIC_REPRESENTATION_CONTEXT() REPRESENTATION_CONTEXT('2D SPACE',''
  ) );
#9958 = ORIENTED_EDGE('',*,*,#9959,.T.);
#9959 = EDGE_CURVE('',#9937,#9888,#9960,.T.);
#9960 = SURFACE_CURVE('',#9961,(#9965,#9972),.PCURVE_S1.);
#9961 = B_SPLINE_CURVE_WITH_KNOTS('',2,(#9962,#9963,#9964),
  .UNSPECIFIED.,.F.,.F.,(3,3),(0.,1.),.PIECEWISE_BEZIER_KNOTS.);
#9962 = CARTESIAN_POINT('',(15.380078125,0.67822265625,0.5));
#9963 = CARTESIAN_POINT('',(15.450390625,0.78173828125,0.5));
#9964 = CARTESIAN_POINT('',(15.485546875,0.8974609375,0.5));
#9965 = PCURVE('',#3844,#9966);
#9966 = DEFINITIONAL_REPRESENTATION('',(#9967),#9971);
#9967 = LINE('',#9968,#9969);
#9968 = CARTESIAN_POINT('',(0.,-0.5));
#9969 = VECTOR('',#9970,1.);
#9970 = DIRECTION('',(1.,0.));
#9971 = ( GEOMETRIC_REPRESENTATION_CONTEXT(2) 
PARAMETRIC_REPRESENTATION_CONTEXT() REPRESENTATION_CONTEXT('2D SPACE',''
  ) );
#9972 = PCURVE('',#9605,#9973);
#9973 = DEFINITIONAL_REPRESENTATION('',(#9974),#9978);
#9974 = B_SPLINE_CURVE_WITH_KNOTS('',2,(#9975,#9976,#9977),
  .UNSPECIFIED.,.F.,.F.,(3,3),(0.,1.),.PIECEWISE_BEZIER_KNOTS.);
#9975 = CARTESIAN_POINT('',(1.2880859375,0.1123046875));
#9976 = CARTESIAN_POINT('',(1.1845703125,4.19921875E-02));
#9977 = CARTESIAN_POINT('',(1.06884765625,6.8359375E-03));
#9978 = ( GEOMETRIC_REPRESENTATION_CONTEXT(2) 
PARAMETRIC_REPRESENTATION_CONTEXT() REPRESENTATION_CONTEXT('2D SPACE',''
  ) );
#9979 = ORIENTED_EDGE('',*,*,#9887,.F.);
#9980 = ORIENTED_EDGE('',*,*,#3828,.F.);
#9981 = ADVANCED_FACE('',(#9982),#3816,.T.);
#9982 = FACE_BOUND('',#9983,.T.);
#9983 = EDGE_LOOP('',(#9984,#10007,#10028,#10029));
#9984 = ORIENTED_EDGE('',*,*,#9985,.T.);
#9985 = EDGE_CURVE('',#3771,#9986,#9988,.T.);
#9986 = VERTEX_POINT('',#9987);
#9987 = CARTESIAN_POINT('',(15.1740234375,0.67822265625,0.5));
#9988 = SURFACE_CURVE('',#9989,(#9993,#10000),.PCURVE_S1.);
#9989 = LINE('',#9990,#9991);
#9990 = CARTESIAN_POINT('',(15.1740234375,0.67822265625,0.));
#9991 = VECTOR('',#9992,1.);
#9992 = DIRECTION('',(0.,1.224646799147E-16,1.));
#9993 = PCURVE('',#3816,#9994);
#9994 = DEFINITIONAL_REPRESENTATION('',(#9995),#9999);
#9995 = LINE('',#9996,#9997);
#9996 = CARTESIAN_POINT('',(0.,0.));
#9997 = VECTOR('',#9998,1.);
#9998 = DIRECTION('',(0.,-1.));
#9999 = ( GEOMETRIC_REPRESENTATION_CONTEXT(2) 
PARAMETRIC_REPRESENTATION_CONTEXT() REPRESENTATION_CONTEXT('2D SPACE',''
  ) );
#10000 = PCURVE('',#3786,#10001);
#10001 = DEFINITIONAL_REPRESENTATION('',(#10002),#10006);
#10002 = LINE('',#10003,#10004);
#10003 = CARTESIAN_POINT('',(1.,0.));
#10004 = VECTOR('',#10005,1.);
#10005 = DIRECTION('',(0.,-1.));
#10006 = ( GEOMETRIC_REPRESENTATION_CONTEXT(2) 
PARAMETRIC_REPRESENTATION_CONTEXT() REPRESENTATION_CONTEXT('2D SPACE',''
  ) );
#10007 = ORIENTED_EDGE('',*,*,#10008,.T.);
#10008 = EDGE_CURVE('',#9986,#9937,#10009,.T.);
#10009 = SURFACE_CURVE('',#10010,(#10014,#10021),.PCURVE_S1.);
#10010 = LINE('',#10011,#10012);
#10011 = CARTESIAN_POINT('',(15.1740234375,0.67822265625,0.5));
#10012 = VECTOR('',#10013,1.);
#10013 = DIRECTION('',(1.,1.110223024625E-16,-1.359631073447E-32));
#10014 = PCURVE('',#3816,#10015);
#10015 = DEFINITIONAL_REPRESENTATION('',(#10016),#10020);
#10016 = LINE('',#10017,#10018);
#10017 = CARTESIAN_POINT('',(5.527796276844E-33,-0.5));
#10018 = VECTOR('',#10019,1.);
#10019 = DIRECTION('',(1.,0.));
#10020 = ( GEOMETRIC_REPRESENTATION_CONTEXT(2) 
PARAMETRIC_REPRESENTATION_CONTEXT() REPRESENTATION_CONTEXT('2D SPACE',''
  ) );
#10021 = PCURVE('',#9605,#10022);
#10022 = DEFINITIONAL_REPRESENTATION('',(#10023),#10027);
#10023 = LINE('',#10024,#10025);
#10024 = CARTESIAN_POINT('',(1.2880859375,0.318359375));
#10025 = VECTOR('',#10026,1.);
#10026 = DIRECTION('',(-1.665067842118E-48,-1.));
#10027 = ( GEOMETRIC_REPRESENTATION_CONTEXT(2) 
PARAMETRIC_REPRESENTATION_CONTEXT() REPRESENTATION_CONTEXT('2D SPACE',''
  ) );
#10028 = ORIENTED_EDGE('',*,*,#9936,.F.);
#10029 = ORIENTED_EDGE('',*,*,#3800,.F.);
#10030 = ADVANCED_FACE('',(#10031),#3786,.T.);
#10031 = FACE_BOUND('',#10032,.T.);
#10032 = EDGE_LOOP('',(#10033,#10056,#10077,#10078));
#10033 = ORIENTED_EDGE('',*,*,#10034,.T.);
#10034 = EDGE_CURVE('',#3741,#10035,#10037,.T.);
#10035 = VERTEX_POINT('',#10036);
#10036 = CARTESIAN_POINT('',(15.3126953125,0.890625,0.5));
#10037 = SURFACE_CURVE('',#10038,(#10042,#10049),.PCURVE_S1.);
#10038 = LINE('',#10039,#10040);
#10039 = CARTESIAN_POINT('',(15.3126953125,0.890625,0.));
#10040 = VECTOR('',#10041,1.);
#10041 = DIRECTION('',(0.,1.224646799147E-16,1.));
#10042 = PCURVE('',#3786,#10043);
#10043 = DEFINITIONAL_REPRESENTATION('',(#10044),#10048);
#10044 = LINE('',#10045,#10046);
#10045 = CARTESIAN_POINT('',(0.,0.));
#10046 = VECTOR('',#10047,1.);
#10047 = DIRECTION('',(0.,-1.));
#10048 = ( GEOMETRIC_REPRESENTATION_CONTEXT(2) 
PARAMETRIC_REPRESENTATION_CONTEXT() REPRESENTATION_CONTEXT('2D SPACE',''
  ) );
#10049 = PCURVE('',#3756,#10050);
#10050 = DEFINITIONAL_REPRESENTATION('',(#10051),#10055);
#10051 = LINE('',#10052,#10053);
#10052 = CARTESIAN_POINT('',(1.,0.));
#10053 = VECTOR('',#10054,1.);
#10054 = DIRECTION('',(0.,-1.));
#10055 = ( GEOMETRIC_REPRESENTATION_CONTEXT(2) 
PARAMETRIC_REPRESENTATION_CONTEXT() REPRESENTATION_CONTEXT('2D SPACE',''
  ) );
#10056 = ORIENTED_EDGE('',*,*,#10057,.T.);
#10057 = EDGE_CURVE('',#10035,#9986,#10058,.T.);
#10058 = SURFACE_CURVE('',#10059,(#10063,#10070),.PCURVE_S1.);
#10059 = B_SPLINE_CURVE_WITH_KNOTS('',2,(#10060,#10061,#10062),
  .UNSPECIFIED.,.F.,.F.,(3,3),(0.,1.),.PIECEWISE_BEZIER_KNOTS.);
#10060 = CARTESIAN_POINT('',(15.3126953125,0.890625,0.5));
#10061 = CARTESIAN_POINT('',(15.266796875,0.77783203125,0.5));
#10062 = CARTESIAN_POINT('',(15.1740234375,0.67822265625,0.5));
#10063 = PCURVE('',#3786,#10064);
#10064 = DEFINITIONAL_REPRESENTATION('',(#10065),#10069);
#10065 = LINE('',#10066,#10067);
#10066 = CARTESIAN_POINT('',(0.,-0.5));
#10067 = VECTOR('',#10068,1.);
#10068 = DIRECTION('',(1.,0.));
#10069 = ( GEOMETRIC_REPRESENTATION_CONTEXT(2) 
PARAMETRIC_REPRESENTATION_CONTEXT() REPRESENTATION_CONTEXT('2D SPACE',''
  ) );
#10070 = PCURVE('',#9605,#10071);
#10071 = DEFINITIONAL_REPRESENTATION('',(#10072),#10076);
#10072 = B_SPLINE_CURVE_WITH_KNOTS('',2,(#10073,#10074,#10075),
  .UNSPECIFIED.,.F.,.F.,(3,3),(0.,1.),.PIECEWISE_BEZIER_KNOTS.);
#10073 = CARTESIAN_POINT('',(1.07568359375,0.1796875));
#10074 = CARTESIAN_POINT('',(1.1884765625,0.2255859375));
#10075 = CARTESIAN_POINT('',(1.2880859375,0.318359375));
#10076 = ( GEOMETRIC_REPRESENTATION_CONTEXT(2) 
PARAMETRIC_REPRESENTATION_CONTEXT() REPRESENTATION_CONTEXT('2D SPACE',''
  ) );
#10077 = ORIENTED_EDGE('',*,*,#9985,.F.);
#10078 = ORIENTED_EDGE('',*,*,#3770,.F.);
#10079 = ADVANCED_FACE('',(#10080),#3756,.T.);
#10080 = FACE_BOUND('',#10081,.T.);
#10081 = EDGE_LOOP('',(#10082,#10105,#10126,#10127));
#10082 = ORIENTED_EDGE('',*,*,#10083,.T.);
#10083 = EDGE_CURVE('',#3711,#10084,#10086,.T.);
#10084 = VERTEX_POINT('',#10085);
#10085 = CARTESIAN_POINT('',(15.35859375,1.13037109375,0.5));
#10086 = SURFACE_CURVE('',#10087,(#10091,#10098),.PCURVE_S1.);
#10087 = LINE('',#10088,#10089);
#10088 = CARTESIAN_POINT('',(15.35859375,1.13037109375,0.));
#10089 = VECTOR('',#10090,1.);
#10090 = DIRECTION('',(0.,1.224646799147E-16,1.));
#10091 = PCURVE('',#3756,#10092);
#10092 = DEFINITIONAL_REPRESENTATION('',(#10093),#10097);
#10093 = LINE('',#10094,#10095);
#10094 = CARTESIAN_POINT('',(0.,0.));
#10095 = VECTOR('',#10096,1.);
#10096 = DIRECTION('',(0.,-1.));
#10097 = ( GEOMETRIC_REPRESENTATION_CONTEXT(2) 
PARAMETRIC_REPRESENTATION_CONTEXT() REPRESENTATION_CONTEXT('2D SPACE',''
  ) );
#10098 = PCURVE('',#3726,#10099);
#10099 = DEFINITIONAL_REPRESENTATION('',(#10100),#10104);
#10100 = LINE('',#10101,#10102);
#10101 = CARTESIAN_POINT('',(1.,0.));
#10102 = VECTOR('',#10103,1.);
#10103 = DIRECTION('',(0.,-1.));
#10104 = ( GEOMETRIC_REPRESENTATION_CONTEXT(2) 
PARAMETRIC_REPRESENTATION_CONTEXT() REPRESENTATION_CONTEXT('2D SPACE',''
  ) );
#10105 = ORIENTED_EDGE('',*,*,#10106,.T.);
#10106 = EDGE_CURVE('',#10084,#10035,#10107,.T.);
#10107 = SURFACE_CURVE('',#10108,(#10112,#10119),.PCURVE_S1.);
#10108 = B_SPLINE_CURVE_WITH_KNOTS('',2,(#10109,#10110,#10111),
  .UNSPECIFIED.,.F.,.F.,(3,3),(0.,1.),.PIECEWISE_BEZIER_KNOTS.);
#10109 = CARTESIAN_POINT('',(15.35859375,1.13037109375,0.5));
#10110 = CARTESIAN_POINT('',(15.35859375,1.00341796875,0.5));
#10111 = CARTESIAN_POINT('',(15.3126953125,0.890625,0.5));
#10112 = PCURVE('',#3756,#10113);
#10113 = DEFINITIONAL_REPRESENTATION('',(#10114),#10118);
#10114 = LINE('',#10115,#10116);
#10115 = CARTESIAN_POINT('',(0.,-0.5));
#10116 = VECTOR('',#10117,1.);
#10117 = DIRECTION('',(1.,0.));
#10118 = ( GEOMETRIC_REPRESENTATION_CONTEXT(2) 
PARAMETRIC_REPRESENTATION_CONTEXT() REPRESENTATION_CONTEXT('2D SPACE',''
  ) );
#10119 = PCURVE('',#9605,#10120);
#10120 = DEFINITIONAL_REPRESENTATION('',(#10121),#10125);
#10121 = B_SPLINE_CURVE_WITH_KNOTS('',2,(#10122,#10123,#10124),
  .UNSPECIFIED.,.F.,.F.,(3,3),(0.,1.),.PIECEWISE_BEZIER_KNOTS.);
#10122 = CARTESIAN_POINT('',(0.8359375,0.1337890625));
#10123 = CARTESIAN_POINT('',(0.962890625,0.1337890625));
#10124 = CARTESIAN_POINT('',(1.07568359375,0.1796875));
#10125 = ( GEOMETRIC_REPRESENTATION_CONTEXT(2) 
PARAMETRIC_REPRESENTATION_CONTEXT() REPRESENTATION_CONTEXT('2D SPACE',''
  ) );
#10126 = ORIENTED_EDGE('',*,*,#10034,.F.);
#10127 = ORIENTED_EDGE('',*,*,#3740,.F.);
#10128 = ADVANCED_FACE('',(#10129),#3726,.T.);
#10129 = FACE_BOUND('',#10130,.T.);
#10130 = EDGE_LOOP('',(#10131,#10154,#10175,#10176));
#10131 = ORIENTED_EDGE('',*,*,#10132,.T.);
#10132 = EDGE_CURVE('',#3681,#10133,#10135,.T.);
#10133 = VERTEX_POINT('',#10134);
#10134 = CARTESIAN_POINT('',(15.20576171875,1.51318359375,0.5));
#10135 = SURFACE_CURVE('',#10136,(#10140,#10147),.PCURVE_S1.);
#10136 = LINE('',#10137,#10138);
#10137 = CARTESIAN_POINT('',(15.20576171875,1.51318359375,0.));
#10138 = VECTOR('',#10139,1.);
#10139 = DIRECTION('',(0.,1.224646799147E-16,1.));
#10140 = PCURVE('',#3726,#10141);
#10141 = DEFINITIONAL_REPRESENTATION('',(#10142),#10146);
#10142 = LINE('',#10143,#10144);
#10143 = CARTESIAN_POINT('',(0.,0.));
#10144 = VECTOR('',#10145,1.);
#10145 = DIRECTION('',(0.,-1.));
#10146 = ( GEOMETRIC_REPRESENTATION_CONTEXT(2) 
PARAMETRIC_REPRESENTATION_CONTEXT() REPRESENTATION_CONTEXT('2D SPACE',''
  ) );
#10147 = PCURVE('',#3696,#10148);
#10148 = DEFINITIONAL_REPRESENTATION('',(#10149),#10153);
#10149 = LINE('',#10150,#10151);
#10150 = CARTESIAN_POINT('',(1.,0.));
#10151 = VECTOR('',#10152,1.);
#10152 = DIRECTION('',(0.,-1.));
#10153 = ( GEOMETRIC_REPRESENTATION_CONTEXT(2) 
PARAMETRIC_REPRESENTATION_CONTEXT() REPRESENTATION_CONTEXT('2D SPACE',''
  ) );
#10154 = ORIENTED_EDGE('',*,*,#10155,.T.);
#10155 = EDGE_CURVE('',#10133,#10084,#10156,.T.);
#10156 = SURFACE_CURVE('',#10157,(#10161,#10168),.PCURVE_S1.);
#10157 = B_SPLINE_CURVE_WITH_KNOTS('',2,(#10158,#10159,#10160),
  .UNSPECIFIED.,.F.,.F.,(3,3),(0.,1.),.PIECEWISE_BEZIER_KNOTS.);
#10158 = CARTESIAN_POINT('',(15.20576171875,1.51318359375,0.5));
#10159 = CARTESIAN_POINT('',(15.35859375,1.38037109375,0.5));
#10160 = CARTESIAN_POINT('',(15.35859375,1.13037109375,0.5));
#10161 = PCURVE('',#3726,#10162);
#10162 = DEFINITIONAL_REPRESENTATION('',(#10163),#10167);
#10163 = LINE('',#10164,#10165);
#10164 = CARTESIAN_POINT('',(0.,-0.5));
#10165 = VECTOR('',#10166,1.);
#10166 = DIRECTION('',(1.,0.));
#10167 = ( GEOMETRIC_REPRESENTATION_CONTEXT(2) 
PARAMETRIC_REPRESENTATION_CONTEXT() REPRESENTATION_CONTEXT('2D SPACE',''
  ) );
#10168 = PCURVE('',#9605,#10169);
#10169 = DEFINITIONAL_REPRESENTATION('',(#10170),#10174);
#10170 = B_SPLINE_CURVE_WITH_KNOTS('',2,(#10171,#10172,#10173),
  .UNSPECIFIED.,.F.,.F.,(3,3),(0.,1.),.PIECEWISE_BEZIER_KNOTS.);
#10171 = CARTESIAN_POINT('',(0.453125,0.28662109375));
#10172 = CARTESIAN_POINT('',(0.5859375,0.1337890625));
#10173 = CARTESIAN_POINT('',(0.8359375,0.1337890625));
#10174 = ( GEOMETRIC_REPRESENTATION_CONTEXT(2) 
PARAMETRIC_REPRESENTATION_CONTEXT() REPRESENTATION_CONTEXT('2D SPACE',''
  ) );
#10175 = ORIENTED_EDGE('',*,*,#10083,.F.);
#10176 = ORIENTED_EDGE('',*,*,#3710,.F.);
#10177 = ADVANCED_FACE('',(#10178),#3696,.T.);
#10178 = FACE_BOUND('',#10179,.T.);
#10179 = EDGE_LOOP('',(#10180,#10203,#10224,#10225));
#10180 = ORIENTED_EDGE('',*,*,#10181,.T.);
#10181 = EDGE_CURVE('',#3651,#10182,#10184,.T.);
#10182 = VERTEX_POINT('',#10183);
#10183 = CARTESIAN_POINT('',(14.76484375,1.64599609375,0.5));
#10184 = SURFACE_CURVE('',#10185,(#10189,#10196),.PCURVE_S1.);
#10185 = LINE('',#10186,#10187);
#10186 = CARTESIAN_POINT('',(14.76484375,1.64599609375,0.));
#10187 = VECTOR('',#10188,1.);
#10188 = DIRECTION('',(0.,1.224646799147E-16,1.));
#10189 = PCURVE('',#3696,#10190);
#10190 = DEFINITIONAL_REPRESENTATION('',(#10191),#10195);
#10191 = LINE('',#10192,#10193);
#10192 = CARTESIAN_POINT('',(0.,0.));
#10193 = VECTOR('',#10194,1.);
#10194 = DIRECTION('',(0.,-1.));
#10195 = ( GEOMETRIC_REPRESENTATION_CONTEXT(2) 
PARAMETRIC_REPRESENTATION_CONTEXT() REPRESENTATION_CONTEXT('2D SPACE',''
  ) );
#10196 = PCURVE('',#3666,#10197);
#10197 = DEFINITIONAL_REPRESENTATION('',(#10198),#10202);
#10198 = LINE('',#10199,#10200);
#10199 = CARTESIAN_POINT('',(1.,0.));
#10200 = VECTOR('',#10201,1.);
#10201 = DIRECTION('',(0.,-1.));
#10202 = ( GEOMETRIC_REPRESENTATION_CONTEXT(2) 
PARAMETRIC_REPRESENTATION_CONTEXT() REPRESENTATION_CONTEXT('2D SPACE',''
  ) );
#10203 = ORIENTED_EDGE('',*,*,#10204,.T.);
#10204 = EDGE_CURVE('',#10182,#10133,#10205,.T.);
#10205 = SURFACE_CURVE('',#10206,(#10210,#10217),.PCURVE_S1.);
#10206 = B_SPLINE_CURVE_WITH_KNOTS('',2,(#10207,#10208,#10209),
  .UNSPECIFIED.,.F.,.F.,(3,3),(0.,1.),.PIECEWISE_BEZIER_KNOTS.);
#10207 = CARTESIAN_POINT('',(14.76484375,1.64599609375,0.5));
#10208 = CARTESIAN_POINT('',(15.0529296875,1.64599609375,0.5));
#10209 = CARTESIAN_POINT('',(15.20576171875,1.51318359375,0.5));
#10210 = PCURVE('',#3696,#10211);
#10211 = DEFINITIONAL_REPRESENTATION('',(#10212),#10216);
#10212 = LINE('',#10213,#10214);
#10213 = CARTESIAN_POINT('',(0.,-0.5));
#10214 = VECTOR('',#10215,1.);
#10215 = DIRECTION('',(1.,0.));
#10216 = ( GEOMETRIC_REPRESENTATION_CONTEXT(2) 
PARAMETRIC_REPRESENTATION_CONTEXT() REPRESENTATION_CONTEXT('2D SPACE',''
  ) );
#10217 = PCURVE('',#9605,#10218);
#10218 = DEFINITIONAL_REPRESENTATION('',(#10219),#10223);
#10219 = B_SPLINE_CURVE_WITH_KNOTS('',2,(#10220,#10221,#10222),
  .UNSPECIFIED.,.F.,.F.,(3,3),(0.,1.),.PIECEWISE_BEZIER_KNOTS.);
#10220 = CARTESIAN_POINT('',(0.3203125,0.7275390625));
#10221 = CARTESIAN_POINT('',(0.3203125,0.439453125));
#10222 = CARTESIAN_POINT('',(0.453125,0.28662109375));
#10223 = ( GEOMETRIC_REPRESENTATION_CONTEXT(2) 
PARAMETRIC_REPRESENTATION_CONTEXT() REPRESENTATION_CONTEXT('2D SPACE',''
  ) );
#10224 = ORIENTED_EDGE('',*,*,#10132,.F.);
#10225 = ORIENTED_EDGE('',*,*,#3680,.F.);
#10226 = ADVANCED_FACE('',(#10227),#3666,.T.);
#10227 = FACE_BOUND('',#10228,.T.);
#10228 = EDGE_LOOP('',(#10229,#10252,#10273,#10274));
#10229 = ORIENTED_EDGE('',*,*,#10230,.T.);
#10230 = EDGE_CURVE('',#3621,#10231,#10233,.T.);
#10231 = VERTEX_POINT('',#10232);
#10232 = CARTESIAN_POINT('',(14.32294921875,1.51318359375,0.5));
#10233 = SURFACE_CURVE('',#10234,(#10238,#10245),.PCURVE_S1.);
#10234 = LINE('',#10235,#10236);
#10235 = CARTESIAN_POINT('',(14.32294921875,1.51318359375,0.));
#10236 = VECTOR('',#10237,1.);
#10237 = DIRECTION('',(0.,1.224646799147E-16,1.));
#10238 = PCURVE('',#3666,#10239);
#10239 = DEFINITIONAL_REPRESENTATION('',(#10240),#10244);
#10240 = LINE('',#10241,#10242);
#10241 = CARTESIAN_POINT('',(0.,0.));
#10242 = VECTOR('',#10243,1.);
#10243 = DIRECTION('',(0.,-1.));
#10244 = ( GEOMETRIC_REPRESENTATION_CONTEXT(2) 
PARAMETRIC_REPRESENTATION_CONTEXT() REPRESENTATION_CONTEXT('2D SPACE',''
  ) );
#10245 = PCURVE('',#3636,#10246);
#10246 = DEFINITIONAL_REPRESENTATION('',(#10247),#10251);
#10247 = LINE('',#10248,#10249);
#10248 = CARTESIAN_POINT('',(1.,0.));
#10249 = VECTOR('',#10250,1.);
#10250 = DIRECTION('',(0.,-1.));
#10251 = ( GEOMETRIC_REPRESENTATION_CONTEXT(2) 
PARAMETRIC_REPRESENTATION_CONTEXT() REPRESENTATION_CONTEXT('2D SPACE',''
  ) );
#10252 = ORIENTED_EDGE('',*,*,#10253,.T.);
#10253 = EDGE_CURVE('',#10231,#10182,#10254,.T.);
#10254 = SURFACE_CURVE('',#10255,(#10259,#10266),.PCURVE_S1.);
#10255 = B_SPLINE_CURVE_WITH_KNOTS('',2,(#10256,#10257,#10258),
  .UNSPECIFIED.,.F.,.F.,(3,3),(0.,1.),.PIECEWISE_BEZIER_KNOTS.);
#10256 = CARTESIAN_POINT('',(14.32294921875,1.51318359375,0.5));
#10257 = CARTESIAN_POINT('',(14.47578125,1.64599609375,0.5));
#10258 = CARTESIAN_POINT('',(14.76484375,1.64599609375,0.5));
#10259 = PCURVE('',#3666,#10260);
#10260 = DEFINITIONAL_REPRESENTATION('',(#10261),#10265);
#10261 = LINE('',#10262,#10263);
#10262 = CARTESIAN_POINT('',(0.,-0.5));
#10263 = VECTOR('',#10264,1.);
#10264 = DIRECTION('',(1.,0.));
#10265 = ( GEOMETRIC_REPRESENTATION_CONTEXT(2) 
PARAMETRIC_REPRESENTATION_CONTEXT() REPRESENTATION_CONTEXT('2D SPACE',''
  ) );
#10266 = PCURVE('',#9605,#10267);
#10267 = DEFINITIONAL_REPRESENTATION('',(#10268),#10272);
#10268 = B_SPLINE_CURVE_WITH_KNOTS('',2,(#10269,#10270,#10271),
  .UNSPECIFIED.,.F.,.F.,(3,3),(0.,1.),.PIECEWISE_BEZIER_KNOTS.);
#10269 = CARTESIAN_POINT('',(0.453125,1.16943359375));
#10270 = CARTESIAN_POINT('',(0.3203125,1.0166015625));
#10271 = CARTESIAN_POINT('',(0.3203125,0.7275390625));
#10272 = ( GEOMETRIC_REPRESENTATION_CONTEXT(2) 
PARAMETRIC_REPRESENTATION_CONTEXT() REPRESENTATION_CONTEXT('2D SPACE',''
  ) );
#10273 = ORIENTED_EDGE('',*,*,#10181,.F.);
#10274 = ORIENTED_EDGE('',*,*,#3650,.F.);
#10275 = ADVANCED_FACE('',(#10276),#3636,.T.);
#10276 = FACE_BOUND('',#10277,.T.);
#10277 = EDGE_LOOP('',(#10278,#10301,#10322,#10323));
#10278 = ORIENTED_EDGE('',*,*,#10279,.T.);
#10279 = EDGE_CURVE('',#3591,#10280,#10282,.T.);
#10280 = VERTEX_POINT('',#10281);
#10281 = CARTESIAN_POINT('',(14.1701171875,1.13037109375,0.5));
#10282 = SURFACE_CURVE('',#10283,(#10287,#10294),.PCURVE_S1.);
#10283 = LINE('',#10284,#10285);
#10284 = CARTESIAN_POINT('',(14.1701171875,1.13037109375,0.));
#10285 = VECTOR('',#10286,1.);
#10286 = DIRECTION('',(0.,1.224646799147E-16,1.));
#10287 = PCURVE('',#3636,#10288);
#10288 = DEFINITIONAL_REPRESENTATION('',(#10289),#10293);
#10289 = LINE('',#10290,#10291);
#10290 = CARTESIAN_POINT('',(0.,0.));
#10291 = VECTOR('',#10292,1.);
#10292 = DIRECTION('',(0.,-1.));
#10293 = ( GEOMETRIC_REPRESENTATION_CONTEXT(2) 
PARAMETRIC_REPRESENTATION_CONTEXT() REPRESENTATION_CONTEXT('2D SPACE',''
  ) );
#10294 = PCURVE('',#3606,#10295);
#10295 = DEFINITIONAL_REPRESENTATION('',(#10296),#10300);
#10296 = LINE('',#10297,#10298);
#10297 = CARTESIAN_POINT('',(1.,0.));
#10298 = VECTOR('',#10299,1.);
#10299 = DIRECTION('',(0.,-1.));
#10300 = ( GEOMETRIC_REPRESENTATION_CONTEXT(2) 
PARAMETRIC_REPRESENTATION_CONTEXT() REPRESENTATION_CONTEXT('2D SPACE',''
  ) );
#10301 = ORIENTED_EDGE('',*,*,#10302,.T.);
#10302 = EDGE_CURVE('',#10280,#10231,#10303,.T.);
#10303 = SURFACE_CURVE('',#10304,(#10308,#10315),.PCURVE_S1.);
#10304 = B_SPLINE_CURVE_WITH_KNOTS('',2,(#10305,#10306,#10307),
  .UNSPECIFIED.,.F.,.F.,(3,3),(0.,1.),.PIECEWISE_BEZIER_KNOTS.);
#10305 = CARTESIAN_POINT('',(14.1701171875,1.13037109375,0.5));
#10306 = CARTESIAN_POINT('',(14.1701171875,1.38037109375,0.5));
#10307 = CARTESIAN_POINT('',(14.32294921875,1.51318359375,0.5));
#10308 = PCURVE('',#3636,#10309);
#10309 = DEFINITIONAL_REPRESENTATION('',(#10310),#10314);
#10310 = LINE('',#10311,#10312);
#10311 = CARTESIAN_POINT('',(0.,-0.5));
#10312 = VECTOR('',#10313,1.);
#10313 = DIRECTION('',(1.,0.));
#10314 = ( GEOMETRIC_REPRESENTATION_CONTEXT(2) 
PARAMETRIC_REPRESENTATION_CONTEXT() REPRESENTATION_CONTEXT('2D SPACE',''
  ) );
#10315 = PCURVE('',#9605,#10316);
#10316 = DEFINITIONAL_REPRESENTATION('',(#10317),#10321);
#10317 = B_SPLINE_CURVE_WITH_KNOTS('',2,(#10318,#10319,#10320),
  .UNSPECIFIED.,.F.,.F.,(3,3),(0.,1.),.PIECEWISE_BEZIER_KNOTS.);
#10318 = CARTESIAN_POINT('',(0.8359375,1.322265625));
#10319 = CARTESIAN_POINT('',(0.5859375,1.322265625));
#10320 = CARTESIAN_POINT('',(0.453125,1.16943359375));
#10321 = ( GEOMETRIC_REPRESENTATION_CONTEXT(2) 
PARAMETRIC_REPRESENTATION_CONTEXT() REPRESENTATION_CONTEXT('2D SPACE',''
  ) );
#10322 = ORIENTED_EDGE('',*,*,#10230,.F.);
#10323 = ORIENTED_EDGE('',*,*,#3620,.F.);
#10324 = ADVANCED_FACE('',(#10325),#3606,.T.);
#10325 = FACE_BOUND('',#10326,.T.);
#10326 = EDGE_LOOP('',(#10327,#10350,#10371,#10372));
#10327 = ORIENTED_EDGE('',*,*,#10328,.T.);
#10328 = EDGE_CURVE('',#3561,#10329,#10331,.T.);
#10329 = VERTEX_POINT('',#10330);
#10330 = CARTESIAN_POINT('',(14.216015625,0.890625,0.5));
#10331 = SURFACE_CURVE('',#10332,(#10336,#10343),.PCURVE_S1.);
#10332 = LINE('',#10333,#10334);
#10333 = CARTESIAN_POINT('',(14.216015625,0.890625,0.));
#10334 = VECTOR('',#10335,1.);
#10335 = DIRECTION('',(0.,1.224646799147E-16,1.));
#10336 = PCURVE('',#3606,#10337);
#10337 = DEFINITIONAL_REPRESENTATION('',(#10338),#10342);
#10338 = LINE('',#10339,#10340);
#10339 = CARTESIAN_POINT('',(0.,0.));
#10340 = VECTOR('',#10341,1.);
#10341 = DIRECTION('',(0.,-1.));
#10342 = ( GEOMETRIC_REPRESENTATION_CONTEXT(2) 
PARAMETRIC_REPRESENTATION_CONTEXT() REPRESENTATION_CONTEXT('2D SPACE',''
  ) );
#10343 = PCURVE('',#3576,#10344);
#10344 = DEFINITIONAL_REPRESENTATION('',(#10345),#10349);
#10345 = LINE('',#10346,#10347);
#10346 = CARTESIAN_POINT('',(1.,0.));
#10347 = VECTOR('',#10348,1.);
#10348 = DIRECTION('',(0.,-1.));
#10349 = ( GEOMETRIC_REPRESENTATION_CONTEXT(2) 
PARAMETRIC_REPRESENTATION_CONTEXT() REPRESENTATION_CONTEXT('2D SPACE',''
  ) );
#10350 = ORIENTED_EDGE('',*,*,#10351,.T.);
#10351 = EDGE_CURVE('',#10329,#10280,#10352,.T.);
#10352 = SURFACE_CURVE('',#10353,(#10357,#10364),.PCURVE_S1.);
#10353 = B_SPLINE_CURVE_WITH_KNOTS('',2,(#10354,#10355,#10356),
  .UNSPECIFIED.,.F.,.F.,(3,3),(0.,1.),.PIECEWISE_BEZIER_KNOTS.);
#10354 = CARTESIAN_POINT('',(14.216015625,0.890625,0.5));
#10355 = CARTESIAN_POINT('',(14.1701171875,1.00341796875,0.5));
#10356 = CARTESIAN_POINT('',(14.1701171875,1.13037109375,0.5));
#10357 = PCURVE('',#3606,#10358);
#10358 = DEFINITIONAL_REPRESENTATION('',(#10359),#10363);
#10359 = LINE('',#10360,#10361);
#10360 = CARTESIAN_POINT('',(0.,-0.5));
#10361 = VECTOR('',#10362,1.);
#10362 = DIRECTION('',(1.,0.));
#10363 = ( GEOMETRIC_REPRESENTATION_CONTEXT(2) 
PARAMETRIC_REPRESENTATION_CONTEXT() REPRESENTATION_CONTEXT('2D SPACE',''
  ) );
#10364 = PCURVE('',#9605,#10365);
#10365 = DEFINITIONAL_REPRESENTATION('',(#10366),#10370);
#10366 = B_SPLINE_CURVE_WITH_KNOTS('',2,(#10367,#10368,#10369),
  .UNSPECIFIED.,.F.,.F.,(3,3),(0.,1.),.PIECEWISE_BEZIER_KNOTS.);
#10367 = CARTESIAN_POINT('',(1.07568359375,1.2763671875));
#10368 = CARTESIAN_POINT('',(0.962890625,1.322265625));
#10369 = CARTESIAN_POINT('',(0.8359375,1.322265625));
#10370 = ( GEOMETRIC_REPRESENTATION_CONTEXT(2) 
PARAMETRIC_REPRESENTATION_CONTEXT() REPRESENTATION_CONTEXT('2D SPACE',''
  ) );
#10371 = ORIENTED_EDGE('',*,*,#10279,.F.);
#10372 = ORIENTED_EDGE('',*,*,#3590,.F.);
#10373 = ADVANCED_FACE('',(#10374),#3576,.T.);
#10374 = FACE_BOUND('',#10375,.T.);
#10375 = EDGE_LOOP('',(#10376,#10399,#10420,#10421));
#10376 = ORIENTED_EDGE('',*,*,#10377,.T.);
#10377 = EDGE_CURVE('',#3533,#10378,#10380,.T.);
#10378 = VERTEX_POINT('',#10379);
#10379 = CARTESIAN_POINT('',(14.3546875,0.67822265625,0.5));
#10380 = SURFACE_CURVE('',#10381,(#10385,#10392),.PCURVE_S1.);
#10381 = LINE('',#10382,#10383);
#10382 = CARTESIAN_POINT('',(14.3546875,0.67822265625,0.));
#10383 = VECTOR('',#10384,1.);
#10384 = DIRECTION('',(0.,1.224646799147E-16,1.));
#10385 = PCURVE('',#3576,#10386);
#10386 = DEFINITIONAL_REPRESENTATION('',(#10387),#10391);
#10387 = LINE('',#10388,#10389);
#10388 = CARTESIAN_POINT('',(0.,0.));
#10389 = VECTOR('',#10390,1.);
#10390 = DIRECTION('',(0.,-1.));
#10391 = ( GEOMETRIC_REPRESENTATION_CONTEXT(2) 
PARAMETRIC_REPRESENTATION_CONTEXT() REPRESENTATION_CONTEXT('2D SPACE',''
  ) );
#10392 = PCURVE('',#3548,#10393);
#10393 = DEFINITIONAL_REPRESENTATION('',(#10394),#10398);
#10394 = LINE('',#10395,#10396);
#10395 = CARTESIAN_POINT('',(0.2080078125,-1.076817188052E-32));
#10396 = VECTOR('',#10397,1.);
#10397 = DIRECTION('',(0.,-1.));
#10398 = ( GEOMETRIC_REPRESENTATION_CONTEXT(2) 
PARAMETRIC_REPRESENTATION_CONTEXT() REPRESENTATION_CONTEXT('2D SPACE',''
  ) );
#10399 = ORIENTED_EDGE('',*,*,#10400,.T.);
#10400 = EDGE_CURVE('',#10378,#10329,#10401,.T.);
#10401 = SURFACE_CURVE('',#10402,(#10406,#10413),.PCURVE_S1.);
#10402 = B_SPLINE_CURVE_WITH_KNOTS('',2,(#10403,#10404,#10405),
  .UNSPECIFIED.,.F.,.F.,(3,3),(0.,1.),.PIECEWISE_BEZIER_KNOTS.);
#10403 = CARTESIAN_POINT('',(14.3546875,0.67822265625,0.5));
#10404 = CARTESIAN_POINT('',(14.2619140625,0.77783203125,0.5));
#10405 = CARTESIAN_POINT('',(14.216015625,0.890625,0.5));
#10406 = PCURVE('',#3576,#10407);
#10407 = DEFINITIONAL_REPRESENTATION('',(#10408),#10412);
#10408 = LINE('',#10409,#10410);
#10409 = CARTESIAN_POINT('',(0.,-0.5));
#10410 = VECTOR('',#10411,1.);
#10411 = DIRECTION('',(1.,0.));
#10412 = ( GEOMETRIC_REPRESENTATION_CONTEXT(2) 
PARAMETRIC_REPRESENTATION_CONTEXT() REPRESENTATION_CONTEXT('2D SPACE',''
  ) );
#10413 = PCURVE('',#9605,#10414);
#10414 = DEFINITIONAL_REPRESENTATION('',(#10415),#10419);
#10415 = B_SPLINE_CURVE_WITH_KNOTS('',2,(#10416,#10417,#10418),
  .UNSPECIFIED.,.F.,.F.,(3,3),(0.,1.),.PIECEWISE_BEZIER_KNOTS.);
#10416 = CARTESIAN_POINT('',(1.2880859375,1.1376953125));
#10417 = CARTESIAN_POINT('',(1.1884765625,1.23046875));
#10418 = CARTESIAN_POINT('',(1.07568359375,1.2763671875));
#10419 = ( GEOMETRIC_REPRESENTATION_CONTEXT(2) 
PARAMETRIC_REPRESENTATION_CONTEXT() REPRESENTATION_CONTEXT('2D SPACE',''
  ) );
#10420 = ORIENTED_EDGE('',*,*,#10328,.F.);
#10421 = ORIENTED_EDGE('',*,*,#3560,.F.);
#10422 = ADVANCED_FACE('',(#10423),#3548,.T.);
#10423 = FACE_BOUND('',#10424,.T.);
#10424 = EDGE_LOOP('',(#10425,#10426,#10447,#10448));
#10425 = ORIENTED_EDGE('',*,*,#9617,.T.);
#10426 = ORIENTED_EDGE('',*,*,#10427,.T.);
#10427 = EDGE_CURVE('',#9590,#10378,#10428,.T.);
#10428 = SURFACE_CURVE('',#10429,(#10433,#10440),.PCURVE_S1.);
#10429 = LINE('',#10430,#10431);
#10430 = CARTESIAN_POINT('',(14.1466796875,0.67822265625,0.5));
#10431 = VECTOR('',#10432,1.);
#10432 = DIRECTION('',(1.,1.110223024625E-16,-1.359631073447E-32));
#10433 = PCURVE('',#3548,#10434);
#10434 = DEFINITIONAL_REPRESENTATION('',(#10435),#10439);
#10435 = LINE('',#10436,#10437);
#10436 = CARTESIAN_POINT('',(5.527796276844E-33,-0.5));
#10437 = VECTOR('',#10438,1.);
#10438 = DIRECTION('',(1.,0.));
#10439 = ( GEOMETRIC_REPRESENTATION_CONTEXT(2) 
PARAMETRIC_REPRESENTATION_CONTEXT() REPRESENTATION_CONTEXT('2D SPACE',''
  ) );
#10440 = PCURVE('',#9605,#10441);
#10441 = DEFINITIONAL_REPRESENTATION('',(#10442),#10446);
#10442 = LINE('',#10443,#10444);
#10443 = CARTESIAN_POINT('',(1.2880859375,1.345703125));
#10444 = VECTOR('',#10445,1.);
#10445 = DIRECTION('',(-1.665067842118E-48,-1.));
#10446 = ( GEOMETRIC_REPRESENTATION_CONTEXT(2) 
PARAMETRIC_REPRESENTATION_CONTEXT() REPRESENTATION_CONTEXT('2D SPACE',''
  ) );
#10447 = ORIENTED_EDGE('',*,*,#10377,.F.);
#10448 = ORIENTED_EDGE('',*,*,#3532,.F.);
#10449 = ADVANCED_FACE('',(#10450),#4059,.F.);
#10450 = FACE_BOUND('',#10451,.F.);
#10451 = EDGE_LOOP('',(#10452,#10475,#10499,#10521,#10522));
#10452 = ORIENTED_EDGE('',*,*,#10453,.T.);
#10453 = EDGE_CURVE('',#4039,#10454,#10456,.T.);
#10454 = VERTEX_POINT('',#10455);
#10455 = CARTESIAN_POINT('',(-13.27904821689,-4.745269700507,2.));
#10456 = SEAM_CURVE('',#10457,(#10461,#10468),.PCURVE_S1.);
#10457 = LINE('',#10458,#10459);
#10458 = CARTESIAN_POINT('',(-13.42904821689,-4.745269700507,
    8.881784197001E-16));
#10459 = VECTOR('',#10460,1.);
#10460 = DIRECTION('',(7.478994824163E-02,1.038034401522E-16,
    0.997199309888));
#10461 = PCURVE('',#4059,#10462);
#10462 = DEFINITIONAL_REPRESENTATION('',(#10463),#10467);
#10463 = LINE('',#10464,#10465);
#10464 = CARTESIAN_POINT('',(-6.28318530718,0.));
#10465 = VECTOR('',#10466,1.);
#10466 = DIRECTION('',(-0.,-1.));
#10467 = ( GEOMETRIC_REPRESENTATION_CONTEXT(2) 
PARAMETRIC_REPRESENTATION_CONTEXT() REPRESENTATION_CONTEXT('2D SPACE',''
  ) );
#10468 = PCURVE('',#4059,#10469);
#10469 = DEFINITIONAL_REPRESENTATION('',(#10470),#10474);
#10470 = LINE('',#10471,#10472);
#10471 = CARTESIAN_POINT('',(0.,-0.));
#10472 = VECTOR('',#10473,1.);
#10473 = DIRECTION('',(-0.,-1.));
#10474 = ( GEOMETRIC_REPRESENTATION_CONTEXT(2) 
PARAMETRIC_REPRESENTATION_CONTEXT() REPRESENTATION_CONTEXT('2D SPACE',''
  ) );
#10475 = ORIENTED_EDGE('',*,*,#10476,.F.);
#10476 = EDGE_CURVE('',#10477,#10454,#10479,.T.);
#10477 = VERTEX_POINT('',#10478);
#10478 = CARTESIAN_POINT('',(-11.07904821689,-4.745269700507,2.));
#10479 = SURFACE_CURVE('',#10480,(#10485,#10492),.PCURVE_S1.);
#10480 = CIRCLE('',#10481,1.1);
#10481 = AXIS2_PLACEMENT_3D('',#10482,#10483,#10484);
#10482 = CARTESIAN_POINT('',(-12.17904821689,-4.745269700507,2.));
#10483 = DIRECTION('',(0.,1.224646799147E-16,1.));
#10484 = DIRECTION('',(-1.,0.,0.));
#10485 = PCURVE('',#4059,#10486);
#10486 = DEFINITIONAL_REPRESENTATION('',(#10487),#10491);
#10487 = LINE('',#10488,#10489);
#10488 = CARTESIAN_POINT('',(-0.,-2.));
#10489 = VECTOR('',#10490,1.);
#10490 = DIRECTION('',(-1.,-0.));
#10491 = ( GEOMETRIC_REPRESENTATION_CONTEXT(2) 
PARAMETRIC_REPRESENTATION_CONTEXT() REPRESENTATION_CONTEXT('2D SPACE',''
  ) );
#10492 = PCURVE('',#6188,#10493);
#10493 = DEFINITIONAL_REPRESENTATION('',(#10494),#10498);
#10494 = LINE('',#10495,#10496);
#10495 = CARTESIAN_POINT('',(-9.424777960769,-20.1));
#10496 = VECTOR('',#10497,1.);
#10497 = DIRECTION('',(1.,-0.));
#10498 = ( GEOMETRIC_REPRESENTATION_CONTEXT(2) 
PARAMETRIC_REPRESENTATION_CONTEXT() REPRESENTATION_CONTEXT('2D SPACE',''
  ) );
#10499 = ORIENTED_EDGE('',*,*,#10500,.F.);
#10500 = EDGE_CURVE('',#10454,#10477,#10501,.T.);
#10501 = SURFACE_CURVE('',#10502,(#10507,#10514),.PCURVE_S1.);
#10502 = CIRCLE('',#10503,1.1);
#10503 = AXIS2_PLACEMENT_3D('',#10504,#10505,#10506);
#10504 = CARTESIAN_POINT('',(-12.17904821689,-4.745269700507,2.));
#10505 = DIRECTION('',(0.,1.224646799147E-16,1.));
#10506 = DIRECTION('',(-1.,0.,0.));
#10507 = PCURVE('',#4059,#10508);
#10508 = DEFINITIONAL_REPRESENTATION('',(#10509),#10513);
#10509 = LINE('',#10510,#10511);
#10510 = CARTESIAN_POINT('',(-0.,-2.));
#10511 = VECTOR('',#10512,1.);
#10512 = DIRECTION('',(-1.,-0.));
#10513 = ( GEOMETRIC_REPRESENTATION_CONTEXT(2) 
PARAMETRIC_REPRESENTATION_CONTEXT() REPRESENTATION_CONTEXT('2D SPACE',''
  ) );
#10514 = PCURVE('',#6188,#10515);
#10515 = DEFINITIONAL_REPRESENTATION('',(#10516),#10520);
#10516 = LINE('',#10517,#10518);
#10517 = CARTESIAN_POINT('',(-3.14159265359,-20.1));
#10518 = VECTOR('',#10519,1.);
#10519 = DIRECTION('',(1.,-0.));
#10520 = ( GEOMETRIC_REPRESENTATION_CONTEXT(2) 
PARAMETRIC_REPRESENTATION_CONTEXT() REPRESENTATION_CONTEXT('2D SPACE',''
  ) );
#10521 = ORIENTED_EDGE('',*,*,#10453,.F.);
#10522 = ORIENTED_EDGE('',*,*,#4038,.T.);
#10523 = ADVANCED_FACE('',(#10524),#4094,.F.);
#10524 = FACE_BOUND('',#10525,.F.);
#10525 = EDGE_LOOP('',(#10526,#10549,#10573,#10595,#10596));
#10526 = ORIENTED_EDGE('',*,*,#10527,.T.);
#10527 = EDGE_CURVE('',#4074,#10528,#10530,.T.);
#10528 = VERTEX_POINT('',#10529);
#10529 = CARTESIAN_POINT('',(-10.72093932557,-8.476044271575,2.));
#10530 = SEAM_CURVE('',#10531,(#10535,#10542),.PCURVE_S1.);
#10531 = LINE('',#10532,#10533);
#10532 = CARTESIAN_POINT('',(-10.87093932557,-8.476044271575,
    8.881784197001E-16));
#10533 = VECTOR('',#10534,1.);
#10534 = DIRECTION('',(7.478994824163E-02,1.038034401522E-16,
    0.997199309888));
#10535 = PCURVE('',#4094,#10536);
#10536 = DEFINITIONAL_REPRESENTATION('',(#10537),#10541);
#10537 = LINE('',#10538,#10539);
#10538 = CARTESIAN_POINT('',(-6.28318530718,0.));
#10539 = VECTOR('',#10540,1.);
#10540 = DIRECTION('',(-0.,-1.));
#10541 = ( GEOMETRIC_REPRESENTATION_CONTEXT(2) 
PARAMETRIC_REPRESENTATION_CONTEXT() REPRESENTATION_CONTEXT('2D SPACE',''
  ) );
#10542 = PCURVE('',#4094,#10543);
#10543 = DEFINITIONAL_REPRESENTATION('',(#10544),#10548);
#10544 = LINE('',#10545,#10546);
#10545 = CARTESIAN_POINT('',(0.,-0.));
#10546 = VECTOR('',#10547,1.);
#10547 = DIRECTION('',(-0.,-1.));
#10548 = ( GEOMETRIC_REPRESENTATION_CONTEXT(2) 
PARAMETRIC_REPRESENTATION_CONTEXT() REPRESENTATION_CONTEXT('2D SPACE',''
  ) );
#10549 = ORIENTED_EDGE('',*,*,#10550,.F.);
#10550 = EDGE_CURVE('',#10551,#10528,#10553,.T.);
#10551 = VERTEX_POINT('',#10552);
#10552 = CARTESIAN_POINT('',(-8.52093932557,-8.476044271575,2.));
#10553 = SURFACE_CURVE('',#10554,(#10559,#10566),.PCURVE_S1.);
#10554 = CIRCLE('',#10555,1.1);
#10555 = AXIS2_PLACEMENT_3D('',#10556,#10557,#10558);
#10556 = CARTESIAN_POINT('',(-9.62093932557,-8.476044271575,2.));
#10557 = DIRECTION('',(0.,1.224646799147E-16,1.));
#10558 = DIRECTION('',(-1.,0.,0.));
#10559 = PCURVE('',#4094,#10560);
#10560 = DEFINITIONAL_REPRESENTATION('',(#10561),#10565);
#10561 = LINE('',#10562,#10563);
#10562 = CARTESIAN_POINT('',(-0.,-2.));
#10563 = VECTOR('',#10564,1.);
#10564 = DIRECTION('',(-1.,-0.));
#10565 = ( GEOMETRIC_REPRESENTATION_CONTEXT(2) 
PARAMETRIC_REPRESENTATION_CONTEXT() REPRESENTATION_CONTEXT('2D SPACE',''
  ) );
#10566 = PCURVE('',#5880,#10567);
#10567 = DEFINITIONAL_REPRESENTATION('',(#10568),#10572);
#10568 = LINE('',#10569,#10570);
#10569 = CARTESIAN_POINT('',(-9.424777960769,-20.1));
#10570 = VECTOR('',#10571,1.);
#10571 = DIRECTION('',(1.,-0.));
#10572 = ( GEOMETRIC_REPRESENTATION_CONTEXT(2) 
PARAMETRIC_REPRESENTATION_CONTEXT() REPRESENTATION_CONTEXT('2D SPACE',''
  ) );
#10573 = ORIENTED_EDGE('',*,*,#10574,.F.);
#10574 = EDGE_CURVE('',#10528,#10551,#10575,.T.);
#10575 = SURFACE_CURVE('',#10576,(#10581,#10588),.PCURVE_S1.);
#10576 = CIRCLE('',#10577,1.1);
#10577 = AXIS2_PLACEMENT_3D('',#10578,#10579,#10580);
#10578 = CARTESIAN_POINT('',(-9.62093932557,-8.476044271575,2.));
#10579 = DIRECTION('',(0.,1.224646799147E-16,1.));
#10580 = DIRECTION('',(-1.,0.,0.));
#10581 = PCURVE('',#4094,#10582);
#10582 = DEFINITIONAL_REPRESENTATION('',(#10583),#10587);
#10583 = LINE('',#10584,#10585);
#10584 = CARTESIAN_POINT('',(-0.,-2.));
#10585 = VECTOR('',#10586,1.);
#10586 = DIRECTION('',(-1.,-0.));
#10587 = ( GEOMETRIC_REPRESENTATION_CONTEXT(2) 
PARAMETRIC_REPRESENTATION_CONTEXT() REPRESENTATION_CONTEXT('2D SPACE',''
  ) );
#10588 = PCURVE('',#5880,#10589);
#10589 = DEFINITIONAL_REPRESENTATION('',(#10590),#10594);
#10590 = LINE('',#10591,#10592);
#10591 = CARTESIAN_POINT('',(-3.14159265359,-20.1));
#10592 = VECTOR('',#10593,1.);
#10593 = DIRECTION('',(1.,-0.));
#10594 = ( GEOMETRIC_REPRESENTATION_CONTEXT(2) 
PARAMETRIC_REPRESENTATION_CONTEXT() REPRESENTATION_CONTEXT('2D SPACE',''
  ) );
#10595 = ORIENTED_EDGE('',*,*,#10527,.F.);
#10596 = ORIENTED_EDGE('',*,*,#4073,.T.);
#10597 = ADVANCED_FACE('',(#10598),#4129,.F.);
#10598 = FACE_BOUND('',#10599,.F.);
#10599 = EDGE_LOOP('',(#10600,#10623,#10647,#10669,#10670));
#10600 = ORIENTED_EDGE('',*,*,#10601,.T.);
#10601 = EDGE_CURVE('',#4109,#10602,#10604,.T.);
#10602 = VERTEX_POINT('',#10603);
#10603 = CARTESIAN_POINT('',(-3.08,-12.92,2.));
#10604 = SEAM_CURVE('',#10605,(#10609,#10616),.PCURVE_S1.);
#10605 = LINE('',#10606,#10607);
#10606 = CARTESIAN_POINT('',(-3.23,-12.92,1.7763568394E-15));
#10607 = VECTOR('',#10608,1.);
#10608 = DIRECTION('',(7.478994824163E-02,1.038034401522E-16,
    0.997199309888));
#10609 = PCURVE('',#4129,#10610);
#10610 = DEFINITIONAL_REPRESENTATION('',(#10611),#10615);
#10611 = LINE('',#10612,#10613);
#10612 = CARTESIAN_POINT('',(-6.28318530718,0.));
#10613 = VECTOR('',#10614,1.);
#10614 = DIRECTION('',(-0.,-1.));
#10615 = ( GEOMETRIC_REPRESENTATION_CONTEXT(2) 
PARAMETRIC_REPRESENTATION_CONTEXT() REPRESENTATION_CONTEXT('2D SPACE',''
  ) );
#10616 = PCURVE('',#4129,#10617);
#10617 = DEFINITIONAL_REPRESENTATION('',(#10618),#10622);
#10618 = LINE('',#10619,#10620);
#10619 = CARTESIAN_POINT('',(0.,-0.));
#10620 = VECTOR('',#10621,1.);
#10621 = DIRECTION('',(-0.,-1.));
#10622 = ( GEOMETRIC_REPRESENTATION_CONTEXT(2) 
PARAMETRIC_REPRESENTATION_CONTEXT() REPRESENTATION_CONTEXT('2D SPACE',''
  ) );
#10623 = ORIENTED_EDGE('',*,*,#10624,.F.);
#10624 = EDGE_CURVE('',#10625,#10602,#10627,.T.);
#10625 = VERTEX_POINT('',#10626);
#10626 = CARTESIAN_POINT('',(-0.88,-12.92,2.));
#10627 = SURFACE_CURVE('',#10628,(#10633,#10640),.PCURVE_S1.);
#10628 = CIRCLE('',#10629,1.1);
#10629 = AXIS2_PLACEMENT_3D('',#10630,#10631,#10632);
#10630 = CARTESIAN_POINT('',(-1.98,-12.92,2.));
#10631 = DIRECTION('',(0.,1.224646799147E-16,1.));
#10632 = DIRECTION('',(-1.,0.,0.));
#10633 = PCURVE('',#4129,#10634);
#10634 = DEFINITIONAL_REPRESENTATION('',(#10635),#10639);
#10635 = LINE('',#10636,#10637);
#10636 = CARTESIAN_POINT('',(-0.,-2.));
#10637 = VECTOR('',#10638,1.);
#10638 = DIRECTION('',(-1.,-0.));
#10639 = ( GEOMETRIC_REPRESENTATION_CONTEXT(2) 
PARAMETRIC_REPRESENTATION_CONTEXT() REPRESENTATION_CONTEXT('2D SPACE',''
  ) );
#10640 = PCURVE('',#8951,#10641);
#10641 = DEFINITIONAL_REPRESENTATION('',(#10642),#10646);
#10642 = LINE('',#10643,#10644);
#10643 = CARTESIAN_POINT('',(-9.424777960769,-20.1));
#10644 = VECTOR('',#10645,1.);
#10645 = DIRECTION('',(1.,-0.));
#10646 = ( GEOMETRIC_REPRESENTATION_CONTEXT(2) 
PARAMETRIC_REPRESENTATION_CONTEXT() REPRESENTATION_CONTEXT('2D SPACE',''
  ) );
#10647 = ORIENTED_EDGE('',*,*,#10648,.F.);
#10648 = EDGE_CURVE('',#10602,#10625,#10649,.T.);
#10649 = SURFACE_CURVE('',#10650,(#10655,#10662),.PCURVE_S1.);
#10650 = CIRCLE('',#10651,1.1);
#10651 = AXIS2_PLACEMENT_3D('',#10652,#10653,#10654);
#10652 = CARTESIAN_POINT('',(-1.98,-12.92,2.));
#10653 = DIRECTION('',(0.,1.224646799147E-16,1.));
#10654 = DIRECTION('',(-1.,0.,0.));
#10655 = PCURVE('',#4129,#10656);
#10656 = DEFINITIONAL_REPRESENTATION('',(#10657),#10661);
#10657 = LINE('',#10658,#10659);
#10658 = CARTESIAN_POINT('',(-0.,-2.));
#10659 = VECTOR('',#10660,1.);
#10660 = DIRECTION('',(-1.,-0.));
#10661 = ( GEOMETRIC_REPRESENTATION_CONTEXT(2) 
PARAMETRIC_REPRESENTATION_CONTEXT() REPRESENTATION_CONTEXT('2D SPACE',''
  ) );
#10662 = PCURVE('',#8951,#10663);
#10663 = DEFINITIONAL_REPRESENTATION('',(#10664),#10668);
#10664 = LINE('',#10665,#10666);
#10665 = CARTESIAN_POINT('',(-3.14159265359,-20.1));
#10666 = VECTOR('',#10667,1.);
#10667 = DIRECTION('',(1.,-0.));
#10668 = ( GEOMETRIC_REPRESENTATION_CONTEXT(2) 
PARAMETRIC_REPRESENTATION_CONTEXT() REPRESENTATION_CONTEXT('2D SPACE',''
  ) );
#10669 = ORIENTED_EDGE('',*,*,#10601,.F.);
#10670 = ORIENTED_EDGE('',*,*,#4108,.T.);
#10671 = ADVANCED_FACE('',(#10672),#4161,.T.);
#10672 = FACE_BOUND('',#10673,.T.);
#10673 = EDGE_LOOP('',(#10674,#10697,#10725,#10746));
#10674 = ORIENTED_EDGE('',*,*,#10675,.T.);
#10675 = EDGE_CURVE('',#4144,#10676,#10678,.T.);
#10676 = VERTEX_POINT('',#10677);
#10677 = CARTESIAN_POINT('',(15.4923828125,-0.56591796875,0.5));
#10678 = SURFACE_CURVE('',#10679,(#10683,#10690),.PCURVE_S1.);
#10679 = LINE('',#10680,#10681);
#10680 = CARTESIAN_POINT('',(15.4923828125,-0.56591796875,0.));
#10681 = VECTOR('',#10682,1.);
#10682 = DIRECTION('',(0.,1.224646799147E-16,1.));
#10683 = PCURVE('',#4161,#10684);
#10684 = DEFINITIONAL_REPRESENTATION('',(#10685),#10689);
#10685 = LINE('',#10686,#10687);
#10686 = CARTESIAN_POINT('',(0.,0.));
#10687 = VECTOR('',#10688,1.);
#10688 = DIRECTION('',(0.,-1.));
#10689 = ( GEOMETRIC_REPRESENTATION_CONTEXT(2) 
PARAMETRIC_REPRESENTATION_CONTEXT() REPRESENTATION_CONTEXT('2D SPACE',''
  ) );
#10690 = PCURVE('',#4467,#10691);
#10691 = DEFINITIONAL_REPRESENTATION('',(#10692),#10696);
#10692 = LINE('',#10693,#10694);
#10693 = CARTESIAN_POINT('',(0.166015625,2.257200024277E-33));
#10694 = VECTOR('',#10695,1.);
#10695 = DIRECTION('',(0.,-1.));
#10696 = ( GEOMETRIC_REPRESENTATION_CONTEXT(2) 
PARAMETRIC_REPRESENTATION_CONTEXT() REPRESENTATION_CONTEXT('2D SPACE',''
  ) );
#10697 = ORIENTED_EDGE('',*,*,#10698,.T.);
#10698 = EDGE_CURVE('',#10676,#10699,#10701,.T.);
#10699 = VERTEX_POINT('',#10700);
#10700 = CARTESIAN_POINT('',(15.4923828125,0.37353515625,0.5));
#10701 = SURFACE_CURVE('',#10702,(#10706,#10713),.PCURVE_S1.);
#10702 = LINE('',#10703,#10704);
#10703 = CARTESIAN_POINT('',(15.4923828125,-0.56591796875,0.5));
#10704 = VECTOR('',#10705,1.);
#10705 = DIRECTION('',(-1.110223024625E-16,1.,-1.224646799147E-16));
#10706 = PCURVE('',#4161,#10707);
#10707 = DEFINITIONAL_REPRESENTATION('',(#10708),#10712);
#10708 = LINE('',#10709,#10710);
#10709 = CARTESIAN_POINT('',(-1.722546424199E-16,-0.5));
#10710 = VECTOR('',#10711,1.);
#10711 = DIRECTION('',(1.,0.));
#10712 = ( GEOMETRIC_REPRESENTATION_CONTEXT(2) 
PARAMETRIC_REPRESENTATION_CONTEXT() REPRESENTATION_CONTEXT('2D SPACE',''
  ) );
#10713 = PCURVE('',#10714,#10719);
#10714 = PLANE('',#10715);
#10715 = AXIS2_PLACEMENT_3D('',#10716,#10717,#10718);
#10716 = CARTESIAN_POINT('',(15.4923828125,0.56982421875,0.5));
#10717 = DIRECTION('',(0.,-1.224646799147E-16,-1.));
#10718 = DIRECTION('',(1.110223024625E-16,-1.,1.224646799147E-16));
#10719 = DEFINITIONAL_REPRESENTATION('',(#10720),#10724);
#10720 = LINE('',#10721,#10722);
#10721 = CARTESIAN_POINT('',(1.1357421875,1.260927126601E-16));
#10722 = VECTOR('',#10723,1.);
#10723 = DIRECTION('',(-1.,-1.665067842118E-48));
#10724 = ( GEOMETRIC_REPRESENTATION_CONTEXT(2) 
PARAMETRIC_REPRESENTATION_CONTEXT() REPRESENTATION_CONTEXT('2D SPACE',''
  ) );
#10725 = ORIENTED_EDGE('',*,*,#10726,.F.);
#10726 = EDGE_CURVE('',#4146,#10699,#10727,.T.);
#10727 = SURFACE_CURVE('',#10728,(#10732,#10739),.PCURVE_S1.);
#10728 = LINE('',#10729,#10730);
#10729 = CARTESIAN_POINT('',(15.4923828125,0.37353515625,0.));
#10730 = VECTOR('',#10731,1.);
#10731 = DIRECTION('',(0.,1.224646799147E-16,1.));
#10732 = PCURVE('',#4161,#10733);
#10733 = DEFINITIONAL_REPRESENTATION('',(#10734),#10738);
#10734 = LINE('',#10735,#10736);
#10735 = CARTESIAN_POINT('',(0.939453125,-1.15049826248E-16));
#10736 = VECTOR('',#10737,1.);
#10737 = DIRECTION('',(0.,-1.));
#10738 = ( GEOMETRIC_REPRESENTATION_CONTEXT(2) 
PARAMETRIC_REPRESENTATION_CONTEXT() REPRESENTATION_CONTEXT('2D SPACE',''
  ) );
#10739 = PCURVE('',#4189,#10740);
#10740 = DEFINITIONAL_REPRESENTATION('',(#10741),#10745);
#10741 = LINE('',#10742,#10743);
#10742 = CARTESIAN_POINT('',(0.,0.));
#10743 = VECTOR('',#10744,1.);
#10744 = DIRECTION('',(0.,-1.));
#10745 = ( GEOMETRIC_REPRESENTATION_CONTEXT(2) 
PARAMETRIC_REPRESENTATION_CONTEXT() REPRESENTATION_CONTEXT('2D SPACE',''
  ) );
#10746 = ORIENTED_EDGE('',*,*,#4143,.F.);
#10747 = ADVANCED_FACE('',(#10748),#4467,.T.);
#10748 = FACE_BOUND('',#10749,.T.);
#10749 = EDGE_LOOP('',(#10750,#10773,#10794,#10795));
#10750 = ORIENTED_EDGE('',*,*,#10751,.T.);
#10751 = EDGE_CURVE('',#4426,#10752,#10754,.T.);
#10752 = VERTEX_POINT('',#10753);
#10753 = CARTESIAN_POINT('',(15.3263671875,-0.56591796875,0.5));
#10754 = SURFACE_CURVE('',#10755,(#10759,#10766),.PCURVE_S1.);
#10755 = LINE('',#10756,#10757);
#10756 = CARTESIAN_POINT('',(15.3263671875,-0.56591796875,0.));
#10757 = VECTOR('',#10758,1.);
#10758 = DIRECTION('',(0.,1.224646799147E-16,1.));
#10759 = PCURVE('',#4467,#10760);
#10760 = DEFINITIONAL_REPRESENTATION('',(#10761),#10765);
#10761 = LINE('',#10762,#10763);
#10762 = CARTESIAN_POINT('',(0.,0.));
#10763 = VECTOR('',#10764,1.);
#10764 = DIRECTION('',(0.,-1.));
#10765 = ( GEOMETRIC_REPRESENTATION_CONTEXT(2) 
PARAMETRIC_REPRESENTATION_CONTEXT() REPRESENTATION_CONTEXT('2D SPACE',''
  ) );
#10766 = PCURVE('',#4441,#10767);
#10767 = DEFINITIONAL_REPRESENTATION('',(#10768),#10772);
#10768 = LINE('',#10769,#10770);
#10769 = CARTESIAN_POINT('',(0.7421875,9.089175462422E-17));
#10770 = VECTOR('',#10771,1.);
#10771 = DIRECTION('',(0.,-1.));
#10772 = ( GEOMETRIC_REPRESENTATION_CONTEXT(2) 
PARAMETRIC_REPRESENTATION_CONTEXT() REPRESENTATION_CONTEXT('2D SPACE',''
  ) );
#10773 = ORIENTED_EDGE('',*,*,#10774,.T.);
#10774 = EDGE_CURVE('',#10752,#10676,#10775,.T.);
#10775 = SURFACE_CURVE('',#10776,(#10780,#10787),.PCURVE_S1.);
#10776 = LINE('',#10777,#10778);
#10777 = CARTESIAN_POINT('',(15.3263671875,-0.56591796875,0.5));
#10778 = VECTOR('',#10779,1.);
#10779 = DIRECTION('',(1.,1.110223024625E-16,-1.359631073447E-32));
#10780 = PCURVE('',#4467,#10781);
#10781 = DEFINITIONAL_REPRESENTATION('',(#10782),#10786);
#10782 = LINE('',#10783,#10784);
#10783 = CARTESIAN_POINT('',(5.527796276844E-33,-0.5));
#10784 = VECTOR('',#10785,1.);
#10785 = DIRECTION('',(1.,0.));
#10786 = ( GEOMETRIC_REPRESENTATION_CONTEXT(2) 
PARAMETRIC_REPRESENTATION_CONTEXT() REPRESENTATION_CONTEXT('2D SPACE',''
  ) );
#10787 = PCURVE('',#10714,#10788);
#10788 = DEFINITIONAL_REPRESENTATION('',(#10789),#10793);
#10789 = LINE('',#10790,#10791);
#10790 = CARTESIAN_POINT('',(1.1357421875,0.166015625));
#10791 = VECTOR('',#10792,1.);
#10792 = DIRECTION('',(-1.665067842118E-48,-1.));
#10793 = ( GEOMETRIC_REPRESENTATION_CONTEXT(2) 
PARAMETRIC_REPRESENTATION_CONTEXT() REPRESENTATION_CONTEXT('2D SPACE',''
  ) );
#10794 = ORIENTED_EDGE('',*,*,#10675,.F.);
#10795 = ORIENTED_EDGE('',*,*,#4453,.F.);
#10796 = ADVANCED_FACE('',(#10797),#4441,.T.);
#10797 = FACE_BOUND('',#10798,.T.);
#10798 = EDGE_LOOP('',(#10799,#10822,#10843,#10844));
#10799 = ORIENTED_EDGE('',*,*,#10800,.T.);
#10800 = EDGE_CURVE('',#4398,#10801,#10803,.T.);
#10801 = VERTEX_POINT('',#10802);
#10802 = CARTESIAN_POINT('',(15.3263671875,0.17626953125,0.5));
#10803 = SURFACE_CURVE('',#10804,(#10808,#10815),.PCURVE_S1.);
#10804 = LINE('',#10805,#10806);
#10805 = CARTESIAN_POINT('',(15.3263671875,0.17626953125,0.));
#10806 = VECTOR('',#10807,1.);
#10807 = DIRECTION('',(0.,1.224646799147E-16,1.));
#10808 = PCURVE('',#4441,#10809);
#10809 = DEFINITIONAL_REPRESENTATION('',(#10810),#10814);
#10810 = LINE('',#10811,#10812);
#10811 = CARTESIAN_POINT('',(0.,0.));
#10812 = VECTOR('',#10813,1.);
#10813 = DIRECTION('',(0.,-1.));
#10814 = ( GEOMETRIC_REPRESENTATION_CONTEXT(2) 
PARAMETRIC_REPRESENTATION_CONTEXT() REPRESENTATION_CONTEXT('2D SPACE',''
  ) );
#10815 = PCURVE('',#4413,#10816);
#10816 = DEFINITIONAL_REPRESENTATION('',(#10817),#10821);
#10817 = LINE('',#10818,#10819);
#10818 = CARTESIAN_POINT('',(0.5283203125,-6.413103598387E-33));
#10819 = VECTOR('',#10820,1.);
#10820 = DIRECTION('',(0.,-1.));
#10821 = ( GEOMETRIC_REPRESENTATION_CONTEXT(2) 
PARAMETRIC_REPRESENTATION_CONTEXT() REPRESENTATION_CONTEXT('2D SPACE',''
  ) );
#10822 = ORIENTED_EDGE('',*,*,#10823,.T.);
#10823 = EDGE_CURVE('',#10801,#10752,#10824,.T.);
#10824 = SURFACE_CURVE('',#10825,(#10829,#10836),.PCURVE_S1.);
#10825 = LINE('',#10826,#10827);
#10826 = CARTESIAN_POINT('',(15.3263671875,0.17626953125,0.5));
#10827 = VECTOR('',#10828,1.);
#10828 = DIRECTION('',(1.110223024625E-16,-1.,1.224646799147E-16));
#10829 = PCURVE('',#4441,#10830);
#10830 = DEFINITIONAL_REPRESENTATION('',(#10831),#10835);
#10831 = LINE('',#10832,#10833);
#10832 = CARTESIAN_POINT('',(3.347676434174E-17,-0.5));
#10833 = VECTOR('',#10834,1.);
#10834 = DIRECTION('',(1.,0.));
#10835 = ( GEOMETRIC_REPRESENTATION_CONTEXT(2) 
PARAMETRIC_REPRESENTATION_CONTEXT() REPRESENTATION_CONTEXT('2D SPACE',''
  ) );
#10836 = PCURVE('',#10714,#10837);
#10837 = DEFINITIONAL_REPRESENTATION('',(#10838),#10842);
#10838 = LINE('',#10839,#10840);
#10839 = CARTESIAN_POINT('',(0.3935546875,0.166015625));
#10840 = VECTOR('',#10841,1.);
#10841 = DIRECTION('',(1.,1.665067842118E-48));
#10842 = ( GEOMETRIC_REPRESENTATION_CONTEXT(2) 
PARAMETRIC_REPRESENTATION_CONTEXT() REPRESENTATION_CONTEXT('2D SPACE',''
  ) );
#10843 = ORIENTED_EDGE('',*,*,#10751,.F.);
#10844 = ORIENTED_EDGE('',*,*,#4425,.F.);
#10845 = ADVANCED_FACE('',(#10846),#4413,.T.);
#10846 = FACE_BOUND('',#10847,.T.);
#10847 = EDGE_LOOP('',(#10848,#10871,#10892,#10893));
#10848 = ORIENTED_EDGE('',*,*,#10849,.T.);
#10849 = EDGE_CURVE('',#4370,#10850,#10852,.T.);
#10850 = VERTEX_POINT('',#10851);
#10851 = CARTESIAN_POINT('',(14.798046875,0.17626953125,0.5));
#10852 = SURFACE_CURVE('',#10853,(#10857,#10864),.PCURVE_S1.);
#10853 = LINE('',#10854,#10855);
#10854 = CARTESIAN_POINT('',(14.798046875,0.17626953125,0.));
#10855 = VECTOR('',#10856,1.);
#10856 = DIRECTION('',(0.,1.224646799147E-16,1.));
#10857 = PCURVE('',#4413,#10858);
#10858 = DEFINITIONAL_REPRESENTATION('',(#10859),#10863);
#10859 = LINE('',#10860,#10861);
#10860 = CARTESIAN_POINT('',(0.,0.));
#10861 = VECTOR('',#10862,1.);
#10862 = DIRECTION('',(0.,-1.));
#10863 = ( GEOMETRIC_REPRESENTATION_CONTEXT(2) 
PARAMETRIC_REPRESENTATION_CONTEXT() REPRESENTATION_CONTEXT('2D SPACE',''
  ) );
#10864 = PCURVE('',#4385,#10865);
#10865 = DEFINITIONAL_REPRESENTATION('',(#10866),#10870);
#10866 = LINE('',#10867,#10868);
#10867 = CARTESIAN_POINT('',(0.6943359375,-8.503162833924E-17));
#10868 = VECTOR('',#10869,1.);
#10869 = DIRECTION('',(0.,-1.));
#10870 = ( GEOMETRIC_REPRESENTATION_CONTEXT(2) 
PARAMETRIC_REPRESENTATION_CONTEXT() REPRESENTATION_CONTEXT('2D SPACE',''
  ) );
#10871 = ORIENTED_EDGE('',*,*,#10872,.T.);
#10872 = EDGE_CURVE('',#10850,#10801,#10873,.T.);
#10873 = SURFACE_CURVE('',#10874,(#10878,#10885),.PCURVE_S1.);
#10874 = LINE('',#10875,#10876);
#10875 = CARTESIAN_POINT('',(14.798046875,0.17626953125,0.5));
#10876 = VECTOR('',#10877,1.);
#10877 = DIRECTION('',(1.,1.110223024625E-16,-1.359631073447E-32));
#10878 = PCURVE('',#4413,#10879);
#10879 = DEFINITIONAL_REPRESENTATION('',(#10880),#10884);
#10880 = LINE('',#10881,#10882);
#10881 = CARTESIAN_POINT('',(-6.351795451953E-34,-0.5));
#10882 = VECTOR('',#10883,1.);
#10883 = DIRECTION('',(1.,0.));
#10884 = ( GEOMETRIC_REPRESENTATION_CONTEXT(2) 
PARAMETRIC_REPRESENTATION_CONTEXT() REPRESENTATION_CONTEXT('2D SPACE',''
  ) );
#10885 = PCURVE('',#10714,#10886);
#10886 = DEFINITIONAL_REPRESENTATION('',(#10887),#10891);
#10887 = LINE('',#10888,#10889);
#10888 = CARTESIAN_POINT('',(0.3935546875,0.6943359375));
#10889 = VECTOR('',#10890,1.);
#10890 = DIRECTION('',(-1.665067842118E-48,-1.));
#10891 = ( GEOMETRIC_REPRESENTATION_CONTEXT(2) 
PARAMETRIC_REPRESENTATION_CONTEXT() REPRESENTATION_CONTEXT('2D SPACE',''
  ) );
#10892 = ORIENTED_EDGE('',*,*,#10800,.F.);
#10893 = ORIENTED_EDGE('',*,*,#4397,.F.);
#10894 = ADVANCED_FACE('',(#10895),#4385,.T.);
#10895 = FACE_BOUND('',#10896,.T.);
#10896 = EDGE_LOOP('',(#10897,#10920,#10941,#10942));
#10897 = ORIENTED_EDGE('',*,*,#10898,.T.);
#10898 = EDGE_CURVE('',#4342,#10899,#10901,.T.);
#10899 = VERTEX_POINT('',#10900);
#10900 = CARTESIAN_POINT('',(14.798046875,-0.51806640625,0.5));
#10901 = SURFACE_CURVE('',#10902,(#10906,#10913),.PCURVE_S1.);
#10902 = LINE('',#10903,#10904);
#10903 = CARTESIAN_POINT('',(14.798046875,-0.51806640625,0.));
#10904 = VECTOR('',#10905,1.);
#10905 = DIRECTION('',(0.,1.224646799147E-16,1.));
#10906 = PCURVE('',#4385,#10907);
#10907 = DEFINITIONAL_REPRESENTATION('',(#10908),#10912);
#10908 = LINE('',#10909,#10910);
#10909 = CARTESIAN_POINT('',(0.,0.));
#10910 = VECTOR('',#10911,1.);
#10911 = DIRECTION('',(0.,-1.));
#10912 = ( GEOMETRIC_REPRESENTATION_CONTEXT(2) 
PARAMETRIC_REPRESENTATION_CONTEXT() REPRESENTATION_CONTEXT('2D SPACE',''
  ) );
#10913 = PCURVE('',#4357,#10914);
#10914 = DEFINITIONAL_REPRESENTATION('',(#10915),#10919);
#10915 = LINE('',#10916,#10917);
#10916 = CARTESIAN_POINT('',(0.166015625,2.257200024277E-33));
#10917 = VECTOR('',#10918,1.);
#10918 = DIRECTION('',(0.,-1.));
#10919 = ( GEOMETRIC_REPRESENTATION_CONTEXT(2) 
PARAMETRIC_REPRESENTATION_CONTEXT() REPRESENTATION_CONTEXT('2D SPACE',''
  ) );
#10920 = ORIENTED_EDGE('',*,*,#10921,.T.);
#10921 = EDGE_CURVE('',#10899,#10850,#10922,.T.);
#10922 = SURFACE_CURVE('',#10923,(#10927,#10934),.PCURVE_S1.);
#10923 = LINE('',#10924,#10925);
#10924 = CARTESIAN_POINT('',(14.798046875,-0.51806640625,0.5));
#10925 = VECTOR('',#10926,1.);
#10926 = DIRECTION('',(-1.110223024625E-16,1.,-1.224646799147E-16));
#10927 = PCURVE('',#4385,#10928);
#10928 = DEFINITIONAL_REPRESENTATION('',(#10929),#10933);
#10929 = LINE('',#10930,#10931);
#10930 = CARTESIAN_POINT('',(-6.123233995737E-17,-0.5));
#10931 = VECTOR('',#10932,1.);
#10932 = DIRECTION('',(1.,0.));
#10933 = ( GEOMETRIC_REPRESENTATION_CONTEXT(2) 
PARAMETRIC_REPRESENTATION_CONTEXT() REPRESENTATION_CONTEXT('2D SPACE',''
  ) );
#10934 = PCURVE('',#10714,#10935);
#10935 = DEFINITIONAL_REPRESENTATION('',(#10936),#10940);
#10936 = LINE('',#10937,#10938);
#10937 = CARTESIAN_POINT('',(1.087890625,0.6943359375));
#10938 = VECTOR('',#10939,1.);
#10939 = DIRECTION('',(-1.,-1.665067842118E-48));
#10940 = ( GEOMETRIC_REPRESENTATION_CONTEXT(2) 
PARAMETRIC_REPRESENTATION_CONTEXT() REPRESENTATION_CONTEXT('2D SPACE',''
  ) );
#10941 = ORIENTED_EDGE('',*,*,#10849,.F.);
#10942 = ORIENTED_EDGE('',*,*,#4369,.F.);
#10943 = ADVANCED_FACE('',(#10944),#4357,.T.);
#10944 = FACE_BOUND('',#10945,.T.);
#10945 = EDGE_LOOP('',(#10946,#10969,#10990,#10991));
#10946 = ORIENTED_EDGE('',*,*,#10947,.T.);
#10947 = EDGE_CURVE('',#4314,#10948,#10950,.T.);
#10948 = VERTEX_POINT('',#10949);
#10949 = CARTESIAN_POINT('',(14.63203125,-0.51806640625,0.5));
#10950 = SURFACE_CURVE('',#10951,(#10955,#10962),.PCURVE_S1.);
#10951 = LINE('',#10952,#10953);
#10952 = CARTESIAN_POINT('',(14.63203125,-0.51806640625,0.));
#10953 = VECTOR('',#10954,1.);
#10954 = DIRECTION('',(0.,1.224646799147E-16,1.));
#10955 = PCURVE('',#4357,#10956);
#10956 = DEFINITIONAL_REPRESENTATION('',(#10957),#10961);
#10957 = LINE('',#10958,#10959);
#10958 = CARTESIAN_POINT('',(0.,0.));
#10959 = VECTOR('',#10960,1.);
#10960 = DIRECTION('',(0.,-1.));
#10961 = ( GEOMETRIC_REPRESENTATION_CONTEXT(2) 
PARAMETRIC_REPRESENTATION_CONTEXT() REPRESENTATION_CONTEXT('2D SPACE',''
  ) );
#10962 = PCURVE('',#4329,#10963);
#10963 = DEFINITIONAL_REPRESENTATION('',(#10964),#10968);
#10964 = LINE('',#10965,#10966);
#10965 = CARTESIAN_POINT('',(0.6943359375,8.503162833924E-17));
#10966 = VECTOR('',#10967,1.);
#10967 = DIRECTION('',(0.,-1.));
#10968 = ( GEOMETRIC_REPRESENTATION_CONTEXT(2) 
PARAMETRIC_REPRESENTATION_CONTEXT() REPRESENTATION_CONTEXT('2D SPACE',''
  ) );
#10969 = ORIENTED_EDGE('',*,*,#10970,.T.);
#10970 = EDGE_CURVE('',#10948,#10899,#10971,.T.);
#10971 = SURFACE_CURVE('',#10972,(#10976,#10983),.PCURVE_S1.);
#10972 = LINE('',#10973,#10974);
#10973 = CARTESIAN_POINT('',(14.63203125,-0.51806640625,0.5));
#10974 = VECTOR('',#10975,1.);
#10975 = DIRECTION('',(1.,1.110223024625E-16,-1.359631073447E-32));
#10976 = PCURVE('',#4357,#10977);
#10977 = DEFINITIONAL_REPRESENTATION('',(#10978),#10982);
#10978 = LINE('',#10979,#10980);
#10979 = CARTESIAN_POINT('',(5.527796276844E-33,-0.5));
#10980 = VECTOR('',#10981,1.);
#10981 = DIRECTION('',(1.,0.));
#10982 = ( GEOMETRIC_REPRESENTATION_CONTEXT(2) 
PARAMETRIC_REPRESENTATION_CONTEXT() REPRESENTATION_CONTEXT('2D SPACE',''
  ) );
#10983 = PCURVE('',#10714,#10984);
#10984 = DEFINITIONAL_REPRESENTATION('',(#10985),#10989);
#10985 = LINE('',#10986,#10987);
#10986 = CARTESIAN_POINT('',(1.087890625,0.8603515625));
#10987 = VECTOR('',#10988,1.);
#10988 = DIRECTION('',(-1.665067842118E-48,-1.));
#10989 = ( GEOMETRIC_REPRESENTATION_CONTEXT(2) 
PARAMETRIC_REPRESENTATION_CONTEXT() REPRESENTATION_CONTEXT('2D SPACE',''
  ) );
#10990 = ORIENTED_EDGE('',*,*,#10898,.F.);
#10991 = ORIENTED_EDGE('',*,*,#4341,.F.);
#10992 = ADVANCED_FACE('',(#10993),#4329,.T.);
#10993 = FACE_BOUND('',#10994,.T.);
#10994 = EDGE_LOOP('',(#10995,#11018,#11039,#11040));
#10995 = ORIENTED_EDGE('',*,*,#10996,.T.);
#10996 = EDGE_CURVE('',#4286,#10997,#10999,.T.);
#10997 = VERTEX_POINT('',#10998);
#10998 = CARTESIAN_POINT('',(14.63203125,0.17626953125,0.5));
#10999 = SURFACE_CURVE('',#11000,(#11004,#11011),.PCURVE_S1.);
#11000 = LINE('',#11001,#11002);
#11001 = CARTESIAN_POINT('',(14.63203125,0.17626953125,0.));
#11002 = VECTOR('',#11003,1.);
#11003 = DIRECTION('',(0.,1.224646799147E-16,1.));
#11004 = PCURVE('',#4329,#11005);
#11005 = DEFINITIONAL_REPRESENTATION('',(#11006),#11010);
#11006 = LINE('',#11007,#11008);
#11007 = CARTESIAN_POINT('',(0.,0.));
#11008 = VECTOR('',#11009,1.);
#11009 = DIRECTION('',(0.,-1.));
#11010 = ( GEOMETRIC_REPRESENTATION_CONTEXT(2) 
PARAMETRIC_REPRESENTATION_CONTEXT() REPRESENTATION_CONTEXT('2D SPACE',''
  ) );
#11011 = PCURVE('',#4301,#11012);
#11012 = DEFINITIONAL_REPRESENTATION('',(#11013),#11017);
#11013 = LINE('',#11014,#11015);
#11014 = CARTESIAN_POINT('',(0.431640625,-4.328512987731E-33));
#11015 = VECTOR('',#11016,1.);
#11016 = DIRECTION('',(0.,-1.));
#11017 = ( GEOMETRIC_REPRESENTATION_CONTEXT(2) 
PARAMETRIC_REPRESENTATION_CONTEXT() REPRESENTATION_CONTEXT('2D SPACE',''
  ) );
#11018 = ORIENTED_EDGE('',*,*,#11019,.T.);
#11019 = EDGE_CURVE('',#10997,#10948,#11020,.T.);
#11020 = SURFACE_CURVE('',#11021,(#11025,#11032),.PCURVE_S1.);
#11021 = LINE('',#11022,#11023);
#11022 = CARTESIAN_POINT('',(14.63203125,0.17626953125,0.5));
#11023 = VECTOR('',#11024,1.);
#11024 = DIRECTION('',(1.110223024625E-16,-1.,1.224646799147E-16));
#11025 = PCURVE('',#4329,#11026);
#11026 = DEFINITIONAL_REPRESENTATION('',(#11027),#11031);
#11027 = LINE('',#11028,#11029);
#11028 = CARTESIAN_POINT('',(6.123233995737E-17,-0.5));
#11029 = VECTOR('',#11030,1.);
#11030 = DIRECTION('',(1.,0.));
#11031 = ( GEOMETRIC_REPRESENTATION_CONTEXT(2) 
PARAMETRIC_REPRESENTATION_CONTEXT() REPRESENTATION_CONTEXT('2D SPACE',''
  ) );
#11032 = PCURVE('',#10714,#11033);
#11033 = DEFINITIONAL_REPRESENTATION('',(#11034),#11038);
#11034 = LINE('',#11035,#11036);
#11035 = CARTESIAN_POINT('',(0.3935546875,0.8603515625));
#11036 = VECTOR('',#11037,1.);
#11037 = DIRECTION('',(1.,1.665067842118E-48));
#11038 = ( GEOMETRIC_REPRESENTATION_CONTEXT(2) 
PARAMETRIC_REPRESENTATION_CONTEXT() REPRESENTATION_CONTEXT('2D SPACE',''
  ) );
#11039 = ORIENTED_EDGE('',*,*,#10947,.F.);
#11040 = ORIENTED_EDGE('',*,*,#4313,.F.);
#11041 = ADVANCED_FACE('',(#11042),#4301,.T.);
#11042 = FACE_BOUND('',#11043,.T.);
#11043 = EDGE_LOOP('',(#11044,#11067,#11088,#11089));
#11044 = ORIENTED_EDGE('',*,*,#11045,.T.);
#11045 = EDGE_CURVE('',#4258,#11046,#11048,.T.);
#11046 = VERTEX_POINT('',#11047);
#11047 = CARTESIAN_POINT('',(14.200390625,0.17626953125,0.5));
#11048 = SURFACE_CURVE('',#11049,(#11053,#11060),.PCURVE_S1.);
#11049 = LINE('',#11050,#11051);
#11050 = CARTESIAN_POINT('',(14.200390625,0.17626953125,0.));
#11051 = VECTOR('',#11052,1.);
#11052 = DIRECTION('',(0.,1.224646799147E-16,1.));
#11053 = PCURVE('',#4301,#11054);
#11054 = DEFINITIONAL_REPRESENTATION('',(#11055),#11059);
#11055 = LINE('',#11056,#11057);
#11056 = CARTESIAN_POINT('',(0.,0.));
#11057 = VECTOR('',#11058,1.);
#11058 = DIRECTION('',(0.,-1.));
#11059 = ( GEOMETRIC_REPRESENTATION_CONTEXT(2) 
PARAMETRIC_REPRESENTATION_CONTEXT() REPRESENTATION_CONTEXT('2D SPACE',''
  ) );
#11060 = PCURVE('',#4273,#11061);
#11061 = DEFINITIONAL_REPRESENTATION('',(#11062),#11066);
#11062 = LINE('',#11063,#11064);
#11063 = CARTESIAN_POINT('',(0.724609375,-8.873905517259E-17));
#11064 = VECTOR('',#11065,1.);
#11065 = DIRECTION('',(0.,-1.));
#11066 = ( GEOMETRIC_REPRESENTATION_CONTEXT(2) 
PARAMETRIC_REPRESENTATION_CONTEXT() REPRESENTATION_CONTEXT('2D SPACE',''
  ) );
#11067 = ORIENTED_EDGE('',*,*,#11068,.T.);
#11068 = EDGE_CURVE('',#11046,#10997,#11069,.T.);
#11069 = SURFACE_CURVE('',#11070,(#11074,#11081),.PCURVE_S1.);
#11070 = LINE('',#11071,#11072);
#11071 = CARTESIAN_POINT('',(14.200390625,0.17626953125,0.5));
#11072 = VECTOR('',#11073,1.);
#11073 = DIRECTION('',(1.,1.110223024625E-16,-1.359631073447E-32));
#11074 = PCURVE('',#4301,#11075);
#11075 = DEFINITIONAL_REPRESENTATION('',(#11076),#11080);
#11076 = LINE('',#11077,#11078);
#11077 = CARTESIAN_POINT('',(-6.351795451953E-34,-0.5));
#11078 = VECTOR('',#11079,1.);
#11079 = DIRECTION('',(1.,0.));
#11080 = ( GEOMETRIC_REPRESENTATION_CONTEXT(2) 
PARAMETRIC_REPRESENTATION_CONTEXT() REPRESENTATION_CONTEXT('2D SPACE',''
  ) );
#11081 = PCURVE('',#10714,#11082);
#11082 = DEFINITIONAL_REPRESENTATION('',(#11083),#11087);
#11083 = LINE('',#11084,#11085);
#11084 = CARTESIAN_POINT('',(0.3935546875,1.2919921875));
#11085 = VECTOR('',#11086,1.);
#11086 = DIRECTION('',(-1.665067842118E-48,-1.));
#11087 = ( GEOMETRIC_REPRESENTATION_CONTEXT(2) 
PARAMETRIC_REPRESENTATION_CONTEXT() REPRESENTATION_CONTEXT('2D SPACE',''
  ) );
#11088 = ORIENTED_EDGE('',*,*,#10996,.F.);
#11089 = ORIENTED_EDGE('',*,*,#4285,.F.);
#11090 = ADVANCED_FACE('',(#11091),#4273,.T.);
#11091 = FACE_BOUND('',#11092,.T.);
#11092 = EDGE_LOOP('',(#11093,#11116,#11137,#11138));
#11093 = ORIENTED_EDGE('',*,*,#11094,.T.);
#11094 = EDGE_CURVE('',#4230,#11095,#11097,.T.);
#11095 = VERTEX_POINT('',#11096);
#11096 = CARTESIAN_POINT('',(14.200390625,-0.54833984375,0.5));
#11097 = SURFACE_CURVE('',#11098,(#11102,#11109),.PCURVE_S1.);
#11098 = LINE('',#11099,#11100);
#11099 = CARTESIAN_POINT('',(14.200390625,-0.54833984375,0.));
#11100 = VECTOR('',#11101,1.);
#11101 = DIRECTION('',(0.,1.224646799147E-16,1.));
#11102 = PCURVE('',#4273,#11103);
#11103 = DEFINITIONAL_REPRESENTATION('',(#11104),#11108);
#11104 = LINE('',#11105,#11106);
#11105 = CARTESIAN_POINT('',(0.,0.));
#11106 = VECTOR('',#11107,1.);
#11107 = DIRECTION('',(0.,-1.));
#11108 = ( GEOMETRIC_REPRESENTATION_CONTEXT(2) 
PARAMETRIC_REPRESENTATION_CONTEXT() REPRESENTATION_CONTEXT('2D SPACE',''
  ) );
#11109 = PCURVE('',#4245,#11110);
#11110 = DEFINITIONAL_REPRESENTATION('',(#11111),#11115);
#11111 = LINE('',#11112,#11113);
#11112 = CARTESIAN_POINT('',(0.166015625,2.257200024277E-33));
#11113 = VECTOR('',#11114,1.);
#11114 = DIRECTION('',(0.,-1.));
#11115 = ( GEOMETRIC_REPRESENTATION_CONTEXT(2) 
PARAMETRIC_REPRESENTATION_CONTEXT() REPRESENTATION_CONTEXT('2D SPACE',''
  ) );
#11116 = ORIENTED_EDGE('',*,*,#11117,.T.);
#11117 = EDGE_CURVE('',#11095,#11046,#11118,.T.);
#11118 = SURFACE_CURVE('',#11119,(#11123,#11130),.PCURVE_S1.);
#11119 = LINE('',#11120,#11121);
#11120 = CARTESIAN_POINT('',(14.200390625,-0.54833984375,0.5));
#11121 = VECTOR('',#11122,1.);
#11122 = DIRECTION('',(-1.110223024625E-16,1.,-1.224646799147E-16));
#11123 = PCURVE('',#4273,#11124);
#11124 = DEFINITIONAL_REPRESENTATION('',(#11125),#11129);
#11125 = LINE('',#11126,#11127);
#11126 = CARTESIAN_POINT('',(4.978996250515E-17,-0.5));
#11127 = VECTOR('',#11128,1.);
#11128 = DIRECTION('',(1.,0.));
#11129 = ( GEOMETRIC_REPRESENTATION_CONTEXT(2) 
PARAMETRIC_REPRESENTATION_CONTEXT() REPRESENTATION_CONTEXT('2D SPACE',''
  ) );
#11130 = PCURVE('',#10714,#11131);
#11131 = DEFINITIONAL_REPRESENTATION('',(#11132),#11136);
#11132 = LINE('',#11133,#11134);
#11133 = CARTESIAN_POINT('',(1.1181640625,1.2919921875));
#11134 = VECTOR('',#11135,1.);
#11135 = DIRECTION('',(-1.,-1.665067842118E-48));
#11136 = ( GEOMETRIC_REPRESENTATION_CONTEXT(2) 
PARAMETRIC_REPRESENTATION_CONTEXT() REPRESENTATION_CONTEXT('2D SPACE',''
  ) );
#11137 = ORIENTED_EDGE('',*,*,#11045,.F.);
#11138 = ORIENTED_EDGE('',*,*,#4257,.F.);
#11139 = ADVANCED_FACE('',(#11140),#4245,.T.);
#11140 = FACE_BOUND('',#11141,.T.);
#11141 = EDGE_LOOP('',(#11142,#11165,#11186,#11187));
#11142 = ORIENTED_EDGE('',*,*,#11143,.T.);
#11143 = EDGE_CURVE('',#4202,#11144,#11146,.T.);
#11144 = VERTEX_POINT('',#11145);
#11145 = CARTESIAN_POINT('',(14.034375,-0.54833984375,0.5));
#11146 = SURFACE_CURVE('',#11147,(#11151,#11158),.PCURVE_S1.);
#11147 = LINE('',#11148,#11149);
#11148 = CARTESIAN_POINT('',(14.034375,-0.54833984375,0.));
#11149 = VECTOR('',#11150,1.);
#11150 = DIRECTION('',(0.,1.224646799147E-16,1.));
#11151 = PCURVE('',#4245,#11152);
#11152 = DEFINITIONAL_REPRESENTATION('',(#11153),#11157);
#11153 = LINE('',#11154,#11155);
#11154 = CARTESIAN_POINT('',(0.,0.));
#11155 = VECTOR('',#11156,1.);
#11156 = DIRECTION('',(0.,-1.));
#11157 = ( GEOMETRIC_REPRESENTATION_CONTEXT(2) 
PARAMETRIC_REPRESENTATION_CONTEXT() REPRESENTATION_CONTEXT('2D SPACE',''
  ) );
#11158 = PCURVE('',#4217,#11159);
#11159 = DEFINITIONAL_REPRESENTATION('',(#11160),#11164);
#11160 = LINE('',#11161,#11162);
#11161 = CARTESIAN_POINT('',(0.921875,1.128971267964E-16));
#11162 = VECTOR('',#11163,1.);
#11163 = DIRECTION('',(0.,-1.));
#11164 = ( GEOMETRIC_REPRESENTATION_CONTEXT(2) 
PARAMETRIC_REPRESENTATION_CONTEXT() REPRESENTATION_CONTEXT('2D SPACE',''
  ) );
#11165 = ORIENTED_EDGE('',*,*,#11166,.T.);
#11166 = EDGE_CURVE('',#11144,#11095,#11167,.T.);
#11167 = SURFACE_CURVE('',#11168,(#11172,#11179),.PCURVE_S1.);
#11168 = LINE('',#11169,#11170);
#11169 = CARTESIAN_POINT('',(14.034375,-0.54833984375,0.5));
#11170 = VECTOR('',#11171,1.);
#11171 = DIRECTION('',(1.,1.110223024625E-16,-1.359631073447E-32));
#11172 = PCURVE('',#4245,#11173);
#11173 = DEFINITIONAL_REPRESENTATION('',(#11174),#11178);
#11174 = LINE('',#11175,#11176);
#11175 = CARTESIAN_POINT('',(5.527796276844E-33,-0.5));
#11176 = VECTOR('',#11177,1.);
#11177 = DIRECTION('',(1.,0.));
#11178 = ( GEOMETRIC_REPRESENTATION_CONTEXT(2) 
PARAMETRIC_REPRESENTATION_CONTEXT() REPRESENTATION_CONTEXT('2D SPACE',''
  ) );
#11179 = PCURVE('',#10714,#11180);
#11180 = DEFINITIONAL_REPRESENTATION('',(#11181),#11185);
#11181 = LINE('',#11182,#11183);
#11182 = CARTESIAN_POINT('',(1.1181640625,1.4580078125));
#11183 = VECTOR('',#11184,1.);
#11184 = DIRECTION('',(-1.665067842118E-48,-1.));
#11185 = ( GEOMETRIC_REPRESENTATION_CONTEXT(2) 
PARAMETRIC_REPRESENTATION_CONTEXT() REPRESENTATION_CONTEXT('2D SPACE',''
  ) );
#11186 = ORIENTED_EDGE('',*,*,#11094,.F.);
#11187 = ORIENTED_EDGE('',*,*,#4229,.F.);
#11188 = ADVANCED_FACE('',(#11189),#4217,.T.);
#11189 = FACE_BOUND('',#11190,.T.);
#11190 = EDGE_LOOP('',(#11191,#11214,#11235,#11236));
#11191 = ORIENTED_EDGE('',*,*,#11192,.T.);
#11192 = EDGE_CURVE('',#4174,#11193,#11195,.T.);
#11193 = VERTEX_POINT('',#11194);
#11194 = CARTESIAN_POINT('',(14.034375,0.37353515625,0.5));
#11195 = SURFACE_CURVE('',#11196,(#11200,#11207),.PCURVE_S1.);
#11196 = LINE('',#11197,#11198);
#11197 = CARTESIAN_POINT('',(14.034375,0.37353515625,0.));
#11198 = VECTOR('',#11199,1.);
#11199 = DIRECTION('',(0.,1.224646799147E-16,1.));
#11200 = PCURVE('',#4217,#11201);
#11201 = DEFINITIONAL_REPRESENTATION('',(#11202),#11206);
#11202 = LINE('',#11203,#11204);
#11203 = CARTESIAN_POINT('',(0.,0.));
#11204 = VECTOR('',#11205,1.);
#11205 = DIRECTION('',(0.,-1.));
#11206 = ( GEOMETRIC_REPRESENTATION_CONTEXT(2) 
PARAMETRIC_REPRESENTATION_CONTEXT() REPRESENTATION_CONTEXT('2D SPACE',''
  ) );
#11207 = PCURVE('',#4189,#11208);
#11208 = DEFINITIONAL_REPRESENTATION('',(#11209),#11213);
#11209 = LINE('',#11210,#11211);
#11210 = CARTESIAN_POINT('',(1.4580078125,2.096540493137E-32));
#11211 = VECTOR('',#11212,1.);
#11212 = DIRECTION('',(0.,-1.));
#11213 = ( GEOMETRIC_REPRESENTATION_CONTEXT(2) 
PARAMETRIC_REPRESENTATION_CONTEXT() REPRESENTATION_CONTEXT('2D SPACE',''
  ) );
#11214 = ORIENTED_EDGE('',*,*,#11215,.T.);
#11215 = EDGE_CURVE('',#11193,#11144,#11216,.T.);
#11216 = SURFACE_CURVE('',#11217,(#11221,#11228),.PCURVE_S1.);
#11217 = LINE('',#11218,#11219);
#11218 = CARTESIAN_POINT('',(14.034375,0.37353515625,0.5));
#11219 = VECTOR('',#11220,1.);
#11220 = DIRECTION('',(1.110223024625E-16,-1.,1.224646799147E-16));
#11221 = PCURVE('',#4217,#11222);
#11222 = DEFINITIONAL_REPRESENTATION('',(#11223),#11227);
#11223 = LINE('',#11224,#11225);
#11224 = CARTESIAN_POINT('',(-4.978996250515E-17,-0.5));
#11225 = VECTOR('',#11226,1.);
#11226 = DIRECTION('',(1.,0.));
#11227 = ( GEOMETRIC_REPRESENTATION_CONTEXT(2) 
PARAMETRIC_REPRESENTATION_CONTEXT() REPRESENTATION_CONTEXT('2D SPACE',''
  ) );
#11228 = PCURVE('',#10714,#11229);
#11229 = DEFINITIONAL_REPRESENTATION('',(#11230),#11234);
#11230 = LINE('',#11231,#11232);
#11231 = CARTESIAN_POINT('',(0.1962890625,1.4580078125));
#11232 = VECTOR('',#11233,1.);
#11233 = DIRECTION('',(1.,1.665067842118E-48));
#11234 = ( GEOMETRIC_REPRESENTATION_CONTEXT(2) 
PARAMETRIC_REPRESENTATION_CONTEXT() REPRESENTATION_CONTEXT('2D SPACE',''
  ) );
#11235 = ORIENTED_EDGE('',*,*,#11143,.F.);
#11236 = ORIENTED_EDGE('',*,*,#4201,.F.);
#11237 = ADVANCED_FACE('',(#11238),#4189,.T.);
#11238 = FACE_BOUND('',#11239,.T.);
#11239 = EDGE_LOOP('',(#11240,#11241,#11262,#11263));
#11240 = ORIENTED_EDGE('',*,*,#10726,.T.);
#11241 = ORIENTED_EDGE('',*,*,#11242,.T.);
#11242 = EDGE_CURVE('',#10699,#11193,#11243,.T.);
#11243 = SURFACE_CURVE('',#11244,(#11248,#11255),.PCURVE_S1.);
#11244 = LINE('',#11245,#11246);
#11245 = CARTESIAN_POINT('',(15.4923828125,0.37353515625,0.5));
#11246 = VECTOR('',#11247,1.);
#11247 = DIRECTION('',(-1.,-1.110223024625E-16,1.359631073447E-32));
#11248 = PCURVE('',#4189,#11249);
#11249 = DEFINITIONAL_REPRESENTATION('',(#11250),#11254);
#11250 = LINE('',#11251,#11252);
#11251 = CARTESIAN_POINT('',(6.351795451953E-34,-0.5));
#11252 = VECTOR('',#11253,1.);
#11253 = DIRECTION('',(1.,0.));
#11254 = ( GEOMETRIC_REPRESENTATION_CONTEXT(2) 
PARAMETRIC_REPRESENTATION_CONTEXT() REPRESENTATION_CONTEXT('2D SPACE',''
  ) );
#11255 = PCURVE('',#10714,#11256);
#11256 = DEFINITIONAL_REPRESENTATION('',(#11257),#11261);
#11257 = LINE('',#11258,#11259);
#11258 = CARTESIAN_POINT('',(0.1962890625,2.179246366696E-17));
#11259 = VECTOR('',#11260,1.);
#11260 = DIRECTION('',(1.665067842118E-48,1.));
#11261 = ( GEOMETRIC_REPRESENTATION_CONTEXT(2) 
PARAMETRIC_REPRESENTATION_CONTEXT() REPRESENTATION_CONTEXT('2D SPACE',''
  ) );
#11262 = ORIENTED_EDGE('',*,*,#11192,.F.);
#11263 = ORIENTED_EDGE('',*,*,#4173,.F.);
#11264 = ADVANCED_FACE('',(#11265),#4499,.T.);
#11265 = FACE_BOUND('',#11266,.T.);
#11266 = EDGE_LOOP('',(#11267,#11290,#11318,#11339));
#11267 = ORIENTED_EDGE('',*,*,#11268,.T.);
#11268 = EDGE_CURVE('',#4482,#11269,#11271,.T.);
#11269 = VERTEX_POINT('',#11270);
#11270 = CARTESIAN_POINT('',(15.4923828125,-1.78173828125,0.5));
#11271 = SURFACE_CURVE('',#11272,(#11276,#11283),.PCURVE_S1.);
#11272 = LINE('',#11273,#11274);
#11273 = CARTESIAN_POINT('',(15.4923828125,-1.78173828125,0.));
#11274 = VECTOR('',#11275,1.);
#11275 = DIRECTION('',(0.,1.224646799147E-16,1.));
#11276 = PCURVE('',#4499,#11277);
#11277 = DEFINITIONAL_REPRESENTATION('',(#11278),#11282);
#11278 = LINE('',#11279,#11280);
#11279 = CARTESIAN_POINT('',(0.,0.));
#11280 = VECTOR('',#11281,1.);
#11281 = DIRECTION('',(0.,-1.));
#11282 = ( GEOMETRIC_REPRESENTATION_CONTEXT(2) 
PARAMETRIC_REPRESENTATION_CONTEXT() REPRESENTATION_CONTEXT('2D SPACE',''
  ) );
#11283 = PCURVE('',#4777,#11284);
#11284 = DEFINITIONAL_REPRESENTATION('',(#11285),#11289);
#11285 = LINE('',#11286,#11287);
#11286 = CARTESIAN_POINT('',(0.166015625,2.257200024277E-33));
#11287 = VECTOR('',#11288,1.);
#11288 = DIRECTION('',(0.,-1.));
#11289 = ( GEOMETRIC_REPRESENTATION_CONTEXT(2) 
PARAMETRIC_REPRESENTATION_CONTEXT() REPRESENTATION_CONTEXT('2D SPACE',''
  ) );
#11290 = ORIENTED_EDGE('',*,*,#11291,.T.);
#11291 = EDGE_CURVE('',#11269,#11292,#11294,.T.);
#11292 = VERTEX_POINT('',#11293);
#11293 = CARTESIAN_POINT('',(15.4923828125,-0.94189453125,0.5));
#11294 = SURFACE_CURVE('',#11295,(#11299,#11306),.PCURVE_S1.);
#11295 = LINE('',#11296,#11297);
#11296 = CARTESIAN_POINT('',(15.4923828125,-1.78173828125,0.5));
#11297 = VECTOR('',#11298,1.);
#11298 = DIRECTION('',(-1.110223024625E-16,1.,-1.224646799147E-16));
#11299 = PCURVE('',#4499,#11300);
#11300 = DEFINITIONAL_REPRESENTATION('',(#11301),#11305);
#11301 = LINE('',#11302,#11303);
#11302 = CARTESIAN_POINT('',(-6.123233995737E-17,-0.5));
#11303 = VECTOR('',#11304,1.);
#11304 = DIRECTION('',(1.,0.));
#11305 = ( GEOMETRIC_REPRESENTATION_CONTEXT(2) 
PARAMETRIC_REPRESENTATION_CONTEXT() REPRESENTATION_CONTEXT('2D SPACE',''
  ) );
#11306 = PCURVE('',#11307,#11312);
#11307 = PLANE('',#11308);
#11308 = AXIS2_PLACEMENT_3D('',#11309,#11310,#11311);
#11309 = CARTESIAN_POINT('',(15.4923828125,-0.69384765625,0.5));
#11310 = DIRECTION('',(0.,-1.224646799147E-16,-1.));
#11311 = DIRECTION('',(1.110223024625E-16,-1.,1.224646799147E-16));
#11312 = DEFINITIONAL_REPRESENTATION('',(#11313),#11317);
#11313 = LINE('',#11314,#11315);
#11314 = CARTESIAN_POINT('',(1.087890625,1.207801220149E-16));
#11315 = VECTOR('',#11316,1.);
#11316 = DIRECTION('',(-1.,-1.665067842118E-48));
#11317 = ( GEOMETRIC_REPRESENTATION_CONTEXT(2) 
PARAMETRIC_REPRESENTATION_CONTEXT() REPRESENTATION_CONTEXT('2D SPACE',''
  ) );
#11318 = ORIENTED_EDGE('',*,*,#11319,.F.);
#11319 = EDGE_CURVE('',#4484,#11292,#11320,.T.);
#11320 = SURFACE_CURVE('',#11321,(#11325,#11332),.PCURVE_S1.);
#11321 = LINE('',#11322,#11323);
#11322 = CARTESIAN_POINT('',(15.4923828125,-0.94189453125,0.));
#11323 = VECTOR('',#11324,1.);
#11324 = DIRECTION('',(0.,1.224646799147E-16,1.));
#11325 = PCURVE('',#4499,#11326);
#11326 = DEFINITIONAL_REPRESENTATION('',(#11327),#11331);
#11327 = LINE('',#11328,#11329);
#11328 = CARTESIAN_POINT('',(0.83984375,-1.028511960221E-16));
#11329 = VECTOR('',#11330,1.);
#11330 = DIRECTION('',(0.,-1.));
#11331 = ( GEOMETRIC_REPRESENTATION_CONTEXT(2) 
PARAMETRIC_REPRESENTATION_CONTEXT() REPRESENTATION_CONTEXT('2D SPACE',''
  ) );
#11332 = PCURVE('',#4527,#11333);
#11333 = DEFINITIONAL_REPRESENTATION('',(#11334),#11338);
#11334 = LINE('',#11335,#11336);
#11335 = CARTESIAN_POINT('',(0.,0.));
#11336 = VECTOR('',#11337,1.);
#11337 = DIRECTION('',(0.,-1.));
#11338 = ( GEOMETRIC_REPRESENTATION_CONTEXT(2) 
PARAMETRIC_REPRESENTATION_CONTEXT() REPRESENTATION_CONTEXT('2D SPACE',''
  ) );
#11339 = ORIENTED_EDGE('',*,*,#4481,.F.);
#11340 = ADVANCED_FACE('',(#11341),#4777,.T.);
#11341 = FACE_BOUND('',#11342,.T.);
#11342 = EDGE_LOOP('',(#11343,#11366,#11387,#11388));
#11343 = ORIENTED_EDGE('',*,*,#11344,.T.);
#11344 = EDGE_CURVE('',#4736,#11345,#11347,.T.);
#11345 = VERTEX_POINT('',#11346);
#11346 = CARTESIAN_POINT('',(15.3263671875,-1.78173828125,0.5));
#11347 = SURFACE_CURVE('',#11348,(#11352,#11359),.PCURVE_S1.);
#11348 = LINE('',#11349,#11350);
#11349 = CARTESIAN_POINT('',(15.3263671875,-1.78173828125,0.));
#11350 = VECTOR('',#11351,1.);
#11351 = DIRECTION('',(0.,1.224646799147E-16,1.));
#11352 = PCURVE('',#4777,#11353);
#11353 = DEFINITIONAL_REPRESENTATION('',(#11354),#11358);
#11354 = LINE('',#11355,#11356);
#11355 = CARTESIAN_POINT('',(0.,0.));
#11356 = VECTOR('',#11357,1.);
#11357 = DIRECTION('',(0.,-1.));
#11358 = ( GEOMETRIC_REPRESENTATION_CONTEXT(2) 
PARAMETRIC_REPRESENTATION_CONTEXT() REPRESENTATION_CONTEXT('2D SPACE',''
  ) );
#11359 = PCURVE('',#4751,#11360);
#11360 = DEFINITIONAL_REPRESENTATION('',(#11361),#11365);
#11361 = LINE('',#11362,#11363);
#11362 = CARTESIAN_POINT('',(0.322265625,3.946615661315E-17));
#11363 = VECTOR('',#11364,1.);
#11364 = DIRECTION('',(0.,-1.));
#11365 = ( GEOMETRIC_REPRESENTATION_CONTEXT(2) 
PARAMETRIC_REPRESENTATION_CONTEXT() REPRESENTATION_CONTEXT('2D SPACE',''
  ) );
#11366 = ORIENTED_EDGE('',*,*,#11367,.T.);
#11367 = EDGE_CURVE('',#11345,#11269,#11368,.T.);
#11368 = SURFACE_CURVE('',#11369,(#11373,#11380),.PCURVE_S1.);
#11369 = LINE('',#11370,#11371);
#11370 = CARTESIAN_POINT('',(15.3263671875,-1.78173828125,0.5));
#11371 = VECTOR('',#11372,1.);
#11372 = DIRECTION('',(1.,1.110223024625E-16,-1.359631073447E-32));
#11373 = PCURVE('',#4777,#11374);
#11374 = DEFINITIONAL_REPRESENTATION('',(#11375),#11379);
#11375 = LINE('',#11376,#11377);
#11376 = CARTESIAN_POINT('',(-6.798155367234E-33,-0.5));
#11377 = VECTOR('',#11378,1.);
#11378 = DIRECTION('',(1.,0.));
#11379 = ( GEOMETRIC_REPRESENTATION_CONTEXT(2) 
PARAMETRIC_REPRESENTATION_CONTEXT() REPRESENTATION_CONTEXT('2D SPACE',''
  ) );
#11380 = PCURVE('',#11307,#11381);
#11381 = DEFINITIONAL_REPRESENTATION('',(#11382),#11386);
#11382 = LINE('',#11383,#11384);
#11383 = CARTESIAN_POINT('',(1.087890625,0.166015625));
#11384 = VECTOR('',#11385,1.);
#11385 = DIRECTION('',(-1.665067842118E-48,-1.));
#11386 = ( GEOMETRIC_REPRESENTATION_CONTEXT(2) 
PARAMETRIC_REPRESENTATION_CONTEXT() REPRESENTATION_CONTEXT('2D SPACE',''
  ) );
#11387 = ORIENTED_EDGE('',*,*,#11268,.F.);
#11388 = ORIENTED_EDGE('',*,*,#4763,.F.);
#11389 = ADVANCED_FACE('',(#11390),#4751,.T.);
#11390 = FACE_BOUND('',#11391,.T.);
#11391 = EDGE_LOOP('',(#11392,#11415,#11436,#11437));
#11392 = ORIENTED_EDGE('',*,*,#11393,.T.);
#11393 = EDGE_CURVE('',#4708,#11394,#11396,.T.);
#11394 = VERTEX_POINT('',#11395);
#11395 = CARTESIAN_POINT('',(15.3263671875,-1.45947265625,0.5));
#11396 = SURFACE_CURVE('',#11397,(#11401,#11408),.PCURVE_S1.);
#11397 = LINE('',#11398,#11399);
#11398 = CARTESIAN_POINT('',(15.3263671875,-1.45947265625,0.));
#11399 = VECTOR('',#11400,1.);
#11400 = DIRECTION('',(0.,1.224646799147E-16,1.));
#11401 = PCURVE('',#4751,#11402);
#11402 = DEFINITIONAL_REPRESENTATION('',(#11403),#11407);
#11403 = LINE('',#11404,#11405);
#11404 = CARTESIAN_POINT('',(0.,0.));
#11405 = VECTOR('',#11406,1.);
#11406 = DIRECTION('',(0.,-1.));
#11407 = ( GEOMETRIC_REPRESENTATION_CONTEXT(2) 
PARAMETRIC_REPRESENTATION_CONTEXT() REPRESENTATION_CONTEXT('2D SPACE',''
  ) );
#11408 = PCURVE('',#4723,#11409);
#11409 = DEFINITIONAL_REPRESENTATION('',(#11410),#11414);
#11410 = LINE('',#11411,#11412);
#11411 = CARTESIAN_POINT('',(1.2919921875,-9.626294221182E-33));
#11412 = VECTOR('',#11413,1.);
#11413 = DIRECTION('',(0.,-1.));
#11414 = ( GEOMETRIC_REPRESENTATION_CONTEXT(2) 
PARAMETRIC_REPRESENTATION_CONTEXT() REPRESENTATION_CONTEXT('2D SPACE',''
  ) );
#11415 = ORIENTED_EDGE('',*,*,#11416,.T.);
#11416 = EDGE_CURVE('',#11394,#11345,#11417,.T.);
#11417 = SURFACE_CURVE('',#11418,(#11422,#11429),.PCURVE_S1.);
#11418 = LINE('',#11419,#11420);
#11419 = CARTESIAN_POINT('',(15.3263671875,-1.45947265625,0.5));
#11420 = VECTOR('',#11421,1.);
#11421 = DIRECTION('',(1.110223024625E-16,-1.,1.224646799147E-16));
#11422 = PCURVE('',#4751,#11423);
#11423 = DEFINITIONAL_REPRESENTATION('',(#11424),#11428);
#11424 = LINE('',#11425,#11426);
#11425 = CARTESIAN_POINT('',(6.123233995737E-17,-0.5));
#11426 = VECTOR('',#11427,1.);
#11427 = DIRECTION('',(1.,0.));
#11428 = ( GEOMETRIC_REPRESENTATION_CONTEXT(2) 
PARAMETRIC_REPRESENTATION_CONTEXT() REPRESENTATION_CONTEXT('2D SPACE',''
  ) );
#11429 = PCURVE('',#11307,#11430);
#11430 = DEFINITIONAL_REPRESENTATION('',(#11431),#11435);
#11431 = LINE('',#11432,#11433);
#11432 = CARTESIAN_POINT('',(0.765625,0.166015625));
#11433 = VECTOR('',#11434,1.);
#11434 = DIRECTION('',(1.,1.665067842118E-48));
#11435 = ( GEOMETRIC_REPRESENTATION_CONTEXT(2) 
PARAMETRIC_REPRESENTATION_CONTEXT() REPRESENTATION_CONTEXT('2D SPACE',''
  ) );
#11436 = ORIENTED_EDGE('',*,*,#11344,.F.);
#11437 = ORIENTED_EDGE('',*,*,#4735,.F.);
#11438 = ADVANCED_FACE('',(#11439),#4723,.T.);
#11439 = FACE_BOUND('',#11440,.T.);
#11440 = EDGE_LOOP('',(#11441,#11464,#11485,#11486));
#11441 = ORIENTED_EDGE('',*,*,#11442,.T.);
#11442 = EDGE_CURVE('',#4680,#11443,#11445,.T.);
#11443 = VERTEX_POINT('',#11444);
#11444 = CARTESIAN_POINT('',(14.034375,-1.45947265625,0.5));
#11445 = SURFACE_CURVE('',#11446,(#11450,#11457),.PCURVE_S1.);
#11446 = LINE('',#11447,#11448);
#11447 = CARTESIAN_POINT('',(14.034375,-1.45947265625,0.));
#11448 = VECTOR('',#11449,1.);
#11449 = DIRECTION('',(0.,1.224646799147E-16,1.));
#11450 = PCURVE('',#4723,#11451);
#11451 = DEFINITIONAL_REPRESENTATION('',(#11452),#11456);
#11452 = LINE('',#11453,#11454);
#11453 = CARTESIAN_POINT('',(0.,0.));
#11454 = VECTOR('',#11455,1.);
#11455 = DIRECTION('',(0.,-1.));
#11456 = ( GEOMETRIC_REPRESENTATION_CONTEXT(2) 
PARAMETRIC_REPRESENTATION_CONTEXT() REPRESENTATION_CONTEXT('2D SPACE',''
  ) );
#11457 = PCURVE('',#4695,#11458);
#11458 = DEFINITIONAL_REPRESENTATION('',(#11459),#11463);
#11459 = LINE('',#11460,#11461);
#11460 = CARTESIAN_POINT('',(0.197265625,2.415807162381E-17));
#11461 = VECTOR('',#11462,1.);
#11462 = DIRECTION('',(0.,-1.));
#11463 = ( GEOMETRIC_REPRESENTATION_CONTEXT(2) 
PARAMETRIC_REPRESENTATION_CONTEXT() REPRESENTATION_CONTEXT('2D SPACE',''
  ) );
#11464 = ORIENTED_EDGE('',*,*,#11465,.T.);
#11465 = EDGE_CURVE('',#11443,#11394,#11466,.T.);
#11466 = SURFACE_CURVE('',#11467,(#11471,#11478),.PCURVE_S1.);
#11467 = LINE('',#11468,#11469);
#11468 = CARTESIAN_POINT('',(14.034375,-1.45947265625,0.5));
#11469 = VECTOR('',#11470,1.);
#11470 = DIRECTION('',(1.,1.110223024625E-16,-1.359631073447E-32));
#11471 = PCURVE('',#4723,#11472);
#11472 = DEFINITIONAL_REPRESENTATION('',(#11473),#11477);
#11473 = LINE('',#11474,#11475);
#11474 = CARTESIAN_POINT('',(-6.798155367234E-33,-0.5));
#11475 = VECTOR('',#11476,1.);
#11476 = DIRECTION('',(1.,0.));
#11477 = ( GEOMETRIC_REPRESENTATION_CONTEXT(2) 
PARAMETRIC_REPRESENTATION_CONTEXT() REPRESENTATION_CONTEXT('2D SPACE',''
  ) );
#11478 = PCURVE('',#11307,#11479);
#11479 = DEFINITIONAL_REPRESENTATION('',(#11480),#11484);
#11480 = LINE('',#11481,#11482);
#11481 = CARTESIAN_POINT('',(0.765625,1.4580078125));
#11482 = VECTOR('',#11483,1.);
#11483 = DIRECTION('',(-1.665067842118E-48,-1.));
#11484 = ( GEOMETRIC_REPRESENTATION_CONTEXT(2) 
PARAMETRIC_REPRESENTATION_CONTEXT() REPRESENTATION_CONTEXT('2D SPACE',''
  ) );
#11485 = ORIENTED_EDGE('',*,*,#11393,.F.);
#11486 = ORIENTED_EDGE('',*,*,#4707,.F.);
#11487 = ADVANCED_FACE('',(#11488),#4695,.T.);
#11488 = FACE_BOUND('',#11489,.T.);
#11489 = EDGE_LOOP('',(#11490,#11513,#11534,#11535));
#11490 = ORIENTED_EDGE('',*,*,#11491,.T.);
#11491 = EDGE_CURVE('',#4652,#11492,#11494,.T.);
#11492 = VERTEX_POINT('',#11493);
#11493 = CARTESIAN_POINT('',(14.034375,-1.26220703125,0.5));
#11494 = SURFACE_CURVE('',#11495,(#11499,#11506),.PCURVE_S1.);
#11495 = LINE('',#11496,#11497);
#11496 = CARTESIAN_POINT('',(14.034375,-1.26220703125,0.));
#11497 = VECTOR('',#11498,1.);
#11498 = DIRECTION('',(0.,1.224646799147E-16,1.));
#11499 = PCURVE('',#4695,#11500);
#11500 = DEFINITIONAL_REPRESENTATION('',(#11501),#11505);
#11501 = LINE('',#11502,#11503);
#11502 = CARTESIAN_POINT('',(0.,0.));
#11503 = VECTOR('',#11504,1.);
#11504 = DIRECTION('',(0.,-1.));
#11505 = ( GEOMETRIC_REPRESENTATION_CONTEXT(2) 
PARAMETRIC_REPRESENTATION_CONTEXT() REPRESENTATION_CONTEXT('2D SPACE',''
  ) );
#11506 = PCURVE('',#4667,#11507);
#11507 = DEFINITIONAL_REPRESENTATION('',(#11508),#11512);
#11508 = LINE('',#11509,#11510);
#11509 = CARTESIAN_POINT('',(0.355652478703,4.269520579059E-17));
#11510 = VECTOR('',#11511,1.);
#11511 = DIRECTION('',(0.,-1.));
#11512 = ( GEOMETRIC_REPRESENTATION_CONTEXT(2) 
PARAMETRIC_REPRESENTATION_CONTEXT() REPRESENTATION_CONTEXT('2D SPACE',''
  ) );
#11513 = ORIENTED_EDGE('',*,*,#11514,.T.);
#11514 = EDGE_CURVE('',#11492,#11443,#11515,.T.);
#11515 = SURFACE_CURVE('',#11516,(#11520,#11527),.PCURVE_S1.);
#11516 = LINE('',#11517,#11518);
#11517 = CARTESIAN_POINT('',(14.034375,-1.26220703125,0.5));
#11518 = VECTOR('',#11519,1.);
#11519 = DIRECTION('',(1.110223024625E-16,-1.,1.224646799147E-16));
#11520 = PCURVE('',#4695,#11521);
#11521 = DEFINITIONAL_REPRESENTATION('',(#11522),#11526);
#11522 = LINE('',#11523,#11524);
#11523 = CARTESIAN_POINT('',(6.123233995737E-17,-0.5));
#11524 = VECTOR('',#11525,1.);
#11525 = DIRECTION('',(1.,0.));
#11526 = ( GEOMETRIC_REPRESENTATION_CONTEXT(2) 
PARAMETRIC_REPRESENTATION_CONTEXT() REPRESENTATION_CONTEXT('2D SPACE',''
  ) );
#11527 = PCURVE('',#11307,#11528);
#11528 = DEFINITIONAL_REPRESENTATION('',(#11529),#11533);
#11529 = LINE('',#11530,#11531);
#11530 = CARTESIAN_POINT('',(0.568359375,1.4580078125));
#11531 = VECTOR('',#11532,1.);
#11532 = DIRECTION('',(1.,1.665067842118E-48));
#11533 = ( GEOMETRIC_REPRESENTATION_CONTEXT(2) 
PARAMETRIC_REPRESENTATION_CONTEXT() REPRESENTATION_CONTEXT('2D SPACE',''
  ) );
#11534 = ORIENTED_EDGE('',*,*,#11442,.F.);
#11535 = ORIENTED_EDGE('',*,*,#4679,.F.);
#11536 = ADVANCED_FACE('',(#11537),#4667,.T.);
#11537 = FACE_BOUND('',#11538,.T.);
#11538 = EDGE_LOOP('',(#11539,#11562,#11583,#11584));
#11539 = ORIENTED_EDGE('',*,*,#11540,.T.);
#11540 = EDGE_CURVE('',#4624,#11541,#11543,.T.);
#11541 = VERTEX_POINT('',#11542);
#11542 = CARTESIAN_POINT('',(14.1046875,-0.91357421875,0.5));
#11543 = SURFACE_CURVE('',#11544,(#11548,#11555),.PCURVE_S1.);
#11544 = LINE('',#11545,#11546);
#11545 = CARTESIAN_POINT('',(14.1046875,-0.91357421875,0.));
#11546 = VECTOR('',#11547,1.);
#11547 = DIRECTION('',(0.,1.224646799147E-16,1.));
#11548 = PCURVE('',#4667,#11549);
#11549 = DEFINITIONAL_REPRESENTATION('',(#11550),#11554);
#11550 = LINE('',#11551,#11552);
#11551 = CARTESIAN_POINT('',(0.,0.));
#11552 = VECTOR('',#11553,1.);
#11553 = DIRECTION('',(0.,-1.));
#11554 = ( GEOMETRIC_REPRESENTATION_CONTEXT(2) 
PARAMETRIC_REPRESENTATION_CONTEXT() REPRESENTATION_CONTEXT('2D SPACE',''
  ) );
#11555 = PCURVE('',#4639,#11556);
#11556 = DEFINITIONAL_REPRESENTATION('',(#11557),#11561);
#11557 = LINE('',#11558,#11559);
#11558 = CARTESIAN_POINT('',(0.1796875,-2.4430870851E-33));
#11559 = VECTOR('',#11560,1.);
#11560 = DIRECTION('',(0.,-1.));
#11561 = ( GEOMETRIC_REPRESENTATION_CONTEXT(2) 
PARAMETRIC_REPRESENTATION_CONTEXT() REPRESENTATION_CONTEXT('2D SPACE',''
  ) );
#11562 = ORIENTED_EDGE('',*,*,#11563,.T.);
#11563 = EDGE_CURVE('',#11541,#11492,#11564,.T.);
#11564 = SURFACE_CURVE('',#11565,(#11569,#11576),.PCURVE_S1.);
#11565 = LINE('',#11566,#11567);
#11566 = CARTESIAN_POINT('',(14.1046875,-0.91357421875,0.5));
#11567 = VECTOR('',#11568,1.);
#11568 = DIRECTION('',(-0.197700013947,-0.980262569154,
    1.200475417639E-16));
#11569 = PCURVE('',#4667,#11570);
#11570 = DEFINITIONAL_REPRESENTATION('',(#11571),#11575);
#11571 = LINE('',#11572,#11573);
#11572 = CARTESIAN_POINT('',(1.688547783273E-16,-0.5));
#11573 = VECTOR('',#11574,1.);
#11574 = DIRECTION('',(1.,0.));
#11575 = ( GEOMETRIC_REPRESENTATION_CONTEXT(2) 
PARAMETRIC_REPRESENTATION_CONTEXT() REPRESENTATION_CONTEXT('2D SPACE',''
  ) );
#11576 = PCURVE('',#11307,#11577);
#11577 = DEFINITIONAL_REPRESENTATION('',(#11578),#11582);
#11578 = LINE('',#11579,#11580);
#11579 = CARTESIAN_POINT('',(0.2197265625,1.3876953125));
#11580 = VECTOR('',#11581,1.);
#11581 = DIRECTION('',(0.980262569154,0.197700013947));
#11582 = ( GEOMETRIC_REPRESENTATION_CONTEXT(2) 
PARAMETRIC_REPRESENTATION_CONTEXT() REPRESENTATION_CONTEXT('2D SPACE',''
  ) );
#11583 = ORIENTED_EDGE('',*,*,#11491,.F.);
#11584 = ORIENTED_EDGE('',*,*,#4651,.F.);
#11585 = ADVANCED_FACE('',(#11586),#4639,.T.);
#11586 = FACE_BOUND('',#11587,.T.);
#11587 = EDGE_LOOP('',(#11588,#11611,#11632,#11633));
#11588 = ORIENTED_EDGE('',*,*,#11589,.T.);
#11589 = EDGE_CURVE('',#4596,#11590,#11592,.T.);
#11590 = VERTEX_POINT('',#11591);
#11591 = CARTESIAN_POINT('',(14.284375,-0.91357421875,0.5));
#11592 = SURFACE_CURVE('',#11593,(#11597,#11604),.PCURVE_S1.);
#11593 = LINE('',#11594,#11595);
#11594 = CARTESIAN_POINT('',(14.284375,-0.91357421875,0.));
#11595 = VECTOR('',#11596,1.);
#11596 = DIRECTION('',(0.,1.224646799147E-16,1.));
#11597 = PCURVE('',#4639,#11598);
#11598 = DEFINITIONAL_REPRESENTATION('',(#11599),#11603);
#11599 = LINE('',#11600,#11601);
#11600 = CARTESIAN_POINT('',(0.,0.));
#11601 = VECTOR('',#11602,1.);
#11602 = DIRECTION('',(0.,-1.));
#11603 = ( GEOMETRIC_REPRESENTATION_CONTEXT(2) 
PARAMETRIC_REPRESENTATION_CONTEXT() REPRESENTATION_CONTEXT('2D SPACE',''
  ) );
#11604 = PCURVE('',#4611,#11605);
#11605 = DEFINITIONAL_REPRESENTATION('',(#11606),#11610);
#11606 = LINE('',#11607,#11608);
#11607 = CARTESIAN_POINT('',(0.357567262524,-4.293439461854E-17));
#11608 = VECTOR('',#11609,1.);
#11609 = DIRECTION('',(0.,-1.));
#11610 = ( GEOMETRIC_REPRESENTATION_CONTEXT(2) 
PARAMETRIC_REPRESENTATION_CONTEXT() REPRESENTATION_CONTEXT('2D SPACE',''
  ) );
#11611 = ORIENTED_EDGE('',*,*,#11612,.T.);
#11612 = EDGE_CURVE('',#11590,#11541,#11613,.T.);
#11613 = SURFACE_CURVE('',#11614,(#11618,#11625),.PCURVE_S1.);
#11614 = LINE('',#11615,#11616);
#11615 = CARTESIAN_POINT('',(14.284375,-0.91357421875,0.5));
#11616 = VECTOR('',#11617,1.);
#11617 = DIRECTION('',(-1.,-1.110223024625E-16,1.359631073447E-32));
#11618 = PCURVE('',#4639,#11619);
#11619 = DEFINITIONAL_REPRESENTATION('',(#11620),#11624);
#11620 = LINE('',#11621,#11622);
#11621 = CARTESIAN_POINT('',(-5.527796276844E-33,-0.5));
#11622 = VECTOR('',#11623,1.);
#11623 = DIRECTION('',(1.,0.));
#11624 = ( GEOMETRIC_REPRESENTATION_CONTEXT(2) 
PARAMETRIC_REPRESENTATION_CONTEXT() REPRESENTATION_CONTEXT('2D SPACE',''
  ) );
#11625 = PCURVE('',#11307,#11626);
#11626 = DEFINITIONAL_REPRESENTATION('',(#11627),#11631);
#11627 = LINE('',#11628,#11629);
#11628 = CARTESIAN_POINT('',(0.2197265625,1.2080078125));
#11629 = VECTOR('',#11630,1.);
#11630 = DIRECTION('',(1.665067842118E-48,1.));
#11631 = ( GEOMETRIC_REPRESENTATION_CONTEXT(2) 
PARAMETRIC_REPRESENTATION_CONTEXT() REPRESENTATION_CONTEXT('2D SPACE',''
  ) );
#11632 = ORIENTED_EDGE('',*,*,#11540,.F.);
#11633 = ORIENTED_EDGE('',*,*,#4623,.F.);
#11634 = ADVANCED_FACE('',(#11635),#4611,.T.);
#11635 = FACE_BOUND('',#11636,.T.);
#11636 = EDGE_LOOP('',(#11637,#11660,#11681,#11682));
#11637 = ORIENTED_EDGE('',*,*,#11638,.T.);
#11638 = EDGE_CURVE('',#4568,#11639,#11641,.T.);
#11639 = VERTEX_POINT('',#11640);
#11640 = CARTESIAN_POINT('',(14.2140625,-1.26416015625,0.5));
#11641 = SURFACE_CURVE('',#11642,(#11646,#11653),.PCURVE_S1.);
#11642 = LINE('',#11643,#11644);
#11643 = CARTESIAN_POINT('',(14.2140625,-1.26416015625,0.));
#11644 = VECTOR('',#11645,1.);
#11645 = DIRECTION('',(0.,1.224646799147E-16,1.));
#11646 = PCURVE('',#4611,#11647);
#11647 = DEFINITIONAL_REPRESENTATION('',(#11648),#11652);
#11648 = LINE('',#11649,#11650);
#11649 = CARTESIAN_POINT('',(0.,0.));
#11650 = VECTOR('',#11651,1.);
#11651 = DIRECTION('',(0.,-1.));
#11652 = ( GEOMETRIC_REPRESENTATION_CONTEXT(2) 
PARAMETRIC_REPRESENTATION_CONTEXT() REPRESENTATION_CONTEXT('2D SPACE',''
  ) );
#11653 = PCURVE('',#4583,#11654);
#11654 = DEFINITIONAL_REPRESENTATION('',(#11655),#11659);
#11655 = LINE('',#11656,#11657);
#11656 = CARTESIAN_POINT('',(1.1123046875,1.206938130628E-32));
#11657 = VECTOR('',#11658,1.);
#11658 = DIRECTION('',(0.,-1.));
#11659 = ( GEOMETRIC_REPRESENTATION_CONTEXT(2) 
PARAMETRIC_REPRESENTATION_CONTEXT() REPRESENTATION_CONTEXT('2D SPACE',''
  ) );
#11660 = ORIENTED_EDGE('',*,*,#11661,.T.);
#11661 = EDGE_CURVE('',#11639,#11590,#11662,.T.);
#11662 = SURFACE_CURVE('',#11663,(#11667,#11674),.PCURVE_S1.);
#11663 = LINE('',#11664,#11665);
#11664 = CARTESIAN_POINT('',(14.2140625,-1.26416015625,0.5));
#11665 = VECTOR('',#11666,1.);
#11666 = DIRECTION('',(0.196641324219,0.98047549159,-1.200736172419E-16)
  );
#11667 = PCURVE('',#4611,#11668);
#11668 = DEFINITIONAL_REPRESENTATION('',(#11669),#11673);
#11669 = LINE('',#11670,#11671);
#11670 = CARTESIAN_POINT('',(-6.003680862093E-17,-0.5));
#11671 = VECTOR('',#11672,1.);
#11672 = DIRECTION('',(1.,0.));
#11673 = ( GEOMETRIC_REPRESENTATION_CONTEXT(2) 
PARAMETRIC_REPRESENTATION_CONTEXT() REPRESENTATION_CONTEXT('2D SPACE',''
  ) );
#11674 = PCURVE('',#11307,#11675);
#11675 = DEFINITIONAL_REPRESENTATION('',(#11676),#11680);
#11676 = LINE('',#11677,#11678);
#11677 = CARTESIAN_POINT('',(0.5703125,1.2783203125));
#11678 = VECTOR('',#11679,1.);
#11679 = DIRECTION('',(-0.98047549159,-0.196641324219));
#11680 = ( GEOMETRIC_REPRESENTATION_CONTEXT(2) 
PARAMETRIC_REPRESENTATION_CONTEXT() REPRESENTATION_CONTEXT('2D SPACE',''
  ) );
#11681 = ORIENTED_EDGE('',*,*,#11589,.F.);
#11682 = ORIENTED_EDGE('',*,*,#4595,.F.);
#11683 = ADVANCED_FACE('',(#11684),#4583,.T.);
#11684 = FACE_BOUND('',#11685,.T.);
#11685 = EDGE_LOOP('',(#11686,#11709,#11730,#11731));
#11686 = ORIENTED_EDGE('',*,*,#11687,.T.);
#11687 = EDGE_CURVE('',#4540,#11688,#11690,.T.);
#11688 = VERTEX_POINT('',#11689);
#11689 = CARTESIAN_POINT('',(15.3263671875,-1.26416015625,0.5));
#11690 = SURFACE_CURVE('',#11691,(#11695,#11702),.PCURVE_S1.);
#11691 = LINE('',#11692,#11693);
#11692 = CARTESIAN_POINT('',(15.3263671875,-1.26416015625,0.));
#11693 = VECTOR('',#11694,1.);
#11694 = DIRECTION('',(0.,1.224646799147E-16,1.));
#11695 = PCURVE('',#4583,#11696);
#11696 = DEFINITIONAL_REPRESENTATION('',(#11697),#11701);
#11697 = LINE('',#11698,#11699);
#11698 = CARTESIAN_POINT('',(0.,0.));
#11699 = VECTOR('',#11700,1.);
#11700 = DIRECTION('',(0.,-1.));
#11701 = ( GEOMETRIC_REPRESENTATION_CONTEXT(2) 
PARAMETRIC_REPRESENTATION_CONTEXT() REPRESENTATION_CONTEXT('2D SPACE',''
  ) );
#11702 = PCURVE('',#4555,#11703);
#11703 = DEFINITIONAL_REPRESENTATION('',(#11704),#11708);
#11704 = LINE('',#11705,#11706);
#11705 = CARTESIAN_POINT('',(0.322265625,3.946615661315E-17));
#11706 = VECTOR('',#11707,1.);
#11707 = DIRECTION('',(0.,-1.));
#11708 = ( GEOMETRIC_REPRESENTATION_CONTEXT(2) 
PARAMETRIC_REPRESENTATION_CONTEXT() REPRESENTATION_CONTEXT('2D SPACE',''
  ) );
#11709 = ORIENTED_EDGE('',*,*,#11710,.T.);
#11710 = EDGE_CURVE('',#11688,#11639,#11711,.T.);
#11711 = SURFACE_CURVE('',#11712,(#11716,#11723),.PCURVE_S1.);
#11712 = LINE('',#11713,#11714);
#11713 = CARTESIAN_POINT('',(15.3263671875,-1.26416015625,0.5));
#11714 = VECTOR('',#11715,1.);
#11715 = DIRECTION('',(-1.,-1.110223024625E-16,1.359631073447E-32));
#11716 = PCURVE('',#4583,#11717);
#11717 = DEFINITIONAL_REPRESENTATION('',(#11718),#11722);
#11718 = LINE('',#11719,#11720);
#11719 = CARTESIAN_POINT('',(6.798155367234E-33,-0.5));
#11720 = VECTOR('',#11721,1.);
#11721 = DIRECTION('',(1.,0.));
#11722 = ( GEOMETRIC_REPRESENTATION_CONTEXT(2) 
PARAMETRIC_REPRESENTATION_CONTEXT() REPRESENTATION_CONTEXT('2D SPACE',''
  ) );
#11723 = PCURVE('',#11307,#11724);
#11724 = DEFINITIONAL_REPRESENTATION('',(#11725),#11729);
#11725 = LINE('',#11726,#11727);
#11726 = CARTESIAN_POINT('',(0.5703125,0.166015625));
#11727 = VECTOR('',#11728,1.);
#11728 = DIRECTION('',(1.665067842118E-48,1.));
#11729 = ( GEOMETRIC_REPRESENTATION_CONTEXT(2) 
PARAMETRIC_REPRESENTATION_CONTEXT() REPRESENTATION_CONTEXT('2D SPACE',''
  ) );
#11730 = ORIENTED_EDGE('',*,*,#11638,.F.);
#11731 = ORIENTED_EDGE('',*,*,#4567,.F.);
#11732 = ADVANCED_FACE('',(#11733),#4555,.T.);
#11733 = FACE_BOUND('',#11734,.T.);
#11734 = EDGE_LOOP('',(#11735,#11758,#11779,#11780));
#11735 = ORIENTED_EDGE('',*,*,#11736,.T.);
#11736 = EDGE_CURVE('',#4512,#11737,#11739,.T.);
#11737 = VERTEX_POINT('',#11738);
#11738 = CARTESIAN_POINT('',(15.3263671875,-0.94189453125,0.5));
#11739 = SURFACE_CURVE('',#11740,(#11744,#11751),.PCURVE_S1.);
#11740 = LINE('',#11741,#11742);
#11741 = CARTESIAN_POINT('',(15.3263671875,-0.94189453125,0.));
#11742 = VECTOR('',#11743,1.);
#11743 = DIRECTION('',(0.,1.224646799147E-16,1.));
#11744 = PCURVE('',#4555,#11745);
#11745 = DEFINITIONAL_REPRESENTATION('',(#11746),#11750);
#11746 = LINE('',#11747,#11748);
#11747 = CARTESIAN_POINT('',(0.,0.));
#11748 = VECTOR('',#11749,1.);
#11749 = DIRECTION('',(0.,-1.));
#11750 = ( GEOMETRIC_REPRESENTATION_CONTEXT(2) 
PARAMETRIC_REPRESENTATION_CONTEXT() REPRESENTATION_CONTEXT('2D SPACE',''
  ) );
#11751 = PCURVE('',#4527,#11752);
#11752 = DEFINITIONAL_REPRESENTATION('',(#11753),#11757);
#11753 = LINE('',#11754,#11755);
#11754 = CARTESIAN_POINT('',(0.166015625,-2.257200024277E-33));
#11755 = VECTOR('',#11756,1.);
#11756 = DIRECTION('',(0.,-1.));
#11757 = ( GEOMETRIC_REPRESENTATION_CONTEXT(2) 
PARAMETRIC_REPRESENTATION_CONTEXT() REPRESENTATION_CONTEXT('2D SPACE',''
  ) );
#11758 = ORIENTED_EDGE('',*,*,#11759,.T.);
#11759 = EDGE_CURVE('',#11737,#11688,#11760,.T.);
#11760 = SURFACE_CURVE('',#11761,(#11765,#11772),.PCURVE_S1.);
#11761 = LINE('',#11762,#11763);
#11762 = CARTESIAN_POINT('',(15.3263671875,-0.94189453125,0.5));
#11763 = VECTOR('',#11764,1.);
#11764 = DIRECTION('',(1.110223024625E-16,-1.,1.224646799147E-16));
#11765 = PCURVE('',#4555,#11766);
#11766 = DEFINITIONAL_REPRESENTATION('',(#11767),#11771);
#11767 = LINE('',#11768,#11769);
#11768 = CARTESIAN_POINT('',(1.722546424199E-16,-0.5));
#11769 = VECTOR('',#11770,1.);
#11770 = DIRECTION('',(1.,0.));
#11771 = ( GEOMETRIC_REPRESENTATION_CONTEXT(2) 
PARAMETRIC_REPRESENTATION_CONTEXT() REPRESENTATION_CONTEXT('2D SPACE',''
  ) );
#11772 = PCURVE('',#11307,#11773);
#11773 = DEFINITIONAL_REPRESENTATION('',(#11774),#11778);
#11774 = LINE('',#11775,#11776);
#11775 = CARTESIAN_POINT('',(0.248046875,0.166015625));
#11776 = VECTOR('',#11777,1.);
#11777 = DIRECTION('',(1.,1.665067842118E-48));
#11778 = ( GEOMETRIC_REPRESENTATION_CONTEXT(2) 
PARAMETRIC_REPRESENTATION_CONTEXT() REPRESENTATION_CONTEXT('2D SPACE',''
  ) );
#11779 = ORIENTED_EDGE('',*,*,#11687,.F.);
#11780 = ORIENTED_EDGE('',*,*,#4539,.F.);
#11781 = ADVANCED_FACE('',(#11782),#4527,.T.);
#11782 = FACE_BOUND('',#11783,.T.);
#11783 = EDGE_LOOP('',(#11784,#11785,#11806,#11807));
#11784 = ORIENTED_EDGE('',*,*,#11319,.T.);
#11785 = ORIENTED_EDGE('',*,*,#11786,.T.);
#11786 = EDGE_CURVE('',#11292,#11737,#11787,.T.);
#11787 = SURFACE_CURVE('',#11788,(#11792,#11799),.PCURVE_S1.);
#11788 = LINE('',#11789,#11790);
#11789 = CARTESIAN_POINT('',(15.4923828125,-0.94189453125,0.5));
#11790 = VECTOR('',#11791,1.);
#11791 = DIRECTION('',(-1.,-1.110223024625E-16,1.359631073447E-32));
#11792 = PCURVE('',#4527,#11793);
#11793 = DEFINITIONAL_REPRESENTATION('',(#11794),#11798);
#11794 = LINE('',#11795,#11796);
#11795 = CARTESIAN_POINT('',(-5.527796276844E-33,-0.5));
#11796 = VECTOR('',#11797,1.);
#11797 = DIRECTION('',(1.,0.));
#11798 = ( GEOMETRIC_REPRESENTATION_CONTEXT(2) 
PARAMETRIC_REPRESENTATION_CONTEXT() REPRESENTATION_CONTEXT('2D SPACE',''
  ) );
#11799 = PCURVE('',#11307,#11800);
#11800 = DEFINITIONAL_REPRESENTATION('',(#11801),#11805);
#11801 = LINE('',#11802,#11803);
#11802 = CARTESIAN_POINT('',(0.248046875,2.753873518113E-17));
#11803 = VECTOR('',#11804,1.);
#11804 = DIRECTION('',(1.665067842118E-48,1.));
#11805 = ( GEOMETRIC_REPRESENTATION_CONTEXT(2) 
PARAMETRIC_REPRESENTATION_CONTEXT() REPRESENTATION_CONTEXT('2D SPACE',''
  ) );
#11806 = ORIENTED_EDGE('',*,*,#11736,.F.);
#11807 = ORIENTED_EDGE('',*,*,#4511,.F.);
#11808 = ADVANCED_FACE('',(#11809),#4812,.F.);
#11809 = FACE_BOUND('',#11810,.F.);
#11810 = EDGE_LOOP('',(#11811,#11834,#11858,#11880,#11881));
#11811 = ORIENTED_EDGE('',*,*,#11812,.T.);
#11812 = EDGE_CURVE('',#4792,#11813,#11815,.T.);
#11813 = VERTEX_POINT('',#11814);
#11814 = CARTESIAN_POINT('',(11.05093932557,-4.093955728425,2.));
#11815 = SEAM_CURVE('',#11816,(#11820,#11827),.PCURVE_S1.);
#11816 = LINE('',#11817,#11818);
#11817 = CARTESIAN_POINT('',(10.90093932557,-4.093955728425,
    8.881784197001E-16));
#11818 = VECTOR('',#11819,1.);
#11819 = DIRECTION('',(7.478994824163E-02,1.038034401522E-16,
    0.997199309888));
#11820 = PCURVE('',#4812,#11821);
#11821 = DEFINITIONAL_REPRESENTATION('',(#11822),#11826);
#11822 = LINE('',#11823,#11824);
#11823 = CARTESIAN_POINT('',(-6.28318530718,0.));
#11824 = VECTOR('',#11825,1.);
#11825 = DIRECTION('',(-0.,-1.));
#11826 = ( GEOMETRIC_REPRESENTATION_CONTEXT(2) 
PARAMETRIC_REPRESENTATION_CONTEXT() REPRESENTATION_CONTEXT('2D SPACE',''
  ) );
#11827 = PCURVE('',#4812,#11828);
#11828 = DEFINITIONAL_REPRESENTATION('',(#11829),#11833);
#11829 = LINE('',#11830,#11831);
#11830 = CARTESIAN_POINT('',(0.,-0.));
#11831 = VECTOR('',#11832,1.);
#11832 = DIRECTION('',(-0.,-1.));
#11833 = ( GEOMETRIC_REPRESENTATION_CONTEXT(2) 
PARAMETRIC_REPRESENTATION_CONTEXT() REPRESENTATION_CONTEXT('2D SPACE',''
  ) );
#11834 = ORIENTED_EDGE('',*,*,#11835,.F.);
#11835 = EDGE_CURVE('',#11836,#11813,#11838,.T.);
#11836 = VERTEX_POINT('',#11837);
#11837 = CARTESIAN_POINT('',(13.25093932557,-4.093955728425,2.));
#11838 = SURFACE_CURVE('',#11839,(#11844,#11851),.PCURVE_S1.);
#11839 = CIRCLE('',#11840,1.1);
#11840 = AXIS2_PLACEMENT_3D('',#11841,#11842,#11843);
#11841 = CARTESIAN_POINT('',(12.15093932557,-4.093955728425,2.));
#11842 = DIRECTION('',(0.,1.224646799147E-16,1.));
#11843 = DIRECTION('',(-1.,0.,0.));
#11844 = PCURVE('',#4812,#11845);
#11845 = DEFINITIONAL_REPRESENTATION('',(#11846),#11850);
#11846 = LINE('',#11847,#11848);
#11847 = CARTESIAN_POINT('',(-0.,-2.));
#11848 = VECTOR('',#11849,1.);
#11849 = DIRECTION('',(-1.,-0.));
#11850 = ( GEOMETRIC_REPRESENTATION_CONTEXT(2) 
PARAMETRIC_REPRESENTATION_CONTEXT() REPRESENTATION_CONTEXT('2D SPACE',''
  ) );
#11851 = PCURVE('',#8120,#11852);
#11852 = DEFINITIONAL_REPRESENTATION('',(#11853),#11857);
#11853 = LINE('',#11854,#11855);
#11854 = CARTESIAN_POINT('',(-9.424777960769,-20.1));
#11855 = VECTOR('',#11856,1.);
#11856 = DIRECTION('',(1.,-0.));
#11857 = ( GEOMETRIC_REPRESENTATION_CONTEXT(2) 
PARAMETRIC_REPRESENTATION_CONTEXT() REPRESENTATION_CONTEXT('2D SPACE',''
  ) );
#11858 = ORIENTED_EDGE('',*,*,#11859,.F.);
#11859 = EDGE_CURVE('',#11813,#11836,#11860,.T.);
#11860 = SURFACE_CURVE('',#11861,(#11866,#11873),.PCURVE_S1.);
#11861 = CIRCLE('',#11862,1.1);
#11862 = AXIS2_PLACEMENT_3D('',#11863,#11864,#11865);
#11863 = CARTESIAN_POINT('',(12.15093932557,-4.093955728425,2.));
#11864 = DIRECTION('',(0.,1.224646799147E-16,1.));
#11865 = DIRECTION('',(-1.,0.,0.));
#11866 = PCURVE('',#4812,#11867);
#11867 = DEFINITIONAL_REPRESENTATION('',(#11868),#11872);
#11868 = LINE('',#11869,#11870);
#11869 = CARTESIAN_POINT('',(-0.,-2.));
#11870 = VECTOR('',#11871,1.);
#11871 = DIRECTION('',(-1.,-0.));
#11872 = ( GEOMETRIC_REPRESENTATION_CONTEXT(2) 
PARAMETRIC_REPRESENTATION_CONTEXT() REPRESENTATION_CONTEXT('2D SPACE',''
  ) );
#11873 = PCURVE('',#8120,#11874);
#11874 = DEFINITIONAL_REPRESENTATION('',(#11875),#11879);
#11875 = LINE('',#11876,#11877);
#11876 = CARTESIAN_POINT('',(-3.14159265359,-20.1));
#11877 = VECTOR('',#11878,1.);
#11878 = DIRECTION('',(1.,-0.));
#11879 = ( GEOMETRIC_REPRESENTATION_CONTEXT(2) 
PARAMETRIC_REPRESENTATION_CONTEXT() REPRESENTATION_CONTEXT('2D SPACE',''
  ) );
#11880 = ORIENTED_EDGE('',*,*,#11812,.F.);
#11881 = ORIENTED_EDGE('',*,*,#4791,.T.);
#11882 = ADVANCED_FACE('',(#11883),#4847,.F.);
#11883 = FACE_BOUND('',#11884,.F.);
#11884 = EDGE_LOOP('',(#11885,#11908,#11932,#11954,#11955));
#11885 = ORIENTED_EDGE('',*,*,#11886,.T.);
#11886 = EDGE_CURVE('',#4827,#11887,#11889,.T.);
#11887 = VERTEX_POINT('',#11888);
#11888 = CARTESIAN_POINT('',(1.43,-12.57,2.));
#11889 = SEAM_CURVE('',#11890,(#11894,#11901),.PCURVE_S1.);
#11890 = LINE('',#11891,#11892);
#11891 = CARTESIAN_POINT('',(1.28,-12.57,1.7763568394E-15));
#11892 = VECTOR('',#11893,1.);
#11893 = DIRECTION('',(7.478994824163E-02,1.038034401522E-16,
    0.997199309888));
#11894 = PCURVE('',#4847,#11895);
#11895 = DEFINITIONAL_REPRESENTATION('',(#11896),#11900);
#11896 = LINE('',#11897,#11898);
#11897 = CARTESIAN_POINT('',(-6.28318530718,0.));
#11898 = VECTOR('',#11899,1.);
#11899 = DIRECTION('',(-0.,-1.));
#11900 = ( GEOMETRIC_REPRESENTATION_CONTEXT(2) 
PARAMETRIC_REPRESENTATION_CONTEXT() REPRESENTATION_CONTEXT('2D SPACE',''
  ) );
#11901 = PCURVE('',#4847,#11902);
#11902 = DEFINITIONAL_REPRESENTATION('',(#11903),#11907);
#11903 = LINE('',#11904,#11905);
#11904 = CARTESIAN_POINT('',(0.,-0.));
#11905 = VECTOR('',#11906,1.);
#11906 = DIRECTION('',(-0.,-1.));
#11907 = ( GEOMETRIC_REPRESENTATION_CONTEXT(2) 
PARAMETRIC_REPRESENTATION_CONTEXT() REPRESENTATION_CONTEXT('2D SPACE',''
  ) );
#11908 = ORIENTED_EDGE('',*,*,#11909,.F.);
#11909 = EDGE_CURVE('',#11910,#11887,#11912,.T.);
#11910 = VERTEX_POINT('',#11911);
#11911 = CARTESIAN_POINT('',(3.63,-12.57,2.));
#11912 = SURFACE_CURVE('',#11913,(#11918,#11925),.PCURVE_S1.);
#11913 = CIRCLE('',#11914,1.1);
#11914 = AXIS2_PLACEMENT_3D('',#11915,#11916,#11917);
#11915 = CARTESIAN_POINT('',(2.53,-12.57,2.));
#11916 = DIRECTION('',(0.,1.224646799147E-16,1.));
#11917 = DIRECTION('',(-1.,0.,0.));
#11918 = PCURVE('',#4847,#11919);
#11919 = DEFINITIONAL_REPRESENTATION('',(#11920),#11924);
#11920 = LINE('',#11921,#11922);
#11921 = CARTESIAN_POINT('',(-0.,-2.));
#11922 = VECTOR('',#11923,1.);
#11923 = DIRECTION('',(-1.,-0.));
#11924 = ( GEOMETRIC_REPRESENTATION_CONTEXT(2) 
PARAMETRIC_REPRESENTATION_CONTEXT() REPRESENTATION_CONTEXT('2D SPACE',''
  ) );
#11925 = PCURVE('',#8668,#11926);
#11926 = DEFINITIONAL_REPRESENTATION('',(#11927),#11931);
#11927 = LINE('',#11928,#11929);
#11928 = CARTESIAN_POINT('',(-9.424777960769,-20.1));
#11929 = VECTOR('',#11930,1.);
#11930 = DIRECTION('',(1.,-0.));
#11931 = ( GEOMETRIC_REPRESENTATION_CONTEXT(2) 
PARAMETRIC_REPRESENTATION_CONTEXT() REPRESENTATION_CONTEXT('2D SPACE',''
  ) );
#11932 = ORIENTED_EDGE('',*,*,#11933,.F.);
#11933 = EDGE_CURVE('',#11887,#11910,#11934,.T.);
#11934 = SURFACE_CURVE('',#11935,(#11940,#11947),.PCURVE_S1.);
#11935 = CIRCLE('',#11936,1.1);
#11936 = AXIS2_PLACEMENT_3D('',#11937,#11938,#11939);
#11937 = CARTESIAN_POINT('',(2.53,-12.57,2.));
#11938 = DIRECTION('',(0.,1.224646799147E-16,1.));
#11939 = DIRECTION('',(-1.,0.,0.));
#11940 = PCURVE('',#4847,#11941);
#11941 = DEFINITIONAL_REPRESENTATION('',(#11942),#11946);
#11942 = LINE('',#11943,#11944);
#11943 = CARTESIAN_POINT('',(-0.,-2.));
#11944 = VECTOR('',#11945,1.);
#11945 = DIRECTION('',(-1.,-0.));
#11946 = ( GEOMETRIC_REPRESENTATION_CONTEXT(2) 
PARAMETRIC_REPRESENTATION_CONTEXT() REPRESENTATION_CONTEXT('2D SPACE',''
  ) );
#11947 = PCURVE('',#8668,#11948);
#11948 = DEFINITIONAL_REPRESENTATION('',(#11949),#11953);
#11949 = LINE('',#11950,#11951);
#11950 = CARTESIAN_POINT('',(-3.14159265359,-20.1));
#11951 = VECTOR('',#11952,1.);
#11952 = DIRECTION('',(1.,-0.));
#11953 = ( GEOMETRIC_REPRESENTATION_CONTEXT(2) 
PARAMETRIC_REPRESENTATION_CONTEXT() REPRESENTATION_CONTEXT('2D SPACE',''
  ) );
#11954 = ORIENTED_EDGE('',*,*,#11886,.F.);
#11955 = ORIENTED_EDGE('',*,*,#4826,.T.);
#11956 = ADVANCED_FACE('',(#11957),#4882,.F.);
#11957 = FACE_BOUND('',#11958,.F.);
#11958 = EDGE_LOOP('',(#11959,#11982,#12006,#12028,#12029));
#11959 = ORIENTED_EDGE('',*,*,#11960,.T.);
#11960 = EDGE_CURVE('',#4862,#11961,#11963,.T.);
#11961 = VERTEX_POINT('',#11962);
#11962 = CARTESIAN_POINT('',(9.099048216895,-8.174730299493,2.));
#11963 = SEAM_CURVE('',#11964,(#11968,#11975),.PCURVE_S1.);
#11964 = LINE('',#11965,#11966);
#11965 = CARTESIAN_POINT('',(8.949048216895,-8.174730299493,
    8.881784197001E-16));
#11966 = VECTOR('',#11967,1.);
#11967 = DIRECTION('',(7.478994824163E-02,1.038034401522E-16,
    0.997199309888));
#11968 = PCURVE('',#4882,#11969);
#11969 = DEFINITIONAL_REPRESENTATION('',(#11970),#11974);
#11970 = LINE('',#11971,#11972);
#11971 = CARTESIAN_POINT('',(-6.28318530718,0.));
#11972 = VECTOR('',#11973,1.);
#11973 = DIRECTION('',(-0.,-1.));
#11974 = ( GEOMETRIC_REPRESENTATION_CONTEXT(2) 
PARAMETRIC_REPRESENTATION_CONTEXT() REPRESENTATION_CONTEXT('2D SPACE',''
  ) );
#11975 = PCURVE('',#4882,#11976);
#11976 = DEFINITIONAL_REPRESENTATION('',(#11977),#11981);
#11977 = LINE('',#11978,#11979);
#11978 = CARTESIAN_POINT('',(0.,-0.));
#11979 = VECTOR('',#11980,1.);
#11980 = DIRECTION('',(-0.,-1.));
#11981 = ( GEOMETRIC_REPRESENTATION_CONTEXT(2) 
PARAMETRIC_REPRESENTATION_CONTEXT() REPRESENTATION_CONTEXT('2D SPACE',''
  ) );
#11982 = ORIENTED_EDGE('',*,*,#11983,.F.);
#11983 = EDGE_CURVE('',#11984,#11961,#11986,.T.);
#11984 = VERTEX_POINT('',#11985);
#11985 = CARTESIAN_POINT('',(11.299048216895,-8.174730299493,2.));
#11986 = SURFACE_CURVE('',#11987,(#11992,#11999),.PCURVE_S1.);
#11987 = CIRCLE('',#11988,1.1);
#11988 = AXIS2_PLACEMENT_3D('',#11989,#11990,#11991);
#11989 = CARTESIAN_POINT('',(10.199048216895,-8.174730299493,2.));
#11990 = DIRECTION('',(0.,1.224646799147E-16,1.));
#11991 = DIRECTION('',(-1.,0.,0.));
#11992 = PCURVE('',#4882,#11993);
#11993 = DEFINITIONAL_REPRESENTATION('',(#11994),#11998);
#11994 = LINE('',#11995,#11996);
#11995 = CARTESIAN_POINT('',(-0.,-2.));
#11996 = VECTOR('',#11997,1.);
#11997 = DIRECTION('',(-1.,-0.));
#11998 = ( GEOMETRIC_REPRESENTATION_CONTEXT(2) 
PARAMETRIC_REPRESENTATION_CONTEXT() REPRESENTATION_CONTEXT('2D SPACE',''
  ) );
#11999 = PCURVE('',#8403,#12000);
#12000 = DEFINITIONAL_REPRESENTATION('',(#12001),#12005);
#12001 = LINE('',#12002,#12003);
#12002 = CARTESIAN_POINT('',(-9.424777960769,-20.1));
#12003 = VECTOR('',#12004,1.);
#12004 = DIRECTION('',(1.,-0.));
#12005 = ( GEOMETRIC_REPRESENTATION_CONTEXT(2) 
PARAMETRIC_REPRESENTATION_CONTEXT() REPRESENTATION_CONTEXT('2D SPACE',''
  ) );
#12006 = ORIENTED_EDGE('',*,*,#12007,.F.);
#12007 = EDGE_CURVE('',#11961,#11984,#12008,.T.);
#12008 = SURFACE_CURVE('',#12009,(#12014,#12021),.PCURVE_S1.);
#12009 = CIRCLE('',#12010,1.1);
#12010 = AXIS2_PLACEMENT_3D('',#12011,#12012,#12013);
#12011 = CARTESIAN_POINT('',(10.199048216895,-8.174730299493,2.));
#12012 = DIRECTION('',(0.,1.224646799147E-16,1.));
#12013 = DIRECTION('',(-1.,0.,0.));
#12014 = PCURVE('',#4882,#12015);
#12015 = DEFINITIONAL_REPRESENTATION('',(#12016),#12020);
#12016 = LINE('',#12017,#12018);
#12017 = CARTESIAN_POINT('',(-0.,-2.));
#12018 = VECTOR('',#12019,1.);
#12019 = DIRECTION('',(-1.,-0.));
#12020 = ( GEOMETRIC_REPRESENTATION_CONTEXT(2) 
PARAMETRIC_REPRESENTATION_CONTEXT() REPRESENTATION_CONTEXT('2D SPACE',''
  ) );
#12021 = PCURVE('',#8403,#12022);
#12022 = DEFINITIONAL_REPRESENTATION('',(#12023),#12027);
#12023 = LINE('',#12024,#12025);
#12024 = CARTESIAN_POINT('',(-3.14159265359,-20.1));
#12025 = VECTOR('',#12026,1.);
#12026 = DIRECTION('',(1.,-0.));
#12027 = ( GEOMETRIC_REPRESENTATION_CONTEXT(2) 
PARAMETRIC_REPRESENTATION_CONTEXT() REPRESENTATION_CONTEXT('2D SPACE',''
  ) );
#12028 = ORIENTED_EDGE('',*,*,#11960,.F.);
#12029 = ORIENTED_EDGE('',*,*,#4861,.T.);
#12030 = ADVANCED_FACE('',(#12031),#5121,.T.);
#12031 = FACE_BOUND('',#12032,.T.);
#12032 = EDGE_LOOP('',(#12033,#12034,#12035));
#12033 = ORIENTED_EDGE('',*,*,#9095,.T.);
#12034 = ORIENTED_EDGE('',*,*,#5105,.F.);
#12035 = ORIENTED_EDGE('',*,*,#9046,.T.);
#12036 = ADVANCED_FACE('',(#12037),#5775,.F.);
#12037 = FACE_BOUND('',#12038,.F.);
#12038 = EDGE_LOOP('',(#12039,#12040,#12041));
#12039 = ORIENTED_EDGE('',*,*,#5759,.F.);
#12040 = ORIENTED_EDGE('',*,*,#5973,.F.);
#12041 = ORIENTED_EDGE('',*,*,#12042,.F.);
#12042 = EDGE_CURVE('',#5732,#5947,#12043,.T.);
#12043 = SURFACE_CURVE('',#12044,(#12048,#12055),.PCURVE_S1.);
#12044 = LINE('',#12045,#12046);
#12045 = CARTESIAN_POINT('',(-7.8,-8.198373822493,5.));
#12046 = VECTOR('',#12047,1.);
#12047 = DIRECTION('',(-0.866025403784,0.5,-6.123233995737E-17));
#12048 = PCURVE('',#5775,#12049);
#12049 = DEFINITIONAL_REPRESENTATION('',(#12050),#12054);
#12050 = LINE('',#12051,#12052);
#12051 = CARTESIAN_POINT('',(2.6,8.198373822493));
#12052 = VECTOR('',#12053,1.);
#12053 = DIRECTION('',(-0.866025403784,-0.5));
#12054 = ( GEOMETRIC_REPRESENTATION_CONTEXT(2) 
PARAMETRIC_REPRESENTATION_CONTEXT() REPRESENTATION_CONTEXT('2D SPACE',''
  ) );
#12055 = PCURVE('',#5747,#12056);
#12056 = DEFINITIONAL_REPRESENTATION('',(#12057),#12061);
#12057 = LINE('',#12058,#12059);
#12058 = CARTESIAN_POINT('',(0.,0.));
#12059 = VECTOR('',#12060,1.);
#12060 = DIRECTION('',(1.,0.));
#12061 = ( GEOMETRIC_REPRESENTATION_CONTEXT(2) 
PARAMETRIC_REPRESENTATION_CONTEXT() REPRESENTATION_CONTEXT('2D SPACE',''
  ) );
#12062 = ADVANCED_FACE('',(#12063),#5747,.T.);
#12063 = FACE_BOUND('',#12064,.T.);
#12064 = EDGE_LOOP('',(#12065,#12066,#12067,#12088));
#12065 = ORIENTED_EDGE('',*,*,#12042,.F.);
#12066 = ORIENTED_EDGE('',*,*,#5731,.T.);
#12067 = ORIENTED_EDGE('',*,*,#12068,.F.);
#12068 = EDGE_CURVE('',#5923,#5704,#12069,.T.);
#12069 = SURFACE_CURVE('',#12070,(#12074,#12081),.PCURVE_S1.);
#12070 = LINE('',#12071,#12072);
#12071 = CARTESIAN_POINT('',(-10.55,-6.610660582221,4.));
#12072 = VECTOR('',#12073,1.);
#12073 = DIRECTION('',(0.866025403784,-0.5,6.123233995737E-17));
#12074 = PCURVE('',#5747,#12075);
#12075 = DEFINITIONAL_REPRESENTATION('',(#12076),#12080);
#12076 = LINE('',#12077,#12078);
#12077 = CARTESIAN_POINT('',(3.175426480543,-1.));
#12078 = VECTOR('',#12079,1.);
#12079 = DIRECTION('',(-1.,0.));
#12080 = ( GEOMETRIC_REPRESENTATION_CONTEXT(2) 
PARAMETRIC_REPRESENTATION_CONTEXT() REPRESENTATION_CONTEXT('2D SPACE',''
  ) );
#12081 = PCURVE('',#5719,#12082);
#12082 = DEFINITIONAL_REPRESENTATION('',(#12083),#12087);
#12083 = LINE('',#12084,#12085);
#12084 = CARTESIAN_POINT('',(-0.15,6.610660582221));
#12085 = VECTOR('',#12086,1.);
#12086 = DIRECTION('',(0.866025403784,0.5));
#12087 = ( GEOMETRIC_REPRESENTATION_CONTEXT(2) 
PARAMETRIC_REPRESENTATION_CONTEXT() REPRESENTATION_CONTEXT('2D SPACE',''
  ) );
#12088 = ORIENTED_EDGE('',*,*,#5946,.T.);
#12089 = ADVANCED_FACE('',(#12090,#12235,#12270,#12305,#12340,#12375,
    #12410,#12445,#12480,#12515,#12550,#12585,#12620,#12655,#12690,
    #12725,#12760,#12795,#12830,#12865),#5719,.F.);
#12090 = FACE_BOUND('',#12091,.F.);
#12091 = EDGE_LOOP('',(#12092,#12093,#12094,#12095,#12096,#12097,#12098,
    #12099,#12100,#12121,#12122,#12123,#12124,#12125,#12126,#12127,
    #12128,#12149,#12150,#12151,#12152,#12153,#12154,#12155,#12176,
    #12177,#12178,#12179,#12180,#12181,#12182,#12203,#12204,#12205,
    #12206,#12207,#12208,#12209,#12230,#12231,#12232,#12233,#12234));
#12092 = ORIENTED_EDGE('',*,*,#5703,.F.);
#12093 = ORIENTED_EDGE('',*,*,#12068,.F.);
#12094 = ORIENTED_EDGE('',*,*,#5922,.F.);
#12095 = ORIENTED_EDGE('',*,*,#6001,.F.);
#12096 = ORIENTED_EDGE('',*,*,#6050,.F.);
#12097 = ORIENTED_EDGE('',*,*,#6209,.F.);
#12098 = ORIENTED_EDGE('',*,*,#6258,.F.);
#12099 = ORIENTED_EDGE('',*,*,#6307,.F.);
#12100 = ORIENTED_EDGE('',*,*,#12101,.F.);
#12101 = EDGE_CURVE('',#6469,#6308,#12102,.T.);
#12102 = SURFACE_CURVE('',#12103,(#12107,#12114),.PCURVE_S1.);
#12103 = LINE('',#12104,#12105);
#12104 = CARTESIAN_POINT('',(-11.,1.327905619136,4.));
#12105 = VECTOR('',#12106,1.);
#12106 = DIRECTION('',(-4.807406715959E-16,-1.,1.224646799147E-16));
#12107 = PCURVE('',#5719,#12108);
#12108 = DEFINITIONAL_REPRESENTATION('',(#12109),#12113);
#12109 = LINE('',#12110,#12111);
#12110 = CARTESIAN_POINT('',(-0.6,-1.327905619136));
#12111 = VECTOR('',#12112,1.);
#12112 = DIRECTION('',(-4.807406715959E-16,1.));
#12113 = ( GEOMETRIC_REPRESENTATION_CONTEXT(2) 
PARAMETRIC_REPRESENTATION_CONTEXT() REPRESENTATION_CONTEXT('2D SPACE',''
  ) );
#12114 = PCURVE('',#6346,#12115);
#12115 = DEFINITIONAL_REPRESENTATION('',(#12116),#12120);
#12116 = LINE('',#12117,#12118);
#12117 = CARTESIAN_POINT('',(-1.327905619136,-1.));
#12118 = VECTOR('',#12119,1.);
#12119 = DIRECTION('',(-1.,0.));
#12120 = ( GEOMETRIC_REPRESENTATION_CONTEXT(2) 
PARAMETRIC_REPRESENTATION_CONTEXT() REPRESENTATION_CONTEXT('2D SPACE',''
  ) );
#12121 = ORIENTED_EDGE('',*,*,#6468,.F.);
#12122 = ORIENTED_EDGE('',*,*,#6570,.F.);
#12123 = ORIENTED_EDGE('',*,*,#6597,.F.);
#12124 = ORIENTED_EDGE('',*,*,#6646,.F.);
#12125 = ORIENTED_EDGE('',*,*,#6780,.F.);
#12126 = ORIENTED_EDGE('',*,*,#6829,.F.);
#12127 = ORIENTED_EDGE('',*,*,#6878,.F.);
#12128 = ORIENTED_EDGE('',*,*,#12129,.F.);
#12129 = EDGE_CURVE('',#7066,#6879,#12130,.T.);
#12130 = SURFACE_CURVE('',#12131,(#12135,#12142),.PCURVE_S1.);
#12131 = LINE('',#12132,#12133);
#12132 = CARTESIAN_POINT('',(-8.25,7.938566201357,4.));
#12133 = VECTOR('',#12134,1.);
#12134 = DIRECTION('',(-0.866025403784,-0.5,6.123233995737E-17));
#12135 = PCURVE('',#5719,#12136);
#12136 = DEFINITIONAL_REPRESENTATION('',(#12137),#12141);
#12137 = LINE('',#12138,#12139);
#12138 = CARTESIAN_POINT('',(2.15,-7.938566201357));
#12139 = VECTOR('',#12140,1.);
#12140 = DIRECTION('',(-0.866025403784,0.5));
#12141 = ( GEOMETRIC_REPRESENTATION_CONTEXT(2) 
PARAMETRIC_REPRESENTATION_CONTEXT() REPRESENTATION_CONTEXT('2D SPACE',''
  ) );
#12142 = PCURVE('',#6917,#12143);
#12143 = DEFINITIONAL_REPRESENTATION('',(#12144),#12148);
#12144 = LINE('',#12145,#12146);
#12145 = CARTESIAN_POINT('',(-5.831237718815,-1.));
#12146 = VECTOR('',#12147,1.);
#12147 = DIRECTION('',(-1.,0.));
#12148 = ( GEOMETRIC_REPRESENTATION_CONTEXT(2) 
PARAMETRIC_REPRESENTATION_CONTEXT() REPRESENTATION_CONTEXT('2D SPACE',''
  ) );
#12149 = ORIENTED_EDGE('',*,*,#7065,.F.);
#12150 = ORIENTED_EDGE('',*,*,#7145,.F.);
#12151 = ORIENTED_EDGE('',*,*,#7194,.F.);
#12152 = ORIENTED_EDGE('',*,*,#7328,.F.);
#12153 = ORIENTED_EDGE('',*,*,#7377,.F.);
#12154 = ORIENTED_EDGE('',*,*,#7426,.F.);
#12155 = ORIENTED_EDGE('',*,*,#12156,.F.);
#12156 = EDGE_CURVE('',#7614,#7427,#12157,.T.);
#12157 = SURFACE_CURVE('',#12158,(#12162,#12169),.PCURVE_S1.);
#12158 = LINE('',#12159,#12160);
#12159 = CARTESIAN_POINT('',(2.75,11.1139926819,4.));
#12160 = VECTOR('',#12161,1.);
#12161 = DIRECTION('',(-0.866025403784,0.5,-6.123233995737E-17));
#12162 = PCURVE('',#5719,#12163);
#12163 = DEFINITIONAL_REPRESENTATION('',(#12164),#12168);
#12164 = LINE('',#12165,#12166);
#12165 = CARTESIAN_POINT('',(13.15,-11.1139926819));
#12166 = VECTOR('',#12167,1.);
#12167 = DIRECTION('',(-0.866025403784,-0.5));
#12168 = ( GEOMETRIC_REPRESENTATION_CONTEXT(2) 
PARAMETRIC_REPRESENTATION_CONTEXT() REPRESENTATION_CONTEXT('2D SPACE',''
  ) );
#12169 = PCURVE('',#7465,#12170);
#12170 = DEFINITIONAL_REPRESENTATION('',(#12171),#12175);
#12171 = LINE('',#12172,#12173);
#12172 = CARTESIAN_POINT('',(-5.831237718815,-1.));
#12173 = VECTOR('',#12174,1.);
#12174 = DIRECTION('',(-1.,0.));
#12175 = ( GEOMETRIC_REPRESENTATION_CONTEXT(2) 
PARAMETRIC_REPRESENTATION_CONTEXT() REPRESENTATION_CONTEXT('2D SPACE',''
  ) );
#12176 = ORIENTED_EDGE('',*,*,#7613,.F.);
#12177 = ORIENTED_EDGE('',*,*,#7693,.F.);
#12178 = ORIENTED_EDGE('',*,*,#7742,.F.);
#12179 = ORIENTED_EDGE('',*,*,#7876,.F.);
#12180 = ORIENTED_EDGE('',*,*,#7925,.F.);
#12181 = ORIENTED_EDGE('',*,*,#7974,.F.);
#12182 = ORIENTED_EDGE('',*,*,#12183,.F.);
#12183 = EDGE_CURVE('',#8162,#7975,#12184,.T.);
#12184 = SURFACE_CURVE('',#12185,(#12189,#12196),.PCURVE_S1.);
#12185 = LINE('',#12186,#12187);
#12186 = CARTESIAN_POINT('',(11.,-1.327905619136,4.));
#12187 = VECTOR('',#12188,1.);
#12188 = DIRECTION('',(-4.807406715959E-16,1.,-1.224646799147E-16));
#12189 = PCURVE('',#5719,#12190);
#12190 = DEFINITIONAL_REPRESENTATION('',(#12191),#12195);
#12191 = LINE('',#12192,#12193);
#12192 = CARTESIAN_POINT('',(21.4,1.327905619136));
#12193 = VECTOR('',#12194,1.);
#12194 = DIRECTION('',(-4.807406715959E-16,-1.));
#12195 = ( GEOMETRIC_REPRESENTATION_CONTEXT(2) 
PARAMETRIC_REPRESENTATION_CONTEXT() REPRESENTATION_CONTEXT('2D SPACE',''
  ) );
#12196 = PCURVE('',#8013,#12197);
#12197 = DEFINITIONAL_REPRESENTATION('',(#12198),#12202);
#12198 = LINE('',#12199,#12200);
#12199 = CARTESIAN_POINT('',(-1.327905619136,-1.));
#12200 = VECTOR('',#12201,1.);
#12201 = DIRECTION('',(-1.,0.));
#12202 = ( GEOMETRIC_REPRESENTATION_CONTEXT(2) 
PARAMETRIC_REPRESENTATION_CONTEXT() REPRESENTATION_CONTEXT('2D SPACE',''
  ) );
#12203 = ORIENTED_EDGE('',*,*,#8161,.F.);
#12204 = ORIENTED_EDGE('',*,*,#8241,.F.);
#12205 = ORIENTED_EDGE('',*,*,#8290,.F.);
#12206 = ORIENTED_EDGE('',*,*,#8424,.F.);
#12207 = ORIENTED_EDGE('',*,*,#8473,.F.);
#12208 = ORIENTED_EDGE('',*,*,#8522,.F.);
#12209 = ORIENTED_EDGE('',*,*,#12210,.F.);
#12210 = EDGE_CURVE('',#8710,#8523,#12211,.T.);
#12211 = SURFACE_CURVE('',#12212,(#12216,#12223),.PCURVE_S1.);
#12212 = LINE('',#12213,#12214);
#12213 = CARTESIAN_POINT('',(0.45,-12.44189830103,4.));
#12214 = VECTOR('',#12215,1.);
#12215 = DIRECTION('',(0.866025403784,0.5,-6.123233995737E-17));
#12216 = PCURVE('',#5719,#12217);
#12217 = DEFINITIONAL_REPRESENTATION('',(#12218),#12222);
#12218 = LINE('',#12219,#12220);
#12219 = CARTESIAN_POINT('',(10.85,12.441898301036));
#12220 = VECTOR('',#12221,1.);
#12221 = DIRECTION('',(0.866025403784,-0.5));
#12222 = ( GEOMETRIC_REPRESENTATION_CONTEXT(2) 
PARAMETRIC_REPRESENTATION_CONTEXT() REPRESENTATION_CONTEXT('2D SPACE',''
  ) );
#12223 = PCURVE('',#8561,#12224);
#12224 = DEFINITIONAL_REPRESENTATION('',(#12225),#12229);
#12225 = LINE('',#12226,#12227);
#12226 = CARTESIAN_POINT('',(3.175426480543,-1.));
#12227 = VECTOR('',#12228,1.);
#12228 = DIRECTION('',(-1.,0.));
#12229 = ( GEOMETRIC_REPRESENTATION_CONTEXT(2) 
PARAMETRIC_REPRESENTATION_CONTEXT() REPRESENTATION_CONTEXT('2D SPACE',''
  ) );
#12230 = ORIENTED_EDGE('',*,*,#8709,.F.);
#12231 = ORIENTED_EDGE('',*,*,#8789,.F.);
#12232 = ORIENTED_EDGE('',*,*,#8838,.F.);
#12233 = ORIENTED_EDGE('',*,*,#8972,.F.);
#12234 = ORIENTED_EDGE('',*,*,#9021,.F.);
#12235 = FACE_BOUND('',#12236,.F.);
#12236 = EDGE_LOOP('',(#12237));
#12237 = ORIENTED_EDGE('',*,*,#12238,.T.);
#12238 = EDGE_CURVE('',#12239,#12239,#12241,.T.);
#12239 = VERTEX_POINT('',#12240);
#12240 = CARTESIAN_POINT('',(-3.,9.006664199358,4.));
#12241 = SURFACE_CURVE('',#12242,(#12247,#12258),.PCURVE_S1.);
#12242 = CIRCLE('',#12243,2.2);
#12243 = AXIS2_PLACEMENT_3D('',#12244,#12245,#12246);
#12244 = CARTESIAN_POINT('',(-5.2,9.006664199358,4.));
#12245 = DIRECTION('',(-0.,1.224646799147E-16,1.));
#12246 = DIRECTION('',(1.,0.,0.));
#12247 = PCURVE('',#5719,#12248);
#12248 = DEFINITIONAL_REPRESENTATION('',(#12249),#12257);
#12249 = ( BOUNDED_CURVE() B_SPLINE_CURVE(2,(#12250,#12251,#12252,#12253
    ,#12254,#12255,#12256),.UNSPECIFIED.,.T.,.F.) 
B_SPLINE_CURVE_WITH_KNOTS((1,2,2,2,2,1),(-2.094395102393,0.,
    2.094395102393,4.188790204786,6.28318530718,8.377580409573),
.UNSPECIFIED.) CURVE() GEOMETRIC_REPRESENTATION_ITEM() 
RATIONAL_B_SPLINE_CURVE((1.,0.5,1.,0.5,1.,0.5,1.)) REPRESENTATION_ITEM(
  '') );
#12250 = CARTESIAN_POINT('',(7.4,-9.006664199358));
#12251 = CARTESIAN_POINT('',(7.4,-12.81717597601));
#12252 = CARTESIAN_POINT('',(4.1,-10.91192008768));
#12253 = CARTESIAN_POINT('',(0.8,-9.006664199358));
#12254 = CARTESIAN_POINT('',(4.1,-7.101408311032));
#12255 = CARTESIAN_POINT('',(7.4,-5.196152422707));
#12256 = CARTESIAN_POINT('',(7.4,-9.006664199358));
#12257 = ( GEOMETRIC_REPRESENTATION_CONTEXT(2) 
PARAMETRIC_REPRESENTATION_CONTEXT() REPRESENTATION_CONTEXT('2D SPACE',''
  ) );
#12258 = PCURVE('',#12259,#12264);
#12259 = CYLINDRICAL_SURFACE('',#12260,2.2);
#12260 = AXIS2_PLACEMENT_3D('',#12261,#12262,#12263);
#12261 = CARTESIAN_POINT('',(-5.2,9.006664199358,5.2));
#12262 = DIRECTION('',(-0.,1.224646799147E-16,1.));
#12263 = DIRECTION('',(1.,0.,0.));
#12264 = DEFINITIONAL_REPRESENTATION('',(#12265),#12269);
#12265 = LINE('',#12266,#12267);
#12266 = CARTESIAN_POINT('',(-6.28318530718,-1.2));
#12267 = VECTOR('',#12268,1.);
#12268 = DIRECTION('',(1.,-0.));
#12269 = ( GEOMETRIC_REPRESENTATION_CONTEXT(2) 
PARAMETRIC_REPRESENTATION_CONTEXT() REPRESENTATION_CONTEXT('2D SPACE',''
  ) );
#12270 = FACE_BOUND('',#12271,.F.);
#12271 = EDGE_LOOP('',(#12272));
#12272 = ORIENTED_EDGE('',*,*,#12273,.T.);
#12273 = EDGE_CURVE('',#12274,#12274,#12276,.T.);
#12274 = VERTEX_POINT('',#12275);
#12275 = CARTESIAN_POINT('',(-5.6,4.503332099679,4.));
#12276 = SURFACE_CURVE('',#12277,(#12282,#12293),.PCURVE_S1.);
#12277 = CIRCLE('',#12278,2.2);
#12278 = AXIS2_PLACEMENT_3D('',#12279,#12280,#12281);
#12279 = CARTESIAN_POINT('',(-7.8,4.503332099679,4.));
#12280 = DIRECTION('',(-0.,1.224646799147E-16,1.));
#12281 = DIRECTION('',(1.,0.,0.));
#12282 = PCURVE('',#5719,#12283);
#12283 = DEFINITIONAL_REPRESENTATION('',(#12284),#12292);
#12284 = ( BOUNDED_CURVE() B_SPLINE_CURVE(2,(#12285,#12286,#12287,#12288
    ,#12289,#12290,#12291),.UNSPECIFIED.,.T.,.F.) 
B_SPLINE_CURVE_WITH_KNOTS((1,2,2,2,2,1),(-2.094395102393,0.,
    2.094395102393,4.188790204786,6.28318530718,8.377580409573),
.UNSPECIFIED.) CURVE() GEOMETRIC_REPRESENTATION_ITEM() 
RATIONAL_B_SPLINE_CURVE((1.,0.5,1.,0.5,1.,0.5,1.)) REPRESENTATION_ITEM(
  '') );
#12285 = CARTESIAN_POINT('',(4.8,-4.503332099679));
#12286 = CARTESIAN_POINT('',(4.8,-8.313843876331));
#12287 = CARTESIAN_POINT('',(1.5,-6.408587988005));
#12288 = CARTESIAN_POINT('',(-1.8,-4.503332099679));
#12289 = CARTESIAN_POINT('',(1.5,-2.598076211353));
#12290 = CARTESIAN_POINT('',(4.8,-0.692820323028));
#12291 = CARTESIAN_POINT('',(4.8,-4.503332099679));
#12292 = ( GEOMETRIC_REPRESENTATION_CONTEXT(2) 
PARAMETRIC_REPRESENTATION_CONTEXT() REPRESENTATION_CONTEXT('2D SPACE',''
  ) );
#12293 = PCURVE('',#12294,#12299);
#12294 = CYLINDRICAL_SURFACE('',#12295,2.2);
#12295 = AXIS2_PLACEMENT_3D('',#12296,#12297,#12298);
#12296 = CARTESIAN_POINT('',(-7.8,4.503332099679,5.2));
#12297 = DIRECTION('',(-0.,1.224646799147E-16,1.));
#12298 = DIRECTION('',(1.,0.,0.));
#12299 = DEFINITIONAL_REPRESENTATION('',(#12300),#12304);
#12300 = LINE('',#12301,#12302);
#12301 = CARTESIAN_POINT('',(-6.28318530718,-1.2));
#12302 = VECTOR('',#12303,1.);
#12303 = DIRECTION('',(1.,-0.));
#12304 = ( GEOMETRIC_REPRESENTATION_CONTEXT(2) 
PARAMETRIC_REPRESENTATION_CONTEXT() REPRESENTATION_CONTEXT('2D SPACE',''
  ) );
#12305 = FACE_BOUND('',#12306,.F.);
#12306 = EDGE_LOOP('',(#12307));
#12307 = ORIENTED_EDGE('',*,*,#12308,.T.);
#12308 = EDGE_CURVE('',#12309,#12309,#12311,.T.);
#12309 = VERTEX_POINT('',#12310);
#12310 = CARTESIAN_POINT('',(-0.4,4.503332099679,4.));
#12311 = SURFACE_CURVE('',#12312,(#12317,#12328),.PCURVE_S1.);
#12312 = CIRCLE('',#12313,2.2);
#12313 = AXIS2_PLACEMENT_3D('',#12314,#12315,#12316);
#12314 = CARTESIAN_POINT('',(-2.6,4.503332099679,4.));
#12315 = DIRECTION('',(-0.,1.224646799147E-16,1.));
#12316 = DIRECTION('',(1.,0.,0.));
#12317 = PCURVE('',#5719,#12318);
#12318 = DEFINITIONAL_REPRESENTATION('',(#12319),#12327);
#12319 = ( BOUNDED_CURVE() B_SPLINE_CURVE(2,(#12320,#12321,#12322,#12323
    ,#12324,#12325,#12326),.UNSPECIFIED.,.T.,.F.) 
B_SPLINE_CURVE_WITH_KNOTS((1,2,2,2,2,1),(-2.094395102393,0.,
    2.094395102393,4.188790204786,6.28318530718,8.377580409573),
.UNSPECIFIED.) CURVE() GEOMETRIC_REPRESENTATION_ITEM() 
RATIONAL_B_SPLINE_CURVE((1.,0.5,1.,0.5,1.,0.5,1.)) REPRESENTATION_ITEM(
  '') );
#12320 = CARTESIAN_POINT('',(10.,-4.503332099679));
#12321 = CARTESIAN_POINT('',(10.,-8.313843876331));
#12322 = CARTESIAN_POINT('',(6.7,-6.408587988005));
#12323 = CARTESIAN_POINT('',(3.4,-4.503332099679));
#12324 = CARTESIAN_POINT('',(6.7,-2.598076211353));
#12325 = CARTESIAN_POINT('',(10.,-0.692820323028));
#12326 = CARTESIAN_POINT('',(10.,-4.503332099679));
#12327 = ( GEOMETRIC_REPRESENTATION_CONTEXT(2) 
PARAMETRIC_REPRESENTATION_CONTEXT() REPRESENTATION_CONTEXT('2D SPACE',''
  ) );
#12328 = PCURVE('',#12329,#12334);
#12329 = CYLINDRICAL_SURFACE('',#12330,2.2);
#12330 = AXIS2_PLACEMENT_3D('',#12331,#12332,#12333);
#12331 = CARTESIAN_POINT('',(-2.6,4.503332099679,5.98));
#12332 = DIRECTION('',(-0.,1.224646799147E-16,1.));
#12333 = DIRECTION('',(1.,0.,0.));
#12334 = DEFINITIONAL_REPRESENTATION('',(#12335),#12339);
#12335 = LINE('',#12336,#12337);
#12336 = CARTESIAN_POINT('',(-6.28318530718,-1.98));
#12337 = VECTOR('',#12338,1.);
#12338 = DIRECTION('',(1.,-0.));
#12339 = ( GEOMETRIC_REPRESENTATION_CONTEXT(2) 
PARAMETRIC_REPRESENTATION_CONTEXT() REPRESENTATION_CONTEXT('2D SPACE',''
  ) );
#12340 = FACE_BOUND('',#12341,.F.);
#12341 = EDGE_LOOP('',(#12342));
#12342 = ORIENTED_EDGE('',*,*,#12343,.T.);
#12343 = EDGE_CURVE('',#12344,#12344,#12346,.T.);
#12344 = VERTEX_POINT('',#12345);
#12345 = CARTESIAN_POINT('',(2.2,9.006664199358,4.));
#12346 = SURFACE_CURVE('',#12347,(#12352,#12363),.PCURVE_S1.);
#12347 = CIRCLE('',#12348,2.2);
#12348 = AXIS2_PLACEMENT_3D('',#12349,#12350,#12351);
#12349 = CARTESIAN_POINT('',(0.,9.006664199358,4.));
#12350 = DIRECTION('',(-0.,1.224646799147E-16,1.));
#12351 = DIRECTION('',(1.,0.,0.));
#12352 = PCURVE('',#5719,#12353);
#12353 = DEFINITIONAL_REPRESENTATION('',(#12354),#12362);
#12354 = ( BOUNDED_CURVE() B_SPLINE_CURVE(2,(#12355,#12356,#12357,#12358
    ,#12359,#12360,#12361),.UNSPECIFIED.,.T.,.F.) 
B_SPLINE_CURVE_WITH_KNOTS((1,2,2,2,2,1),(-2.094395102393,0.,
    2.094395102393,4.188790204786,6.28318530718,8.377580409573),
.UNSPECIFIED.) CURVE() GEOMETRIC_REPRESENTATION_ITEM() 
RATIONAL_B_SPLINE_CURVE((1.,0.5,1.,0.5,1.,0.5,1.)) REPRESENTATION_ITEM(
  '') );
#12355 = CARTESIAN_POINT('',(12.6,-9.006664199358));
#12356 = CARTESIAN_POINT('',(12.6,-12.81717597601));
#12357 = CARTESIAN_POINT('',(9.3,-10.91192008768));
#12358 = CARTESIAN_POINT('',(6.,-9.006664199358));
#12359 = CARTESIAN_POINT('',(9.3,-7.101408311032));
#12360 = CARTESIAN_POINT('',(12.6,-5.196152422707));
#12361 = CARTESIAN_POINT('',(12.6,-9.006664199358));
#12362 = ( GEOMETRIC_REPRESENTATION_CONTEXT(2) 
PARAMETRIC_REPRESENTATION_CONTEXT() REPRESENTATION_CONTEXT('2D SPACE',''
  ) );
#12363 = PCURVE('',#12364,#12369);
#12364 = CYLINDRICAL_SURFACE('',#12365,2.2);
#12365 = AXIS2_PLACEMENT_3D('',#12366,#12367,#12368);
#12366 = CARTESIAN_POINT('',(0.,9.006664199358,5.2));
#12367 = DIRECTION('',(-0.,1.224646799147E-16,1.));
#12368 = DIRECTION('',(1.,0.,0.));
#12369 = DEFINITIONAL_REPRESENTATION('',(#12370),#12374);
#12370 = LINE('',#12371,#12372);
#12371 = CARTESIAN_POINT('',(-6.28318530718,-1.2));
#12372 = VECTOR('',#12373,1.);
#12373 = DIRECTION('',(1.,-0.));
#12374 = ( GEOMETRIC_REPRESENTATION_CONTEXT(2) 
PARAMETRIC_REPRESENTATION_CONTEXT() REPRESENTATION_CONTEXT('2D SPACE',''
  ) );
#12375 = FACE_BOUND('',#12376,.F.);
#12376 = EDGE_LOOP('',(#12377));
#12377 = ORIENTED_EDGE('',*,*,#12378,.T.);
#12378 = EDGE_CURVE('',#12379,#12379,#12381,.T.);
#12379 = VERTEX_POINT('',#12380);
#12380 = CARTESIAN_POINT('',(7.4,9.006664199358,4.));
#12381 = SURFACE_CURVE('',#12382,(#12387,#12398),.PCURVE_S1.);
#12382 = CIRCLE('',#12383,2.2);
#12383 = AXIS2_PLACEMENT_3D('',#12384,#12385,#12386);
#12384 = CARTESIAN_POINT('',(5.2,9.006664199358,4.));
#12385 = DIRECTION('',(-0.,1.224646799147E-16,1.));
#12386 = DIRECTION('',(1.,0.,0.));
#12387 = PCURVE('',#5719,#12388);
#12388 = DEFINITIONAL_REPRESENTATION('',(#12389),#12397);
#12389 = ( BOUNDED_CURVE() B_SPLINE_CURVE(2,(#12390,#12391,#12392,#12393
    ,#12394,#12395,#12396),.UNSPECIFIED.,.T.,.F.) 
B_SPLINE_CURVE_WITH_KNOTS((1,2,2,2,2,1),(-2.094395102393,0.,
    2.094395102393,4.188790204786,6.28318530718,8.377580409573),
.UNSPECIFIED.) CURVE() GEOMETRIC_REPRESENTATION_ITEM() 
RATIONAL_B_SPLINE_CURVE((1.,0.5,1.,0.5,1.,0.5,1.)) REPRESENTATION_ITEM(
  '') );
#12390 = CARTESIAN_POINT('',(17.8,-9.006664199358));
#12391 = CARTESIAN_POINT('',(17.8,-12.81717597601));
#12392 = CARTESIAN_POINT('',(14.5,-10.91192008768));
#12393 = CARTESIAN_POINT('',(11.2,-9.006664199358));
#12394 = CARTESIAN_POINT('',(14.5,-7.101408311032));
#12395 = CARTESIAN_POINT('',(17.8,-5.196152422707));
#12396 = CARTESIAN_POINT('',(17.8,-9.006664199358));
#12397 = ( GEOMETRIC_REPRESENTATION_CONTEXT(2) 
PARAMETRIC_REPRESENTATION_CONTEXT() REPRESENTATION_CONTEXT('2D SPACE',''
  ) );
#12398 = PCURVE('',#12399,#12404);
#12399 = CYLINDRICAL_SURFACE('',#12400,2.2);
#12400 = AXIS2_PLACEMENT_3D('',#12401,#12402,#12403);
#12401 = CARTESIAN_POINT('',(5.2,9.006664199358,5.2));
#12402 = DIRECTION('',(-0.,1.224646799147E-16,1.));
#12403 = DIRECTION('',(1.,0.,0.));
#12404 = DEFINITIONAL_REPRESENTATION('',(#12405),#12409);
#12405 = LINE('',#12406,#12407);
#12406 = CARTESIAN_POINT('',(-6.28318530718,-1.2));
#12407 = VECTOR('',#12408,1.);
#12408 = DIRECTION('',(1.,-0.));
#12409 = ( GEOMETRIC_REPRESENTATION_CONTEXT(2) 
PARAMETRIC_REPRESENTATION_CONTEXT() REPRESENTATION_CONTEXT('2D SPACE',''
  ) );
#12410 = FACE_BOUND('',#12411,.F.);
#12411 = EDGE_LOOP('',(#12412));
#12412 = ORIENTED_EDGE('',*,*,#12413,.T.);
#12413 = EDGE_CURVE('',#12414,#12414,#12416,.T.);
#12414 = VERTEX_POINT('',#12415);
#12415 = CARTESIAN_POINT('',(4.8,4.503332099679,4.));
#12416 = SURFACE_CURVE('',#12417,(#12422,#12433),.PCURVE_S1.);
#12417 = CIRCLE('',#12418,2.2);
#12418 = AXIS2_PLACEMENT_3D('',#12419,#12420,#12421);
#12419 = CARTESIAN_POINT('',(2.6,4.503332099679,4.));
#12420 = DIRECTION('',(-0.,1.224646799147E-16,1.));
#12421 = DIRECTION('',(1.,0.,0.));
#12422 = PCURVE('',#5719,#12423);
#12423 = DEFINITIONAL_REPRESENTATION('',(#12424),#12432);
#12424 = ( BOUNDED_CURVE() B_SPLINE_CURVE(2,(#12425,#12426,#12427,#12428
    ,#12429,#12430,#12431),.UNSPECIFIED.,.T.,.F.) 
B_SPLINE_CURVE_WITH_KNOTS((1,2,2,2,2,1),(-2.094395102393,0.,
    2.094395102393,4.188790204786,6.28318530718,8.377580409573),
.UNSPECIFIED.) CURVE() GEOMETRIC_REPRESENTATION_ITEM() 
RATIONAL_B_SPLINE_CURVE((1.,0.5,1.,0.5,1.,0.5,1.)) REPRESENTATION_ITEM(
  '') );
#12425 = CARTESIAN_POINT('',(15.2,-4.503332099679));
#12426 = CARTESIAN_POINT('',(15.2,-8.313843876331));
#12427 = CARTESIAN_POINT('',(11.9,-6.408587988005));
#12428 = CARTESIAN_POINT('',(8.6,-4.503332099679));
#12429 = CARTESIAN_POINT('',(11.9,-2.598076211353));
#12430 = CARTESIAN_POINT('',(15.2,-0.692820323028));
#12431 = CARTESIAN_POINT('',(15.2,-4.503332099679));
#12432 = ( GEOMETRIC_REPRESENTATION_CONTEXT(2) 
PARAMETRIC_REPRESENTATION_CONTEXT() REPRESENTATION_CONTEXT('2D SPACE',''
  ) );
#12433 = PCURVE('',#12434,#12439);
#12434 = CYLINDRICAL_SURFACE('',#12435,2.2);
#12435 = AXIS2_PLACEMENT_3D('',#12436,#12437,#12438);
#12436 = CARTESIAN_POINT('',(2.6,4.503332099679,5.98));
#12437 = DIRECTION('',(-0.,1.224646799147E-16,1.));
#12438 = DIRECTION('',(1.,0.,0.));
#12439 = DEFINITIONAL_REPRESENTATION('',(#12440),#12444);
#12440 = LINE('',#12441,#12442);
#12441 = CARTESIAN_POINT('',(-6.28318530718,-1.98));
#12442 = VECTOR('',#12443,1.);
#12443 = DIRECTION('',(1.,-0.));
#12444 = ( GEOMETRIC_REPRESENTATION_CONTEXT(2) 
PARAMETRIC_REPRESENTATION_CONTEXT() REPRESENTATION_CONTEXT('2D SPACE',''
  ) );
#12445 = FACE_BOUND('',#12446,.F.);
#12446 = EDGE_LOOP('',(#12447));
#12447 = ORIENTED_EDGE('',*,*,#12448,.T.);
#12448 = EDGE_CURVE('',#12449,#12449,#12451,.T.);
#12449 = VERTEX_POINT('',#12450);
#12450 = CARTESIAN_POINT('',(10.,4.503332099679,4.));
#12451 = SURFACE_CURVE('',#12452,(#12457,#12468),.PCURVE_S1.);
#12452 = CIRCLE('',#12453,2.2);
#12453 = AXIS2_PLACEMENT_3D('',#12454,#12455,#12456);
#12454 = CARTESIAN_POINT('',(7.8,4.503332099679,4.));
#12455 = DIRECTION('',(-0.,1.224646799147E-16,1.));
#12456 = DIRECTION('',(1.,0.,0.));
#12457 = PCURVE('',#5719,#12458);
#12458 = DEFINITIONAL_REPRESENTATION('',(#12459),#12467);
#12459 = ( BOUNDED_CURVE() B_SPLINE_CURVE(2,(#12460,#12461,#12462,#12463
    ,#12464,#12465,#12466),.UNSPECIFIED.,.T.,.F.) 
B_SPLINE_CURVE_WITH_KNOTS((1,2,2,2,2,1),(-2.094395102393,0.,
    2.094395102393,4.188790204786,6.28318530718,8.377580409573),
.UNSPECIFIED.) CURVE() GEOMETRIC_REPRESENTATION_ITEM() 
RATIONAL_B_SPLINE_CURVE((1.,0.5,1.,0.5,1.,0.5,1.)) REPRESENTATION_ITEM(
  '') );
#12460 = CARTESIAN_POINT('',(20.4,-4.503332099679));
#12461 = CARTESIAN_POINT('',(20.4,-8.313843876331));
#12462 = CARTESIAN_POINT('',(17.1,-6.408587988005));
#12463 = CARTESIAN_POINT('',(13.8,-4.503332099679));
#12464 = CARTESIAN_POINT('',(17.1,-2.598076211353));
#12465 = CARTESIAN_POINT('',(20.4,-0.692820323028));
#12466 = CARTESIAN_POINT('',(20.4,-4.503332099679));
#12467 = ( GEOMETRIC_REPRESENTATION_CONTEXT(2) 
PARAMETRIC_REPRESENTATION_CONTEXT() REPRESENTATION_CONTEXT('2D SPACE',''
  ) );
#12468 = PCURVE('',#12469,#12474);
#12469 = CYLINDRICAL_SURFACE('',#12470,2.2);
#12470 = AXIS2_PLACEMENT_3D('',#12471,#12472,#12473);
#12471 = CARTESIAN_POINT('',(7.8,4.503332099679,5.2));
#12472 = DIRECTION('',(-0.,1.224646799147E-16,1.));
#12473 = DIRECTION('',(1.,0.,0.));
#12474 = DEFINITIONAL_REPRESENTATION('',(#12475),#12479);
#12475 = LINE('',#12476,#12477);
#12476 = CARTESIAN_POINT('',(-6.28318530718,-1.2));
#12477 = VECTOR('',#12478,1.);
#12478 = DIRECTION('',(1.,-0.));
#12479 = ( GEOMETRIC_REPRESENTATION_CONTEXT(2) 
PARAMETRIC_REPRESENTATION_CONTEXT() REPRESENTATION_CONTEXT('2D SPACE',''
  ) );
#12480 = FACE_BOUND('',#12481,.F.);
#12481 = EDGE_LOOP('',(#12482));
#12482 = ORIENTED_EDGE('',*,*,#12483,.T.);
#12483 = EDGE_CURVE('',#12484,#12484,#12486,.T.);
#12484 = VERTEX_POINT('',#12485);
#12485 = CARTESIAN_POINT('',(-8.2,-3.796405077357E-16,4.));
#12486 = SURFACE_CURVE('',#12487,(#12492,#12503),.PCURVE_S1.);
#12487 = CIRCLE('',#12488,2.2);
#12488 = AXIS2_PLACEMENT_3D('',#12489,#12490,#12491);
#12489 = CARTESIAN_POINT('',(-10.4,-3.796405077357E-16,4.));
#12490 = DIRECTION('',(-0.,1.224646799147E-16,1.));
#12491 = DIRECTION('',(1.,0.,0.));
#12492 = PCURVE('',#5719,#12493);
#12493 = DEFINITIONAL_REPRESENTATION('',(#12494),#12502);
#12494 = ( BOUNDED_CURVE() B_SPLINE_CURVE(2,(#12495,#12496,#12497,#12498
    ,#12499,#12500,#12501),.UNSPECIFIED.,.T.,.F.) 
B_SPLINE_CURVE_WITH_KNOTS((1,2,2,2,2,1),(-2.094395102393,0.,
    2.094395102393,4.188790204786,6.28318530718,8.377580409573),
.UNSPECIFIED.) CURVE() GEOMETRIC_REPRESENTATION_ITEM() 
RATIONAL_B_SPLINE_CURVE((1.,0.5,1.,0.5,1.,0.5,1.)) REPRESENTATION_ITEM(
  '') );
#12495 = CARTESIAN_POINT('',(2.2,4.203197128707E-16));
#12496 = CARTESIAN_POINT('',(2.2,-3.810511776652));
#12497 = CARTESIAN_POINT('',(-1.1,-1.905255888326));
#12498 = CARTESIAN_POINT('',(-4.4,-1.185248787541E-16));
#12499 = CARTESIAN_POINT('',(-1.1,1.905255888326));
#12500 = CARTESIAN_POINT('',(2.2,3.810511776652));
#12501 = CARTESIAN_POINT('',(2.2,4.203197128707E-16));
#12502 = ( GEOMETRIC_REPRESENTATION_CONTEXT(2) 
PARAMETRIC_REPRESENTATION_CONTEXT() REPRESENTATION_CONTEXT('2D SPACE',''
  ) );
#12503 = PCURVE('',#12504,#12509);
#12504 = CYLINDRICAL_SURFACE('',#12505,2.2);
#12505 = AXIS2_PLACEMENT_3D('',#12506,#12507,#12508);
#12506 = CARTESIAN_POINT('',(-10.4,-2.32682891838E-16,5.2));
#12507 = DIRECTION('',(-0.,1.224646799147E-16,1.));
#12508 = DIRECTION('',(1.,0.,0.));
#12509 = DEFINITIONAL_REPRESENTATION('',(#12510),#12514);
#12510 = LINE('',#12511,#12512);
#12511 = CARTESIAN_POINT('',(-6.28318530718,-1.2));
#12512 = VECTOR('',#12513,1.);
#12513 = DIRECTION('',(1.,-0.));
#12514 = ( GEOMETRIC_REPRESENTATION_CONTEXT(2) 
PARAMETRIC_REPRESENTATION_CONTEXT() REPRESENTATION_CONTEXT('2D SPACE',''
  ) );
#12515 = FACE_BOUND('',#12516,.F.);
#12516 = EDGE_LOOP('',(#12517));
#12517 = ORIENTED_EDGE('',*,*,#12518,.T.);
#12518 = EDGE_CURVE('',#12519,#12519,#12521,.T.);
#12519 = VERTEX_POINT('',#12520);
#12520 = CARTESIAN_POINT('',(-5.6,-4.503332099679,4.));
#12521 = SURFACE_CURVE('',#12522,(#12527,#12538),.PCURVE_S1.);
#12522 = CIRCLE('',#12523,2.2);
#12523 = AXIS2_PLACEMENT_3D('',#12524,#12525,#12526);
#12524 = CARTESIAN_POINT('',(-7.8,-4.503332099679,4.));
#12525 = DIRECTION('',(-0.,1.224646799147E-16,1.));
#12526 = DIRECTION('',(1.,0.,0.));
#12527 = PCURVE('',#5719,#12528);
#12528 = DEFINITIONAL_REPRESENTATION('',(#12529),#12537);
#12529 = ( BOUNDED_CURVE() B_SPLINE_CURVE(2,(#12530,#12531,#12532,#12533
    ,#12534,#12535,#12536),.UNSPECIFIED.,.T.,.F.) 
B_SPLINE_CURVE_WITH_KNOTS((1,2,2,2,2,1),(-2.094395102393,0.,
    2.094395102393,4.188790204786,6.28318530718,8.377580409573),
.UNSPECIFIED.) CURVE() GEOMETRIC_REPRESENTATION_ITEM() 
RATIONAL_B_SPLINE_CURVE((1.,0.5,1.,0.5,1.,0.5,1.)) REPRESENTATION_ITEM(
  '') );
#12530 = CARTESIAN_POINT('',(4.8,4.503332099679));
#12531 = CARTESIAN_POINT('',(4.8,0.692820323028));
#12532 = CARTESIAN_POINT('',(1.5,2.598076211353));
#12533 = CARTESIAN_POINT('',(-1.8,4.503332099679));
#12534 = CARTESIAN_POINT('',(1.5,6.408587988005));
#12535 = CARTESIAN_POINT('',(4.8,8.313843876331));
#12536 = CARTESIAN_POINT('',(4.8,4.503332099679));
#12537 = ( GEOMETRIC_REPRESENTATION_CONTEXT(2) 
PARAMETRIC_REPRESENTATION_CONTEXT() REPRESENTATION_CONTEXT('2D SPACE',''
  ) );
#12538 = PCURVE('',#12539,#12544);
#12539 = CYLINDRICAL_SURFACE('',#12540,2.2);
#12540 = AXIS2_PLACEMENT_3D('',#12541,#12542,#12543);
#12541 = CARTESIAN_POINT('',(-7.8,-4.503332099679,5.2));
#12542 = DIRECTION('',(-0.,1.224646799147E-16,1.));
#12543 = DIRECTION('',(1.,0.,0.));
#12544 = DEFINITIONAL_REPRESENTATION('',(#12545),#12549);
#12545 = LINE('',#12546,#12547);
#12546 = CARTESIAN_POINT('',(-6.28318530718,-1.2));
#12547 = VECTOR('',#12548,1.);
#12548 = DIRECTION('',(1.,-0.));
#12549 = ( GEOMETRIC_REPRESENTATION_CONTEXT(2) 
PARAMETRIC_REPRESENTATION_CONTEXT() REPRESENTATION_CONTEXT('2D SPACE',''
  ) );
#12550 = FACE_BOUND('',#12551,.F.);
#12551 = EDGE_LOOP('',(#12552));
#12552 = ORIENTED_EDGE('',*,*,#12553,.T.);
#12553 = EDGE_CURVE('',#12554,#12554,#12556,.T.);
#12554 = VERTEX_POINT('',#12555);
#12555 = CARTESIAN_POINT('',(-3.,-3.796405077357E-16,4.));
#12556 = SURFACE_CURVE('',#12557,(#12562,#12573),.PCURVE_S1.);
#12557 = CIRCLE('',#12558,2.2);
#12558 = AXIS2_PLACEMENT_3D('',#12559,#12560,#12561);
#12559 = CARTESIAN_POINT('',(-5.2,-3.796405077357E-16,4.));
#12560 = DIRECTION('',(-0.,1.224646799147E-16,1.));
#12561 = DIRECTION('',(1.,0.,0.));
#12562 = PCURVE('',#5719,#12563);
#12563 = DEFINITIONAL_REPRESENTATION('',(#12564),#12572);
#12564 = ( BOUNDED_CURVE() B_SPLINE_CURVE(2,(#12565,#12566,#12567,#12568
    ,#12569,#12570,#12571),.UNSPECIFIED.,.T.,.F.) 
B_SPLINE_CURVE_WITH_KNOTS((1,2,2,2,2,1),(-2.094395102393,0.,
    2.094395102393,4.188790204786,6.28318530718,8.377580409573),
.UNSPECIFIED.) CURVE() GEOMETRIC_REPRESENTATION_ITEM() 
RATIONAL_B_SPLINE_CURVE((1.,0.5,1.,0.5,1.,0.5,1.)) REPRESENTATION_ITEM(
  '') );
#12565 = CARTESIAN_POINT('',(7.4,4.203197128707E-16));
#12566 = CARTESIAN_POINT('',(7.4,-3.810511776652));
#12567 = CARTESIAN_POINT('',(4.1,-1.905255888326));
#12568 = CARTESIAN_POINT('',(0.8,-1.185248787541E-16));
#12569 = CARTESIAN_POINT('',(4.1,1.905255888326));
#12570 = CARTESIAN_POINT('',(7.4,3.810511776652));
#12571 = CARTESIAN_POINT('',(7.4,4.203197128707E-16));
#12572 = ( GEOMETRIC_REPRESENTATION_CONTEXT(2) 
PARAMETRIC_REPRESENTATION_CONTEXT() REPRESENTATION_CONTEXT('2D SPACE',''
  ) );
#12573 = PCURVE('',#12574,#12579);
#12574 = CYLINDRICAL_SURFACE('',#12575,2.2);
#12575 = AXIS2_PLACEMENT_3D('',#12576,#12577,#12578);
#12576 = CARTESIAN_POINT('',(-5.2,-1.371604415045E-16,5.98));
#12577 = DIRECTION('',(-0.,1.224646799147E-16,1.));
#12578 = DIRECTION('',(1.,0.,0.));
#12579 = DEFINITIONAL_REPRESENTATION('',(#12580),#12584);
#12580 = LINE('',#12581,#12582);
#12581 = CARTESIAN_POINT('',(-6.28318530718,-1.98));
#12582 = VECTOR('',#12583,1.);
#12583 = DIRECTION('',(1.,-0.));
#12584 = ( GEOMETRIC_REPRESENTATION_CONTEXT(2) 
PARAMETRIC_REPRESENTATION_CONTEXT() REPRESENTATION_CONTEXT('2D SPACE',''
  ) );
#12585 = FACE_BOUND('',#12586,.F.);
#12586 = EDGE_LOOP('',(#12587));
#12587 = ORIENTED_EDGE('',*,*,#12588,.T.);
#12588 = EDGE_CURVE('',#12589,#12589,#12591,.T.);
#12589 = VERTEX_POINT('',#12590);
#12590 = CARTESIAN_POINT('',(-0.4,-4.503332099679,4.));
#12591 = SURFACE_CURVE('',#12592,(#12597,#12608),.PCURVE_S1.);
#12592 = CIRCLE('',#12593,2.2);
#12593 = AXIS2_PLACEMENT_3D('',#12594,#12595,#12596);
#12594 = CARTESIAN_POINT('',(-2.6,-4.503332099679,4.));
#12595 = DIRECTION('',(-0.,1.224646799147E-16,1.));
#12596 = DIRECTION('',(1.,0.,0.));
#12597 = PCURVE('',#5719,#12598);
#12598 = DEFINITIONAL_REPRESENTATION('',(#12599),#12607);
#12599 = ( BOUNDED_CURVE() B_SPLINE_CURVE(2,(#12600,#12601,#12602,#12603
    ,#12604,#12605,#12606),.UNSPECIFIED.,.T.,.F.) 
B_SPLINE_CURVE_WITH_KNOTS((1,2,2,2,2,1),(-2.094395102393,0.,
    2.094395102393,4.188790204786,6.28318530718,8.377580409573),
.UNSPECIFIED.) CURVE() GEOMETRIC_REPRESENTATION_ITEM() 
RATIONAL_B_SPLINE_CURVE((1.,0.5,1.,0.5,1.,0.5,1.)) REPRESENTATION_ITEM(
  '') );
#12600 = CARTESIAN_POINT('',(10.,4.503332099679));
#12601 = CARTESIAN_POINT('',(10.,0.692820323028));
#12602 = CARTESIAN_POINT('',(6.7,2.598076211353));
#12603 = CARTESIAN_POINT('',(3.4,4.503332099679));
#12604 = CARTESIAN_POINT('',(6.7,6.408587988005));
#12605 = CARTESIAN_POINT('',(10.,8.313843876331));
#12606 = CARTESIAN_POINT('',(10.,4.503332099679));
#12607 = ( GEOMETRIC_REPRESENTATION_CONTEXT(2) 
PARAMETRIC_REPRESENTATION_CONTEXT() REPRESENTATION_CONTEXT('2D SPACE',''
  ) );
#12608 = PCURVE('',#12609,#12614);
#12609 = CYLINDRICAL_SURFACE('',#12610,2.2);
#12610 = AXIS2_PLACEMENT_3D('',#12611,#12612,#12613);
#12611 = CARTESIAN_POINT('',(-2.6,-4.503332099679,5.98));
#12612 = DIRECTION('',(-0.,1.224646799147E-16,1.));
#12613 = DIRECTION('',(1.,0.,0.));
#12614 = DEFINITIONAL_REPRESENTATION('',(#12615),#12619);
#12615 = LINE('',#12616,#12617);
#12616 = CARTESIAN_POINT('',(-6.28318530718,-1.98));
#12617 = VECTOR('',#12618,1.);
#12618 = DIRECTION('',(1.,-0.));
#12619 = ( GEOMETRIC_REPRESENTATION_CONTEXT(2) 
PARAMETRIC_REPRESENTATION_CONTEXT() REPRESENTATION_CONTEXT('2D SPACE',''
  ) );
#12620 = FACE_BOUND('',#12621,.F.);
#12621 = EDGE_LOOP('',(#12622));
#12622 = ORIENTED_EDGE('',*,*,#12623,.T.);
#12623 = EDGE_CURVE('',#12624,#12624,#12626,.T.);
#12624 = VERTEX_POINT('',#12625);
#12625 = CARTESIAN_POINT('',(-3.,-9.006664199358,4.));
#12626 = SURFACE_CURVE('',#12627,(#12632,#12643),.PCURVE_S1.);
#12627 = CIRCLE('',#12628,2.2);
#12628 = AXIS2_PLACEMENT_3D('',#12629,#12630,#12631);
#12629 = CARTESIAN_POINT('',(-5.2,-9.006664199358,4.));
#12630 = DIRECTION('',(-0.,1.224646799147E-16,1.));
#12631 = DIRECTION('',(1.,0.,0.));
#12632 = PCURVE('',#5719,#12633);
#12633 = DEFINITIONAL_REPRESENTATION('',(#12634),#12642);
#12634 = ( BOUNDED_CURVE() B_SPLINE_CURVE(2,(#12635,#12636,#12637,#12638
    ,#12639,#12640,#12641),.UNSPECIFIED.,.T.,.F.) 
B_SPLINE_CURVE_WITH_KNOTS((1,2,2,2,2,1),(-2.094395102393,0.,
    2.094395102393,4.188790204786,6.28318530718,8.377580409573),
.UNSPECIFIED.) CURVE() GEOMETRIC_REPRESENTATION_ITEM() 
RATIONAL_B_SPLINE_CURVE((1.,0.5,1.,0.5,1.,0.5,1.)) REPRESENTATION_ITEM(
  '') );
#12635 = CARTESIAN_POINT('',(7.4,9.006664199358));
#12636 = CARTESIAN_POINT('',(7.4,5.196152422707));
#12637 = CARTESIAN_POINT('',(4.1,7.101408311032));
#12638 = CARTESIAN_POINT('',(0.8,9.006664199358));
#12639 = CARTESIAN_POINT('',(4.1,10.911920087684));
#12640 = CARTESIAN_POINT('',(7.4,12.81717597601));
#12641 = CARTESIAN_POINT('',(7.4,9.006664199358));
#12642 = ( GEOMETRIC_REPRESENTATION_CONTEXT(2) 
PARAMETRIC_REPRESENTATION_CONTEXT() REPRESENTATION_CONTEXT('2D SPACE',''
  ) );
#12643 = PCURVE('',#12644,#12649);
#12644 = CYLINDRICAL_SURFACE('',#12645,2.2);
#12645 = AXIS2_PLACEMENT_3D('',#12646,#12647,#12648);
#12646 = CARTESIAN_POINT('',(-5.2,-9.006664199358,5.2));
#12647 = DIRECTION('',(-0.,1.224646799147E-16,1.));
#12648 = DIRECTION('',(1.,0.,0.));
#12649 = DEFINITIONAL_REPRESENTATION('',(#12650),#12654);
#12650 = LINE('',#12651,#12652);
#12651 = CARTESIAN_POINT('',(-6.28318530718,-1.2));
#12652 = VECTOR('',#12653,1.);
#12653 = DIRECTION('',(1.,-0.));
#12654 = ( GEOMETRIC_REPRESENTATION_CONTEXT(2) 
PARAMETRIC_REPRESENTATION_CONTEXT() REPRESENTATION_CONTEXT('2D SPACE',''
  ) );
#12655 = FACE_BOUND('',#12656,.F.);
#12656 = EDGE_LOOP('',(#12657));
#12657 = ORIENTED_EDGE('',*,*,#12658,.T.);
#12658 = EDGE_CURVE('',#12659,#12659,#12661,.T.);
#12659 = VERTEX_POINT('',#12660);
#12660 = CARTESIAN_POINT('',(2.2,-3.796405077357E-16,4.));
#12661 = SURFACE_CURVE('',#12662,(#12667,#12678),.PCURVE_S1.);
#12662 = CIRCLE('',#12663,2.2);
#12663 = AXIS2_PLACEMENT_3D('',#12664,#12665,#12666);
#12664 = CARTESIAN_POINT('',(0.,-3.796405077357E-16,4.));
#12665 = DIRECTION('',(-0.,1.224646799147E-16,1.));
#12666 = DIRECTION('',(1.,0.,0.));
#12667 = PCURVE('',#5719,#12668);
#12668 = DEFINITIONAL_REPRESENTATION('',(#12669),#12677);
#12669 = ( BOUNDED_CURVE() B_SPLINE_CURVE(2,(#12670,#12671,#12672,#12673
    ,#12674,#12675,#12676),.UNSPECIFIED.,.T.,.F.) 
B_SPLINE_CURVE_WITH_KNOTS((1,2,2,2,2,1),(-2.094395102393,0.,
    2.094395102393,4.188790204786,6.28318530718,8.377580409573),
.UNSPECIFIED.) CURVE() GEOMETRIC_REPRESENTATION_ITEM() 
RATIONAL_B_SPLINE_CURVE((1.,0.5,1.,0.5,1.,0.5,1.)) REPRESENTATION_ITEM(
  '') );
#12670 = CARTESIAN_POINT('',(12.6,4.203197128707E-16));
#12671 = CARTESIAN_POINT('',(12.6,-3.810511776652));
#12672 = CARTESIAN_POINT('',(9.3,-1.905255888326));
#12673 = CARTESIAN_POINT('',(6.,-1.185248787541E-16));
#12674 = CARTESIAN_POINT('',(9.3,1.905255888326));
#12675 = CARTESIAN_POINT('',(12.6,3.810511776652));
#12676 = CARTESIAN_POINT('',(12.6,4.203197128707E-16));
#12677 = ( GEOMETRIC_REPRESENTATION_CONTEXT(2) 
PARAMETRIC_REPRESENTATION_CONTEXT() REPRESENTATION_CONTEXT('2D SPACE',''
  ) );
#12678 = PCURVE('',#12679,#12684);
#12679 = CYLINDRICAL_SURFACE('',#12680,2.2);
#12680 = AXIS2_PLACEMENT_3D('',#12681,#12682,#12683);
#12681 = CARTESIAN_POINT('',(0.,-8.817456953861E-17,6.38));
#12682 = DIRECTION('',(-0.,1.224646799147E-16,1.));
#12683 = DIRECTION('',(1.,0.,0.));
#12684 = DEFINITIONAL_REPRESENTATION('',(#12685),#12689);
#12685 = LINE('',#12686,#12687);
#12686 = CARTESIAN_POINT('',(-6.28318530718,-2.38));
#12687 = VECTOR('',#12688,1.);
#12688 = DIRECTION('',(1.,-0.));
#12689 = ( GEOMETRIC_REPRESENTATION_CONTEXT(2) 
PARAMETRIC_REPRESENTATION_CONTEXT() REPRESENTATION_CONTEXT('2D SPACE',''
  ) );
#12690 = FACE_BOUND('',#12691,.F.);
#12691 = EDGE_LOOP('',(#12692));
#12692 = ORIENTED_EDGE('',*,*,#12693,.T.);
#12693 = EDGE_CURVE('',#12694,#12694,#12696,.T.);
#12694 = VERTEX_POINT('',#12695);
#12695 = CARTESIAN_POINT('',(7.4,-3.796405077357E-16,4.));
#12696 = SURFACE_CURVE('',#12697,(#12702,#12713),.PCURVE_S1.);
#12697 = CIRCLE('',#12698,2.2);
#12698 = AXIS2_PLACEMENT_3D('',#12699,#12700,#12701);
#12699 = CARTESIAN_POINT('',(5.2,-3.796405077357E-16,4.));
#12700 = DIRECTION('',(-0.,1.224646799147E-16,1.));
#12701 = DIRECTION('',(1.,0.,0.));
#12702 = PCURVE('',#5719,#12703);
#12703 = DEFINITIONAL_REPRESENTATION('',(#12704),#12712);
#12704 = ( BOUNDED_CURVE() B_SPLINE_CURVE(2,(#12705,#12706,#12707,#12708
    ,#12709,#12710,#12711),.UNSPECIFIED.,.T.,.F.) 
B_SPLINE_CURVE_WITH_KNOTS((1,2,2,2,2,1),(-2.094395102393,0.,
    2.094395102393,4.188790204786,6.28318530718,8.377580409573),
.UNSPECIFIED.) CURVE() GEOMETRIC_REPRESENTATION_ITEM() 
RATIONAL_B_SPLINE_CURVE((1.,0.5,1.,0.5,1.,0.5,1.)) REPRESENTATION_ITEM(
  '') );
#12705 = CARTESIAN_POINT('',(17.8,4.203197128707E-16));
#12706 = CARTESIAN_POINT('',(17.8,-3.810511776652));
#12707 = CARTESIAN_POINT('',(14.5,-1.905255888326));
#12708 = CARTESIAN_POINT('',(11.2,-1.185248787541E-16));
#12709 = CARTESIAN_POINT('',(14.5,1.905255888326));
#12710 = CARTESIAN_POINT('',(17.8,3.810511776652));
#12711 = CARTESIAN_POINT('',(17.8,4.203197128707E-16));
#12712 = ( GEOMETRIC_REPRESENTATION_CONTEXT(2) 
PARAMETRIC_REPRESENTATION_CONTEXT() REPRESENTATION_CONTEXT('2D SPACE',''
  ) );
#12713 = PCURVE('',#12714,#12719);
#12714 = CYLINDRICAL_SURFACE('',#12715,2.2);
#12715 = AXIS2_PLACEMENT_3D('',#12716,#12717,#12718);
#12716 = CARTESIAN_POINT('',(5.2,-1.371604415045E-16,5.98));
#12717 = DIRECTION('',(-0.,1.224646799147E-16,1.));
#12718 = DIRECTION('',(1.,0.,0.));
#12719 = DEFINITIONAL_REPRESENTATION('',(#12720),#12724);
#12720 = LINE('',#12721,#12722);
#12721 = CARTESIAN_POINT('',(-6.28318530718,-1.98));
#12722 = VECTOR('',#12723,1.);
#12723 = DIRECTION('',(1.,-0.));
#12724 = ( GEOMETRIC_REPRESENTATION_CONTEXT(2) 
PARAMETRIC_REPRESENTATION_CONTEXT() REPRESENTATION_CONTEXT('2D SPACE',''
  ) );
#12725 = FACE_BOUND('',#12726,.F.);
#12726 = EDGE_LOOP('',(#12727));
#12727 = ORIENTED_EDGE('',*,*,#12728,.T.);
#12728 = EDGE_CURVE('',#12729,#12729,#12731,.T.);
#12729 = VERTEX_POINT('',#12730);
#12730 = CARTESIAN_POINT('',(4.8,-4.503332099679,4.));
#12731 = SURFACE_CURVE('',#12732,(#12737,#12748),.PCURVE_S1.);
#12732 = CIRCLE('',#12733,2.2);
#12733 = AXIS2_PLACEMENT_3D('',#12734,#12735,#12736);
#12734 = CARTESIAN_POINT('',(2.6,-4.503332099679,4.));
#12735 = DIRECTION('',(-0.,1.224646799147E-16,1.));
#12736 = DIRECTION('',(1.,0.,0.));
#12737 = PCURVE('',#5719,#12738);
#12738 = DEFINITIONAL_REPRESENTATION('',(#12739),#12747);
#12739 = ( BOUNDED_CURVE() B_SPLINE_CURVE(2,(#12740,#12741,#12742,#12743
    ,#12744,#12745,#12746),.UNSPECIFIED.,.T.,.F.) 
B_SPLINE_CURVE_WITH_KNOTS((1,2,2,2,2,1),(-2.094395102393,0.,
    2.094395102393,4.188790204786,6.28318530718,8.377580409573),
.UNSPECIFIED.) CURVE() GEOMETRIC_REPRESENTATION_ITEM() 
RATIONAL_B_SPLINE_CURVE((1.,0.5,1.,0.5,1.,0.5,1.)) REPRESENTATION_ITEM(
  '') );
#12740 = CARTESIAN_POINT('',(15.2,4.503332099679));
#12741 = CARTESIAN_POINT('',(15.2,0.692820323028));
#12742 = CARTESIAN_POINT('',(11.9,2.598076211353));
#12743 = CARTESIAN_POINT('',(8.6,4.503332099679));
#12744 = CARTESIAN_POINT('',(11.9,6.408587988005));
#12745 = CARTESIAN_POINT('',(15.2,8.313843876331));
#12746 = CARTESIAN_POINT('',(15.2,4.503332099679));
#12747 = ( GEOMETRIC_REPRESENTATION_CONTEXT(2) 
PARAMETRIC_REPRESENTATION_CONTEXT() REPRESENTATION_CONTEXT('2D SPACE',''
  ) );
#12748 = PCURVE('',#12749,#12754);
#12749 = CYLINDRICAL_SURFACE('',#12750,2.2);
#12750 = AXIS2_PLACEMENT_3D('',#12751,#12752,#12753);
#12751 = CARTESIAN_POINT('',(2.6,-4.503332099679,5.98));
#12752 = DIRECTION('',(-0.,1.224646799147E-16,1.));
#12753 = DIRECTION('',(1.,0.,0.));
#12754 = DEFINITIONAL_REPRESENTATION('',(#12755),#12759);
#12755 = LINE('',#12756,#12757);
#12756 = CARTESIAN_POINT('',(-6.28318530718,-1.98));
#12757 = VECTOR('',#12758,1.);
#12758 = DIRECTION('',(1.,-0.));
#12759 = ( GEOMETRIC_REPRESENTATION_CONTEXT(2) 
PARAMETRIC_REPRESENTATION_CONTEXT() REPRESENTATION_CONTEXT('2D SPACE',''
  ) );
#12760 = FACE_BOUND('',#12761,.F.);
#12761 = EDGE_LOOP('',(#12762));
#12762 = ORIENTED_EDGE('',*,*,#12763,.T.);
#12763 = EDGE_CURVE('',#12764,#12764,#12766,.T.);
#12764 = VERTEX_POINT('',#12765);
#12765 = CARTESIAN_POINT('',(12.6,-3.796405077357E-16,4.));
#12766 = SURFACE_CURVE('',#12767,(#12772,#12783),.PCURVE_S1.);
#12767 = CIRCLE('',#12768,2.2);
#12768 = AXIS2_PLACEMENT_3D('',#12769,#12770,#12771);
#12769 = CARTESIAN_POINT('',(10.4,-3.796405077357E-16,4.));
#12770 = DIRECTION('',(-0.,1.224646799147E-16,1.));
#12771 = DIRECTION('',(1.,0.,0.));
#12772 = PCURVE('',#5719,#12773);
#12773 = DEFINITIONAL_REPRESENTATION('',(#12774),#12782);
#12774 = ( BOUNDED_CURVE() B_SPLINE_CURVE(2,(#12775,#12776,#12777,#12778
    ,#12779,#12780,#12781),.UNSPECIFIED.,.T.,.F.) 
B_SPLINE_CURVE_WITH_KNOTS((1,2,2,2,2,1),(-2.094395102393,0.,
    2.094395102393,4.188790204786,6.28318530718,8.377580409573),
.UNSPECIFIED.) CURVE() GEOMETRIC_REPRESENTATION_ITEM() 
RATIONAL_B_SPLINE_CURVE((1.,0.5,1.,0.5,1.,0.5,1.)) REPRESENTATION_ITEM(
  '') );
#12775 = CARTESIAN_POINT('',(23.,4.203197128707E-16));
#12776 = CARTESIAN_POINT('',(23.,-3.810511776652));
#12777 = CARTESIAN_POINT('',(19.7,-1.905255888326));
#12778 = CARTESIAN_POINT('',(16.4,-1.185248787541E-16));
#12779 = CARTESIAN_POINT('',(19.7,1.905255888326));
#12780 = CARTESIAN_POINT('',(23.,3.810511776652));
#12781 = CARTESIAN_POINT('',(23.,4.203197128707E-16));
#12782 = ( GEOMETRIC_REPRESENTATION_CONTEXT(2) 
PARAMETRIC_REPRESENTATION_CONTEXT() REPRESENTATION_CONTEXT('2D SPACE',''
  ) );
#12783 = PCURVE('',#12784,#12789);
#12784 = CYLINDRICAL_SURFACE('',#12785,2.2);
#12785 = AXIS2_PLACEMENT_3D('',#12786,#12787,#12788);
#12786 = CARTESIAN_POINT('',(10.4,-2.32682891838E-16,5.2));
#12787 = DIRECTION('',(-0.,1.224646799147E-16,1.));
#12788 = DIRECTION('',(1.,0.,0.));
#12789 = DEFINITIONAL_REPRESENTATION('',(#12790),#12794);
#12790 = LINE('',#12791,#12792);
#12791 = CARTESIAN_POINT('',(-6.28318530718,-1.2));
#12792 = VECTOR('',#12793,1.);
#12793 = DIRECTION('',(1.,-0.));
#12794 = ( GEOMETRIC_REPRESENTATION_CONTEXT(2) 
PARAMETRIC_REPRESENTATION_CONTEXT() REPRESENTATION_CONTEXT('2D SPACE',''
  ) );
#12795 = FACE_BOUND('',#12796,.F.);
#12796 = EDGE_LOOP('',(#12797));
#12797 = ORIENTED_EDGE('',*,*,#12798,.T.);
#12798 = EDGE_CURVE('',#12799,#12799,#12801,.T.);
#12799 = VERTEX_POINT('',#12800);
#12800 = CARTESIAN_POINT('',(10.,-4.503332099679,4.));
#12801 = SURFACE_CURVE('',#12802,(#12807,#12818),.PCURVE_S1.);
#12802 = CIRCLE('',#12803,2.2);
#12803 = AXIS2_PLACEMENT_3D('',#12804,#12805,#12806);
#12804 = CARTESIAN_POINT('',(7.8,-4.503332099679,4.));
#12805 = DIRECTION('',(-0.,1.224646799147E-16,1.));
#12806 = DIRECTION('',(1.,0.,0.));
#12807 = PCURVE('',#5719,#12808);
#12808 = DEFINITIONAL_REPRESENTATION('',(#12809),#12817);
#12809 = ( BOUNDED_CURVE() B_SPLINE_CURVE(2,(#12810,#12811,#12812,#12813
    ,#12814,#12815,#12816),.UNSPECIFIED.,.T.,.F.) 
B_SPLINE_CURVE_WITH_KNOTS((1,2,2,2,2,1),(-2.094395102393,0.,
    2.094395102393,4.188790204786,6.28318530718,8.377580409573),
.UNSPECIFIED.) CURVE() GEOMETRIC_REPRESENTATION_ITEM() 
RATIONAL_B_SPLINE_CURVE((1.,0.5,1.,0.5,1.,0.5,1.)) REPRESENTATION_ITEM(
  '') );
#12810 = CARTESIAN_POINT('',(20.4,4.503332099679));
#12811 = CARTESIAN_POINT('',(20.4,0.692820323028));
#12812 = CARTESIAN_POINT('',(17.1,2.598076211353));
#12813 = CARTESIAN_POINT('',(13.8,4.503332099679));
#12814 = CARTESIAN_POINT('',(17.1,6.408587988005));
#12815 = CARTESIAN_POINT('',(20.4,8.313843876331));
#12816 = CARTESIAN_POINT('',(20.4,4.503332099679));
#12817 = ( GEOMETRIC_REPRESENTATION_CONTEXT(2) 
PARAMETRIC_REPRESENTATION_CONTEXT() REPRESENTATION_CONTEXT('2D SPACE',''
  ) );
#12818 = PCURVE('',#12819,#12824);
#12819 = CYLINDRICAL_SURFACE('',#12820,2.2);
#12820 = AXIS2_PLACEMENT_3D('',#12821,#12822,#12823);
#12821 = CARTESIAN_POINT('',(7.8,-4.503332099679,5.2));
#12822 = DIRECTION('',(-0.,1.224646799147E-16,1.));
#12823 = DIRECTION('',(1.,0.,0.));
#12824 = DEFINITIONAL_REPRESENTATION('',(#12825),#12829);
#12825 = LINE('',#12826,#12827);
#12826 = CARTESIAN_POINT('',(-6.28318530718,-1.2));
#12827 = VECTOR('',#12828,1.);
#12828 = DIRECTION('',(1.,-0.));
#12829 = ( GEOMETRIC_REPRESENTATION_CONTEXT(2) 
PARAMETRIC_REPRESENTATION_CONTEXT() REPRESENTATION_CONTEXT('2D SPACE',''
  ) );
#12830 = FACE_BOUND('',#12831,.F.);
#12831 = EDGE_LOOP('',(#12832));
#12832 = ORIENTED_EDGE('',*,*,#12833,.T.);
#12833 = EDGE_CURVE('',#12834,#12834,#12836,.T.);
#12834 = VERTEX_POINT('',#12835);
#12835 = CARTESIAN_POINT('',(2.2,-9.006664199358,4.));
#12836 = SURFACE_CURVE('',#12837,(#12842,#12853),.PCURVE_S1.);
#12837 = CIRCLE('',#12838,2.2);
#12838 = AXIS2_PLACEMENT_3D('',#12839,#12840,#12841);
#12839 = CARTESIAN_POINT('',(0.,-9.006664199358,4.));
#12840 = DIRECTION('',(-0.,1.224646799147E-16,1.));
#12841 = DIRECTION('',(1.,0.,0.));
#12842 = PCURVE('',#5719,#12843);
#12843 = DEFINITIONAL_REPRESENTATION('',(#12844),#12852);
#12844 = ( BOUNDED_CURVE() B_SPLINE_CURVE(2,(#12845,#12846,#12847,#12848
    ,#12849,#12850,#12851),.UNSPECIFIED.,.T.,.F.) 
B_SPLINE_CURVE_WITH_KNOTS((1,2,2,2,2,1),(-2.094395102393,0.,
    2.094395102393,4.188790204786,6.28318530718,8.377580409573),
.UNSPECIFIED.) CURVE() GEOMETRIC_REPRESENTATION_ITEM() 
RATIONAL_B_SPLINE_CURVE((1.,0.5,1.,0.5,1.,0.5,1.)) REPRESENTATION_ITEM(
  '') );
#12845 = CARTESIAN_POINT('',(12.6,9.006664199358));
#12846 = CARTESIAN_POINT('',(12.6,5.196152422707));
#12847 = CARTESIAN_POINT('',(9.3,7.101408311032));
#12848 = CARTESIAN_POINT('',(6.,9.006664199358));
#12849 = CARTESIAN_POINT('',(9.3,10.911920087684));
#12850 = CARTESIAN_POINT('',(12.6,12.81717597601));
#12851 = CARTESIAN_POINT('',(12.6,9.006664199358));
#12852 = ( GEOMETRIC_REPRESENTATION_CONTEXT(2) 
PARAMETRIC_REPRESENTATION_CONTEXT() REPRESENTATION_CONTEXT('2D SPACE',''
  ) );
#12853 = PCURVE('',#12854,#12859);
#12854 = CYLINDRICAL_SURFACE('',#12855,2.2);
#12855 = AXIS2_PLACEMENT_3D('',#12856,#12857,#12858);
#12856 = CARTESIAN_POINT('',(0.,-9.006664199358,5.2));
#12857 = DIRECTION('',(-0.,1.224646799147E-16,1.));
#12858 = DIRECTION('',(1.,0.,0.));
#12859 = DEFINITIONAL_REPRESENTATION('',(#12860),#12864);
#12860 = LINE('',#12861,#12862);
#12861 = CARTESIAN_POINT('',(-6.28318530718,-1.2));
#12862 = VECTOR('',#12863,1.);
#12863 = DIRECTION('',(1.,-0.));
#12864 = ( GEOMETRIC_REPRESENTATION_CONTEXT(2) 
PARAMETRIC_REPRESENTATION_CONTEXT() REPRESENTATION_CONTEXT('2D SPACE',''
  ) );
#12865 = FACE_BOUND('',#12866,.F.);
#12866 = EDGE_LOOP('',(#12867));
#12867 = ORIENTED_EDGE('',*,*,#12868,.T.);
#12868 = EDGE_CURVE('',#12869,#12869,#12871,.T.);
#12869 = VERTEX_POINT('',#12870);
#12870 = CARTESIAN_POINT('',(7.4,-9.006664199358,4.));
#12871 = SURFACE_CURVE('',#12872,(#12877,#12888),.PCURVE_S1.);
#12872 = CIRCLE('',#12873,2.2);
#12873 = AXIS2_PLACEMENT_3D('',#12874,#12875,#12876);
#12874 = CARTESIAN_POINT('',(5.2,-9.006664199358,4.));
#12875 = DIRECTION('',(-0.,1.224646799147E-16,1.));
#12876 = DIRECTION('',(1.,0.,0.));
#12877 = PCURVE('',#5719,#12878);
#12878 = DEFINITIONAL_REPRESENTATION('',(#12879),#12887);
#12879 = ( BOUNDED_CURVE() B_SPLINE_CURVE(2,(#12880,#12881,#12882,#12883
    ,#12884,#12885,#12886),.UNSPECIFIED.,.T.,.F.) 
B_SPLINE_CURVE_WITH_KNOTS((1,2,2,2,2,1),(-2.094395102393,0.,
    2.094395102393,4.188790204786,6.28318530718,8.377580409573),
.UNSPECIFIED.) CURVE() GEOMETRIC_REPRESENTATION_ITEM() 
RATIONAL_B_SPLINE_CURVE((1.,0.5,1.,0.5,1.,0.5,1.)) REPRESENTATION_ITEM(
  '') );
#12880 = CARTESIAN_POINT('',(17.8,9.006664199358));
#12881 = CARTESIAN_POINT('',(17.8,5.196152422707));
#12882 = CARTESIAN_POINT('',(14.5,7.101408311032));
#12883 = CARTESIAN_POINT('',(11.2,9.006664199358));
#12884 = CARTESIAN_POINT('',(14.5,10.911920087684));
#12885 = CARTESIAN_POINT('',(17.8,12.81717597601));
#12886 = CARTESIAN_POINT('',(17.8,9.006664199358));
#12887 = ( GEOMETRIC_REPRESENTATION_CONTEXT(2) 
PARAMETRIC_REPRESENTATION_CONTEXT() REPRESENTATION_CONTEXT('2D SPACE',''
  ) );
#12888 = PCURVE('',#12889,#12894);
#12889 = CYLINDRICAL_SURFACE('',#12890,2.2);
#12890 = AXIS2_PLACEMENT_3D('',#12891,#12892,#12893);
#12891 = CARTESIAN_POINT('',(5.2,-9.006664199358,5.2));
#12892 = DIRECTION('',(-0.,1.224646799147E-16,1.));
#12893 = DIRECTION('',(1.,0.,0.));
#12894 = DEFINITIONAL_REPRESENTATION('',(#12895),#12899);
#12895 = LINE('',#12896,#12897);
#12896 = CARTESIAN_POINT('',(-6.28318530718,-1.2));
#12897 = VECTOR('',#12898,1.);
#12898 = DIRECTION('',(1.,-0.));
#12899 = ( GEOMETRIC_REPRESENTATION_CONTEXT(2) 
PARAMETRIC_REPRESENTATION_CONTEXT() REPRESENTATION_CONTEXT('2D SPACE',''
  ) );
#12900 = ADVANCED_FACE('',(#12901),#5880,.F.);
#12901 = FACE_BOUND('',#12902,.T.);
#12902 = EDGE_LOOP('',(#12903,#12924,#12925,#12926,#12927));
#12903 = ORIENTED_EDGE('',*,*,#12904,.F.);
#12904 = EDGE_CURVE('',#5843,#10551,#12905,.T.);
#12905 = SEAM_CURVE('',#12906,(#12910,#12917),.PCURVE_S1.);
#12906 = LINE('',#12907,#12908);
#12907 = CARTESIAN_POINT('',(-8.52093932557,-8.476044271575,22.1));
#12908 = VECTOR('',#12909,1.);
#12909 = DIRECTION('',(0.,-1.224646799147E-16,-1.));
#12910 = PCURVE('',#5880,#12911);
#12911 = DEFINITIONAL_REPRESENTATION('',(#12912),#12916);
#12912 = LINE('',#12913,#12914);
#12913 = CARTESIAN_POINT('',(-6.28318530718,0.));
#12914 = VECTOR('',#12915,1.);
#12915 = DIRECTION('',(-0.,-1.));
#12916 = ( GEOMETRIC_REPRESENTATION_CONTEXT(2) 
PARAMETRIC_REPRESENTATION_CONTEXT() REPRESENTATION_CONTEXT('2D SPACE',''
  ) );
#12917 = PCURVE('',#5880,#12918);
#12918 = DEFINITIONAL_REPRESENTATION('',(#12919),#12923);
#12919 = LINE('',#12920,#12921);
#12920 = CARTESIAN_POINT('',(-0.,0.));
#12921 = VECTOR('',#12922,1.);
#12922 = DIRECTION('',(-0.,-1.));
#12923 = ( GEOMETRIC_REPRESENTATION_CONTEXT(2) 
PARAMETRIC_REPRESENTATION_CONTEXT() REPRESENTATION_CONTEXT('2D SPACE',''
  ) );
#12924 = ORIENTED_EDGE('',*,*,#5865,.F.);
#12925 = ORIENTED_EDGE('',*,*,#12904,.T.);
#12926 = ORIENTED_EDGE('',*,*,#10574,.F.);
#12927 = ORIENTED_EDGE('',*,*,#10550,.F.);
#12928 = ADVANCED_FACE('',(#12929),#6188,.F.);
#12929 = FACE_BOUND('',#12930,.T.);
#12930 = EDGE_LOOP('',(#12931,#12952,#12953,#12954,#12955));
#12931 = ORIENTED_EDGE('',*,*,#12932,.F.);
#12932 = EDGE_CURVE('',#6151,#10477,#12933,.T.);
#12933 = SEAM_CURVE('',#12934,(#12938,#12945),.PCURVE_S1.);
#12934 = LINE('',#12935,#12936);
#12935 = CARTESIAN_POINT('',(-11.07904821689,-4.745269700507,22.1));
#12936 = VECTOR('',#12937,1.);
#12937 = DIRECTION('',(0.,-1.224646799147E-16,-1.));
#12938 = PCURVE('',#6188,#12939);
#12939 = DEFINITIONAL_REPRESENTATION('',(#12940),#12944);
#12940 = LINE('',#12941,#12942);
#12941 = CARTESIAN_POINT('',(-6.28318530718,0.));
#12942 = VECTOR('',#12943,1.);
#12943 = DIRECTION('',(-0.,-1.));
#12944 = ( GEOMETRIC_REPRESENTATION_CONTEXT(2) 
PARAMETRIC_REPRESENTATION_CONTEXT() REPRESENTATION_CONTEXT('2D SPACE',''
  ) );
#12945 = PCURVE('',#6188,#12946);
#12946 = DEFINITIONAL_REPRESENTATION('',(#12947),#12951);
#12947 = LINE('',#12948,#12949);
#12948 = CARTESIAN_POINT('',(-0.,0.));
#12949 = VECTOR('',#12950,1.);
#12950 = DIRECTION('',(-0.,-1.));
#12951 = ( GEOMETRIC_REPRESENTATION_CONTEXT(2) 
PARAMETRIC_REPRESENTATION_CONTEXT() REPRESENTATION_CONTEXT('2D SPACE',''
  ) );
#12952 = ORIENTED_EDGE('',*,*,#6173,.F.);
#12953 = ORIENTED_EDGE('',*,*,#12932,.T.);
#12954 = ORIENTED_EDGE('',*,*,#10500,.F.);
#12955 = ORIENTED_EDGE('',*,*,#10476,.F.);
#12956 = ADVANCED_FACE('',(#12957),#6374,.F.);
#12957 = FACE_BOUND('',#12958,.F.);
#12958 = EDGE_LOOP('',(#12959,#12960,#12961));
#12959 = ORIENTED_EDGE('',*,*,#6358,.F.);
#12960 = ORIENTED_EDGE('',*,*,#6519,.F.);
#12961 = ORIENTED_EDGE('',*,*,#12962,.F.);
#12962 = EDGE_CURVE('',#6331,#6493,#12963,.T.);
#12963 = SURFACE_CURVE('',#12964,(#12968,#12975),.PCURVE_S1.);
#12964 = LINE('',#12965,#12966);
#12965 = CARTESIAN_POINT('',(-11.,2.655811238272,5.));
#12966 = VECTOR('',#12967,1.);
#12967 = DIRECTION('',(4.807406715959E-16,1.,-1.224646799147E-16));
#12968 = PCURVE('',#6374,#12969);
#12969 = DEFINITIONAL_REPRESENTATION('',(#12970),#12974);
#12970 = LINE('',#12971,#12972);
#12971 = CARTESIAN_POINT('',(-0.6,-2.655811238272));
#12972 = VECTOR('',#12973,1.);
#12973 = DIRECTION('',(4.807406715959E-16,-1.));
#12974 = ( GEOMETRIC_REPRESENTATION_CONTEXT(2) 
PARAMETRIC_REPRESENTATION_CONTEXT() REPRESENTATION_CONTEXT('2D SPACE',''
  ) );
#12975 = PCURVE('',#6346,#12976);
#12976 = DEFINITIONAL_REPRESENTATION('',(#12977),#12981);
#12977 = LINE('',#12978,#12979);
#12978 = CARTESIAN_POINT('',(0.,0.));
#12979 = VECTOR('',#12980,1.);
#12980 = DIRECTION('',(1.,0.));
#12981 = ( GEOMETRIC_REPRESENTATION_CONTEXT(2) 
PARAMETRIC_REPRESENTATION_CONTEXT() REPRESENTATION_CONTEXT('2D SPACE',''
  ) );
#12982 = ADVANCED_FACE('',(#12983),#6346,.T.);
#12983 = FACE_BOUND('',#12984,.T.);
#12984 = EDGE_LOOP('',(#12985,#12986,#12987,#12988));
#12985 = ORIENTED_EDGE('',*,*,#12962,.F.);
#12986 = ORIENTED_EDGE('',*,*,#6330,.F.);
#12987 = ORIENTED_EDGE('',*,*,#12101,.F.);
#12988 = ORIENTED_EDGE('',*,*,#6492,.T.);
#12989 = ADVANCED_FACE('',(#12990),#6455,.F.);
#12990 = FACE_BOUND('',#12991,.T.);
#12991 = EDGE_LOOP('',(#12992,#13013,#13014,#13015,#13016));
#12992 = ORIENTED_EDGE('',*,*,#12993,.F.);
#12993 = EDGE_CURVE('',#6418,#9294,#12994,.T.);
#12994 = SEAM_CURVE('',#12995,(#12999,#13006),.PCURVE_S1.);
#12995 = LINE('',#12996,#12997);
#12996 = CARTESIAN_POINT('',(-11.05093932557,4.093955728425,22.1));
#12997 = VECTOR('',#12998,1.);
#12998 = DIRECTION('',(0.,-1.224646799147E-16,-1.));
#12999 = PCURVE('',#6455,#13000);
#13000 = DEFINITIONAL_REPRESENTATION('',(#13001),#13005);
#13001 = LINE('',#13002,#13003);
#13002 = CARTESIAN_POINT('',(-6.28318530718,0.));
#13003 = VECTOR('',#13004,1.);
#13004 = DIRECTION('',(-0.,-1.));
#13005 = ( GEOMETRIC_REPRESENTATION_CONTEXT(2) 
PARAMETRIC_REPRESENTATION_CONTEXT() REPRESENTATION_CONTEXT('2D SPACE',''
  ) );
#13006 = PCURVE('',#6455,#13007);
#13007 = DEFINITIONAL_REPRESENTATION('',(#13008),#13012);
#13008 = LINE('',#13009,#13010);
#13009 = CARTESIAN_POINT('',(-0.,0.));
#13010 = VECTOR('',#13011,1.);
#13011 = DIRECTION('',(-0.,-1.));
#13012 = ( GEOMETRIC_REPRESENTATION_CONTEXT(2) 
PARAMETRIC_REPRESENTATION_CONTEXT() REPRESENTATION_CONTEXT('2D SPACE',''
  ) );
#13013 = ORIENTED_EDGE('',*,*,#6440,.F.);
#13014 = ORIENTED_EDGE('',*,*,#12993,.T.);
#13015 = ORIENTED_EDGE('',*,*,#9317,.F.);
#13016 = ORIENTED_EDGE('',*,*,#9293,.F.);
#13017 = ADVANCED_FACE('',(#13018),#6759,.F.);
#13018 = FACE_BOUND('',#13019,.T.);
#13019 = EDGE_LOOP('',(#13020,#13041,#13042,#13043,#13044));
#13020 = ORIENTED_EDGE('',*,*,#13021,.F.);
#13021 = EDGE_CURVE('',#6722,#9146,#13022,.T.);
#13022 = SEAM_CURVE('',#13023,(#13027,#13034),.PCURVE_S1.);
#13023 = LINE('',#13024,#13025);
#13024 = CARTESIAN_POINT('',(-9.099048216895,8.174730299493,22.1));
#13025 = VECTOR('',#13026,1.);
#13026 = DIRECTION('',(0.,-1.224646799147E-16,-1.));
#13027 = PCURVE('',#6759,#13028);
#13028 = DEFINITIONAL_REPRESENTATION('',(#13029),#13033);
#13029 = LINE('',#13030,#13031);
#13030 = CARTESIAN_POINT('',(-6.28318530718,0.));
#13031 = VECTOR('',#13032,1.);
#13032 = DIRECTION('',(-0.,-1.));
#13033 = ( GEOMETRIC_REPRESENTATION_CONTEXT(2) 
PARAMETRIC_REPRESENTATION_CONTEXT() REPRESENTATION_CONTEXT('2D SPACE',''
  ) );
#13034 = PCURVE('',#6759,#13035);
#13035 = DEFINITIONAL_REPRESENTATION('',(#13036),#13040);
#13036 = LINE('',#13037,#13038);
#13037 = CARTESIAN_POINT('',(-0.,0.));
#13038 = VECTOR('',#13039,1.);
#13039 = DIRECTION('',(-0.,-1.));
#13040 = ( GEOMETRIC_REPRESENTATION_CONTEXT(2) 
PARAMETRIC_REPRESENTATION_CONTEXT() REPRESENTATION_CONTEXT('2D SPACE',''
  ) );
#13041 = ORIENTED_EDGE('',*,*,#6744,.F.);
#13042 = ORIENTED_EDGE('',*,*,#13021,.T.);
#13043 = ORIENTED_EDGE('',*,*,#9169,.F.);
#13044 = ORIENTED_EDGE('',*,*,#9145,.F.);
#13045 = ADVANCED_FACE('',(#13046),#6945,.F.);
#13046 = FACE_BOUND('',#13047,.F.);
#13047 = EDGE_LOOP('',(#13048,#13049,#13050));
#13048 = ORIENTED_EDGE('',*,*,#6929,.F.);
#13049 = ORIENTED_EDGE('',*,*,#7116,.F.);
#13050 = ORIENTED_EDGE('',*,*,#13051,.F.);
#13051 = EDGE_CURVE('',#6902,#7090,#13052,.T.);
#13052 = SURFACE_CURVE('',#13053,(#13057,#13064),.PCURVE_S1.);
#13053 = LINE('',#13054,#13055);
#13054 = CARTESIAN_POINT('',(-3.2,10.854185060765,5.));
#13055 = VECTOR('',#13056,1.);
#13056 = DIRECTION('',(0.866025403784,0.5,-6.123233995737E-17));
#13057 = PCURVE('',#6945,#13058);
#13058 = DEFINITIONAL_REPRESENTATION('',(#13059),#13063);
#13059 = LINE('',#13060,#13061);
#13060 = CARTESIAN_POINT('',(7.2,-10.85418506076));
#13061 = VECTOR('',#13062,1.);
#13062 = DIRECTION('',(0.866025403784,-0.5));
#13063 = ( GEOMETRIC_REPRESENTATION_CONTEXT(2) 
PARAMETRIC_REPRESENTATION_CONTEXT() REPRESENTATION_CONTEXT('2D SPACE',''
  ) );
#13064 = PCURVE('',#6917,#13065);
#13065 = DEFINITIONAL_REPRESENTATION('',(#13066),#13070);
#13066 = LINE('',#13067,#13068);
#13067 = CARTESIAN_POINT('',(0.,0.));
#13068 = VECTOR('',#13069,1.);
#13069 = DIRECTION('',(1.,0.));
#13070 = ( GEOMETRIC_REPRESENTATION_CONTEXT(2) 
PARAMETRIC_REPRESENTATION_CONTEXT() REPRESENTATION_CONTEXT('2D SPACE',''
  ) );
#13071 = ADVANCED_FACE('',(#13072),#6917,.T.);
#13072 = FACE_BOUND('',#13073,.T.);
#13073 = EDGE_LOOP('',(#13074,#13075,#13076,#13077));
#13074 = ORIENTED_EDGE('',*,*,#13051,.F.);
#13075 = ORIENTED_EDGE('',*,*,#6901,.F.);
#13076 = ORIENTED_EDGE('',*,*,#12129,.F.);
#13077 = ORIENTED_EDGE('',*,*,#7089,.T.);
#13078 = ADVANCED_FACE('',(#13079),#7024,.F.);
#13079 = FACE_BOUND('',#13080,.T.);
#13080 = EDGE_LOOP('',(#13081,#13102,#13103,#13104,#13105));
#13081 = ORIENTED_EDGE('',*,*,#13082,.F.);
#13082 = EDGE_CURVE('',#6987,#9220,#13083,.T.);
#13083 = SEAM_CURVE('',#13084,(#13088,#13095),.PCURVE_S1.);
#13084 = LINE('',#13085,#13086);
#13085 = CARTESIAN_POINT('',(-1.43,12.57,22.1));
#13086 = VECTOR('',#13087,1.);
#13087 = DIRECTION('',(0.,-1.224646799147E-16,-1.));
#13088 = PCURVE('',#7024,#13089);
#13089 = DEFINITIONAL_REPRESENTATION('',(#13090),#13094);
#13090 = LINE('',#13091,#13092);
#13091 = CARTESIAN_POINT('',(-6.28318530718,0.));
#13092 = VECTOR('',#13093,1.);
#13093 = DIRECTION('',(-0.,-1.));
#13094 = ( GEOMETRIC_REPRESENTATION_CONTEXT(2) 
PARAMETRIC_REPRESENTATION_CONTEXT() REPRESENTATION_CONTEXT('2D SPACE',''
  ) );
#13095 = PCURVE('',#7024,#13096);
#13096 = DEFINITIONAL_REPRESENTATION('',(#13097),#13101);
#13097 = LINE('',#13098,#13099);
#13098 = CARTESIAN_POINT('',(-0.,0.));
#13099 = VECTOR('',#13100,1.);
#13100 = DIRECTION('',(-0.,-1.));
#13101 = ( GEOMETRIC_REPRESENTATION_CONTEXT(2) 
PARAMETRIC_REPRESENTATION_CONTEXT() REPRESENTATION_CONTEXT('2D SPACE',''
  ) );
#13102 = ORIENTED_EDGE('',*,*,#7009,.F.);
#13103 = ORIENTED_EDGE('',*,*,#13082,.T.);
#13104 = ORIENTED_EDGE('',*,*,#9243,.F.);
#13105 = ORIENTED_EDGE('',*,*,#9219,.F.);
#13106 = ADVANCED_FACE('',(#13107),#7307,.F.);
#13107 = FACE_BOUND('',#13108,.T.);
#13108 = EDGE_LOOP('',(#13109,#13130,#13131,#13132,#13133));
#13109 = ORIENTED_EDGE('',*,*,#13110,.F.);
#13110 = EDGE_CURVE('',#7270,#9368,#13111,.T.);
#13111 = SEAM_CURVE('',#13112,(#13116,#13123),.PCURVE_S1.);
#13112 = LINE('',#13113,#13114);
#13113 = CARTESIAN_POINT('',(3.08,12.92,22.1));
#13114 = VECTOR('',#13115,1.);
#13115 = DIRECTION('',(0.,-1.224646799147E-16,-1.));
#13116 = PCURVE('',#7307,#13117);
#13117 = DEFINITIONAL_REPRESENTATION('',(#13118),#13122);
#13118 = LINE('',#13119,#13120);
#13119 = CARTESIAN_POINT('',(-6.28318530718,0.));
#13120 = VECTOR('',#13121,1.);
#13121 = DIRECTION('',(-0.,-1.));
#13122 = ( GEOMETRIC_REPRESENTATION_CONTEXT(2) 
PARAMETRIC_REPRESENTATION_CONTEXT() REPRESENTATION_CONTEXT('2D SPACE',''
  ) );
#13123 = PCURVE('',#7307,#13124);
#13124 = DEFINITIONAL_REPRESENTATION('',(#13125),#13129);
#13125 = LINE('',#13126,#13127);
#13126 = CARTESIAN_POINT('',(-0.,0.));
#13127 = VECTOR('',#13128,1.);
#13128 = DIRECTION('',(-0.,-1.));
#13129 = ( GEOMETRIC_REPRESENTATION_CONTEXT(2) 
PARAMETRIC_REPRESENTATION_CONTEXT() REPRESENTATION_CONTEXT('2D SPACE',''
  ) );
#13130 = ORIENTED_EDGE('',*,*,#7292,.F.);
#13131 = ORIENTED_EDGE('',*,*,#13110,.T.);
#13132 = ORIENTED_EDGE('',*,*,#9391,.F.);
#13133 = ORIENTED_EDGE('',*,*,#9367,.F.);
#13134 = ADVANCED_FACE('',(#13135),#7493,.F.);
#13135 = FACE_BOUND('',#13136,.F.);
#13136 = EDGE_LOOP('',(#13137,#13138,#13159));
#13137 = ORIENTED_EDGE('',*,*,#7664,.F.);
#13138 = ORIENTED_EDGE('',*,*,#13139,.F.);
#13139 = EDGE_CURVE('',#7450,#7638,#13140,.T.);
#13140 = SURFACE_CURVE('',#13141,(#13145,#13152),.PCURVE_S1.);
#13141 = LINE('',#13142,#13143);
#13142 = CARTESIAN_POINT('',(7.8,8.198373822493,5.));
#13143 = VECTOR('',#13144,1.);
#13144 = DIRECTION('',(0.866025403784,-0.5,6.123233995737E-17));
#13145 = PCURVE('',#7493,#13146);
#13146 = DEFINITIONAL_REPRESENTATION('',(#13147),#13151);
#13147 = LINE('',#13148,#13149);
#13148 = CARTESIAN_POINT('',(18.2,-8.198373822493));
#13149 = VECTOR('',#13150,1.);
#13150 = DIRECTION('',(0.866025403784,0.5));
#13151 = ( GEOMETRIC_REPRESENTATION_CONTEXT(2) 
PARAMETRIC_REPRESENTATION_CONTEXT() REPRESENTATION_CONTEXT('2D SPACE',''
  ) );
#13152 = PCURVE('',#7465,#13153);
#13153 = DEFINITIONAL_REPRESENTATION('',(#13154),#13158);
#13154 = LINE('',#13155,#13156);
#13155 = CARTESIAN_POINT('',(0.,0.));
#13156 = VECTOR('',#13157,1.);
#13157 = DIRECTION('',(1.,0.));
#13158 = ( GEOMETRIC_REPRESENTATION_CONTEXT(2) 
PARAMETRIC_REPRESENTATION_CONTEXT() REPRESENTATION_CONTEXT('2D SPACE',''
  ) );
#13159 = ORIENTED_EDGE('',*,*,#7477,.F.);
#13160 = ADVANCED_FACE('',(#13161),#7465,.T.);
#13161 = FACE_BOUND('',#13162,.T.);
#13162 = EDGE_LOOP('',(#13163,#13164,#13165,#13166));
#13163 = ORIENTED_EDGE('',*,*,#13139,.F.);
#13164 = ORIENTED_EDGE('',*,*,#7449,.F.);
#13165 = ORIENTED_EDGE('',*,*,#12156,.F.);
#13166 = ORIENTED_EDGE('',*,*,#7637,.T.);
#13167 = ADVANCED_FACE('',(#13168),#7572,.F.);
#13168 = FACE_BOUND('',#13169,.T.);
#13169 = EDGE_LOOP('',(#13170,#13191,#13192,#13193,#13194));
#13170 = ORIENTED_EDGE('',*,*,#13171,.F.);
#13171 = EDGE_CURVE('',#7535,#9442,#13172,.T.);
#13172 = SEAM_CURVE('',#13173,(#13177,#13184),.PCURVE_S1.);
#13173 = LINE('',#13174,#13175);
#13174 = CARTESIAN_POINT('',(10.72093932557,8.476044271575,22.1));
#13175 = VECTOR('',#13176,1.);
#13176 = DIRECTION('',(0.,-1.224646799147E-16,-1.));
#13177 = PCURVE('',#7572,#13178);
#13178 = DEFINITIONAL_REPRESENTATION('',(#13179),#13183);
#13179 = LINE('',#13180,#13181);
#13180 = CARTESIAN_POINT('',(-6.28318530718,0.));
#13181 = VECTOR('',#13182,1.);
#13182 = DIRECTION('',(-0.,-1.));
#13183 = ( GEOMETRIC_REPRESENTATION_CONTEXT(2) 
PARAMETRIC_REPRESENTATION_CONTEXT() REPRESENTATION_CONTEXT('2D SPACE',''
  ) );
#13184 = PCURVE('',#7572,#13185);
#13185 = DEFINITIONAL_REPRESENTATION('',(#13186),#13190);
#13186 = LINE('',#13187,#13188);
#13187 = CARTESIAN_POINT('',(-0.,0.));
#13188 = VECTOR('',#13189,1.);
#13189 = DIRECTION('',(-0.,-1.));
#13190 = ( GEOMETRIC_REPRESENTATION_CONTEXT(2) 
PARAMETRIC_REPRESENTATION_CONTEXT() REPRESENTATION_CONTEXT('2D SPACE',''
  ) );
#13191 = ORIENTED_EDGE('',*,*,#7557,.F.);
#13192 = ORIENTED_EDGE('',*,*,#13171,.T.);
#13193 = ORIENTED_EDGE('',*,*,#9465,.F.);
#13194 = ORIENTED_EDGE('',*,*,#9441,.F.);
#13195 = ADVANCED_FACE('',(#13196),#7855,.F.);
#13196 = FACE_BOUND('',#13197,.T.);
#13197 = EDGE_LOOP('',(#13198,#13219,#13220,#13221,#13222));
#13198 = ORIENTED_EDGE('',*,*,#13199,.F.);
#13199 = EDGE_CURVE('',#7818,#9516,#13200,.T.);
#13200 = SEAM_CURVE('',#13201,(#13205,#13212),.PCURVE_S1.);
#13201 = LINE('',#13202,#13203);
#13202 = CARTESIAN_POINT('',(13.279048216895,4.745269700507,22.1));
#13203 = VECTOR('',#13204,1.);
#13204 = DIRECTION('',(0.,-1.224646799147E-16,-1.));
#13205 = PCURVE('',#7855,#13206);
#13206 = DEFINITIONAL_REPRESENTATION('',(#13207),#13211);
#13207 = LINE('',#13208,#13209);
#13208 = CARTESIAN_POINT('',(-6.28318530718,0.));
#13209 = VECTOR('',#13210,1.);
#13210 = DIRECTION('',(-0.,-1.));
#13211 = ( GEOMETRIC_REPRESENTATION_CONTEXT(2) 
PARAMETRIC_REPRESENTATION_CONTEXT() REPRESENTATION_CONTEXT('2D SPACE',''
  ) );
#13212 = PCURVE('',#7855,#13213);
#13213 = DEFINITIONAL_REPRESENTATION('',(#13214),#13218);
#13214 = LINE('',#13215,#13216);
#13215 = CARTESIAN_POINT('',(-0.,0.));
#13216 = VECTOR('',#13217,1.);
#13217 = DIRECTION('',(-0.,-1.));
#13218 = ( GEOMETRIC_REPRESENTATION_CONTEXT(2) 
PARAMETRIC_REPRESENTATION_CONTEXT() REPRESENTATION_CONTEXT('2D SPACE',''
  ) );
#13219 = ORIENTED_EDGE('',*,*,#7840,.F.);
#13220 = ORIENTED_EDGE('',*,*,#13199,.T.);
#13221 = ORIENTED_EDGE('',*,*,#9539,.F.);
#13222 = ORIENTED_EDGE('',*,*,#9515,.F.);
#13223 = ADVANCED_FACE('',(#13224),#8041,.F.);
#13224 = FACE_BOUND('',#13225,.F.);
#13225 = EDGE_LOOP('',(#13226,#13227,#13248));
#13226 = ORIENTED_EDGE('',*,*,#8212,.F.);
#13227 = ORIENTED_EDGE('',*,*,#13228,.F.);
#13228 = EDGE_CURVE('',#7998,#8186,#13229,.T.);
#13229 = SURFACE_CURVE('',#13230,(#13234,#13241),.PCURVE_S1.);
#13230 = LINE('',#13231,#13232);
#13231 = CARTESIAN_POINT('',(11.,-2.655811238272,5.));
#13232 = VECTOR('',#13233,1.);
#13233 = DIRECTION('',(4.807406715959E-16,-1.,1.224646799147E-16));
#13234 = PCURVE('',#8041,#13235);
#13235 = DEFINITIONAL_REPRESENTATION('',(#13236),#13240);
#13236 = LINE('',#13237,#13238);
#13237 = CARTESIAN_POINT('',(21.4,2.655811238272));
#13238 = VECTOR('',#13239,1.);
#13239 = DIRECTION('',(4.807406715959E-16,1.));
#13240 = ( GEOMETRIC_REPRESENTATION_CONTEXT(2) 
PARAMETRIC_REPRESENTATION_CONTEXT() REPRESENTATION_CONTEXT('2D SPACE',''
  ) );
#13241 = PCURVE('',#8013,#13242);
#13242 = DEFINITIONAL_REPRESENTATION('',(#13243),#13247);
#13243 = LINE('',#13244,#13245);
#13244 = CARTESIAN_POINT('',(0.,0.));
#13245 = VECTOR('',#13246,1.);
#13246 = DIRECTION('',(1.,0.));
#13247 = ( GEOMETRIC_REPRESENTATION_CONTEXT(2) 
PARAMETRIC_REPRESENTATION_CONTEXT() REPRESENTATION_CONTEXT('2D SPACE',''
  ) );
#13248 = ORIENTED_EDGE('',*,*,#8025,.F.);
#13249 = ADVANCED_FACE('',(#13250),#8013,.T.);
#13250 = FACE_BOUND('',#13251,.T.);
#13251 = EDGE_LOOP('',(#13252,#13253,#13254,#13255));
#13252 = ORIENTED_EDGE('',*,*,#13228,.F.);
#13253 = ORIENTED_EDGE('',*,*,#7997,.T.);
#13254 = ORIENTED_EDGE('',*,*,#12183,.F.);
#13255 = ORIENTED_EDGE('',*,*,#8185,.T.);
#13256 = ADVANCED_FACE('',(#13257),#8120,.F.);
#13257 = FACE_BOUND('',#13258,.T.);
#13258 = EDGE_LOOP('',(#13259,#13280,#13281,#13282,#13283));
#13259 = ORIENTED_EDGE('',*,*,#13260,.F.);
#13260 = EDGE_CURVE('',#8083,#11836,#13261,.T.);
#13261 = SEAM_CURVE('',#13262,(#13266,#13273),.PCURVE_S1.);
#13262 = LINE('',#13263,#13264);
#13263 = CARTESIAN_POINT('',(13.25093932557,-4.093955728425,22.1));
#13264 = VECTOR('',#13265,1.);
#13265 = DIRECTION('',(0.,-1.224646799147E-16,-1.));
#13266 = PCURVE('',#8120,#13267);
#13267 = DEFINITIONAL_REPRESENTATION('',(#13268),#13272);
#13268 = LINE('',#13269,#13270);
#13269 = CARTESIAN_POINT('',(-6.28318530718,0.));
#13270 = VECTOR('',#13271,1.);
#13271 = DIRECTION('',(-0.,-1.));
#13272 = ( GEOMETRIC_REPRESENTATION_CONTEXT(2) 
PARAMETRIC_REPRESENTATION_CONTEXT() REPRESENTATION_CONTEXT('2D SPACE',''
  ) );
#13273 = PCURVE('',#8120,#13274);
#13274 = DEFINITIONAL_REPRESENTATION('',(#13275),#13279);
#13275 = LINE('',#13276,#13277);
#13276 = CARTESIAN_POINT('',(-0.,0.));
#13277 = VECTOR('',#13278,1.);
#13278 = DIRECTION('',(-0.,-1.));
#13279 = ( GEOMETRIC_REPRESENTATION_CONTEXT(2) 
PARAMETRIC_REPRESENTATION_CONTEXT() REPRESENTATION_CONTEXT('2D SPACE',''
  ) );
#13280 = ORIENTED_EDGE('',*,*,#8105,.F.);
#13281 = ORIENTED_EDGE('',*,*,#13260,.T.);
#13282 = ORIENTED_EDGE('',*,*,#11859,.F.);
#13283 = ORIENTED_EDGE('',*,*,#11835,.F.);
#13284 = ADVANCED_FACE('',(#13285),#8403,.F.);
#13285 = FACE_BOUND('',#13286,.T.);
#13286 = EDGE_LOOP('',(#13287,#13308,#13309,#13310,#13311));
#13287 = ORIENTED_EDGE('',*,*,#13288,.F.);
#13288 = EDGE_CURVE('',#8366,#11984,#13289,.T.);
#13289 = SEAM_CURVE('',#13290,(#13294,#13301),.PCURVE_S1.);
#13290 = LINE('',#13291,#13292);
#13291 = CARTESIAN_POINT('',(11.299048216895,-8.174730299493,22.1));
#13292 = VECTOR('',#13293,1.);
#13293 = DIRECTION('',(0.,-1.224646799147E-16,-1.));
#13294 = PCURVE('',#8403,#13295);
#13295 = DEFINITIONAL_REPRESENTATION('',(#13296),#13300);
#13296 = LINE('',#13297,#13298);
#13297 = CARTESIAN_POINT('',(-6.28318530718,0.));
#13298 = VECTOR('',#13299,1.);
#13299 = DIRECTION('',(-0.,-1.));
#13300 = ( GEOMETRIC_REPRESENTATION_CONTEXT(2) 
PARAMETRIC_REPRESENTATION_CONTEXT() REPRESENTATION_CONTEXT('2D SPACE',''
  ) );
#13301 = PCURVE('',#8403,#13302);
#13302 = DEFINITIONAL_REPRESENTATION('',(#13303),#13307);
#13303 = LINE('',#13304,#13305);
#13304 = CARTESIAN_POINT('',(-0.,0.));
#13305 = VECTOR('',#13306,1.);
#13306 = DIRECTION('',(-0.,-1.));
#13307 = ( GEOMETRIC_REPRESENTATION_CONTEXT(2) 
PARAMETRIC_REPRESENTATION_CONTEXT() REPRESENTATION_CONTEXT('2D SPACE',''
  ) );
#13308 = ORIENTED_EDGE('',*,*,#8388,.F.);
#13309 = ORIENTED_EDGE('',*,*,#13288,.T.);
#13310 = ORIENTED_EDGE('',*,*,#12007,.F.);
#13311 = ORIENTED_EDGE('',*,*,#11983,.F.);
#13312 = ADVANCED_FACE('',(#13313),#8589,.F.);
#13313 = FACE_BOUND('',#13314,.F.);
#13314 = EDGE_LOOP('',(#13315,#13316,#13337));
#13315 = ORIENTED_EDGE('',*,*,#8760,.F.);
#13316 = ORIENTED_EDGE('',*,*,#13317,.F.);
#13317 = EDGE_CURVE('',#8546,#8734,#13318,.T.);
#13318 = SURFACE_CURVE('',#13319,(#13323,#13330),.PCURVE_S1.);
#13319 = LINE('',#13320,#13321);
#13320 = CARTESIAN_POINT('',(3.2,-10.85418506076,5.));
#13321 = VECTOR('',#13322,1.);
#13322 = DIRECTION('',(-0.866025403784,-0.5,6.123233995737E-17));
#13323 = PCURVE('',#8589,#13324);
#13324 = DEFINITIONAL_REPRESENTATION('',(#13325),#13329);
#13325 = LINE('',#13326,#13327);
#13326 = CARTESIAN_POINT('',(13.6,10.854185060765));
#13327 = VECTOR('',#13328,1.);
#13328 = DIRECTION('',(-0.866025403784,0.5));
#13329 = ( GEOMETRIC_REPRESENTATION_CONTEXT(2) 
PARAMETRIC_REPRESENTATION_CONTEXT() REPRESENTATION_CONTEXT('2D SPACE',''
  ) );
#13330 = PCURVE('',#8561,#13331);
#13331 = DEFINITIONAL_REPRESENTATION('',(#13332),#13336);
#13332 = LINE('',#13333,#13334);
#13333 = CARTESIAN_POINT('',(0.,0.));
#13334 = VECTOR('',#13335,1.);
#13335 = DIRECTION('',(1.,0.));
#13336 = ( GEOMETRIC_REPRESENTATION_CONTEXT(2) 
PARAMETRIC_REPRESENTATION_CONTEXT() REPRESENTATION_CONTEXT('2D SPACE',''
  ) );
#13337 = ORIENTED_EDGE('',*,*,#8573,.F.);
#13338 = ADVANCED_FACE('',(#13339),#8561,.T.);
#13339 = FACE_BOUND('',#13340,.T.);
#13340 = EDGE_LOOP('',(#13341,#13342,#13343,#13344));
#13341 = ORIENTED_EDGE('',*,*,#13317,.F.);
#13342 = ORIENTED_EDGE('',*,*,#8545,.T.);
#13343 = ORIENTED_EDGE('',*,*,#12210,.F.);
#13344 = ORIENTED_EDGE('',*,*,#8733,.T.);
#13345 = ADVANCED_FACE('',(#13346),#8668,.F.);
#13346 = FACE_BOUND('',#13347,.T.);
#13347 = EDGE_LOOP('',(#13348,#13369,#13370,#13371,#13372));
#13348 = ORIENTED_EDGE('',*,*,#13349,.F.);
#13349 = EDGE_CURVE('',#8631,#11910,#13350,.T.);
#13350 = SEAM_CURVE('',#13351,(#13355,#13362),.PCURVE_S1.);
#13351 = LINE('',#13352,#13353);
#13352 = CARTESIAN_POINT('',(3.63,-12.57,22.1));
#13353 = VECTOR('',#13354,1.);
#13354 = DIRECTION('',(0.,-1.224646799147E-16,-1.));
#13355 = PCURVE('',#8668,#13356);
#13356 = DEFINITIONAL_REPRESENTATION('',(#13357),#13361);
#13357 = LINE('',#13358,#13359);
#13358 = CARTESIAN_POINT('',(-6.28318530718,0.));
#13359 = VECTOR('',#13360,1.);
#13360 = DIRECTION('',(-0.,-1.));
#13361 = ( GEOMETRIC_REPRESENTATION_CONTEXT(2) 
PARAMETRIC_REPRESENTATION_CONTEXT() REPRESENTATION_CONTEXT('2D SPACE',''
  ) );
#13362 = PCURVE('',#8668,#13363);
#13363 = DEFINITIONAL_REPRESENTATION('',(#13364),#13368);
#13364 = LINE('',#13365,#13366);
#13365 = CARTESIAN_POINT('',(-0.,0.));
#13366 = VECTOR('',#13367,1.);
#13367 = DIRECTION('',(-0.,-1.));
#13368 = ( GEOMETRIC_REPRESENTATION_CONTEXT(2) 
PARAMETRIC_REPRESENTATION_CONTEXT() REPRESENTATION_CONTEXT('2D SPACE',''
  ) );
#13369 = ORIENTED_EDGE('',*,*,#8653,.F.);
#13370 = ORIENTED_EDGE('',*,*,#13349,.T.);
#13371 = ORIENTED_EDGE('',*,*,#11933,.F.);
#13372 = ORIENTED_EDGE('',*,*,#11909,.F.);
#13373 = ADVANCED_FACE('',(#13374),#8951,.F.);
#13374 = FACE_BOUND('',#13375,.T.);
#13375 = EDGE_LOOP('',(#13376,#13397,#13398,#13399,#13400));
#13376 = ORIENTED_EDGE('',*,*,#13377,.F.);
#13377 = EDGE_CURVE('',#8914,#10625,#13378,.T.);
#13378 = SEAM_CURVE('',#13379,(#13383,#13390),.PCURVE_S1.);
#13379 = LINE('',#13380,#13381);
#13380 = CARTESIAN_POINT('',(-0.88,-12.92,22.1));
#13381 = VECTOR('',#13382,1.);
#13382 = DIRECTION('',(0.,-1.224646799147E-16,-1.));
#13383 = PCURVE('',#8951,#13384);
#13384 = DEFINITIONAL_REPRESENTATION('',(#13385),#13389);
#13385 = LINE('',#13386,#13387);
#13386 = CARTESIAN_POINT('',(-6.28318530718,0.));
#13387 = VECTOR('',#13388,1.);
#13388 = DIRECTION('',(-0.,-1.));
#13389 = ( GEOMETRIC_REPRESENTATION_CONTEXT(2) 
PARAMETRIC_REPRESENTATION_CONTEXT() REPRESENTATION_CONTEXT('2D SPACE',''
  ) );
#13390 = PCURVE('',#8951,#13391);
#13391 = DEFINITIONAL_REPRESENTATION('',(#13392),#13396);
#13392 = LINE('',#13393,#13394);
#13393 = CARTESIAN_POINT('',(-0.,0.));
#13394 = VECTOR('',#13395,1.);
#13395 = DIRECTION('',(-0.,-1.));
#13396 = ( GEOMETRIC_REPRESENTATION_CONTEXT(2) 
PARAMETRIC_REPRESENTATION_CONTEXT() REPRESENTATION_CONTEXT('2D SPACE',''
  ) );
#13397 = ORIENTED_EDGE('',*,*,#8936,.F.);
#13398 = ORIENTED_EDGE('',*,*,#13377,.T.);
#13399 = ORIENTED_EDGE('',*,*,#10648,.F.);
#13400 = ORIENTED_EDGE('',*,*,#10624,.F.);
#13401 = ADVANCED_FACE('',(#13402),#9605,.T.);
#13402 = FACE_BOUND('',#13403,.F.);
#13403 = EDGE_LOOP('',(#13404,#13405,#13406,#13407,#13408,#13409,#13410,
    #13411,#13412,#13413,#13414,#13415,#13416,#13417,#13418,#13419,
    #13420,#13421));
#13404 = ORIENTED_EDGE('',*,*,#10427,.T.);
#13405 = ORIENTED_EDGE('',*,*,#10400,.T.);
#13406 = ORIENTED_EDGE('',*,*,#10351,.T.);
#13407 = ORIENTED_EDGE('',*,*,#10302,.T.);
#13408 = ORIENTED_EDGE('',*,*,#10253,.T.);
#13409 = ORIENTED_EDGE('',*,*,#10204,.T.);
#13410 = ORIENTED_EDGE('',*,*,#10155,.T.);
#13411 = ORIENTED_EDGE('',*,*,#10106,.T.);
#13412 = ORIENTED_EDGE('',*,*,#10057,.T.);
#13413 = ORIENTED_EDGE('',*,*,#10008,.T.);
#13414 = ORIENTED_EDGE('',*,*,#9959,.T.);
#13415 = ORIENTED_EDGE('',*,*,#9910,.T.);
#13416 = ORIENTED_EDGE('',*,*,#9861,.T.);
#13417 = ORIENTED_EDGE('',*,*,#9812,.T.);
#13418 = ORIENTED_EDGE('',*,*,#9763,.T.);
#13419 = ORIENTED_EDGE('',*,*,#9714,.T.);
#13420 = ORIENTED_EDGE('',*,*,#9665,.T.);
#13421 = ORIENTED_EDGE('',*,*,#9589,.T.);
#13422 = ADVANCED_FACE('',(#13423),#10714,.T.);
#13423 = FACE_BOUND('',#13424,.F.);
#13424 = EDGE_LOOP('',(#13425,#13426,#13427,#13428,#13429,#13430,#13431,
    #13432,#13433,#13434,#13435,#13436));
#13425 = ORIENTED_EDGE('',*,*,#11242,.T.);
#13426 = ORIENTED_EDGE('',*,*,#11215,.T.);
#13427 = ORIENTED_EDGE('',*,*,#11166,.T.);
#13428 = ORIENTED_EDGE('',*,*,#11117,.T.);
#13429 = ORIENTED_EDGE('',*,*,#11068,.T.);
#13430 = ORIENTED_EDGE('',*,*,#11019,.T.);
#13431 = ORIENTED_EDGE('',*,*,#10970,.T.);
#13432 = ORIENTED_EDGE('',*,*,#10921,.T.);
#13433 = ORIENTED_EDGE('',*,*,#10872,.T.);
#13434 = ORIENTED_EDGE('',*,*,#10823,.T.);
#13435 = ORIENTED_EDGE('',*,*,#10774,.T.);
#13436 = ORIENTED_EDGE('',*,*,#10698,.T.);
#13437 = ADVANCED_FACE('',(#13438),#11307,.T.);
#13438 = FACE_BOUND('',#13439,.F.);
#13439 = EDGE_LOOP('',(#13440,#13441,#13442,#13443,#13444,#13445,#13446,
    #13447,#13448,#13449,#13450));
#13440 = ORIENTED_EDGE('',*,*,#11786,.T.);
#13441 = ORIENTED_EDGE('',*,*,#11759,.T.);
#13442 = ORIENTED_EDGE('',*,*,#11710,.T.);
#13443 = ORIENTED_EDGE('',*,*,#11661,.T.);
#13444 = ORIENTED_EDGE('',*,*,#11612,.T.);
#13445 = ORIENTED_EDGE('',*,*,#11563,.T.);
#13446 = ORIENTED_EDGE('',*,*,#11514,.T.);
#13447 = ORIENTED_EDGE('',*,*,#11465,.T.);
#13448 = ORIENTED_EDGE('',*,*,#11416,.T.);
#13449 = ORIENTED_EDGE('',*,*,#11367,.T.);
#13450 = ORIENTED_EDGE('',*,*,#11291,.T.);
#13451 = ADVANCED_FACE('',(#13452),#12259,.T.);
#13452 = FACE_BOUND('',#13453,.F.);
#13453 = EDGE_LOOP('',(#13454,#13477,#13508,#13509));
#13454 = ORIENTED_EDGE('',*,*,#13455,.F.);
#13455 = EDGE_CURVE('',#13456,#12239,#13458,.T.);
#13456 = VERTEX_POINT('',#13457);
#13457 = CARTESIAN_POINT('',(-3.,9.006664199358,4.5));
#13458 = SEAM_CURVE('',#13459,(#13463,#13470),.PCURVE_S1.);
#13459 = LINE('',#13460,#13461);
#13460 = CARTESIAN_POINT('',(-3.,9.006664199358,5.2));
#13461 = VECTOR('',#13462,1.);
#13462 = DIRECTION('',(0.,-1.224646799147E-16,-1.));
#13463 = PCURVE('',#12259,#13464);
#13464 = DEFINITIONAL_REPRESENTATION('',(#13465),#13469);
#13465 = LINE('',#13466,#13467);
#13466 = CARTESIAN_POINT('',(-6.28318530718,0.));
#13467 = VECTOR('',#13468,1.);
#13468 = DIRECTION('',(-0.,-1.));
#13469 = ( GEOMETRIC_REPRESENTATION_CONTEXT(2) 
PARAMETRIC_REPRESENTATION_CONTEXT() REPRESENTATION_CONTEXT('2D SPACE',''
  ) );
#13470 = PCURVE('',#12259,#13471);
#13471 = DEFINITIONAL_REPRESENTATION('',(#13472),#13476);
#13472 = LINE('',#13473,#13474);
#13473 = CARTESIAN_POINT('',(-0.,0.));
#13474 = VECTOR('',#13475,1.);
#13475 = DIRECTION('',(-0.,-1.));
#13476 = ( GEOMETRIC_REPRESENTATION_CONTEXT(2) 
PARAMETRIC_REPRESENTATION_CONTEXT() REPRESENTATION_CONTEXT('2D SPACE',''
  ) );
#13477 = ORIENTED_EDGE('',*,*,#13478,.T.);
#13478 = EDGE_CURVE('',#13456,#13456,#13479,.T.);
#13479 = SURFACE_CURVE('',#13480,(#13485,#13492),.PCURVE_S1.);
#13480 = CIRCLE('',#13481,2.2);
#13481 = AXIS2_PLACEMENT_3D('',#13482,#13483,#13484);
#13482 = CARTESIAN_POINT('',(-5.2,9.006664199358,4.5));
#13483 = DIRECTION('',(-0.,1.224646799147E-16,1.));
#13484 = DIRECTION('',(1.,0.,0.));
#13485 = PCURVE('',#12259,#13486);
#13486 = DEFINITIONAL_REPRESENTATION('',(#13487),#13491);
#13487 = LINE('',#13488,#13489);
#13488 = CARTESIAN_POINT('',(-6.28318530718,-0.7));
#13489 = VECTOR('',#13490,1.);
#13490 = DIRECTION('',(1.,-0.));
#13491 = ( GEOMETRIC_REPRESENTATION_CONTEXT(2) 
PARAMETRIC_REPRESENTATION_CONTEXT() REPRESENTATION_CONTEXT('2D SPACE',''
  ) );
#13492 = PCURVE('',#13493,#13498);
#13493 = PLANE('',#13494);
#13494 = AXIS2_PLACEMENT_3D('',#13495,#13496,#13497);
#13495 = CARTESIAN_POINT('',(-5.2,9.006664199358,4.5));
#13496 = DIRECTION('',(0.,-1.224646799147E-16,-1.));
#13497 = DIRECTION('',(1.,0.,0.));
#13498 = DEFINITIONAL_REPRESENTATION('',(#13499),#13507);
#13499 = ( BOUNDED_CURVE() B_SPLINE_CURVE(2,(#13500,#13501,#13502,#13503
    ,#13504,#13505,#13506),.UNSPECIFIED.,.T.,.F.) 
B_SPLINE_CURVE_WITH_KNOTS((1,2,2,2,2,1),(-2.094395102393,0.,
    2.094395102393,4.188790204786,6.28318530718,8.377580409573),
.UNSPECIFIED.) CURVE() GEOMETRIC_REPRESENTATION_ITEM() 
RATIONAL_B_SPLINE_CURVE((1.,0.5,1.,0.5,1.,0.5,1.)) REPRESENTATION_ITEM(
  '') );
#13500 = CARTESIAN_POINT('',(2.2,0.));
#13501 = CARTESIAN_POINT('',(2.2,-3.810511776652));
#13502 = CARTESIAN_POINT('',(-1.1,-1.905255888326));
#13503 = CARTESIAN_POINT('',(-4.4,-5.388445916248E-16));
#13504 = CARTESIAN_POINT('',(-1.1,1.905255888326));
#13505 = CARTESIAN_POINT('',(2.2,3.810511776652));
#13506 = CARTESIAN_POINT('',(2.2,0.));
#13507 = ( GEOMETRIC_REPRESENTATION_CONTEXT(2) 
PARAMETRIC_REPRESENTATION_CONTEXT() REPRESENTATION_CONTEXT('2D SPACE',''
  ) );
#13508 = ORIENTED_EDGE('',*,*,#13455,.T.);
#13509 = ORIENTED_EDGE('',*,*,#12238,.F.);
#13510 = ADVANCED_FACE('',(#13511),#12294,.T.);
#13511 = FACE_BOUND('',#13512,.F.);
#13512 = EDGE_LOOP('',(#13513,#13536,#13567,#13568));
#13513 = ORIENTED_EDGE('',*,*,#13514,.F.);
#13514 = EDGE_CURVE('',#13515,#12274,#13517,.T.);
#13515 = VERTEX_POINT('',#13516);
#13516 = CARTESIAN_POINT('',(-5.6,4.503332099679,4.5));
#13517 = SEAM_CURVE('',#13518,(#13522,#13529),.PCURVE_S1.);
#13518 = LINE('',#13519,#13520);
#13519 = CARTESIAN_POINT('',(-5.6,4.503332099679,5.2));
#13520 = VECTOR('',#13521,1.);
#13521 = DIRECTION('',(0.,-1.224646799147E-16,-1.));
#13522 = PCURVE('',#12294,#13523);
#13523 = DEFINITIONAL_REPRESENTATION('',(#13524),#13528);
#13524 = LINE('',#13525,#13526);
#13525 = CARTESIAN_POINT('',(-6.28318530718,0.));
#13526 = VECTOR('',#13527,1.);
#13527 = DIRECTION('',(-0.,-1.));
#13528 = ( GEOMETRIC_REPRESENTATION_CONTEXT(2) 
PARAMETRIC_REPRESENTATION_CONTEXT() REPRESENTATION_CONTEXT('2D SPACE',''
  ) );
#13529 = PCURVE('',#12294,#13530);
#13530 = DEFINITIONAL_REPRESENTATION('',(#13531),#13535);
#13531 = LINE('',#13532,#13533);
#13532 = CARTESIAN_POINT('',(-0.,0.));
#13533 = VECTOR('',#13534,1.);
#13534 = DIRECTION('',(-0.,-1.));
#13535 = ( GEOMETRIC_REPRESENTATION_CONTEXT(2) 
PARAMETRIC_REPRESENTATION_CONTEXT() REPRESENTATION_CONTEXT('2D SPACE',''
  ) );
#13536 = ORIENTED_EDGE('',*,*,#13537,.T.);
#13537 = EDGE_CURVE('',#13515,#13515,#13538,.T.);
#13538 = SURFACE_CURVE('',#13539,(#13544,#13551),.PCURVE_S1.);
#13539 = CIRCLE('',#13540,2.2);
#13540 = AXIS2_PLACEMENT_3D('',#13541,#13542,#13543);
#13541 = CARTESIAN_POINT('',(-7.8,4.503332099679,4.5));
#13542 = DIRECTION('',(-0.,1.224646799147E-16,1.));
#13543 = DIRECTION('',(1.,0.,0.));
#13544 = PCURVE('',#12294,#13545);
#13545 = DEFINITIONAL_REPRESENTATION('',(#13546),#13550);
#13546 = LINE('',#13547,#13548);
#13547 = CARTESIAN_POINT('',(-6.28318530718,-0.7));
#13548 = VECTOR('',#13549,1.);
#13549 = DIRECTION('',(1.,-0.));
#13550 = ( GEOMETRIC_REPRESENTATION_CONTEXT(2) 
PARAMETRIC_REPRESENTATION_CONTEXT() REPRESENTATION_CONTEXT('2D SPACE',''
  ) );
#13551 = PCURVE('',#13552,#13557);
#13552 = PLANE('',#13553);
#13553 = AXIS2_PLACEMENT_3D('',#13554,#13555,#13556);
#13554 = CARTESIAN_POINT('',(-7.8,4.503332099679,4.5));
#13555 = DIRECTION('',(0.,-1.224646799147E-16,-1.));
#13556 = DIRECTION('',(1.,0.,0.));
#13557 = DEFINITIONAL_REPRESENTATION('',(#13558),#13566);
#13558 = ( BOUNDED_CURVE() B_SPLINE_CURVE(2,(#13559,#13560,#13561,#13562
    ,#13563,#13564,#13565),.UNSPECIFIED.,.T.,.F.) 
B_SPLINE_CURVE_WITH_KNOTS((1,2,2,2,2,1),(-2.094395102393,0.,
    2.094395102393,4.188790204786,6.28318530718,8.377580409573),
.UNSPECIFIED.) CURVE() GEOMETRIC_REPRESENTATION_ITEM() 
RATIONAL_B_SPLINE_CURVE((1.,0.5,1.,0.5,1.,0.5,1.)) REPRESENTATION_ITEM(
  '') );
#13559 = CARTESIAN_POINT('',(2.2,0.));
#13560 = CARTESIAN_POINT('',(2.2,-3.810511776652));
#13561 = CARTESIAN_POINT('',(-1.1,-1.905255888326));
#13562 = CARTESIAN_POINT('',(-4.4,-5.388445916248E-16));
#13563 = CARTESIAN_POINT('',(-1.1,1.905255888326));
#13564 = CARTESIAN_POINT('',(2.2,3.810511776652));
#13565 = CARTESIAN_POINT('',(2.2,0.));
#13566 = ( GEOMETRIC_REPRESENTATION_CONTEXT(2) 
PARAMETRIC_REPRESENTATION_CONTEXT() REPRESENTATION_CONTEXT('2D SPACE',''
  ) );
#13567 = ORIENTED_EDGE('',*,*,#13514,.T.);
#13568 = ORIENTED_EDGE('',*,*,#12273,.F.);
#13569 = ADVANCED_FACE('',(#13570),#12329,.T.);
#13570 = FACE_BOUND('',#13571,.F.);
#13571 = EDGE_LOOP('',(#13572,#13595,#13626,#13627));
#13572 = ORIENTED_EDGE('',*,*,#13573,.F.);
#13573 = EDGE_CURVE('',#13574,#12309,#13576,.T.);
#13574 = VERTEX_POINT('',#13575);
#13575 = CARTESIAN_POINT('',(-0.4,4.503332099679,5.28));
#13576 = SEAM_CURVE('',#13577,(#13581,#13588),.PCURVE_S1.);
#13577 = LINE('',#13578,#13579);
#13578 = CARTESIAN_POINT('',(-0.4,4.503332099679,5.98));
#13579 = VECTOR('',#13580,1.);
#13580 = DIRECTION('',(0.,-1.224646799147E-16,-1.));
#13581 = PCURVE('',#12329,#13582);
#13582 = DEFINITIONAL_REPRESENTATION('',(#13583),#13587);
#13583 = LINE('',#13584,#13585);
#13584 = CARTESIAN_POINT('',(-6.28318530718,0.));
#13585 = VECTOR('',#13586,1.);
#13586 = DIRECTION('',(-0.,-1.));
#13587 = ( GEOMETRIC_REPRESENTATION_CONTEXT(2) 
PARAMETRIC_REPRESENTATION_CONTEXT() REPRESENTATION_CONTEXT('2D SPACE',''
  ) );
#13588 = PCURVE('',#12329,#13589);
#13589 = DEFINITIONAL_REPRESENTATION('',(#13590),#13594);
#13590 = LINE('',#13591,#13592);
#13591 = CARTESIAN_POINT('',(-0.,0.));
#13592 = VECTOR('',#13593,1.);
#13593 = DIRECTION('',(-0.,-1.));
#13594 = ( GEOMETRIC_REPRESENTATION_CONTEXT(2) 
PARAMETRIC_REPRESENTATION_CONTEXT() REPRESENTATION_CONTEXT('2D SPACE',''
  ) );
#13595 = ORIENTED_EDGE('',*,*,#13596,.T.);
#13596 = EDGE_CURVE('',#13574,#13574,#13597,.T.);
#13597 = SURFACE_CURVE('',#13598,(#13603,#13610),.PCURVE_S1.);
#13598 = CIRCLE('',#13599,2.2);
#13599 = AXIS2_PLACEMENT_3D('',#13600,#13601,#13602);
#13600 = CARTESIAN_POINT('',(-2.6,4.503332099679,5.28));
#13601 = DIRECTION('',(-0.,1.224646799147E-16,1.));
#13602 = DIRECTION('',(1.,0.,0.));
#13603 = PCURVE('',#12329,#13604);
#13604 = DEFINITIONAL_REPRESENTATION('',(#13605),#13609);
#13605 = LINE('',#13606,#13607);
#13606 = CARTESIAN_POINT('',(-6.28318530718,-0.7));
#13607 = VECTOR('',#13608,1.);
#13608 = DIRECTION('',(1.,-0.));
#13609 = ( GEOMETRIC_REPRESENTATION_CONTEXT(2) 
PARAMETRIC_REPRESENTATION_CONTEXT() REPRESENTATION_CONTEXT('2D SPACE',''
  ) );
#13610 = PCURVE('',#13611,#13616);
#13611 = PLANE('',#13612);
#13612 = AXIS2_PLACEMENT_3D('',#13613,#13614,#13615);
#13613 = CARTESIAN_POINT('',(-2.6,4.503332099679,5.28));
#13614 = DIRECTION('',(0.,-1.224646799147E-16,-1.));
#13615 = DIRECTION('',(1.,0.,0.));
#13616 = DEFINITIONAL_REPRESENTATION('',(#13617),#13625);
#13617 = ( BOUNDED_CURVE() B_SPLINE_CURVE(2,(#13618,#13619,#13620,#13621
    ,#13622,#13623,#13624),.UNSPECIFIED.,.T.,.F.) 
B_SPLINE_CURVE_WITH_KNOTS((1,2,2,2,2,1),(-2.094395102393,0.,
    2.094395102393,4.188790204786,6.28318530718,8.377580409573),
.UNSPECIFIED.) CURVE() GEOMETRIC_REPRESENTATION_ITEM() 
RATIONAL_B_SPLINE_CURVE((1.,0.5,1.,0.5,1.,0.5,1.)) REPRESENTATION_ITEM(
  '') );
#13618 = CARTESIAN_POINT('',(2.2,0.));
#13619 = CARTESIAN_POINT('',(2.2,-3.810511776652));
#13620 = CARTESIAN_POINT('',(-1.1,-1.905255888326));
#13621 = CARTESIAN_POINT('',(-4.4,-5.388445916248E-16));
#13622 = CARTESIAN_POINT('',(-1.1,1.905255888326));
#13623 = CARTESIAN_POINT('',(2.2,3.810511776652));
#13624 = CARTESIAN_POINT('',(2.2,0.));
#13625 = ( GEOMETRIC_REPRESENTATION_CONTEXT(2) 
PARAMETRIC_REPRESENTATION_CONTEXT() REPRESENTATION_CONTEXT('2D SPACE',''
  ) );
#13626 = ORIENTED_EDGE('',*,*,#13573,.T.);
#13627 = ORIENTED_EDGE('',*,*,#12308,.F.);
#13628 = ADVANCED_FACE('',(#13629),#12364,.T.);
#13629 = FACE_BOUND('',#13630,.F.);
#13630 = EDGE_LOOP('',(#13631,#13654,#13685,#13686));
#13631 = ORIENTED_EDGE('',*,*,#13632,.F.);
#13632 = EDGE_CURVE('',#13633,#12344,#13635,.T.);
#13633 = VERTEX_POINT('',#13634);
#13634 = CARTESIAN_POINT('',(2.2,9.006664199358,4.5));
#13635 = SEAM_CURVE('',#13636,(#13640,#13647),.PCURVE_S1.);
#13636 = LINE('',#13637,#13638);
#13637 = CARTESIAN_POINT('',(2.2,9.006664199358,5.2));
#13638 = VECTOR('',#13639,1.);
#13639 = DIRECTION('',(0.,-1.224646799147E-16,-1.));
#13640 = PCURVE('',#12364,#13641);
#13641 = DEFINITIONAL_REPRESENTATION('',(#13642),#13646);
#13642 = LINE('',#13643,#13644);
#13643 = CARTESIAN_POINT('',(-6.28318530718,0.));
#13644 = VECTOR('',#13645,1.);
#13645 = DIRECTION('',(-0.,-1.));
#13646 = ( GEOMETRIC_REPRESENTATION_CONTEXT(2) 
PARAMETRIC_REPRESENTATION_CONTEXT() REPRESENTATION_CONTEXT('2D SPACE',''
  ) );
#13647 = PCURVE('',#12364,#13648);
#13648 = DEFINITIONAL_REPRESENTATION('',(#13649),#13653);
#13649 = LINE('',#13650,#13651);
#13650 = CARTESIAN_POINT('',(-0.,0.));
#13651 = VECTOR('',#13652,1.);
#13652 = DIRECTION('',(-0.,-1.));
#13653 = ( GEOMETRIC_REPRESENTATION_CONTEXT(2) 
PARAMETRIC_REPRESENTATION_CONTEXT() REPRESENTATION_CONTEXT('2D SPACE',''
  ) );
#13654 = ORIENTED_EDGE('',*,*,#13655,.T.);
#13655 = EDGE_CURVE('',#13633,#13633,#13656,.T.);
#13656 = SURFACE_CURVE('',#13657,(#13662,#13669),.PCURVE_S1.);
#13657 = CIRCLE('',#13658,2.2);
#13658 = AXIS2_PLACEMENT_3D('',#13659,#13660,#13661);
#13659 = CARTESIAN_POINT('',(0.,9.006664199358,4.5));
#13660 = DIRECTION('',(-0.,1.224646799147E-16,1.));
#13661 = DIRECTION('',(1.,0.,0.));
#13662 = PCURVE('',#12364,#13663);
#13663 = DEFINITIONAL_REPRESENTATION('',(#13664),#13668);
#13664 = LINE('',#13665,#13666);
#13665 = CARTESIAN_POINT('',(-6.28318530718,-0.7));
#13666 = VECTOR('',#13667,1.);
#13667 = DIRECTION('',(1.,-0.));
#13668 = ( GEOMETRIC_REPRESENTATION_CONTEXT(2) 
PARAMETRIC_REPRESENTATION_CONTEXT() REPRESENTATION_CONTEXT('2D SPACE',''
  ) );
#13669 = PCURVE('',#13670,#13675);
#13670 = PLANE('',#13671);
#13671 = AXIS2_PLACEMENT_3D('',#13672,#13673,#13674);
#13672 = CARTESIAN_POINT('',(0.,9.006664199358,4.5));
#13673 = DIRECTION('',(0.,-1.224646799147E-16,-1.));
#13674 = DIRECTION('',(1.,0.,0.));
#13675 = DEFINITIONAL_REPRESENTATION('',(#13676),#13684);
#13676 = ( BOUNDED_CURVE() B_SPLINE_CURVE(2,(#13677,#13678,#13679,#13680
    ,#13681,#13682,#13683),.UNSPECIFIED.,.T.,.F.) 
B_SPLINE_CURVE_WITH_KNOTS((1,2,2,2,2,1),(-2.094395102393,0.,
    2.094395102393,4.188790204786,6.28318530718,8.377580409573),
.UNSPECIFIED.) CURVE() GEOMETRIC_REPRESENTATION_ITEM() 
RATIONAL_B_SPLINE_CURVE((1.,0.5,1.,0.5,1.,0.5,1.)) REPRESENTATION_ITEM(
  '') );
#13677 = CARTESIAN_POINT('',(2.2,0.));
#13678 = CARTESIAN_POINT('',(2.2,-3.810511776652));
#13679 = CARTESIAN_POINT('',(-1.1,-1.905255888326));
#13680 = CARTESIAN_POINT('',(-4.4,-5.388445916248E-16));
#13681 = CARTESIAN_POINT('',(-1.1,1.905255888326));
#13682 = CARTESIAN_POINT('',(2.2,3.810511776652));
#13683 = CARTESIAN_POINT('',(2.2,0.));
#13684 = ( GEOMETRIC_REPRESENTATION_CONTEXT(2) 
PARAMETRIC_REPRESENTATION_CONTEXT() REPRESENTATION_CONTEXT('2D SPACE',''
  ) );
#13685 = ORIENTED_EDGE('',*,*,#13632,.T.);
#13686 = ORIENTED_EDGE('',*,*,#12343,.F.);
#13687 = ADVANCED_FACE('',(#13688),#12399,.T.);
#13688 = FACE_BOUND('',#13689,.F.);
#13689 = EDGE_LOOP('',(#13690,#13713,#13744,#13745));
#13690 = ORIENTED_EDGE('',*,*,#13691,.F.);
#13691 = EDGE_CURVE('',#13692,#12379,#13694,.T.);
#13692 = VERTEX_POINT('',#13693);
#13693 = CARTESIAN_POINT('',(7.4,9.006664199358,4.5));
#13694 = SEAM_CURVE('',#13695,(#13699,#13706),.PCURVE_S1.);
#13695 = LINE('',#13696,#13697);
#13696 = CARTESIAN_POINT('',(7.4,9.006664199358,5.2));
#13697 = VECTOR('',#13698,1.);
#13698 = DIRECTION('',(0.,-1.224646799147E-16,-1.));
#13699 = PCURVE('',#12399,#13700);
#13700 = DEFINITIONAL_REPRESENTATION('',(#13701),#13705);
#13701 = LINE('',#13702,#13703);
#13702 = CARTESIAN_POINT('',(-6.28318530718,0.));
#13703 = VECTOR('',#13704,1.);
#13704 = DIRECTION('',(-0.,-1.));
#13705 = ( GEOMETRIC_REPRESENTATION_CONTEXT(2) 
PARAMETRIC_REPRESENTATION_CONTEXT() REPRESENTATION_CONTEXT('2D SPACE',''
  ) );
#13706 = PCURVE('',#12399,#13707);
#13707 = DEFINITIONAL_REPRESENTATION('',(#13708),#13712);
#13708 = LINE('',#13709,#13710);
#13709 = CARTESIAN_POINT('',(-0.,0.));
#13710 = VECTOR('',#13711,1.);
#13711 = DIRECTION('',(-0.,-1.));
#13712 = ( GEOMETRIC_REPRESENTATION_CONTEXT(2) 
PARAMETRIC_REPRESENTATION_CONTEXT() REPRESENTATION_CONTEXT('2D SPACE',''
  ) );
#13713 = ORIENTED_EDGE('',*,*,#13714,.T.);
#13714 = EDGE_CURVE('',#13692,#13692,#13715,.T.);
#13715 = SURFACE_CURVE('',#13716,(#13721,#13728),.PCURVE_S1.);
#13716 = CIRCLE('',#13717,2.2);
#13717 = AXIS2_PLACEMENT_3D('',#13718,#13719,#13720);
#13718 = CARTESIAN_POINT('',(5.2,9.006664199358,4.5));
#13719 = DIRECTION('',(-0.,1.224646799147E-16,1.));
#13720 = DIRECTION('',(1.,0.,0.));
#13721 = PCURVE('',#12399,#13722);
#13722 = DEFINITIONAL_REPRESENTATION('',(#13723),#13727);
#13723 = LINE('',#13724,#13725);
#13724 = CARTESIAN_POINT('',(-6.28318530718,-0.7));
#13725 = VECTOR('',#13726,1.);
#13726 = DIRECTION('',(1.,-0.));
#13727 = ( GEOMETRIC_REPRESENTATION_CONTEXT(2) 
PARAMETRIC_REPRESENTATION_CONTEXT() REPRESENTATION_CONTEXT('2D SPACE',''
  ) );
#13728 = PCURVE('',#13729,#13734);
#13729 = PLANE('',#13730);
#13730 = AXIS2_PLACEMENT_3D('',#13731,#13732,#13733);
#13731 = CARTESIAN_POINT('',(5.2,9.006664199358,4.5));
#13732 = DIRECTION('',(0.,-1.224646799147E-16,-1.));
#13733 = DIRECTION('',(1.,0.,0.));
#13734 = DEFINITIONAL_REPRESENTATION('',(#13735),#13743);
#13735 = ( BOUNDED_CURVE() B_SPLINE_CURVE(2,(#13736,#13737,#13738,#13739
    ,#13740,#13741,#13742),.UNSPECIFIED.,.T.,.F.) 
B_SPLINE_CURVE_WITH_KNOTS((1,2,2,2,2,1),(-2.094395102393,0.,
    2.094395102393,4.188790204786,6.28318530718,8.377580409573),
.UNSPECIFIED.) CURVE() GEOMETRIC_REPRESENTATION_ITEM() 
RATIONAL_B_SPLINE_CURVE((1.,0.5,1.,0.5,1.,0.5,1.)) REPRESENTATION_ITEM(
  '') );
#13736 = CARTESIAN_POINT('',(2.2,0.));
#13737 = CARTESIAN_POINT('',(2.2,-3.810511776652));
#13738 = CARTESIAN_POINT('',(-1.1,-1.905255888326));
#13739 = CARTESIAN_POINT('',(-4.4,-5.388445916248E-16));
#13740 = CARTESIAN_POINT('',(-1.1,1.905255888326));
#13741 = CARTESIAN_POINT('',(2.2,3.810511776652));
#13742 = CARTESIAN_POINT('',(2.2,0.));
#13743 = ( GEOMETRIC_REPRESENTATION_CONTEXT(2) 
PARAMETRIC_REPRESENTATION_CONTEXT() REPRESENTATION_CONTEXT('2D SPACE',''
  ) );
#13744 = ORIENTED_EDGE('',*,*,#13691,.T.);
#13745 = ORIENTED_EDGE('',*,*,#12378,.F.);
#13746 = ADVANCED_FACE('',(#13747),#12434,.T.);
#13747 = FACE_BOUND('',#13748,.F.);
#13748 = EDGE_LOOP('',(#13749,#13772,#13803,#13804));
#13749 = ORIENTED_EDGE('',*,*,#13750,.F.);
#13750 = EDGE_CURVE('',#13751,#12414,#13753,.T.);
#13751 = VERTEX_POINT('',#13752);
#13752 = CARTESIAN_POINT('',(4.8,4.503332099679,5.28));
#13753 = SEAM_CURVE('',#13754,(#13758,#13765),.PCURVE_S1.);
#13754 = LINE('',#13755,#13756);
#13755 = CARTESIAN_POINT('',(4.8,4.503332099679,5.98));
#13756 = VECTOR('',#13757,1.);
#13757 = DIRECTION('',(0.,-1.224646799147E-16,-1.));
#13758 = PCURVE('',#12434,#13759);
#13759 = DEFINITIONAL_REPRESENTATION('',(#13760),#13764);
#13760 = LINE('',#13761,#13762);
#13761 = CARTESIAN_POINT('',(-6.28318530718,0.));
#13762 = VECTOR('',#13763,1.);
#13763 = DIRECTION('',(-0.,-1.));
#13764 = ( GEOMETRIC_REPRESENTATION_CONTEXT(2) 
PARAMETRIC_REPRESENTATION_CONTEXT() REPRESENTATION_CONTEXT('2D SPACE',''
  ) );
#13765 = PCURVE('',#12434,#13766);
#13766 = DEFINITIONAL_REPRESENTATION('',(#13767),#13771);
#13767 = LINE('',#13768,#13769);
#13768 = CARTESIAN_POINT('',(-0.,0.));
#13769 = VECTOR('',#13770,1.);
#13770 = DIRECTION('',(-0.,-1.));
#13771 = ( GEOMETRIC_REPRESENTATION_CONTEXT(2) 
PARAMETRIC_REPRESENTATION_CONTEXT() REPRESENTATION_CONTEXT('2D SPACE',''
  ) );
#13772 = ORIENTED_EDGE('',*,*,#13773,.T.);
#13773 = EDGE_CURVE('',#13751,#13751,#13774,.T.);
#13774 = SURFACE_CURVE('',#13775,(#13780,#13787),.PCURVE_S1.);
#13775 = CIRCLE('',#13776,2.2);
#13776 = AXIS2_PLACEMENT_3D('',#13777,#13778,#13779);
#13777 = CARTESIAN_POINT('',(2.6,4.503332099679,5.28));
#13778 = DIRECTION('',(-0.,1.224646799147E-16,1.));
#13779 = DIRECTION('',(1.,0.,0.));
#13780 = PCURVE('',#12434,#13781);
#13781 = DEFINITIONAL_REPRESENTATION('',(#13782),#13786);
#13782 = LINE('',#13783,#13784);
#13783 = CARTESIAN_POINT('',(-6.28318530718,-0.7));
#13784 = VECTOR('',#13785,1.);
#13785 = DIRECTION('',(1.,-0.));
#13786 = ( GEOMETRIC_REPRESENTATION_CONTEXT(2) 
PARAMETRIC_REPRESENTATION_CONTEXT() REPRESENTATION_CONTEXT('2D SPACE',''
  ) );
#13787 = PCURVE('',#13788,#13793);
#13788 = PLANE('',#13789);
#13789 = AXIS2_PLACEMENT_3D('',#13790,#13791,#13792);
#13790 = CARTESIAN_POINT('',(2.6,4.503332099679,5.28));
#13791 = DIRECTION('',(0.,-1.224646799147E-16,-1.));
#13792 = DIRECTION('',(1.,0.,0.));
#13793 = DEFINITIONAL_REPRESENTATION('',(#13794),#13802);
#13794 = ( BOUNDED_CURVE() B_SPLINE_CURVE(2,(#13795,#13796,#13797,#13798
    ,#13799,#13800,#13801),.UNSPECIFIED.,.T.,.F.) 
B_SPLINE_CURVE_WITH_KNOTS((1,2,2,2,2,1),(-2.094395102393,0.,
    2.094395102393,4.188790204786,6.28318530718,8.377580409573),
.UNSPECIFIED.) CURVE() GEOMETRIC_REPRESENTATION_ITEM() 
RATIONAL_B_SPLINE_CURVE((1.,0.5,1.,0.5,1.,0.5,1.)) REPRESENTATION_ITEM(
  '') );
#13795 = CARTESIAN_POINT('',(2.2,0.));
#13796 = CARTESIAN_POINT('',(2.2,-3.810511776652));
#13797 = CARTESIAN_POINT('',(-1.1,-1.905255888326));
#13798 = CARTESIAN_POINT('',(-4.4,-5.388445916248E-16));
#13799 = CARTESIAN_POINT('',(-1.1,1.905255888326));
#13800 = CARTESIAN_POINT('',(2.2,3.810511776652));
#13801 = CARTESIAN_POINT('',(2.2,0.));
#13802 = ( GEOMETRIC_REPRESENTATION_CONTEXT(2) 
PARAMETRIC_REPRESENTATION_CONTEXT() REPRESENTATION_CONTEXT('2D SPACE',''
  ) );
#13803 = ORIENTED_EDGE('',*,*,#13750,.T.);
#13804 = ORIENTED_EDGE('',*,*,#12413,.F.);
#13805 = ADVANCED_FACE('',(#13806),#12469,.T.);
#13806 = FACE_BOUND('',#13807,.F.);
#13807 = EDGE_LOOP('',(#13808,#13831,#13862,#13863));
#13808 = ORIENTED_EDGE('',*,*,#13809,.F.);
#13809 = EDGE_CURVE('',#13810,#12449,#13812,.T.);
#13810 = VERTEX_POINT('',#13811);
#13811 = CARTESIAN_POINT('',(10.,4.503332099679,4.5));
#13812 = SEAM_CURVE('',#13813,(#13817,#13824),.PCURVE_S1.);
#13813 = LINE('',#13814,#13815);
#13814 = CARTESIAN_POINT('',(10.,4.503332099679,5.2));
#13815 = VECTOR('',#13816,1.);
#13816 = DIRECTION('',(0.,-1.224646799147E-16,-1.));
#13817 = PCURVE('',#12469,#13818);
#13818 = DEFINITIONAL_REPRESENTATION('',(#13819),#13823);
#13819 = LINE('',#13820,#13821);
#13820 = CARTESIAN_POINT('',(-6.28318530718,0.));
#13821 = VECTOR('',#13822,1.);
#13822 = DIRECTION('',(-0.,-1.));
#13823 = ( GEOMETRIC_REPRESENTATION_CONTEXT(2) 
PARAMETRIC_REPRESENTATION_CONTEXT() REPRESENTATION_CONTEXT('2D SPACE',''
  ) );
#13824 = PCURVE('',#12469,#13825);
#13825 = DEFINITIONAL_REPRESENTATION('',(#13826),#13830);
#13826 = LINE('',#13827,#13828);
#13827 = CARTESIAN_POINT('',(-0.,0.));
#13828 = VECTOR('',#13829,1.);
#13829 = DIRECTION('',(-0.,-1.));
#13830 = ( GEOMETRIC_REPRESENTATION_CONTEXT(2) 
PARAMETRIC_REPRESENTATION_CONTEXT() REPRESENTATION_CONTEXT('2D SPACE',''
  ) );
#13831 = ORIENTED_EDGE('',*,*,#13832,.T.);
#13832 = EDGE_CURVE('',#13810,#13810,#13833,.T.);
#13833 = SURFACE_CURVE('',#13834,(#13839,#13846),.PCURVE_S1.);
#13834 = CIRCLE('',#13835,2.2);
#13835 = AXIS2_PLACEMENT_3D('',#13836,#13837,#13838);
#13836 = CARTESIAN_POINT('',(7.8,4.503332099679,4.5));
#13837 = DIRECTION('',(-0.,1.224646799147E-16,1.));
#13838 = DIRECTION('',(1.,0.,0.));
#13839 = PCURVE('',#12469,#13840);
#13840 = DEFINITIONAL_REPRESENTATION('',(#13841),#13845);
#13841 = LINE('',#13842,#13843);
#13842 = CARTESIAN_POINT('',(-6.28318530718,-0.7));
#13843 = VECTOR('',#13844,1.);
#13844 = DIRECTION('',(1.,-0.));
#13845 = ( GEOMETRIC_REPRESENTATION_CONTEXT(2) 
PARAMETRIC_REPRESENTATION_CONTEXT() REPRESENTATION_CONTEXT('2D SPACE',''
  ) );
#13846 = PCURVE('',#13847,#13852);
#13847 = PLANE('',#13848);
#13848 = AXIS2_PLACEMENT_3D('',#13849,#13850,#13851);
#13849 = CARTESIAN_POINT('',(7.8,4.503332099679,4.5));
#13850 = DIRECTION('',(0.,-1.224646799147E-16,-1.));
#13851 = DIRECTION('',(1.,0.,0.));
#13852 = DEFINITIONAL_REPRESENTATION('',(#13853),#13861);
#13853 = ( BOUNDED_CURVE() B_SPLINE_CURVE(2,(#13854,#13855,#13856,#13857
    ,#13858,#13859,#13860),.UNSPECIFIED.,.T.,.F.) 
B_SPLINE_CURVE_WITH_KNOTS((1,2,2,2,2,1),(-2.094395102393,0.,
    2.094395102393,4.188790204786,6.28318530718,8.377580409573),
.UNSPECIFIED.) CURVE() GEOMETRIC_REPRESENTATION_ITEM() 
RATIONAL_B_SPLINE_CURVE((1.,0.5,1.,0.5,1.,0.5,1.)) REPRESENTATION_ITEM(
  '') );
#13854 = CARTESIAN_POINT('',(2.2,0.));
#13855 = CARTESIAN_POINT('',(2.2,-3.810511776652));
#13856 = CARTESIAN_POINT('',(-1.1,-1.905255888326));
#13857 = CARTESIAN_POINT('',(-4.4,-5.388445916248E-16));
#13858 = CARTESIAN_POINT('',(-1.1,1.905255888326));
#13859 = CARTESIAN_POINT('',(2.2,3.810511776652));
#13860 = CARTESIAN_POINT('',(2.2,0.));
#13861 = ( GEOMETRIC_REPRESENTATION_CONTEXT(2) 
PARAMETRIC_REPRESENTATION_CONTEXT() REPRESENTATION_CONTEXT('2D SPACE',''
  ) );
#13862 = ORIENTED_EDGE('',*,*,#13809,.T.);
#13863 = ORIENTED_EDGE('',*,*,#12448,.F.);
#13864 = ADVANCED_FACE('',(#13865),#12504,.T.);
#13865 = FACE_BOUND('',#13866,.F.);
#13866 = EDGE_LOOP('',(#13867,#13890,#13921,#13922));
#13867 = ORIENTED_EDGE('',*,*,#13868,.F.);
#13868 = EDGE_CURVE('',#13869,#12484,#13871,.T.);
#13869 = VERTEX_POINT('',#13870);
#13870 = CARTESIAN_POINT('',(-8.2,-3.184081677783E-16,4.5));
#13871 = SEAM_CURVE('',#13872,(#13876,#13883),.PCURVE_S1.);
#13872 = LINE('',#13873,#13874);
#13873 = CARTESIAN_POINT('',(-8.2,-2.32682891838E-16,5.2));
#13874 = VECTOR('',#13875,1.);
#13875 = DIRECTION('',(0.,-1.224646799147E-16,-1.));
#13876 = PCURVE('',#12504,#13877);
#13877 = DEFINITIONAL_REPRESENTATION('',(#13878),#13882);
#13878 = LINE('',#13879,#13880);
#13879 = CARTESIAN_POINT('',(-6.28318530718,0.));
#13880 = VECTOR('',#13881,1.);
#13881 = DIRECTION('',(-0.,-1.));
#13882 = ( GEOMETRIC_REPRESENTATION_CONTEXT(2) 
PARAMETRIC_REPRESENTATION_CONTEXT() REPRESENTATION_CONTEXT('2D SPACE',''
  ) );
#13883 = PCURVE('',#12504,#13884);
#13884 = DEFINITIONAL_REPRESENTATION('',(#13885),#13889);
#13885 = LINE('',#13886,#13887);
#13886 = CARTESIAN_POINT('',(-0.,0.));
#13887 = VECTOR('',#13888,1.);
#13888 = DIRECTION('',(-0.,-1.));
#13889 = ( GEOMETRIC_REPRESENTATION_CONTEXT(2) 
PARAMETRIC_REPRESENTATION_CONTEXT() REPRESENTATION_CONTEXT('2D SPACE',''
  ) );
#13890 = ORIENTED_EDGE('',*,*,#13891,.T.);
#13891 = EDGE_CURVE('',#13869,#13869,#13892,.T.);
#13892 = SURFACE_CURVE('',#13893,(#13898,#13905),.PCURVE_S1.);
#13893 = CIRCLE('',#13894,2.2);
#13894 = AXIS2_PLACEMENT_3D('',#13895,#13896,#13897);
#13895 = CARTESIAN_POINT('',(-10.4,-3.184081677783E-16,4.5));
#13896 = DIRECTION('',(-0.,1.224646799147E-16,1.));
#13897 = DIRECTION('',(1.,0.,0.));
#13898 = PCURVE('',#12504,#13899);
#13899 = DEFINITIONAL_REPRESENTATION('',(#13900),#13904);
#13900 = LINE('',#13901,#13902);
#13901 = CARTESIAN_POINT('',(-6.28318530718,-0.7));
#13902 = VECTOR('',#13903,1.);
#13903 = DIRECTION('',(1.,-0.));
#13904 = ( GEOMETRIC_REPRESENTATION_CONTEXT(2) 
PARAMETRIC_REPRESENTATION_CONTEXT() REPRESENTATION_CONTEXT('2D SPACE',''
  ) );
#13905 = PCURVE('',#13906,#13911);
#13906 = PLANE('',#13907);
#13907 = AXIS2_PLACEMENT_3D('',#13908,#13909,#13910);
#13908 = CARTESIAN_POINT('',(-10.4,-3.184081677783E-16,4.5));
#13909 = DIRECTION('',(0.,-1.224646799147E-16,-1.));
#13910 = DIRECTION('',(1.,0.,0.));
#13911 = DEFINITIONAL_REPRESENTATION('',(#13912),#13920);
#13912 = ( BOUNDED_CURVE() B_SPLINE_CURVE(2,(#13913,#13914,#13915,#13916
    ,#13917,#13918,#13919),.UNSPECIFIED.,.T.,.F.) 
B_SPLINE_CURVE_WITH_KNOTS((1,2,2,2,2,1),(-2.094395102393,0.,
    2.094395102393,4.188790204786,6.28318530718,8.377580409573),
.UNSPECIFIED.) CURVE() GEOMETRIC_REPRESENTATION_ITEM() 
RATIONAL_B_SPLINE_CURVE((1.,0.5,1.,0.5,1.,0.5,1.)) REPRESENTATION_ITEM(
  '') );
#13913 = CARTESIAN_POINT('',(2.2,0.));
#13914 = CARTESIAN_POINT('',(2.2,-3.810511776652));
#13915 = CARTESIAN_POINT('',(-1.1,-1.905255888326));
#13916 = CARTESIAN_POINT('',(-4.4,-5.388445916248E-16));
#13917 = CARTESIAN_POINT('',(-1.1,1.905255888326));
#13918 = CARTESIAN_POINT('',(2.2,3.810511776652));
#13919 = CARTESIAN_POINT('',(2.2,0.));
#13920 = ( GEOMETRIC_REPRESENTATION_CONTEXT(2) 
PARAMETRIC_REPRESENTATION_CONTEXT() REPRESENTATION_CONTEXT('2D SPACE',''
  ) );
#13921 = ORIENTED_EDGE('',*,*,#13868,.T.);
#13922 = ORIENTED_EDGE('',*,*,#12483,.F.);
#13923 = ADVANCED_FACE('',(#13924),#12539,.T.);
#13924 = FACE_BOUND('',#13925,.F.);
#13925 = EDGE_LOOP('',(#13926,#13949,#13980,#13981));
#13926 = ORIENTED_EDGE('',*,*,#13927,.F.);
#13927 = EDGE_CURVE('',#13928,#12519,#13930,.T.);
#13928 = VERTEX_POINT('',#13929);
#13929 = CARTESIAN_POINT('',(-5.6,-4.503332099679,4.5));
#13930 = SEAM_CURVE('',#13931,(#13935,#13942),.PCURVE_S1.);
#13931 = LINE('',#13932,#13933);
#13932 = CARTESIAN_POINT('',(-5.6,-4.503332099679,5.2));
#13933 = VECTOR('',#13934,1.);
#13934 = DIRECTION('',(0.,-1.224646799147E-16,-1.));
#13935 = PCURVE('',#12539,#13936);
#13936 = DEFINITIONAL_REPRESENTATION('',(#13937),#13941);
#13937 = LINE('',#13938,#13939);
#13938 = CARTESIAN_POINT('',(-6.28318530718,0.));
#13939 = VECTOR('',#13940,1.);
#13940 = DIRECTION('',(-0.,-1.));
#13941 = ( GEOMETRIC_REPRESENTATION_CONTEXT(2) 
PARAMETRIC_REPRESENTATION_CONTEXT() REPRESENTATION_CONTEXT('2D SPACE',''
  ) );
#13942 = PCURVE('',#12539,#13943);
#13943 = DEFINITIONAL_REPRESENTATION('',(#13944),#13948);
#13944 = LINE('',#13945,#13946);
#13945 = CARTESIAN_POINT('',(-0.,0.));
#13946 = VECTOR('',#13947,1.);
#13947 = DIRECTION('',(-0.,-1.));
#13948 = ( GEOMETRIC_REPRESENTATION_CONTEXT(2) 
PARAMETRIC_REPRESENTATION_CONTEXT() REPRESENTATION_CONTEXT('2D SPACE',''
  ) );
#13949 = ORIENTED_EDGE('',*,*,#13950,.T.);
#13950 = EDGE_CURVE('',#13928,#13928,#13951,.T.);
#13951 = SURFACE_CURVE('',#13952,(#13957,#13964),.PCURVE_S1.);
#13952 = CIRCLE('',#13953,2.2);
#13953 = AXIS2_PLACEMENT_3D('',#13954,#13955,#13956);
#13954 = CARTESIAN_POINT('',(-7.8,-4.503332099679,4.5));
#13955 = DIRECTION('',(-0.,1.224646799147E-16,1.));
#13956 = DIRECTION('',(1.,0.,0.));
#13957 = PCURVE('',#12539,#13958);
#13958 = DEFINITIONAL_REPRESENTATION('',(#13959),#13963);
#13959 = LINE('',#13960,#13961);
#13960 = CARTESIAN_POINT('',(-6.28318530718,-0.7));
#13961 = VECTOR('',#13962,1.);
#13962 = DIRECTION('',(1.,-0.));
#13963 = ( GEOMETRIC_REPRESENTATION_CONTEXT(2) 
PARAMETRIC_REPRESENTATION_CONTEXT() REPRESENTATION_CONTEXT('2D SPACE',''
  ) );
#13964 = PCURVE('',#13965,#13970);
#13965 = PLANE('',#13966);
#13966 = AXIS2_PLACEMENT_3D('',#13967,#13968,#13969);
#13967 = CARTESIAN_POINT('',(-7.8,-4.503332099679,4.5));
#13968 = DIRECTION('',(0.,-1.224646799147E-16,-1.));
#13969 = DIRECTION('',(1.,0.,0.));
#13970 = DEFINITIONAL_REPRESENTATION('',(#13971),#13979);
#13971 = ( BOUNDED_CURVE() B_SPLINE_CURVE(2,(#13972,#13973,#13974,#13975
    ,#13976,#13977,#13978),.UNSPECIFIED.,.T.,.F.) 
B_SPLINE_CURVE_WITH_KNOTS((1,2,2,2,2,1),(-2.094395102393,0.,
    2.094395102393,4.188790204786,6.28318530718,8.377580409573),
.UNSPECIFIED.) CURVE() GEOMETRIC_REPRESENTATION_ITEM() 
RATIONAL_B_SPLINE_CURVE((1.,0.5,1.,0.5,1.,0.5,1.)) REPRESENTATION_ITEM(
  '') );
#13972 = CARTESIAN_POINT('',(2.2,0.));
#13973 = CARTESIAN_POINT('',(2.2,-3.810511776652));
#13974 = CARTESIAN_POINT('',(-1.1,-1.905255888326));
#13975 = CARTESIAN_POINT('',(-4.4,-5.388445916248E-16));
#13976 = CARTESIAN_POINT('',(-1.1,1.905255888326));
#13977 = CARTESIAN_POINT('',(2.2,3.810511776652));
#13978 = CARTESIAN_POINT('',(2.2,0.));
#13979 = ( GEOMETRIC_REPRESENTATION_CONTEXT(2) 
PARAMETRIC_REPRESENTATION_CONTEXT() REPRESENTATION_CONTEXT('2D SPACE',''
  ) );
#13980 = ORIENTED_EDGE('',*,*,#13927,.T.);
#13981 = ORIENTED_EDGE('',*,*,#12518,.F.);
#13982 = ADVANCED_FACE('',(#13983),#12574,.T.);
#13983 = FACE_BOUND('',#13984,.F.);
#13984 = EDGE_LOOP('',(#13985,#14008,#14039,#14040));
#13985 = ORIENTED_EDGE('',*,*,#13986,.F.);
#13986 = EDGE_CURVE('',#13987,#12554,#13989,.T.);
#13987 = VERTEX_POINT('',#13988);
#13988 = CARTESIAN_POINT('',(-3.,-2.228857174448E-16,5.28));
#13989 = SEAM_CURVE('',#13990,(#13994,#14001),.PCURVE_S1.);
#13990 = LINE('',#13991,#13992);
#13991 = CARTESIAN_POINT('',(-3.,-1.371604415045E-16,5.98));
#13992 = VECTOR('',#13993,1.);
#13993 = DIRECTION('',(0.,-1.224646799147E-16,-1.));
#13994 = PCURVE('',#12574,#13995);
#13995 = DEFINITIONAL_REPRESENTATION('',(#13996),#14000);
#13996 = LINE('',#13997,#13998);
#13997 = CARTESIAN_POINT('',(-6.28318530718,0.));
#13998 = VECTOR('',#13999,1.);
#13999 = DIRECTION('',(-0.,-1.));
#14000 = ( GEOMETRIC_REPRESENTATION_CONTEXT(2) 
PARAMETRIC_REPRESENTATION_CONTEXT() REPRESENTATION_CONTEXT('2D SPACE',''
  ) );
#14001 = PCURVE('',#12574,#14002);
#14002 = DEFINITIONAL_REPRESENTATION('',(#14003),#14007);
#14003 = LINE('',#14004,#14005);
#14004 = CARTESIAN_POINT('',(-0.,0.));
#14005 = VECTOR('',#14006,1.);
#14006 = DIRECTION('',(-0.,-1.));
#14007 = ( GEOMETRIC_REPRESENTATION_CONTEXT(2) 
PARAMETRIC_REPRESENTATION_CONTEXT() REPRESENTATION_CONTEXT('2D SPACE',''
  ) );
#14008 = ORIENTED_EDGE('',*,*,#14009,.T.);
#14009 = EDGE_CURVE('',#13987,#13987,#14010,.T.);
#14010 = SURFACE_CURVE('',#14011,(#14016,#14023),.PCURVE_S1.);
#14011 = CIRCLE('',#14012,2.2);
#14012 = AXIS2_PLACEMENT_3D('',#14013,#14014,#14015);
#14013 = CARTESIAN_POINT('',(-5.2,-2.228857174448E-16,5.28));
#14014 = DIRECTION('',(-0.,1.224646799147E-16,1.));
#14015 = DIRECTION('',(1.,0.,0.));
#14016 = PCURVE('',#12574,#14017);
#14017 = DEFINITIONAL_REPRESENTATION('',(#14018),#14022);
#14018 = LINE('',#14019,#14020);
#14019 = CARTESIAN_POINT('',(-6.28318530718,-0.7));
#14020 = VECTOR('',#14021,1.);
#14021 = DIRECTION('',(1.,-0.));
#14022 = ( GEOMETRIC_REPRESENTATION_CONTEXT(2) 
PARAMETRIC_REPRESENTATION_CONTEXT() REPRESENTATION_CONTEXT('2D SPACE',''
  ) );
#14023 = PCURVE('',#14024,#14029);
#14024 = PLANE('',#14025);
#14025 = AXIS2_PLACEMENT_3D('',#14026,#14027,#14028);
#14026 = CARTESIAN_POINT('',(-5.2,-2.228857174448E-16,5.28));
#14027 = DIRECTION('',(0.,-1.224646799147E-16,-1.));
#14028 = DIRECTION('',(1.,0.,0.));
#14029 = DEFINITIONAL_REPRESENTATION('',(#14030),#14038);
#14030 = ( BOUNDED_CURVE() B_SPLINE_CURVE(2,(#14031,#14032,#14033,#14034
    ,#14035,#14036,#14037),.UNSPECIFIED.,.T.,.F.) 
B_SPLINE_CURVE_WITH_KNOTS((1,2,2,2,2,1),(-2.094395102393,0.,
    2.094395102393,4.188790204786,6.28318530718,8.377580409573),
.UNSPECIFIED.) CURVE() GEOMETRIC_REPRESENTATION_ITEM() 
RATIONAL_B_SPLINE_CURVE((1.,0.5,1.,0.5,1.,0.5,1.)) REPRESENTATION_ITEM(
  '') );
#14031 = CARTESIAN_POINT('',(2.2,0.));
#14032 = CARTESIAN_POINT('',(2.2,-3.810511776652));
#14033 = CARTESIAN_POINT('',(-1.1,-1.905255888326));
#14034 = CARTESIAN_POINT('',(-4.4,-5.388445916248E-16));
#14035 = CARTESIAN_POINT('',(-1.1,1.905255888326));
#14036 = CARTESIAN_POINT('',(2.2,3.810511776652));
#14037 = CARTESIAN_POINT('',(2.2,0.));
#14038 = ( GEOMETRIC_REPRESENTATION_CONTEXT(2) 
PARAMETRIC_REPRESENTATION_CONTEXT() REPRESENTATION_CONTEXT('2D SPACE',''
  ) );
#14039 = ORIENTED_EDGE('',*,*,#13986,.T.);
#14040 = ORIENTED_EDGE('',*,*,#12553,.F.);
#14041 = ADVANCED_FACE('',(#14042),#12609,.T.);
#14042 = FACE_BOUND('',#14043,.F.);
#14043 = EDGE_LOOP('',(#14044,#14067,#14098,#14099));
#14044 = ORIENTED_EDGE('',*,*,#14045,.F.);
#14045 = EDGE_CURVE('',#14046,#12589,#14048,.T.);
#14046 = VERTEX_POINT('',#14047);
#14047 = CARTESIAN_POINT('',(-0.4,-4.503332099679,5.28));
#14048 = SEAM_CURVE('',#14049,(#14053,#14060),.PCURVE_S1.);
#14049 = LINE('',#14050,#14051);
#14050 = CARTESIAN_POINT('',(-0.4,-4.503332099679,5.98));
#14051 = VECTOR('',#14052,1.);
#14052 = DIRECTION('',(0.,-1.224646799147E-16,-1.));
#14053 = PCURVE('',#12609,#14054);
#14054 = DEFINITIONAL_REPRESENTATION('',(#14055),#14059);
#14055 = LINE('',#14056,#14057);
#14056 = CARTESIAN_POINT('',(-6.28318530718,0.));
#14057 = VECTOR('',#14058,1.);
#14058 = DIRECTION('',(-0.,-1.));
#14059 = ( GEOMETRIC_REPRESENTATION_CONTEXT(2) 
PARAMETRIC_REPRESENTATION_CONTEXT() REPRESENTATION_CONTEXT('2D SPACE',''
  ) );
#14060 = PCURVE('',#12609,#14061);
#14061 = DEFINITIONAL_REPRESENTATION('',(#14062),#14066);
#14062 = LINE('',#14063,#14064);
#14063 = CARTESIAN_POINT('',(-0.,0.));
#14064 = VECTOR('',#14065,1.);
#14065 = DIRECTION('',(-0.,-1.));
#14066 = ( GEOMETRIC_REPRESENTATION_CONTEXT(2) 
PARAMETRIC_REPRESENTATION_CONTEXT() REPRESENTATION_CONTEXT('2D SPACE',''
  ) );
#14067 = ORIENTED_EDGE('',*,*,#14068,.T.);
#14068 = EDGE_CURVE('',#14046,#14046,#14069,.T.);
#14069 = SURFACE_CURVE('',#14070,(#14075,#14082),.PCURVE_S1.);
#14070 = CIRCLE('',#14071,2.2);
#14071 = AXIS2_PLACEMENT_3D('',#14072,#14073,#14074);
#14072 = CARTESIAN_POINT('',(-2.6,-4.503332099679,5.28));
#14073 = DIRECTION('',(-0.,1.224646799147E-16,1.));
#14074 = DIRECTION('',(1.,0.,0.));
#14075 = PCURVE('',#12609,#14076);
#14076 = DEFINITIONAL_REPRESENTATION('',(#14077),#14081);
#14077 = LINE('',#14078,#14079);
#14078 = CARTESIAN_POINT('',(-6.28318530718,-0.7));
#14079 = VECTOR('',#14080,1.);
#14080 = DIRECTION('',(1.,-0.));
#14081 = ( GEOMETRIC_REPRESENTATION_CONTEXT(2) 
PARAMETRIC_REPRESENTATION_CONTEXT() REPRESENTATION_CONTEXT('2D SPACE',''
  ) );
#14082 = PCURVE('',#14083,#14088);
#14083 = PLANE('',#14084);
#14084 = AXIS2_PLACEMENT_3D('',#14085,#14086,#14087);
#14085 = CARTESIAN_POINT('',(-2.6,-4.503332099679,5.28));
#14086 = DIRECTION('',(0.,-1.224646799147E-16,-1.));
#14087 = DIRECTION('',(1.,0.,0.));
#14088 = DEFINITIONAL_REPRESENTATION('',(#14089),#14097);
#14089 = ( BOUNDED_CURVE() B_SPLINE_CURVE(2,(#14090,#14091,#14092,#14093
    ,#14094,#14095,#14096),.UNSPECIFIED.,.T.,.F.) 
B_SPLINE_CURVE_WITH_KNOTS((1,2,2,2,2,1),(-2.094395102393,0.,
    2.094395102393,4.188790204786,6.28318530718,8.377580409573),
.UNSPECIFIED.) CURVE() GEOMETRIC_REPRESENTATION_ITEM() 
RATIONAL_B_SPLINE_CURVE((1.,0.5,1.,0.5,1.,0.5,1.)) REPRESENTATION_ITEM(
  '') );
#14090 = CARTESIAN_POINT('',(2.2,0.));
#14091 = CARTESIAN_POINT('',(2.2,-3.810511776652));
#14092 = CARTESIAN_POINT('',(-1.1,-1.905255888326));
#14093 = CARTESIAN_POINT('',(-4.4,-5.388445916248E-16));
#14094 = CARTESIAN_POINT('',(-1.1,1.905255888326));
#14095 = CARTESIAN_POINT('',(2.2,3.810511776652));
#14096 = CARTESIAN_POINT('',(2.2,0.));
#14097 = ( GEOMETRIC_REPRESENTATION_CONTEXT(2) 
PARAMETRIC_REPRESENTATION_CONTEXT() REPRESENTATION_CONTEXT('2D SPACE',''
  ) );
#14098 = ORIENTED_EDGE('',*,*,#14045,.T.);
#14099 = ORIENTED_EDGE('',*,*,#12588,.F.);
#14100 = ADVANCED_FACE('',(#14101),#12644,.T.);
#14101 = FACE_BOUND('',#14102,.F.);
#14102 = EDGE_LOOP('',(#14103,#14126,#14157,#14158));
#14103 = ORIENTED_EDGE('',*,*,#14104,.F.);
#14104 = EDGE_CURVE('',#14105,#12624,#14107,.T.);
#14105 = VERTEX_POINT('',#14106);
#14106 = CARTESIAN_POINT('',(-3.,-9.006664199358,4.5));
#14107 = SEAM_CURVE('',#14108,(#14112,#14119),.PCURVE_S1.);
#14108 = LINE('',#14109,#14110);
#14109 = CARTESIAN_POINT('',(-3.,-9.006664199358,5.2));
#14110 = VECTOR('',#14111,1.);
#14111 = DIRECTION('',(0.,-1.224646799147E-16,-1.));
#14112 = PCURVE('',#12644,#14113);
#14113 = DEFINITIONAL_REPRESENTATION('',(#14114),#14118);
#14114 = LINE('',#14115,#14116);
#14115 = CARTESIAN_POINT('',(-6.28318530718,0.));
#14116 = VECTOR('',#14117,1.);
#14117 = DIRECTION('',(-0.,-1.));
#14118 = ( GEOMETRIC_REPRESENTATION_CONTEXT(2) 
PARAMETRIC_REPRESENTATION_CONTEXT() REPRESENTATION_CONTEXT('2D SPACE',''
  ) );
#14119 = PCURVE('',#12644,#14120);
#14120 = DEFINITIONAL_REPRESENTATION('',(#14121),#14125);
#14121 = LINE('',#14122,#14123);
#14122 = CARTESIAN_POINT('',(-0.,0.));
#14123 = VECTOR('',#14124,1.);
#14124 = DIRECTION('',(-0.,-1.));
#14125 = ( GEOMETRIC_REPRESENTATION_CONTEXT(2) 
PARAMETRIC_REPRESENTATION_CONTEXT() REPRESENTATION_CONTEXT('2D SPACE',''
  ) );
#14126 = ORIENTED_EDGE('',*,*,#14127,.T.);
#14127 = EDGE_CURVE('',#14105,#14105,#14128,.T.);
#14128 = SURFACE_CURVE('',#14129,(#14134,#14141),.PCURVE_S1.);
#14129 = CIRCLE('',#14130,2.2);
#14130 = AXIS2_PLACEMENT_3D('',#14131,#14132,#14133);
#14131 = CARTESIAN_POINT('',(-5.2,-9.006664199358,4.5));
#14132 = DIRECTION('',(-0.,1.224646799147E-16,1.));
#14133 = DIRECTION('',(1.,0.,0.));
#14134 = PCURVE('',#12644,#14135);
#14135 = DEFINITIONAL_REPRESENTATION('',(#14136),#14140);
#14136 = LINE('',#14137,#14138);
#14137 = CARTESIAN_POINT('',(-6.28318530718,-0.7));
#14138 = VECTOR('',#14139,1.);
#14139 = DIRECTION('',(1.,-0.));
#14140 = ( GEOMETRIC_REPRESENTATION_CONTEXT(2) 
PARAMETRIC_REPRESENTATION_CONTEXT() REPRESENTATION_CONTEXT('2D SPACE',''
  ) );
#14141 = PCURVE('',#14142,#14147);
#14142 = PLANE('',#14143);
#14143 = AXIS2_PLACEMENT_3D('',#14144,#14145,#14146);
#14144 = CARTESIAN_POINT('',(-5.2,-9.006664199358,4.5));
#14145 = DIRECTION('',(0.,-1.224646799147E-16,-1.));
#14146 = DIRECTION('',(1.,0.,0.));
#14147 = DEFINITIONAL_REPRESENTATION('',(#14148),#14156);
#14148 = ( BOUNDED_CURVE() B_SPLINE_CURVE(2,(#14149,#14150,#14151,#14152
    ,#14153,#14154,#14155),.UNSPECIFIED.,.T.,.F.) 
B_SPLINE_CURVE_WITH_KNOTS((1,2,2,2,2,1),(-2.094395102393,0.,
    2.094395102393,4.188790204786,6.28318530718,8.377580409573),
.UNSPECIFIED.) CURVE() GEOMETRIC_REPRESENTATION_ITEM() 
RATIONAL_B_SPLINE_CURVE((1.,0.5,1.,0.5,1.,0.5,1.)) REPRESENTATION_ITEM(
  '') );
#14149 = CARTESIAN_POINT('',(2.2,0.));
#14150 = CARTESIAN_POINT('',(2.2,-3.810511776652));
#14151 = CARTESIAN_POINT('',(-1.1,-1.905255888326));
#14152 = CARTESIAN_POINT('',(-4.4,-5.388445916248E-16));
#14153 = CARTESIAN_POINT('',(-1.1,1.905255888326));
#14154 = CARTESIAN_POINT('',(2.2,3.810511776652));
#14155 = CARTESIAN_POINT('',(2.2,0.));
#14156 = ( GEOMETRIC_REPRESENTATION_CONTEXT(2) 
PARAMETRIC_REPRESENTATION_CONTEXT() REPRESENTATION_CONTEXT('2D SPACE',''
  ) );
#14157 = ORIENTED_EDGE('',*,*,#14104,.T.);
#14158 = ORIENTED_EDGE('',*,*,#12623,.F.);
#14159 = ADVANCED_FACE('',(#14160),#12679,.T.);
#14160 = FACE_BOUND('',#14161,.F.);
#14161 = EDGE_LOOP('',(#14162,#14185,#14216,#14217));
#14162 = ORIENTED_EDGE('',*,*,#14163,.F.);
#14163 = EDGE_CURVE('',#14164,#12659,#14166,.T.);
#14164 = VERTEX_POINT('',#14165);
#14165 = CARTESIAN_POINT('',(2.2,-1.738998454789E-16,5.68));
#14166 = SEAM_CURVE('',#14167,(#14171,#14178),.PCURVE_S1.);
#14167 = LINE('',#14168,#14169);
#14168 = CARTESIAN_POINT('',(2.2,-8.817456953861E-17,6.38));
#14169 = VECTOR('',#14170,1.);
#14170 = DIRECTION('',(0.,-1.224646799147E-16,-1.));
#14171 = PCURVE('',#12679,#14172);
#14172 = DEFINITIONAL_REPRESENTATION('',(#14173),#14177);
#14173 = LINE('',#14174,#14175);
#14174 = CARTESIAN_POINT('',(-6.28318530718,0.));
#14175 = VECTOR('',#14176,1.);
#14176 = DIRECTION('',(-0.,-1.));
#14177 = ( GEOMETRIC_REPRESENTATION_CONTEXT(2) 
PARAMETRIC_REPRESENTATION_CONTEXT() REPRESENTATION_CONTEXT('2D SPACE',''
  ) );
#14178 = PCURVE('',#12679,#14179);
#14179 = DEFINITIONAL_REPRESENTATION('',(#14180),#14184);
#14180 = LINE('',#14181,#14182);
#14181 = CARTESIAN_POINT('',(-0.,0.));
#14182 = VECTOR('',#14183,1.);
#14183 = DIRECTION('',(-0.,-1.));
#14184 = ( GEOMETRIC_REPRESENTATION_CONTEXT(2) 
PARAMETRIC_REPRESENTATION_CONTEXT() REPRESENTATION_CONTEXT('2D SPACE',''
  ) );
#14185 = ORIENTED_EDGE('',*,*,#14186,.T.);
#14186 = EDGE_CURVE('',#14164,#14164,#14187,.T.);
#14187 = SURFACE_CURVE('',#14188,(#14193,#14200),.PCURVE_S1.);
#14188 = CIRCLE('',#14189,2.2);
#14189 = AXIS2_PLACEMENT_3D('',#14190,#14191,#14192);
#14190 = CARTESIAN_POINT('',(0.,-1.738998454789E-16,5.68));
#14191 = DIRECTION('',(-0.,1.224646799147E-16,1.));
#14192 = DIRECTION('',(1.,0.,0.));
#14193 = PCURVE('',#12679,#14194);
#14194 = DEFINITIONAL_REPRESENTATION('',(#14195),#14199);
#14195 = LINE('',#14196,#14197);
#14196 = CARTESIAN_POINT('',(-6.28318530718,-0.7));
#14197 = VECTOR('',#14198,1.);
#14198 = DIRECTION('',(1.,-0.));
#14199 = ( GEOMETRIC_REPRESENTATION_CONTEXT(2) 
PARAMETRIC_REPRESENTATION_CONTEXT() REPRESENTATION_CONTEXT('2D SPACE',''
  ) );
#14200 = PCURVE('',#14201,#14206);
#14201 = PLANE('',#14202);
#14202 = AXIS2_PLACEMENT_3D('',#14203,#14204,#14205);
#14203 = CARTESIAN_POINT('',(0.,-1.738998454789E-16,5.68));
#14204 = DIRECTION('',(0.,-1.224646799147E-16,-1.));
#14205 = DIRECTION('',(1.,0.,0.));
#14206 = DEFINITIONAL_REPRESENTATION('',(#14207),#14215);
#14207 = ( BOUNDED_CURVE() B_SPLINE_CURVE(2,(#14208,#14209,#14210,#14211
    ,#14212,#14213,#14214),.UNSPECIFIED.,.T.,.F.) 
B_SPLINE_CURVE_WITH_KNOTS((1,2,2,2,2,1),(-2.094395102393,0.,
    2.094395102393,4.188790204786,6.28318530718,8.377580409573),
.UNSPECIFIED.) CURVE() GEOMETRIC_REPRESENTATION_ITEM() 
RATIONAL_B_SPLINE_CURVE((1.,0.5,1.,0.5,1.,0.5,1.)) REPRESENTATION_ITEM(
  '') );
#14208 = CARTESIAN_POINT('',(2.2,0.));
#14209 = CARTESIAN_POINT('',(2.2,-3.810511776652));
#14210 = CARTESIAN_POINT('',(-1.1,-1.905255888326));
#14211 = CARTESIAN_POINT('',(-4.4,-5.388445916248E-16));
#14212 = CARTESIAN_POINT('',(-1.1,1.905255888326));
#14213 = CARTESIAN_POINT('',(2.2,3.810511776652));
#14214 = CARTESIAN_POINT('',(2.2,0.));
#14215 = ( GEOMETRIC_REPRESENTATION_CONTEXT(2) 
PARAMETRIC_REPRESENTATION_CONTEXT() REPRESENTATION_CONTEXT('2D SPACE',''
  ) );
#14216 = ORIENTED_EDGE('',*,*,#14163,.T.);
#14217 = ORIENTED_EDGE('',*,*,#12658,.F.);
#14218 = ADVANCED_FACE('',(#14219),#12714,.T.);
#14219 = FACE_BOUND('',#14220,.F.);
#14220 = EDGE_LOOP('',(#14221,#14244,#14275,#14276));
#14221 = ORIENTED_EDGE('',*,*,#14222,.F.);
#14222 = EDGE_CURVE('',#14223,#12694,#14225,.T.);
#14223 = VERTEX_POINT('',#14224);
#14224 = CARTESIAN_POINT('',(7.4,-2.228857174448E-16,5.28));
#14225 = SEAM_CURVE('',#14226,(#14230,#14237),.PCURVE_S1.);
#14226 = LINE('',#14227,#14228);
#14227 = CARTESIAN_POINT('',(7.4,-1.371604415045E-16,5.98));
#14228 = VECTOR('',#14229,1.);
#14229 = DIRECTION('',(0.,-1.224646799147E-16,-1.));
#14230 = PCURVE('',#12714,#14231);
#14231 = DEFINITIONAL_REPRESENTATION('',(#14232),#14236);
#14232 = LINE('',#14233,#14234);
#14233 = CARTESIAN_POINT('',(-6.28318530718,0.));
#14234 = VECTOR('',#14235,1.);
#14235 = DIRECTION('',(-0.,-1.));
#14236 = ( GEOMETRIC_REPRESENTATION_CONTEXT(2) 
PARAMETRIC_REPRESENTATION_CONTEXT() REPRESENTATION_CONTEXT('2D SPACE',''
  ) );
#14237 = PCURVE('',#12714,#14238);
#14238 = DEFINITIONAL_REPRESENTATION('',(#14239),#14243);
#14239 = LINE('',#14240,#14241);
#14240 = CARTESIAN_POINT('',(-0.,0.));
#14241 = VECTOR('',#14242,1.);
#14242 = DIRECTION('',(-0.,-1.));
#14243 = ( GEOMETRIC_REPRESENTATION_CONTEXT(2) 
PARAMETRIC_REPRESENTATION_CONTEXT() REPRESENTATION_CONTEXT('2D SPACE',''
  ) );
#14244 = ORIENTED_EDGE('',*,*,#14245,.T.);
#14245 = EDGE_CURVE('',#14223,#14223,#14246,.T.);
#14246 = SURFACE_CURVE('',#14247,(#14252,#14259),.PCURVE_S1.);
#14247 = CIRCLE('',#14248,2.2);
#14248 = AXIS2_PLACEMENT_3D('',#14249,#14250,#14251);
#14249 = CARTESIAN_POINT('',(5.2,-2.228857174448E-16,5.28));
#14250 = DIRECTION('',(-0.,1.224646799147E-16,1.));
#14251 = DIRECTION('',(1.,0.,0.));
#14252 = PCURVE('',#12714,#14253);
#14253 = DEFINITIONAL_REPRESENTATION('',(#14254),#14258);
#14254 = LINE('',#14255,#14256);
#14255 = CARTESIAN_POINT('',(-6.28318530718,-0.7));
#14256 = VECTOR('',#14257,1.);
#14257 = DIRECTION('',(1.,-0.));
#14258 = ( GEOMETRIC_REPRESENTATION_CONTEXT(2) 
PARAMETRIC_REPRESENTATION_CONTEXT() REPRESENTATION_CONTEXT('2D SPACE',''
  ) );
#14259 = PCURVE('',#14260,#14265);
#14260 = PLANE('',#14261);
#14261 = AXIS2_PLACEMENT_3D('',#14262,#14263,#14264);
#14262 = CARTESIAN_POINT('',(5.2,-2.228857174448E-16,5.28));
#14263 = DIRECTION('',(0.,-1.224646799147E-16,-1.));
#14264 = DIRECTION('',(1.,0.,0.));
#14265 = DEFINITIONAL_REPRESENTATION('',(#14266),#14274);
#14266 = ( BOUNDED_CURVE() B_SPLINE_CURVE(2,(#14267,#14268,#14269,#14270
    ,#14271,#14272,#14273),.UNSPECIFIED.,.T.,.F.) 
B_SPLINE_CURVE_WITH_KNOTS((1,2,2,2,2,1),(-2.094395102393,0.,
    2.094395102393,4.188790204786,6.28318530718,8.377580409573),
.UNSPECIFIED.) CURVE() GEOMETRIC_REPRESENTATION_ITEM() 
RATIONAL_B_SPLINE_CURVE((1.,0.5,1.,0.5,1.,0.5,1.)) REPRESENTATION_ITEM(
  '') );
#14267 = CARTESIAN_POINT('',(2.2,0.));
#14268 = CARTESIAN_POINT('',(2.2,-3.810511776652));
#14269 = CARTESIAN_POINT('',(-1.1,-1.905255888326));
#14270 = CARTESIAN_POINT('',(-4.4,-5.388445916248E-16));
#14271 = CARTESIAN_POINT('',(-1.1,1.905255888326));
#14272 = CARTESIAN_POINT('',(2.2,3.810511776652));
#14273 = CARTESIAN_POINT('',(2.2,0.));
#14274 = ( GEOMETRIC_REPRESENTATION_CONTEXT(2) 
PARAMETRIC_REPRESENTATION_CONTEXT() REPRESENTATION_CONTEXT('2D SPACE',''
  ) );
#14275 = ORIENTED_EDGE('',*,*,#14222,.T.);
#14276 = ORIENTED_EDGE('',*,*,#12693,.F.);
#14277 = ADVANCED_FACE('',(#14278),#12749,.T.);
#14278 = FACE_BOUND('',#14279,.F.);
#14279 = EDGE_LOOP('',(#14280,#14303,#14334,#14335));
#14280 = ORIENTED_EDGE('',*,*,#14281,.F.);
#14281 = EDGE_CURVE('',#14282,#12729,#14284,.T.);
#14282 = VERTEX_POINT('',#14283);
#14283 = CARTESIAN_POINT('',(4.8,-4.503332099679,5.28));
#14284 = SEAM_CURVE('',#14285,(#14289,#14296),.PCURVE_S1.);
#14285 = LINE('',#14286,#14287);
#14286 = CARTESIAN_POINT('',(4.8,-4.503332099679,5.98));
#14287 = VECTOR('',#14288,1.);
#14288 = DIRECTION('',(0.,-1.224646799147E-16,-1.));
#14289 = PCURVE('',#12749,#14290);
#14290 = DEFINITIONAL_REPRESENTATION('',(#14291),#14295);
#14291 = LINE('',#14292,#14293);
#14292 = CARTESIAN_POINT('',(-6.28318530718,0.));
#14293 = VECTOR('',#14294,1.);
#14294 = DIRECTION('',(-0.,-1.));
#14295 = ( GEOMETRIC_REPRESENTATION_CONTEXT(2) 
PARAMETRIC_REPRESENTATION_CONTEXT() REPRESENTATION_CONTEXT('2D SPACE',''
  ) );
#14296 = PCURVE('',#12749,#14297);
#14297 = DEFINITIONAL_REPRESENTATION('',(#14298),#14302);
#14298 = LINE('',#14299,#14300);
#14299 = CARTESIAN_POINT('',(-0.,0.));
#14300 = VECTOR('',#14301,1.);
#14301 = DIRECTION('',(-0.,-1.));
#14302 = ( GEOMETRIC_REPRESENTATION_CONTEXT(2) 
PARAMETRIC_REPRESENTATION_CONTEXT() REPRESENTATION_CONTEXT('2D SPACE',''
  ) );
#14303 = ORIENTED_EDGE('',*,*,#14304,.T.);
#14304 = EDGE_CURVE('',#14282,#14282,#14305,.T.);
#14305 = SURFACE_CURVE('',#14306,(#14311,#14318),.PCURVE_S1.);
#14306 = CIRCLE('',#14307,2.2);
#14307 = AXIS2_PLACEMENT_3D('',#14308,#14309,#14310);
#14308 = CARTESIAN_POINT('',(2.6,-4.503332099679,5.28));
#14309 = DIRECTION('',(-0.,1.224646799147E-16,1.));
#14310 = DIRECTION('',(1.,0.,0.));
#14311 = PCURVE('',#12749,#14312);
#14312 = DEFINITIONAL_REPRESENTATION('',(#14313),#14317);
#14313 = LINE('',#14314,#14315);
#14314 = CARTESIAN_POINT('',(-6.28318530718,-0.7));
#14315 = VECTOR('',#14316,1.);
#14316 = DIRECTION('',(1.,-0.));
#14317 = ( GEOMETRIC_REPRESENTATION_CONTEXT(2) 
PARAMETRIC_REPRESENTATION_CONTEXT() REPRESENTATION_CONTEXT('2D SPACE',''
  ) );
#14318 = PCURVE('',#14319,#14324);
#14319 = PLANE('',#14320);
#14320 = AXIS2_PLACEMENT_3D('',#14321,#14322,#14323);
#14321 = CARTESIAN_POINT('',(2.6,-4.503332099679,5.28));
#14322 = DIRECTION('',(0.,-1.224646799147E-16,-1.));
#14323 = DIRECTION('',(1.,0.,0.));
#14324 = DEFINITIONAL_REPRESENTATION('',(#14325),#14333);
#14325 = ( BOUNDED_CURVE() B_SPLINE_CURVE(2,(#14326,#14327,#14328,#14329
    ,#14330,#14331,#14332),.UNSPECIFIED.,.T.,.F.) 
B_SPLINE_CURVE_WITH_KNOTS((1,2,2,2,2,1),(-2.094395102393,0.,
    2.094395102393,4.188790204786,6.28318530718,8.377580409573),
.UNSPECIFIED.) CURVE() GEOMETRIC_REPRESENTATION_ITEM() 
RATIONAL_B_SPLINE_CURVE((1.,0.5,1.,0.5,1.,0.5,1.)) REPRESENTATION_ITEM(
  '') );
#14326 = CARTESIAN_POINT('',(2.2,0.));
#14327 = CARTESIAN_POINT('',(2.2,-3.810511776652));
#14328 = CARTESIAN_POINT('',(-1.1,-1.905255888326));
#14329 = CARTESIAN_POINT('',(-4.4,-5.388445916248E-16));
#14330 = CARTESIAN_POINT('',(-1.1,1.905255888326));
#14331 = CARTESIAN_POINT('',(2.2,3.810511776652));
#14332 = CARTESIAN_POINT('',(2.2,0.));
#14333 = ( GEOMETRIC_REPRESENTATION_CONTEXT(2) 
PARAMETRIC_REPRESENTATION_CONTEXT() REPRESENTATION_CONTEXT('2D SPACE',''
  ) );
#14334 = ORIENTED_EDGE('',*,*,#14281,.T.);
#14335 = ORIENTED_EDGE('',*,*,#12728,.F.);
#14336 = ADVANCED_FACE('',(#14337),#12784,.T.);
#14337 = FACE_BOUND('',#14338,.F.);
#14338 = EDGE_LOOP('',(#14339,#14362,#14393,#14394));
#14339 = ORIENTED_EDGE('',*,*,#14340,.F.);
#14340 = EDGE_CURVE('',#14341,#12764,#14343,.T.);
#14341 = VERTEX_POINT('',#14342);
#14342 = CARTESIAN_POINT('',(12.6,-3.184081677783E-16,4.5));
#14343 = SEAM_CURVE('',#14344,(#14348,#14355),.PCURVE_S1.);
#14344 = LINE('',#14345,#14346);
#14345 = CARTESIAN_POINT('',(12.6,-2.32682891838E-16,5.2));
#14346 = VECTOR('',#14347,1.);
#14347 = DIRECTION('',(0.,-1.224646799147E-16,-1.));
#14348 = PCURVE('',#12784,#14349);
#14349 = DEFINITIONAL_REPRESENTATION('',(#14350),#14354);
#14350 = LINE('',#14351,#14352);
#14351 = CARTESIAN_POINT('',(-6.28318530718,0.));
#14352 = VECTOR('',#14353,1.);
#14353 = DIRECTION('',(-0.,-1.));
#14354 = ( GEOMETRIC_REPRESENTATION_CONTEXT(2) 
PARAMETRIC_REPRESENTATION_CONTEXT() REPRESENTATION_CONTEXT('2D SPACE',''
  ) );
#14355 = PCURVE('',#12784,#14356);
#14356 = DEFINITIONAL_REPRESENTATION('',(#14357),#14361);
#14357 = LINE('',#14358,#14359);
#14358 = CARTESIAN_POINT('',(-0.,0.));
#14359 = VECTOR('',#14360,1.);
#14360 = DIRECTION('',(-0.,-1.));
#14361 = ( GEOMETRIC_REPRESENTATION_CONTEXT(2) 
PARAMETRIC_REPRESENTATION_CONTEXT() REPRESENTATION_CONTEXT('2D SPACE',''
  ) );
#14362 = ORIENTED_EDGE('',*,*,#14363,.T.);
#14363 = EDGE_CURVE('',#14341,#14341,#14364,.T.);
#14364 = SURFACE_CURVE('',#14365,(#14370,#14377),.PCURVE_S1.);
#14365 = CIRCLE('',#14366,2.2);
#14366 = AXIS2_PLACEMENT_3D('',#14367,#14368,#14369);
#14367 = CARTESIAN_POINT('',(10.4,-3.184081677783E-16,4.5));
#14368 = DIRECTION('',(-0.,1.224646799147E-16,1.));
#14369 = DIRECTION('',(1.,0.,0.));
#14370 = PCURVE('',#12784,#14371);
#14371 = DEFINITIONAL_REPRESENTATION('',(#14372),#14376);
#14372 = LINE('',#14373,#14374);
#14373 = CARTESIAN_POINT('',(-6.28318530718,-0.7));
#14374 = VECTOR('',#14375,1.);
#14375 = DIRECTION('',(1.,-0.));
#14376 = ( GEOMETRIC_REPRESENTATION_CONTEXT(2) 
PARAMETRIC_REPRESENTATION_CONTEXT() REPRESENTATION_CONTEXT('2D SPACE',''
  ) );
#14377 = PCURVE('',#14378,#14383);
#14378 = PLANE('',#14379);
#14379 = AXIS2_PLACEMENT_3D('',#14380,#14381,#14382);
#14380 = CARTESIAN_POINT('',(10.4,-3.184081677783E-16,4.5));
#14381 = DIRECTION('',(0.,-1.224646799147E-16,-1.));
#14382 = DIRECTION('',(1.,0.,0.));
#14383 = DEFINITIONAL_REPRESENTATION('',(#14384),#14392);
#14384 = ( BOUNDED_CURVE() B_SPLINE_CURVE(2,(#14385,#14386,#14387,#14388
    ,#14389,#14390,#14391),.UNSPECIFIED.,.T.,.F.) 
B_SPLINE_CURVE_WITH_KNOTS((1,2,2,2,2,1),(-2.094395102393,0.,
    2.094395102393,4.188790204786,6.28318530718,8.377580409573),
.UNSPECIFIED.) CURVE() GEOMETRIC_REPRESENTATION_ITEM() 
RATIONAL_B_SPLINE_CURVE((1.,0.5,1.,0.5,1.,0.5,1.)) REPRESENTATION_ITEM(
  '') );
#14385 = CARTESIAN_POINT('',(2.2,0.));
#14386 = CARTESIAN_POINT('',(2.2,-3.810511776652));
#14387 = CARTESIAN_POINT('',(-1.1,-1.905255888326));
#14388 = CARTESIAN_POINT('',(-4.4,-5.388445916248E-16));
#14389 = CARTESIAN_POINT('',(-1.1,1.905255888326));
#14390 = CARTESIAN_POINT('',(2.2,3.810511776652));
#14391 = CARTESIAN_POINT('',(2.2,0.));
#14392 = ( GEOMETRIC_REPRESENTATION_CONTEXT(2) 
PARAMETRIC_REPRESENTATION_CONTEXT() REPRESENTATION_CONTEXT('2D SPACE',''
  ) );
#14393 = ORIENTED_EDGE('',*,*,#14340,.T.);
#14394 = ORIENTED_EDGE('',*,*,#12763,.F.);
#14395 = ADVANCED_FACE('',(#14396),#12819,.T.);
#14396 = FACE_BOUND('',#14397,.F.);
#14397 = EDGE_LOOP('',(#14398,#14421,#14452,#14453));
#14398 = ORIENTED_EDGE('',*,*,#14399,.F.);
#14399 = EDGE_CURVE('',#14400,#12799,#14402,.T.);
#14400 = VERTEX_POINT('',#14401);
#14401 = CARTESIAN_POINT('',(10.,-4.503332099679,4.5));
#14402 = SEAM_CURVE('',#14403,(#14407,#14414),.PCURVE_S1.);
#14403 = LINE('',#14404,#14405);
#14404 = CARTESIAN_POINT('',(10.,-4.503332099679,5.2));
#14405 = VECTOR('',#14406,1.);
#14406 = DIRECTION('',(0.,-1.224646799147E-16,-1.));
#14407 = PCURVE('',#12819,#14408);
#14408 = DEFINITIONAL_REPRESENTATION('',(#14409),#14413);
#14409 = LINE('',#14410,#14411);
#14410 = CARTESIAN_POINT('',(-6.28318530718,0.));
#14411 = VECTOR('',#14412,1.);
#14412 = DIRECTION('',(-0.,-1.));
#14413 = ( GEOMETRIC_REPRESENTATION_CONTEXT(2) 
PARAMETRIC_REPRESENTATION_CONTEXT() REPRESENTATION_CONTEXT('2D SPACE',''
  ) );
#14414 = PCURVE('',#12819,#14415);
#14415 = DEFINITIONAL_REPRESENTATION('',(#14416),#14420);
#14416 = LINE('',#14417,#14418);
#14417 = CARTESIAN_POINT('',(-0.,0.));
#14418 = VECTOR('',#14419,1.);
#14419 = DIRECTION('',(-0.,-1.));
#14420 = ( GEOMETRIC_REPRESENTATION_CONTEXT(2) 
PARAMETRIC_REPRESENTATION_CONTEXT() REPRESENTATION_CONTEXT('2D SPACE',''
  ) );
#14421 = ORIENTED_EDGE('',*,*,#14422,.T.);
#14422 = EDGE_CURVE('',#14400,#14400,#14423,.T.);
#14423 = SURFACE_CURVE('',#14424,(#14429,#14436),.PCURVE_S1.);
#14424 = CIRCLE('',#14425,2.2);
#14425 = AXIS2_PLACEMENT_3D('',#14426,#14427,#14428);
#14426 = CARTESIAN_POINT('',(7.8,-4.503332099679,4.5));
#14427 = DIRECTION('',(-0.,1.224646799147E-16,1.));
#14428 = DIRECTION('',(1.,0.,0.));
#14429 = PCURVE('',#12819,#14430);
#14430 = DEFINITIONAL_REPRESENTATION('',(#14431),#14435);
#14431 = LINE('',#14432,#14433);
#14432 = CARTESIAN_POINT('',(-6.28318530718,-0.7));
#14433 = VECTOR('',#14434,1.);
#14434 = DIRECTION('',(1.,-0.));
#14435 = ( GEOMETRIC_REPRESENTATION_CONTEXT(2) 
PARAMETRIC_REPRESENTATION_CONTEXT() REPRESENTATION_CONTEXT('2D SPACE',''
  ) );
#14436 = PCURVE('',#14437,#14442);
#14437 = PLANE('',#14438);
#14438 = AXIS2_PLACEMENT_3D('',#14439,#14440,#14441);
#14439 = CARTESIAN_POINT('',(7.8,-4.503332099679,4.5));
#14440 = DIRECTION('',(0.,-1.224646799147E-16,-1.));
#14441 = DIRECTION('',(1.,0.,0.));
#14442 = DEFINITIONAL_REPRESENTATION('',(#14443),#14451);
#14443 = ( BOUNDED_CURVE() B_SPLINE_CURVE(2,(#14444,#14445,#14446,#14447
    ,#14448,#14449,#14450),.UNSPECIFIED.,.T.,.F.) 
B_SPLINE_CURVE_WITH_KNOTS((1,2,2,2,2,1),(-2.094395102393,0.,
    2.094395102393,4.188790204786,6.28318530718,8.377580409573),
.UNSPECIFIED.) CURVE() GEOMETRIC_REPRESENTATION_ITEM() 
RATIONAL_B_SPLINE_CURVE((1.,0.5,1.,0.5,1.,0.5,1.)) REPRESENTATION_ITEM(
  '') );
#14444 = CARTESIAN_POINT('',(2.2,0.));
#14445 = CARTESIAN_POINT('',(2.2,-3.810511776652));
#14446 = CARTESIAN_POINT('',(-1.1,-1.905255888326));
#14447 = CARTESIAN_POINT('',(-4.4,-5.388445916248E-16));
#14448 = CARTESIAN_POINT('',(-1.1,1.905255888326));
#14449 = CARTESIAN_POINT('',(2.2,3.810511776652));
#14450 = CARTESIAN_POINT('',(2.2,0.));
#14451 = ( GEOMETRIC_REPRESENTATION_CONTEXT(2) 
PARAMETRIC_REPRESENTATION_CONTEXT() REPRESENTATION_CONTEXT('2D SPACE',''
  ) );
#14452 = ORIENTED_EDGE('',*,*,#14399,.T.);
#14453 = ORIENTED_EDGE('',*,*,#12798,.F.);
#14454 = ADVANCED_FACE('',(#14455),#12854,.T.);
#14455 = FACE_BOUND('',#14456,.F.);
#14456 = EDGE_LOOP('',(#14457,#14480,#14511,#14512));
#14457 = ORIENTED_EDGE('',*,*,#14458,.F.);
#14458 = EDGE_CURVE('',#14459,#12834,#14461,.T.);
#14459 = VERTEX_POINT('',#14460);
#14460 = CARTESIAN_POINT('',(2.2,-9.006664199358,4.5));
#14461 = SEAM_CURVE('',#14462,(#14466,#14473),.PCURVE_S1.);
#14462 = LINE('',#14463,#14464);
#14463 = CARTESIAN_POINT('',(2.2,-9.006664199358,5.2));
#14464 = VECTOR('',#14465,1.);
#14465 = DIRECTION('',(0.,-1.224646799147E-16,-1.));
#14466 = PCURVE('',#12854,#14467);
#14467 = DEFINITIONAL_REPRESENTATION('',(#14468),#14472);
#14468 = LINE('',#14469,#14470);
#14469 = CARTESIAN_POINT('',(-6.28318530718,0.));
#14470 = VECTOR('',#14471,1.);
#14471 = DIRECTION('',(-0.,-1.));
#14472 = ( GEOMETRIC_REPRESENTATION_CONTEXT(2) 
PARAMETRIC_REPRESENTATION_CONTEXT() REPRESENTATION_CONTEXT('2D SPACE',''
  ) );
#14473 = PCURVE('',#12854,#14474);
#14474 = DEFINITIONAL_REPRESENTATION('',(#14475),#14479);
#14475 = LINE('',#14476,#14477);
#14476 = CARTESIAN_POINT('',(-0.,0.));
#14477 = VECTOR('',#14478,1.);
#14478 = DIRECTION('',(-0.,-1.));
#14479 = ( GEOMETRIC_REPRESENTATION_CONTEXT(2) 
PARAMETRIC_REPRESENTATION_CONTEXT() REPRESENTATION_CONTEXT('2D SPACE',''
  ) );
#14480 = ORIENTED_EDGE('',*,*,#14481,.T.);
#14481 = EDGE_CURVE('',#14459,#14459,#14482,.T.);
#14482 = SURFACE_CURVE('',#14483,(#14488,#14495),.PCURVE_S1.);
#14483 = CIRCLE('',#14484,2.2);
#14484 = AXIS2_PLACEMENT_3D('',#14485,#14486,#14487);
#14485 = CARTESIAN_POINT('',(0.,-9.006664199358,4.5));
#14486 = DIRECTION('',(-0.,1.224646799147E-16,1.));
#14487 = DIRECTION('',(1.,0.,0.));
#14488 = PCURVE('',#12854,#14489);
#14489 = DEFINITIONAL_REPRESENTATION('',(#14490),#14494);
#14490 = LINE('',#14491,#14492);
#14491 = CARTESIAN_POINT('',(-6.28318530718,-0.7));
#14492 = VECTOR('',#14493,1.);
#14493 = DIRECTION('',(1.,-0.));
#14494 = ( GEOMETRIC_REPRESENTATION_CONTEXT(2) 
PARAMETRIC_REPRESENTATION_CONTEXT() REPRESENTATION_CONTEXT('2D SPACE',''
  ) );
#14495 = PCURVE('',#14496,#14501);
#14496 = PLANE('',#14497);
#14497 = AXIS2_PLACEMENT_3D('',#14498,#14499,#14500);
#14498 = CARTESIAN_POINT('',(0.,-9.006664199358,4.5));
#14499 = DIRECTION('',(0.,-1.224646799147E-16,-1.));
#14500 = DIRECTION('',(1.,0.,0.));
#14501 = DEFINITIONAL_REPRESENTATION('',(#14502),#14510);
#14502 = ( BOUNDED_CURVE() B_SPLINE_CURVE(2,(#14503,#14504,#14505,#14506
    ,#14507,#14508,#14509),.UNSPECIFIED.,.T.,.F.) 
B_SPLINE_CURVE_WITH_KNOTS((1,2,2,2,2,1),(-2.094395102393,0.,
    2.094395102393,4.188790204786,6.28318530718,8.377580409573),
.UNSPECIFIED.) CURVE() GEOMETRIC_REPRESENTATION_ITEM() 
RATIONAL_B_SPLINE_CURVE((1.,0.5,1.,0.5,1.,0.5,1.)) REPRESENTATION_ITEM(
  '') );
#14503 = CARTESIAN_POINT('',(2.2,0.));
#14504 = CARTESIAN_POINT('',(2.2,-3.810511776652));
#14505 = CARTESIAN_POINT('',(-1.1,-1.905255888326));
#14506 = CARTESIAN_POINT('',(-4.4,-5.388445916248E-16));
#14507 = CARTESIAN_POINT('',(-1.1,1.905255888326));
#14508 = CARTESIAN_POINT('',(2.2,3.810511776652));
#14509 = CARTESIAN_POINT('',(2.2,0.));
#14510 = ( GEOMETRIC_REPRESENTATION_CONTEXT(2) 
PARAMETRIC_REPRESENTATION_CONTEXT() REPRESENTATION_CONTEXT('2D SPACE',''
  ) );
#14511 = ORIENTED_EDGE('',*,*,#14458,.T.);
#14512 = ORIENTED_EDGE('',*,*,#12833,.F.);
#14513 = ADVANCED_FACE('',(#14514),#12889,.T.);
#14514 = FACE_BOUND('',#14515,.F.);
#14515 = EDGE_LOOP('',(#14516,#14539,#14570,#14571));
#14516 = ORIENTED_EDGE('',*,*,#14517,.F.);
#14517 = EDGE_CURVE('',#14518,#12869,#14520,.T.);
#14518 = VERTEX_POINT('',#14519);
#14519 = CARTESIAN_POINT('',(7.4,-9.006664199358,4.5));
#14520 = SEAM_CURVE('',#14521,(#14525,#14532),.PCURVE_S1.);
#14521 = LINE('',#14522,#14523);
#14522 = CARTESIAN_POINT('',(7.4,-9.006664199358,5.2));
#14523 = VECTOR('',#14524,1.);
#14524 = DIRECTION('',(0.,-1.224646799147E-16,-1.));
#14525 = PCURVE('',#12889,#14526);
#14526 = DEFINITIONAL_REPRESENTATION('',(#14527),#14531);
#14527 = LINE('',#14528,#14529);
#14528 = CARTESIAN_POINT('',(-6.28318530718,0.));
#14529 = VECTOR('',#14530,1.);
#14530 = DIRECTION('',(-0.,-1.));
#14531 = ( GEOMETRIC_REPRESENTATION_CONTEXT(2) 
PARAMETRIC_REPRESENTATION_CONTEXT() REPRESENTATION_CONTEXT('2D SPACE',''
  ) );
#14532 = PCURVE('',#12889,#14533);
#14533 = DEFINITIONAL_REPRESENTATION('',(#14534),#14538);
#14534 = LINE('',#14535,#14536);
#14535 = CARTESIAN_POINT('',(-0.,0.));
#14536 = VECTOR('',#14537,1.);
#14537 = DIRECTION('',(-0.,-1.));
#14538 = ( GEOMETRIC_REPRESENTATION_CONTEXT(2) 
PARAMETRIC_REPRESENTATION_CONTEXT() REPRESENTATION_CONTEXT('2D SPACE',''
  ) );
#14539 = ORIENTED_EDGE('',*,*,#14540,.T.);
#14540 = EDGE_CURVE('',#14518,#14518,#14541,.T.);
#14541 = SURFACE_CURVE('',#14542,(#14547,#14554),.PCURVE_S1.);
#14542 = CIRCLE('',#14543,2.2);
#14543 = AXIS2_PLACEMENT_3D('',#14544,#14545,#14546);
#14544 = CARTESIAN_POINT('',(5.2,-9.006664199358,4.5));
#14545 = DIRECTION('',(-0.,1.224646799147E-16,1.));
#14546 = DIRECTION('',(1.,0.,0.));
#14547 = PCURVE('',#12889,#14548);
#14548 = DEFINITIONAL_REPRESENTATION('',(#14549),#14553);
#14549 = LINE('',#14550,#14551);
#14550 = CARTESIAN_POINT('',(-6.28318530718,-0.7));
#14551 = VECTOR('',#14552,1.);
#14552 = DIRECTION('',(1.,-0.));
#14553 = ( GEOMETRIC_REPRESENTATION_CONTEXT(2) 
PARAMETRIC_REPRESENTATION_CONTEXT() REPRESENTATION_CONTEXT('2D SPACE',''
  ) );
#14554 = PCURVE('',#14555,#14560);
#14555 = PLANE('',#14556);
#14556 = AXIS2_PLACEMENT_3D('',#14557,#14558,#14559);
#14557 = CARTESIAN_POINT('',(5.2,-9.006664199358,4.5));
#14558 = DIRECTION('',(0.,-1.224646799147E-16,-1.));
#14559 = DIRECTION('',(1.,0.,0.));
#14560 = DEFINITIONAL_REPRESENTATION('',(#14561),#14569);
#14561 = ( BOUNDED_CURVE() B_SPLINE_CURVE(2,(#14562,#14563,#14564,#14565
    ,#14566,#14567,#14568),.UNSPECIFIED.,.T.,.F.) 
B_SPLINE_CURVE_WITH_KNOTS((1,2,2,2,2,1),(-2.094395102393,0.,
    2.094395102393,4.188790204786,6.28318530718,8.377580409573),
.UNSPECIFIED.) CURVE() GEOMETRIC_REPRESENTATION_ITEM() 
RATIONAL_B_SPLINE_CURVE((1.,0.5,1.,0.5,1.,0.5,1.)) REPRESENTATION_ITEM(
  '') );
#14562 = CARTESIAN_POINT('',(2.2,0.));
#14563 = CARTESIAN_POINT('',(2.2,-3.810511776652));
#14564 = CARTESIAN_POINT('',(-1.1,-1.905255888326));
#14565 = CARTESIAN_POINT('',(-4.4,-5.388445916248E-16));
#14566 = CARTESIAN_POINT('',(-1.1,1.905255888326));
#14567 = CARTESIAN_POINT('',(2.2,3.810511776652));
#14568 = CARTESIAN_POINT('',(2.2,0.));
#14569 = ( GEOMETRIC_REPRESENTATION_CONTEXT(2) 
PARAMETRIC_REPRESENTATION_CONTEXT() REPRESENTATION_CONTEXT('2D SPACE',''
  ) );
#14570 = ORIENTED_EDGE('',*,*,#14517,.T.);
#14571 = ORIENTED_EDGE('',*,*,#12868,.F.);
#14572 = ADVANCED_FACE('',(#14573,#14576),#13493,.F.);
#14573 = FACE_BOUND('',#14574,.F.);
#14574 = EDGE_LOOP('',(#14575));
#14575 = ORIENTED_EDGE('',*,*,#13478,.F.);
#14576 = FACE_BOUND('',#14577,.F.);
#14577 = EDGE_LOOP('',(#14578));
#14578 = ORIENTED_EDGE('',*,*,#14579,.F.);
#14579 = EDGE_CURVE('',#14580,#14580,#14582,.T.);
#14580 = VERTEX_POINT('',#14581);
#14581 = CARTESIAN_POINT('',(-3.45,9.006664199358,4.5));
#14582 = SURFACE_CURVE('',#14583,(#14588,#14595),.PCURVE_S1.);
#14583 = CIRCLE('',#14584,1.75);
#14584 = AXIS2_PLACEMENT_3D('',#14585,#14586,#14587);
#14585 = CARTESIAN_POINT('',(-5.2,9.006664199358,4.5));
#14586 = DIRECTION('',(0.,-1.224646799147E-16,-1.));
#14587 = DIRECTION('',(1.,0.,0.));
#14588 = PCURVE('',#13493,#14589);
#14589 = DEFINITIONAL_REPRESENTATION('',(#14590),#14594);
#14590 = CIRCLE('',#14591,1.75);
#14591 = AXIS2_PLACEMENT_2D('',#14592,#14593);
#14592 = CARTESIAN_POINT('',(0.,0.));
#14593 = DIRECTION('',(1.,0.));
#14594 = ( GEOMETRIC_REPRESENTATION_CONTEXT(2) 
PARAMETRIC_REPRESENTATION_CONTEXT() REPRESENTATION_CONTEXT('2D SPACE',''
  ) );
#14595 = PCURVE('',#14596,#14601);
#14596 = CONICAL_SURFACE('',#14597,2.269615242271,1.047197551197);
#14597 = AXIS2_PLACEMENT_3D('',#14598,#14599,#14600);
#14598 = CARTESIAN_POINT('',(-5.2,9.006664199358,4.8));
#14599 = DIRECTION('',(-0.,1.224646799147E-16,1.));
#14600 = DIRECTION('',(1.,0.,0.));
#14601 = DEFINITIONAL_REPRESENTATION('',(#14602),#14606);
#14602 = LINE('',#14603,#14604);
#14603 = CARTESIAN_POINT('',(-0.,-0.3));
#14604 = VECTOR('',#14605,1.);
#14605 = DIRECTION('',(-1.,-0.));
#14606 = ( GEOMETRIC_REPRESENTATION_CONTEXT(2) 
PARAMETRIC_REPRESENTATION_CONTEXT() REPRESENTATION_CONTEXT('2D SPACE',''
  ) );
#14607 = ADVANCED_FACE('',(#14608,#14611),#13552,.F.);
#14608 = FACE_BOUND('',#14609,.F.);
#14609 = EDGE_LOOP('',(#14610));
#14610 = ORIENTED_EDGE('',*,*,#13537,.F.);
#14611 = FACE_BOUND('',#14612,.F.);
#14612 = EDGE_LOOP('',(#14613));
#14613 = ORIENTED_EDGE('',*,*,#14614,.F.);
#14614 = EDGE_CURVE('',#14615,#14615,#14617,.T.);
#14615 = VERTEX_POINT('',#14616);
#14616 = CARTESIAN_POINT('',(-6.05,4.503332099679,4.5));
#14617 = SURFACE_CURVE('',#14618,(#14623,#14630),.PCURVE_S1.);
#14618 = CIRCLE('',#14619,1.75);
#14619 = AXIS2_PLACEMENT_3D('',#14620,#14621,#14622);
#14620 = CARTESIAN_POINT('',(-7.8,4.503332099679,4.5));
#14621 = DIRECTION('',(0.,-1.224646799147E-16,-1.));
#14622 = DIRECTION('',(1.,0.,0.));
#14623 = PCURVE('',#13552,#14624);
#14624 = DEFINITIONAL_REPRESENTATION('',(#14625),#14629);
#14625 = CIRCLE('',#14626,1.75);
#14626 = AXIS2_PLACEMENT_2D('',#14627,#14628);
#14627 = CARTESIAN_POINT('',(0.,0.));
#14628 = DIRECTION('',(1.,0.));
#14629 = ( GEOMETRIC_REPRESENTATION_CONTEXT(2) 
PARAMETRIC_REPRESENTATION_CONTEXT() REPRESENTATION_CONTEXT('2D SPACE',''
  ) );
#14630 = PCURVE('',#14631,#14636);
#14631 = CONICAL_SURFACE('',#14632,2.269615242271,1.047197551197);
#14632 = AXIS2_PLACEMENT_3D('',#14633,#14634,#14635);
#14633 = CARTESIAN_POINT('',(-7.8,4.503332099679,4.8));
#14634 = DIRECTION('',(-0.,1.224646799147E-16,1.));
#14635 = DIRECTION('',(1.,0.,0.));
#14636 = DEFINITIONAL_REPRESENTATION('',(#14637),#14641);
#14637 = LINE('',#14638,#14639);
#14638 = CARTESIAN_POINT('',(-0.,-0.3));
#14639 = VECTOR('',#14640,1.);
#14640 = DIRECTION('',(-1.,-0.));
#14641 = ( GEOMETRIC_REPRESENTATION_CONTEXT(2) 
PARAMETRIC_REPRESENTATION_CONTEXT() REPRESENTATION_CONTEXT('2D SPACE',''
  ) );
#14642 = ADVANCED_FACE('',(#14643,#14646),#13611,.F.);
#14643 = FACE_BOUND('',#14644,.F.);
#14644 = EDGE_LOOP('',(#14645));
#14645 = ORIENTED_EDGE('',*,*,#13596,.F.);
#14646 = FACE_BOUND('',#14647,.F.);
#14647 = EDGE_LOOP('',(#14648));
#14648 = ORIENTED_EDGE('',*,*,#14649,.F.);
#14649 = EDGE_CURVE('',#14650,#14650,#14652,.T.);
#14650 = VERTEX_POINT('',#14651);
#14651 = CARTESIAN_POINT('',(-0.85,4.503332099679,5.28));
#14652 = SURFACE_CURVE('',#14653,(#14658,#14665),.PCURVE_S1.);
#14653 = CIRCLE('',#14654,1.75);
#14654 = AXIS2_PLACEMENT_3D('',#14655,#14656,#14657);
#14655 = CARTESIAN_POINT('',(-2.6,4.503332099679,5.28));
#14656 = DIRECTION('',(0.,-1.224646799147E-16,-1.));
#14657 = DIRECTION('',(1.,0.,0.));
#14658 = PCURVE('',#13611,#14659);
#14659 = DEFINITIONAL_REPRESENTATION('',(#14660),#14664);
#14660 = CIRCLE('',#14661,1.75);
#14661 = AXIS2_PLACEMENT_2D('',#14662,#14663);
#14662 = CARTESIAN_POINT('',(0.,0.));
#14663 = DIRECTION('',(1.,0.));
#14664 = ( GEOMETRIC_REPRESENTATION_CONTEXT(2) 
PARAMETRIC_REPRESENTATION_CONTEXT() REPRESENTATION_CONTEXT('2D SPACE',''
  ) );
#14665 = PCURVE('',#14666,#14671);
#14666 = CONICAL_SURFACE('',#14667,2.269615242271,1.047197551197);
#14667 = AXIS2_PLACEMENT_3D('',#14668,#14669,#14670);
#14668 = CARTESIAN_POINT('',(-2.6,4.503332099679,5.58));
#14669 = DIRECTION('',(-0.,1.224646799147E-16,1.));
#14670 = DIRECTION('',(1.,0.,0.));
#14671 = DEFINITIONAL_REPRESENTATION('',(#14672),#14676);
#14672 = LINE('',#14673,#14674);
#14673 = CARTESIAN_POINT('',(-0.,-0.3));
#14674 = VECTOR('',#14675,1.);
#14675 = DIRECTION('',(-1.,-0.));
#14676 = ( GEOMETRIC_REPRESENTATION_CONTEXT(2) 
PARAMETRIC_REPRESENTATION_CONTEXT() REPRESENTATION_CONTEXT('2D SPACE',''
  ) );
#14677 = ADVANCED_FACE('',(#14678,#14681),#13670,.F.);
#14678 = FACE_BOUND('',#14679,.F.);
#14679 = EDGE_LOOP('',(#14680));
#14680 = ORIENTED_EDGE('',*,*,#13655,.F.);
#14681 = FACE_BOUND('',#14682,.F.);
#14682 = EDGE_LOOP('',(#14683));
#14683 = ORIENTED_EDGE('',*,*,#14684,.F.);
#14684 = EDGE_CURVE('',#14685,#14685,#14687,.T.);
#14685 = VERTEX_POINT('',#14686);
#14686 = CARTESIAN_POINT('',(1.75,9.006664199358,4.5));
#14687 = SURFACE_CURVE('',#14688,(#14693,#14700),.PCURVE_S1.);
#14688 = CIRCLE('',#14689,1.75);
#14689 = AXIS2_PLACEMENT_3D('',#14690,#14691,#14692);
#14690 = CARTESIAN_POINT('',(0.,9.006664199358,4.5));
#14691 = DIRECTION('',(0.,-1.224646799147E-16,-1.));
#14692 = DIRECTION('',(1.,0.,0.));
#14693 = PCURVE('',#13670,#14694);
#14694 = DEFINITIONAL_REPRESENTATION('',(#14695),#14699);
#14695 = CIRCLE('',#14696,1.75);
#14696 = AXIS2_PLACEMENT_2D('',#14697,#14698);
#14697 = CARTESIAN_POINT('',(0.,0.));
#14698 = DIRECTION('',(1.,0.));
#14699 = ( GEOMETRIC_REPRESENTATION_CONTEXT(2) 
PARAMETRIC_REPRESENTATION_CONTEXT() REPRESENTATION_CONTEXT('2D SPACE',''
  ) );
#14700 = PCURVE('',#14701,#14706);
#14701 = CONICAL_SURFACE('',#14702,2.269615242271,1.047197551197);
#14702 = AXIS2_PLACEMENT_3D('',#14703,#14704,#14705);
#14703 = CARTESIAN_POINT('',(0.,9.006664199358,4.8));
#14704 = DIRECTION('',(-0.,1.224646799147E-16,1.));
#14705 = DIRECTION('',(1.,0.,0.));
#14706 = DEFINITIONAL_REPRESENTATION('',(#14707),#14711);
#14707 = LINE('',#14708,#14709);
#14708 = CARTESIAN_POINT('',(-0.,-0.3));
#14709 = VECTOR('',#14710,1.);
#14710 = DIRECTION('',(-1.,-0.));
#14711 = ( GEOMETRIC_REPRESENTATION_CONTEXT(2) 
PARAMETRIC_REPRESENTATION_CONTEXT() REPRESENTATION_CONTEXT('2D SPACE',''
  ) );
#14712 = ADVANCED_FACE('',(#14713,#14716),#13729,.F.);
#14713 = FACE_BOUND('',#14714,.F.);
#14714 = EDGE_LOOP('',(#14715));
#14715 = ORIENTED_EDGE('',*,*,#13714,.F.);
#14716 = FACE_BOUND('',#14717,.F.);
#14717 = EDGE_LOOP('',(#14718));
#14718 = ORIENTED_EDGE('',*,*,#14719,.F.);
#14719 = EDGE_CURVE('',#14720,#14720,#14722,.T.);
#14720 = VERTEX_POINT('',#14721);
#14721 = CARTESIAN_POINT('',(6.95,9.006664199358,4.5));
#14722 = SURFACE_CURVE('',#14723,(#14728,#14735),.PCURVE_S1.);
#14723 = CIRCLE('',#14724,1.75);
#14724 = AXIS2_PLACEMENT_3D('',#14725,#14726,#14727);
#14725 = CARTESIAN_POINT('',(5.2,9.006664199358,4.5));
#14726 = DIRECTION('',(0.,-1.224646799147E-16,-1.));
#14727 = DIRECTION('',(1.,0.,0.));
#14728 = PCURVE('',#13729,#14729);
#14729 = DEFINITIONAL_REPRESENTATION('',(#14730),#14734);
#14730 = CIRCLE('',#14731,1.75);
#14731 = AXIS2_PLACEMENT_2D('',#14732,#14733);
#14732 = CARTESIAN_POINT('',(0.,0.));
#14733 = DIRECTION('',(1.,0.));
#14734 = ( GEOMETRIC_REPRESENTATION_CONTEXT(2) 
PARAMETRIC_REPRESENTATION_CONTEXT() REPRESENTATION_CONTEXT('2D SPACE',''
  ) );
#14735 = PCURVE('',#14736,#14741);
#14736 = CONICAL_SURFACE('',#14737,2.269615242271,1.047197551197);
#14737 = AXIS2_PLACEMENT_3D('',#14738,#14739,#14740);
#14738 = CARTESIAN_POINT('',(5.2,9.006664199358,4.8));
#14739 = DIRECTION('',(-0.,1.224646799147E-16,1.));
#14740 = DIRECTION('',(1.,0.,0.));
#14741 = DEFINITIONAL_REPRESENTATION('',(#14742),#14746);
#14742 = LINE('',#14743,#14744);
#14743 = CARTESIAN_POINT('',(-0.,-0.3));
#14744 = VECTOR('',#14745,1.);
#14745 = DIRECTION('',(-1.,-0.));
#14746 = ( GEOMETRIC_REPRESENTATION_CONTEXT(2) 
PARAMETRIC_REPRESENTATION_CONTEXT() REPRESENTATION_CONTEXT('2D SPACE',''
  ) );
#14747 = ADVANCED_FACE('',(#14748,#14751),#13788,.F.);
#14748 = FACE_BOUND('',#14749,.F.);
#14749 = EDGE_LOOP('',(#14750));
#14750 = ORIENTED_EDGE('',*,*,#13773,.F.);
#14751 = FACE_BOUND('',#14752,.F.);
#14752 = EDGE_LOOP('',(#14753));
#14753 = ORIENTED_EDGE('',*,*,#14754,.F.);
#14754 = EDGE_CURVE('',#14755,#14755,#14757,.T.);
#14755 = VERTEX_POINT('',#14756);
#14756 = CARTESIAN_POINT('',(4.35,4.503332099679,5.28));
#14757 = SURFACE_CURVE('',#14758,(#14763,#14770),.PCURVE_S1.);
#14758 = CIRCLE('',#14759,1.75);
#14759 = AXIS2_PLACEMENT_3D('',#14760,#14761,#14762);
#14760 = CARTESIAN_POINT('',(2.6,4.503332099679,5.28));
#14761 = DIRECTION('',(0.,-1.224646799147E-16,-1.));
#14762 = DIRECTION('',(1.,0.,0.));
#14763 = PCURVE('',#13788,#14764);
#14764 = DEFINITIONAL_REPRESENTATION('',(#14765),#14769);
#14765 = CIRCLE('',#14766,1.75);
#14766 = AXIS2_PLACEMENT_2D('',#14767,#14768);
#14767 = CARTESIAN_POINT('',(0.,0.));
#14768 = DIRECTION('',(1.,0.));
#14769 = ( GEOMETRIC_REPRESENTATION_CONTEXT(2) 
PARAMETRIC_REPRESENTATION_CONTEXT() REPRESENTATION_CONTEXT('2D SPACE',''
  ) );
#14770 = PCURVE('',#14771,#14776);
#14771 = CONICAL_SURFACE('',#14772,2.269615242271,1.047197551197);
#14772 = AXIS2_PLACEMENT_3D('',#14773,#14774,#14775);
#14773 = CARTESIAN_POINT('',(2.6,4.503332099679,5.58));
#14774 = DIRECTION('',(-0.,1.224646799147E-16,1.));
#14775 = DIRECTION('',(1.,0.,0.));
#14776 = DEFINITIONAL_REPRESENTATION('',(#14777),#14781);
#14777 = LINE('',#14778,#14779);
#14778 = CARTESIAN_POINT('',(-0.,-0.3));
#14779 = VECTOR('',#14780,1.);
#14780 = DIRECTION('',(-1.,-0.));
#14781 = ( GEOMETRIC_REPRESENTATION_CONTEXT(2) 
PARAMETRIC_REPRESENTATION_CONTEXT() REPRESENTATION_CONTEXT('2D SPACE',''
  ) );
#14782 = ADVANCED_FACE('',(#14783,#14786),#13847,.F.);
#14783 = FACE_BOUND('',#14784,.F.);
#14784 = EDGE_LOOP('',(#14785));
#14785 = ORIENTED_EDGE('',*,*,#13832,.F.);
#14786 = FACE_BOUND('',#14787,.F.);
#14787 = EDGE_LOOP('',(#14788));
#14788 = ORIENTED_EDGE('',*,*,#14789,.F.);
#14789 = EDGE_CURVE('',#14790,#14790,#14792,.T.);
#14790 = VERTEX_POINT('',#14791);
#14791 = CARTESIAN_POINT('',(9.55,4.503332099679,4.5));
#14792 = SURFACE_CURVE('',#14793,(#14798,#14805),.PCURVE_S1.);
#14793 = CIRCLE('',#14794,1.75);
#14794 = AXIS2_PLACEMENT_3D('',#14795,#14796,#14797);
#14795 = CARTESIAN_POINT('',(7.8,4.503332099679,4.5));
#14796 = DIRECTION('',(0.,-1.224646799147E-16,-1.));
#14797 = DIRECTION('',(1.,0.,0.));
#14798 = PCURVE('',#13847,#14799);
#14799 = DEFINITIONAL_REPRESENTATION('',(#14800),#14804);
#14800 = CIRCLE('',#14801,1.75);
#14801 = AXIS2_PLACEMENT_2D('',#14802,#14803);
#14802 = CARTESIAN_POINT('',(0.,0.));
#14803 = DIRECTION('',(1.,0.));
#14804 = ( GEOMETRIC_REPRESENTATION_CONTEXT(2) 
PARAMETRIC_REPRESENTATION_CONTEXT() REPRESENTATION_CONTEXT('2D SPACE',''
  ) );
#14805 = PCURVE('',#14806,#14811);
#14806 = CONICAL_SURFACE('',#14807,2.269615242271,1.047197551197);
#14807 = AXIS2_PLACEMENT_3D('',#14808,#14809,#14810);
#14808 = CARTESIAN_POINT('',(7.8,4.503332099679,4.8));
#14809 = DIRECTION('',(-0.,1.224646799147E-16,1.));
#14810 = DIRECTION('',(1.,0.,0.));
#14811 = DEFINITIONAL_REPRESENTATION('',(#14812),#14816);
#14812 = LINE('',#14813,#14814);
#14813 = CARTESIAN_POINT('',(-0.,-0.3));
#14814 = VECTOR('',#14815,1.);
#14815 = DIRECTION('',(-1.,-0.));
#14816 = ( GEOMETRIC_REPRESENTATION_CONTEXT(2) 
PARAMETRIC_REPRESENTATION_CONTEXT() REPRESENTATION_CONTEXT('2D SPACE',''
  ) );
#14817 = ADVANCED_FACE('',(#14818,#14821),#13906,.F.);
#14818 = FACE_BOUND('',#14819,.F.);
#14819 = EDGE_LOOP('',(#14820));
#14820 = ORIENTED_EDGE('',*,*,#13891,.F.);
#14821 = FACE_BOUND('',#14822,.F.);
#14822 = EDGE_LOOP('',(#14823));
#14823 = ORIENTED_EDGE('',*,*,#14824,.F.);
#14824 = EDGE_CURVE('',#14825,#14825,#14827,.T.);
#14825 = VERTEX_POINT('',#14826);
#14826 = CARTESIAN_POINT('',(-8.65,1.102182119233E-16,4.5));
#14827 = SURFACE_CURVE('',#14828,(#14833,#14840),.PCURVE_S1.);
#14828 = CIRCLE('',#14829,1.75);
#14829 = AXIS2_PLACEMENT_3D('',#14830,#14831,#14832);
#14830 = CARTESIAN_POINT('',(-10.4,-3.184081677783E-16,4.5));
#14831 = DIRECTION('',(0.,-1.224646799147E-16,-1.));
#14832 = DIRECTION('',(1.,0.,0.));
#14833 = PCURVE('',#13906,#14834);
#14834 = DEFINITIONAL_REPRESENTATION('',(#14835),#14839);
#14835 = CIRCLE('',#14836,1.75);
#14836 = AXIS2_PLACEMENT_2D('',#14837,#14838);
#14837 = CARTESIAN_POINT('',(0.,0.));
#14838 = DIRECTION('',(1.,0.));
#14839 = ( GEOMETRIC_REPRESENTATION_CONTEXT(2) 
PARAMETRIC_REPRESENTATION_CONTEXT() REPRESENTATION_CONTEXT('2D SPACE',''
  ) );
#14840 = PCURVE('',#14841,#14846);
#14841 = CONICAL_SURFACE('',#14842,2.269615242271,1.047197551197);
#14842 = AXIS2_PLACEMENT_3D('',#14843,#14844,#14845);
#14843 = CARTESIAN_POINT('',(-10.4,-2.816687638039E-16,4.8));
#14844 = DIRECTION('',(-0.,1.224646799147E-16,1.));
#14845 = DIRECTION('',(1.,0.,0.));
#14846 = DEFINITIONAL_REPRESENTATION('',(#14847),#14851);
#14847 = LINE('',#14848,#14849);
#14848 = CARTESIAN_POINT('',(-0.,-0.3));
#14849 = VECTOR('',#14850,1.);
#14850 = DIRECTION('',(-1.,-0.));
#14851 = ( GEOMETRIC_REPRESENTATION_CONTEXT(2) 
PARAMETRIC_REPRESENTATION_CONTEXT() REPRESENTATION_CONTEXT('2D SPACE',''
  ) );
#14852 = ADVANCED_FACE('',(#14853,#14856),#13965,.F.);
#14853 = FACE_BOUND('',#14854,.F.);
#14854 = EDGE_LOOP('',(#14855));
#14855 = ORIENTED_EDGE('',*,*,#13950,.F.);
#14856 = FACE_BOUND('',#14857,.F.);
#14857 = EDGE_LOOP('',(#14858));
#14858 = ORIENTED_EDGE('',*,*,#14859,.F.);
#14859 = EDGE_CURVE('',#14860,#14860,#14862,.T.);
#14860 = VERTEX_POINT('',#14861);
#14861 = CARTESIAN_POINT('',(-6.05,-4.503332099679,4.5));
#14862 = SURFACE_CURVE('',#14863,(#14868,#14875),.PCURVE_S1.);
#14863 = CIRCLE('',#14864,1.75);
#14864 = AXIS2_PLACEMENT_3D('',#14865,#14866,#14867);
#14865 = CARTESIAN_POINT('',(-7.8,-4.503332099679,4.5));
#14866 = DIRECTION('',(0.,-1.224646799147E-16,-1.));
#14867 = DIRECTION('',(1.,0.,0.));
#14868 = PCURVE('',#13965,#14869);
#14869 = DEFINITIONAL_REPRESENTATION('',(#14870),#14874);
#14870 = CIRCLE('',#14871,1.75);
#14871 = AXIS2_PLACEMENT_2D('',#14872,#14873);
#14872 = CARTESIAN_POINT('',(0.,0.));
#14873 = DIRECTION('',(1.,0.));
#14874 = ( GEOMETRIC_REPRESENTATION_CONTEXT(2) 
PARAMETRIC_REPRESENTATION_CONTEXT() REPRESENTATION_CONTEXT('2D SPACE',''
  ) );
#14875 = PCURVE('',#14876,#14881);
#14876 = CONICAL_SURFACE('',#14877,2.269615242271,1.047197551197);
#14877 = AXIS2_PLACEMENT_3D('',#14878,#14879,#14880);
#14878 = CARTESIAN_POINT('',(-7.8,-4.503332099679,4.8));
#14879 = DIRECTION('',(-0.,1.224646799147E-16,1.));
#14880 = DIRECTION('',(1.,0.,0.));
#14881 = DEFINITIONAL_REPRESENTATION('',(#14882),#14886);
#14882 = LINE('',#14883,#14884);
#14883 = CARTESIAN_POINT('',(-0.,-0.3));
#14884 = VECTOR('',#14885,1.);
#14885 = DIRECTION('',(-1.,-0.));
#14886 = ( GEOMETRIC_REPRESENTATION_CONTEXT(2) 
PARAMETRIC_REPRESENTATION_CONTEXT() REPRESENTATION_CONTEXT('2D SPACE',''
  ) );
#14887 = ADVANCED_FACE('',(#14888,#14891),#14024,.F.);
#14888 = FACE_BOUND('',#14889,.F.);
#14889 = EDGE_LOOP('',(#14890));
#14890 = ORIENTED_EDGE('',*,*,#14009,.F.);
#14891 = FACE_BOUND('',#14892,.F.);
#14892 = EDGE_LOOP('',(#14893));
#14893 = ORIENTED_EDGE('',*,*,#14894,.F.);
#14894 = EDGE_CURVE('',#14895,#14895,#14897,.T.);
#14895 = VERTEX_POINT('',#14896);
#14896 = CARTESIAN_POINT('',(-3.45,2.057406622568E-16,5.28));
#14897 = SURFACE_CURVE('',#14898,(#14903,#14910),.PCURVE_S1.);
#14898 = CIRCLE('',#14899,1.75);
#14899 = AXIS2_PLACEMENT_3D('',#14900,#14901,#14902);
#14900 = CARTESIAN_POINT('',(-5.2,-2.228857174448E-16,5.28));
#14901 = DIRECTION('',(0.,-1.224646799147E-16,-1.));
#14902 = DIRECTION('',(1.,0.,0.));
#14903 = PCURVE('',#14024,#14904);
#14904 = DEFINITIONAL_REPRESENTATION('',(#14905),#14909);
#14905 = CIRCLE('',#14906,1.75);
#14906 = AXIS2_PLACEMENT_2D('',#14907,#14908);
#14907 = CARTESIAN_POINT('',(0.,0.));
#14908 = DIRECTION('',(1.,0.));
#14909 = ( GEOMETRIC_REPRESENTATION_CONTEXT(2) 
PARAMETRIC_REPRESENTATION_CONTEXT() REPRESENTATION_CONTEXT('2D SPACE',''
  ) );
#14910 = PCURVE('',#14911,#14916);
#14911 = CONICAL_SURFACE('',#14912,2.269615242271,1.047197551197);
#14912 = AXIS2_PLACEMENT_3D('',#14913,#14914,#14915);
#14913 = CARTESIAN_POINT('',(-5.2,-1.861463134704E-16,5.58));
#14914 = DIRECTION('',(-0.,1.224646799147E-16,1.));
#14915 = DIRECTION('',(1.,0.,0.));
#14916 = DEFINITIONAL_REPRESENTATION('',(#14917),#14921);
#14917 = LINE('',#14918,#14919);
#14918 = CARTESIAN_POINT('',(-0.,-0.3));
#14919 = VECTOR('',#14920,1.);
#14920 = DIRECTION('',(-1.,-0.));
#14921 = ( GEOMETRIC_REPRESENTATION_CONTEXT(2) 
PARAMETRIC_REPRESENTATION_CONTEXT() REPRESENTATION_CONTEXT('2D SPACE',''
  ) );
#14922 = ADVANCED_FACE('',(#14923,#14926),#14083,.F.);
#14923 = FACE_BOUND('',#14924,.F.);
#14924 = EDGE_LOOP('',(#14925));
#14925 = ORIENTED_EDGE('',*,*,#14068,.F.);
#14926 = FACE_BOUND('',#14927,.F.);
#14927 = EDGE_LOOP('',(#14928));
#14928 = ORIENTED_EDGE('',*,*,#14929,.F.);
#14929 = EDGE_CURVE('',#14930,#14930,#14932,.T.);
#14930 = VERTEX_POINT('',#14931);
#14931 = CARTESIAN_POINT('',(-0.85,-4.503332099679,5.28));
#14932 = SURFACE_CURVE('',#14933,(#14938,#14945),.PCURVE_S1.);
#14933 = CIRCLE('',#14934,1.75);
#14934 = AXIS2_PLACEMENT_3D('',#14935,#14936,#14937);
#14935 = CARTESIAN_POINT('',(-2.6,-4.503332099679,5.28));
#14936 = DIRECTION('',(0.,-1.224646799147E-16,-1.));
#14937 = DIRECTION('',(1.,0.,0.));
#14938 = PCURVE('',#14083,#14939);
#14939 = DEFINITIONAL_REPRESENTATION('',(#14940),#14944);
#14940 = CIRCLE('',#14941,1.75);
#14941 = AXIS2_PLACEMENT_2D('',#14942,#14943);
#14942 = CARTESIAN_POINT('',(0.,0.));
#14943 = DIRECTION('',(1.,0.));
#14944 = ( GEOMETRIC_REPRESENTATION_CONTEXT(2) 
PARAMETRIC_REPRESENTATION_CONTEXT() REPRESENTATION_CONTEXT('2D SPACE',''
  ) );
#14945 = PCURVE('',#14946,#14951);
#14946 = CONICAL_SURFACE('',#14947,2.269615242271,1.047197551197);
#14947 = AXIS2_PLACEMENT_3D('',#14948,#14949,#14950);
#14948 = CARTESIAN_POINT('',(-2.6,-4.503332099679,5.58));
#14949 = DIRECTION('',(-0.,1.224646799147E-16,1.));
#14950 = DIRECTION('',(1.,0.,0.));
#14951 = DEFINITIONAL_REPRESENTATION('',(#14952),#14956);
#14952 = LINE('',#14953,#14954);
#14953 = CARTESIAN_POINT('',(-0.,-0.3));
#14954 = VECTOR('',#14955,1.);
#14955 = DIRECTION('',(-1.,-0.));
#14956 = ( GEOMETRIC_REPRESENTATION_CONTEXT(2) 
PARAMETRIC_REPRESENTATION_CONTEXT() REPRESENTATION_CONTEXT('2D SPACE',''
  ) );
#14957 = ADVANCED_FACE('',(#14958,#14961),#14142,.F.);
#14958 = FACE_BOUND('',#14959,.F.);
#14959 = EDGE_LOOP('',(#14960));
#14960 = ORIENTED_EDGE('',*,*,#14127,.F.);
#14961 = FACE_BOUND('',#14962,.F.);
#14962 = EDGE_LOOP('',(#14963));
#14963 = ORIENTED_EDGE('',*,*,#14964,.F.);
#14964 = EDGE_CURVE('',#14965,#14965,#14967,.T.);
#14965 = VERTEX_POINT('',#14966);
#14966 = CARTESIAN_POINT('',(-3.45,-9.006664199358,4.5));
#14967 = SURFACE_CURVE('',#14968,(#14973,#14980),.PCURVE_S1.);
#14968 = CIRCLE('',#14969,1.75);
#14969 = AXIS2_PLACEMENT_3D('',#14970,#14971,#14972);
#14970 = CARTESIAN_POINT('',(-5.2,-9.006664199358,4.5));
#14971 = DIRECTION('',(0.,-1.224646799147E-16,-1.));
#14972 = DIRECTION('',(1.,0.,0.));
#14973 = PCURVE('',#14142,#14974);
#14974 = DEFINITIONAL_REPRESENTATION('',(#14975),#14979);
#14975 = CIRCLE('',#14976,1.75);
#14976 = AXIS2_PLACEMENT_2D('',#14977,#14978);
#14977 = CARTESIAN_POINT('',(0.,0.));
#14978 = DIRECTION('',(1.,0.));
#14979 = ( GEOMETRIC_REPRESENTATION_CONTEXT(2) 
PARAMETRIC_REPRESENTATION_CONTEXT() REPRESENTATION_CONTEXT('2D SPACE',''
  ) );
#14980 = PCURVE('',#14981,#14986);
#14981 = CONICAL_SURFACE('',#14982,2.269615242271,1.047197551197);
#14982 = AXIS2_PLACEMENT_3D('',#14983,#14984,#14985);
#14983 = CARTESIAN_POINT('',(-5.2,-9.006664199358,4.8));
#14984 = DIRECTION('',(-0.,1.224646799147E-16,1.));
#14985 = DIRECTION('',(1.,0.,0.));
#14986 = DEFINITIONAL_REPRESENTATION('',(#14987),#14991);
#14987 = LINE('',#14988,#14989);
#14988 = CARTESIAN_POINT('',(-0.,-0.3));
#14989 = VECTOR('',#14990,1.);
#14990 = DIRECTION('',(-1.,-0.));
#14991 = ( GEOMETRIC_REPRESENTATION_CONTEXT(2) 
PARAMETRIC_REPRESENTATION_CONTEXT() REPRESENTATION_CONTEXT('2D SPACE',''
  ) );
#14992 = ADVANCED_FACE('',(#14993,#14996),#14201,.F.);
#14993 = FACE_BOUND('',#14994,.F.);
#14994 = EDGE_LOOP('',(#14995));
#14995 = ORIENTED_EDGE('',*,*,#14186,.F.);
#14996 = FACE_BOUND('',#14997,.F.);
#14997 = EDGE_LOOP('',(#14998));
#14998 = ORIENTED_EDGE('',*,*,#14999,.F.);
#14999 = EDGE_CURVE('',#15000,#15000,#15002,.T.);
#15000 = VERTEX_POINT('',#15001);
#15001 = CARTESIAN_POINT('',(1.75,2.547265342226E-16,5.68));
#15002 = SURFACE_CURVE('',#15003,(#15008,#15015),.PCURVE_S1.);
#15003 = CIRCLE('',#15004,1.75);
#15004 = AXIS2_PLACEMENT_3D('',#15005,#15006,#15007);
#15005 = CARTESIAN_POINT('',(0.,-1.738998454789E-16,5.68));
#15006 = DIRECTION('',(0.,-1.224646799147E-16,-1.));
#15007 = DIRECTION('',(1.,0.,0.));
#15008 = PCURVE('',#14201,#15009);
#15009 = DEFINITIONAL_REPRESENTATION('',(#15010),#15014);
#15010 = CIRCLE('',#15011,1.75);
#15011 = AXIS2_PLACEMENT_2D('',#15012,#15013);
#15012 = CARTESIAN_POINT('',(0.,0.));
#15013 = DIRECTION('',(1.,0.));
#15014 = ( GEOMETRIC_REPRESENTATION_CONTEXT(2) 
PARAMETRIC_REPRESENTATION_CONTEXT() REPRESENTATION_CONTEXT('2D SPACE',''
  ) );
#15015 = PCURVE('',#15016,#15021);
#15016 = CONICAL_SURFACE('',#15017,2.269615242271,1.047197551197);
#15017 = AXIS2_PLACEMENT_3D('',#15018,#15019,#15020);
#15018 = CARTESIAN_POINT('',(0.,-1.371604415045E-16,5.98));
#15019 = DIRECTION('',(-0.,1.224646799147E-16,1.));
#15020 = DIRECTION('',(1.,0.,0.));
#15021 = DEFINITIONAL_REPRESENTATION('',(#15022),#15026);
#15022 = LINE('',#15023,#15024);
#15023 = CARTESIAN_POINT('',(-0.,-0.3));
#15024 = VECTOR('',#15025,1.);
#15025 = DIRECTION('',(-1.,-0.));
#15026 = ( GEOMETRIC_REPRESENTATION_CONTEXT(2) 
PARAMETRIC_REPRESENTATION_CONTEXT() REPRESENTATION_CONTEXT('2D SPACE',''
  ) );
#15027 = ADVANCED_FACE('',(#15028,#15031),#14260,.F.);
#15028 = FACE_BOUND('',#15029,.F.);
#15029 = EDGE_LOOP('',(#15030));
#15030 = ORIENTED_EDGE('',*,*,#14245,.F.);
#15031 = FACE_BOUND('',#15032,.F.);
#15032 = EDGE_LOOP('',(#15033));
#15033 = ORIENTED_EDGE('',*,*,#15034,.F.);
#15034 = EDGE_CURVE('',#15035,#15035,#15037,.T.);
#15035 = VERTEX_POINT('',#15036);
#15036 = CARTESIAN_POINT('',(6.95,2.057406622568E-16,5.28));
#15037 = SURFACE_CURVE('',#15038,(#15043,#15050),.PCURVE_S1.);
#15038 = CIRCLE('',#15039,1.75);
#15039 = AXIS2_PLACEMENT_3D('',#15040,#15041,#15042);
#15040 = CARTESIAN_POINT('',(5.2,-2.228857174448E-16,5.28));
#15041 = DIRECTION('',(0.,-1.224646799147E-16,-1.));
#15042 = DIRECTION('',(1.,0.,0.));
#15043 = PCURVE('',#14260,#15044);
#15044 = DEFINITIONAL_REPRESENTATION('',(#15045),#15049);
#15045 = CIRCLE('',#15046,1.75);
#15046 = AXIS2_PLACEMENT_2D('',#15047,#15048);
#15047 = CARTESIAN_POINT('',(0.,0.));
#15048 = DIRECTION('',(1.,0.));
#15049 = ( GEOMETRIC_REPRESENTATION_CONTEXT(2) 
PARAMETRIC_REPRESENTATION_CONTEXT() REPRESENTATION_CONTEXT('2D SPACE',''
  ) );
#15050 = PCURVE('',#15051,#15056);
#15051 = CONICAL_SURFACE('',#15052,2.269615242271,1.047197551197);
#15052 = AXIS2_PLACEMENT_3D('',#15053,#15054,#15055);
#15053 = CARTESIAN_POINT('',(5.2,-1.861463134704E-16,5.58));
#15054 = DIRECTION('',(-0.,1.224646799147E-16,1.));
#15055 = DIRECTION('',(1.,0.,0.));
#15056 = DEFINITIONAL_REPRESENTATION('',(#15057),#15061);
#15057 = LINE('',#15058,#15059);
#15058 = CARTESIAN_POINT('',(-0.,-0.3));
#15059 = VECTOR('',#15060,1.);
#15060 = DIRECTION('',(-1.,-0.));
#15061 = ( GEOMETRIC_REPRESENTATION_CONTEXT(2) 
PARAMETRIC_REPRESENTATION_CONTEXT() REPRESENTATION_CONTEXT('2D SPACE',''
  ) );
#15062 = ADVANCED_FACE('',(#15063,#15066),#14319,.F.);
#15063 = FACE_BOUND('',#15064,.F.);
#15064 = EDGE_LOOP('',(#15065));
#15065 = ORIENTED_EDGE('',*,*,#14304,.F.);
#15066 = FACE_BOUND('',#15067,.F.);
#15067 = EDGE_LOOP('',(#15068));
#15068 = ORIENTED_EDGE('',*,*,#15069,.F.);
#15069 = EDGE_CURVE('',#15070,#15070,#15072,.T.);
#15070 = VERTEX_POINT('',#15071);
#15071 = CARTESIAN_POINT('',(4.35,-4.503332099679,5.28));
#15072 = SURFACE_CURVE('',#15073,(#15078,#15085),.PCURVE_S1.);
#15073 = CIRCLE('',#15074,1.75);
#15074 = AXIS2_PLACEMENT_3D('',#15075,#15076,#15077);
#15075 = CARTESIAN_POINT('',(2.6,-4.503332099679,5.28));
#15076 = DIRECTION('',(0.,-1.224646799147E-16,-1.));
#15077 = DIRECTION('',(1.,0.,0.));
#15078 = PCURVE('',#14319,#15079);
#15079 = DEFINITIONAL_REPRESENTATION('',(#15080),#15084);
#15080 = CIRCLE('',#15081,1.75);
#15081 = AXIS2_PLACEMENT_2D('',#15082,#15083);
#15082 = CARTESIAN_POINT('',(0.,0.));
#15083 = DIRECTION('',(1.,0.));
#15084 = ( GEOMETRIC_REPRESENTATION_CONTEXT(2) 
PARAMETRIC_REPRESENTATION_CONTEXT() REPRESENTATION_CONTEXT('2D SPACE',''
  ) );
#15085 = PCURVE('',#15086,#15091);
#15086 = CONICAL_SURFACE('',#15087,2.269615242271,1.047197551197);
#15087 = AXIS2_PLACEMENT_3D('',#15088,#15089,#15090);
#15088 = CARTESIAN_POINT('',(2.6,-4.503332099679,5.58));
#15089 = DIRECTION('',(-0.,1.224646799147E-16,1.));
#15090 = DIRECTION('',(1.,0.,0.));
#15091 = DEFINITIONAL_REPRESENTATION('',(#15092),#15096);
#15092 = LINE('',#15093,#15094);
#15093 = CARTESIAN_POINT('',(-0.,-0.3));
#15094 = VECTOR('',#15095,1.);
#15095 = DIRECTION('',(-1.,-0.));
#15096 = ( GEOMETRIC_REPRESENTATION_CONTEXT(2) 
PARAMETRIC_REPRESENTATION_CONTEXT() REPRESENTATION_CONTEXT('2D SPACE',''
  ) );
#15097 = ADVANCED_FACE('',(#15098,#15101),#14378,.F.);
#15098 = FACE_BOUND('',#15099,.F.);
#15099 = EDGE_LOOP('',(#15100));
#15100 = ORIENTED_EDGE('',*,*,#14363,.F.);
#15101 = FACE_BOUND('',#15102,.F.);
#15102 = EDGE_LOOP('',(#15103));
#15103 = ORIENTED_EDGE('',*,*,#15104,.F.);
#15104 = EDGE_CURVE('',#15105,#15105,#15107,.T.);
#15105 = VERTEX_POINT('',#15106);
#15106 = CARTESIAN_POINT('',(12.15,1.102182119233E-16,4.5));
#15107 = SURFACE_CURVE('',#15108,(#15113,#15120),.PCURVE_S1.);
#15108 = CIRCLE('',#15109,1.75);
#15109 = AXIS2_PLACEMENT_3D('',#15110,#15111,#15112);
#15110 = CARTESIAN_POINT('',(10.4,-3.184081677783E-16,4.5));
#15111 = DIRECTION('',(0.,-1.224646799147E-16,-1.));
#15112 = DIRECTION('',(1.,0.,0.));
#15113 = PCURVE('',#14378,#15114);
#15114 = DEFINITIONAL_REPRESENTATION('',(#15115),#15119);
#15115 = CIRCLE('',#15116,1.75);
#15116 = AXIS2_PLACEMENT_2D('',#15117,#15118);
#15117 = CARTESIAN_POINT('',(0.,0.));
#15118 = DIRECTION('',(1.,0.));
#15119 = ( GEOMETRIC_REPRESENTATION_CONTEXT(2) 
PARAMETRIC_REPRESENTATION_CONTEXT() REPRESENTATION_CONTEXT('2D SPACE',''
  ) );
#15120 = PCURVE('',#15121,#15126);
#15121 = CONICAL_SURFACE('',#15122,2.269615242271,1.047197551197);
#15122 = AXIS2_PLACEMENT_3D('',#15123,#15124,#15125);
#15123 = CARTESIAN_POINT('',(10.4,-2.816687638039E-16,4.8));
#15124 = DIRECTION('',(-0.,1.224646799147E-16,1.));
#15125 = DIRECTION('',(1.,0.,0.));
#15126 = DEFINITIONAL_REPRESENTATION('',(#15127),#15131);
#15127 = LINE('',#15128,#15129);
#15128 = CARTESIAN_POINT('',(-0.,-0.3));
#15129 = VECTOR('',#15130,1.);
#15130 = DIRECTION('',(-1.,-0.));
#15131 = ( GEOMETRIC_REPRESENTATION_CONTEXT(2) 
PARAMETRIC_REPRESENTATION_CONTEXT() REPRESENTATION_CONTEXT('2D SPACE',''
  ) );
#15132 = ADVANCED_FACE('',(#15133,#15136),#14437,.F.);
#15133 = FACE_BOUND('',#15134,.F.);
#15134 = EDGE_LOOP('',(#15135));
#15135 = ORIENTED_EDGE('',*,*,#14422,.F.);
#15136 = FACE_BOUND('',#15137,.F.);
#15137 = EDGE_LOOP('',(#15138));
#15138 = ORIENTED_EDGE('',*,*,#15139,.F.);
#15139 = EDGE_CURVE('',#15140,#15140,#15142,.T.);
#15140 = VERTEX_POINT('',#15141);
#15141 = CARTESIAN_POINT('',(9.55,-4.503332099679,4.5));
#15142 = SURFACE_CURVE('',#15143,(#15148,#15155),.PCURVE_S1.);
#15143 = CIRCLE('',#15144,1.75);
#15144 = AXIS2_PLACEMENT_3D('',#15145,#15146,#15147);
#15145 = CARTESIAN_POINT('',(7.8,-4.503332099679,4.5));
#15146 = DIRECTION('',(0.,-1.224646799147E-16,-1.));
#15147 = DIRECTION('',(1.,0.,0.));
#15148 = PCURVE('',#14437,#15149);
#15149 = DEFINITIONAL_REPRESENTATION('',(#15150),#15154);
#15150 = CIRCLE('',#15151,1.75);
#15151 = AXIS2_PLACEMENT_2D('',#15152,#15153);
#15152 = CARTESIAN_POINT('',(0.,0.));
#15153 = DIRECTION('',(1.,0.));
#15154 = ( GEOMETRIC_REPRESENTATION_CONTEXT(2) 
PARAMETRIC_REPRESENTATION_CONTEXT() REPRESENTATION_CONTEXT('2D SPACE',''
  ) );
#15155 = PCURVE('',#15156,#15161);
#15156 = CONICAL_SURFACE('',#15157,2.269615242271,1.047197551197);
#15157 = AXIS2_PLACEMENT_3D('',#15158,#15159,#15160);
#15158 = CARTESIAN_POINT('',(7.8,-4.503332099679,4.8));
#15159 = DIRECTION('',(-0.,1.224646799147E-16,1.));
#15160 = DIRECTION('',(1.,0.,0.));
#15161 = DEFINITIONAL_REPRESENTATION('',(#15162),#15166);
#15162 = LINE('',#15163,#15164);
#15163 = CARTESIAN_POINT('',(-0.,-0.3));
#15164 = VECTOR('',#15165,1.);
#15165 = DIRECTION('',(-1.,-0.));
#15166 = ( GEOMETRIC_REPRESENTATION_CONTEXT(2) 
PARAMETRIC_REPRESENTATION_CONTEXT() REPRESENTATION_CONTEXT('2D SPACE',''
  ) );
#15167 = ADVANCED_FACE('',(#15168,#15171),#14496,.F.);
#15168 = FACE_BOUND('',#15169,.F.);
#15169 = EDGE_LOOP('',(#15170));
#15170 = ORIENTED_EDGE('',*,*,#14481,.F.);
#15171 = FACE_BOUND('',#15172,.F.);
#15172 = EDGE_LOOP('',(#15173));
#15173 = ORIENTED_EDGE('',*,*,#15174,.F.);
#15174 = EDGE_CURVE('',#15175,#15175,#15177,.T.);
#15175 = VERTEX_POINT('',#15176);
#15176 = CARTESIAN_POINT('',(1.75,-9.006664199358,4.5));
#15177 = SURFACE_CURVE('',#15178,(#15183,#15190),.PCURVE_S1.);
#15178 = CIRCLE('',#15179,1.75);
#15179 = AXIS2_PLACEMENT_3D('',#15180,#15181,#15182);
#15180 = CARTESIAN_POINT('',(0.,-9.006664199358,4.5));
#15181 = DIRECTION('',(0.,-1.224646799147E-16,-1.));
#15182 = DIRECTION('',(1.,0.,0.));
#15183 = PCURVE('',#14496,#15184);
#15184 = DEFINITIONAL_REPRESENTATION('',(#15185),#15189);
#15185 = CIRCLE('',#15186,1.75);
#15186 = AXIS2_PLACEMENT_2D('',#15187,#15188);
#15187 = CARTESIAN_POINT('',(0.,0.));
#15188 = DIRECTION('',(1.,0.));
#15189 = ( GEOMETRIC_REPRESENTATION_CONTEXT(2) 
PARAMETRIC_REPRESENTATION_CONTEXT() REPRESENTATION_CONTEXT('2D SPACE',''
  ) );
#15190 = PCURVE('',#15191,#15196);
#15191 = CONICAL_SURFACE('',#15192,2.269615242271,1.047197551197);
#15192 = AXIS2_PLACEMENT_3D('',#15193,#15194,#15195);
#15193 = CARTESIAN_POINT('',(0.,-9.006664199358,4.8));
#15194 = DIRECTION('',(-0.,1.224646799147E-16,1.));
#15195 = DIRECTION('',(1.,0.,0.));
#15196 = DEFINITIONAL_REPRESENTATION('',(#15197),#15201);
#15197 = LINE('',#15198,#15199);
#15198 = CARTESIAN_POINT('',(-0.,-0.3));
#15199 = VECTOR('',#15200,1.);
#15200 = DIRECTION('',(-1.,-0.));
#15201 = ( GEOMETRIC_REPRESENTATION_CONTEXT(2) 
PARAMETRIC_REPRESENTATION_CONTEXT() REPRESENTATION_CONTEXT('2D SPACE',''
  ) );
#15202 = ADVANCED_FACE('',(#15203,#15206),#14555,.F.);
#15203 = FACE_BOUND('',#15204,.F.);
#15204 = EDGE_LOOP('',(#15205));
#15205 = ORIENTED_EDGE('',*,*,#14540,.F.);
#15206 = FACE_BOUND('',#15207,.F.);
#15207 = EDGE_LOOP('',(#15208));
#15208 = ORIENTED_EDGE('',*,*,#15209,.F.);
#15209 = EDGE_CURVE('',#15210,#15210,#15212,.T.);
#15210 = VERTEX_POINT('',#15211);
#15211 = CARTESIAN_POINT('',(6.95,-9.006664199358,4.5));
#15212 = SURFACE_CURVE('',#15213,(#15218,#15225),.PCURVE_S1.);
#15213 = CIRCLE('',#15214,1.75);
#15214 = AXIS2_PLACEMENT_3D('',#15215,#15216,#15217);
#15215 = CARTESIAN_POINT('',(5.2,-9.006664199358,4.5));
#15216 = DIRECTION('',(0.,-1.224646799147E-16,-1.));
#15217 = DIRECTION('',(1.,0.,0.));
#15218 = PCURVE('',#14555,#15219);
#15219 = DEFINITIONAL_REPRESENTATION('',(#15220),#15224);
#15220 = CIRCLE('',#15221,1.75);
#15221 = AXIS2_PLACEMENT_2D('',#15222,#15223);
#15222 = CARTESIAN_POINT('',(0.,0.));
#15223 = DIRECTION('',(1.,0.));
#15224 = ( GEOMETRIC_REPRESENTATION_CONTEXT(2) 
PARAMETRIC_REPRESENTATION_CONTEXT() REPRESENTATION_CONTEXT('2D SPACE',''
  ) );
#15225 = PCURVE('',#15226,#15231);
#15226 = CONICAL_SURFACE('',#15227,2.269615242271,1.047197551197);
#15227 = AXIS2_PLACEMENT_3D('',#15228,#15229,#15230);
#15228 = CARTESIAN_POINT('',(5.2,-9.006664199358,4.8));
#15229 = DIRECTION('',(-0.,1.224646799147E-16,1.));
#15230 = DIRECTION('',(1.,0.,0.));
#15231 = DEFINITIONAL_REPRESENTATION('',(#15232),#15236);
#15232 = LINE('',#15233,#15234);
#15233 = CARTESIAN_POINT('',(-0.,-0.3));
#15234 = VECTOR('',#15235,1.);
#15235 = DIRECTION('',(-1.,-0.));
#15236 = ( GEOMETRIC_REPRESENTATION_CONTEXT(2) 
PARAMETRIC_REPRESENTATION_CONTEXT() REPRESENTATION_CONTEXT('2D SPACE',''
  ) );
#15237 = ADVANCED_FACE('',(#15238),#14596,.F.);
#15238 = FACE_BOUND('',#15239,.F.);
#15239 = EDGE_LOOP('',(#15240,#15263,#15264));
#15240 = ORIENTED_EDGE('',*,*,#15241,.T.);
#15241 = EDGE_CURVE('',#14580,#15242,#15244,.T.);
#15242 = VERTEX_POINT('',#15243);
#15243 = CARTESIAN_POINT('',(-5.2,9.006664199358,3.489637028918));
#15244 = SEAM_CURVE('',#15245,(#15249,#15256),.PCURVE_S1.);
#15245 = LINE('',#15246,#15247);
#15246 = CARTESIAN_POINT('',(-2.930384757729,9.006664199358,4.8));
#15247 = VECTOR('',#15248,1.);
#15248 = DIRECTION('',(-0.866025403784,-2.733473877023E-16,-0.5));
#15249 = PCURVE('',#14596,#15250);
#15250 = DEFINITIONAL_REPRESENTATION('',(#15251),#15255);
#15251 = LINE('',#15252,#15253);
#15252 = CARTESIAN_POINT('',(-6.28318530718,0.));
#15253 = VECTOR('',#15254,1.);
#15254 = DIRECTION('',(-0.,-1.));
#15255 = ( GEOMETRIC_REPRESENTATION_CONTEXT(2) 
PARAMETRIC_REPRESENTATION_CONTEXT() REPRESENTATION_CONTEXT('2D SPACE',''
  ) );
#15256 = PCURVE('',#14596,#15257);
#15257 = DEFINITIONAL_REPRESENTATION('',(#15258),#15262);
#15258 = LINE('',#15259,#15260);
#15259 = CARTESIAN_POINT('',(0.,-0.));
#15260 = VECTOR('',#15261,1.);
#15261 = DIRECTION('',(-0.,-1.));
#15262 = ( GEOMETRIC_REPRESENTATION_CONTEXT(2) 
PARAMETRIC_REPRESENTATION_CONTEXT() REPRESENTATION_CONTEXT('2D SPACE',''
  ) );
#15263 = ORIENTED_EDGE('',*,*,#15241,.F.);
#15264 = ORIENTED_EDGE('',*,*,#14579,.T.);
#15265 = ADVANCED_FACE('',(#15266),#14631,.F.);
#15266 = FACE_BOUND('',#15267,.F.);
#15267 = EDGE_LOOP('',(#15268,#15291,#15292));
#15268 = ORIENTED_EDGE('',*,*,#15269,.T.);
#15269 = EDGE_CURVE('',#14615,#15270,#15272,.T.);
#15270 = VERTEX_POINT('',#15271);
#15271 = CARTESIAN_POINT('',(-7.8,4.503332099679,3.489637028918));
#15272 = SEAM_CURVE('',#15273,(#15277,#15284),.PCURVE_S1.);
#15273 = LINE('',#15274,#15275);
#15274 = CARTESIAN_POINT('',(-5.530384757729,4.503332099679,4.8));
#15275 = VECTOR('',#15276,1.);
#15276 = DIRECTION('',(-0.866025403784,-2.733473877023E-16,-0.5));
#15277 = PCURVE('',#14631,#15278);
#15278 = DEFINITIONAL_REPRESENTATION('',(#15279),#15283);
#15279 = LINE('',#15280,#15281);
#15280 = CARTESIAN_POINT('',(-6.28318530718,0.));
#15281 = VECTOR('',#15282,1.);
#15282 = DIRECTION('',(-0.,-1.));
#15283 = ( GEOMETRIC_REPRESENTATION_CONTEXT(2) 
PARAMETRIC_REPRESENTATION_CONTEXT() REPRESENTATION_CONTEXT('2D SPACE',''
  ) );
#15284 = PCURVE('',#14631,#15285);
#15285 = DEFINITIONAL_REPRESENTATION('',(#15286),#15290);
#15286 = LINE('',#15287,#15288);
#15287 = CARTESIAN_POINT('',(0.,-0.));
#15288 = VECTOR('',#15289,1.);
#15289 = DIRECTION('',(-0.,-1.));
#15290 = ( GEOMETRIC_REPRESENTATION_CONTEXT(2) 
PARAMETRIC_REPRESENTATION_CONTEXT() REPRESENTATION_CONTEXT('2D SPACE',''
  ) );
#15291 = ORIENTED_EDGE('',*,*,#15269,.F.);
#15292 = ORIENTED_EDGE('',*,*,#14614,.T.);
#15293 = ADVANCED_FACE('',(#15294),#14666,.F.);
#15294 = FACE_BOUND('',#15295,.F.);
#15295 = EDGE_LOOP('',(#15296,#15319,#15320));
#15296 = ORIENTED_EDGE('',*,*,#15297,.T.);
#15297 = EDGE_CURVE('',#14650,#15298,#15300,.T.);
#15298 = VERTEX_POINT('',#15299);
#15299 = CARTESIAN_POINT('',(-2.6,4.503332099679,4.269637028918));
#15300 = SEAM_CURVE('',#15301,(#15305,#15312),.PCURVE_S1.);
#15301 = LINE('',#15302,#15303);
#15302 = CARTESIAN_POINT('',(-0.330384757729,4.503332099679,5.58));
#15303 = VECTOR('',#15304,1.);
#15304 = DIRECTION('',(-0.866025403784,-2.733473877023E-16,-0.5));
#15305 = PCURVE('',#14666,#15306);
#15306 = DEFINITIONAL_REPRESENTATION('',(#15307),#15311);
#15307 = LINE('',#15308,#15309);
#15308 = CARTESIAN_POINT('',(-6.28318530718,0.));
#15309 = VECTOR('',#15310,1.);
#15310 = DIRECTION('',(-0.,-1.));
#15311 = ( GEOMETRIC_REPRESENTATION_CONTEXT(2) 
PARAMETRIC_REPRESENTATION_CONTEXT() REPRESENTATION_CONTEXT('2D SPACE',''
  ) );
#15312 = PCURVE('',#14666,#15313);
#15313 = DEFINITIONAL_REPRESENTATION('',(#15314),#15318);
#15314 = LINE('',#15315,#15316);
#15315 = CARTESIAN_POINT('',(0.,-0.));
#15316 = VECTOR('',#15317,1.);
#15317 = DIRECTION('',(-0.,-1.));
#15318 = ( GEOMETRIC_REPRESENTATION_CONTEXT(2) 
PARAMETRIC_REPRESENTATION_CONTEXT() REPRESENTATION_CONTEXT('2D SPACE',''
  ) );
#15319 = ORIENTED_EDGE('',*,*,#15297,.F.);
#15320 = ORIENTED_EDGE('',*,*,#14649,.T.);
#15321 = ADVANCED_FACE('',(#15322),#14701,.F.);
#15322 = FACE_BOUND('',#15323,.F.);
#15323 = EDGE_LOOP('',(#15324,#15347,#15348));
#15324 = ORIENTED_EDGE('',*,*,#15325,.T.);
#15325 = EDGE_CURVE('',#14685,#15326,#15328,.T.);
#15326 = VERTEX_POINT('',#15327);
#15327 = CARTESIAN_POINT('',(0.,9.006664199358,3.489637028918));
#15328 = SEAM_CURVE('',#15329,(#15333,#15340),.PCURVE_S1.);
#15329 = LINE('',#15330,#15331);
#15330 = CARTESIAN_POINT('',(2.269615242271,9.006664199358,4.8));
#15331 = VECTOR('',#15332,1.);
#15332 = DIRECTION('',(-0.866025403784,-2.733473877023E-16,-0.5));
#15333 = PCURVE('',#14701,#15334);
#15334 = DEFINITIONAL_REPRESENTATION('',(#15335),#15339);
#15335 = LINE('',#15336,#15337);
#15336 = CARTESIAN_POINT('',(-6.28318530718,0.));
#15337 = VECTOR('',#15338,1.);
#15338 = DIRECTION('',(-0.,-1.));
#15339 = ( GEOMETRIC_REPRESENTATION_CONTEXT(2) 
PARAMETRIC_REPRESENTATION_CONTEXT() REPRESENTATION_CONTEXT('2D SPACE',''
  ) );
#15340 = PCURVE('',#14701,#15341);
#15341 = DEFINITIONAL_REPRESENTATION('',(#15342),#15346);
#15342 = LINE('',#15343,#15344);
#15343 = CARTESIAN_POINT('',(0.,-0.));
#15344 = VECTOR('',#15345,1.);
#15345 = DIRECTION('',(-0.,-1.));
#15346 = ( GEOMETRIC_REPRESENTATION_CONTEXT(2) 
PARAMETRIC_REPRESENTATION_CONTEXT() REPRESENTATION_CONTEXT('2D SPACE',''
  ) );
#15347 = ORIENTED_EDGE('',*,*,#15325,.F.);
#15348 = ORIENTED_EDGE('',*,*,#14684,.T.);
#15349 = ADVANCED_FACE('',(#15350),#14736,.F.);
#15350 = FACE_BOUND('',#15351,.F.);
#15351 = EDGE_LOOP('',(#15352,#15375,#15376));
#15352 = ORIENTED_EDGE('',*,*,#15353,.T.);
#15353 = EDGE_CURVE('',#14720,#15354,#15356,.T.);
#15354 = VERTEX_POINT('',#15355);
#15355 = CARTESIAN_POINT('',(5.2,9.006664199358,3.489637028918));
#15356 = SEAM_CURVE('',#15357,(#15361,#15368),.PCURVE_S1.);
#15357 = LINE('',#15358,#15359);
#15358 = CARTESIAN_POINT('',(7.469615242271,9.006664199358,4.8));
#15359 = VECTOR('',#15360,1.);
#15360 = DIRECTION('',(-0.866025403784,-2.733473877023E-16,-0.5));
#15361 = PCURVE('',#14736,#15362);
#15362 = DEFINITIONAL_REPRESENTATION('',(#15363),#15367);
#15363 = LINE('',#15364,#15365);
#15364 = CARTESIAN_POINT('',(-6.28318530718,0.));
#15365 = VECTOR('',#15366,1.);
#15366 = DIRECTION('',(-0.,-1.));
#15367 = ( GEOMETRIC_REPRESENTATION_CONTEXT(2) 
PARAMETRIC_REPRESENTATION_CONTEXT() REPRESENTATION_CONTEXT('2D SPACE',''
  ) );
#15368 = PCURVE('',#14736,#15369);
#15369 = DEFINITIONAL_REPRESENTATION('',(#15370),#15374);
#15370 = LINE('',#15371,#15372);
#15371 = CARTESIAN_POINT('',(0.,-0.));
#15372 = VECTOR('',#15373,1.);
#15373 = DIRECTION('',(-0.,-1.));
#15374 = ( GEOMETRIC_REPRESENTATION_CONTEXT(2) 
PARAMETRIC_REPRESENTATION_CONTEXT() REPRESENTATION_CONTEXT('2D SPACE',''
  ) );
#15375 = ORIENTED_EDGE('',*,*,#15353,.F.);
#15376 = ORIENTED_EDGE('',*,*,#14719,.T.);
#15377 = ADVANCED_FACE('',(#15378),#14771,.F.);
#15378 = FACE_BOUND('',#15379,.F.);
#15379 = EDGE_LOOP('',(#15380,#15403,#15404));
#15380 = ORIENTED_EDGE('',*,*,#15381,.T.);
#15381 = EDGE_CURVE('',#14755,#15382,#15384,.T.);
#15382 = VERTEX_POINT('',#15383);
#15383 = CARTESIAN_POINT('',(2.6,4.503332099679,4.269637028918));
#15384 = SEAM_CURVE('',#15385,(#15389,#15396),.PCURVE_S1.);
#15385 = LINE('',#15386,#15387);
#15386 = CARTESIAN_POINT('',(4.869615242271,4.503332099679,5.58));
#15387 = VECTOR('',#15388,1.);
#15388 = DIRECTION('',(-0.866025403784,-2.733473877023E-16,-0.5));
#15389 = PCURVE('',#14771,#15390);
#15390 = DEFINITIONAL_REPRESENTATION('',(#15391),#15395);
#15391 = LINE('',#15392,#15393);
#15392 = CARTESIAN_POINT('',(-6.28318530718,0.));
#15393 = VECTOR('',#15394,1.);
#15394 = DIRECTION('',(-0.,-1.));
#15395 = ( GEOMETRIC_REPRESENTATION_CONTEXT(2) 
PARAMETRIC_REPRESENTATION_CONTEXT() REPRESENTATION_CONTEXT('2D SPACE',''
  ) );
#15396 = PCURVE('',#14771,#15397);
#15397 = DEFINITIONAL_REPRESENTATION('',(#15398),#15402);
#15398 = LINE('',#15399,#15400);
#15399 = CARTESIAN_POINT('',(0.,-0.));
#15400 = VECTOR('',#15401,1.);
#15401 = DIRECTION('',(-0.,-1.));
#15402 = ( GEOMETRIC_REPRESENTATION_CONTEXT(2) 
PARAMETRIC_REPRESENTATION_CONTEXT() REPRESENTATION_CONTEXT('2D SPACE',''
  ) );
#15403 = ORIENTED_EDGE('',*,*,#15381,.F.);
#15404 = ORIENTED_EDGE('',*,*,#14754,.T.);
#15405 = ADVANCED_FACE('',(#15406),#14806,.F.);
#15406 = FACE_BOUND('',#15407,.F.);
#15407 = EDGE_LOOP('',(#15408,#15431,#15432));
#15408 = ORIENTED_EDGE('',*,*,#15409,.T.);
#15409 = EDGE_CURVE('',#14790,#15410,#15412,.T.);
#15410 = VERTEX_POINT('',#15411);
#15411 = CARTESIAN_POINT('',(7.8,4.503332099679,3.489637028918));
#15412 = SEAM_CURVE('',#15413,(#15417,#15424),.PCURVE_S1.);
#15413 = LINE('',#15414,#15415);
#15414 = CARTESIAN_POINT('',(10.069615242271,4.503332099679,4.8));
#15415 = VECTOR('',#15416,1.);
#15416 = DIRECTION('',(-0.866025403784,-2.733473877023E-16,-0.5));
#15417 = PCURVE('',#14806,#15418);
#15418 = DEFINITIONAL_REPRESENTATION('',(#15419),#15423);
#15419 = LINE('',#15420,#15421);
#15420 = CARTESIAN_POINT('',(-6.28318530718,0.));
#15421 = VECTOR('',#15422,1.);
#15422 = DIRECTION('',(-0.,-1.));
#15423 = ( GEOMETRIC_REPRESENTATION_CONTEXT(2) 
PARAMETRIC_REPRESENTATION_CONTEXT() REPRESENTATION_CONTEXT('2D SPACE',''
  ) );
#15424 = PCURVE('',#14806,#15425);
#15425 = DEFINITIONAL_REPRESENTATION('',(#15426),#15430);
#15426 = LINE('',#15427,#15428);
#15427 = CARTESIAN_POINT('',(0.,-0.));
#15428 = VECTOR('',#15429,1.);
#15429 = DIRECTION('',(-0.,-1.));
#15430 = ( GEOMETRIC_REPRESENTATION_CONTEXT(2) 
PARAMETRIC_REPRESENTATION_CONTEXT() REPRESENTATION_CONTEXT('2D SPACE',''
  ) );
#15431 = ORIENTED_EDGE('',*,*,#15409,.F.);
#15432 = ORIENTED_EDGE('',*,*,#14789,.T.);
#15433 = ADVANCED_FACE('',(#15434),#14841,.F.);
#15434 = FACE_BOUND('',#15435,.F.);
#15435 = EDGE_LOOP('',(#15436,#15459,#15460));
#15436 = ORIENTED_EDGE('',*,*,#15437,.T.);
#15437 = EDGE_CURVE('',#14825,#15438,#15440,.T.);
#15438 = VERTEX_POINT('',#15439);
#15439 = CARTESIAN_POINT('',(-10.4,-4.421419456296E-16,3.489637028918));
#15440 = SEAM_CURVE('',#15441,(#15445,#15452),.PCURVE_S1.);
#15441 = LINE('',#15442,#15443);
#15442 = CARTESIAN_POINT('',(-8.130384757729,2.742266445447E-16,4.8));
#15443 = VECTOR('',#15444,1.);
#15444 = DIRECTION('',(-0.866025403784,-2.733473877023E-16,-0.5));
#15445 = PCURVE('',#14841,#15446);
#15446 = DEFINITIONAL_REPRESENTATION('',(#15447),#15451);
#15447 = LINE('',#15448,#15449);
#15448 = CARTESIAN_POINT('',(-6.28318530718,0.));
#15449 = VECTOR('',#15450,1.);
#15450 = DIRECTION('',(-0.,-1.));
#15451 = ( GEOMETRIC_REPRESENTATION_CONTEXT(2) 
PARAMETRIC_REPRESENTATION_CONTEXT() REPRESENTATION_CONTEXT('2D SPACE',''
  ) );
#15452 = PCURVE('',#14841,#15453);
#15453 = DEFINITIONAL_REPRESENTATION('',(#15454),#15458);
#15454 = LINE('',#15455,#15456);
#15455 = CARTESIAN_POINT('',(0.,-0.));
#15456 = VECTOR('',#15457,1.);
#15457 = DIRECTION('',(-0.,-1.));
#15458 = ( GEOMETRIC_REPRESENTATION_CONTEXT(2) 
PARAMETRIC_REPRESENTATION_CONTEXT() REPRESENTATION_CONTEXT('2D SPACE',''
  ) );
#15459 = ORIENTED_EDGE('',*,*,#15437,.F.);
#15460 = ORIENTED_EDGE('',*,*,#14824,.T.);
#15461 = ADVANCED_FACE('',(#15462),#14876,.F.);
#15462 = FACE_BOUND('',#15463,.F.);
#15463 = EDGE_LOOP('',(#15464,#15487,#15488));
#15464 = ORIENTED_EDGE('',*,*,#15465,.T.);
#15465 = EDGE_CURVE('',#14860,#15466,#15468,.T.);
#15466 = VERTEX_POINT('',#15467);
#15467 = CARTESIAN_POINT('',(-7.8,-4.503332099679,3.489637028918));
#15468 = SEAM_CURVE('',#15469,(#15473,#15480),.PCURVE_S1.);
#15469 = LINE('',#15470,#15471);
#15470 = CARTESIAN_POINT('',(-5.530384757729,-4.503332099679,4.8));
#15471 = VECTOR('',#15472,1.);
#15472 = DIRECTION('',(-0.866025403784,-2.733473877023E-16,-0.5));
#15473 = PCURVE('',#14876,#15474);
#15474 = DEFINITIONAL_REPRESENTATION('',(#15475),#15479);
#15475 = LINE('',#15476,#15477);
#15476 = CARTESIAN_POINT('',(-6.28318530718,0.));
#15477 = VECTOR('',#15478,1.);
#15478 = DIRECTION('',(-0.,-1.));
#15479 = ( GEOMETRIC_REPRESENTATION_CONTEXT(2) 
PARAMETRIC_REPRESENTATION_CONTEXT() REPRESENTATION_CONTEXT('2D SPACE',''
  ) );
#15480 = PCURVE('',#14876,#15481);
#15481 = DEFINITIONAL_REPRESENTATION('',(#15482),#15486);
#15482 = LINE('',#15483,#15484);
#15483 = CARTESIAN_POINT('',(0.,-0.));
#15484 = VECTOR('',#15485,1.);
#15485 = DIRECTION('',(-0.,-1.));
#15486 = ( GEOMETRIC_REPRESENTATION_CONTEXT(2) 
PARAMETRIC_REPRESENTATION_CONTEXT() REPRESENTATION_CONTEXT('2D SPACE',''
  ) );
#15487 = ORIENTED_EDGE('',*,*,#15465,.F.);
#15488 = ORIENTED_EDGE('',*,*,#14859,.T.);
#15489 = ADVANCED_FACE('',(#15490),#14911,.F.);
#15490 = FACE_BOUND('',#15491,.F.);
#15491 = EDGE_LOOP('',(#15492,#15515,#15516));
#15492 = ORIENTED_EDGE('',*,*,#15493,.T.);
#15493 = EDGE_CURVE('',#14895,#15494,#15496,.T.);
#15494 = VERTEX_POINT('',#15495);
#15495 = CARTESIAN_POINT('',(-5.2,-3.466194952961E-16,4.269637028918));
#15496 = SEAM_CURVE('',#15497,(#15501,#15508),.PCURVE_S1.);
#15497 = LINE('',#15498,#15499);
#15498 = CARTESIAN_POINT('',(-2.930384757729,3.697490948782E-16,5.58));
#15499 = VECTOR('',#15500,1.);
#15500 = DIRECTION('',(-0.866025403784,-2.733473877023E-16,-0.5));
#15501 = PCURVE('',#14911,#15502);
#15502 = DEFINITIONAL_REPRESENTATION('',(#15503),#15507);
#15503 = LINE('',#15504,#15505);
#15504 = CARTESIAN_POINT('',(-6.28318530718,0.));
#15505 = VECTOR('',#15506,1.);
#15506 = DIRECTION('',(-0.,-1.));
#15507 = ( GEOMETRIC_REPRESENTATION_CONTEXT(2) 
PARAMETRIC_REPRESENTATION_CONTEXT() REPRESENTATION_CONTEXT('2D SPACE',''
  ) );
#15508 = PCURVE('',#14911,#15509);
#15509 = DEFINITIONAL_REPRESENTATION('',(#15510),#15514);
#15510 = LINE('',#15511,#15512);
#15511 = CARTESIAN_POINT('',(0.,-0.));
#15512 = VECTOR('',#15513,1.);
#15513 = DIRECTION('',(-0.,-1.));
#15514 = ( GEOMETRIC_REPRESENTATION_CONTEXT(2) 
PARAMETRIC_REPRESENTATION_CONTEXT() REPRESENTATION_CONTEXT('2D SPACE',''
  ) );
#15515 = ORIENTED_EDGE('',*,*,#15493,.F.);
#15516 = ORIENTED_EDGE('',*,*,#14894,.T.);
#15517 = ADVANCED_FACE('',(#15518),#14946,.F.);
#15518 = FACE_BOUND('',#15519,.F.);
#15519 = EDGE_LOOP('',(#15520,#15543,#15544));
#15520 = ORIENTED_EDGE('',*,*,#15521,.T.);
#15521 = EDGE_CURVE('',#14930,#15522,#15524,.T.);
#15522 = VERTEX_POINT('',#15523);
#15523 = CARTESIAN_POINT('',(-2.6,-4.503332099679,4.269637028918));
#15524 = SEAM_CURVE('',#15525,(#15529,#15536),.PCURVE_S1.);
#15525 = LINE('',#15526,#15527);
#15526 = CARTESIAN_POINT('',(-0.330384757729,-4.503332099679,5.58));
#15527 = VECTOR('',#15528,1.);
#15528 = DIRECTION('',(-0.866025403784,-2.733473877023E-16,-0.5));
#15529 = PCURVE('',#14946,#15530);
#15530 = DEFINITIONAL_REPRESENTATION('',(#15531),#15535);
#15531 = LINE('',#15532,#15533);
#15532 = CARTESIAN_POINT('',(-6.28318530718,0.));
#15533 = VECTOR('',#15534,1.);
#15534 = DIRECTION('',(-0.,-1.));
#15535 = ( GEOMETRIC_REPRESENTATION_CONTEXT(2) 
PARAMETRIC_REPRESENTATION_CONTEXT() REPRESENTATION_CONTEXT('2D SPACE',''
  ) );
#15536 = PCURVE('',#14946,#15537);
#15537 = DEFINITIONAL_REPRESENTATION('',(#15538),#15542);
#15538 = LINE('',#15539,#15540);
#15539 = CARTESIAN_POINT('',(0.,-0.));
#15540 = VECTOR('',#15541,1.);
#15541 = DIRECTION('',(-0.,-1.));
#15542 = ( GEOMETRIC_REPRESENTATION_CONTEXT(2) 
PARAMETRIC_REPRESENTATION_CONTEXT() REPRESENTATION_CONTEXT('2D SPACE',''
  ) );
#15543 = ORIENTED_EDGE('',*,*,#15521,.F.);
#15544 = ORIENTED_EDGE('',*,*,#14929,.T.);
#15545 = ADVANCED_FACE('',(#15546),#14981,.F.);
#15546 = FACE_BOUND('',#15547,.F.);
#15547 = EDGE_LOOP('',(#15548,#15571,#15572));
#15548 = ORIENTED_EDGE('',*,*,#15549,.T.);
#15549 = EDGE_CURVE('',#14965,#15550,#15552,.T.);
#15550 = VERTEX_POINT('',#15551);
#15551 = CARTESIAN_POINT('',(-5.2,-9.006664199358,3.489637028918));
#15552 = SEAM_CURVE('',#15553,(#15557,#15564),.PCURVE_S1.);
#15553 = LINE('',#15554,#15555);
#15554 = CARTESIAN_POINT('',(-2.930384757729,-9.006664199358,4.8));
#15555 = VECTOR('',#15556,1.);
#15556 = DIRECTION('',(-0.866025403784,-2.733473877023E-16,-0.5));
#15557 = PCURVE('',#14981,#15558);
#15558 = DEFINITIONAL_REPRESENTATION('',(#15559),#15563);
#15559 = LINE('',#15560,#15561);
#15560 = CARTESIAN_POINT('',(-6.28318530718,0.));
#15561 = VECTOR('',#15562,1.);
#15562 = DIRECTION('',(-0.,-1.));
#15563 = ( GEOMETRIC_REPRESENTATION_CONTEXT(2) 
PARAMETRIC_REPRESENTATION_CONTEXT() REPRESENTATION_CONTEXT('2D SPACE',''
  ) );
#15564 = PCURVE('',#14981,#15565);
#15565 = DEFINITIONAL_REPRESENTATION('',(#15566),#15570);
#15566 = LINE('',#15567,#15568);
#15567 = CARTESIAN_POINT('',(0.,-0.));
#15568 = VECTOR('',#15569,1.);
#15569 = DIRECTION('',(-0.,-1.));
#15570 = ( GEOMETRIC_REPRESENTATION_CONTEXT(2) 
PARAMETRIC_REPRESENTATION_CONTEXT() REPRESENTATION_CONTEXT('2D SPACE',''
  ) );
#15571 = ORIENTED_EDGE('',*,*,#15549,.F.);
#15572 = ORIENTED_EDGE('',*,*,#14964,.T.);
#15573 = ADVANCED_FACE('',(#15574),#15016,.F.);
#15574 = FACE_BOUND('',#15575,.F.);
#15575 = EDGE_LOOP('',(#15576,#15599,#15600));
#15576 = ORIENTED_EDGE('',*,*,#15577,.T.);
#15577 = EDGE_CURVE('',#15000,#15578,#15580,.T.);
#15578 = VERTEX_POINT('',#15579);
#15579 = CARTESIAN_POINT('',(0.,-2.976336233302E-16,4.669637028918));
#15580 = SEAM_CURVE('',#15581,(#15585,#15592),.PCURVE_S1.);
#15581 = LINE('',#15582,#15583);
#15582 = CARTESIAN_POINT('',(2.269615242271,4.187349668441E-16,5.98));
#15583 = VECTOR('',#15584,1.);
#15584 = DIRECTION('',(-0.866025403784,-2.733473877023E-16,-0.5));
#15585 = PCURVE('',#15016,#15586);
#15586 = DEFINITIONAL_REPRESENTATION('',(#15587),#15591);
#15587 = LINE('',#15588,#15589);
#15588 = CARTESIAN_POINT('',(-6.28318530718,0.));
#15589 = VECTOR('',#15590,1.);
#15590 = DIRECTION('',(-0.,-1.));
#15591 = ( GEOMETRIC_REPRESENTATION_CONTEXT(2) 
PARAMETRIC_REPRESENTATION_CONTEXT() REPRESENTATION_CONTEXT('2D SPACE',''
  ) );
#15592 = PCURVE('',#15016,#15593);
#15593 = DEFINITIONAL_REPRESENTATION('',(#15594),#15598);
#15594 = LINE('',#15595,#15596);
#15595 = CARTESIAN_POINT('',(0.,-0.));
#15596 = VECTOR('',#15597,1.);
#15597 = DIRECTION('',(-0.,-1.));
#15598 = ( GEOMETRIC_REPRESENTATION_CONTEXT(2) 
PARAMETRIC_REPRESENTATION_CONTEXT() REPRESENTATION_CONTEXT('2D SPACE',''
  ) );
#15599 = ORIENTED_EDGE('',*,*,#15577,.F.);
#15600 = ORIENTED_EDGE('',*,*,#14999,.T.);
#15601 = ADVANCED_FACE('',(#15602),#15051,.F.);
#15602 = FACE_BOUND('',#15603,.F.);
#15603 = EDGE_LOOP('',(#15604,#15627,#15628));
#15604 = ORIENTED_EDGE('',*,*,#15605,.T.);
#15605 = EDGE_CURVE('',#15035,#15606,#15608,.T.);
#15606 = VERTEX_POINT('',#15607);
#15607 = CARTESIAN_POINT('',(5.2,-3.466194952961E-16,4.269637028918));
#15608 = SEAM_CURVE('',#15609,(#15613,#15620),.PCURVE_S1.);
#15609 = LINE('',#15610,#15611);
#15610 = CARTESIAN_POINT('',(7.469615242271,3.697490948782E-16,5.58));
#15611 = VECTOR('',#15612,1.);
#15612 = DIRECTION('',(-0.866025403784,-2.733473877023E-16,-0.5));
#15613 = PCURVE('',#15051,#15614);
#15614 = DEFINITIONAL_REPRESENTATION('',(#15615),#15619);
#15615 = LINE('',#15616,#15617);
#15616 = CARTESIAN_POINT('',(-6.28318530718,0.));
#15617 = VECTOR('',#15618,1.);
#15618 = DIRECTION('',(-0.,-1.));
#15619 = ( GEOMETRIC_REPRESENTATION_CONTEXT(2) 
PARAMETRIC_REPRESENTATION_CONTEXT() REPRESENTATION_CONTEXT('2D SPACE',''
  ) );
#15620 = PCURVE('',#15051,#15621);
#15621 = DEFINITIONAL_REPRESENTATION('',(#15622),#15626);
#15622 = LINE('',#15623,#15624);
#15623 = CARTESIAN_POINT('',(0.,-0.));
#15624 = VECTOR('',#15625,1.);
#15625 = DIRECTION('',(-0.,-1.));
#15626 = ( GEOMETRIC_REPRESENTATION_CONTEXT(2) 
PARAMETRIC_REPRESENTATION_CONTEXT() REPRESENTATION_CONTEXT('2D SPACE',''
  ) );
#15627 = ORIENTED_EDGE('',*,*,#15605,.F.);
#15628 = ORIENTED_EDGE('',*,*,#15034,.T.);
#15629 = ADVANCED_FACE('',(#15630),#15086,.F.);
#15630 = FACE_BOUND('',#15631,.F.);
#15631 = EDGE_LOOP('',(#15632,#15655,#15656));
#15632 = ORIENTED_EDGE('',*,*,#15633,.T.);
#15633 = EDGE_CURVE('',#15070,#15634,#15636,.T.);
#15634 = VERTEX_POINT('',#15635);
#15635 = CARTESIAN_POINT('',(2.6,-4.503332099679,4.269637028918));
#15636 = SEAM_CURVE('',#15637,(#15641,#15648),.PCURVE_S1.);
#15637 = LINE('',#15638,#15639);
#15638 = CARTESIAN_POINT('',(4.869615242271,-4.503332099679,5.58));
#15639 = VECTOR('',#15640,1.);
#15640 = DIRECTION('',(-0.866025403784,-2.733473877023E-16,-0.5));
#15641 = PCURVE('',#15086,#15642);
#15642 = DEFINITIONAL_REPRESENTATION('',(#15643),#15647);
#15643 = LINE('',#15644,#15645);
#15644 = CARTESIAN_POINT('',(-6.28318530718,0.));
#15645 = VECTOR('',#15646,1.);
#15646 = DIRECTION('',(-0.,-1.));
#15647 = ( GEOMETRIC_REPRESENTATION_CONTEXT(2) 
PARAMETRIC_REPRESENTATION_CONTEXT() REPRESENTATION_CONTEXT('2D SPACE',''
  ) );
#15648 = PCURVE('',#15086,#15649);
#15649 = DEFINITIONAL_REPRESENTATION('',(#15650),#15654);
#15650 = LINE('',#15651,#15652);
#15651 = CARTESIAN_POINT('',(0.,-0.));
#15652 = VECTOR('',#15653,1.);
#15653 = DIRECTION('',(-0.,-1.));
#15654 = ( GEOMETRIC_REPRESENTATION_CONTEXT(2) 
PARAMETRIC_REPRESENTATION_CONTEXT() REPRESENTATION_CONTEXT('2D SPACE',''
  ) );
#15655 = ORIENTED_EDGE('',*,*,#15633,.F.);
#15656 = ORIENTED_EDGE('',*,*,#15069,.T.);
#15657 = ADVANCED_FACE('',(#15658),#15121,.F.);
#15658 = FACE_BOUND('',#15659,.F.);
#15659 = EDGE_LOOP('',(#15660,#15683,#15684));
#15660 = ORIENTED_EDGE('',*,*,#15661,.T.);
#15661 = EDGE_CURVE('',#15105,#15662,#15664,.T.);
#15662 = VERTEX_POINT('',#15663);
#15663 = CARTESIAN_POINT('',(10.4,-4.421419456296E-16,3.489637028918));
#15664 = SEAM_CURVE('',#15665,(#15669,#15676),.PCURVE_S1.);
#15665 = LINE('',#15666,#15667);
#15666 = CARTESIAN_POINT('',(12.669615242271,2.742266445447E-16,4.8));
#15667 = VECTOR('',#15668,1.);
#15668 = DIRECTION('',(-0.866025403784,-2.733473877023E-16,-0.5));
#15669 = PCURVE('',#15121,#15670);
#15670 = DEFINITIONAL_REPRESENTATION('',(#15671),#15675);
#15671 = LINE('',#15672,#15673);
#15672 = CARTESIAN_POINT('',(-6.28318530718,0.));
#15673 = VECTOR('',#15674,1.);
#15674 = DIRECTION('',(-0.,-1.));
#15675 = ( GEOMETRIC_REPRESENTATION_CONTEXT(2) 
PARAMETRIC_REPRESENTATION_CONTEXT() REPRESENTATION_CONTEXT('2D SPACE',''
  ) );
#15676 = PCURVE('',#15121,#15677);
#15677 = DEFINITIONAL_REPRESENTATION('',(#15678),#15682);
#15678 = LINE('',#15679,#15680);
#15679 = CARTESIAN_POINT('',(0.,-0.));
#15680 = VECTOR('',#15681,1.);
#15681 = DIRECTION('',(-0.,-1.));
#15682 = ( GEOMETRIC_REPRESENTATION_CONTEXT(2) 
PARAMETRIC_REPRESENTATION_CONTEXT() REPRESENTATION_CONTEXT('2D SPACE',''
  ) );
#15683 = ORIENTED_EDGE('',*,*,#15661,.F.);
#15684 = ORIENTED_EDGE('',*,*,#15104,.T.);
#15685 = ADVANCED_FACE('',(#15686),#15156,.F.);
#15686 = FACE_BOUND('',#15687,.F.);
#15687 = EDGE_LOOP('',(#15688,#15711,#15712));
#15688 = ORIENTED_EDGE('',*,*,#15689,.T.);
#15689 = EDGE_CURVE('',#15140,#15690,#15692,.T.);
#15690 = VERTEX_POINT('',#15691);
#15691 = CARTESIAN_POINT('',(7.8,-4.503332099679,3.489637028918));
#15692 = SEAM_CURVE('',#15693,(#15697,#15704),.PCURVE_S1.);
#15693 = LINE('',#15694,#15695);
#15694 = CARTESIAN_POINT('',(10.069615242271,-4.503332099679,4.8));
#15695 = VECTOR('',#15696,1.);
#15696 = DIRECTION('',(-0.866025403784,-2.733473877023E-16,-0.5));
#15697 = PCURVE('',#15156,#15698);
#15698 = DEFINITIONAL_REPRESENTATION('',(#15699),#15703);
#15699 = LINE('',#15700,#15701);
#15700 = CARTESIAN_POINT('',(-6.28318530718,0.));
#15701 = VECTOR('',#15702,1.);
#15702 = DIRECTION('',(-0.,-1.));
#15703 = ( GEOMETRIC_REPRESENTATION_CONTEXT(2) 
PARAMETRIC_REPRESENTATION_CONTEXT() REPRESENTATION_CONTEXT('2D SPACE',''
  ) );
#15704 = PCURVE('',#15156,#15705);
#15705 = DEFINITIONAL_REPRESENTATION('',(#15706),#15710);
#15706 = LINE('',#15707,#15708);
#15707 = CARTESIAN_POINT('',(0.,-0.));
#15708 = VECTOR('',#15709,1.);
#15709 = DIRECTION('',(-0.,-1.));
#15710 = ( GEOMETRIC_REPRESENTATION_CONTEXT(2) 
PARAMETRIC_REPRESENTATION_CONTEXT() REPRESENTATION_CONTEXT('2D SPACE',''
  ) );
#15711 = ORIENTED_EDGE('',*,*,#15689,.F.);
#15712 = ORIENTED_EDGE('',*,*,#15139,.T.);
#15713 = ADVANCED_FACE('',(#15714),#15191,.F.);
#15714 = FACE_BOUND('',#15715,.F.);
#15715 = EDGE_LOOP('',(#15716,#15739,#15740));
#15716 = ORIENTED_EDGE('',*,*,#15717,.T.);
#15717 = EDGE_CURVE('',#15175,#15718,#15720,.T.);
#15718 = VERTEX_POINT('',#15719);
#15719 = CARTESIAN_POINT('',(0.,-9.006664199358,3.489637028918));
#15720 = SEAM_CURVE('',#15721,(#15725,#15732),.PCURVE_S1.);
#15721 = LINE('',#15722,#15723);
#15722 = CARTESIAN_POINT('',(2.269615242271,-9.006664199358,4.8));
#15723 = VECTOR('',#15724,1.);
#15724 = DIRECTION('',(-0.866025403784,-2.733473877023E-16,-0.5));
#15725 = PCURVE('',#15191,#15726);
#15726 = DEFINITIONAL_REPRESENTATION('',(#15727),#15731);
#15727 = LINE('',#15728,#15729);
#15728 = CARTESIAN_POINT('',(-6.28318530718,0.));
#15729 = VECTOR('',#15730,1.);
#15730 = DIRECTION('',(-0.,-1.));
#15731 = ( GEOMETRIC_REPRESENTATION_CONTEXT(2) 
PARAMETRIC_REPRESENTATION_CONTEXT() REPRESENTATION_CONTEXT('2D SPACE',''
  ) );
#15732 = PCURVE('',#15191,#15733);
#15733 = DEFINITIONAL_REPRESENTATION('',(#15734),#15738);
#15734 = LINE('',#15735,#15736);
#15735 = CARTESIAN_POINT('',(0.,-0.));
#15736 = VECTOR('',#15737,1.);
#15737 = DIRECTION('',(-0.,-1.));
#15738 = ( GEOMETRIC_REPRESENTATION_CONTEXT(2) 
PARAMETRIC_REPRESENTATION_CONTEXT() REPRESENTATION_CONTEXT('2D SPACE',''
  ) );
#15739 = ORIENTED_EDGE('',*,*,#15717,.F.);
#15740 = ORIENTED_EDGE('',*,*,#15174,.T.);
#15741 = ADVANCED_FACE('',(#15742),#15226,.F.);
#15742 = FACE_BOUND('',#15743,.F.);
#15743 = EDGE_LOOP('',(#15744,#15767,#15768));
#15744 = ORIENTED_EDGE('',*,*,#15745,.T.);
#15745 = EDGE_CURVE('',#15210,#15746,#15748,.T.);
#15746 = VERTEX_POINT('',#15747);
#15747 = CARTESIAN_POINT('',(5.2,-9.006664199358,3.489637028918));
#15748 = SEAM_CURVE('',#15749,(#15753,#15760),.PCURVE_S1.);
#15749 = LINE('',#15750,#15751);
#15750 = CARTESIAN_POINT('',(7.469615242271,-9.006664199358,4.8));
#15751 = VECTOR('',#15752,1.);
#15752 = DIRECTION('',(-0.866025403784,-2.733473877023E-16,-0.5));
#15753 = PCURVE('',#15226,#15754);
#15754 = DEFINITIONAL_REPRESENTATION('',(#15755),#15759);
#15755 = LINE('',#15756,#15757);
#15756 = CARTESIAN_POINT('',(-6.28318530718,0.));
#15757 = VECTOR('',#15758,1.);
#15758 = DIRECTION('',(-0.,-1.));
#15759 = ( GEOMETRIC_REPRESENTATION_CONTEXT(2) 
PARAMETRIC_REPRESENTATION_CONTEXT() REPRESENTATION_CONTEXT('2D SPACE',''
  ) );
#15760 = PCURVE('',#15226,#15761);
#15761 = DEFINITIONAL_REPRESENTATION('',(#15762),#15766);
#15762 = LINE('',#15763,#15764);
#15763 = CARTESIAN_POINT('',(0.,-0.));
#15764 = VECTOR('',#15765,1.);
#15765 = DIRECTION('',(-0.,-1.));
#15766 = ( GEOMETRIC_REPRESENTATION_CONTEXT(2) 
PARAMETRIC_REPRESENTATION_CONTEXT() REPRESENTATION_CONTEXT('2D SPACE',''
  ) );
#15767 = ORIENTED_EDGE('',*,*,#15745,.F.);
#15768 = ORIENTED_EDGE('',*,*,#15209,.T.);
#15769 = ( GEOMETRIC_REPRESENTATION_CONTEXT(3) 
GLOBAL_UNCERTAINTY_ASSIGNED_CONTEXT((#15773)) 
GLOBAL_UNIT_ASSIGNED_CONTEXT((#15770,#15771,#15772)) 
REPRESENTATION_CONTEXT('Context #1',
  '3D Context with UNIT and UNCERTAINTY') );
#15770 = ( LENGTH_UNIT() NAMED_UNIT(*) SI_UNIT(.MILLI.,.METRE.) );
#15771 = ( NAMED_UNIT(*) PLANE_ANGLE_UNIT() SI_UNIT($,.RADIAN.) );
#15772 = ( NAMED_UNIT(*) SI_UNIT($,.STERADIAN.) SOLID_ANGLE_UNIT() );
#15773 = UNCERTAINTY_MEASURE_WITH_UNIT(LENGTH_MEASURE(1.E-07),#15770,
  'distance_accuracy_value','confusion accuracy');
#15774 = PRODUCT_RELATED_PRODUCT_CATEGORY('part',$,(#7));
ENDSEC;
END-ISO-10303-21;
